predictor,family,cellset,z,tau,k_countries,z_undisattenuated,n_cells,n_positive,p_analytic,z_gambia,z_ghana,z_sierraleone,z_malawi,p_perm,p_perm_fwer,q_analytic,q_perm,n_permutations
access_healthcare_min,marginal,shared,1.2598,0.2571,4,1.0783,16,10,0.2077236550885891,0.3367,0.0737,0.5492,-0.1732,0.35528942115768464,1,0.5211638132133352,0.9889169030360333,500
aef_A00,marginal,shared,-0.8327,0.3635,4,-0.9397,16,6,0.40501459853269456,-0.0741,-0.6737,0.4463,-0.2459,0.6946107784431138,1,0.7203107733397922,0.9889169030360333,500
aef_A01,marginal,shared,0.0281,0.8308,4,0.4753,16,7,0.9775924844329921,1.3595,-0.5485,-1.028,0.2469,0.9461077844311377,1,0.9989494079926504,0.9924834346177532,500
aef_A02,marginal,shared,3.13,0.2717,4,2.1576,16,12,0.0017483111716396315,0.4494,0.6624,0.5503,0.1601,0.10578842315369262,1,0.028898555248866854,0.9889169030360333,500
aef_A03,marginal,shared,3.2685,0.3835,4,2.7462,16,15,0.0010811903195807671,0.8868,0.5624,1.0721,0.1219,0.19760479041916168,1,0.019686161469859298,0.9889169030360333,500
aef_A04,marginal,shared,0.1987,0.5214,4,0.047,16,8,0.842530810038198,0.3246,-0.6898,0.765,-0.1366,0.8003992015968064,1,0.9724168427722957,0.9889169030360333,500
aef_A05,marginal,shared,-0.0774,0.4922,4,1.2747,16,11,0.9383151250461046,0.2587,0.5018,-1.2961,0.3708,0.9500998003992016,1,0.9987369323407401,0.9924834346177532,500
aef_A06,marginal,shared,-2.6444,0.4182,4,-2.1963,16,4,0.008184750249877344,-1.0157,-0.4202,-0.834,-0.0412,0.6347305389221557,1,0.07163707257336692,0.9889169030360333,500
aef_A07,marginal,shared,0.9567,0.4032,4,0.4495,16,10,0.33870801680039664,0.2282,-0.3628,0.9819,0.0289,0.5069860279441117,1,0.6860304028869174,0.9889169030360333,500
aef_A08,marginal,shared,-2.0448,0.3692,4,-3.321,16,5,0.040872852489839163,-0.202,-0.9101,0.1703,-0.5422,0.7904191616766467,1,0.18755524437504845,0.9889169030360333,500
aef_A09,marginal,shared,-2.6797,0.4535,4,-2.1251,16,2,0.007368503624453132,-0.6382,-0.3981,-1.5134,-0.0125,0.013972055888223553,1,0.07139825925763207,0.5608782435129741,500
aef_A10,marginal,shared,-1.8377,0.3446,4,-1.2551,16,6,0.06610169363534386,-0.5672,0.1133,-0.8747,-0.0721,0.281437125748503,1,0.23813558860937983,0.9889169030360333,500
aef_A11,marginal,shared,-2.4313,0.452,4,-2.1131,16,1,0.015045523485609176,-0.2531,-0.5223,-1.5263,-0.0206,0.059880239520958084,1,0.08807900207200373,0.9889169030360333,500
aef_A12,marginal,shared,-0.6239,0.7161,4,0.1598,16,5,0.5327248500771484,1.0838,-0.4244,-1.4667,-0.1248,0.12375249500998003,1,0.8176540114045312,0.9889169030360333,500
aef_A13,marginal,shared,-0.5166,0.3556,4,-0.3695,16,8,0.6054633649526222,-0.5608,0.3207,-0.287,0.1013,0.6966067864271457,1,0.8592687149075092,0.9889169030360333,500
aef_A14,marginal,shared,0.4969,0.4873,4,0.8462,16,11,0.6192482590776172,0.3703,0.4828,0.0059,-0.3671,0.3532934131736527,1,0.8700438040040521,0.9889169030360333,500
aef_A15,marginal,shared,0.8836,0.4751,4,1.3795,16,11,0.37688926498502284,0.6432,0.6956,-0.5348,0.0058,0.8143712574850299,1,0.7024712948763667,0.9889169030360333,500
aef_A16,marginal,shared,0.3596,0.1924,4,0.081,16,10,0.7191116323610793,-0.3184,0.1561,0.1201,0.1756,0.7644710578842315,1,0.9355109661734411,0.9889169030360333,500
aef_A17,marginal,shared,3.9749,0.1084,4,3.009,16,14,7.040111045591474e-5,0.2374,0.4044,0.2925,0.1663,0.2215568862275449,0.9141716566866267,0.002826101719730292,0.9889169030360333,500
aef_A18,marginal,shared,0.0467,0.401,4,0.2591,16,8,0.9627174681191027,-0.0189,0.5757,-0.6284,0.0422,0.9820359281437125,1,0.9989494079926504,0.998003992015968,500
aef_A19,marginal,shared,-0.183,0.3722,4,0.6822,16,9,0.8548292360751626,0.5972,0.0813,-0.903,0.0049,0.8962075848303394,1,0.972498037802108,0.9889169030360333,500
aef_A20,marginal,shared,2.606,0.177,4,2.9625,16,13,0.00916136161319368,0.3182,0.4684,0.029,0.1495,0.20758483033932135,1,0.07163707257336692,0.9889169030360333,500
aef_A21,marginal,shared,-1.5536,0.5527,4,-1.4328,16,7,0.12028300025444123,-1.2382,-0.0682,-0.5621,0.1018,0.43912175648702595,1,0.3599291263467042,0.9889169030360333,500
aef_A22,marginal,shared,0.5574,0.2288,4,0.6032,16,6,0.5772255977369619,-0.1729,0.3767,-0.0898,0.0978,0.8403193612774451,1,0.8350613383933605,0.9889169030360333,500
aef_A23,marginal,shared,-0.5247,0.469,4,0.5412,16,9,0.5997734038412963,0.4092,0.3286,-1.2414,-0.0741,0.5548902195608783,1,0.855514347611189,0.9889169030360333,500
aef_A24,marginal,shared,2.4704,0.2971,4,1.8581,16,12,0.013495005168682522,0.2888,0.5379,0.7329,0.0377,0.32934131736526945,1,0.0824368793999954,0.9889169030360333,500
aef_A25,marginal,shared,-2.7573,0.2759,4,-2.3032,16,4,0.00582840215662142,-0.3461,-0.3794,-0.945,-0.0419,0.5868263473053892,1,0.060658555778171065,0.9889169030360333,500
aef_A26,marginal,shared,1.1401,0.4504,4,0.8387,16,11,0.25423318323523736,0.5613,-0.3653,0.8569,0.0568,0.16766467065868262,1,0.5680275393948176,0.9889169030360333,500
aef_A27,marginal,shared,0.5746,0.2242,4,-0.5276,16,9,0.5655774863584544,0.1586,-0.182,0.5716,-0.1264,0.6407185628742516,1,0.8318330617014479,0.9889169030360333,500
aef_A28,marginal,shared,-0.5905,0.4029,4,0.2649,16,8,0.5548318366940719,-0.0777,0.4294,-0.9518,0.0256,0.6047904191616766,1,0.8292965218672033,0.9889169030360333,500
aef_A29,marginal,shared,0.8772,0.3277,4,-0.3036,16,8,0.3803776680571619,-0.3466,-0.0399,0.9585,0.1219,0.3772455089820359,1,0.7024712948763667,0.9889169030360333,500
aef_A30,marginal,shared,-2.3758,0.5216,4,-1.7068,16,5,0.017510222349014018,-1.029,-0.1835,-1.3631,-0.0025,0.42714570858283435,1,0.09647789176613605,0.9889169030360333,500
aef_A31,marginal,shared,0.1069,0.2267,4,-0.5833,16,5,0.9148918338405656,-0.3611,0.1901,0.3081,-0.0432,0.9281437125748503,1,0.9891381945454312,0.9889169030360333,500
aef_A32,marginal,shared,-0.1544,0.4,4,-0.9255,16,5,0.8773136734412365,-0.5703,-0.3453,0.9461,-0.0727,0.8942115768463074,1,0.9821718814222606,0.9889169030360333,500
aef_A33,marginal,shared,-2.6666,0.3158,4,-2.39,16,3,0.007661876115894802,-0.041,-0.6235,-0.9454,-0.2084,0.16167664670658682,1,0.07163707257336692,0.9889169030360333,500
aef_A34,marginal,shared,-1.9722,0.5495,4,-1.4674,16,5,0.04859110504351688,-0.859,-0.4891,-1.0934,0.2015,0.718562874251497,1,0.19231127489053865,0.9889169030360333,500
aef_A35,marginal,shared,-0.6821,0.2815,4,0.6437,16,9,0.49520441023393186,0.149,0.1368,-0.8997,0.0734,0.6227544910179641,1,0.7906388595212208,0.9889169030360333,500
aef_A36,marginal,shared,-3.0568,0.4195,4,-2.5475,16,1,0.002236895738246432,-0.78,-0.4124,-1.4208,-0.0974,0.35528942115768464,1,0.03308251065511828,0.9889169030360333,500
aef_A37,marginal,shared,1.0612,0.3946,4,1.7932,16,12,0.28861617889197283,0.5485,0.6526,-0.5351,0.1269,0.812375249500998,1,0.6238549712972643,0.9889169030360333,500
aef_A38,marginal,shared,-0.1062,0.5642,4,0.2369,16,9,0.9154095413751476,-0.1965,0.7398,-0.5521,-0.145,0.936127744510978,1,0.9891381945454312,0.9889169030360333,500
aef_A39,marginal,shared,-0.3642,0.5299,4,-0.4182,16,6,0.7157067100438558,-0.2739,0.0914,-0.9031,0.6373,0.5828343313373253,1,0.9355109661734411,0.9889169030360333,500
aef_A40,marginal,shared,-0.9554,0.6684,4,-0.1284,16,7,0.339353117442283,0.616,-0.594,-1.4952,0.1457,0.0658682634730539,1,0.6860304028869174,0.9889169030360333,500
aef_A41,marginal,shared,-1.88,0.1382,4,-1.2349,16,3,0.06010305476824745,-0.2319,-0.0908,-0.4802,0.0165,0.5568862275449101,1,0.22822916743077748,0.9889169030360333,500
aef_A42,marginal,shared,-2.1879,0.4112,4,-1.984,16,2,0.028679455719220304,-0.3622,-0.6054,-0.9799,0.0494,0.3013972055888224,1,0.14390941173394475,0.9889169030360333,500
aef_A43,marginal,shared,-0.7417,0.6994,4,-0.9684,16,5,0.458292410680743,-0.7728,-1.0262,0.7391,0.0437,0.6986027944111777,1,0.7665486154838619,0.9889169030360333,500
aef_A44,marginal,shared,0.5354,0.4805,4,-0.6427,16,8,0.5923575406245868,-0.6416,-0.0456,1.3145,-0.0309,0.3193612774451098,1,0.8492472903852494,0.9889169030360333,500
aef_A45,marginal,shared,1.8608,0.4418,4,1.4676,16,10,0.06276990088908113,0.79990000000000006,0.6869,0.2121,-0.0226,0.5588822355289421,1,0.23320378929573166,0.9889169030360333,500
aef_A46,marginal,shared,0.3307,0.3108,4,0.9373,16,12,0.7408667053145328,0.5084,0.2506,-0.7195,0.0755,0.7744510978043913,1,0.9462888372426533,0.9889169030360333,500
aef_A47,marginal,shared,1.7554,0.3601,4,1.1213,16,12,0.07919690361023037,0.0139,0.3606,1.0843,-0.0663,0.09780439121756487,1,0.26493249898184207,0.9889169030360333,500
aef_A48,marginal,shared,-0.9175,0.4094,4,0.4718,16,10,0.35886137860133616,0.1013,0.1635,-1.2993,0.1595,0.49700598802395207,1,0.7024712948763667,0.9889169030360333,500
aef_A49,marginal,shared,-2.831,0.421,4,-2.2949,16,2,0.0046408122114413395,-0.839,-0.5267,-1.1038,-0.0318,0.09181636726546906,1,0.05433617630895902,0.9889169030360333,500
aef_A50,marginal,shared,3.0304,0.3631,4,2.9272,16,15,0.0024424797153304676,0.3612,0.7164,1.1049,0.1533,0.2754491017964072,1,0.03431684000039307,0.9889169030360333,500
aef_A51,marginal,shared,2.6038,0.3611,4,2.3701,16,14,0.009218617129321753,0.217,0.7979,0.7721,0.1844,0.2774451097804391,1,0.07163707257336692,0.9889169030360333,500
aef_A52,marginal,shared,1.6239,0.499,4,1.4795,16,10,0.10439551523075179,0.8244,0.0787,1.0232,-0.2216,0.4311377245508982,1,0.3333538611345597,0.9889169030360333,500
aef_A53,marginal,shared,-2.896,0.2075,4,-3.1651,16,5,0.00378004216581911,-9e-4,-0.3439,-0.8546,-0.2349,0.19560878243512975,1,0.04828144766341682,0.9889169030360333,500
aef_A54,marginal,shared,-2.3583,0.3917,4,-1.999,16,3,0.01835869353678055,-0.6331,-0.5936,-0.7407,0.0291,0.8802395209580839,1,0.09733571478934593,0.9889169030360333,500
aef_A55,marginal,shared,2.4801,0.3078,4,2.1301,16,13,0.01313499608404216,0.6269,0.2616,0.8,-0.0101,0.4151696606786427,1,0.08213423539495276,0.9889169030360333,500
aef_A56,marginal,shared,-0.7681,0.3997,4,-0.7694,16,8,0.44240987615934113,-0.5176,0.3785,-0.5886,0.0377,0.6047904191616766,1,0.7533806623528857,0.9889169030360333,500
aef_A57,marginal,shared,1.165,0.4673,4,2.1051,16,14,0.24400976190586396,0.6214,0.8139,-0.5249,0.1463,0.7265469061876247,1,0.567070246501533,0.9889169030360333,500
aef_A58,marginal,shared,-0.8999,0.438,4,-0.1412,16,7,0.3681498762877198,0.4076,-0.545,-0.7084,0.0101,0.40119760479041916,1,0.7024712948763667,0.9889169030360333,500
aef_A59,marginal,shared,-1.7072,0.4532,4,-1.3295,16,5,0.08777894671069889,-0.3549,-0.6087,-0.8083,0.1546,0.6626746506986028,1,0.29018687089066336,0.9889169030360333,500
aef_A60,marginal,shared,-0.5637,0.7344,4,-0.6245,16,10,0.5729550226383129,-1.3137,0.4999,-0.286,0.2499,0.24550898203592814,1,0.8341987635303935,0.9889169030360333,500
aef_A61,marginal,shared,0.6359,0.3587,4,1.5092,16,13,0.5248482403444608,0.467,0.4958,-0.6557,0.0815,0.4930139720558882,1,0.8148196438496876,0.9889169030360333,500
aef_A62,marginal,shared,0.5768,0.6247,4,0.743,16,8,0.5640977429509242,0.8877,-0.6167,0.4486,0.0325,0.6047904191616766,1,0.8318330617014479,0.9889169030360333,500
aef_A63,marginal,shared,0.1639,0.4107,4,1.7049,16,12,0.8698126613878487,0.2503,0.535,-0.9686,0.2271,0.936127744510978,1,0.9821718814222606,0.9889169030360333,500
aod_t0,marginal,shared,-1.5829,0.5614,4,-1.5185,16,3,0.11343555320775046,-1.1157,-0.2189,-0.7206,0.2233,0.5209580838323353,1,0.3464716353410639,0.9889169030360333,500
built_surface,marginal,shared,-0.114,0.4257,4,-0.8165,16,7,0.9092196889032276,-0.7717,-0.0357,0.4927,0.2406,0.8922155688622755,1,0.9891381945454312,0.9889169030360333,500
built_surface_nres,marginal,shared,-0.1236,0.2897,4,-0.6731,16,7,0.9016636781585289,-0.423,-0.0746,0.156,0.2711,0.9201596806387226,1,0.9891381945454312,0.9889169030360333,500
dhs_AN_ANEM_W_ANY,marginal,shared,0.1577,0.5823,3,0.9435,12,8,0.8746551192165952,0.7825,NA,-0.753,0.1014,0.8842315369261478,1,0.9821718814222606,0.9889169030360333,500
dhs_AN_NUTS_W_THN,marginal,shared,0.2709,0.2356,3,0.6355,12,7,0.7864578772974931,0.3105,NA,-0.0849,-0.1102,0.8862275449101796,1,0.969274840002612,0.9889169030360333,500
dhs_c_ari_2wk,marginal,shared,-0.2774,0.1398,3,-2.0019,12,4,0.7814583328333302,-0.1629,NA,0.282,-0.0862,0.9201596806387226,1,0.9673559098068978,0.9889169030360333,500
dhs_c_bcg,marginal,shared,-0.4154,0,3,-0.3503,12,6,0.6778584697754795,-0.0815,NA,0.0985,-0.014,0.872255489021956,1,0.9246516019752901,0.9889169030360333,500
dhs_c_bottle_fed,marginal,shared,-1.1391,0.1116,3,-1.5335,12,3,0.2546812366421825,-0.2262,NA,-0.1298,0.0103,0.2994011976047904,1,0.5680275393948176,0.9889169030360333,500
dhs_c_diarrhea_2wk,marginal,shared,0.9692,0.2122,3,1.0684,12,9,0.3324293458700209,0.304,NA,0.1951,-0.0651,0.6806387225548902,1,0.6818441327698969,0.9889169030360333,500
dhs_c_diet_diversity_score,marginal,shared,0.0096,0.2697,3,-1.303,12,3,0.9923766648423074,-0.3203,NA,0.4478,-0.0551,0.9920159680638723,1,0.9989494079926504,0.998003992015968,500
dhs_c_dpt1,marginal,shared,-0.5973,0.0627,3,0.1223,12,6,0.5502967619937166,0.0248,NA,-0.2662,-0.0103,0.7784431137724551,1,0.8269165247071356,0.9889169030360333,500
dhs_c_dpt3,marginal,shared,-2.4796,0,3,-0.9276,12,5,0.013153169369298485,-0.1276,NA,-0.0895,-0.1103,0.01996007984031936,1,0.08213423539495276,0.7010978043912176,500
dhs_c_early_initiation,marginal,shared,0.3601,0.0758,3,0.6102,12,8,0.7187470434362174,0.1639,NA,-0.0719,-0.027,0.8403193612774451,1,0.9355109661734411,0.9889169030360333,500
dhs_c_fever_2wk,marginal,shared,0.1919,0.212,3,0.2036,12,6,0.8478367490363432,0.2143,NA,0.0578,-0.1627,0.9021956087824351,1,0.9724168427722957,0.9889169030360333,500
dhs_c_fully_vaccinated,marginal,shared,0.8502,0.2288,3,-0.1758,12,5,0.39521494978551475,-0.0936,NA,0.5532,0.001,0.7045908183632734,1,0.7138060726239939,0.9889169030360333,500
dhs_c_infant_death,marginal,shared,-0.2181,0.2367,3,-0.0112,12,5,0.8273122604353533,0.1565,NA,0.0297,-0.25,0.9001996007984032,1,0.9724168427722957,0.9889169030360333,500
dhs_c_low_birthweight,marginal,shared,1.2047,0.4106,3,0.2955,12,7,0.22833299940255125,-0.0264,NA,0.9878,-0.0164,0.2275449101796407,1,0.5527404939280522,0.9889169030360333,500
dhs_c_mean_birthweight,marginal,shared,-2.0107,0.5022,3,-2.0706,12,2,0.044358641289321724,-0.4707,NA,-1.2741,-0.0888,0.02594810379241517,1,0.18814811647460908,0.8101574628520736,500
dhs_c_mean_haz,marginal,shared,-0.5083,0.4118,3,-0.8387,12,4,0.6112528490058392,-0.5675,NA,0.0607,0.1359,0.5968063872255489,1,0.8631258822645267,0.9889169030360333,500
dhs_c_mean_waz,marginal,shared,-1.3736,0.3462,3,-1.437,12,3,0.16955899565719867,-0.3528,NA,-0.6332,0.0737,0.32934131736526945,1,0.4501153592889306,0.9889169030360333,500
dhs_c_mean_whz,marginal,shared,-1.7662,0.4897,3,-1.9298,12,1,0.07736088435793415,-0.2889,NA,-1.2469,-0.0473,0.1656686626746507,1,0.2625657891706099,0.9889169030360333,500
dhs_c_measles1,marginal,shared,-1.3267,0.1181,3,-0.8099,12,8,0.18460461998936684,0.0483,NA,-0.1948,-0.2008,0.5508982035928144,1,0.48031387237974144,0.9889169030360333,500
dhs_c_min_diet_diversity,marginal,shared,0.2894,0.3273,3,-0.8469,12,3,0.7722948939518378,-0.3207,NA,0.6,-0.0449,0.8802395209580839,1,0.9602427663737453,0.9889169030360333,500
dhs_c_neonatal_death,marginal,shared,0.3641,0.4028,3,0.3408,12,6,0.7158156546190196,0.1752,NA,0.463,-0.3323,0.8243512974051896,1,0.9355109661734411,0.9889169030360333,500
dhs_c_no_vaccination,marginal,shared,0.3619,0,3,-0.0238,12,5,0.717433828138397,-0.0534,NA,-0.0409,0.0463,0.9241516966067864,1,0.9355109661734411,0.9889169030360333,500
dhs_c_overweight,marginal,shared,-1.1334,0.269,3,-1.1458,12,4,0.2570417582151289,-0.4497,NA,-0.154,0.0246,0.43313373253493015,1,0.5680275393948176,0.9889169030360333,500
dhs_c_polio3,marginal,shared,-1.4957,0,3,-0.7352,12,4,0.1347348518570648,-0.0708,NA,0.0645,-0.084,0.4111776447105788,1,0.39031436465809494,0.9889169030360333,500
dhs_c_severely_stunted,marginal,shared,-1.129,0.0518,3,-0.2294,12,4,0.25887972166860795,-0.0651,NA,-0.2763,-0.0183,0.3333333333333333,1,0.5680275393948176,0.9889169030360333,500
dhs_c_severely_wasted,marginal,shared,1.9333,0.2093,3,1.9415,12,8,0.05320232653854839,0.0139,NA,0.6326,0.2151,0.05189620758483034,1,0.20479251722372735,0.9889169030360333,500
dhs_c_slept_itn,marginal,shared,1.2447,0.1366,3,1.8746,12,7,0.21324247863427243,0.2546,NA,-0.1842,0.1765,0.041916167664670656,1,0.5242476860399952,0.9060340856748043,500
dhs_c_small_at_birth,marginal,shared,1.9847,0.3277,3,1.4097,12,8,0.04717243837822642,0.2527,NA,0.9109,0.0905,0.20958083832335328,1,0.19231127489053865,0.9889169030360333,500
dhs_c_stunted,marginal,shared,0.4415,0.1669,3,0.6688,12,6,0.6588238633509764,0.2388,NA,0.0065,-0.0812,0.6506986027944112,1,0.908867479280463,0.9889169030360333,500
dhs_c_under5_death,marginal,shared,-0.0445,0.3376,3,0.3836,12,7,0.964492557643938,0.3353,NA,-0.1088,-0.2507,0.9680638722554891,1,0.9989494079926504,0.998003992015968,500
dhs_c_underweight,marginal,shared,1.4312,0.3728,3,0.9773,12,10,0.15238208083659083,0.1288,NA,0.9133,-0.0171,0.5049900199600799,1,0.4241415946989945,0.9889169030360333,500
dhs_c_wasted,marginal,shared,1.5864,0.206,3,2.0558,12,9,0.11265003919153829,-0.0516,NA,0.5332,0.2163,0.31736526946107785,1,0.3464716353410639,0.9889169030360333,500
dhs_c_zinc_diarrhea,marginal,shared,2.0977,0,3,0.8707,12,8,0.03592933347415841,0.1186,NA,-0.0679,0.1087,0.16367265469061876,1,0.1711210628176019,0.9889169030360333,500
dhs_CH_DIAT_C_ORT,marginal,shared,-1.1415,0.209,3,-0.343,12,5,0.25366848895591115,-0.1183,NA,-0.4847,0.0485,0.39520958083832336,1,0.5680275393948176,0.9889169030360333,500
dhs_CH_VACC_C_BAS,marginal,shared,0.8438,0,3,0.6869,12,9,0.39879778956154954,-0.0273,NA,0.1615,0.0431,0.5389221556886228,1,0.7138060726239939,0.9889169030360333,500
dhs_CH_VACC_C_DP1,marginal,shared,-2.3342,0,3,-0.7428,12,5,0.019585232984032374,0.0127,NA,-0.1192,-0.1419,0.3333333333333333,1,0.1019157494169092,0.9889169030360333,500
dhs_CH_VACC_C_DP3,marginal,shared,-0.0054,0.163,3,0.0252,12,6,0.9957281652003193,-0.1803,NA,0.0235,0.1332,0.998003992015968,1,0.9989494079926504,0.998003992015968,500
dhs_CH_VACC_C_MSL,marginal,shared,0.8831,0.3543,3,1.1002,12,9,0.3771963631596699,0.6276,NA,-0.1572,0.0695,0.14770459081836326,1,0.7024712948763667,0.9889169030360333,500
dhs_CH_VACC_C_NON,marginal,shared,1.1586,0.3336,3,0.8981,12,8,0.2466234019857931,0.3985,NA,0.4431,-0.1002,0.5668662674650699,1,0.5680275393948176,0.9889169030360333,500
dhs_CM_ECMR_C_NNR,marginal,shared,1.0412,0.4461,3,0.8346,12,8,0.297801036233645,0.3094,NA,0.7524,-0.1913,0.281437125748503,1,0.6316581362369915,0.9889169030360333,500
dhs_CN_ANMC_C_ANY,marginal,shared,0.7637,0.5443,3,0.9798,12,8,0.4450576154824877,0.869,NA,-0.114,-0.0306,0.7784431137724551,1,0.7533806623528857,0.9889169030360333,500
dhs_CN_BRFS_C_EXB,marginal,shared,5.0492,0,2,1.9872,8,7,4.436711436414201e-7,0.4379,NA,0.3398,NA,0.16766467065868262,0.5848303393213573,6.233579568161953e-5,0.9889169030360333,500
dhs_CN_NUTS_C_HA2,marginal,shared,0.4482,0.4508,3,0.8287,12,8,0.6540078704843795,0.6204,NA,-0.1271,-0.1405,0.5988023952095808,1,0.908867479280463,0.9889169030360333,500
dhs_CN_NUTS_C_WH2,marginal,shared,0.3437,0.1916,3,0.2434,12,6,0.7310623408536969,-0.208,NA,0.2864,0.0973,0.8842315369261478,1,0.9423326503664625,0.9889169030360333,500
dhs_FP_CUSA_W_MOD,marginal,shared,-0.6398,0.3037,3,-1.0136,12,4,0.5223184397666492,-0.4979,NA,0.3331,-0.1371,0.7904191616766467,1,0.8148196438496876,0.9889169030360333,500
dhs_FP_NADA_W_UNT,marginal,shared,0.8878,0.3725,3,0.8645,12,9,0.37464623728547086,0.644,NA,-0.0973,0.0315,0.6467065868263473,1,0.7024712948763667,0.9889169030360333,500
dhs_hh_crowding,marginal,shared,1.0386,0.6,3,1.1429,12,9,0.29896986519402086,0.5362,NA,0.8443,-0.2565,0.5269461077844312,1,0.6316581362369915,0.9889169030360333,500
dhs_hh_electricity,marginal,shared,0.6502,0.4837,3,0.162,12,6,0.5155791414751818,-0.3853,NA,0.553,0.4037,0.5049900199600799,1,0.8139198806434049,0.9889169030360333,500
dhs_hh_fridge,marginal,shared,0.3046,0.3782,3,-0.0495,12,7,0.7606970308064372,-0.3355,NA,0.2312,0.3141,0.7684630738522954,1,0.9542672573955754,0.9889169030360333,500
dhs_hh_handwash_facility,marginal,shared,4.5717,0,3,2.2109,12,10,4.838036512267145e-6,0.1284,NA,0.1216,0.2434,0.001996007984031936,0.720558882235529,2.718976519894136e-4,0.42065868263473055,500
dhs_hh_improved_floor,marginal,shared,-0.2605,0.639,3,-0.3848,12,5,0.7945031616001801,-0.797,NA,0.2375,0.272,0.7445109780439122,1,0.9705204088727146,0.9889169030360333,500
dhs_hh_improved_sanitation,marginal,shared,-0.5767,0.2771,3,-0.6638,12,5,0.5641188375570669,-0.3183,NA,-0.1569,0.1518,0.7065868263473054,1,0.8318330617014479,0.9889169030360333,500
dhs_hh_improved_water,marginal,shared,1.9542,0.1074,3,2.0111,12,8,0.05068163580452302,0.0424,NA,0.1058,0.2685,0.08982035928143713,1,0.19779916195931901,0.9889169030360333,500
dhs_hh_itn_any,marginal,shared,0.7195,0.3059,3,0.9685,12,9,0.47182946833959155,0.516,NA,-0.3212,0.1541,0.20159680638722555,1,0.775129446884939,0.9889169030360333,500
dhs_hh_mean_hhsize,marginal,shared,1.3729,0.5407,3,0.8965,12,8,0.1697944059951126,0.8084,NA,0.5786,-0.0597,0.592814371257485,1,0.4501153592889306,0.9889169030360333,500
dhs_hh_open_defecation,marginal,shared,-0.7276,0.408,3,0.2569,12,7,0.46685986982552174,0.3378,NA,-0.7265,-0.1816,0.720558882235529,1,0.7716919024763036,0.9889169030360333,500
dhs_hh_radio,marginal,shared,1.4775,0.0785,3,0.7885,12,7,0.139541888097787,0.1038,NA,-0.1201,0.1717,0.16966067864271456,1,0.40011500566814434,0.9889169030360333,500
dhs_hh_soap_available,marginal,shared,1.6056,0.2401,3,1.4159,12,7,0.10835819394327435,-0.0663,NA,0.556,0.2855,0.42115768463073855,1,0.3414055212887352,0.9889169030360333,500
dhs_hh_tv,marginal,shared,0.2027,0.5759,3,-0.2375,12,4,0.839335882993319,-0.6393,NA,0.6149,0.2475,0.7684630738522954,1,0.9724168427722957,0.9889169030360333,500
dhs_hh_urban,marginal,shared,-0.0613,0.6042,3,-0.2226,12,5,0.9511186990170107,-0.643,NA,0.1999,0.3788,0.9600798403193613,1,0.9989494079926504,0.998003992015968,500
dhs_hh_water_30min,marginal,shared,-1.0101,0.2238,3,-0.7906,12,5,0.3124522131209297,-0.2857,NA,-0.2721,0.0768,0.8363273453093812,1,0.6503634954591203,0.9889169030360333,500
dhs_hh_water_onpremise,marginal,shared,NA,NA,NA,NA,4,1,NA,-0.1813,NA,NA,NA,NA,NA,NA,NA,500
dhs_hh_wealth_mean,marginal,shared,-0.0959,0.5795,3,-0.2289,12,5,0.923594491808247,-0.6537,NA,0.2367,0.3226,0.8962075848303394,1,0.9891381945454312,0.9889169030360333,500
dhs_hh_wealth_poor,marginal,shared,0.1393,0.469,3,0.4301,12,7,0.8892101580012026,0.5172,NA,-0.1182,-0.2826,0.8962075848303394,1,0.9876207683728773,0.9889169030360333,500
dhs_hh_wealth_poorest,marginal,shared,0.0417,0.5755,3,0.604,12,7,0.9667576278241565,0.7151,NA,-0.5042,-0.1847,0.9500998003992016,1,0.9989494079926504,0.9924834346177532,500
dhs_ML_NETP_H_IT2,marginal,shared,-0.7467,0.1724,3,0.0562,12,7,0.45526926285751484,0.0017,NA,-0.4242,0.0512,0.6586826347305389,1,0.7660518734309082,0.9889169030360333,500
dhs_RH_ANCN_W_N4P,marginal,shared,-1.3978,0.5991,3,-0.6321,12,7,0.16217622370559062,0.0688,NA,-1.4869,-0.0973,0.5548902195608783,1,0.44244193069195115,0.9889169030360333,500
dhs_RH_DELA_C_SKP,marginal,shared,-0.149,0.3952,3,-0.359,12,6,0.8815281938255151,-0.4724,NA,0.1727,0.2004,0.9041916167664671,1,0.9829738986705149,0.9889169030360333,500
dhs_w_anc_visits,marginal,shared,1.4309,0,3,0.8695,12,8,0.15244946998077738,0.1737,NA,0.1072,0.0242,0.17365269461077845,1,0.4241415946989945,0.9889169030360333,500
dhs_w_anc1,marginal,shared,3.2583,0,3,1.7027,12,8,0.0011209202260418106,0.15,NA,0.3238,0.1236,0.013972055888223553,1,0.019686161469859298,0.5608782435129741,500
dhs_w_anc4plus,marginal,shared,0.6142,0.1479,3,0.4622,12,7,0.5390790792206449,0.2388,NA,0.0212,-0.053900000000000003,0.8562874251497006,1,0.8176540114045312,0.9889169030360333,500
dhs_w_any_media,marginal,shared,-0.8832,0.5568,3,-0.8881,12,4,0.37714078734682116,-0.8936,NA,-0.0125,0.0433,0.46706586826347307,1,0.7024712948763667,0.9889169030360333,500
dhs_w_birth_interval_short,marginal,shared,-1.4367,0.5279,3,-0.5472,12,6,0.15081190532449232,0.167,NA,-1.283,-0.2656,0.3093812375249501,1,0.4241415946989945,0.9889169030360333,500
dhs_w_bmi_low,marginal,shared,-0.2378,0.1094,3,0.1414,12,5,0.8120594238640795,0.1441,NA,-0.1407,-0.0833,0.8962075848303394,1,0.9724168427722957,0.9889169030360333,500
dhs_w_bmi_overweight,marginal,shared,-0.7108,0.3987,3,-0.5978,12,6,0.47721492637400165,-0.5396,NA,-0.1191,0.1423,0.7025948103792415,1,0.775129446884939,0.9889169030360333,500
dhs_w_delivery_csection,marginal,shared,0.1588,0.414,3,-0.6082,12,4,0.8738147747843873,-0.456,NA,0.3717,0.2185,0.8902195608782435,1,0.9821718814222606,0.9889169030360333,500
dhs_w_delivery_facility,marginal,shared,-0.2291,0.431,3,-0.3026,12,7,0.8187646129941573,-0.5101,NA,0.1086,0.2266,0.8942115768463074,1,0.9724168427722957,0.9889169030360333,500
dhs_w_edu_years_mean,marginal,shared,-0.4067,1.0451,3,-0.5401,12,5,0.6842444207150702,-1.4334,NA,0.4204,0.278,0.564870259481038,1,0.9288535372992016,0.9889169030360333,500
dhs_w_health_decision,marginal,shared,-1.1891,0.368,3,-0.8072,12,5,0.23438479845761037,-0.0852,NA,-0.8427,0.0746,0.8003992015968064,1,0.5581536302253264,0.9889169030360333,500
dhs_w_height_low,marginal,shared,-1.3328,0.2565,3,-0.3822,12,3,0.18259360762861668,-0.0189,NA,-0.6789,-0.0288,0.8283433133732535,1,0.47952153031440453,0.9889169030360333,500
dhs_w_high_parity,marginal,shared,0.2284,0.6102,3,0.4336,12,8,0.8193407823849344,0.5989,NA,0.0738,-0.4195,0.8263473053892215,1,0.9724168427722957,0.9889169030360333,500
dhs_w_listens_radio,marginal,shared,-0.0013,0.7006,3,-0.6639,12,5,0.9989494079926504,-0.8641,NA,0.6768,0.2008,0.998003992015968,1,0.9989494079926504,0.998003992015968,500
dhs_w_literate,marginal,shared,-0.4181,0.9523,3,-0.4584,12,5,0.6759055024420777,-1.3181,NA,0.3906,0.2393,0.5369261477045908,1,0.9246516019752901,0.9889169030360333,500
dhs_w_mean_age_first_birth,marginal,shared,-1.7651,0.3854,3,-1.4584,12,2,0.07755501957708406,-0.711,NA,-0.4608,-0.0684,0.43912175648702595,1,0.2625657891706099,0.9889169030360333,500
dhs_w_mean_bmi,marginal,shared,0.0336,0.4902,3,-0.4677,12,5,0.973186204303529,-0.5563,NA,0.3415,0.2547,0.9800399201596807,1,0.9989494079926504,0.998003992015968,500
dhs_w_mean_parity,marginal,shared,0.1326,0.5907,3,0.536,12,8,0.8945063046927025,0.7001,NA,-0.2812,-0.2869,0.9001996007984032,1,0.9891381945454312,0.9889169030360333,500
dhs_w_modern_fp,marginal,shared,-0.3346,0.2208,3,-0.8302,12,4,0.7379190643961473,-0.2995,NA,0.3492,-0.1088,0.8862275449101796,1,0.9462888372426533,0.9889169030360333,500
dhs_w_no_education,marginal,shared,0.0571,0.9736,3,0.5941,12,7,0.9544840890724791,1.2565,NA,-1.0639,-0.11,0.9301397205588823,1,0.9989494079926504,0.9889169030360333,500
dhs_w_primary_edu,marginal,shared,-0.0586,0.9727,3,-0.5959,12,5,0.9532659014620714,-1.2565,NA,1.0639,0.1075,0.9321357285429142,1,0.9989494079926504,0.9889169030360333,500
dhs_w_reads_newspaper,marginal,shared,0.2018,0.7722,3,-0.4078,12,6,0.8400683106282684,-0.8685,NA,0.8772,0.279,0.8343313373253493,1,0.9724168427722957,0.9889169030360333,500
dhs_w_secondary_plus,marginal,shared,-0.3219,1.1112,3,-0.4416,12,5,0.7474933721353207,-1.4084,NA,0.3481,0.4404,0.6407185628742516,1,0.9491372890818924,0.9889169030360333,500
dhs_w_skilled_attendant,marginal,shared,0.0137,0.45,3,-0.2713,12,7,0.9891051018472543,-0.5119,NA,0.2943,0.2388,0.9920159680638723,1,0.9989494079926504,0.998003992015968,500
dhs_w_teen_pregnancy,marginal,shared,0.4402,0.6027,3,0.8055,12,9,0.659818383534571,0.9142,NA,-0.5288,0.0591,0.5269461077844312,1,0.908867479280463,0.9889169030360333,500
dhs_w_unmet_fp,marginal,shared,0.905,0.2899,3,0.8563,12,8,0.3654486688466448,0.5118,NA,-0.0741,0.0256,0.5808383233532934,1,0.7024712948763667,0.9889169030360333,500
dhs_w_watches_tv,marginal,shared,-0.7337,0.1561,3,-1.1473,12,4,0.4631058008943562,-0.2891,NA,0.1056,-0.014,0.656686626746507,1,0.7700161541497875,0.9889169030360333,500
dhs_WS_TLET_H_IMP,marginal,shared,-0.2629,0.6065,3,-0.4988,12,5,0.7926292462633451,-0.7396,NA,0.1804,0.2819,0.7085828343313373,1,0.9705204088727146,0.9889169030360333,500
dhs_WS_TLET_P_BAS,marginal,shared,0.2492,0.5124,3,-0.4887,12,6,0.8032100302890399,-0.5685,NA,0.6447,0.1743,0.688622754491018,1,0.9724168427722957,0.9889169030360333,500
elevation,marginal,shared,1.5477,0.3755,4,1.2412,16,10,0.12168422420973987,0.4787,-0.1097,1.0115,-0.089,0.3213572854291417,1,0.3599291263467042,0.9889169030360333,500
evi_t0,marginal,shared,-0.1053,0.3391,4,-1.4906,16,3,0.9161246692993825,-0.1194,-0.4634,0.7388,-0.1285,0.9341317365269461,1,0.9891381945454312,0.9889169030360333,500
ghs_pop,marginal,shared,-0.4571,0.3257,4,-0.875,16,7,0.6475966256765329,-0.6098,-0.0973,0.2241,0.1899,0.6806387225548902,1,0.9053465264433121,0.9889169030360333,500
grassland_frac,marginal,shared,0.7827,0.4309,4,1.5788,16,11,0.43382605006160346,0.5772,0.6221,-0.6105,0.0423,0.5189620758483033,1,0.7433239028494547,0.9889169030360333,500
human_modification,marginal,shared,0.3841,0.535,4,-0.498,16,10,0.7009355060776847,-0.739,-0.0915,0.8464,0.4309,0.564870259481038,1,0.9355109661734411,0.9889169030360333,500
lai_t0,marginal,shared,-3.8651,0,3,-2.3111,12,2,1.1103025330231554e-4,-0.1994,NA,-0.036,-0.1853,0.005988023952095809,0.9421157684630739,0.003899937647243833,0.42065868263473055,500
lcover_bare_frac_t0,marginal,shared,-0.1926,0.4392,4,0.4951,16,9,0.8472890519794642,-0.0897,0.5512,-0.9362,0.2198,0.8782435129740519,1,0.9724168427722957,0.9889169030360333,500
lcover_crops_frac_t0,marginal,shared,-0.3188,0.6097,4,0.8557,16,12,0.7498522355024204,0.4405,0.5962,-1.5106,0.0193,0.8263473053892215,1,0.9491372890818924,0.9889169030360333,500
lcover_grass_frac_t0,marginal,shared,1.5323,0.287,4,1.8899,16,11,0.12545162552366768,0.6202,0.4429,-0.3599,0.1397,0.6107784431137725,1,0.3672073622099023,0.9889169030360333,500
lcover_shrub_frac_t0,marginal,shared,0.0341,0.3055,4,-0.2044,16,8,0.9728176336557153,0.222,-0.4095,0.4531,-0.1565,0.9800399201596807,1,0.9989494079926504,0.998003992015968,500
lcover_tree_frac_t0,marginal,shared,-2.7001,0.2715,4,-2.5277,16,4,0.006932254327162987,-0.5713,-0.7033,0.1341,-0.3208,0.35728542914171657,1,0.06957012378331427,0.9889169030360333,500
lcover_urban_frac_t0,marginal,shared,0.1244,0.4059,4,-0.891,16,8,0.9009832923084573,-0.6518,-0.1319,0.7709,0.1702,0.8642714570858283,1,0.9891381945454312,0.9889169030360333,500
lcover_water_permanent_frac_t0,marginal,shared,-0.8774,0.4507,4,-0.6637,16,7,0.3802851351715209,-0.5116,0.2037,-0.9024,0.3321,0.3812375249500998,1,0.7024712948763667,0.9889169030360333,500
lcover_water_seasonal_frac_t0,marginal,shared,-1.1646,0.5821,4,-0.591,16,7,0.24418327340457474,-0.4154,0.3785,-1.5714,0.1663,0.08383233532934131,1,0.567070246501533,0.9889169030360333,500
lst_night_annual_max_t0,marginal,shared,1.9767,0.4196,4,1.8899,16,13,0.048078074960718954,0.9577,0.7146,-0.1794,0.1678,0.590818363273453,1,0.19231127489053865,0.9889169030360333,500
lst_night_annual_mean_t0,marginal,shared,1.2,0.5453,4,1.4853,16,14,0.23014461846826376,1.2236,0.5909,-0.7148,0.1837,0.6307385229540918,1,0.5527404939280522,0.9889169030360333,500
lst_night_annual_min_t0,marginal,shared,0.0932,0.445,4,0.3973,16,10,0.9257770290585353,0.7533,-0.2333,-0.6486,0.1751,0.8622754491017964,1,0.9891381945454312,0.9889169030360333,500
lst_night_annual_range_t0,marginal,shared,2.4213,0.4046,4,2.4883,16,14,0.01546430129503976,0.5496,0.6234,0.9072,-0.0214,0.6906187624750499,1,0.08868303395726883,0.9889169030360333,500
lst_night_annual_sd_t0,marginal,shared,2.6052,0.5186,4,2.3986,16,13,0.009181022499356152,0.8141,0.5848,1.4376,-0.0343,0.39520958083832336,1,0.07163707257336692,0.9889169030360333,500
lst_night_m01_t0,marginal,shared,0.0032,0.3688,4,0.5146,16,11,0.9974590874748216,0.6015,-0.1428,-0.6845,0.1683,0.9900199600798403,1,0.9989494079926504,0.998003992015968,500
lst_night_m02_t0,marginal,shared,0.4008,0.4029,4,1.0074,16,10,0.6885628715978793,0.8269,0.0511,-0.7056,0.1027,0.718562874251497,1,0.9302219563413658,0.9889169030360333,500
lst_night_m03_t0,marginal,shared,2.5778,0.432,4,1.9717,16,14,0.009942511851819607,1.2587,0.3536,0.5086,0.1766,0.37325349301397204,1,0.07163707257336692,0.9889169030360333,500
lst_night_m04_t0,marginal,shared,3.2895,0.4304,4,2.514,16,16,0.00100354486813062,1.1491,0.602,1.0215,0.1706,0.12375249500998003,0.998003992015968,0.019686161469859298,0.9889169030360333,500
lst_night_m05_t0,marginal,shared,1.2412,0.5934,4,1.5711,16,13,0.21454976474946422,1.161,0.8345,-0.714,0.1682,0.7465069860279441,1,0.5242476860399952,0.9889169030360333,500
lst_night_m06_t0,marginal,shared,1.1295,0.5676,4,1.5035,16,12,0.2586956945193987,1.0955,0.7645,-0.7752,0.1682,0.7145708582834331,1,0.5680275393948176,0.9889169030360333,500
lst_night_m07_t0,marginal,shared,1.301,0.5831,4,1.3713,16,12,0.1932598436828451,1.3872,0.5614,-0.6128,0.1663,0.5528942115768463,1,0.49369105522617707,0.9889169030360333,500
lst_night_m08_t0,marginal,shared,1.0496,0.4424,4,1.6625,16,12,0.2939162530305483,0.7197,0.6808,-0.7475,0.2242,0.562874251497006,1,0.6304615809281227,0.9889169030360333,500
lst_night_m09_t0,marginal,shared,-0.2089,0.6118,4,-0.2319,16,8,0.8345477035230807,-0.4575,0.7917,-0.8594,0.2216,0.716566866267465,1,0.9724168427722957,0.9889169030360333,500
lst_night_m10_t0,marginal,shared,0.7927,0.6013,4,1.1691,16,13,0.42796429594382873,0.1357,1.0869,-0.5081,0.2119,0.5129740518962076,1,0.7415878117331904,0.9889169030360333,500
lst_night_m11_t0,marginal,shared,-1.0155,0.2998,4,-0.4377,16,7,0.3098692540818315,-0.2312,0.1294,-0.8234,0.1671,0.3932135728542914,1,0.6498004507238407,0.9889169030360333,500
lst_night_m12_t0,marginal,shared,-0.224,0.452,4,0.2715,16,11,0.8227621140129071,0.6123,-0.3195,-0.7355,0.1951,0.7105788423153693,1,0.9724168427722957,0.9889169030360333,500
ndvi_anomaly_t0,marginal,shared,0.0101,0.3352,4,0.323,16,11,0.9919297874685127,0.5991,-0.2516,-0.2954,-0.0587,0.9900199600798403,1,0.9989494079926504,0.998003992015968,500
ndvi_y2011,marginal,shared,0.7015,0.3171,4,0.0935,16,10,0.48299492480510847,0.1476,-0.3187,0.7579,-0.0197,0.592814371257485,1,0.7755518506870599,0.9889169030360333,500
ndvi_y2012,marginal,shared,0.7992,0.3027,4,0.5491,16,9,0.4241480689017181,0.3335,-0.2852,0.581,-0.033,0.6287425149700598,1,0.740283275536539,0.9889169030360333,500
ndvi_y2013,marginal,shared,0.8796,0.3387,4,0.6515,16,9,0.37907490805654337,0.3685,-0.302,0.687,-0.049,0.6706586826347305,1,0.7024712948763667,0.9889169030360333,500
ndvi_y2014,marginal,shared,0.8437,0.3403,4,0.5912,16,9,0.398816916021235,0.3151,-0.3202,0.72,-0.0306,0.6067864271457086,1,0.7138060726239939,0.9889169030360333,500
ndvi_y2015,marginal,shared,0.3946,0.4483,4,0.3916,16,8,0.6931609755926099,0.3679,-0.5443,0.646,-0.0518,0.7025948103792415,1,0.9319532734044181,0.9889169030360333,500
ndvi_y2016,marginal,shared,0.06,0.4385,4,-0.4248,16,8,0.9521164864863371,0.1197,-0.6096,0.7626,-0.1483,0.936127744510978,1,0.9989494079926504,0.9889169030360333,500
ndvi_y2017,marginal,shared,0.3121,0.4222,4,0.1759,16,8,0.7549357257494851,0.2835,-0.534,0.6465,-0.0632,0.7225548902195609,1,0.9512867216843288,0.9889169030360333,500
ndvi_y2018,marginal,shared,-0.5705,0.5097,4,-0.1532,16,6,0.5683699211625551,0.4274,-0.7895,-0.0358,-0.1739,0.5069860279441117,1,0.8318330617014479,0.9889169030360333,500
npp_gpp_t0,marginal,shared,-1.8521,0.6018,4,-1.8549,16,3,0.06400870982509911,-1.5837,-0.4899,-0.0756,-0.1012,0.4291417165668663,1,0.23359022676432273,0.9889169030360333,500
npp_npp_t0,marginal,shared,-1.2501,0.4993,3,-1.0338,12,2,0.21127020531716903,-0.9846,NA,0.1147,-0.21560000000000001,0.42714570858283435,1,0.5242476860399952,0.9889169030360333,500
ntl_ccnl,marginal,shared,-0.3671,0.4274,4,-0.5236,16,8,0.7135348116324871,-0.7605,-0.1159,0.2928,0.2754,0.7065868263473054,1,0.9355109661734411,0.9889169030360333,500
popdens_y2010,marginal,shared,-0.6178,0.3196,4,-0.8738,16,8,0.5367012953525874,-0.6225,-0.0532,0.0723,0.19,0.5688622754491018,1,0.8176540114045312,0.9889169030360333,500
popdens_y2015,marginal,shared,-0.1942,0.3277,4,-0.7569,16,8,0.8460415748053784,-0.6094,-0.0297,0.3461,0.187,0.8423153692614771,1,0.9724168427722957,0.9889169030360333,500
popdens_y2020,marginal,shared,-0.6773,0.2984,4,-0.7764,16,8,0.4982223247591123,-0.5787,-0.0459,0.0048,0.1852,0.5349301397205589,1,0.7909631257475173,0.9889169030360333,500
precip_y2010,marginal,shared,-1.4117,0.4594,4,-1.558,16,5,0.1580277524906871,-0.8557,-0.6401,0.179,0.0189,0.590818363273453,1,0.4353509651949321,0.9889169030360333,500
precip_y2011,marginal,shared,-0.1854,0.401,4,-1.3012,16,5,0.8528934032645944,-0.6311,-0.3052,0.8968,-0.0354,0.8822355289421158,1,0.972498037802108,0.9889169030360333,500
precip_y2012,marginal,shared,-1.8026,0.4865,4,-1.673,16,3,0.07145811873291577,-1.139,-0.5788,-0.0397,-0.0177,0.5329341317365269,1,0.25099664204936667,0.9889169030360333,500
precip_y2013,marginal,shared,-0.6443,0.4797,4,-1.5313,16,5,0.5194042402366961,-0.8501,-0.4588,0.669,0.0551,0.7984031936127745,1,0.8148196438496876,0.9889169030360333,500
precip_y2014,marginal,shared,-0.848,0.4438,4,-1.759,16,5,0.3964182669659771,-0.2564,-0.7446,0.2607,0.0074,0.7085828343313373,1,0.7138060726239939,0.9889169030360333,500
precip_y2015,marginal,shared,-0.7889,0.588,4,-1.2005,16,6,0.4301737128559076,-1.1818,-0.4039,0.5287,0.1406,0.5029940119760479,1,0.7415878117331904,0.9889169030360333,500
precip_y2016,marginal,shared,-0.8733,0.4984,4,-1.2669,16,5,0.3824843705198723,-1.0024,-0.1909,0.0773,0.232,0.3153692614770459,1,0.7024712948763667,0.9889169030360333,500
precip_y2017,marginal,shared,-0.2562,0.4222,4,-0.4509,16,7,0.7978299446604878,0.1891,-0.6042,0.1394,0.0797,0.7644710578842315,1,0.9705204088727146,0.9889169030360333,500
precip_y2018,marginal,shared,-0.9144,0.3118,4,-1.2374,16,6,0.3605250058051262,-0.5982,-0.3221,0.3423,0.0355,0.6686626746506986,1,0.7024712948763667,0.9889169030360333,500
precip_y2019,marginal,shared,-1.6962,0.6588,4,-1.6444,16,5,0.0898550951672537,-1.5379,-0.4119,-0.4194,0.1029,0.6147704590818364,1,0.2902216292183712,0.9889169030360333,500
soil_aluminium_mean_0_20,marginal,shared,-1.7776,0.3053,4,-0.9141,16,6,0.07547084799912705,0.2833,-0.3448,-0.8662,-0.2737,0.22554890219560877,1,0.2618186208364778,0.9889169030360333,500
soil_aluminium_mean_20_50,marginal,shared,-3.71,0.2431,4,-3.0855,16,1,2.0728060320604293e-4,-0.5598,-0.5216,-0.7728,-0.156,0.22355289421157684,0.9720558882235529,0.005295077227354369,0.9889169030360333,500
soil_aluminium_stdev_0_20,marginal,shared,3.4499,0.4871,4,2.8934,16,16,5.608288309385546e-4,0.9509,0.6704,1.6853,0.1846,0.13373253493013973,0.9900199600798403,0.013132741791144487,0.9889169030360333,500
soil_aluminium_stdev_20_50,marginal,shared,2.9752,0.5132,4,2.4468,16,15,0.0029282593427629915,1.1213,0.6291,1.325,0.0779,0.19161676646706588,1,0.03918289882459051,0.9889169030360333,500
soil_calcium_mean_0_20,marginal,shared,3.078,0.1786,4,1.9056,16,12,0.0020836059301680755,0.594,0.1084,0.3574,0.2326,0.05389221556886228,1,0.03252740368762384,0.9889169030360333,500
soil_calcium_mean_20_50,marginal,shared,4.7601,0.1715,4,3.0729,16,14,1.935050267515076e-6,0.5948,0.4447,0.6835,0.2289,0.0718562874251497,0.6726546906187625,1.812497083905788e-4,0.9889169030360333,500
soil_calcium_stdev_0_20,marginal,shared,-3.7988,0.2899,4,-2.5266,16,3,1.4539594725702308e-4,-0.8731,-0.5943,-0.6711,-0.2155,0.0718562874251497,0.9520958083832335,0.004103811587506079,0.9889169030360333,500
soil_calcium_stdev_20_50,marginal,shared,-4.0263,0.3137,4,-2.765,16,2,5.6668799319815835e-5,-1.0093,-0.5938,-0.8157,-0.2667,0.11776447105788423,0.9021956087824351,0.0026539887681447084,0.9889169030360333,500
soil_cec_mean_0_20,marginal,shared,2.0249,0.4221,4,1.309,16,11,0.04287865775101862,0.8233,0.0385,0.9836,-0.0266,0.1437125748502994,1,0.18755524437504845,0.9889169030360333,500
soil_cec_mean_20_50,marginal,shared,2.5851,0.4055,4,1.7823,16,13,0.009734793651244047,0.8723,0.4556,0.8758,-0.0014,0.27944111776447106,1,0.07163707257336692,0.9889169030360333,500
soil_cec_stdev_0_20,marginal,shared,-1.7005,0.336,4,-1.7336,16,3,0.089030844005287,-0.9045,-0.1255,-0.0684,-0.0867,0.3852295409181637,1,0.2902216292183712,0.9889169030360333,500
soil_cec_stdev_20_50,marginal,shared,-2.4564,0.3563,4,-1.8689,16,4,0.014033327807628226,-0.9226,-0.2125,-0.6571,-0.0679,0.14770459081836326,1,0.08390138540305386,0.9889169030360333,500
soil_iron_mean_0_20,marginal,shared,-0.9341,0.5061,4,-0.0655,16,6,0.3502328478595604,0.5294,-0.4063,-1.2036,0.0675,0.4031936127744511,1,0.7024712948763667,0.9889169030360333,500
soil_iron_mean_20_50,marginal,shared,-2.2463,0.4369,4,-1.8592,16,3,0.024687831997210287,-0.095,-0.5527,-1.398,-0.0342,0.5089820359281437,1,0.12613237802211075,0.9889169030360333,500
soil_iron_stdev_0_20,marginal,shared,-1.1246,0.371,4,-0.4004,16,5,0.26076709103890205,-0.4224,0.1793,-0.8857,0.1769,0.3992015968063872,1,0.5680275393948176,0.9889169030360333,500
soil_iron_stdev_20_50,marginal,shared,-1.6011,0.5296,4,-1.3537,16,4,0.10934696411382978,-0.7713,-0.2795,-1.011,0.2928,0.3253493013972056,1,0.3414055212887352,0.9889169030360333,500
soil_magnesium_mean_0_20,marginal,shared,2.8404,0.2304,4,1.6891,16,11,0.004505501934077431,0.597,0.0707,0.6461,0.1964,0.5508982035928144,1,0.05433617630895902,0.9889169030360333,500
soil_magnesium_mean_20_50,marginal,shared,4.6629,0.1625,4,3.0243,16,15,3.1180624779228886e-6,0.5759,0.3693,0.6945,0.2218,0.11776447105788423,0.7025948103792415,2.1904388907408292e-4,0.9889169030360333,500
soil_magnesium_stdev_0_20,marginal,shared,-2.643,0.3676,4,-2.0557,16,3,0.008216806002337292,-0.8455,-0.4883,-0.6823,-0.0295,0.5169660678642715,1,0.07163707257336692,0.9889169030360333,500
soil_magnesium_stdev_20_50,marginal,shared,-2.7992,0.3474,4,-2.1657,16,2,0.0051233139020905386,-0.9109,-0.4625,-0.5932,-0.0822,0.5029940119760479,1,0.05758604825949765,0.9889169030360333,500
soil_phosphorus_mean_0_20,marginal,shared,1.5492,0.4916,4,0.4845,16,10,0.12132490278399459,-0.4293,0.2437,1.5641,0.241,0.21157684630738524,1,0.3599291263467042,0.9889169030360333,500
soil_phosphorus_mean_20_50,marginal,shared,1.2652,0.5116,4,0.4016,16,11,0.20579015487619942,-0.6161,0.4526,1.2355,0.2868,0.22355289421157684,1,0.5209642659478562,0.9889169030360333,500
soil_phosphorus_stdev_0_20,marginal,shared,1.3799,0.4249,4,1.7553,16,12,0.16762273851157525,0.9131,0.5996,-0.7147,0.3269,0.8043912175648703,1,0.4501153592889306,0.9889169030360333,500
soil_phosphorus_stdev_20_50,marginal,shared,0.3486,0.4048,4,0.6616,16,10,0.7273918264651054,0.7334,-0.1022,-0.6432,0.2498,0.6347305389221557,1,0.9419221347313116,0.9889169030360333,500
soil_potassium_mean_0_20,marginal,shared,0.0968,0.3327,4,-1.1879,16,6,0.922848983169346,-0.2549,-0.3549,0.6747,0.0837,0.8802395209580839,1,0.9891381945454312,0.9889169030360333,500
soil_potassium_mean_20_50,marginal,shared,0.2036,0.4657,4,-0.5451,16,8,0.8386461247072985,-0.8022,0.3199,0.4433,0.2423,0.7025948103792415,1,0.9724168427722957,0.9889169030360333,500
soil_potassium_stdev_0_20,marginal,shared,-2.5935,0.3323,4,-1.8638,16,4,0.009501742151370425,0.0176,-0.4854,-1.2067,-0.2069,0.4471057884231537,1,0.07163707257336692,0.9889169030360333,500
soil_potassium_stdev_20_50,marginal,shared,-0.9807,0.4561,4,-0.2184,16,5,0.32676324407984253,0.5989,-0.4917,-0.8064,-0.2414,0.27345309381237526,1,0.6751505263708512,0.9889169030360333,500
soil_sulfur_mean_0_20,marginal,shared,-2.0906,0.3837,4,-1.6625,16,4,0.036559907295480254,-0.1379,-0.6032,-0.9595,-0.006,0.14570858283433133,1,0.1712222325004992,0.9889169030360333,500
soil_sulfur_mean_20_50,marginal,shared,-2.5659,0.214,4,-2.296,16,1,0.010290618772102066,-0.1604,-0.5227,-0.3947,-0.1327,0.17764471057884232,1,0.07229159687401701,0.9889169030360333,500
soil_sulfur_stdev_0_20,marginal,shared,-0.611,0.2883,4,-1.8331,16,3,0.5412229399332484,-0.1154,-0.4848,0.3746,-0.0618,0.36726546906187624,1,0.8176540114045312,0.9889169030360333,500
soil_sulfur_stdev_20_50,marginal,shared,-2.5432,0.0849,4,-3.1117,16,4,0.01098436868950666,-0.0691,-0.2832,-0.0372,-0.1128,0.00998003992015968,1,0.07528311223783832,0.5608782435129741,500
soil_totalcarbon_mean_0_20,marginal,shared,-3.7977,0.338,4,-2.708,16,1,1.4604311699309888e-4,-0.807,-0.6421,-1.0839,-0.202,0.03592814371257485,0.9520958083832335,0.004103811587506079,0.9060340856748043,500
soil_totalcarbon_mean_20_50,marginal,shared,-3.4173,0.3529,4,-2.3655,16,2,6.324991099850818e-4,-0.7356,-0.7017,-0.9542,-0.1574,0.3273453093812375,0.9920159680638723,0.013671711531216,0.9889169030360333,500
soil_zinc_mean_0_20,marginal,shared,-2.18,0.5401,4,-1.6432,16,4,0.029255639715206748,-1.3385,-0.5775,-0.4584,-0.0246,0.2554890219560878,1,0.14422517122759818,0.9889169030360333,500
soil_zinc_mean_20_50,marginal,shared,-2.3616,0.5583,4,-1.7141,16,3,0.018197075723394317,-1.3896,-0.5395,-0.7364,-0.0291,0.16367265469061876,1,0.09733571478934593,0.9889169030360333,500
soil_zinc_stdev_0_20,marginal,shared,-5.679,0.0318,4,-3.5114,16,5,1.35477673502624e-8,-0.1447,-0.2254,-0.0562,-0.2947,0.03992015968063872,0.43912175648702595,3.8069226254237343e-6,0.9060340856748043,500
soil_zinc_stdev_20_50,marginal,shared,-2.006,0.1922,4,-1.9389,16,5,0.044860938803554476,0.1227,-0.2067,-0.6925,-0.1906,0.18762475049900199,1,0.18814811647460908,0.9889169030360333,500
soilgrids_cec,marginal,shared,-0.7033,0.5902,3,-0.6928,12,5,0.4818648086050649,-0.8759,NA,0.0306,0.1181,0.26746506986027946,1,0.7755518506870599,0.9889169030360333,500
soilgrids_clay,marginal,shared,-0.8014,0.3219,3,-0.6565,12,5,0.4229187772134042,-0.1876,NA,-0.5188,0.1779,0.46506986027944114,1,0.740283275536539,0.9889169030360333,500
soilgrids_nitrogen,marginal,shared,-2.155,0.6276,3,-1.3398,12,3,0.031159194959698155,-1.1884,NA,-1.0022,-0.2019,0.1936127744510978,1,0.15096092730474453,0.9889169030360333,500
soilgrids_organic_carbon,marginal,shared,-1.3024,0.5664,3,-1.2132,12,2,0.1927782606210503,-1.1238,NA,0.0783,-0.2385,0.3393213572854291,1,0.49369105522617707,0.9889169030360333,500
soilgrids_ph,marginal,shared,2.02,0.3829,3,1.2743,12,9,0.04338466506896139,0.7764,NA,0.4971,0.1331,0.03792415169660679,1,0.18755524437504845,0.9060340856748043,500
soilgrids_sand,marginal,shared,0.8899,0.2884,3,0.5403,12,8,0.37352894360088834,0.0662,NA,0.6017,-0.1184,0.5688622754491018,1,0.7024712948763667,0.9889169030360333,500
soilgrids_silt,marginal,shared,-0.296,0.1547,3,-0.1525,12,6,0.767217395987157,0.1666,NA,-0.3098,-0.0315,0.8922155688622755,1,0.9581692812106272,0.9889169030360333,500
spam_parea_total,marginal,shared,NA,NA,NA,NA,4,2,NA,NA,NA,0.4934,NA,NA,NA,NA,NA,500
spam_prod_cereals,marginal,shared,NA,NA,NA,NA,4,2,NA,NA,NA,0.6113,NA,NA,NA,NA,NA,500
spam_prod_oilcrops,marginal,shared,NA,NA,NA,NA,4,1,NA,NA,NA,9e-4,NA,NA,NA,NA,NA,500
spam_prod_pulses,marginal,shared,NA,NA,NA,NA,4,3,NA,NA,NA,0.7316,NA,NA,NA,NA,NA,500
spam_prod_roots,marginal,shared,NA,NA,NA,NA,4,1,NA,NA,NA,-0.0224,NA,NA,NA,NA,NA,500
spam_prod_total,marginal,shared,NA,NA,NA,NA,4,2,NA,NA,NA,0.1323,NA,NA,NA,NA,NA,500
spam_prod_vegetables,marginal,shared,NA,NA,NA,NA,4,1,NA,NA,NA,0.3634,NA,NA,NA,NA,NA,500
spam_share_cereals,marginal,shared,NA,NA,NA,NA,4,4,NA,NA,NA,0.931,NA,NA,NA,NA,NA,500
spam_share_oilcrops,marginal,shared,NA,NA,NA,NA,4,3,NA,NA,NA,-0.2752,NA,NA,NA,NA,NA,500
spam_share_pulses,marginal,shared,NA,NA,NA,NA,4,3,NA,NA,NA,0.5517,NA,NA,NA,NA,NA,500
spam_share_roots,marginal,shared,NA,NA,NA,NA,4,0,NA,NA,NA,-1.1021,NA,NA,NA,NA,NA,500
spam_share_vegetables,marginal,shared,NA,NA,NA,NA,4,2,NA,NA,NA,0.5437,NA,NA,NA,NA,NA,500
tclim_aet_t0,marginal,shared,-2.3949,0.3035,4,-1.9015,16,4,0.016623425215572404,-0.5891,-0.4933,-0.4603,-0.0076,0.08982035928143713,1,0.09342364971151691,0.9889169030360333,500
tclim_def_t0,marginal,shared,2.0253,0.3324,4,1.8497,16,12,0.04283526479001991,0.1417,0.6155,0.6356,0.0407,0.2055888223552894,1,0.18755524437504845,0.9889169030360333,500
tclim_pdsi_t0,marginal,shared,1.8587,0.4092,4,1.2552,16,11,0.06307291098389896,0.9456,-0.053900000000000003,0.594,0.1167,0.2155688622754491,1,0.23320378929573166,0.9889169030360333,500
tclim_pet_t0,marginal,shared,1.1725,0.4724,4,0.3693,16,8,0.2409924140155232,-0.4606,0.5198,1.059,0.0554,0.3073852295409182,1,0.567070246501533,0.9889169030360333,500
tclim_pr_t0,marginal,shared,-2.7815,0.3904,4,-2.2513,16,2,0.005410386737403557,-0.7445,-0.5543,-0.9645,-0.0263,0.003992015968063872,1,0.05847379512347691,0.42065868263473055,500
tclim_ro_t0,marginal,shared,-2.6156,0.4511,4,-2.0971,16,4,0.008908132109631345,-0.9227,-0.4987,-1.0477,0.008,0.005988023952095809,1,0.07163707257336692,0.42065868263473055,500
tclim_soil_t0,marginal,shared,-1.8036,0.3099,4,-1.5242,16,6,0.07129571875980656,-0.769,-0.1356,-0.3115,0.016,0.31137724550898205,1,0.25099664204936667,0.9889169030360333,500
tclim_srad_t0,marginal,shared,0.629,0.5488,4,-0.2131,16,9,0.5293409818264847,-0.691,0.3955,1.1501,-0.1112,0.2694610778443114,1,0.8172792082046275,0.9889169030360333,500
tclim_tmmn_t0,marginal,shared,-0.713,0.3045,4,-0.1662,16,9,0.47586387231124005,-0.1669,0.2445,-0.7994,0.1482,0.5748502994011976,1,0.775129446884939,0.9889169030360333,500
tclim_tmmx_t0,marginal,shared,2.503,0.4822,4,2.0824,16,13,0.01231550509902222,1.1748,0.7212,0.4835,0.0867,0.6027944111776448,1,0.08213423539495276,0.9889169030360333,500
tclim_vap_t0,marginal,shared,-2.0209,0.6036,4,-1.7403,16,4,0.043285855270385344,-1.2763,-0.4931,-0.8554,0.1306,0.27345309381237526,1,0.18755524437504845,0.9889169030360333,500
tclim_vpd_t0,marginal,shared,2.4917,0.5381,4,2.111,16,13,0.012714990331944204,1.4219,0.5586,0.6656,0.0927,0.6047904191616766,1,0.08213423539495276,0.9889169030360333,500
tclim_vs_t0,marginal,shared,-0.8206,0.5825,4,-0.8873,16,6,0.41187888570791736,-1.1299,0.3596,-0.15,-0.0589,0.35528942115768464,1,0.7279117414083319,0.9889169030360333,500
wapor_mean_t0,marginal,shared,-0.5541,0.3384,4,-1.2715,16,5,0.5794909643654993,-0.0169,-0.5402,0.5983,-0.3286,0.7085828343313373,1,0.8350613383933605,0.9889169030360333,500
wapor_sd_t0,marginal,shared,1.9722,0.2705,4,2.0207,16,12,0.048585945763118935,0.2069,0.2619,0.8337,-0.0649,0.2375249500998004,1,0.19231127489053865,0.9889169030360333,500
wsf,marginal,shared,0.0019,0.3768,4,-0.9613,16,7,0.9984675344398461,-0.6519,-0.1061,0.6727,0.1399,0.9900199600798403,1,0.9989494079926504,0.998003992015968,500
access_healthcare_min,marginal,all,1.5709,0.2078,4,1.3355,24,14,0.11619819649537581,0.3367,0.1637,0.3677,-0.0992,0.2714570858283433,1,0.36242519093891934,0.9534930139720559,500
aef_A00,marginal,all,-0.7583,0.3347,4,-0.8113,24,9,0.44828477996835686,-0.0741,-0.5916,0.2802,-0.0928,0.6986027944111777,1,0.7042115045615213,0.9534930139720559,500
aef_A01,marginal,all,0.3074,0.6646,4,0.7289,24,10,0.7585533041103312,1.3595,-0.5119,-0.552,0.1171,0.31137724550898205,1,0.8881394935625128,0.9534930139720559,500
aef_A02,marginal,all,2.1361,0.35,4,1.6431,24,16,0.03266945745684567,0.4494,0.676,0.3369,0.0752,0.3772455089820359,1,0.20863903512212806,0.9534930139720559,500
aef_A03,marginal,all,3.0242,0.3572,4,2.6071,24,20,0.0024932546356514038,0.8868,0.56,0.7047,0.0992,0.13572854291417166,0.9960079840319361,0.07613942658892986,0.9534930139720559,500
aef_A04,marginal,all,0.1983,0.3843,4,0.0421,24,10,0.8427935475635266,0.3246,-0.5295,0.5039,-0.0931,0.8003992015968064,1,0.931194534775852,0.9534930139720559,500
aef_A05,marginal,all,0.2731,0.3025,4,2.2181,24,15,0.7847479859307851,0.2587,0.3776,-0.7493,0.2023,0.8483033932135728,1,0.9043269658117721,0.9534930139720559,500
aef_A06,marginal,all,-2.3843,0.3841,4,-1.9929,24,8,0.01711108732166619,-1.0157,-0.4368,-0.4257,-0.0189,0.590818363273453,1,0.1414181040408294,0.9534930139720559,500
aef_A07,marginal,all,0.8926,0.2784,4,0.3847,24,13,0.3720496038685504,0.2282,-0.2751,0.5917,0.0461,0.42714570858283435,1,0.6356922595001616,0.9534930139720559,500
aef_A08,marginal,all,-1.7354,0.2817,4,-2.2575,24,10,0.08267084312837267,-0.202,-0.6538,0.168,-0.2688,0.7964071856287425,1,0.31406817864342856,0.9534930139720559,500
aef_A09,marginal,all,-2.4142,0.3731,4,-1.6814,24,6,0.01576860194025785,-0.6382,-0.386,-0.915,0.0449,0.003992015968063872,1,0.1414181040408294,0.280439121756487,500
aef_A10,marginal,all,-1.6092,0.2725,4,-1.081,24,12,0.10758282959155344,-0.5672,0.1343,-0.5391,-0.0186,0.313373253493014,1,0.35005859892613816,0.9534930139720559,500
aef_A11,marginal,all,-2.0794,0.384,4,-1.4851,24,4,0.03758058071584852,-0.2531,-0.5171,-0.936,0.0355,0.021956087824351298,1,0.21872993868608345,0.8413173652694611,500
aef_A12,marginal,all,-0.3614,0.6573,4,0.3996,24,10,0.7177659328489167,1.0838,-0.6936,-0.8543,-0.0172,0.19760479041916168,1,0.8799817800524083,0.9534930139720559,500
aef_A13,marginal,all,-0.4526,0.3354,4,-0.382,24,12,0.6508172992795639,-0.5608,0.3786,-0.2443,0.0686,0.6387225548902196,1,0.8574296093097383,0.9534930139720559,500
aef_A14,marginal,all,0.8116,0.4493,4,1.0724,24,17,0.41701791611192307,0.3703,0.5406,0.0428,-0.2127,0.2694610778443114,1,0.6773528001586727,0.9534930139720559,500
aef_A15,marginal,all,1.2284,0.3817,4,1.6862,24,17,0.21928751428022472,0.6432,0.5927,-0.3754,0.0691,0.8223552894211577,1,0.5358242740238535,0.9534930139720559,500
aef_A16,marginal,all,0.1672,0.1455,4,0.0736,24,15,0.8671896482896495,-0.3184,0.1005,0.085,0.133,0.8802395209580839,1,0.931194534775852,0.9534930139720559,500
aef_A17,marginal,all,4.6129,0.0752,4,3.8601,24,20,3.9716024665652256e-6,0.2374,0.3222,0.2458,0.1559,0.12574850299401197,0.3872255489021956,0.0011160202931048283,0.9534930139720559,500
aef_A18,marginal,all,0.2383,0.2656,4,0.6415,24,13,0.8116862377367031,-0.0189,0.4003,-0.3099,0.0053,0.8223552894211577,1,0.9231002499963861,0.9534930139720559,500
aef_A19,marginal,all,-0.129,0.2978,4,0.5098,24,13,0.8973470044263201,0.5972,-0.1046,-0.6391,0.0335,0.9101796407185628,1,0.9380901881786553,0.9651338831770421,500
aef_A20,marginal,all,1.9254,0.1535,4,1.7577,24,14,0.05418090734731143,0.3182,0.3039,-0.0651,0.0651,0.3852295409181637,1,0.27187205293918776,0.9534930139720559,500
aef_A21,marginal,all,-1.6432,0.4577,4,-1.4772,24,12,0.10033796751553867,-1.2382,-0.0244,-0.352,0.0586,0.3532934131736527,1,0.33969842014296825,0.9534930139720559,500
aef_A22,marginal,all,0.1215,0.2274,4,0.1177,24,10,0.9033200458985705,-0.1729,0.342,-0.2063,0.0318,0.9341317365269461,1,0.9383840800199664,0.9721889554224884,500
aef_A23,marginal,all,0.1192,0.3351,4,1.2998,24,15,0.9051286062800427,0.4092,0.3506,-0.7593,0.0253,0.9181636726546906,1,0.9383840800199664,0.9699398196089025,500
aef_A24,marginal,all,1.89,0.3198,4,1.3621,24,16,0.05875234919803323,0.2888,0.5754,0.3678,0.0233,0.2954091816367265,1,0.2759585110733812,0.9534930139720559,500
aef_A25,marginal,all,-2.3947,0.2283,4,-1.8494,24,9,0.016633197743740898,-0.3461,-0.3603,-0.4931,-0.0099,0.2954091816367265,1,0.1414181040408294,0.9534930139720559,500
aef_A26,marginal,all,1.0779,0.353,4,0.8117,24,15,0.28105900772922027,0.5613,-0.3118,0.5991,-0.0096,0.1596806387225549,1,0.589384934118738,0.9534930139720559,500
aef_A27,marginal,all,0.0194,0.2562,4,-0.4584,24,11,0.984541739800674,0.1586,-0.3695,0.3116,-0.0264,0.9920159680638723,1,0.9919877818223822,0.9960079840319361,500
aef_A28,marginal,all,-0.6735,0.2409,4,0.4971,24,12,0.5006276264932534,-0.0777,0.2361,-0.6317,0.0343,0.5149700598802395,1,0.7365254609665142,0.9534930139720559,500
aef_A29,marginal,all,0.8358,0.2085,4,-0.0716,24,11,0.40326029286659687,-0.3466,0.1003,0.5787,0.0895,0.3253493013972056,1,0.6626674988041739,0.9534930139720559,500
aef_A30,marginal,all,-2.4927,0.4199,4,-1.799,24,9,0.012676140345802615,-1.029,-0.2834,-0.8799,0.0143,0.17365269461077845,1,0.13892419227122144,0.9534930139720559,500
aef_A31,marginal,all,-0.1813,0.2055,4,-0.733,24,8,0.8561035273782233,-0.3611,0.1927,0.1563,-0.0735,0.810379241516966,1,0.931194534775852,0.9534930139720559,500
aef_A32,marginal,all,-0.4241,0.3055,4,-1.0141,24,7,0.6714966996698901,-0.5703,-0.2616,0.6327,-0.0209,0.7984031936127745,1,0.8635604339424345,0.9534930139720559,500
aef_A33,marginal,all,-2.2377,0.2429,4,-1.8229,24,6,0.02523854897152432,-0.041,-0.5255,-0.4502,-0.135,0.24550898203592814,1,0.17297639660971545,0.9534930139720559,500
aef_A34,marginal,all,-2.0734,0.4267,4,-1.5245,24,10,0.038131847436719914,-0.859,-0.4357,-0.6336,0.0967,0.562874251497006,1,0.21872993868608345,0.9534930139720559,500
aef_A35,marginal,all,-0.6536,0.1837,4,0.2644,24,12,0.5133461852134547,0.149,-0.0154,-0.5819,0.0822,0.6626746506986028,1,0.7435581342524781,0.9534930139720559,500
aef_A36,marginal,all,-3.2598,0.297,4,-2.5248,24,2,0.0011149608088305207,-0.78,-0.3421,-0.8484,-0.1049,0.30538922155688625,0.9540918163672655,0.06266079745627527,0.9534930139720559,500
aef_A37,marginal,all,1.2022,0.3865,4,1.6993,24,18,0.22928172053744764,0.5485,0.6579,-0.4103,0.118,0.8483033932135728,1,0.5460013853476507,0.9534930139720559,500
aef_A38,marginal,all,0.1282,0.4785,4,0.4114,24,14,0.8980293972244068,-0.1965,0.7033,-0.4099,-0.0021,0.9560878243512974,1,0.9380901881786553,0.9769479223371438,500
aef_A39,marginal,all,-0.6054,0.3372,4,-0.53,24,9,0.5449299404257089,-0.2739,0.0033,-0.5627,0.3546,0.4311377245508982,1,0.7723594710554605,0.9534930139720559,500
aef_A40,marginal,all,-0.7502,0.5817,4,0.0223,24,11,0.4531330162730457,0.616,-0.7084,-0.8676,0.0708,0.05588822355289421,1,0.7065641870468926,0.9534930139720559,500
aef_A41,marginal,all,-1.6576,0.0853,4,-0.7754,24,9,0.09739266486300457,-0.2319,-0.081,-0.2065,0.0164,0.7644710578842315,1,0.337868380574127,0.9534930139720559,500
aef_A42,marginal,all,-1.7004,0.4179,4,-1.4107,24,5,0.08905251352276626,-0.3622,-0.6247,-0.5477,0.0711,0.49500998003992014,1,0.3167564088594597,0.9534930139720559,500
aef_A43,marginal,all,-0.9085,0.553,4,-1.0949,24,9,0.36361511739754404,-0.7728,-0.7553,0.4716,0.0572,0.7544910179640718,1,0.6356922595001616,0.9534930139720559,500
aef_A44,marginal,all,0.1704,0.3327,4,-0.8765,24,12,0.8646939436700839,-0.6416,-0.034,0.79990000000000006,0.0322,0.8023952095808383,1,0.931194534775852,0.9534930139720559,500
aef_A45,marginal,all,1.8574,0.4133,4,1.5597,24,16,0.06325597687678657,0.79990000000000006,0.6458,0.0968,0.0206,0.590818363273453,1,0.2866924113286617,0.9534930139720559,500
aef_A46,marginal,all,0.6459,0.2341,4,1.0809,24,16,0.5183252306589895,0.5084,0.1866,-0.4473,0.0229,0.7864271457085829,1,0.7469199477701336,0.9534930139720559,500
aef_A47,marginal,all,1.4796,0.2659,4,0.6171,24,14,0.13898221695591467,0.0139,0.3045,0.6267,-0.0725,0.17365269461077845,1,0.3985102343327757,0.9534930139720559,500
aef_A48,marginal,all,-0.8879,0.2565,4,0.5553,24,13,0.37458652364080763,0.1013,0.0379,-0.8249,0.1135,0.437125748502994,1,0.6356922595001616,0.9534930139720559,500
aef_A49,marginal,all,-2.644,0.3464,4,-2.0752,24,5,0.008192604785554591,-0.839,-0.4096,-0.6551,-0.0197,0.1217564870259481,1,0.13692424659106306,0.9534930139720559,500
aef_A50,marginal,all,2.5127,0.3172,4,2.1613,24,21,0.011982315097590351,0.3612,0.6093,0.6162,0.0821,0.2934131736526946,1,0.13892419227122144,0.9534930139720559,500
aef_A51,marginal,all,1.8189,0.3817,4,1.4853,24,17,0.06892330794548698,0.217,0.7197,0.4202,0.0647,0.3393213572854291,1,0.2979607620412591,0.9534930139720559,500
aef_A52,marginal,all,1.645,0.3836,4,1.3976,24,14,0.09997395398798212,0.8244,0.1007,0.5774,-0.1664,0.3213572854291417,1,0.33969842014296825,0.9534930139720559,500
aef_A53,marginal,all,-2.5676,0.1963,4,-2.6006,24,6,0.010239806541054376,-9e-4,-0.4405,-0.5098,-0.1573,0.1157684630738523,1,0.13892419227122144,0.9534930139720559,500
aef_A54,marginal,all,-2.2989,0.3269,4,-1.9547,24,5,0.021509053814528317,-0.6331,-0.5056,-0.4227,-0.0097,0.7145708582834331,1,0.163352543834661,0.9534930139720559,500
aef_A55,marginal,all,2.3322,0.2702,4,1.875,24,17,0.019690490683514396,0.6269,0.2849,0.4764,-0.0211,0.4750499001996008,1,0.1580865109162156,0.9534930139720559,500
aef_A56,marginal,all,-0.8969,0.2656,4,-0.7881,24,13,0.36976913900157815,-0.5176,0.2339,-0.2812,0.0072,0.5968063872255489,1,0.6356922595001616,0.9534930139720559,500
aef_A57,marginal,all,1.2286,0.3986,4,1.774,24,19,0.2192224402888421,0.6214,0.6368,-0.3522,0.0661,0.7784431137724551,1,0.5358242740238535,0.9534930139720559,500
aef_A58,marginal,all,-0.5808,0.4044,4,0.0846,24,12,0.5613538962735827,0.4076,-0.5429,-0.3835,0.0407,0.38922155688622756,1,0.7732374747690036,0.9534930139720559,500
aef_A59,marginal,all,-1.507,0.4143,4,-1.1117,24,10,0.1317980430460162,-0.3549,-0.5866,-0.4512,0.1066,0.6606786427145709,1,0.38578385516594327,0.9534930139720559,500
aef_A60,marginal,all,-0.8983,0.5746,4,-0.9691,24,13,0.36904502781317355,-1.3137,0.3734,-0.2553,0.1301,0.1656686626746507,1,0.6356922595001616,0.9534930139720559,500
aef_A61,marginal,all,1.0149,0.3247,4,1.7098,24,19,0.3101672245254977,0.467,0.4978,-0.364,0.0413,0.38323353293413176,1,0.6105875314977729,0.9534930139720559,500
aef_A62,marginal,all,0.7423,0.4756,4,0.8957,24,10,0.4579141968249277,0.8877,-0.4504,0.2633,0.0421,0.5568862275449101,1,0.7065641870468926,0.9534930139720559,500
aef_A63,marginal,all,0.4173,0.3784,4,1.2817,24,17,0.6764588817131082,0.2503,0.5724,-0.6646,0.1124,0.8662674650698603,1,0.8635604339424345,0.9534930139720559,500
aod_t0,marginal,all,-1.706,0.4359,4,-1.4803,24,8,0.0880026040352227,-1.1157,-0.1719,-0.3663,0.1128,0.46107784431137727,1,0.3167564088594597,0.9534930139720559,500
built_surface,marginal,all,-0.7188,0.3326,4,-1.2608,24,11,0.47228601712582635,-0.7717,-0.1484,0.3162,0.1167,0.5788423153692615,1,0.7135073699589097,0.9534930139720559,500
built_surface_nres,marginal,all,-0.5894,0.2538,4,-0.8858,24,11,0.5555906650710021,-0.423,-0.1551,0.069,0.1829,0.5948103792415169,1,0.7723594710554605,0.9534930139720559,500
dhs_AN_ANEM_W_ANY,marginal,all,0.4454,0.4908,3,1.0406,18,10,0.6560404484042482,0.7825,NA,-0.4702,0.0613,0.6926147704590818,1,0.8574296093097383,0.9534930139720559,500
dhs_AN_NUTS_W_THN,marginal,all,0.322,0.1969,3,0.4986,18,9,0.7474234548883485,0.3105,NA,-0.1405,-0.0514,0.8602794411177644,1,0.8865697253881148,0.9534930139720559,500
dhs_c_ari_2wk,marginal,all,-1.7078,0,3,-1.9772,18,5,0.08767767222929006,-0.1629,NA,0.0462,-0.0523,0.06187624750499002,1,0.3167564088594597,0.9534930139720559,500
dhs_c_bcg,marginal,all,-0.1746,0.0726,3,-0.3928,18,8,0.8614044768380865,-0.0815,NA,0.188,-0.0436,0.9560878243512974,1,0.931194534775852,0.9769479223371438,500
dhs_c_bottle_fed,marginal,all,-1.0982,0.1104,3,-1.1986,18,6,0.2721097004256157,-0.2262,NA,-0.1057,0.0093,0.2634730538922156,1,0.589384934118738,0.9534930139720559,500
dhs_c_diarrhea_2wk,marginal,all,0.9439,0.159,3,0.8247,18,12,0.3452207439234419,0.304,NA,0.0296,-0.0141,0.6666666666666666,1,0.6356922595001616,0.9534930139720559,500
dhs_c_diet_diversity_score,marginal,all,-0.3174,0.213,3,-1.4129,18,5,0.7509024720369086,-0.3203,NA,0.2886,-0.0602,0.846307385229541,1,0.8865697253881148,0.9534930139720559,500
dhs_c_dpt1,marginal,all,0.01,0,3,0.3771,18,10,0.9919877818223822,0.0248,NA,-0.0756,0.0039,0.9940119760479041,1,0.9919877818223822,0.9960079840319361,500
dhs_c_dpt3,marginal,all,-2.6403,0,3,-1.3665,18,9,0.008283673281309864,-0.1276,NA,0.0265,-0.0964,0.029940119760479042,1,0.13692424659106306,0.8413173652694611,500
dhs_c_early_initiation,marginal,all,0.7345,0.0662,3,1.3515,18,11,0.4626612470342642,0.1639,NA,-0.1171,0.0387,0.592814371257485,1,0.7065641870468926,0.9534930139720559,500
dhs_c_fever_2wk,marginal,all,0.54990000000000006,0.1192,3,0.5015,18,9,0.5823822857872765,0.2143,NA,0.0036,-0.043,0.7125748502994012,1,0.7944146713894402,0.9534930139720559,500
dhs_c_fully_vaccinated,marginal,all,0.6561,0.2231,3,-0.7714,18,9,0.5117735737075297,-0.0936,NA,0.4669,-0.0452,0.7664670658682635,1,0.7435581342524781,0.9534930139720559,500
dhs_c_infant_death,marginal,all,0.1678,0.1606,3,0.301,18,9,0.8667205539903249,0.1565,NA,0.0805,-0.1321,0.9301397205588823,1,0.931194534775852,0.9721889554224884,500
dhs_c_low_birthweight,marginal,all,1.1021,0.2226,3,0.4877,18,10,0.27040882478673095,-0.0264,NA,0.5267,0.0132,0.25349301397205587,1,0.589384934118738,0.9534930139720559,500
dhs_c_mean_birthweight,marginal,all,-1.8815,0.3691,3,-1.6495,18,4,0.0599055842543639,-0.4707,NA,-0.7535,-0.049,0.023952095808383235,1,0.2759585110733812,0.8413173652694611,500
dhs_c_mean_haz,marginal,all,-0.9436,0.3395,3,-1.2168,18,5,0.345362001583472,-0.5675,NA,-0.0701,0.0521,0.46107784431137727,1,0.6356922595001616,0.9534930139720559,500
dhs_c_mean_waz,marginal,all,-1.7352,0.228,3,-1.9067,18,5,0.082708345977273,-0.3528,NA,-0.4087,-0.0221,0.1377245508982036,1,0.31406817864342856,0.9534930139720559,500
dhs_c_mean_whz,marginal,all,-1.8271,0.2987,3,-1.6934,18,4,0.06768204249368107,-0.2889,NA,-0.6947,-0.0492,0.03592814371257485,1,0.29716646782381845,0.8413173652694611,500
dhs_c_measles1,marginal,all,-1.5179,0.0337,3,-0.455,18,12,0.1290336733457226,0.0483,NA,-0.0183,-0.1017,0.30538922155688625,1,0.3816680232647163,0.9534930139720559,500
dhs_c_min_diet_diversity,marginal,all,-0.0658,0.2489,3,-1.1023,18,5,0.9475300291797032,-0.3207,NA,0.3811,-0.0552,0.9481037924151696,1,0.9752964769212329,0.9769479223371438,500
dhs_c_neonatal_death,marginal,all,0.6815,0.2736,3,0.6946,18,10,0.49554335110980097,0.1752,NA,0.3651,-0.1561,0.5489021956087824,1,0.7365254609665142,0.9534930139720559,500
dhs_c_no_vaccination,marginal,all,-0.2198,0.0655,3,0.2943,18,7,0.8260056836811307,-0.0534,NA,-0.1599,0.0483,0.9500998003992016,1,0.9247314626071622,0.9769479223371438,500
dhs_c_overweight,marginal,all,-1.1502,0.2333,3,-1.1726,18,6,0.2500589443820709,-0.4497,NA,-0.0493,-0.0108,0.39520958083832336,1,0.5781728128551097,0.9534930139720559,500
dhs_c_polio3,marginal,all,-0.948,0.0616,3,-1.4117,18,7,0.3431465875047181,-0.0708,NA,0.1304,-0.097,0.6427145708582834,1,0.6356922595001616,0.9534930139720559,500
dhs_c_severely_stunted,marginal,all,-0.4539,0,3,0.2011,18,8,0.6498758488097683,-0.0651,NA,-0.0504,-0.0042,0.8263473053892215,1,0.8574296093097383,0.9534930139720559,500
dhs_c_severely_wasted,marginal,all,2.0733,0.1057,3,2.2054,18,12,0.03814151955735975,0.0139,NA,0.3729,0.1502,0.0658682634730539,1,0.21872993868608345,0.9534930139720559,500
dhs_c_slept_itn,marginal,all,1.4112,0.0974,3,1.5529,18,11,0.1581725530342977,0.2546,NA,-0.0833,0.0988,0.06786427145708583,1,0.4357498764964476,0.9534930139720559,500
dhs_c_small_at_birth,marginal,all,1.7462,0.2086,3,0.8246,18,11,0.08077335260021123,0.2527,NA,0.4651,0.0275,0.15568862275449102,1,0.31406817864342856,0.9534930139720559,500
dhs_c_stunted,marginal,all,0.7466,0.1557,3,0.7745,18,9,0.4553098608224304,0.2388,NA,0.0963,-0.06,0.4251497005988024,1,0.7065641870468926,0.9534930139720559,500
dhs_c_under5_death,marginal,all,0.2723,0.2551,3,0.5982,18,9,0.7854131228105903,0.3353,NA,-0.0529,-0.1404,0.7844311377245509,1,0.9043269658117721,0.9534930139720559,500
dhs_c_underweight,marginal,all,1.6264,0.2191,3,1.6762,18,14,0.10385422424036486,0.1288,NA,0.5562,0.0416,0.36726546906187624,1,0.3474171072802682,0.9534930139720559,500
dhs_c_wasted,marginal,all,1.5604,0.1256,3,2.5491,18,13,0.11865878137501985,-0.0516,NA,0.3343,0.1564,0.3273453093812375,1,0.36242519093891934,0.9534930139720559,500
dhs_c_zinc_diarrhea,marginal,all,0.132,0,3,-0.5236,18,9,0.8949761529920753,0.1186,NA,-0.0636,-0.0071,0.9321357285429142,1,0.9380901881786553,0.9721889554224884,500
dhs_CH_DIAT_C_ORT,marginal,all,-0.8298,0.1166,3,0.3119,18,10,0.4066495701769499,-0.1183,NA,-0.2208,0.0433,0.6187624750499002,1,0.6643519140681565,0.9534930139720559,500
dhs_CH_VACC_C_BAS,marginal,all,0.3757,0,3,0.3772,18,12,0.7071399700373364,-0.0273,NA,0.1704,0.0039,0.8003992015968064,1,0.8792315556658917,0.9534930139720559,500
dhs_CH_VACC_C_DP1,marginal,all,-1.342,0,3,-0.1103,18,9,0.17958932237017078,0.0127,NA,-0.0033,-0.0598,0.812375249500998,1,0.4716317718319438,0.9534930139720559,500
dhs_CH_VACC_C_DP3,marginal,all,-0.4343,0.0804,3,-0.519,18,9,0.6640868649734051,-0.1803,NA,0.076,0.0102,0.8822355289421158,1,0.8599465855185568,0.9534930139720559,500
dhs_CH_VACC_C_MSL,marginal,all,1.1329,0.3189,3,1.2782,18,13,0.25725147575219004,0.6276,NA,-0.0384,0.0606,0.25948103792415167,1,0.5829650377932694,0.9534930139720559,500
dhs_CH_VACC_C_NON,marginal,all,1.028,0.2653,3,0.6996,18,11,0.30396867667738403,0.3985,NA,0.1958,-0.0678,0.5329341317365269,1,0.605781547137198,0.9534930139720559,500
dhs_CM_ECMR_C_NNR,marginal,all,1.2423,0.3434,3,1.1643,18,12,0.21411865356256943,0.3094,NA,0.5751,-0.0835,0.2315369261477046,1,0.5358242740238535,0.9534930139720559,500
dhs_CN_ANMC_C_ANY,marginal,all,0.9019,0.4959,3,1.0287,18,11,0.3671039672427877,0.869,NA,-0.0682,-0.0117,0.6846307385229541,1,0.6356922595001616,0.9534930139720559,500
dhs_CN_BRFS_C_EXB,marginal,all,3.7403,0.0803,2,1.7012,10,8,1.8378310365254688e-4,0.4379,NA,0.2448,NA,0.15768463073852296,0.7584830339321357,0.01721435070878856,0.9534930139720559,500
dhs_CN_NUTS_C_HA2,marginal,all,0.7641,0.3833,3,1.0517,18,13,0.44478026044903396,0.6204,NA,-0.0178,-0.0749,0.4630738522954092,1,0.7042115045615213,0.9534930139720559,500
dhs_CN_NUTS_C_WH2,marginal,all,0.167,0.1541,3,0.1749,18,10,0.8673546757602251,-0.208,NA,0.1924,0.0755,0.9500998003992016,1,0.931194534775852,0.9769479223371438,500
dhs_FP_CUSA_W_MOD,marginal,all,-0.6147,0.2879,3,-0.8153,18,8,0.5387469809271184,-0.4979,NA,0.2436,-0.0512,0.718562874251497,1,0.7723594710554605,0.9534930139720559,500
dhs_FP_NADA_W_UNT,marginal,all,1.0137,0.3513,3,0.9906,18,12,0.31072603916078834,0.644,NA,-0.0133,0.0097,0.6127744510978044,1,0.6105875314977729,0.9534930139720559,500
dhs_hh_crowding,marginal,all,1.1429,0.4681,3,1.221,18,12,0.2530792027799946,0.5362,NA,0.5727,-0.142,0.35528942115768464,1,0.5781728128551097,0.9534930139720559,500
dhs_hh_electricity,marginal,all,0.3326,0.3461,3,-0.0785,18,9,0.7394527464865353,-0.3853,NA,0.3847,0.2115,0.7005988023952096,1,0.8865697253881148,0.9534930139720559,500
dhs_hh_fridge,marginal,all,0.1367,0.2733,3,-0.0991,18,9,0.8912564904385667,-0.3355,NA,0.2524,0.15310000000000001,0.908183632734531,1,0.9380901881786553,0.9651338831770421,500
dhs_hh_handwash_facility,marginal,all,2.9221,0,3,1.1933,18,12,0.0034771932850657158,0.1284,NA,0.0945,0.0966,0.003992015968063872,0.998003992015968,0.08882648300940602,0.280439121756487,500
dhs_hh_improved_floor,marginal,all,-0.5002,0.5195,3,-0.5302,18,8,0.6169541279379573,-0.797,NA,0.2216,0.1183,0.6966067864271457,1,0.8375077775389662,0.9534930139720559,500
dhs_hh_improved_sanitation,marginal,all,-0.9159,0.1957,3,-0.9504,18,8,0.35970601406922803,-0.3183,NA,-0.1032,0.0496,0.656686626746507,1,0.6356922595001616,0.9534930139720559,500
dhs_hh_improved_water,marginal,all,1.7746,0,3,0.4954,18,10,0.07596574142772224,0.0424,NA,0.1432,0.0559,0.0658682634730539,1,0.30936772958246306,0.9534930139720559,500
dhs_hh_itn_any,marginal,all,0.9592,0.2653,3,1.1,18,13,0.3374789529447733,0.516,NA,-0.1347,0.0734,0.10379241516966067,1,0.6356922595001616,0.9534930139720559,500
dhs_hh_mean_hhsize,marginal,all,1.3169,0.4876,3,0.9607,18,11,0.1878724406829985,0.8084,NA,0.3737,-0.0369,0.46506986027944114,1,0.48881625770298676,0.9534930139720559,500
dhs_hh_open_defecation,marginal,all,-0.2683,0.287,3,0.7275,18,10,0.7884701303341073,0.3378,NA,-0.4364,-0.0634,0.844311377245509,1,0.9043269658117721,0.9534930139720559,500
dhs_hh_radio,marginal,all,0.9377,0.0563,3,0.2305,18,9,0.34838859455846843,0.1038,NA,-0.136,0.0773,0.46506986027944114,1,0.6356922595001616,0.9534930139720559,500
dhs_hh_soap_available,marginal,all,1.0373000000000001,0.1323,3,-0.6324,18,9,0.29961773816512444,-0.0663,NA,0.3476,0.0613,0.5489021956087824,1,0.6026971943525784,0.9534930139720559,500
dhs_hh_tv,marginal,all,-0.1151,0.4605,3,-0.446,18,7,0.9083290738983304,-0.6393,NA,0.433,0.1192,0.8962075848303394,1,0.9383840800199664,0.9611997379287227,500
dhs_hh_urban,marginal,all,-0.3181,0.4681,3,-0.386,18,8,0.7504352575133454,-0.643,NA,0.18,0.197,0.6447105788423154,1,0.8865697253881148,0.9534930139720559,500
dhs_hh_water_30min,marginal,all,-1.0962,0.1405,3,-0.8139,18,8,0.2729713702365314,-0.2857,NA,-0.0626,0.0029,0.7724550898203593,1,0.589384934118738,0.9534930139720559,500
dhs_hh_water_onpremise,marginal,all,NA,NA,NA,NA,4,1,NA,-0.1813,NA,NA,NA,NA,NA,NA,NA,500
dhs_hh_wealth_mean,marginal,all,-0.3994,0.4423,3,-0.4371,18,7,0.6895863777041824,-0.6537,NA,0.2101,0.1305,0.5668662674650699,1,0.872854829436375,0.9534930139720559,500
dhs_hh_wealth_poor,marginal,all,0.4839,0.3517,3,0.6765,18,10,0.6284451231306556,0.5172,NA,-0.0836,-0.1229,0.4530938123752495,1,0.8449429645919341,0.9534930139720559,500
dhs_hh_wealth_poorest,marginal,all,0.4351,0.4576,3,0.8997,18,11,0.6634857521160198,0.7151,NA,-0.3111,-0.057,0.5189620758483033,1,0.8599465855185568,0.9534930139720559,500
dhs_ML_NETP_H_IT2,marginal,all,-0.4483,0.106,3,0.5726,18,12,0.6539642269376645,0.0017,NA,-0.2499,0.0461,0.7245508982035929,1,0.8574296093097383,0.9534930139720559,500
dhs_RH_ANCN_W_N4P,marginal,all,-1.2203,0.4238,3,-0.3862,18,11,0.22236237961636124,0.0688,NA,-0.9686,-0.0479,0.48303393213572854,1,0.5386536954499785,0.9534930139720559,500
dhs_RH_DELA_C_SKP,marginal,all,-0.4169,0.3141,3,-0.5402,18,9,0.6767189057238172,-0.4724,NA,0.1379,0.0959,0.7385229540918163,1,0.8635604339424345,0.9534930139720559,500
dhs_w_anc_visits,marginal,all,1.5275,0.0765,3,1.1135,18,13,0.12664542707971677,0.1737,NA,0.2035,0.0218,0.0658682634730539,1,0.37858898946170655,0.9534930139720559,500
dhs_w_anc1,marginal,all,2.475,0.0169,3,1.3209,18,11,0.013323105170276782,0.15,NA,0.2286,0.0647,0.023952095808383235,1,0.13892419227122144,0.8413173652694611,500
dhs_w_anc4plus,marginal,all,1.4518,0.1221,3,1.3537,18,12,0.14654793303231425,0.2388,NA,0.195,0.0088,0.08183632734530938,1,0.41179969182080306,0.9534930139720559,500
dhs_w_any_media,marginal,all,-1.0815,0.493,3,-1.1035,18,5,0.27945643963896644,-0.8936,NA,-0.0401,-0.0093,0.37325349301397204,1,0.589384934118738,0.9534930139720559,500
dhs_w_birth_interval_short,marginal,all,-1.0543,0.3161,3,-0.0664,18,10,0.2917559531444364,0.167,NA,-0.6999,-0.1011,0.47904191616766467,1,0.5984191447707053,0.9534930139720559,500
dhs_w_bmi_low,marginal,all,-0.0175,0.0839,3,0.4102,18,9,0.9859993407759469,0.1441,NA,-0.1597,-0.0163,0.9900199600798403,1,0.9919877818223822,0.9960079840319361,500
dhs_w_bmi_overweight,marginal,all,-0.8501,0.3226,3,-0.6843,18,9,0.39526379048590465,-0.5396,NA,-0.0142,0.0515,0.656686626746507,1,0.6533477948619953,0.9534930139720559,500
dhs_w_delivery_csection,marginal,all,-0.3944,0.2962,3,-1.1081,18,5,0.6932522643767215,-0.456,NA,0.1754,0.0707,0.7624750499001997,1,0.8735600282056446,0.9534930139720559,500
dhs_w_delivery_facility,marginal,all,-0.3791,0.3549,3,-0.3571,18,11,0.7045867600461997,-0.5101,NA,0.1324,0.1328,0.8203592814371258,1,0.8792315556658917,0.9534930139720559,500
dhs_w_edu_years_mean,marginal,all,-0.6564,0.8854,3,-0.726,18,8,0.511591684458638,-1.4334,NA,0.3131,0.1087,0.564870259481038,1,0.7435581342524781,0.9534930139720559,500
dhs_w_health_decision,marginal,all,-1.1002,0.2357,3,-0.5227,18,8,0.27122919182288885,-0.0852,NA,-0.497,0.0451,0.6946107784431138,1,0.589384934118738,0.9534930139720559,500
dhs_w_height_low,marginal,all,-1.251,0.1702,3,-0.4209,18,6,0.21094314882345463,-0.0189,NA,-0.4399,-0.0255,0.7145708582834331,1,0.5358242740238535,0.9534930139720559,500
dhs_w_high_parity,marginal,all,0.5859,0.4258,3,0.7657,18,10,0.5579678741076814,0.5989,NA,0.0208,-0.1681,0.5409181636726547,1,0.7723594710554605,0.9534930139720559,500
dhs_w_listens_radio,marginal,all,-0.3813,0.5641,3,-0.9354,18,7,0.7029466822196477,-0.8641,NA,0.4201,0.0713,0.720558882235529,1,0.8792315556658917,0.9534930139720559,500
dhs_w_literate,marginal,all,-0.6815,0.8028,3,-0.6908,18,7,0.4955712589358611,-1.3181,NA,0.2882,0.0768,0.5548902195608783,1,0.7365254609665142,0.9534930139720559,500
dhs_w_mean_age_first_birth,marginal,all,-1.583,0.3734,3,-1.3544,18,5,0.11343180784974834,-0.711,NA,-0.3121,-0.0466,0.3912175648702595,1,0.3581386292784189,0.9534930139720559,500
dhs_w_mean_bmi,marginal,all,-0.2815,0.3766,3,-0.6735,18,7,0.7783429867692964,-0.5563,NA,0.2837,0.0884,0.8562874251497006,1,0.9042236259585282,0.9534930139720559,500
dhs_w_mean_parity,marginal,all,0.492,0.4602,3,0.8357,18,11,0.6227389121802376,0.7001,NA,-0.1819,-0.1174,0.6107784431137725,1,0.8412963188588787,0.9534930139720559,500
dhs_w_modern_fp,marginal,all,-0.3317,0.1905,3,-0.5669,18,7,0.7401238518597419,-0.2995,NA,0.2464,-0.0358,0.8423153692614771,1,0.8865697253881148,0.9534930139720559,500
dhs_w_no_education,marginal,all,0.3581,0.8217,3,0.7642,18,11,0.7202697843845335,1.2565,NA,-0.7116,-0.0371,0.7784431137724551,1,0.8799817800524083,0.9534930139720559,500
dhs_w_primary_edu,marginal,all,-0.3587,0.8215,3,-0.7644,18,7,0.719797282750329,-1.2565,NA,0.7116,0.0364,0.7784431137724551,1,0.8799817800524083,0.9534930139720559,500
dhs_w_reads_newspaper,marginal,all,-0.1775,0.612,3,-0.7002,18,8,0.8591291986708502,-0.8685,NA,0.5557,0.1279,0.8423153692614771,1,0.931194534775852,0.9534930139720559,500
dhs_w_secondary_plus,marginal,all,-0.5927,0.9103,3,-0.6468,18,8,0.5533737618677522,-1.4084,NA,0.2721,0.1963,0.592814371257485,1,0.7723594710554605,0.9534930139720559,500
dhs_w_skilled_attendant,marginal,all,-0.1814,0.3708,3,-0.338,18,11,0.8560882652941957,-0.5119,NA,0.2493,0.1436,0.8802395209580839,1,0.931194534775852,0.9534930139720559,500
dhs_w_teen_pregnancy,marginal,all,0.5944,0.5496,3,0.8295,18,12,0.5522582786032535,0.9142,NA,-0.359,0.0129,0.5089820359281437,1,0.7723594710554605,0.9534930139720559,500
dhs_w_unmet_fp,marginal,all,1.0619,0.2702,3,1.0173,18,11,0.2882992621538745,0.5118,NA,0.0032,0.0145,0.564870259481038,1,0.5956771519502849,0.9534930139720559,500
dhs_w_watches_tv,marginal,all,-1.1449,0.123,3,-1.5885,18,5,0.25223128654231297,-0.2891,NA,0.0309,-0.0404,0.38323353293413176,1,0.5781728128551097,0.9534930139720559,500
dhs_WS_TLET_H_IMP,marginal,all,-0.4613,0.4996,3,-0.5635,18,8,0.6445501221461991,-0.7396,NA,0.1809,0.1509,0.5868263473053892,1,0.8574296093097383,0.9534930139720559,500
dhs_WS_TLET_P_BAS,marginal,all,-0.1473,0.3985,3,-0.7883,18,8,0.8828898674995184,-0.5685,NA,0.4213,0.054,0.8902195608782435,1,0.9380901881786553,0.9584356191830897,500
elevation,marginal,all,1.5999,0.2617,4,1.1453,24,15,0.10962689219039203,0.4787,-0.0119,0.5988,-0.1034,0.12574850299401197,1,0.35005859892613816,0.9534930139720559,500
evi_t0,marginal,all,-0.0373,0.2559,4,-0.8483,24,7,0.9702524263472414,-0.1194,-0.3318,0.5405,-0.0329,0.9780439121756487,1,0.9842632917096564,0.9921672899687988,500
ghs_pop,marginal,all,-0.936,0.2727,4,-1.1976,24,11,0.3492832310969697,-0.6098,-0.1838,0.1583,0.102,0.5548902195608783,1,0.6356922595001616,0.9534930139720559,500
grassland_frac,marginal,all,0.8843,0.3532,4,1.3811,24,16,0.3765320192651465,0.5772,0.4553,-0.4005,-0.0191,0.5768463073852296,1,0.6356922595001616,0.9534930139720559,500
human_modification,marginal,all,-0.2459,0.4055,4,-0.9793,24,13,0.8057213965819277,-0.739,-0.1942,0.5037,0.2366,0.7544910179640718,1,0.920356554632202,0.9534930139720559,500
lai_t0,marginal,all,-1.8966,0.0471,3,-1.6211,18,6,0.057879342301151736,-0.1994,NA,0.0538,-0.0901,0.027944111776447105,1,0.2759585110733812,0.8413173652694611,500
lcover_bare_frac_t0,marginal,all,-0.281,0.2879,4,0.4723,24,12,0.7787263967329674,-0.0897,0.3645,-0.6133,0.0906,0.8303393213572854,1,0.9042236259585282,0.9534930139720559,500
lcover_crops_frac_t0,marginal,all,0.012,0.4824,4,0.9455,24,18,0.9904419913834664,0.4405,0.5456,-1.0082,-0.0059,0.9960079840319361,1,0.9919877818223822,0.9960079840319361,500
lcover_grass_frac_t0,marginal,all,1.4558,0.2843,4,1.5938,24,16,0.14544665248262245,0.6202,0.4168,-0.2853,0.0754,0.6307385229540918,1,0.41179969182080306,0.9534930139720559,500
lcover_shrub_frac_t0,marginal,all,0.1617,0.2294,4,-0.0416,24,11,0.8715450627973278,0.222,-0.3132,0.3328,-0.0795,0.8762475049900199,1,0.931194534775852,0.9534930139720559,500
lcover_tree_frac_t0,marginal,all,-2.2557,0.2517,4,-2.0222,24,7,0.024090741692630292,-0.5713,-0.5217,0.1073,-0.1692,0.33532934131736525,1,0.16923746039072782,0.9534930139720559,500
lcover_urban_frac_t0,marginal,all,-0.4703,0.3176,4,-1.2851,24,11,0.638172323389301,-0.6518,-0.1983,0.4715,0.093,0.6606786427145709,1,0.853935347011398,0.9534930139720559,500
lcover_water_permanent_frac_t0,marginal,all,-0.9135,0.2978,4,-0.597,24,13,0.36096033997930616,-0.5116,0.1789,-0.4905,0.1862,0.2375249500998004,1,0.6356922595001616,0.9534930139720559,500
lcover_water_seasonal_frac_t0,marginal,all,-1.2079,0.3936,4,-0.5994,24,11,0.22707762436020168,-0.4154,0.2952,-0.9934,0.0763,0.04590818363273453,1,0.5453744653437322,0.9534930139720559,500
lst_night_annual_max_t0,marginal,all,2.0482,0.3535,4,1.9384,24,18,0.04053615273372688,0.9577,0.5273,-0.1565,0.142,0.6427145708582834,1,0.224662918311906,0.9534930139720559,500
lst_night_annual_mean_t0,marginal,all,1.537,0.438,4,1.7782,24,19,0.12428610738347014,1.2236,0.4223,-0.4441,0.1512,0.6846307385229541,1,0.3755311416640334,0.9534930139720559,500
lst_night_annual_min_t0,marginal,all,0.22,0.4018,4,0.5195,24,13,0.8258772975079869,0.7533,-0.3164,-0.3934,0.1335,0.716566866267465,1,0.9247314626071622,0.9534930139720559,500
lst_night_annual_range_t0,marginal,all,2.1116,0.3651,4,1.9224,24,18,0.03471861602075222,0.5496,0.5669,0.5006,-0.017,0.7105788423153693,1,0.2126420869647189,0.9534930139720559,500
lst_night_annual_sd_t0,marginal,all,2.4709,0.4265,4,1.9825,24,17,0.013477375607787827,0.8141,0.5496,0.8343,-0.0187,0.37924151696606784,1,0.13892419227122144,0.9534930139720559,500
lst_night_m01_t0,marginal,all,0.1338,0.3386,4,0.5748,24,14,0.893521888112471,0.6015,-0.2541,-0.4062,0.1412,0.7465069860279441,1,0.9380901881786553,0.9534930139720559,500
lst_night_m02_t0,marginal,all,0.7385,0.3227,4,1.2444,24,14,0.4602187969625137,0.8269,-0.0379,-0.4165,0.1047,0.6986027944111777,1,0.7065641870468926,0.9534930139720559,500
lst_night_m03_t0,marginal,all,2.647,0.383,4,2.1608,24,20,0.008121959875756644,1.2587,0.3764,0.3054,0.1521,0.3652694610778443,1,0.13692424659106306,0.9534930139720559,500
lst_night_m04_t0,marginal,all,2.9989,0.3726,4,2.2738,24,21,0.0027095881348373615,1.1491,0.4665,0.5689,0.1339,0.32934131736526945,0.998003992015968,0.07613942658892986,0.9534930139720559,500
lst_night_m05_t0,marginal,all,1.4867,0.479,4,1.7525,24,18,0.1370874553616276,1.161,0.6178,-0.4933,0.1393,0.8163672654690619,1,0.397129638728014,0.9534930139720559,500
lst_night_m06_t0,marginal,all,1.4438,0.4796,4,1.779,24,17,0.1487874098222056,1.0955,0.6502,-0.4859,0.1245,0.7964071856287425,1,0.41395309069346303,0.9534930139720559,500
lst_night_m07_t0,marginal,all,1.6039,0.4858,4,1.6786,24,17,0.10873552242059853,1.3872,0.4198,-0.3565,0.1211,0.6067864271457086,1,0.35005859892613816,0.9534930139720559,500
lst_night_m08_t0,marginal,all,1.3879,0.3609,4,1.8861,24,17,0.16515317128847118,0.7197,0.5692,-0.4469,0.1472,0.590818363273453,1,0.44623116473135005,0.9534930139720559,500
lst_night_m09_t0,marginal,all,-0.0561,0.4571,4,-0.0116,24,14,0.9552317193989006,-0.4575,0.656,-0.448,0.1576,0.8802395209580839,1,0.978149213850388,0.9534930139720559,500
lst_night_m10_t0,marginal,all,0.9444,0.4317,4,1.5697,24,18,0.34497716565913683,0.1357,0.8033,-0.3059,0.1623,0.5588822355289421,1,0.6356922595001616,0.9534930139720559,500
lst_night_m11_t0,marginal,all,-0.8886,0.2127,4,-0.1751,24,11,0.3742327034800142,-0.2312,0.1023,-0.5311,0.1435,0.4351297405189621,1,0.6356922595001616,0.9534930139720559,500
lst_night_m12_t0,marginal,all,-0.0481,0.407,4,0.4141,24,14,0.9616196458816696,0.6123,-0.3766,-0.4363,0.1542,0.906187624750499,1,0.9790402916403955,0.9651338831770421,500
ndvi_anomaly_t0,marginal,all,0.3421,0.2689,4,0.6299,24,17,0.7322804003115359,0.5991,-0.2174,-0.1401,-0.0291,0.6387225548902196,1,0.8865697253881148,0.9534930139720559,500
ndvi_y2011,marginal,all,0.896,0.1647,4,-0.2563,24,13,0.37024644569129744,0.1476,-0.1297,0.4652,-0.0239,0.5608782435129741,1,0.6356922595001616,0.9534930139720559,500
ndvi_y2012,marginal,all,1.0069,0.1787,4,0.5696,24,12,0.3139930362510199,0.3335,-0.1306,0.338,-0.0388,0.6167664670658682,1,0.6127225221287262,0.9534930139720559,500
ndvi_y2013,marginal,all,1.0946,0.1983,4,0.6591,24,12,0.2736840583986627,0.3685,-0.1251,0.3882,-0.06,0.5429141716566867,1,0.589384934118738,0.9534930139720559,500
ndvi_y2014,marginal,all,1.0457,0.1883,4,0.5504,24,12,0.2956969691533522,0.3151,-0.1304,0.4079,-0.0527,0.5189620758483033,1,0.6021075966093621,0.9534930139720559,500
ndvi_y2015,marginal,all,0.5689,0.2737,4,0.4767,24,11,0.5694218907337827,0.3679,-0.3135,0.39,-0.0503,0.6806387225548902,1,0.7805246404692339,0.9534930139720559,500
ndvi_y2016,marginal,all,0.0536,0.2467,4,-1.0458,24,12,0.9572634655119456,0.1197,-0.3476,0.4505,-0.1072,0.9680638722554891,1,0.978149213850388,0.9856012612456249,500
ndvi_y2017,marginal,all,0.4136,0.2459,4,0.0677,24,10,0.6791703056984983,0.2835,-0.3007,0.3859,-0.0734,0.6726546906187625,1,0.8635604339424345,0.9534930139720559,500
ndvi_y2018,marginal,all,-0.3403,0.3459,4,0.0902,24,10,0.7336134514883786,0.4274,-0.5245,0.0155,-0.1264,0.626746506986028,1,0.8865697253881148,0.9534930139720559,500
npp_gpp_t0,marginal,all,-1.9711,0.5332,4,-1.9434,24,5,0.048716395031517284,-1.5837,-0.4409,-0.0188,-0.0881,0.3852295409181637,1,0.25350568525659917,0.9534930139720559,500
npp_npp_t0,marginal,all,-1.2355,0.4871,3,-1.0946,18,6,0.21665687096470568,-0.9846,NA,0.0829,-0.1553,0.4491017964071856,1,0.5358242740238535,0.9534930139720559,500
ntl_ccnl,marginal,all,-0.9202,0.3301,4,-0.9861,24,10,0.35747206775530793,-0.7605,-0.1895,0.2038,0.1197,0.562874251497006,1,0.6356922595001616,0.9534930139720559,500
popdens_y2010,marginal,all,-1.1153,0.2651,4,-1.2387,24,12,0.2647302606267602,-0.6225,-0.1548,0.0388,0.1051,0.3972055888223553,1,0.589384934118738,0.9534930139720559,500
popdens_y2015,marginal,all,-0.7578,0.2633,4,-1.1421,24,12,0.44859024667797975,-0.6094,-0.1293,0.2237,0.1,0.5988023952095808,1,0.7042115045615213,0.9534930139720559,500
popdens_y2020,marginal,all,-1.149,0.2422,4,-1.1378,24,12,0.25057348541837854,-0.5787,-0.1303,0.0013,0.0989,0.45109780439121755,1,0.5781728128551097,0.9534930139720559,500
precip_y2010,marginal,all,-1.3595,0.3817,4,-1.3284,24,11,0.17398287606429316,-0.8557,-0.4178,0.1794,0.0395,0.6067864271457086,1,0.4612187563591168,0.9534930139720559,500
precip_y2011,marginal,all,-0.3686,0.3016,4,-1.1167,24,9,0.7124002809157282,-0.6311,-0.1673,0.6635,-0.0481,0.874251497005988,1,0.8799817800524083,0.9534930139720559,500
precip_y2012,marginal,all,-1.706,0.4053,4,-1.4604,24,9,0.08801493356795252,-1.139,-0.3167,0.053,-0.0128,0.5429141716566867,1,0.3167564088594597,0.9534930139720559,500
precip_y2013,marginal,all,-0.7985,0.3766,4,-1.3882,24,11,0.4245850732170719,-0.8501,-0.2837,0.4975,0.0407,0.8762475049900199,1,0.6817623175656983,0.9534930139720559,500
precip_y2014,marginal,all,-0.7595,0.3541,4,-1.2102,24,8,0.44753139139317977,-0.2564,-0.5599,0.2986,-0.0018,0.7624750499001997,1,0.7042115045615213,0.9534930139720559,500
precip_y2015,marginal,all,-0.9779,0.4913,4,-1.2016,24,10,0.3281187415746795,-1.1818,-0.3003,0.4089,0.104,0.5548902195608783,1,0.6356922595001616,0.9534930139720559,500
precip_y2016,marginal,all,-1.0686,0.383,4,-1.2726,24,12,0.2852280346904763,-1.0024,-0.0456,0.0919,0.1053,0.4291417165668663,1,0.593696872207584,0.9534930139720559,500
precip_y2017,marginal,all,-0.1638,0.3092,4,-0.2965,24,9,0.8699248964058294,0.1891,-0.4517,0.1794,0.0161,0.8283433133732535,1,0.931194534775852,0.9534930139720559,500
precip_y2018,marginal,all,-0.8603,0.2603,4,-0.9407,24,11,0.38961665617157304,-0.5982,-0.2006,0.3124,0.0385,0.7624750499001997,1,0.6478241442852782,0.9534930139720559,500
precip_y2019,marginal,all,-1.6822,0.5568,4,-1.4981,24,11,0.09252568996831263,-1.5379,-0.2778,-0.1471,0.057,0.6307385229540918,1,0.3249964860136981,0.9534930139720559,500
soil_aluminium_mean_0_20,marginal,all,-1.2309,0.1811,4,-0.3955,24,10,0.21837644144773005,0.2833,-0.215,-0.4477,-0.1277,0.3532934131736527,1,0.5358242740238535,0.9534930139720559,500
soil_aluminium_mean_20_50,marginal,all,-3.0642,0.1925,4,-2.1571,24,6,0.002182652970338484,-0.5598,-0.3195,-0.3717,-0.0802,0.26746506986027946,0.9940119760479041,0.07613942658892986,0.9534930139720559,500
soil_aluminium_stdev_0_20,marginal,all,3.1473,0.3899,4,2.3739,24,21,0.0016477547248246215,0.9509,0.5443,0.9518,0.1039,0.03592814371257485,0.9860279441117764,0.06614558252510266,0.8413173652694611,500
soil_aluminium_stdev_20_50,marginal,all,2.7475,0.4352,4,2.2703,24,19,0.006004720316455409,1.1213,0.5247,0.7657,0.0528,0.11976047904191617,1,0.12052331492314071,0.9534930139720559,500
soil_calcium_mean_0_20,marginal,all,2.0126,0.188,4,1.3145,24,15,0.044156626757192466,0.594,0.0044,0.1371,0.1311,0.592814371257485,1,0.23861561766867467,0.9534930139720559,500
soil_calcium_mean_20_50,marginal,all,3.5826,0.1663,4,2.0576,24,17,3.4024959274686135e-4,0.5948,0.3025,0.3537,0.1305,0.0718562874251497,0.8143712574850299,0.02390253389046701,0.9534930139720559,500
soil_calcium_stdev_0_20,marginal,all,-2.5429,0.3501,4,-1.882,24,8,0.010993565585353289,-0.8731,-0.5641,-0.3223,-0.0818,0.40119760479041916,1,0.13892419227122144,0.9534930139720559,500
soil_calcium_stdev_20_50,marginal,all,-2.7529,0.3581,4,-2.0107,24,8,0.005907130681378881,-1.0093,-0.5275,-0.4009,-0.1041,0.38323353293413176,1,0.12052331492314071,0.9534930139720559,500
soil_cec_mean_0_20,marginal,all,1.8312,0.3491,4,1.2082,24,14,0.06706823167283596,0.8233,-0.0714,0.6374,-0.018,0.17165668662674652,1,0.29716646782381845,0.9534930139720559,500
soil_cec_mean_20_50,marginal,all,2.4097,0.3286,4,1.6157,24,16,0.015967645777738772,0.8723,0.2545,0.5543,-0.0025,0.26147704590818366,1,0.1414181040408294,0.9534930139720559,500
soil_cec_stdev_0_20,marginal,all,-1.7258,0.2982,4,-1.711,24,6,0.0843886809053988,-0.9045,-0.1149,-0.0273,-0.0386,0.4031936127744511,1,0.3161762577922275,0.9534930139720559,500
soil_cec_stdev_20_50,marginal,all,-2.2764,0.3266,4,-1.7959,24,8,0.022821368592269724,-0.9226,-0.1859,-0.4612,-0.0071,0.16367265469061876,1,0.16443088652378957,0.9534930139720559,500
soil_iron_mean_0_20,marginal,all,-0.6863,0.3847,4,0.0904,24,9,0.49250897113975106,0.5294,-0.412,-0.6894,0.0168,0.3852295409181637,1,0.7365254609665142,0.9534930139720559,500
soil_iron_mean_20_50,marginal,all,-2.1106,0.2774,4,-1.5071,24,9,0.03480973665614615,-0.095,-0.36870000000000003,-0.8055,-0.0076,0.4151696606786427,1,0.2126420869647189,0.9534930139720559,500
soil_iron_stdev_0_20,marginal,all,-0.9154,0.2863,4,-0.3001,24,11,0.35996205147347876,-0.4224,0.2181,-0.5661,0.1439,0.4171656686626746,1,0.6356922595001616,0.9534930139720559,500
soil_iron_stdev_20_50,marginal,all,-1.7613,0.4421,4,-1.5148,24,7,0.07818842348868006,-0.7713,-0.3523,-0.6794,0.186,0.2215568862275449,1,0.3094499577509732,0.9534930139720559,500
soil_magnesium_mean_0_20,marginal,all,2.2786,0.2016,4,1.2855,24,14,0.0226917497030382,0.597,-0.0052,0.3329,0.1345,0.6786427145708582,1,0.16443088652378957,0.9534930139720559,500
soil_magnesium_mean_20_50,marginal,all,3.8225,0.1441,4,2.1504,24,18,1.321005940727862e-4,0.5759,0.2521,0.3603,0.1467,0.12974051896207583,0.7145708582834331,0.01721435070878856,0.9534930139720559,500
soil_magnesium_stdev_0_20,marginal,all,-2.4613,0.3497,4,-2.0151,24,6,0.013842980012790747,-0.8455,-0.5122,-0.3885,-0.0417,0.4530938123752495,1,0.13892419227122144,0.9534930139720559,500
soil_magnesium_stdev_20_50,marginal,all,-2.5197,0.3382,4,-2.0409,24,6,0.011746593604656566,-0.9109,-0.47,-0.33,-0.062,0.5409181636726547,1,0.13892419227122144,0.9534930139720559,500
soil_phosphorus_mean_0_20,marginal,all,1.3791,0.3204,4,0.3462,24,16,0.16787748065583785,-0.4293,0.2388,0.9603,0.182,0.1536926147704591,1,0.4492721148980041,0.9534930139720559,500
soil_phosphorus_mean_20_50,marginal,all,0.9243,0.3662,4,0.1166,24,17,0.3553060703007498,-0.6161,0.3931,0.7277,0.1986,0.20958083832335328,1,0.6356922595001616,0.9534930139720559,500
soil_phosphorus_stdev_0_20,marginal,all,1.399,0.3482,4,1.5639,24,16,0.16181201080779395,0.9131,0.3835,-0.5353,0.2017,0.8263473053892215,1,0.441448301330001,0.9534930139720559,500
soil_phosphorus_stdev_20_50,marginal,all,0.2281,0.3789,4,0.5136,24,13,0.819589097985308,0.7334,-0.2899,-0.385,0.1146,0.6766467065868264,1,0.9247314626071622,0.9534930139720559,500
soil_potassium_mean_0_20,marginal,all,-0.3299,0.3065,4,-1.1206,24,9,0.7414467626111547,-0.2549,-0.3764,0.3583,0.0969,0.6646706586826348,1,0.8865697253881148,0.9534930139720559,500
soil_potassium_mean_20_50,marginal,all,-0.2344,0.3536,4,-0.8381,24,11,0.8146934590715436,-0.8022,0.2374,0.2305,0.1486,0.6606786427145709,1,0.9231002499963861,0.9534930139720559,500
soil_potassium_stdev_0_20,marginal,all,-2.3969,0.2623,4,-1.646,24,6,0.016533985197228335,0.0176,-0.4681,-0.775,-0.1309,0.18762475049900199,1,0.1414181040408294,0.9534930139720559,500
soil_potassium_stdev_20_50,marginal,all,-0.7277,0.3648,4,-0.1077,24,8,0.46682417483218175,0.5989,-0.4466,-0.5481,-0.1483,0.3033932135728543,1,0.709068070961314,0.9534930139720559,500
soil_sulfur_mean_0_20,marginal,all,-1.8095,0.3885,4,-1.5654,24,8,0.07036815793613926,-0.1379,-0.6278,-0.6925,0.0024,0.07984031936127745,1,0.2995977633341687,0.9534930139720559,500
soil_sulfur_mean_20_50,marginal,all,-1.917,0.2789,4,-1.9345,24,4,0.05523775944772209,-0.1604,-0.5586,-0.3174,-0.0759,0.17365269461077845,1,0.2723124632422791,0.9534930139720559,500
soil_sulfur_stdev_0_20,marginal,all,-0.67490000000000006,0.2843,4,-1.269,24,6,0.49972709216150724,-0.1154,-0.451,0.1893,0.0141,0.29141716566866266,1,0.7365254609665142,0.9534930139720559,500
soil_sulfur_stdev_20_50,marginal,all,-1.6025,0.177,4,-1.8885,24,5,0.10904863651676687,-0.0691,-0.374,-0.0796,-0.0653,0.029940119760479042,1,0.35005859892613816,0.8413173652694611,500
soil_totalcarbon_mean_0_20,marginal,all,-2.8097,0.3579,4,-2.0253,24,4,0.004959282827698375,-0.807,-0.5848,-0.6219,-0.0772,0.11377245508982035,1,0.11612987288193695,0.9534930139720559,500
soil_totalcarbon_mean_20_50,marginal,all,-2.6196,0.3608,4,-1.8801,24,6,0.00880223884017672,-0.7356,-0.6145,-0.5438,-0.0656,0.38922155688622756,1,0.13741272856053657,0.9534930139720559,500
soil_zinc_mean_0_20,marginal,all,-1.885,0.5477,4,-1.4738,24,8,0.05943167326704609,-1.3385,-0.5633,-0.2548,0.0588,0.1157684630738523,1,0.2759585110733812,0.9534930139720559,500
soil_zinc_mean_20_50,marginal,all,-2.0458,0.5506,4,-1.5257,24,7,0.04077512040536372,-1.3896,-0.5305,-0.4239,0.0517,0.09580838323353294,1,0.224662918311906,0.9534930139720559,500
soil_zinc_stdev_0_20,marginal,all,-3.1873,0.1087,4,-3.7114,24,7,0.001436175020883807,-0.1447,-0.365,-0.0199,-0.199,0.09580838323353294,0.9800399201596807,0.06614558252510266,0.9534930139720559,500
soil_zinc_stdev_20_50,marginal,all,-2.2236,0.1433,4,-1.9949,24,8,0.02617724651859607,0.1227,-0.2781,-0.4359,-0.1549,0.07984031936127745,1,0.17513824456489277,0.9534930139720559,500
soilgrids_cec,marginal,all,-0.8697,0.5355,3,-0.8877,18,8,0.3844774957996516,-0.8759,NA,-0.0336,0.086,0.2435129740518962,1,0.6430843828553697,0.9534930139720559,500
soilgrids_clay,marginal,all,-1.0797,0.202,3,-1.1739,18,7,0.280259847025349,-0.1876,NA,-0.3432,0.0598,0.18762475049900199,1,0.589384934118738,0.9534930139720559,500
soilgrids_nitrogen,marginal,all,-1.7996,0.6105,3,-1.2149,18,6,0.0719168924141563,-1.1884,NA,-0.6169,-0.1298,0.11976047904191617,1,0.30162159355787943,0.9534930139720559,500
soilgrids_organic_carbon,marginal,all,-1.253,0.5595,3,-1.2231,18,4,0.21022108114059349,-1.1238,NA,0.0556,-0.1602,0.3193612774451098,1,0.5358242740238535,0.9534930139720559,500
soilgrids_ph,marginal,all,1.5621,0.3981,3,1.04,18,11,0.11826706852881486,0.7764,NA,0.2798,0.0611,0.10379241516966067,1,0.36242519093891934,0.9534930139720559,500
soilgrids_sand,marginal,all,1.0358,0.2092,3,1.0035,18,12,0.3002761822397188,0.0662,NA,0.447,-0.043,0.41317365269461076,1,0.6026971943525784,0.9534930139720559,500
soilgrids_silt,marginal,all,-0.1766,0.1314,3,-0.1785,18,9,0.8598291492591791,0.1666,NA,-0.2468,-0.0116,0.9321357285429142,1,0.931194534775852,0.9721889554224884,500
spam_parea_total,marginal,all,NA,NA,NA,NA,6,3,NA,NA,NA,0.3272,NA,NA,NA,NA,NA,500
spam_prod_cereals,marginal,all,NA,NA,NA,NA,6,3,NA,NA,NA,0.3802,NA,NA,NA,NA,NA,500
spam_prod_oilcrops,marginal,all,NA,NA,NA,NA,6,2,NA,NA,NA,0.0685,NA,NA,NA,NA,NA,500
spam_prod_pulses,marginal,all,NA,NA,NA,NA,6,4,NA,NA,NA,0.5364,NA,NA,NA,NA,NA,500
spam_prod_roots,marginal,all,NA,NA,NA,NA,6,2,NA,NA,NA,-0.0011,NA,NA,NA,NA,NA,500
spam_prod_total,marginal,all,NA,NA,NA,NA,6,3,NA,NA,NA,0.0917,NA,NA,NA,NA,NA,500
spam_prod_vegetables,marginal,all,NA,NA,NA,NA,6,1,NA,NA,NA,0.2051,NA,NA,NA,NA,NA,500
spam_share_cereals,marginal,all,NA,NA,NA,NA,6,5,NA,NA,NA,0.5501,NA,NA,NA,NA,NA,500
spam_share_oilcrops,marginal,all,NA,NA,NA,NA,6,4,NA,NA,NA,-0.1159,NA,NA,NA,NA,NA,500
spam_share_pulses,marginal,all,NA,NA,NA,NA,6,4,NA,NA,NA,0.3938,NA,NA,NA,NA,NA,500
spam_share_roots,marginal,all,NA,NA,NA,NA,6,1,NA,NA,NA,-0.6188,NA,NA,NA,NA,NA,500
spam_share_vegetables,marginal,all,NA,NA,NA,NA,6,2,NA,NA,NA,0.2601,NA,NA,NA,NA,NA,500
tclim_aet_t0,marginal,all,-2.198,0.263,4,-1.7469,24,8,0.02794558064772448,-0.5891,-0.3741,-0.2691,-0.0021,0.0658682634730539,1,0.18262112004675765,0.9534930139720559,500
tclim_def_t0,marginal,all,1.7642,0.2764,4,1.5093,24,16,0.07769684661582313,0.1417,0.5077,0.3427,0.0306,0.17365269461077845,1,0.3094499577509732,0.9534930139720559,500
tclim_pdsi_t0,marginal,all,1.079,0.4243,4,0.7229,24,13,0.28058219209453655,0.9456,-0.2986,0.2716,0.044,0.2774451097804391,1,0.589384934118738,0.9534930139720559,500
tclim_pet_t0,marginal,all,0.882,0.3497,4,0.1259,24,13,0.37779575564600354,-0.4606,0.4392,0.6142,0.0516,0.3812375249500998,1,0.6356922595001616,0.9534930139720559,500
tclim_pr_t0,marginal,all,-2.5022,0.3658,4,-2.1464,24,5,0.012343019523993044,-0.7445,-0.4679,-0.7089,0.0078,0.001996007984031936,1,0.13892419227122144,0.280439121756487,500
tclim_ro_t0,marginal,all,-2.4702,0.4154,4,-2.1174,24,6,0.013504123604119211,-0.9227,-0.462,-0.7641,0.0218,0.001996007984031936,1,0.13892419227122144,0.280439121756487,500
tclim_soil_t0,marginal,all,-1.7817,0.2604,4,-1.5333,24,9,0.07480467918945663,-0.769,-0.0317,-0.1912,-0.0224,0.37924151696606784,1,0.30911933606231345,0.9534930139720559,500
tclim_srad_t0,marginal,all,0.3076,0.3976,4,-0.5261,24,14,0.7583765700014237,-0.691,0.3499,0.6333,-0.0307,0.45109780439121755,1,0.8881394935625128,0.9534930139720559,500
tclim_tmmn_t0,marginal,all,-0.8051,0.1888,4,-0.0742,24,13,0.4207414959708977,-0.1669,0.0869,-0.5052,0.1306,0.4251497005988024,1,0.6794733354472544,0.9534930139720559,500
tclim_tmmx_t0,marginal,all,2.3161,0.4495,4,1.9734,24,17,0.020551277317823215,1.1748,0.6323,0.237,0.0789,0.6367265469061876,1,0.16041413684189787,0.9534930139720559,500
tclim_vap_t0,marginal,all,-1.9571,0.5462,4,-1.684,24,8,0.050330972986319694,-1.2763,-0.5018,-0.5095,0.1077,0.1596806387225549,1,0.2571455165301061,0.9534930139720559,500
tclim_vpd_t0,marginal,all,2.3954,0.4909,4,2.0698,24,18,0.01660400504084455,1.4219,0.5242,0.3769,0.0761,0.5828343313373253,1,0.1414181040408294,0.9534930139720559,500
tclim_vs_t0,marginal,all,-1.1484,0.4614,4,-1.2288,24,9,0.25080123258407977,-1.1299,0.2515,-0.1552,-0.0645,0.31137724550898205,1,0.5781728128551097,0.9534930139720559,500
wapor_mean_t0,marginal,all,-0.5988,0.2421,4,-1.3383,24,7,0.5492747166905753,-0.0169,-0.4198,0.392,-0.1723,0.7305389221556886,1,0.7723594710554605,0.9534930139720559,500
wapor_sd_t0,marginal,all,1.9729,0.2388,4,1.6794,24,16,0.04850896328737755,0.2069,0.3407,0.5246,-0.0285,0.23952095808383234,1,0.25350568525659917,0.9534930139720559,500
wsf,marginal,all,-0.6004,0.3033,4,-1.3355,24,10,0.5482535420503585,-0.6519,-0.1963,0.4138,0.0781,0.5788423153692615,1,0.7723594710554605,0.9534930139720559,500
access_healthcare_min,region_partialed,shared,1.6918,0.1912,4,1.129,16,11,0.0906772825946202,0.09,0.1582,0.659,-0.0426,0.2375249500998004,1,0.43186976964556395,0.9971168773563983,500
aef_A00,region_partialed,shared,-0.3289,0.2969,4,-0.4398,16,10,0.742237686483699,0.1309,-0.0559,0.2365,-0.4535,0.8502994011976048,1,0.9322991072144511,0.9971168773563983,500
aef_A01,region_partialed,shared,1.3938,0.2124,4,1.0478,16,8,0.16337152478597344,0.5055,-0.0669,0.1231,0.1105,0.3872255489021956,1,0.5850688946793087,0.9971168773563983,500
aef_A02,region_partialed,shared,2.4371,0,4,0.7604,16,10,0.014807497394884211,0.1811,0.0387,0.1644,0.0891,0.06387225548902195,1,0.18090898991141147,0.6382407598595913,500
aef_A03,region_partialed,shared,1.5692,0.1309,4,1.0685,16,11,0.11659915122879609,0.0414,0.1188,0.5188,-0.0084,0.25149700598802394,1,0.512560617758671,0.9971168773563983,500
aef_A04,region_partialed,shared,-0.1306,0.2016,4,-0.397,16,9,0.8960870935570163,0.0664,-0.1641,0.4395,-0.2498,0.9441117764471058,1,0.9636935102529536,0.9971168773563983,500
aef_A05,region_partialed,shared,0.1962,0.1248,4,0.2016,16,7,0.8444217001932476,-0.012,-0.0407,-0.1764,0.1819,0.93812375249501,1,0.9442237181715413,0.9971168773563983,500
aef_A06,region_partialed,shared,-2.0848,0.1673,4,-1.8293,16,7,0.03708604256100807,-0.3251,-0.0356,-0.5549,-0.035,0.11776447105788423,1,0.30650523410715497,0.7826208049018243,500
aef_A07,region_partialed,shared,0.2885,0.2729,4,-0.3815,16,8,0.7729474661929203,-0.1837,0.0851,0.6203,-0.2542,0.8962075848303394,1,0.9322991072144511,0.9971168773563983,500
aef_A08,region_partialed,shared,-0.8437,0.2565,4,-1.4756,16,6,0.3988206640281927,-0.0406,-0.3886,0.4647,-0.3627,0.6646706586826348,1,0.7811182600466512,0.9971168773563983,500
aef_A09,region_partialed,shared,-1.886,0.12,4,-1.3741,16,6,0.059299189268271754,-0.094,0.0095,-0.4083,-0.192,0.13972055888223553,1,0.36224069966052963,0.8241476231211047,500
aef_A10,region_partialed,shared,-0.9181,0.2005,4,0.3966,16,10,0.3585827863433843,-0.0946,0.1233,-0.6339,0.0363,0.626746506986028,1,0.7606580677660086,0.9971168773563983,500
aef_A11,region_partialed,shared,-2.0472,0.2639,4,-1.6888,16,4,0.04063659498279532,0.0682,-0.2047,-1.0114,-0.1254,0.11976047904191617,1,0.30861846459906717,0.7826208049018243,500
aef_A12,region_partialed,shared,-1.2001,0.328,4,-0.8517,16,6,0.23010249427835683,0.1509,0.0798,-0.7306,-0.3793,0.49101796407185627,1,0.6531192009314977,0.9971168773563983,500
aef_A13,region_partialed,shared,-0.6834,0.1321,4,-1.7055,16,4,0.4943441426124161,-0.2924,-0.0842,0.2796,-0.0124,0.7485029940119761,1,0.8177385123456539,0.9971168773563983,500
aef_A14,region_partialed,shared,1.1128,0.3577,4,-0.3576,16,9,0.2657787381883539,0.0287,-0.0195,1.1207,-0.1948,0.530938123752495,1,0.6918446392945314,0.9971168773563983,500
aef_A15,region_partialed,shared,-0.8662,0.1906,4,-0.4929,16,8,0.38639775259464276,-0.0023,0.1361,-0.4238,-0.1723,0.6506986027944112,1,0.7811182600466512,0.9971168773563983,500
aef_A16,region_partialed,shared,0.66,0.1284,4,0.8637,16,9,0.509264799339289,-0.042,-0.0753,0.201,0.1708,0.7644710578842315,1,0.8224333828410357,0.9971168773563983,500
aef_A17,region_partialed,shared,0.4843,0.0497,4,0.2294,16,9,0.6281848488513939,-0.0857,0.0102,0.2812,0.0272,0.8203592814371258,1,0.9100154254440163,0.9971168773563983,500
aef_A18,region_partialed,shared,-1.1125,0.1539,4,-0.4797,16,7,0.265904701223521,-0.0952,0.0899,-0.5126,-0.0499,0.5548902195608783,1,0.6918446392945314,0.9971168773563983,500
aef_A19,region_partialed,shared,-0.553,0.3722,4,0.2595,16,9,0.5802379552526833,0.4342,0.1456,-1.0055,-0.0857,0.7784431137724551,1,0.8740210204844567,0.9971168773563983,500
aef_A20,region_partialed,shared,0.6787,0.1438,4,1.7401,16,10,0.49735140890853513,0.127,0.2155,-0.3631,0.0765,0.7365269461077845,1,0.8177385123456539,0.9971168773563983,500
aef_A21,region_partialed,shared,-1.078,0.0939,4,-0.7896,16,6,0.2810404181585035,-0.2277,-0.0544,-0.1519,0.0553,0.5588822355289421,1,0.705846592986107,0.9971168773563983,500
aef_A22,region_partialed,shared,-1.3125,0.1082,4,-0.9934,16,6,0.1893656030087969,-0.0272,-0.0421,-0.4864,-0.0125,0.4351297405189621,1,0.6060716724489722,0.9971168773563983,500
aef_A23,region_partialed,shared,-1.4074,0.2932,4,-0.44,16,7,0.15931467424549148,0.2422,-0.0598,-0.8424,-0.2899,0.35728542914171657,1,0.5850688946793087,0.9971168773563983,500
aef_A24,region_partialed,shared,1.9578,0.0995,4,1.7193,16,8,0.050253324822411384,-0.0634,0.2411,0.2216,0.1097,0.12974051896207583,1,0.3287038909580737,0.8241476231211047,500
aef_A25,region_partialed,shared,-1.2773,0.2034,4,-0.3728,16,7,0.201487052242521,0.0501,-0.031,-0.755,0.0018,0.4231536926147705,1,0.6060716724489722,0.9971168773563983,500
aef_A26,region_partialed,shared,0.7346,0.1952,4,-0.1626,16,9,0.4625554702589264,-0.148,0.0958,0.5863,-0.0824,0.7125748502994012,1,0.7974115775629345,0.9971168773563983,500
aef_A27,region_partialed,shared,-0.0593,0.2584,4,0.3362,16,9,0.9526851974628163,0.3042,0.1037,-0.188,-0.2656,0.9720558882235529,1,0.9855997080117049,0.9971168773563983,500
aef_A28,region_partialed,shared,0.2257,0.1675,4,0.8943,16,8,0.821403174274036,0.2118,0.1618,-0.4306,0.0013,0.9141716566866267,1,0.9322991072144511,0.9971168773563983,500
aef_A29,region_partialed,shared,0.6691,0.2054,4,-0.1766,16,9,0.5034475538640503,-0.1014,-0.1328,0.6257,0.0534,0.6926147704590818,1,0.8177385123456539,0.9971168773563983,500
aef_A30,region_partialed,shared,-1.3833,0.3242,4,-0.4125,16,9,0.16656765684820174,-0.2224,0.0637,-1.0127,0.1182,0.37524950099800397,1,0.5850688946793087,0.9971168773563983,500
aef_A31,region_partialed,shared,2.0219,0,4,1.33,16,11,0.04318986592176323,0.1141,0.055,0.3066,0.0437,0.09580838323353294,1,0.31937769273724914,0.7527576426095177,500
aef_A32,region_partialed,shared,0.9994,0.3871,4,-0.1476,16,8,0.3176087781410748,-0.1118,-0.2349,1.1643,0.0763,0.5748502994011976,1,0.7262649150910867,0.9971168773563983,500
aef_A33,region_partialed,shared,-2.9282,0.0623,4,-2.2206,16,6,0.003408815791572044,-0.0334,-0.2276,-0.2849,-0.0963,0.017964071856287425,0.9920159680638723,0.05634571984892615,0.37391882900864937,500
aef_A34,region_partialed,shared,-0.5897,0.1955,4,0.1189,16,5,0.5553794706676758,-0.0951,-0.0876,-0.376,0.1982,0.7644710578842315,1,0.8622189572244027,0.9971168773563983,500
aef_A35,region_partialed,shared,-1.1635,0.1382,4,-0.784,16,5,0.24461139276591928,-0.056,0.0217,-0.5435,-0.0041,0.4750499001996008,1,0.6805524887843892,0.9971168773563983,500
aef_A36,region_partialed,shared,-1.4517,0.104,4,-1.314,16,7,0.1465807182099723,-0.0958,-0.1689,-0.2631,0.0386,0.3013972055888224,1,0.5850688946793087,0.9971168773563983,500
aef_A37,region_partialed,shared,0.2503,0.2133,4,0.5715,16,10,0.802373301833889,0.1161,0.2508,-0.1485,-0.1412,0.9041916167664671,1,0.9322991072144511,0.9971168773563983,500
aef_A38,region_partialed,shared,-0.8903,0.2133,4,-0.5602,16,8,0.37331986116152416,0.052,0.0239,-0.1331,-0.3464,0.6666666666666666,1,0.765714459754659,0.9971168773563983,500
aef_A39,region_partialed,shared,-0.7037,0.2373,4,-0.0188,16,9,0.4816034095629385,-0.1315,0.0749,-0.6366,0.1949,0.7325349301397206,1,0.8177385123456539,0.9971168773563983,500
aef_A40,region_partialed,shared,-2.2633,0.2933,4,-2.1893,16,4,0.023618718958419174,-0.1717,-0.2907,-1.0428,-0.0042,0.0658682634730539,1,0.23703071526127817,0.6382407598595913,500
aef_A41,region_partialed,shared,-0.2366,0.0189,4,-0.3498,16,10,0.8129922607895264,0.1023,-0.0663,-0.1278,0.0197,0.9141716566866267,1,0.9322991072144511,0.9971168773563983,500
aef_A42,region_partialed,shared,-1.8115,0.208,4,-1.1041,16,7,0.07006130390214324,-0.046,-0.0744,-0.8273,-0.0423,0.19760479041916168,1,0.3860240469902402,0.9347970725216235,500
aef_A43,region_partialed,shared,0.2367,0.2507,4,-0.9639,16,6,0.812899553428873,0.0129,-0.253,0.668,-0.1582,0.8962075848303394,1,0.9322991072144511,0.9971168773563983,500
aef_A44,region_partialed,shared,-0.5497,0.0895,4,-0.7316,16,8,0.5824948158757053,0.1685,-0.1015,-0.003,-0.108,0.7425149700598802,1,0.8740210204844567,0.9971168773563983,500
aef_A45,region_partialed,shared,0.7533,0.2685,4,0.0144,16,9,0.45129675683278125,0.0214,0.3324,0.2622,-0.1601,0.6746506986027944,1,0.7968030365683854,0.9971168773563983,500
aef_A46,region_partialed,shared,-1.3466,0.2145,4,-0.2431,16,7,0.17811387837208487,-0.1049,0.0495,-0.7548,0.0172,0.3652694610778443,1,0.6030120460548897,0.9971168773563983,500
aef_A47,region_partialed,shared,2.5367,0,4,1.7301,16,12,0.011189761285015726,0.0722,0.0734,0.2779,0.0878,0.03992015968063872,1,0.14435095295503345,0.48772021175041225,500
aef_A48,region_partialed,shared,0.1832,0.1949,4,0.8369,16,9,0.8546751333521407,0.0182,0.2423,-0.4941,0.1478,0.936127744510978,1,0.9442237181715413,0.9971168773563983,500
aef_A49,region_partialed,shared,-3.213,0,4,-2.1033,16,5,0.001313477946481092,-0.2052,-0.1312,-0.0118,-0.0864,0.02594810379241517,0.9720558882235529,0.02460582019741246,0.42890689209815663,500
aef_A50,region_partialed,shared,1.8129,0.1069,4,1.8972,16,9,0.0698418713643132,-0.0643,0.2586,0.1499,0.1136,0.1536926147704591,1,0.3860240469902402,0.830531245201904,500
aef_A51,region_partialed,shared,2.3518,0.1191,4,2.4572,16,13,0.018681179971690307,-0.0534,0.2771,0.3544,0.1533,0.03992015968063872,1,0.20190044507865296,0.48772021175041225,500
aef_A52,region_partialed,shared,1.0296,0.2374,4,0.308,16,10,0.3031893834616441,0.1991,-0.1159,0.6817,-0.0976,0.5888223552894212,1,0.7211133416696346,0.9971168773563983,500
aef_A53,region_partialed,shared,-1.4032,0.245,4,-0.9266,16,6,0.16056197733987573,-0.1944,0.1019,-0.786,1e-4,0.34930139720558884,1,0.5850688946793087,0.9971168773563983,500
aef_A54,region_partialed,shared,-0.2507,0.2669,4,0.4638,16,10,0.8020140935150086,0.219,-0.1508,-0.5171,0.2247,0.8782435129740519,1,0.9322991072144511,0.9971168773563983,500
aef_A55,region_partialed,shared,0.9659,0.21560000000000001,4,-0.1196,16,9,0.33409360022178786,0.0332,-0.0619,0.7268,-0.0804,0.6207584830339321,1,0.7277542764521114,0.9971168773563983,500
aef_A56,region_partialed,shared,-0.7877,0.1415,4,0.3762,16,7,0.4308881974534439,-0.1091,0.059,-0.4668,0.062,0.6846307385229541,1,0.7968030365683854,0.9971168773563983,500
aef_A57,region_partialed,shared,-0.0174,0.1559,4,1.331,16,12,0.9860956982706113,0.0659,0.1006,-0.4923,0.1279,0.9900199600798403,1,0.9955551400480843,0.9971168773563983,500
aef_A58,region_partialed,shared,0.4895,0,4,0.035,16,5,0.6244681322085337,-0.0428,0.0838,-0.0198,-0.0149,0.8043912175648703,1,0.9100154254440163,0.9971168773563983,500
aef_A59,region_partialed,shared,-1.4286,0.2616,4,-0.0959,16,7,0.1531274032071043,-0.0305,-0.0976,-0.8864,0.0854,0.34530938123752497,1,0.5850688946793087,0.9971168773563983,500
aef_A60,region_partialed,shared,-0.4783,0.3132,4,-0.5005,16,9,0.6324453386866832,-0.4658,0.1703,-0.3383,0.2567,0.8203592814371258,1,0.9100154254440163,0.9971168773563983,500
aef_A61,region_partialed,shared,1.1268,0.1582,4,0.4088,16,7,0.25982854440742215,-0.0481,-0.0218,0.5966,0.0578,0.5269461077844312,1,0.6918446392945314,0.9971168773563983,500
aef_A62,region_partialed,shared,0.5937,0.1757,4,-0.7169,16,8,0.5527134462827692,0.1141,-0.1369,0.5021,-0.0753,0.7485029940119761,1,0.8622189572244027,0.9971168773563983,500
aef_A63,region_partialed,shared,0.1915,0.243,4,1.5965,16,10,0.8481503097707903,0.115,0.1924,-0.6351,0.2776,0.9341317365269461,1,0.9442237181715413,0.9971168773563983,500
aod_t0,region_partialed,shared,-0.9159,0.2939,4,-0.6379,16,8,0.359744997319411,-0.4087,0.0919,-0.5437,0.2058,0.5868263473053892,1,0.7606580677660086,0.9971168773563983,500
built_surface,region_partialed,shared,0.8393,0.1587,4,0.6738,16,8,0.40131817876391374,-0.1275,-0.0017,0.2122,0.2405,0.6666666666666666,1,0.7811182600466512,0.9971168773563983,500
built_surface_nres,region_partialed,shared,0.8996,0.1894,4,0.3342,16,8,0.36833834730163545,-0.1149,-0.0493,0.3569,0.2433,0.6526946107784432,1,0.765426334865377,0.9971168773563983,500
dhs_AN_ANEM_W_ANY,region_partialed,shared,-0.0474,0.2049,3,0.9283,12,8,0.9622257943362158,0.2225,NA,-0.3863,0.0571,0.9840319361277445,1,0.9855997080117049,0.9971168773563983,500
dhs_AN_NUTS_W_THN,region_partialed,shared,-0.7687,0.1014,3,-0.2337,12,4,0.44207837480832374,0.0818,NA,-0.2814,-0.0701,0.7125748502994012,1,0.7968030365683854,0.9971168773563983,500
dhs_c_ari_2wk,region_partialed,shared,-3.7571,0,3,-2.1443,12,3,1.7186073796104492e-4,-0.1416,NA,-0.3433,-0.1565,0.005988023952095809,0.8303393213572854,0.0060366084208817025,0.28043912175648705,500
dhs_c_bcg,region_partialed,shared,1.2289,0.278,3,0.8038,12,8,0.21911185218196946,0.0322,NA,0.696,-0.0132,0.4251497005988024,1,0.6413586506576399,0.9971168773563983,500
dhs_c_bottle_fed,region_partialed,shared,-0.0134,0,3,-0.0299,12,4,0.9893246028678786,0.0892,NA,-0.1371,-0.0116,0.9900199600798403,1,0.9955551400480843,0.9971168773563983,500
dhs_c_diarrhea_2wk,region_partialed,shared,-1.0306,0.251,3,0.391,12,7,0.30271465530918984,0.1263,NA,-0.5981,-0.0886,0.5548902195608783,1,0.7211133416696346,0.9971168773563983,500
dhs_c_diet_diversity_score,region_partialed,shared,-0.5657,0.1938,3,-1.2982,12,3,0.571579472349214,-0.3247,NA,0.161,-0.0086,0.7944111776447106,1,0.8740210204844567,0.9971168773563983,500
dhs_c_dpt1,region_partialed,shared,0.1501,0.161,3,0.2148,12,5,0.8806754473135503,-0.1711,NA,0.3323,-0.0171,0.9441117764471058,1,0.9518069257504139,0.9971168773563983,500
dhs_c_dpt3,region_partialed,shared,0.3441,0.3882,3,-0.2365,12,5,0.7307610376766802,-0.3101,NA,0.7441,-0.1339,0.9021956087824351,1,0.9322991072144511,0.9971168773563983,500
dhs_c_early_initiation,region_partialed,shared,-1.018,0.1945,3,0.2693,12,6,0.30869835577301313,-0.0486,NA,-0.4823,0.0394,0.6167664670658682,1,0.7211133416696346,0.9971168773563983,500
dhs_c_fever_2wk,region_partialed,shared,-1.8449,0.1616,3,-1.2857,12,6,0.06505915847504247,0.0099,NA,-0.4668,-0.2195,0.14171656686626746,1,0.3860240469902402,0.8241476231211047,500
dhs_c_fully_vaccinated,region_partialed,shared,1.0386,0.284,3,0.5261,12,7,0.2989865587847939,-0.082,NA,0.6919,0.0137,0.5548902195608783,1,0.7211133416696346,0.9971168773563983,500
dhs_c_infant_death,region_partialed,shared,-0.8288,0.3017,3,-0.0107,12,6,0.40724393938790293,0.2222,NA,-0.4458,-0.2623,0.6766467065868264,1,0.7811182600466512,0.9971168773563983,500
dhs_c_low_birthweight,region_partialed,shared,0.9206,0.2236,3,0.8741,12,7,0.3572593420715097,0.2659,NA,0.2699,-0.0912,0.6147704590818364,1,0.7606580677660086,0.9971168773563983,500
dhs_c_mean_birthweight,region_partialed,shared,-2.8813,0.3299,3,-3.5575,12,1,0.003960526601720191,-0.4117,NA,-1.109,-0.2791,0.01996007984031936,0.9940119760479041,0.0618282208379652,0.37391882900864937,500
dhs_c_mean_haz,region_partialed,shared,-0.1795,0.2422,3,0.7315,12,5,0.8575803777653982,-0.0328,NA,-0.3469,0.2197,0.9620758483033932,1,0.9442237181715413,0.9971168773563983,500
dhs_c_mean_waz,region_partialed,shared,-0.7098,0.1117,3,-0.8847,12,5,0.4778108255051713,0.0405,NA,-0.3382,-0.0097,0.718562874251497,1,0.8177385123456539,0.9971168773563983,500
dhs_c_mean_whz,region_partialed,shared,-0.7411,0.0658,3,-1.4628,12,4,0.4586580163982188,-0.0018,NA,0.1267,-0.1184,0.7145708582834331,1,0.7974115775629345,0.9971168773563983,500
dhs_c_measles1,region_partialed,shared,0.7383,0.3415,3,0.0533,12,7,0.4603581514599344,-0.0034,NA,0.6915,-0.1624,0.7385229540918163,1,0.7974115775629345,0.9971168773563983,500
dhs_c_min_diet_diversity,region_partialed,shared,-0.3565,0.1386,3,-1.3492,12,5,0.721502071997556,-0.2081,NA,0.2404,-0.0457,0.8842315369261478,1,0.9306843952144901,0.9971168773563983,500
dhs_c_neonatal_death,region_partialed,shared,0.5732,0.5479,3,0.0964,12,6,0.566522643606282,0.0789,NA,0.893,-0.3764,0.8043912175648703,1,0.8740210204844567,0.9971168773563983,500
dhs_c_no_vaccination,region_partialed,shared,-1.6729,0.2466,3,-2.0026,12,4,0.0943471216211713,-0.1032,NA,-0.7001,-0.0624,0.11776447105788423,1,0.43461542910736284,0.7826208049018243,500
dhs_c_overweight,region_partialed,shared,0.2839,0.2987,3,-1.3851,12,5,0.7764717252149809,-0.2644,NA,0.5749,-0.0828,0.9301397205588823,1,0.9322991072144511,0.9971168773563983,500
dhs_c_polio3,region_partialed,shared,0.7875,0.318,3,0.0587,12,6,0.43101260722126594,-0.1893,NA,0.7015,0.0128,0.7385229540918163,1,0.7968030365683854,0.9971168773563983,500
dhs_c_severely_stunted,region_partialed,shared,-0.1671,0.2201,3,-1.2454,12,6,0.8672669080125532,-0.1251,NA,0.3653,-0.2138,0.9540918163672655,1,0.9451323289277149,0.9971168773563983,500
dhs_c_severely_wasted,region_partialed,shared,1.6824,0.203,3,1.5007,12,9,0.09249281412603436,0.0666,NA,0.6136,0.0842,0.16966067864271456,1,0.43317467949026095,0.8757572574149945,500
dhs_c_slept_itn,region_partialed,shared,0.5419,0.2095,3,0.7133,12,8,0.5878646721407912,-0.1274,NA,0.0704,0.2514,0.8183632734530938,1,0.8740210204844567,0.9971168773563983,500
dhs_c_small_at_birth,region_partialed,shared,-0.4172,0.156,3,-0.15310000000000001,12,8,0.6765058556425074,0.1105,NA,-0.3731,0.0201,0.8602794411177644,1,0.9204755989211605,0.9971168773563983,500
dhs_c_stunted,region_partialed,shared,-0.8263,0.134,3,-0.5104,12,6,0.4086277018749385,-0.2419,NA,0.1989,-0.0969,0.6806387225548902,1,0.7811182600466512,0.9971168773563983,500
dhs_c_under5_death,region_partialed,shared,-0.7493,0.405,3,0.0426,12,6,0.4536956791848457,0.3126,NA,-0.542,-0.3343,0.7285429141716567,1,0.7968030365683854,0.9971168773563983,500
dhs_c_underweight,region_partialed,shared,-0.2419,0.1984,3,-0.5189,12,6,0.8088812975496273,-0.2309,NA,0.353,-0.1191,0.9321357285429142,1,0.9322991072144511,0.9971168773563983,500
dhs_c_wasted,region_partialed,shared,0.8333,0.2236,3,0.5416,12,7,0.4046573386189487,-0.1703,NA,0.3965,0.174,0.7025948103792415,1,0.7811182600466512,0.9971168773563983,500
dhs_c_zinc_diarrhea,region_partialed,shared,-1.3925,0.2945,3,-0.7533,12,4,0.16377666449519895,-0.1105,NA,-0.7343,0.013,0.32934131736526945,1,0.5850688946793087,0.9971168773563983,500
dhs_CH_DIAT_C_ORT,region_partialed,shared,-1.441,0.0592,3,-1.9913,12,5,0.1495890267734429,-0.1943,NA,0.1002,-0.0798,0.28542914171656686,1,0.5850688946793087,0.9971168773563983,500
dhs_CH_VACC_C_BAS,region_partialed,shared,0.76,0.6039,3,-0.0834,12,4,0.44722684762437825,-0.4075,NA,1.2422,0.0109,0.7085828343313373,1,0.7968030365683854,0.9971168773563983,500
dhs_CH_VACC_C_DP1,region_partialed,shared,1.7477,0.3624,3,1.8316,12,10,0.08051598543646907,0.1463,NA,0.9846,0.0787,0.1437125748502994,1,0.40401771263656805,0.8241476231211047,500
dhs_CH_VACC_C_DP3,region_partialed,shared,0.4032,0.2949,3,0.1666,12,8,0.6868020714077606,-0.3027,NA,0.437,0.1253,0.8682634730538922,1,0.923631321706096,0.9971168773563983,500
dhs_CH_VACC_C_MSL,region_partialed,shared,2.0099,0.2073,3,1.907,12,11,0.04443924392004769,0.1865,NA,0.6333,0.0848,0.08383233532934131,1,0.3201904497829077,0.7361526946107784,500
dhs_CH_VACC_C_NON,region_partialed,shared,-2.2655,0.1602,3,-2.1088,12,4,0.02348210007069396,-0.0987,NA,-0.5837,-0.169,0.059880239520958084,1,0.23703071526127817,0.623198048347749,500
dhs_CM_ECMR_C_NNR,region_partialed,shared,0.5923,0.3999,3,-0.3884,12,4,0.5536557988031576,-0.2979,NA,0.8089,-0.0306,0.8183632734530938,1,0.8622189572244027,0.9971168773563983,500
dhs_CN_ANMC_C_ANY,region_partialed,shared,-0.3837,0.3107,3,0.5882,12,7,0.7011844389083302,0.3168,NA,-0.5267,-0.0601,0.872255489021956,1,0.9260202628448921,0.9971168773563983,500
dhs_CN_BRFS_C_EXB,region_partialed,shared,0.7823,1.055,2,0.144,8,4,0.4340529697859571,-0.1591,NA,1.3436,NA,0.6826347305389222,1,0.7968030365683854,0.9971168773563983,500
dhs_CN_NUTS_C_HA2,region_partialed,shared,0.2567,0.1581,3,-0.6694,12,6,0.7973923122778411,-8e-4,NA,0.3162,-0.1182,0.8962075848303394,1,0.9322991072144511,0.9971168773563983,500
dhs_CN_NUTS_C_WH2,region_partialed,shared,-0.3879,0.2347,3,-0.823,12,5,0.6981082682628352,-0.3548,NA,0.2966,-0.0533,0.8802395209580839,1,0.9260202628448921,0.9971168773563983,500
dhs_FP_CUSA_W_MOD,region_partialed,shared,0.5473,0.3358,3,-0.232,12,5,0.584145677123817,-0.2776,NA,0.665,0.007,0.8063872255489022,1,0.8740210204844567,0.9971168773563983,500
dhs_FP_NADA_W_UNT,region_partialed,shared,0.0974,0.2645,3,0.2685,12,5,0.9224475005245161,0.331,NA,-0.1736,-0.1249,0.9740518962075848,1,0.9744652167195077,0.9971168773563983,500
dhs_hh_crowding,region_partialed,shared,0.8544,0.5077,3,0.7563,12,9,0.39287479342942394,0.2407,NA,0.8421,-0.2741,0.6826347305389222,1,0.7811182600466512,0.9971168773563983,500
dhs_hh_electricity,region_partialed,shared,1.473,0.1129,3,1.2026,12,7,0.14075584150351128,-0.0376,NA,0.2159,0.2025,0.2634730538922156,1,0.5732230646737199,0.9971168773563983,500
dhs_hh_fridge,region_partialed,shared,1.3039,0.0886,3,0.7153,12,7,0.19227429498128581,-0.03,NA,0.3144,0.0989,0.36726546906187624,1,0.6060716724489722,0.9971168773563983,500
dhs_hh_handwash_facility,region_partialed,shared,3.3155,0.0844,3,2.281,12,10,9.146823446543056e-4,0.156,NA,0.4861,0.2053,0.011976047904191617,0.9520958083832335,0.02141881157065499,0.33652694610778444,500
dhs_hh_improved_floor,region_partialed,shared,1.5251,0.1464,3,0.9682,12,7,0.12724160174642865,-0.0354,NA,0.419,0.1617,0.2774451097804391,1,0.5417407589507038,0.9971168773563983,500
dhs_hh_improved_sanitation,region_partialed,shared,4.0943,0,3,2.0113,12,8,4.235068847880856e-5,0.1322,NA,0.3063,0.1866,0.011976047904191617,0.7125748502994012,0.0017000776375064581,0.33652694610778444,500
dhs_hh_improved_water,region_partialed,shared,4.1919,0,3,2.0866,12,8,2.7658046449918654e-5,0.1073,NA,0.1035,0.2276,0.011976047904191617,0.6706586826347305,0.0012953185087378571,0.33652694610778444,500
dhs_hh_itn_any,region_partialed,shared,1.9529,0.226,3,1.3055,12,7,0.050836301061735124,0.1035,NA,0.705,0.127,0.0998003992015968,1,0.3287038909580737,0.7527576426095177,500
dhs_hh_mean_hhsize,region_partialed,shared,0.67,0.5379,3,0.7725,12,9,0.5028633333198542,0.7556,NA,0.0389,-0.1576,0.7744510978043913,1,0.8177385123456539,0.9971168773563983,500
dhs_hh_open_defecation,region_partialed,shared,-0.3827,0.2197,3,-1.8403,12,3,0.7019299501279788,0.0612,NA,0.1127,-0.2759,0.8642714570858283,1,0.9260202628448921,0.9971168773563983,500
dhs_hh_radio,region_partialed,shared,0.2436,0.0841,3,0.2554,12,9,0.8075640236290909,0.1241,NA,-0.2159,0.0306,0.9261477045908184,1,0.9322991072144511,0.9971168773563983,500
dhs_hh_soap_available,region_partialed,shared,-0.2337,0.0415,3,-0.3303,12,6,0.8152097615335134,-0.0866,NA,-0.1448,0.0445,0.9201596806387226,1,0.9322991072144511,0.9971168773563983,500
dhs_hh_tv,region_partialed,shared,1.3138,0.0976,3,1.3418,12,6,0.1888992191828238,-0.0278,NA,0.0873,0.1951,0.36127744510978044,1,0.6060716724489722,0.9971168773563983,500
dhs_hh_urban,region_partialed,shared,0.4364,0.268,3,0.1139,12,6,0.6625234374192701,-0.248,NA,0.2701,0.2118,0.874251497005988,1,0.9204755989211605,0.9971168773563983,500
dhs_hh_water_30min,region_partialed,shared,2.0608,0.1113,3,2.2945,12,9,0.039325903944374574,0.0144,NA,0.2504,0.2546,0.08383233532934131,1,0.3069605280102571,0.7361526946107784,500
dhs_hh_water_onpremise,region_partialed,shared,NA,NA,NA,NA,4,2,NA,-0.0285,NA,NA,NA,NA,NA,NA,NA,500
dhs_hh_wealth_mean,region_partialed,shared,1.0141,0.1472,3,0.748,12,8,0.31051499765845475,-0.097,NA,0.2717,0.1706,0.592814371257485,1,0.7211133416696346,0.9971168773563983,500
dhs_hh_wealth_poor,region_partialed,shared,-0.4313,0.1498,3,-0.1075,12,6,0.6662155053776069,0.133,NA,-0.0886,-0.1625,0.8582834331337326,1,0.9204755989211605,0.9971168773563983,500
dhs_hh_wealth_poorest,region_partialed,shared,-1.0539,0,3,0.1608,12,5,0.29191441542308216,0.0415,NA,-0.1714,-0.0602,0.590818363273453,1,0.7211133416696346,0.9971168773563983,500
dhs_ML_NETP_H_IT2,region_partialed,shared,-1.5686,0.2596,3,-1.1488,12,4,0.11673978482759766,-0.3399,NA,-0.4945,0.0145,0.22554890219560877,1,0.512560617758671,0.9971168773563983,500
dhs_RH_ANCN_W_N4P,region_partialed,shared,-1.0222,0.6049,3,0.1844,12,7,0.3067005660472846,0.1608,NA,-1.3634,0.073,0.5848303393213573,1,0.7211133416696346,0.9971168773563983,500
dhs_RH_DELA_C_SKP,region_partialed,shared,2.6455,0.1447,3,2.1771,12,8,0.008156621338230098,0.16,NA,0.5851,0.1787,0.033932135728542916,0.998003992015968,0.11460052980213288,0.48772021175041225,500
dhs_w_anc_visits,region_partialed,shared,5.7554,0,3,1.8417,12,8,8.64357255110885e-9,0.3077,NA,0.2277,0.2497,0.003992015968063872,0.16367265469061876,8.096146289538624e-7,0.2243512974051896,500
dhs_w_anc1,region_partialed,shared,3.3194,0.0675,3,3.291,12,9,9.019777360013451e-4,0.2325,NA,-0.0138,0.2659,0.027944111776447105,0.9520958083832335,0.02141881157065499,0.43623863384342426,500
dhs_w_anc4plus,region_partialed,shared,4.6589,0,3,2.465,12,8,3.1792941501415273e-6,0.2854,NA,0.233,0.1841,0.003992015968063872,0.4750499001996008,1.7867633123795385e-4,0.2243512974051896,500
dhs_w_any_media,region_partialed,shared,-1.2738,0.4162,3,-0.9977,12,2,0.20274283704698712,-0.4905,NA,-0.598,0.1064,0.3652694610778443,1,0.6060716724489722,0.9971168773563983,500
dhs_w_birth_interval_short,region_partialed,shared,-1.3891,0.4541,3,-0.6154,12,3,0.1648068564273222,0.1798,NA,-1.0591,-0.2858,0.27944111776447106,1,0.5850688946793087,0.9971168773563983,500
dhs_w_bmi_low,region_partialed,shared,-0.4776,0.073,3,0.1261,12,3,0.6329286388515696,0.0081,NA,-0.2695,0.0157,0.844311377245509,1,0.9100154254440163,0.9971168773563983,500
dhs_w_bmi_overweight,region_partialed,shared,1.2321,0.333,3,0.605,12,7,0.2178980260026469,-0.1395,NA,0.7956,0.1499,0.4411177644710579,1,0.6413586506576399,0.9971168773563983,500
dhs_w_delivery_csection,region_partialed,shared,0.6998,0.1139,3,-0.0463,12,7,0.4840305956890577,-0.1034,NA,0.2661,0.0854,0.7485029940119761,1,0.8177385123456539,0.9971168773563983,500
dhs_w_delivery_facility,region_partialed,shared,3.016,0.2068,3,3.7357,12,9,0.002561265240537137,0.1495,NA,0.7563,0.3758,0.02594810379241517,0.9880239520958084,0.04498222078693347,0.42890689209815663,500
dhs_w_edu_years_mean,region_partialed,shared,0.2412,0.6803,3,-0.2041,12,6,0.8094051559335835,-0.7415,NA,0.7486,0.296,0.9441117764471058,1,0.9322991072144511,0.9971168773563983,500
dhs_w_health_decision,region_partialed,shared,1.0996,0.1121,3,0.9252,12,8,0.27152215961757964,0.1544,NA,-0.1812,0.1709,0.5049900199600799,1,0.6999791454361456,0.9971168773563983,500
dhs_w_height_low,region_partialed,shared,-0.6836,0.3383,3,0.4083,12,8,0.49424282285486787,0.241,NA,-0.7078,-0.0153,0.7744510978043913,1,0.8177385123456539,0.9971168773563983,500
dhs_w_high_parity,region_partialed,shared,-0.7791,0.3193,3,-0.0489,12,6,0.4359114684566293,0.2142,NA,-0.3446,-0.3333,0.6846307385229541,1,0.7968030365683854,0.9971168773563983,500
dhs_w_listens_radio,region_partialed,shared,0.6907,0.3699,3,-0.5677,12,7,0.489777593161311,-0.2924,NA,0.7319,0.0732,0.7504990019960079,1,0.8177385123456539,0.9971168773563983,500
dhs_w_literate,region_partialed,shared,0.3558,0.6486,3,-0.1094,12,7,0.7220256162162236,-0.6658,NA,0.7688,0.3186,0.874251497005988,1,0.9306843952144901,0.9971168773563983,500
dhs_w_mean_age_first_birth,region_partialed,shared,0.2616,0.1557,3,-0.2242,12,5,0.793592381713313,-0.1555,NA,0.0772,0.1483,0.9261477045908184,1,0.9322991072144511,0.9971168773563983,500
dhs_w_mean_bmi,region_partialed,shared,1.2206,0.3361,3,0.3944,12,6,0.22224699667919942,-0.1536,NA,0.7852,0.1706,0.469061876247505,1,0.6438289285242788,0.9971168773563983,500
dhs_w_mean_parity,region_partialed,shared,-0.7668,0.3418,3,-0.2055,12,6,0.4431782214299893,0.2531,NA,-0.4366,-0.3105,0.7305389221556886,1,0.7968030365683854,0.9971168773563983,500
dhs_w_modern_fp,region_partialed,shared,0.9882,0.2794,3,0.5078,12,4,0.323067127604859,-0.1386,NA,0.657,0.0653,0.590818363273453,1,0.7262649150910867,0.9971168773563983,500
dhs_w_no_education,region_partialed,shared,-0.22,0.6443,3,0.2088,12,6,0.8259060502868382,0.7162,NA,-0.7309,-0.2515,0.936127744510978,1,0.9322991072144511,0.9971168773563983,500
dhs_w_primary_edu,region_partialed,shared,0.2197,0.6442,3,-0.2091,12,6,0.8261298138661861,-0.7162,NA,0.7309,0.2511,0.936127744510978,1,0.9322991072144511,0.9971168773563983,500
dhs_w_reads_newspaper,region_partialed,shared,1.0403,0.6832,3,0.0246,12,7,0.2982231394471772,-0.4472,NA,1.2896,0.4275,0.5409181636726547,1,0.7211133416696346,0.9971168773563983,500
dhs_w_secondary_plus,region_partialed,shared,0.3715,0.6651,3,-0.1508,12,6,0.7102947133221182,-0.6745,NA,0.7835,0.3402,0.872255489021956,1,0.9290445122064522,0.9971168773563983,500
dhs_w_skilled_attendant,region_partialed,shared,7.0204,0,3,3.9866,12,9,2.2123918306190907e-12,0.2359,NA,0.4397,0.3282,0.003992015968063872,0.027944111776447105,3.1084105220198225e-10,0.2243512974051896,500
dhs_w_teen_pregnancy,region_partialed,shared,-0.2068,0.5036,3,0.6626,12,6,0.8361473807933133,0.5692,NA,-0.7619,-0.0268,0.9241516966067864,1,0.9398296560116842,0.9971168773563983,500
dhs_w_unmet_fp,region_partialed,shared,0.0395,0.1905,3,0.2249,12,7,0.9684656528767406,0.2432,NA,-0.146,-0.1001,0.9900199600798403,1,0.9860103205013193,0.9971168773563983,500
dhs_w_watches_tv,region_partialed,shared,-1.3164,0.382,3,-1.2373,12,2,0.18803385391354646,-0.2888,NA,-0.763,0.0944,0.3413173652694611,1,0.6060716724489722,0.9971168773563983,500
dhs_WS_TLET_H_IMP,region_partialed,shared,0.4222,0.2146,3,0.9587,12,9,0.6728979752228651,-0.0608,NA,-0.0976,0.2742,0.8802395209580839,1,0.9204755989211605,0.9971168773563983,500
dhs_WS_TLET_P_BAS,region_partialed,shared,2.4127,0.1493,3,2.3588,12,8,0.01583379052142984,0.0498,NA,0.4948,0.2718,0.04590818363273453,1,0.1853872973550744,0.5160079840319362,500
elevation,region_partialed,shared,-0.2734,0.0773,4,-0.6082,16,8,0.7845272267303028,0.0411,-0.1109,0.2562,-0.0426,0.8962075848303394,1,0.9322991072144511,0.9971168773563983,500
evi_t0,region_partialed,shared,-0.0578,0.2256,4,-1.9834,16,5,0.9539250156634679,-0.0861,-0.1159,0.5865,-0.2627,0.9820359281437125,1,0.9855997080117049,0.9971168773563983,500
ghs_pop,region_partialed,shared,0.9852,0.1903,4,0.369,16,7,0.32451885907801964,-0.0413,-0.0895,0.3995,0.224,0.6227544910179641,1,0.7262649150910867,0.9971168773563983,500
grassland_frac,region_partialed,shared,1.3486,0,4,0.8601,16,8,0.17746382564976043,0.0326,-0.0154,0.147,0.0953,0.3912175648702595,1,0.6030120460548897,0.9971168773563983,500
human_modification,region_partialed,shared,0.2298,0.2492,4,-0.0576,16,8,0.8182646319605711,-0.18,-0.0854,0.0546,0.3193,0.9181636726546906,1,0.9322991072144511,0.9971168773563983,500
lai_t0,region_partialed,shared,0.0064,0.2999,3,-0.7212,12,5,0.9949140247648738,0.0136,NA,0.3628,-0.3087,0.998003992015968,1,0.9955551400480843,1,500
lcover_bare_frac_t0,region_partialed,shared,3.2484,0.0707,4,2.0158,16,12,0.0011603990463797918,0.1418,0.1768,-0.0883,0.2639,0.017964071856287425,0.9700598802395209,0.023290866573765823,0.37391882900864937,500
lcover_crops_frac_t0,region_partialed,shared,-0.9725,0.0237,4,-0.6996,16,7,0.33082529940092203,-0.0155,-0.0156,-0.3003,-0.0245,0.5828343313373253,1,0.7262649150910867,0.9971168773563983,500
lcover_grass_frac_t0,region_partialed,shared,2.1863,0,4,1.3577,16,8,0.028795271797821778,0.1149,0.0497,-0.1169,0.1171,0.09780439121756487,1,0.2610152056512232,0.7527576426095177,500
lcover_shrub_frac_t0,region_partialed,shared,1.0411,0.2591,4,-0.6415,16,7,0.29785034264199045,-0.0685,0.0036,0.8736,-0.0927,0.5289421157684631,1,0.7211133416696346,0.9971168773563983,500
lcover_tree_frac_t0,region_partialed,shared,-1.5435,0.1292,4,-2.5259,16,6,0.1227168801840564,-0.1158,-0.1343,0.2202,-0.2802,0.2874251497005988,1,0.53051451279569,0.9971168773563983,500
lcover_urban_frac_t0,region_partialed,shared,1.1184,0.1575,4,0.8318,16,8,0.26340185461720905,-0.072,0.0072,0.2136,0.2696,0.5269461077844312,1,0.6918446392945314,0.9971168773563983,500
lcover_water_permanent_frac_t0,region_partialed,shared,-0.3969,0.2224,4,1.0423,16,10,0.6914477387404958,0.1081,0.0474,-0.6722,0.1721,0.8622754491017964,1,0.9252229266003776,0.9971168773563983,500
lcover_water_seasonal_frac_t0,region_partialed,shared,-0.9825,0.342,4,0.4628,16,8,0.32585398767237905,0.0851,-0.0028,-1.0759,0.1819,0.5708582834331337,1,0.7262649150910867,0.9971168773563983,500
lst_night_annual_max_t0,region_partialed,shared,2.168,0.1257,4,1.8895,16,12,0.03015881251172662,0.4164,0.1321,-0.1297,0.1547,0.10179640718562874,1,0.2648320723685994,0.7527576426095177,500
lst_night_annual_mean_t0,region_partialed,shared,0.5985,0.2587,4,1.2043,16,11,0.549537717994734,0.5093,0.1067,-0.5614,0.1684,0.7664670658682635,1,0.8622189572244027,0.9971168773563983,500
lst_night_annual_min_t0,region_partialed,shared,-0.2248,0.2777,4,0.8189,16,10,0.8220964936677021,0.3237,-0.0175,-0.7352,0.1842,0.9281437125748503,1,0.9322991072144511,0.9971168773563983,500
lst_night_annual_range_t0,region_partialed,shared,1.4152,0.2482,4,0.9348,16,10,0.15699547862644128,0.0607,0.1669,0.7546,-0.1098,0.3592814371257485,1,0.5850688946793087,0.9971168773563983,500
lst_night_annual_sd_t0,region_partialed,shared,1.3763,0.2215,4,0.8961,16,10,0.16874397290856424,0.0861,0.0889,0.727,-0.0955,0.3812375249500998,1,0.5853957578679821,0.9971168773563983,500
lst_night_m01_t0,region_partialed,shared,0.3008,0.1842,4,1.1554,16,11,0.7635313210206085,0.2956,0.0253,-0.4687,0.1358,0.8982035928143712,1,0.9322991072144511,0.9971168773563983,500
lst_night_m02_t0,region_partialed,shared,-0.4245,0.2466,4,1.1732,16,10,0.6712051118358002,0.229,0.1107,-0.7652,0.0607,0.8263473053892215,1,0.9204755989211605,0.9971168773563983,500
lst_night_m03_t0,region_partialed,shared,1.6543,0.2184,4,1.5087,16,11,0.09805931668999458,0.4543,-0.0871,0.2733,0.1919,0.25748502994011974,1,0.444430128869169,0.9971168773563983,500
lst_night_m04_t0,region_partialed,shared,3.2751,0.1266,4,2.9612,16,12,0.00105612619543097,0.3853,0.1302,0.5257,0.1354,0.01996007984031936,0.9600798403193613,0.022828573916623275,0.37391882900864937,500
lst_night_m05_t0,region_partialed,shared,1.2757,0.2452,4,1.4042,16,11,0.20206703900870007,0.6073,0.1564,-0.3836,0.198,0.42115768463073855,1,0.6060716724489722,0.9971168773563983,500
lst_night_m06_t0,region_partialed,shared,0.2927,0.2256,4,1.009,16,10,0.7697507368670347,0.2731,0.1836,-0.6304,0.1641,0.9001996007984032,1,0.9322991072144511,0.9971168773563983,500
lst_night_m07_t0,region_partialed,shared,0.1761,0.2695,4,1.014,16,10,0.8602180492950696,0.4875,-0.0058,-0.5835,0.1116,0.9241516966067864,1,0.9442237181715413,0.9971168773563983,500
lst_night_m08_t0,region_partialed,shared,0.99,0.1838,4,1.2619,16,10,0.32216849727951696,0.392,0.0618,-0.3529,0.1885,0.6027944111776448,1,0.7262649150910867,0.9971168773563983,500
lst_night_m09_t0,region_partialed,shared,-0.2197,0.3036,4,0.1915,16,8,0.8261179706335,-0.2179,0.3376,-0.5795,0.217,0.9181636726546906,1,0.9322991072144511,0.9971168773563983,500
lst_night_m10_t0,region_partialed,shared,-0.4151,0.2745,4,1.112,16,12,0.6780727721590043,0.0264,0.2337,-0.7879,0.1486,0.8483033932135728,1,0.9204755989211605,0.9971168773563983,500
lst_night_m11_t0,region_partialed,shared,-0.1234,0.1323,4,0.5903,16,8,0.9018108809464991,-0.0634,0.1026,-0.3861,0.113,0.9481037924151696,1,0.9636935102529536,0.9971168773563983,500
lst_night_m12_t0,region_partialed,shared,-0.6478,0.2422,4,0.4342,16,10,0.5171396104948096,0.1748,-0.0794,-0.6951,0.139,0.7485029940119761,1,0.8303784602802371,0.9971168773563983,500
ndvi_anomaly_t0,region_partialed,shared,-0.4606,0.1488,4,-1.1991,16,6,0.6450583393841073,-0.0149,-0.2397,0.1432,0.0334,0.8403193612774451,1,0.9100154254440163,0.9971168773563983,500
ndvi_y2011,region_partialed,shared,0.2412,0.1704,4,-1.0068,16,6,0.8094024692679179,-0.1856,-0.0937,0.5248,0.003,0.9181636726546906,1,0.9322991072144511,0.9971168773563983,500
ndvi_y2012,region_partialed,shared,0.403,0.1741,4,-0.6311,16,6,0.6869713389201924,-0.1941,-0.0842,0.4379,0.1081,0.8502994011976048,1,0.923631321706096,0.9971168773563983,500
ndvi_y2013,region_partialed,shared,0.1096,0.1071,4,-0.9408,16,6,0.9127255834191655,-0.0479,-0.1158,0.323,0.032,0.9560878243512974,1,0.9678335431727755,0.9971168773563983,500
ndvi_y2014,region_partialed,shared,-1.1258,0.0641,4,-1.1456,16,6,0.26023072080646764,-0.0638,-0.1577,0.0313,0.0164,0.5049900199600799,1,0.6918446392945314,0.9971168773563983,500
ndvi_y2015,region_partialed,shared,-0.0747,0.1845,4,-1.0698,16,7,0.9404744733734718,-0.0645,-0.2426,0.3902,0.0132,0.9660678642714571,1,0.9824287249737753,0.9971168773563983,500
ndvi_y2016,region_partialed,shared,-0.2297,0.1816,4,-1.2895,16,4,0.8182930160200178,-0.1032,-0.242,0.4307,-0.0327,0.9321357285429142,1,0.9322991072144511,0.9971168773563983,500
ndvi_y2017,region_partialed,shared,0.0164,0.1995,4,-0.7858,16,6,0.9869508739091764,-0.1239,-0.2283,0.4062,0.0622,0.9900199600798403,1,0.9955551400480843,0.9971168773563983,500
ndvi_y2018,region_partialed,shared,-0.752,0.0777,4,-1.4449,16,5,0.45203632077316414,-0.1392,-0.0705,0.2889,-0.0622,0.7325349301397206,1,0.7968030365683854,0.9971168773563983,500
npp_gpp_t0,region_partialed,shared,-2.227,0.1656,4,-1.8872,16,4,0.025950552785913388,-0.3865,0.007,-0.2417,-0.258,0.07385229540918163,1,0.25145190802902284,0.6917498336660013,500
npp_npp_t0,region_partialed,shared,-1.2015,0.2123,3,-1.2794,12,4,0.22953946234018255,-0.1645,NA,0.1388,-0.3769,0.4530938123752495,1,0.6531192009314977,0.9971168773563983,500
ntl_ccnl,region_partialed,shared,1.3151,0.2407,4,0.3846,16,8,0.18848064741713175,-0.1379,-0.0216,0.7125,0.2287,0.4471057884231537,1,0.6060716724489722,0.9971168773563983,500
popdens_y2010,region_partialed,shared,0.2848,0.1858,4,-0.0072,16,7,0.7758355820256457,-0.101,-0.122,0.1453,0.2149,0.8922155688622755,1,0.9322991072144511,0.9971168773563983,500
popdens_y2015,region_partialed,shared,0.9033,0.2043,4,0.3701,16,8,0.36638303838145686,-0.0374,-0.1135,0.3995,0.2284,0.6447105788423154,1,0.765426334865377,0.9971168773563983,500
popdens_y2020,region_partialed,shared,0.3663,0.1854,4,0.3707,16,8,0.7141409773544259,-0.0202,-0.1182,0.0446,0.2371,0.8802395209580839,1,0.9290445122064522,0.9971168773563983,500
precip_y2010,region_partialed,shared,0.6229,0.1491,4,-0.0089,16,9,0.5333341639690784,-0.0077,0.0795,0.4115,-0.1217,0.7405189620758483,1,0.8515164777006309,0.9971168773563983,500
precip_y2011,region_partialed,shared,0.457,0.3013,4,-0.3862,16,6,0.6476978117039262,-0.334,0.0448,0.8337,-0.1489,0.8343313373253493,1,0.9100154254440163,0.9971168773563983,500
precip_y2012,region_partialed,shared,-0.1631,0.236,4,-1.4749,16,4,0.8704356716714432,-0.3212,-0.1324,0.657,-0.1455,0.9301397205588823,1,0.9451323289277149,0.9971168773563983,500
precip_y2013,region_partialed,shared,-0.3677,0.0989,4,-1.0085,16,5,0.7131128617299193,-0.1227,-0.0524,0.3522,-0.0779,0.8942115768463074,1,0.9290445122064522,0.9971168773563983,500
precip_y2014,region_partialed,shared,0.5925,0.1974,4,-1.3433,16,6,0.5534941208903835,-0.0163,-0.0763,0.6395,-0.1169,0.7764471057884231,1,0.8622189572244027,0.9971168773563983,500
precip_y2015,region_partialed,shared,0.1864,0.2421,4,-1.1544,16,6,0.8521161076516911,-0.343,-0.0072,0.661,-0.0936,0.9321357285429142,1,0.9442237181715413,0.9971168773563983,500
precip_y2016,region_partialed,shared,-0.8402,0.0546,4,-1.1069,16,4,0.4007835424799604,-0.1943,0.0168,0.1086,-0.0515,0.6347305389221557,1,0.7811182600466512,0.9971168773563983,500
precip_y2017,region_partialed,shared,-0.0838,0.1229,4,-1.362,16,6,0.9332054198513666,-0.09,-0.0782,0.4251,-0.0803,0.9640718562874252,1,0.9784728469337091,0.9971168773563983,500
precip_y2018,region_partialed,shared,0.9153,0.2213,4,0.0205,16,8,0.36002677228782615,0.0168,0.0391,0.6758,-0.1471,0.6027944111776448,1,0.7606580677660086,0.9971168773563983,500
precip_y2019,region_partialed,shared,-0.4581,0.4632,4,-1.1185,16,6,0.646892621802276,-0.956,0.116,0.5561,-0.1176,0.8283433133732535,1,0.9100154254440163,0.9971168773563983,500
soil_aluminium_mean_0_20,region_partialed,shared,0.3288,0.199,4,-1.4934,16,6,0.7422737303788973,-0.024,-0.173,0.5981,-0.0889,0.8403193612774451,1,0.9322991072144511,0.9971168773563983,500
soil_aluminium_mean_20_50,region_partialed,shared,0.0444,0.2418,4,-1.6755,16,5,0.9645548743886793,-0.2232,-0.2269,0.6623,-0.0527,0.9660678642714571,1,0.9855997080117049,0.9971168773563983,500
soil_aluminium_stdev_0_20,region_partialed,shared,2.0645,0.1739,4,1.5085,16,12,0.038966903363213186,0.2908,-0.0218,0.5813,0.1116,0.09181636726546906,1,0.3069605280102571,0.7527576426095177,500
soil_aluminium_stdev_20_50,region_partialed,shared,1.9713,0.1405,4,1.255,16,12,0.04869235799075447,0.2585,-0.0032,0.4986,0.0734,0.1157684630738523,1,0.3287038909580737,0.7826208049018243,500
soil_calcium_mean_0_20,region_partialed,shared,1.7082,0.1032,4,1.6175,16,10,0.08759493320611841,0.1359,0.0389,-0.0635,0.244,0.1996007984031936,1,0.42438234880895304,0.9347970725216235,500
soil_calcium_mean_20_50,region_partialed,shared,2.3935,0.0942,4,2.1946,16,12,0.016687408381340384,0.1975,0.0621,4e-4,0.2616,0.043912175648702596,1,0.1875664702062659,0.514138389886893,500
soil_calcium_stdev_0_20,region_partialed,shared,-0.1164,0.1476,4,-0.2506,16,8,0.9073416436462185,-0.1996,0.1585,0.09,-0.0797,0.9660678642714571,1,0.9657689464567705,0.9971168773563983,500
soil_calcium_stdev_20_50,region_partialed,shared,-1.8213,0.0557,4,-1.0967,16,6,0.06855811492035085,-0.2464,-0.0061,-0.0788,-0.0859,0.1656686626746507,1,0.3860240469902402,0.8757572574149945,500
soil_cec_mean_0_20,region_partialed,shared,1.2882,0.1222,4,0.9777,16,10,0.19767041977830258,-0.0167,0.108,0.475,-0.0107,0.437125748502994,1,0.6060716724489722,0.9971168773563983,500
soil_cec_mean_20_50,region_partialed,shared,1.8968,0.2329,4,1.8031,16,12,0.057849240625646274,0.0459,0.183,0.8603,0.0028,0.17564870259481039,1,0.36123636924014674,0.8757572574149945,500
soil_cec_stdev_0_20,region_partialed,shared,-1.5063,0,4,-0.7832,16,4,0.13199899832424844,-0.1836,-0.0327,-0.1111,-0.0233,0.2874251497005988,1,0.5536077392405047,0.9971168773563983,500
soil_cec_stdev_20_50,region_partialed,shared,-1.8367,0.1038,4,-0.7651,16,4,0.06624962480472582,-0.1723,-0.0528,-0.4542,-0.0212,0.15169660678642716,1,0.3860240469902402,0.830531245201904,500
soil_iron_mean_0_20,region_partialed,shared,0.0056,0.1701,4,1.0505,16,9,0.9955551400480843,0.2485,0.0659,-0.4992,0.0377,1,1,0.9955551400480843,1,500
soil_iron_mean_20_50,region_partialed,shared,-1.0773,0.1748,4,-0.0923,16,7,0.28133387336101057,0.1083,-0.1004,-0.6017,0.0196,0.5508982035928144,1,0.705846592986107,0.9971168773563983,500
soil_iron_stdev_0_20,region_partialed,shared,-0.1622,0.2349,4,3.0142,16,9,0.871136203531239,0.1732,0.1629,-0.7086,0.1365,0.9441117764471058,1,0.9451323289277149,0.9971168773563983,500
soil_iron_stdev_20_50,region_partialed,shared,0.2474,0.1566,4,0.3522,16,10,0.8046280978373372,-0.1465,0.1694,-0.2542,0.1762,0.908183632734531,1,0.9322991072144511,0.9971168773563983,500
soil_magnesium_mean_0_20,region_partialed,shared,0.2927,0.166,4,0.3777,16,6,0.7697676820209228,0.075,-0.115,-0.098,0.205,0.906187624750499,1,0.9322991072144511,0.9971168773563983,500
soil_magnesium_mean_20_50,region_partialed,shared,0.8349,0.136,4,1.0036,16,9,0.4037797960064222,0.0922,-0.0128,-0.1399,0.2353,0.6666666666666666,1,0.7811182600466512,0.9971168773563983,500
soil_magnesium_stdev_0_20,region_partialed,shared,0.975,0.019,4,0.36870000000000003,16,9,0.3295441434758692,-0.0992,0.0756,0.1664,0.0311,0.6047904191616766,1,0.7262649150910867,0.9971168773563983,500
soil_magnesium_stdev_20_50,region_partialed,shared,-1.7659,0,4,-0.8089,16,7,0.07741272156696058,-0.1565,-0.0939,-0.0936,-0.0034,0.18163672654690619,1,0.3989559276339486,0.8799986234427697,500
soil_phosphorus_mean_0_20,region_partialed,shared,0.5608,0.2054,4,0.5958,16,8,0.5749114384575609,-0.0559,-0.1648,0.3697,0.1798,0.7564870259481038,1,0.8740210204844567,0.9971168773563983,500
soil_phosphorus_mean_20_50,region_partialed,shared,0.5043,0.1468,4,0.9009,16,8,0.6140570180966425,0.0421,-0.1223,0.0991,0.1756,0.7904191616766467,1,0.9081580109745081,0.9971168773563983,500
soil_phosphorus_stdev_0_20,region_partialed,shared,0.0455,0.3029,4,0.9671,16,9,0.9637370443035996,-0.0145,0.3196,-0.7094,0.3098,0.9780439121756487,1,0.9855997080117049,0.9971168773563983,500
soil_phosphorus_stdev_20_50,region_partialed,shared,-0.2438,0.3405,4,1.1712,16,10,0.8074105147589075,0.0426,0.218,-0.8904,0.342,0.9161676646706587,1,0.9322991072144511,0.9971168773563983,500
soil_potassium_mean_0_20,region_partialed,shared,0.0565,0,4,0.4452,16,8,0.9549586762797206,0.0179,0.0017,0.1256,-0.019,0.9800399201596807,1,0.9855997080117049,0.9971168773563983,500
soil_potassium_mean_20_50,region_partialed,shared,-0.5443,0.1233,4,0.3732,16,10,0.5862270133038312,-0.1674,0.0601,-0.3161,0.0862,0.782435129740519,1,0.8740210204844567,0.9971168773563983,500
soil_potassium_stdev_0_20,region_partialed,shared,-0.1232,0.0662,4,0.1968,16,9,0.9019622533684228,0.1186,0.0087,-0.2874,-0.0117,0.9580838323353293,1,0.9636935102529536,0.9971168773563983,500
soil_potassium_stdev_20_50,region_partialed,shared,1.2751,0.1323,4,0.8666,16,8,0.20226785792251425,0.3081,0.1337,0.0155,-0.0451,0.44510978043912175,1,0.6060716724489722,0.9971168773563983,500
soil_sulfur_mean_0_20,region_partialed,shared,-1.3918,0.2336,4,0.082,16,4,0.16399601052073604,-0.0764,0.0293,-0.8339,0.0239,0.3393213572854291,1,0.5850688946793087,0.9971168773563983,500
soil_sulfur_mean_20_50,region_partialed,shared,-0.4855,0.1362,4,0.5634,16,5,0.6272990159371132,-0.0694,0.1198,-0.4232,0.0284,0.7944111776447106,1,0.9100154254440163,0.9971168773563983,500
soil_sulfur_stdev_0_20,region_partialed,shared,-4.7266,0,4,-1.681,16,5,2.2830335546228805e-6,-0.0948,-0.1856,-0.2548,-0.1689,0.001996007984031936,0.4530938123752495,1.6038310721225735e-4,0.2243512974051896,500
soil_sulfur_stdev_20_50,region_partialed,shared,-1.1857,0.1462,4,-0.9711,16,7,0.23574325821914563,-0.0605,0.0805,-0.3401,-0.1805,0.499001996007984,1,0.6624385555957992,0.9971168773563983,500
soil_totalcarbon_mean_0_20,region_partialed,shared,-1.9475,0.2135,4,-1.4372,16,5,0.05146964840624641,-0.1855,0.0404,-0.7576,-0.1499,0.1437125748502994,1,0.3287038909580737,0.8241476231211047,500
soil_totalcarbon_mean_20_50,region_partialed,shared,-1.7866,0.0202,4,-0.7257,16,6,0.07399820479624655,-0.1298,-0.0175,-0.2828,-0.0579,0.17764471057884232,1,0.3989559276339486,0.8757572574149945,500
soil_zinc_mean_0_20,region_partialed,shared,-3.3665,0.0993,4,-2.4013,16,3,7.613424850759605e-4,-0.4261,-0.1077,-0.2155,-0.189,0.017964071856287425,0.9481037924151696,0.02139372383063449,0.37391882900864937,500
soil_zinc_mean_20_50,region_partialed,shared,-3.3748,0.0635,4,-2.0372,16,5,7.386529139281387e-4,-0.3298,-0.0924,-0.2628,-0.1373,0.00998003992015968,0.9461077844311377,0.02139372383063449,0.33652694610778444,500
soil_zinc_stdev_0_20,region_partialed,shared,-0.4713,0.1385,4,-0.504,16,9,0.6374500374417641,0.0083,0.0859,-0.0435,-0.1947,0.8043912175648703,1,0.9100154254440163,0.9971168773563983,500
soil_zinc_stdev_20_50,region_partialed,shared,-1.0811,0.2121,4,-0.1875,16,8,0.27966056019634755,0.0538,0.0878,-0.706,-0.0826,0.5528942115768463,1,0.705846592986107,0.9971168773563983,500
soilgrids_cec,region_partialed,shared,0.8956,0,3,0.2631,12,8,0.37045545032630345,-0.0186,NA,0.1394,0.0466,0.6167664670658682,1,0.765426334865377,0.9971168773563983,500
soilgrids_clay,region_partialed,shared,-0.435,0.1695,3,-0.2346,12,5,0.6635334726261224,0.174,NA,-0.3099,-0.0755,0.8842315369261478,1,0.9204755989211605,0.9971168773563983,500
soilgrids_nitrogen,region_partialed,shared,-1.7619,0.2882,3,-1.2093,12,5,0.07808745914543477,-0.2767,NA,-0.7095,-0.0215,0.15169660678642716,1,0.3989559276339486,0.830531245201904,500
soilgrids_organic_carbon,region_partialed,shared,-1.7693,0.1014,3,-1.4409,12,2,0.07683731120479734,-0.2557,NA,-0.2034,-0.0387,0.13972055888223553,1,0.3989559276339486,0.8241476231211047,500
soilgrids_ph,region_partialed,shared,7.3415,0,3,3.0871,12,9,2.1121517158951866e-13,0.2702,NA,0.1879,0.3712,0.001996007984031936,0.01996007984031936,5.935146321665474e-11,0.2243512974051896,500
soilgrids_sand,region_partialed,shared,0.8058,0.1606,3,0.9457,12,4,0.4203509222417152,-0.1178,NA,0.37,0.0896,0.6946107784431138,1,0.7951031772305652,0.9971168773563983,500
soilgrids_silt,region_partialed,shared,0.3021,0.014,3,-0.4676,12,8,0.7625901785173721,0.1218,NA,0.0707,-0.03,0.9021956087824351,1,0.9322991072144511,0.9971168773563983,500
spam_parea_total,region_partialed,shared,NA,NA,NA,NA,4,4,NA,NA,NA,0.4037,NA,NA,NA,NA,NA,500
spam_prod_cereals,region_partialed,shared,NA,NA,NA,NA,4,3,NA,NA,NA,0.6917,NA,NA,NA,NA,NA,500
spam_prod_oilcrops,region_partialed,shared,NA,NA,NA,NA,4,1,NA,NA,NA,0.3871,NA,NA,NA,NA,NA,500
spam_prod_pulses,region_partialed,shared,NA,NA,NA,NA,4,4,NA,NA,NA,0.2945,NA,NA,NA,NA,NA,500
spam_prod_roots,region_partialed,shared,NA,NA,NA,NA,4,3,NA,NA,NA,0.6078,NA,NA,NA,NA,NA,500
spam_prod_total,region_partialed,shared,NA,NA,NA,NA,4,3,NA,NA,NA,0.3158,NA,NA,NA,NA,NA,500
spam_prod_vegetables,region_partialed,shared,NA,NA,NA,NA,4,2,NA,NA,NA,0.5565,NA,NA,NA,NA,NA,500
spam_share_cereals,region_partialed,shared,NA,NA,NA,NA,4,3,NA,NA,NA,0.0242,NA,NA,NA,NA,NA,500
spam_share_oilcrops,region_partialed,shared,NA,NA,NA,NA,4,2,NA,NA,NA,0.0144,NA,NA,NA,NA,NA,500
spam_share_pulses,region_partialed,shared,NA,NA,NA,NA,4,2,NA,NA,NA,0.0294,NA,NA,NA,NA,NA,500
spam_share_roots,region_partialed,shared,NA,NA,NA,NA,4,2,NA,NA,NA,-0.231,NA,NA,NA,NA,NA,500
spam_share_vegetables,region_partialed,shared,NA,NA,NA,NA,4,2,NA,NA,NA,-0.4301,NA,NA,NA,NA,NA,500
tclim_aet_t0,region_partialed,shared,-1.3112,0.1322,4,-0.6061,16,8,0.18980392855657588,-0.0378,0.0516,-0.4403,-0.1355,0.4111776447105788,1,0.6060716724489722,0.9971168773563983,500
tclim_def_t0,region_partialed,shared,1.4863,0.0239,4,1.0002,16,8,0.13720805564209848,-0.0256,0.0108,0.028,0.1324,0.3013972055888224,1,0.5669921122857305,0.9971168773563983,500
tclim_pdsi_t0,region_partialed,shared,2.672,0.1337,4,1.5547,16,10,0.007539901756155698,0.3202,0.0572,0.5258,0.1244,0.03792415169660679,0.998003992015968,0.11151117860419742,0.48772021175041225,500
tclim_pet_t0,region_partialed,shared,2.1946,0.1209,4,2.3494,16,10,0.02819549278607239,-0.0535,0.207,0.4826,0.13,0.0499001996007984,1,0.2610152056512232,0.5393060033778597,500
tclim_pr_t0,region_partialed,shared,-1.9652,0.364,4,-1.5688,16,4,0.04939118794301108,-0.1528,0.025,-1.3291,-0.1335,0.11976047904191617,1,0.3287038909580737,0.7826208049018243,500
tclim_ro_t0,region_partialed,shared,-2.0885,0.4057,4,-1.7806,16,5,0.036753673539424665,-0.3406,0.0296,-1.4317,-0.099,0.0998003992015968,1,0.30650523410715497,0.7527576426095177,500
tclim_soil_t0,region_partialed,shared,-0.8036,0.0968,4,-0.3494,16,6,0.42160275233933886,-0.0989,-0.1049,-0.1921,0.0853,0.654690618762475,1,0.7951031772305652,0.9971168773563983,500
tclim_srad_t0,region_partialed,shared,0.67,0.1621,4,1.0974,16,9,0.5028853687693765,-0.1831,0.1542,-0.0504,0.2407,0.7445109780439122,1,0.8177385123456539,0.9971168773563983,500
tclim_tmmn_t0,region_partialed,shared,0.0883,0.1934,4,1.5672,16,9,0.929639785527228,0.0889,0.2294,-0.5211,0.0798,0.9700598802395209,1,0.9783849428207905,0.9971168773563983,500
tclim_tmmx_t0,region_partialed,shared,0.4657,0.2362,4,2.0514,16,12,0.641401459369003,0.3058,0.2866,-0.4944,0.0251,0.8383233532934131,1,0.9100154254440163,0.9971168773563983,500
tclim_vap_t0,region_partialed,shared,-1.7361,0.3873,4,-1.4962,16,3,0.08253818165200082,-0.8414,-0.0985,-0.5756,0.085,0.17564870259481039,1,0.40689875516161805,0.8757572574149945,500
tclim_vpd_t0,region_partialed,shared,2.5332,0.2752,4,2.3522,16,13,0.011301498096123614,0.6731,0.3483,0.4712,0.0242,0.03592814371257485,1,0.14435095295503345,0.48772021175041225,500
tclim_vs_t0,region_partialed,shared,-1.1275,0.3106,4,-0.2275,16,8,0.2595322065267277,-0.4513,-0.0236,-0.5538,0.2197,0.5029940119760479,1,0.6918446392945314,0.9971168773563983,500
wapor_mean_t0,region_partialed,shared,-1.1448,0.1552,4,-1.1314,16,5,0.25228461289259246,0.0708,-0.1862,0.1254,-0.2929,0.5049900199600799,1,0.6918446392945314,0.9971168773563983,500
wapor_sd_t0,region_partialed,shared,0.7523,0.1529,4,-0.0042,16,8,0.4518636144812374,-0.1256,0.0249,0.5466,-0.0116,0.7025948103792415,1,0.7968030365683854,0.9971168773563983,500
wsf,region_partialed,shared,0.8692,0.1628,4,0.7212,16,9,0.38472810881185077,-0.0925,-0.0128,0.1757,0.2592,0.6367265469061876,1,0.7811182600466512,0.9971168773563983,500
access_healthcare_min,region_partialed,all,2.2385,0.094,4,2.1045,24,15,0.025191642368072635,0.09,0.1359,0.4115,0.0348,0.059880239520958084,1,0.2687813671224609,0.6288634851509103,500
aef_A00,region_partialed,all,-0.4998,0.1444,4,-0.6882,24,13,0.61718853058949,0.1309,-0.0353,0.041,-0.2247,0.8163672654690619,1,0.9091852723393542,1,500
aef_A01,region_partialed,all,1.0295,0.2097,4,0.8305,24,10,0.303267194480193,0.5055,-0.135,0.0865,0.0511,0.5169660678642715,1,0.753562922953974,1,500
aef_A02,region_partialed,all,1.5598,0.0778,4,0.3957,24,12,0.11880292707283702,0.1811,0.1191,0.1339,-0.0196,0.2654690618762475,1,0.4544799160022842,0.9324600798403195,500
aef_A03,region_partialed,all,2.078,0.041,4,1.4572,24,16,0.03770916683342129,0.0414,0.0994,0.2797,0.0329,0.08982035928143713,1,0.29397064852905047,0.6870758483033933,500
aef_A04,region_partialed,all,-0.2877,0.1131,4,-1.2861,24,13,0.7735761037150202,0.0664,-0.0432,0.1991,-0.1645,0.9041916167664671,1,0.9889213038672438,1,500
aef_A05,region_partialed,all,-0.1251,0.1362,4,-0.2082,24,11,0.9004715481209059,-0.012,-0.1453,0.01,0.1102,0.9321357285429142,1,0.9889213038672438,1,500
aef_A06,region_partialed,all,-2.1433,0.1029,4,-1.6386,24,12,0.032092519250378475,-0.3251,-0.0856,-0.2459,-0.0155,0.08383233532934131,1,0.281812434667386,0.6730538922155688,500
aef_A07,region_partialed,all,-0.0704,0.169,4,-0.8708,24,10,0.9438973816042796,-0.1837,0.0676,0.3173,-0.1607,0.9620758483033932,1,0.9889213038672438,1,500
aef_A08,region_partialed,all,-1.1049,0.13,4,-2.1619,24,12,0.2691918156783692,-0.0406,-0.2495,0.2459,-0.1432,0.5029940119760479,1,0.7069429925759041,1,500
aef_A09,region_partialed,all,-3.8558,0,4,-1.9162,24,9,1.1536385928877517e-4,-0.094,-0.0656,-0.1897,-0.1292,0.011976047904191617,0.8003992015968064,0.006483448892029165,0.560878243512974,500
aef_A10,region_partialed,all,-0.1418,0.0955,4,1.3581,24,17,0.8872673038863774,-0.0946,0.1117,-0.257,0.0383,0.9421157684630739,1,0.9889213038672438,1,500
aef_A11,region_partialed,all,-2.0391,0.1622,4,-1.9377,24,6,0.04144036130464877,0.0682,-0.1913,-0.6185,-0.0818,0.10578842315369262,1,0.29858311606682836,0.7043587244116418,500
aef_A12,region_partialed,all,-1.8331,0.1506,4,-1.806,24,9,0.06679385814736012,0.1509,-0.119,-0.4388,-0.2414,0.1536926147704591,1,0.3910223779043374,0.8466086694535457,500
aef_A13,region_partialed,all,-1.2322,0.0983,4,-2.1482,24,5,0.21788266800645126,-0.2924,-0.0998,0.1759,-0.0381,0.39520958083832336,1,0.6311858732970392,1,500
aef_A14,region_partialed,all,1.1299,0.2249,4,-0.4935,24,11,0.2585178904035054,0.0287,0.0344,0.6963,-0.118,0.4630738522954092,1,0.6918431162227144,1,500
aef_A15,region_partialed,all,-0.9328,0.0354,4,-0.3818,24,12,0.3509219400294986,-0.0023,0.0317,-0.1701,-0.0678,0.6007984031936128,1,0.7915680546020896,1,500
aef_A16,region_partialed,all,0.8902,0.0745,4,1.2106,24,13,0.37335695745651604,-0.042,-0.0322,0.2,0.1037,0.6167664670658682,1,0.8132814344595426,1,500
aef_A17,region_partialed,all,0.6854,0.056,4,0.7754,24,13,0.4930776496722731,-0.0857,-0.0096,0.2412,0.0524,0.7485029940119761,1,0.8581212334896912,1,500
aef_A18,region_partialed,all,-1.38,0.0531,4,-1.045,24,10,0.1675809746114073,-0.0952,0.0204,-0.2508,-0.0644,0.3532934131736527,1,0.5412672858138559,1,500
aef_A19,region_partialed,all,-0.4857,0.255,4,0.0644,24,10,0.6272086227413144,0.4342,0.0147,-0.639,-0.1145,0.7964071856287425,1,0.9091852723393542,1,500
aef_A20,region_partialed,all,1.2561,0.0661,4,1.8225,24,16,0.20908430530112124,0.127,0.1031,-0.2192,0.076,0.38323353293413176,1,0.6120071853084903,1,500
aef_A21,region_partialed,all,-0.5918,0.0957,4,-0.2242,24,12,0.5539951051303053,-0.2277,-0.0568,0.0298,0.0665,0.7604790419161677,1,0.8998417603561605,1,500
aef_A22,region_partialed,all,-0.8598,0.1043,4,-0.0898,24,12,0.38989158435977095,-0.0272,0.0166,-0.4026,0.0262,0.6666666666666666,1,0.817905430049568,1,500
aef_A23,region_partialed,all,-0.9956,0.1726,4,-0.0315,24,11,0.31944441764638415,0.2422,-0.0362,-0.4934,-0.1433,0.5508982035928144,1,0.7672126611849055,1,500
aef_A24,region_partialed,all,2.1589,0.0883,4,2.1719,24,13,0.030856314157723566,-0.0634,0.2326,0.1662,0.1061,0.07784431137724551,1,0.27969755736517166,0.643360338147235,500
aef_A25,region_partialed,all,-1.3883,0.0981,4,-1.1954,24,10,0.1650335610845766,0.0501,-0.0328,-0.424,-0.0609,0.35728542914171657,1,0.5412672858138559,1,500
aef_A26,region_partialed,all,0.2814,0.105,4,-0.5554,24,11,0.7784213782162077,-0.148,0.0414,0.3232,-0.0472,0.8782435129740519,1,0.9889213038672438,1,500
aef_A27,region_partialed,all,0.1679,0.138,4,0.3933,24,12,0.866690426348345,0.3042,-0.0069,-0.0856,-0.1191,0.9321357285429142,1,0.9889213038672438,1,500
aef_A28,region_partialed,all,0.5644,0.0792,4,1.1488,24,12,0.5724479609313647,0.2118,0.0441,-0.2166,0.0155,0.7764471057884231,1,0.9021437751430519,1,500
aef_A29,region_partialed,all,0.5473,0.1433,4,0.0893,24,14,0.5841756054440519,-0.1014,-0.0967,0.3588,0.0947,0.7465069860279441,1,0.9021437751430519,1,500
aef_A30,region_partialed,all,-1.5442,0.1979,4,-0.2599,24,13,0.12253385714517373,-0.2224,0.0157,-0.6282,0.0534,0.2874251497005988,1,0.4544799160022842,0.9849569154374178,500
aef_A31,region_partialed,all,1.55,0.0761,4,1.1664,24,16,0.12113857068867767,0.1141,0.0327,0.35,0.0123,0.2375249500998004,1,0.4544799160022842,0.878217249711104,500
aef_A32,region_partialed,all,0.9026,0.2212,4,-0.5752,24,11,0.36672144616164287,-0.1118,-0.1063,0.7165,0.0243,0.5948103792415169,1,0.8050681747767316,1,500
aef_A33,region_partialed,all,-4.0812,0,4,-2.5497,24,8,4.480975751495815e-5,-0.0334,-0.1353,-0.0991,-0.115,0.007984031936127744,0.6786427145708582,0.00314788546542581,0.4487025948103792,500
aef_A34,region_partialed,all,-0.1067,0.0953,4,1.2409,24,11,0.9149990985621762,-0.0951,0.0178,-0.214,0.1128,0.9640718562874252,1,0.9889213038672438,1,500
aef_A35,region_partialed,all,-1.6105,0.0533,4,-1.3354,24,8,0.10728311706764536,-0.056,-0.0708,-0.2997,-0.0139,0.20758483033932135,1,0.4544799160022842,0.878217249711104,500
aef_A36,region_partialed,all,-1.6045,0.0573,4,-1.4037,24,10,0.10860547285642186,-0.0958,-0.1268,-0.1447,0.007,0.20359281437125748,1,0.4544799160022842,0.878217249711104,500
aef_A37,region_partialed,all,0.5729,0.1438,4,0.7099,24,14,0.5667183625512631,0.1161,0.1732,-0.0179,-0.0864,0.7524950099800399,1,0.9021437751430519,1,500
aef_A38,region_partialed,all,-0.1126,0.1159,4,0.0563,24,12,0.9103691980874624,0.052,0.0494,0.0854,-0.1499,0.9421157684630739,1,0.9889213038672438,1,500
aef_A39,region_partialed,all,-0.4978,0.2065,4,0.1414,24,14,0.6186306484690045,-0.1315,-0.0516,-0.3299,0.2161,0.8223552894211577,1,0.9091852723393542,1,500
aef_A40,region_partialed,all,-2.2733,0.2214,4,-1.8699,24,7,0.023006635772429524,-0.1717,-0.3066,-0.6534,-0.0096,0.06986027944111776,1,0.2687813671224609,0.6288634851509103,500
aef_A41,region_partialed,all,0.1162,0,4,-0.1253,24,14,0.9074547942814928,0.1023,-0.0329,-0.0992,0.0206,0.9580838323353293,1,0.9889213038672438,1,500
aef_A42,region_partialed,all,-1.5898,0.1805,4,-0.6513,24,12,0.11186891023683262,-0.046,-0.1626,-0.5557,0.0435,0.2435129740518962,1,0.4544799160022842,0.8844618455396899,500
aef_A43,region_partialed,all,-0.0877,0.1282,4,-1.7936,24,9,0.930121306880476,0.0129,-0.1392,0.3608,-0.1018,0.9780439121756487,1,0.9889213038672438,1,500
aef_A44,region_partialed,all,0.3244,0.0537,4,0.1039,24,12,0.7456669374602848,0.1685,0.0228,0.0277,-0.053,0.8822355289421158,1,0.9745693461690234,1,500
aef_A45,region_partialed,all,1.0273,0.2563,4,0.2589,24,11,0.30427193456318236,0.0214,0.2417,0.4813,-0.1447,0.5688622754491018,1,0.753562922953974,1,500
aef_A46,region_partialed,all,-1.3135,0.0805,4,-0.2882,24,11,0.1890263527459821,-0.1049,-0.0071,-0.3506,-0.0068,0.4031936127744511,1,0.5773522295828366,1,500
aef_A47,region_partialed,all,1.7412,0,4,1.0594,24,17,0.08164180375789727,0.0722,0.0654,0.1982,0.0195,0.18363273453093812,1,0.42483975659202095,0.8643041785281894,500
aef_A48,region_partialed,all,0.7928,0.083,4,1.6314,24,13,0.4279084284043626,0.0182,0.0875,-0.2371,0.1227,0.564870259481038,1,0.817905430049568,1,500
aef_A49,region_partialed,all,-2.2163,0.0188,4,-1.6575,24,10,0.026669919496096445,-0.2052,-0.054,0.064,-0.0656,0.05389221556886228,1,0.2687813671224609,0.6288634851509103,500
aef_A50,region_partialed,all,1.6343,0.0766,4,1.8223,24,14,0.10218568415532127,-0.0643,0.1938,0.0563,0.069,0.25149700598802394,1,0.4544799160022842,0.8945652997801864,500
aef_A51,region_partialed,all,2.482,0.0873,4,3.0027,24,20,0.01306389719903352,-0.0534,0.2312,0.2551,0.1153,0.041916167664670656,1,0.2039419507182455,0.5889221556886227,500
aef_A52,region_partialed,all,0.965,0.1158,4,0.0021,24,14,0.33455792638937,0.1991,-0.0604,0.3197,-0.0322,0.5588822355289421,1,0.7814183227121871,1,500
aef_A53,region_partialed,all,-1.9945,0.1044,4,-1.6529,24,9,0.04609461414653575,-0.1944,-0.0366,-0.4227,-0.0315,0.12974051896207583,1,0.3159167457360133,0.759522621423819,500
aef_A54,region_partialed,all,0.3381,0.1417,4,1.0919,24,15,0.7352934679580843,0.219,-0.0381,-0.2785,0.1365,0.874251497005988,1,0.965502170543092,1,500
aef_A55,region_partialed,all,0.746,0.1221,4,-0.5946,24,11,0.4556881787701264,0.0332,0.0391,0.3626,-0.0873,0.7325349301397206,1,0.827371021177695,1,500
aef_A56,region_partialed,all,-0.726,0.0551,4,0.0847,24,11,0.4678446578917201,-0.1091,-0.0219,-0.2159,0.0357,0.7225548902195609,1,0.8373525405577921,1,500
aef_A57,region_partialed,all,0.2188,0.0602,4,0.41,24,16,0.8268358799597294,0.0659,0.0366,-0.2614,0.0384,0.906187624750499,1,0.9889213038672438,1,500
aef_A58,region_partialed,all,-1.3962,0,4,-0.9209,24,9,0.16265782154087152,-0.0428,-0.0406,-0.073,-0.0341,0.3413173652694611,1,0.5412672858138559,1,500
aef_A59,region_partialed,all,-1.2131,0.2228,4,-0.174,24,11,0.22507808972067772,-0.0305,-0.1561,-0.5809,0.1151,0.4251497005988024,1,0.6324694321151044,1,500
aef_A60,region_partialed,all,-0.5932,0.2163,4,-0.4946,24,13,0.5530431587509466,-0.4658,0.0775,-0.1094,0.1622,0.7564870259481038,1,0.8998417603561605,1,500
aef_A61,region_partialed,all,1.2222,0.139,4,1.3297,24,13,0.22161402381762393,-0.0481,-0.0358,0.4746,0.103,0.4111776447105788,1,0.6324694321151044,1,500
aef_A62,region_partialed,all,0.2369,0.0853,4,-0.7312,24,11,0.8127577673962354,0.1141,-0.088,0.2412,-0.037,0.9021956087824351,1,0.9889213038672438,1,500
aef_A63,region_partialed,all,0.7748,0.1526,4,2.9645,24,16,0.438467319938052,0.115,0.2112,-0.3809,0.1776,0.6427145708582834,1,0.817905430049568,1,500
aod_t0,region_partialed,all,-1.0042,0.1792,4,-0.5896,24,11,0.3152681643120334,-0.4087,0.107,-0.2285,0.0457,0.5788423153692615,1,0.7672126611849055,1,500
built_surface,region_partialed,all,0.6439,0.0857,4,0.1864,24,11,0.5196719226794857,-0.1275,-0.0148,0.2141,0.0993,0.7644710578842315,1,0.87441802558644,1,500
built_surface_nres,region_partialed,all,0.5498,0.1396,4,0.1038,24,13,0.582450742143034,-0.1149,-0.0772,0.2833,0.1312,0.7664670658682635,1,0.9021437751430519,1,500
dhs_AN_ANEM_W_ANY,region_partialed,all,0.1583,0.1429,3,0.6005,18,9,0.8742109601930117,0.2225,NA,-0.2028,-0.0034,0.9301397205588823,1,0.9889213038672438,1,500
dhs_AN_NUTS_W_THN,region_partialed,all,-0.4084,0.1187,3,0.6321,18,8,0.683009363068622,0.0818,NA,-0.2801,0.0191,0.846307385229541,1,0.9429310245461577,1,500
dhs_c_ari_2wk,region_partialed,all,-1.9716,0.1001,3,-1.4615,18,6,0.048650891155381897,-0.1416,NA,-0.3412,-0.0626,0.0658682634730539,1,0.3179279166200538,0.6288634851509103,500
dhs_c_bcg,region_partialed,all,1.1448,0.2298,3,0.5954,18,12,0.25229013377365334,0.0322,NA,0.5266,-0.0127,0.38922155688622756,1,0.6816685345230441,1,500
dhs_c_bottle_fed,region_partialed,all,0.1017,0,3,-0.0203,18,7,0.9189899894948901,0.0892,NA,-0.0864,-0.0014,0.9740518962075848,1,0.9889213038672438,1,500
dhs_c_diarrhea_2wk,region_partialed,all,-0.8342,0.2091,3,0.3808,18,9,0.40417843031635037,0.1263,NA,-0.465,-0.0379,0.6407185628742516,1,0.817905430049568,1,500
dhs_c_diet_diversity_score,region_partialed,all,-0.4034,0.1961,3,-0.8655,18,6,0.686623796404779,-0.3247,NA,0.207,-0.012,0.8203592814371258,1,0.9429310245461577,1,500
dhs_c_dpt1,region_partialed,all,0.5103,0.156,3,0.5422,18,9,0.6098211267124791,-0.1711,NA,0.28,0.0761,0.7984031936127745,1,0.9091852723393542,1,500
dhs_c_dpt3,region_partialed,all,0.1859,0.2959,3,-0.3039,18,8,0.8525299053672238,-0.3101,NA,0.5047,-0.0598,0.9461077844311377,1,0.9889213038672438,1,500
dhs_c_early_initiation,region_partialed,all,-0.7852,0.1726,3,0.5507,18,9,0.43236471681027505,-0.0486,NA,-0.3496,0.0628,0.624750499001996,1,0.817905430049568,1,500
dhs_c_fever_2wk,region_partialed,all,-1.3817,0.1279,3,-0.1555,18,10,0.16707912892138085,0.0099,NA,-0.3784,-0.0703,0.23552894211576847,1,0.5412672858138559,0.878217249711104,500
dhs_c_fully_vaccinated,region_partialed,all,0.7338,0.2211,3,-0.2694,18,9,0.46307162257403145,-0.082,NA,0.4743,-0.0338,0.6806387225548902,1,0.8341226022006593,1,500
dhs_c_infant_death,region_partialed,all,-0.7448,0.2439,3,-0.1667,18,7,0.4563790330339599,0.2222,NA,-0.3837,-0.186,0.7085828343313373,1,0.827371021177695,1,500
dhs_c_low_birthweight,region_partialed,all,1.3732,0.1269,3,1.387,18,11,0.1696764874673135,0.2659,NA,0.1423,0.009,0.27345309381237526,1,0.5418078747535806,0.9486459180404623,500
dhs_c_mean_birthweight,region_partialed,all,-2.6978,0.2289,3,-2.156,18,3,0.006980812728138725,-0.4117,NA,-0.6304,-0.1608,0.02594810379241517,0.998003992015968,0.12260052353793635,0.560878243512974,500
dhs_c_mean_haz,region_partialed,all,-0.5617,0.1539,3,-0.2313,18,6,0.5743294019314569,-0.0328,NA,-0.2953,0.0781,0.7704590818363274,1,0.9021437751430519,1,500
dhs_c_mean_waz,region_partialed,all,-2.1304,0,3,-2.176,18,7,0.03313719277242568,0.0405,NA,-0.0992,-0.089,0.07385229540918163,1,0.2821682172439884,0.6288634851509103,500
dhs_c_mean_whz,region_partialed,all,0.1242,0.1595,3,-1.7782,18,5,0.9011842593089288,-0.0018,NA,0.2475,-0.131,0.9660678642714571,1,0.9889213038672438,1,500
dhs_c_measles1,region_partialed,all,0.8178,0.2374,3,0.2732,18,10,0.4134660556312329,-0.0034,NA,0.4868,-0.0681,0.6666666666666666,1,0.817905430049568,1,500
dhs_c_min_diet_diversity,region_partialed,all,-0.1818,0.1464,3,-0.9291,18,8,0.8557524788174493,-0.2081,NA,0.2417,-0.0384,0.9321357285429142,1,0.9889213038672438,1,500
dhs_c_neonatal_death,region_partialed,all,0.659,0.3598,3,0.1033,18,10,0.5099236372699729,0.0789,NA,0.5783,-0.1956,0.7504990019960079,1,0.8684154065021964,1,500
dhs_c_no_vaccination,region_partialed,all,-1.6044,0.2148,3,-1.8474,18,6,0.10861590417659492,-0.1032,NA,-0.5561,-0.0478,0.1596806387225549,1,0.4544799160022842,0.8466086694535457,500
dhs_c_overweight,region_partialed,all,0.2473,0.2956,3,-1.2721,18,7,0.8046845843331637,-0.2644,NA,0.5248,-0.0887,0.9301397205588823,1,0.9889213038672438,1,500
dhs_c_polio3,region_partialed,all,0.4339,0.253,3,-0.4825,18,8,0.6643765451901199,-0.1893,NA,0.4883,-0.0516,0.8283433133732535,1,0.92880502088768,1,500
dhs_c_severely_stunted,region_partialed,all,-0.0603,0.1395,3,-0.3637,18,9,0.9519420104128166,-0.1251,NA,0.264,-0.0819,0.9760479041916168,1,0.9889213038672438,1,500
dhs_c_severely_wasted,region_partialed,all,2.0592,0.0572,3,1.6197,18,13,0.03947973987375817,0.0666,NA,0.2978,0.0796,0.05788423153692615,1,0.29397064852905047,0.6288634851509103,500
dhs_c_slept_itn,region_partialed,all,0.2122,0.1076,3,0.6342,18,9,0.8319229206343999,-0.1274,NA,0.0141,0.1083,0.93812375249501,1,0.9889213038672438,1,500
dhs_c_small_at_birth,region_partialed,all,-0.6287,0.2025,3,-0.1916,18,11,0.5295423243213493,0.1105,NA,-0.4319,0.0244,0.7125748502994012,1,0.8753023125547008,1,500
dhs_c_stunted,region_partialed,all,-0.5596,0.1338,3,-0.3742,18,10,0.5757353369994946,-0.2419,NA,0.1731,-0.0471,0.7604790419161677,1,0.9021437751430519,1,500
dhs_c_under5_death,region_partialed,all,-0.5921,0.3177,3,0.0252,18,8,0.5537809069015516,0.3126,NA,-0.4422,-0.2181,0.7964071856287425,1,0.8998417603561605,1,500
dhs_c_underweight,region_partialed,all,-0.339,0.1316,3,-0.2589,18,11,0.7346063422073426,-0.2309,NA,0.1206,0.0233,0.8822355289421158,1,0.965502170543092,1,500
dhs_c_wasted,region_partialed,all,0.4848,0.1528,3,0.4724,18,11,0.6278165653980072,-0.1703,NA,0.1884,0.1266,0.7984031936127745,1,0.9091852723393542,1,500
dhs_c_zinc_diarrhea,region_partialed,all,-1.5605,0.2054,3,-1.3501,18,7,0.11864137434406265,-0.1105,NA,-0.5226,-0.0351,0.17764471057884232,1,0.4544799160022842,0.8606579943561155,500
dhs_CH_DIAT_C_ORT,region_partialed,all,-0.773,0.0826,3,-1.1295,18,9,0.43951501757112016,-0.1943,NA,0.1087,-0.0377,0.6347305389221557,1,0.817905430049568,1,500
dhs_CH_VACC_C_BAS,region_partialed,all,0.4017,0.4361,3,-0.5677,18,6,0.6879034164838517,-0.4075,NA,0.7729,-0.0307,0.8423153692614771,1,0.9429310245461577,1,500
dhs_CH_VACC_C_DP1,region_partialed,all,1.4725,0.2671,3,0.7108,18,11,0.1408900709517115,0.1463,NA,0.616,0.0075,0.23552894211576847,1,0.5011406321193789,0.878217249711104,500
dhs_CH_VACC_C_DP3,region_partialed,all,-0.2963,0.1903,3,-0.5956,18,10,0.7669895982976647,-0.3027,NA,0.2195,-0.0023,0.874251497005988,1,0.9889213038672438,1,500
dhs_CH_VACC_C_MSL,region_partialed,all,1.7194,0.1546,3,1.0464,18,13,0.08554866680560588,0.1865,NA,0.3866,0.0316,0.12974051896207583,1,0.42824162480161687,0.759522621423819,500
dhs_CH_VACC_C_NON,region_partialed,all,-1.9296,0.0838,3,-1.202,18,8,0.05365863117819443,-0.0987,NA,-0.328,-0.0683,0.09780439121756487,1,0.3277842469798399,0.6870758483033933,500
dhs_CM_ECMR_C_NNR,region_partialed,all,0.3563,0.3076,3,-0.4303,18,7,0.7216072137503119,-0.2979,NA,0.5503,-0.0213,0.8922155688622755,1,0.9564699389803663,1,500
dhs_CN_ANMC_C_ANY,region_partialed,all,-0.0858,0.2423,3,0.5728,18,9,0.9316271156893269,0.3168,NA,-0.3401,-0.038,0.9680638722554891,1,0.9889213038672438,1,500
dhs_CN_BRFS_C_EXB,region_partialed,all,0.6832,0.7147,2,-0.1477,10,5,0.4944663698383065,-0.1591,NA,0.8637,NA,0.6626746506986028,1,0.8581212334896912,1,500
dhs_CN_NUTS_C_HA2,region_partialed,all,0.1545,0.0845,3,-0.4505,18,9,0.8772481922516782,-8e-4,NA,0.2003,-0.0573,0.9500998003992016,1,0.9889213038672438,1,500
dhs_CN_NUTS_C_WH2,region_partialed,all,-0.7767,0.1862,3,-1.0935,18,8,0.43730848687939927,-0.3548,NA,0.1542,-0.0557,0.626746506986028,1,0.817905430049568,1,500
dhs_FP_CUSA_W_MOD,region_partialed,all,0.4511,0.2719,3,-0.0787,18,7,0.6519083870307103,-0.2776,NA,0.4786,0.052,0.8243512974051896,1,0.915931283778148,1,500
dhs_FP_NADA_W_UNT,region_partialed,all,0.1892,0.238,3,0.2629,18,8,0.8499279407395834,0.331,NA,-0.1303,-0.1116,0.9401197604790419,1,0.9889213038672438,1,500
dhs_hh_crowding,region_partialed,all,0.9761,0.3826,3,0.9473,18,11,0.32900693495089267,0.2407,NA,0.6106,-0.1523,0.5768463073852296,1,0.7804538922036995,1,500
dhs_hh_electricity,region_partialed,all,1.3268,0.1212,3,0.8345,18,10,0.18458419346352273,-0.0376,NA,0.3522,0.0857,0.29740518962075846,1,0.5699797622335152,1,500
dhs_hh_fridge,region_partialed,all,1.0852,0.1589,3,0.7143,18,10,0.2778523946692476,-0.03,NA,0.4079,0.0302,0.4630738522954092,1,0.7229307676116534,1,500
dhs_hh_handwash_facility,region_partialed,all,2.4546,0.1,3,1.8921,18,14,0.014105335844982341,0.156,NA,0.3903,0.1056,0.041916167664670656,1,0.20861049328631778,0.5889221556886227,500
dhs_hh_improved_floor,region_partialed,all,1.189,0.1595,3,0.8467,18,11,0.2344348020019104,-0.0354,NA,0.42,0.0536,0.37924151696606784,1,0.6483124261478926,1,500
dhs_hh_improved_sanitation,region_partialed,all,4.8002,0,3,2.8939,18,14,1.58473609441409e-6,0.1322,NA,0.2849,0.1585,0.001996007984031936,0.3712574850299401,1.4843694751011976e-4,0.18695941450432468,500
dhs_hh_improved_water,region_partialed,all,3.3224,0,3,1.4526,18,12,8.923640570248464e-4,0.1073,NA,0.2066,0.1063,0.013972055888223553,0.936127744510978,0.03582204286056884,0.560878243512974,500
dhs_hh_itn_any,region_partialed,all,1.5357,0.1933,3,0.4239,18,10,0.1246165243280734,0.1035,NA,0.4955,0.0327,0.20159680638722555,1,0.45476939397647564,0.878217249711104,500
dhs_hh_mean_hhsize,region_partialed,all,1.0481,0.4521,3,1.1752,18,12,0.2945944083184297,0.7556,NA,0.148,-0.0569,0.499001996007984,1,0.7525548067043523,1,500
dhs_hh_open_defecation,region_partialed,all,-0.7462,0.0717,3,-0.9684,18,6,0.45554878525156606,0.0612,NA,0.014,-0.1139,0.6906187624750499,1,0.827371021177695,1,500
dhs_hh_radio,region_partialed,all,-0.1731,0.0512,3,-0.7376,18,12,0.862544840466006,0.1241,NA,-0.0963,-0.0346,0.9221556886227545,1,0.9889213038672438,1,500
dhs_hh_soap_available,region_partialed,all,-1.3999,0,3,-1.5056,18,8,0.16153275242232412,-0.0866,NA,-0.1371,-0.0332,0.23552894211576847,1,0.5412672858138559,0.878217249711104,500
dhs_hh_tv,region_partialed,all,1.4445,0.0563,3,0.8441,18,9,0.14858903800088424,-0.0278,NA,0.2395,0.0753,0.2315369261477046,1,0.521918995978106,0.878217249711104,500
dhs_hh_urban,region_partialed,all,0.4601,0.2262,3,0.3231,18,10,0.6454736904503062,-0.248,NA,0.3351,0.1223,0.8343313373253493,1,0.9114477739524425,1,500
dhs_hh_water_30min,region_partialed,all,3.0605,0,3,1.4593,18,11,0.002209880305720631,0.0144,NA,0.2299,0.1076,0.027944111776447105,0.9780439121756487,0.05645239690068158,0.560878243512974,500
dhs_hh_water_onpremise,region_partialed,all,NA,NA,NA,NA,4,2,NA,-0.0285,NA,NA,NA,NA,NA,NA,NA,500
dhs_hh_wealth_mean,region_partialed,all,0.8376,0.1398,3,0.4594,18,12,0.40225832664760275,-0.097,NA,0.3366,0.0524,0.6227544910179641,1,0.817905430049568,1,500
dhs_hh_wealth_poor,region_partialed,all,-0.36,0.1037,3,0.0175,18,8,0.7188522259502352,0.133,NA,-0.2145,-0.0375,0.8582834331337326,1,0.9564699389803663,1,500
dhs_hh_wealth_poorest,region_partialed,all,-0.026,0.0497,3,1.127,18,8,0.9792448121425212,0.0415,NA,-0.1832,0.0251,0.9920159680638723,1,0.9895062804247441,1,500
dhs_ML_NETP_H_IT2,region_partialed,all,-1.5692,0.244,3,-1.2554,18,6,0.11660906463159808,-0.3399,NA,-0.4162,0.0041,0.14171656686626746,1,0.4544799160022842,0.8076646706586826,500
dhs_RH_ANCN_W_N4P,region_partialed,all,-0.8683,0.4366,3,0.2762,18,10,0.385231908589103,0.1608,NA,-0.9052,0.043,0.5988023952095808,1,0.817905430049568,1,500
dhs_RH_DELA_C_SKP,region_partialed,all,2.0563,0.1245,3,1.2519,18,11,0.03975403787937338,0.16,NA,0.3946,0.0727,0.07385229540918163,1,0.29397064852905047,0.6288634851509103,500
dhs_w_anc_visits,region_partialed,all,3.1733,0.0827,3,1.8613,18,11,0.001507025484315581,0.3077,NA,0.2884,0.1304,0.021956087824351298,0.9660678642714571,0.04416380241429346,0.560878243512974,500
dhs_w_anc1,region_partialed,all,2.2294,0.0681,3,2.5509,18,13,0.0257903192910411,0.2325,NA,-0.0517,0.1444,0.06986027944111776,1,0.2687813671224609,0.6288634851509103,500
dhs_w_anc4plus,region_partialed,all,3.1876,0.0817,3,2.7089,18,12,0.0014347884587700462,0.2854,NA,0.3192,0.13,0.01996007984031936,0.9660678642714571,0.04416380241429346,0.560878243512974,500
dhs_w_any_media,region_partialed,all,-1.5426,0.3034,3,-1.2703,18,4,0.12291983493300214,-0.4905,NA,-0.3885,0.0029,0.19560878243512975,1,0.4544799160022842,0.8724772676868486,500
dhs_w_birth_interval_short,region_partialed,all,-1.0266,0.2984,3,-0.1927,18,7,0.30459606203614525,0.1798,NA,-0.648,-0.1184,0.4351297405189621,1,0.753562922953974,1,500
dhs_w_bmi_low,region_partialed,all,-0.477,0.1118,3,0.5179,18,7,0.6333705794906745,0.0081,NA,-0.2621,0.0447,0.8183632734530938,1,0.9091852723393542,1,500
dhs_w_bmi_overweight,region_partialed,all,0.8584,0.261,3,0.0139,18,9,0.3906789115933166,-0.1395,NA,0.5679,0.0253,0.6147704590818364,1,0.817905430049568,1,500
dhs_w_delivery_csection,region_partialed,all,0.185,0.0451,3,-0.6466,18,8,0.8532376962034662,-0.1034,NA,0.1438,0.0163,0.9461077844311377,1,0.9889213038672438,1,500
dhs_w_delivery_facility,region_partialed,all,2.7867,0.1289,3,2.4607,18,11,0.005324357330388466,0.1495,NA,0.5045,0.1729,0.031936127744510975,0.998003992015968,0.10686745784565421,0.560878243512974,500
dhs_w_edu_years_mean,region_partialed,all,-0.0599,0.5448,3,-0.4048,18,9,0.9522526323919903,-0.7415,NA,0.5669,0.1246,0.9820359281437125,1,0.9889213038672438,1,500
dhs_w_health_decision,region_partialed,all,2.4118,0,3,0.9171,18,11,0.015873484892564346,0.1544,NA,0.1649,0.0634,0.03992015968063872,1,0.22302246274052906,0.5889221556886227,500
dhs_w_height_low,region_partialed,all,-0.4759,0.2656,3,0.453,18,11,0.6341648162936421,0.241,NA,-0.5009,-0.0081,0.8203592814371258,1,0.9091852723393542,1,500
dhs_w_high_parity,region_partialed,all,-0.7459,0.2376,3,-0.0843,18,8,0.45569786868789186,0.2142,NA,-0.4313,-0.1344,0.6686626746506986,1,0.827371021177695,1,500
dhs_w_listens_radio,region_partialed,all,0.3567,0.2867,3,-0.7782,18,9,0.7212821071934222,-0.2924,NA,0.5058,0.0047,0.8642714570858283,1,0.9564699389803663,1,500
dhs_w_literate,region_partialed,all,-0.0029,0.4988,3,-0.4062,18,9,0.9976773468751485,-0.6658,NA,0.574,0.099,1,1,0.9976773468751485,1,500
dhs_w_mean_age_first_birth,region_partialed,all,0.2534,0.1177,3,0.2153,18,8,0.7999339663412643,-0.1555,NA,0.0972,0.0983,0.9001996007984032,1,0.9889213038672438,1,500
dhs_w_mean_bmi,region_partialed,all,0.8411,0.272,3,-0.1134,18,8,0.4002685009724619,-0.1536,NA,0.5848,0.0275,0.6187624750499002,1,0.817905430049568,1,500
dhs_w_mean_parity,region_partialed,all,-0.629,0.2598,3,-0.1759,18,8,0.5293625091785275,0.2531,NA,-0.4407,-0.1327,0.7365269461077845,1,0.8753023125547008,1,500
dhs_w_modern_fp,region_partialed,all,0.9251,0.2119,3,0.6737,18,7,0.3549379888963106,-0.1386,NA,0.4694,0.0791,0.5149700598802395,1,0.7915680546020896,1,500
dhs_w_no_education,region_partialed,all,0.1523,0.5056,3,0.5135,18,10,0.878962143363554,0.7162,NA,-0.4971,-0.0912,0.9281437125748503,1,0.9889213038672438,1,500
dhs_w_primary_edu,region_partialed,all,-0.1524,0.5055,3,-0.5136,18,8,0.8788422613978938,-0.7162,NA,0.4971,0.0911,0.9281437125748503,1,0.9889213038672438,1,500
dhs_w_reads_newspaper,region_partialed,all,0.678,0.4893,3,-0.3684,18,9,0.49777139166839734,-0.4472,NA,0.8517,0.1954,0.7145708582834331,1,0.8581212334896912,1,500
dhs_w_secondary_plus,region_partialed,all,0.0576,0.5208,3,-0.356,18,9,0.9541029200299784,-0.6745,NA,0.5883,0.147,0.9760479041916168,1,0.9889213038672438,1,500
dhs_w_skilled_attendant,region_partialed,all,5.3838,0,3,2.9772,18,11,7.293251164271167e-8,0.2359,NA,0.328,0.1629,0.001996007984031936,0.1936127744510978,1.024701788580099e-5,0.18695941450432468,500
dhs_w_teen_pregnancy,region_partialed,all,-0.0462,0.4365,3,0.5468,18,7,0.9631226888102187,0.5692,NA,-0.5664,-0.0527,0.9920159680638723,1,0.9889213038672438,1,500
dhs_w_unmet_fp,region_partialed,all,0.0407,0.1833,3,0.0985,18,9,0.9675525293519517,0.2432,NA,-0.1041,-0.112,0.9840319361277445,1,0.9889213038672438,1,500
dhs_w_watches_tv,region_partialed,all,-1.6469,0.248,3,-1.9646,18,4,0.09957004160962883,-0.2888,NA,-0.5048,-0.0087,0.17165668662674652,1,0.4544799160022842,0.8606579943561155,500
dhs_WS_TLET_H_IMP,region_partialed,all,0.7915,0.1412,3,1.4743,18,15,0.4286504152935812,-0.0608,NA,0.0264,0.2058,0.6766467065868264,1,0.817905430049568,1,500
dhs_WS_TLET_P_BAS,region_partialed,all,2.2734,0.1092,3,2.169,18,11,0.0230027693822254,0.0498,NA,0.4098,0.1495,0.05189620758483034,1,0.2687813671224609,0.6288634851509103,500
elevation,region_partialed,all,1.3345,0,4,0.6195,24,12,0.18203204174008214,0.0411,0.0624,0.0841,0.016,0.3313373253493014,1,0.5699797622335152,1,500
evi_t0,region_partialed,all,-0.3727,0.1353,4,-2.5696,24,8,0.7094048891313804,-0.0861,-0.0129,0.2736,-0.1825,0.8562874251497006,1,0.9564699389803663,1,500
ghs_pop,region_partialed,all,0.7138,0.1096,4,-0.1943,24,10,0.4753549448542165,-0.0413,-0.0712,0.3232,0.0782,0.7105788423153693,1,0.845409743696423,1,500
grassland_frac,region_partialed,all,0.1359,0.0834,4,0.025,24,11,0.8918719802387185,0.0326,-0.1093,0.1308,0.0536,0.9261477045908184,1,0.9889213038672438,1,500
human_modification,region_partialed,all,-0.0883,0.166,4,-0.3494,24,10,0.9296613865777678,-0.18,-0.1173,0.1166,0.1488,0.9700598802395209,1,0.9889213038672438,1,500
lai_t0,region_partialed,all,-0.1185,0.1889,3,-1.3759,18,7,0.9056478655272268,0.0136,NA,0.2033,-0.1965,0.9540918163672655,1,0.9889213038672438,1,500
lcover_bare_frac_t0,region_partialed,all,1.5953,0.0554,4,0.5316,24,15,0.11063673670528759,0.1418,-0.0201,0.08,0.1137,0.2315369261477046,1,0.4544799160022842,0.878217249711104,500
lcover_crops_frac_t0,region_partialed,all,-1.8222,0,4,-1.2846,24,9,0.06842810258757069,-0.0155,-0.0888,-0.0569,-0.0317,0.18562874251497005,1,0.3924142209613748,0.8643041785281894,500
lcover_grass_frac_t0,region_partialed,all,1.9304,0,4,1.1673,24,13,0.053555629774939405,0.1149,0.0209,0.0018,0.0706,0.1277445109780439,1,0.3277842469798399,0.759522621423819,500
lcover_shrub_frac_t0,region_partialed,all,1.0541,0.1431,4,0.0469,24,12,0.29183427940003465,-0.0685,0.0586,0.5035,-0.0316,0.5269461077844312,1,0.7523434175358691,1,500
lcover_tree_frac_t0,region_partialed,all,-2.8,0.0348,4,-2.0085,24,9,0.005110573524427072,-0.1158,-0.0579,0.0517,-0.1496,0.027944111776447105,0.9960079840319361,0.10686745784565421,0.560878243512974,500
lcover_urban_frac_t0,region_partialed,all,1.0243,0.0831,4,0.4395,24,13,0.30571591892082933,-0.072,-0.0108,0.2087,0.1251,0.5588822355289421,1,0.753562922953974,1,500
lcover_water_permanent_frac_t0,region_partialed,all,-0.022,0.0936,4,0.7281,24,13,0.9824635310978775,0.1081,-0.0148,-0.293,0.074,0.9940119760479041,1,0.9895062804247441,1,500
lcover_water_seasonal_frac_t0,region_partialed,all,-1.2185,0.1788,4,-0.614,24,9,0.22304297256670877,0.0851,-0.0494,-0.6391,0.0161,0.437125748502994,1,0.6324694321151044,1,500
lst_night_annual_max_t0,region_partialed,all,1.8784,0.1138,4,1.6634,24,16,0.060327926391391444,0.4164,0.0438,0.0046,0.0834,0.1437125748502994,1,0.3606839854464042,0.8076646706586826,500
lst_night_annual_mean_t0,region_partialed,all,0.8387,0.1919,4,1.255,24,15,0.4016107182472615,0.5093,-0.0088,-0.2655,0.09,0.6387225548902196,1,0.817905430049568,1,500
lst_night_annual_min_t0,region_partialed,all,-0.0798,0.1959,4,0.7151,24,15,0.9363790173022313,0.3237,-0.121,-0.3718,0.0945,0.9520958083832335,1,0.9889213038672438,1,500
lst_night_annual_range_t0,region_partialed,all,1.3301,0.1624,4,0.6976,24,13,0.18349801471377572,0.0607,0.1693,0.3958,-0.0667,0.37325349301397204,1,0.5699797622335152,1,500
lst_night_annual_sd_t0,region_partialed,all,1.2826,0.152,4,0.5866,24,13,0.19964149078271418,0.0861,0.1211,0.4069,-0.0749,0.4251497005988024,1,0.5968006267015179,1,500
lst_night_m01_t0,region_partialed,all,0.2675,0.1446,4,0.8254,24,15,0.7891024964485843,0.2956,-0.1075,-0.1735,0.065,0.8922155688622755,1,0.9889213038672438,1,500
lst_night_m02_t0,region_partialed,all,-0.0962,0.1358,4,1.0504,24,15,0.9233969900798157,0.229,0.0308,-0.4123,0.0257,0.9600798403193613,1,0.9889213038672438,1,500
lst_night_m03_t0,region_partialed,all,1.6579,0.18,4,1.4813,24,15,0.09734150169003686,0.4543,-0.0763,0.2579,0.0924,0.21756487025948104,1,0.4544799160022842,0.878217249711104,500
lst_night_m04_t0,region_partialed,all,2.3665,0.1241,4,1.7642,24,15,0.01795959508045503,0.3853,0.0358,0.3319,0.0679,0.05189620758483034,1,0.22939300989126654,0.6288634851509103,500
lst_night_m05_t0,region_partialed,all,1.2843,0.2059,4,1.2977,24,14,0.1990213252492971,0.6073,0.0146,-0.1621,0.1033,0.3972055888223553,1,0.5968006267015179,1,500
lst_night_m06_t0,region_partialed,all,0.5864,0.1279,4,1.3396,24,14,0.557606271818295,0.2731,0.0573,-0.3354,0.0855,0.7305389221556886,1,0.9005020826490857,1,500
lst_night_m07_t0,region_partialed,all,0.4884,0.1959,4,1.093,24,14,0.6252504157905527,0.4875,-0.0491,-0.295,0.0439,0.7684630738522954,1,0.9091852723393542,1,500
lst_night_m08_t0,region_partialed,all,1.7544,0.1093,4,1.6889,24,15,0.07935639204806909,0.392,0.0612,-0.0852,0.0926,0.16766467065868262,1,0.4248384399676784,0.8606579943561155,500
lst_night_m09_t0,region_partialed,all,-0.0596,0.152,4,0.6968,24,13,0.9525070905666437,-0.2179,0.1826,-0.2209,0.1138,0.9880239520958084,1,0.9889213038672438,1,500
lst_night_m10_t0,region_partialed,all,-0.2299,0.1293,4,1.4326,24,17,0.8181986453959682,0.0264,0.0796,-0.4174,0.088,0.8922155688622755,1,0.9889213038672438,1,500
lst_night_m11_t0,region_partialed,all,0.0698,0.0462,4,0.8206,24,13,0.9443174689653079,-0.0634,-0.0067,-0.1613,0.0658,0.9720558882235529,1,0.9889213038672438,1,500
lst_night_m12_t0,region_partialed,all,-0.5793,0.1921,4,0.2736,24,14,0.5623977552054586,0.1748,-0.197,-0.337,0.0823,0.7345309381237525,1,0.9021437751430519,1,500
ndvi_anomaly_t0,region_partialed,all,-0.5341,0.1461,4,-0.8339,24,10,0.5932664637027862,-0.0149,-0.2169,0.0366,0.05,0.7944111776447106,1,0.9091852723393542,1,500
ndvi_y2011,region_partialed,all,-0.47,0.0935,4,-1.7086,24,9,0.6383782509205864,-0.1856,0.0232,0.2112,-0.0877,0.8383233532934131,1,0.9095727510744426,1,500
ndvi_y2012,region_partialed,all,-0.5471,0.0536,4,-1.699,24,9,0.5843066443987026,-0.1941,-0.001,0.1437,-0.0206,0.7884231536926147,1,0.9021437751430519,1,500
ndvi_y2013,region_partialed,all,-1.121,0,4,-1.6237,24,8,0.26228775709436714,-0.0479,0.0087,0.0722,-0.0646,0.5109780439121756,1,0.6953099975803506,1,500
ndvi_y2014,region_partialed,all,-2.2146,0,4,-1.9257,24,8,0.026786120755774988,-0.0638,-0.0249,-0.1527,-0.0765,0.06786427145708583,1,0.2687813671224609,0.6288634851509103,500
ndvi_y2015,region_partialed,all,-2.3931,0,4,-2.2644,24,10,0.016705053335476935,-0.0645,-0.1019,0.1037,-0.0616,0.05389221556886228,1,0.22352952320328662,0.6288634851509103,500
ndvi_y2016,region_partialed,all,-2.1173,0.0431,4,-2.3011,24,7,0.03423445450836825,-0.1032,-0.1318,0.1417,-0.0767,0.09381237524950099,1,0.2823278429270088,0.6870758483033933,500
ndvi_y2017,region_partialed,all,-1.9473,0.0108,4,-1.9472,24,8,0.05149639551882026,-0.1239,-0.0929,0.10780000000000001,-0.0374,0.12574850299401197,1,0.3277842469798399,0.759522621423819,500
ndvi_y2018,region_partialed,all,-1.9757,0,4,-1.7495,24,6,0.04819399922615972,-0.1392,-0.037,0.0644,-0.0653,0.09780439121756487,1,0.3179279166200538,0.6870758483033933,500
npp_gpp_t0,region_partialed,all,-1.7579,0.167,4,-1.4414,24,7,0.07875763957466964,-0.3865,0.054,-0.1672,-0.1919,0.18762475049900199,1,0.4248384399676784,0.8643041785281894,500
npp_npp_t0,region_partialed,all,-3.5349,0.0555,3,-3.3174,18,4,4.0788872129362863e-4,-0.1645,NA,-0.0271,-0.2366,0.007984031936127744,0.8782435129740519,0.01910278844725161,0.4487025948103792,500
ntl_ccnl,region_partialed,all,0.9731,0.1737,4,-0.1607,24,11,0.33051250239231406,-0.1379,-0.0461,0.567,0.0824,0.6227544910179641,1,0.7804538922036995,1,500
popdens_y2010,region_partialed,all,-0.005,0.0993,4,-0.3783,24,10,0.9959774404268186,-0.101,-0.0957,0.1592,0.076,0.998003992015968,1,0.9976773468751485,1,500
popdens_y2015,region_partialed,all,0.6505,0.1205,4,-0.1304,24,12,0.5153792224375611,-0.0374,-0.0893,0.3232,0.0821,0.7345309381237525,1,0.8724190452105702,1,500
popdens_y2020,region_partialed,all,0.162,0.0838,4,-0.0331,24,12,0.87131294263652,-0.0202,-0.0862,0.0657,0.089,0.9141716566866267,1,0.9889213038672438,1,500
precip_y2010,region_partialed,all,0.9611,0.1368,4,0.6768,24,14,0.33648262294724074,-0.0077,0.1755,0.2397,-0.0586,0.5269461077844312,1,0.7814183227121871,1,500
precip_y2011,region_partialed,all,0.2331,0.2533,4,-0.3957,24,9,0.815670445092251,-0.334,0.0889,0.588,-0.1609,0.8982035928143712,1,0.9889213038672438,1,500
precip_y2012,region_partialed,all,-0.2358,0.1853,4,-0.9896,24,8,0.813594221535288,-0.3212,-0.0121,0.4543,-0.1369,0.8942115768463074,1,0.9889213038672438,1,500
precip_y2013,region_partialed,all,0.6306,0.1482,4,-0.0963,24,9,0.5283108714704341,-0.1227,0.1087,0.3776,-0.0747,0.7385229540918163,1,0.8753023125547008,1,500
precip_y2014,region_partialed,all,0.8513,0.1705,4,-0.9967,24,10,0.3946100219898634,-0.0163,5e-4,0.5521,-0.0921,0.6487025948103793,1,0.817905430049568,1,500
precip_y2015,region_partialed,all,0.0372,0.1904,4,-0.93,24,10,0.9703072960280217,-0.343,0.0097,0.4956,-0.0753,0.9820359281437125,1,0.9889213038672438,1,500
precip_y2016,region_partialed,all,0.0867,0.1211,4,-0.3748,24,10,0.9309417780853024,-0.1943,0.1091,0.198,-0.0602,0.9520958083832335,1,0.9889213038672438,1,500
precip_y2017,region_partialed,all,0.4664,0.1409,4,-0.6369,24,9,0.6409089135684685,-0.09,0.0248,0.4267,-0.0941,0.7864271457085829,1,0.9095727510744426,1,500
precip_y2018,region_partialed,all,0.8065,0.1671,4,0.0208,24,11,0.4199506942787641,0.0168,0.0776,0.4255,-0.1226,0.6666666666666666,1,0.817905430049568,1,500
precip_y2019,region_partialed,all,-0.5235,0.3941,4,-0.8754,24,11,0.6006532505675797,-0.956,0.1343,0.4781,-0.0702,0.7844311377245509,1,0.9091852723393542,1,500
soil_aluminium_mean_0_20,region_partialed,all,0.3657,0.1654,4,-1.5103,24,10,0.7145865958666147,-0.024,-0.1462,0.4987,-0.0621,0.872255489021956,1,0.9564699389803663,1,500
soil_aluminium_mean_20_50,region_partialed,all,0.1504,0.1868,4,-1.0192,24,10,0.8804590188653676,-0.2232,-0.1331,0.542,-0.0261,0.9500998003992016,1,0.9889213038672438,1,500
soil_aluminium_stdev_0_20,region_partialed,all,1.7499,0.1203,4,1.1182,24,16,0.0801296701718397,0.2908,-0.0399,0.3048,0.0712,0.17764471057884232,1,0.4248384399676784,0.8606579943561155,500
soil_aluminium_stdev_20_50,region_partialed,all,1.5524,0.1178,4,0.9701,24,15,0.12055843191757706,0.2585,-0.0484,0.3185,0.0467,0.24550898203592814,1,0.4544799160022842,0.8844618455396899,500
soil_calcium_mean_0_20,region_partialed,all,0.9253,0.1189,4,0.9414,24,15,0.35481098058473076,0.1359,-0.0513,-0.0131,0.1703,0.6087824351297405,1,0.7915680546020896,1,500
soil_calcium_mean_20_50,region_partialed,all,1.1867,0.1318,4,1.2035,24,16,0.23533048920670838,0.1975,-0.0547,0.0387,0.1837,0.47305389221556887,1,0.6483124261478926,1,500
soil_calcium_stdev_0_20,region_partialed,all,0.045,0.0969,4,0.1693,24,12,0.9641259579583598,-0.1996,0.0767,0.1972,-0.0342,0.9760479041916168,1,0.9889213038672438,1,500
soil_calcium_stdev_20_50,region_partialed,all,-0.8415,0.0758,4,-0.559,24,11,0.40004624569410024,-0.2464,0.0045,0.1296,-0.0482,0.656686626746507,1,0.817905430049568,1,500
soil_cec_mean_0_20,region_partialed,all,0.8099,0.0689,4,0.2055,24,13,0.41801443403781025,-0.0167,0.0336,0.3104,-0.0156,0.6307385229540918,1,0.817905430049568,1,500
soil_cec_mean_20_50,region_partialed,all,1.6902,0.1537,4,0.9796,24,15,0.09098959308997136,0.0459,0.0803,0.5879,-0.0011,0.21357285429141717,1,0.44082889066003367,0.878217249711104,500
soil_cec_stdev_0_20,region_partialed,all,0.0447,0.0645,4,0.341,24,9,0.9643162447319051,-0.1836,0.0731,0.0769,-0.0036,0.9880239520958084,1,0.9889213038672438,1,500
soil_cec_stdev_20_50,region_partialed,all,-0.4996,0.0725,4,0.6146,24,9,0.6173336217847749,-0.1723,0.0669,-0.1675,0.0085,0.8183632734530938,1,0.9091852723393542,1,500
soil_iron_mean_0_20,region_partialed,all,0.0359,0.118,4,0.3556,24,12,0.9713248393856201,0.2485,0.0081,-0.3278,0.0089,0.9820359281437125,1,0.9889213038672438,1,500
soil_iron_mean_20_50,region_partialed,all,-0.2589,0.1014,4,0.9614,24,12,0.7956967230749581,0.1083,0.0132,-0.3633,0.0419,0.8942115768463074,1,0.9889213038672438,1,500
soil_iron_stdev_0_20,region_partialed,all,0.6997,0.1236,4,3.3589,24,16,0.48410664462681646,0.1732,0.1374,-0.3522,0.1065,0.6846307385229541,1,0.855559541761858,1,500
soil_iron_stdev_20_50,region_partialed,all,-0.2468,0.1038,4,-0.02,24,14,0.805026435189523,-0.1465,-0.0035,-0.155,0.1188,0.8942115768463074,1,0.9889213038672438,1,500
soil_magnesium_mean_0_20,region_partialed,all,0.097,0.1629,4,0.1426,24,10,0.922688657208717,0.075,-0.153,-0.0324,0.1417,0.9640718562874252,1,0.9889213038672438,1,500
soil_magnesium_mean_20_50,region_partialed,all,0.3855,0.1435,4,0.5118,24,14,0.6998905761920857,0.0922,-0.0969,-0.0545,0.1633,0.8403193612774451,1,0.9500930043960197,1,500
soil_magnesium_stdev_0_20,region_partialed,all,1.4205,0.027,4,0.9997,24,15,0.15544828587676324,-0.0992,0.0609,0.1797,0.0493,0.3253493013972056,1,0.5392712139675366,1,500
soil_magnesium_stdev_20_50,region_partialed,all,-0.5167,0.0253,4,0.0855,24,14,0.6053343979964225,-0.1565,-0.0383,0.0276,0.0232,0.7944111776447106,1,0.9091852723393542,1,500
soil_phosphorus_mean_0_20,region_partialed,all,0.784,0.0783,4,1.3394,24,14,0.43303057437485115,-0.0559,-0.0343,0.1748,0.1097,0.6167664670658682,1,0.817905430049568,1,500
soil_phosphorus_mean_20_50,region_partialed,all,1.2691,0.0464,4,1.5451,24,14,0.204421303943044,0.0421,-0.0171,0.0192,0.1137,0.3532934131736527,1,0.6046566990315301,1,500
soil_phosphorus_stdev_0_20,region_partialed,all,0.1602,0.1614,4,2.2855,24,13,0.8727221777910817,-0.0145,0.1674,-0.4074,0.1704,0.93812375249501,1,0.9889213038672438,1,500
soil_phosphorus_stdev_20_50,region_partialed,all,-0.3006,0.1852,4,1.6603,24,14,0.7637396190007851,0.0426,0.0295,-0.4862,0.1812,0.872255489021956,1,0.9889213038672438,1,500
soil_potassium_mean_0_20,region_partialed,all,0.1413,0,4,0.5615,24,12,0.8876105600247445,0.0179,-0.0439,0.1406,0.0191,0.936127744510978,1,0.9889213038672438,1,500
soil_potassium_mean_20_50,region_partialed,all,-0.391,0.0703,4,0.7314,24,14,0.695772501520268,-0.1674,-0.0045,-0.1202,0.0671,0.8203592814371258,1,0.949087732656288,1,500
soil_potassium_stdev_0_20,region_partialed,all,0.9308,0,4,0.711,24,15,0.35197412228407726,0.1186,0.0429,-0.1013,0.0128,0.592814371257485,1,0.7915680546020896,1,500
soil_potassium_stdev_20_50,region_partialed,all,1.8111,0.1016,4,1.238,24,14,0.07012600053193858,0.3081,0.1286,0.0759,-2e-4,0.1596806387225549,1,0.3941081229894948,0.8466086694535457,500
soil_sulfur_mean_0_20,region_partialed,all,-1.6577,0.1228,4,-0.6701,24,8,0.09737398543665308,-0.0764,-0.0546,-0.4958,-0.0049,0.19560878243512975,1,0.4544799160022842,0.8724772676868486,500
soil_sulfur_mean_20_50,region_partialed,all,-0.8316,0,4,-0.4222,24,8,0.4056104095122453,-0.0694,-0.0079,-0.2145,-0.0069,0.6307385229540918,1,0.817905430049568,1,500
soil_sulfur_stdev_0_20,region_partialed,all,-2.7027,0.0689,4,-1.5677,24,10,0.006878913344361096,-0.0948,-0.228,-0.1024,-0.0713,0.029940119760479042,0.998003992015968,0.12260052353793635,0.560878243512974,500
soil_sulfur_stdev_20_50,region_partialed,all,-3.1611,0.0253,4,-2.1462,24,10,0.001571665566344963,-0.0605,-0.039,-0.1513,-0.1482,0.015968063872255488,0.9660678642714571,0.04416380241429346,0.560878243512974,500
soil_totalcarbon_mean_0_20,region_partialed,all,-1.4808,0.181,4,-0.8387,24,9,0.1386540617223495,-0.1855,0.1038,-0.5269,-0.0867,0.3013972055888224,1,0.49951014543564376,1,500
soil_totalcarbon_mean_20_50,region_partialed,all,-0.7933,0.0551,4,-0.2352,24,11,0.4276244054245645,-0.1298,0.0478,-0.1938,-0.0282,0.6586826347305389,1,0.817905430049568,1,500
soil_zinc_mean_0_20,region_partialed,all,-2.4986,0.1071,4,-1.7605,24,7,0.01247003416764239,-0.4261,-0.0752,-0.1518,-0.086,0.03792415169660679,1,0.2039419507182455,0.5889221556886227,500
soil_zinc_mean_20_50,region_partialed,all,-2.9492,0.0643,4,-1.8745,24,8,0.003186094469799321,-0.3298,-0.1133,-0.1499,-0.0745,0.02594810379241517,0.9840319361277445,0.07460771216780077,0.560878243512974,500
soil_zinc_stdev_0_20,region_partialed,all,-1.1651,0,4,-0.2945,24,14,0.243971092370791,0.0083,0.0174,0.028,-0.0773,0.4550898203592814,1,0.6655910384096337,1,500
soil_zinc_stdev_20_50,region_partialed,all,-0.7935,0.1241,4,0.0441,24,14,0.4274753731233311,0.0538,0.0549,-0.4421,-0.029,0.6746506986027944,1,0.817905430049568,1,500
soilgrids_cec,region_partialed,all,0.5003,0,3,0.017,18,11,0.616884788550591,-0.0186,NA,0.092,0.0156,0.8163672654690619,1,0.9091852723393542,1,500
soilgrids_clay,region_partialed,all,-0.4018,0.1433,3,-0.4619,18,6,0.6878656012509506,0.174,NA,-0.2001,-0.0966,0.8582834331337326,1,0.9429310245461577,1,500
soilgrids_nitrogen,region_partialed,all,-1.7228,0.2095,3,-1.0713,18,7,0.08493057928164777,-0.2767,NA,-0.4378,-0.0217,0.11976047904191617,1,0.42824162480161687,0.759522621423819,500
soilgrids_organic_carbon,region_partialed,all,-1.591,0.0917,3,-1.4442,18,4,0.11160289517869453,-0.2557,NA,-0.0988,-0.038,0.17165668662674652,1,0.4544799160022842,0.8606579943561155,500
soilgrids_ph,region_partialed,all,6.6203,0,3,3.1459,18,12,3.58366795839346e-11,0.2702,NA,0.2182,0.2217,0.001996007984031936,0.043912175648702596,1.0070106963085622e-8,0.18695941450432468,500
soilgrids_sand,region_partialed,all,0.6795,0.11,3,1.1349,18,9,0.4968185218202635,-0.1178,NA,0.1342,0.1238,0.7305389221556886,1,0.8581212334896912,1,500
soilgrids_silt,region_partialed,all,0.5082,0.1365,3,-1.5071,18,11,0.6113453774896047,0.1218,NA,0.181,-0.0859,0.7884231536926147,1,0.9091852723393542,1,500
spam_parea_total,region_partialed,all,NA,NA,NA,NA,6,5,NA,NA,NA,0.1996,NA,NA,NA,NA,NA,500
spam_prod_cereals,region_partialed,all,NA,NA,NA,NA,6,4,NA,NA,NA,0.3454,NA,NA,NA,NA,NA,500
spam_prod_oilcrops,region_partialed,all,NA,NA,NA,NA,6,2,NA,NA,NA,0.1511,NA,NA,NA,NA,NA,500
spam_prod_pulses,region_partialed,all,NA,NA,NA,NA,6,5,NA,NA,NA,0.1021,NA,NA,NA,NA,NA,500
spam_prod_roots,region_partialed,all,NA,NA,NA,NA,6,3,NA,NA,NA,0.3534,NA,NA,NA,NA,NA,500
spam_prod_total,region_partialed,all,NA,NA,NA,NA,6,4,NA,NA,NA,0.1444,NA,NA,NA,NA,NA,500
spam_prod_vegetables,region_partialed,all,NA,NA,NA,NA,6,2,NA,NA,NA,0.3011,NA,NA,NA,NA,NA,500
spam_share_cereals,region_partialed,all,NA,NA,NA,NA,6,4,NA,NA,NA,-0.187,NA,NA,NA,NA,NA,500
spam_share_oilcrops,region_partialed,all,NA,NA,NA,NA,6,3,NA,NA,NA,0.0617,NA,NA,NA,NA,NA,500
spam_share_pulses,region_partialed,all,NA,NA,NA,NA,6,3,NA,NA,NA,0.0261,NA,NA,NA,NA,NA,500
spam_share_roots,region_partialed,all,NA,NA,NA,NA,6,3,NA,NA,NA,-0.0305,NA,NA,NA,NA,NA,500
spam_share_vegetables,region_partialed,all,NA,NA,NA,NA,6,3,NA,NA,NA,-0.3736,NA,NA,NA,NA,NA,500
tclim_aet_t0,region_partialed,all,-0.9174,0.1577,4,-0.4685,24,11,0.3589282391436522,-0.0378,0.1184,-0.3654,-0.1196,0.6107784431137725,1,0.7941640566879233,1,500
tclim_def_t0,region_partialed,all,0.067,0.0895,4,0.5649,24,12,0.9465837631717279,-0.0256,-0.0908,0.0383,0.093,0.9700598802395209,1,0.9889213038672438,1,500
tclim_pdsi_t0,region_partialed,all,1.3844,0.1319,4,0.2767,24,12,0.1662325880773039,0.3202,-0.0627,0.2609,0.0247,0.3213572854291417,1,0.5412672858138559,1,500
tclim_pet_t0,region_partialed,all,1.631,0.0602,4,1.5297,24,14,0.10289280890629021,-0.0535,0.0476,0.3109,0.0811,0.21756487025948104,1,0.4544799160022842,0.878217249711104,500
tclim_pr_t0,region_partialed,all,-1.7122,0.2599,4,-1.1014,24,8,0.08686751819819274,-0.1528,0.101,-0.8471,-0.1233,0.2375249500998004,1,0.42824162480161687,0.878217249711104,500
tclim_ro_t0,region_partialed,all,-2.1064,0.2701,4,-1.6013,24,8,0.03516538968841747,-0.3406,0.0564,-0.8991,-0.099,0.10778443113772455,1,0.2823278429270088,0.7043587244116418,500
tclim_soil_t0,region_partialed,all,-0.0726,0.0297,4,0.303,24,12,0.9420980804542392,-0.0989,-0.0287,-0.0855,0.0519,0.9540918163672655,1,0.9889213038672438,1,500
tclim_srad_t0,region_partialed,all,-0.0306,0.17,4,0.2986,24,12,0.9756164437434324,-0.1831,-0.0134,-0.0935,0.2135,0.9800399201596807,1,0.9895062804247441,1,500
tclim_tmmn_t0,region_partialed,all,-0.1074,0.0585,4,0.9942,24,13,0.9144924489901735,0.0889,-0.0296,-0.2275,0.0391,0.9520958083832335,1,0.9889213038672438,1,500
tclim_tmmx_t0,region_partialed,all,0.2933,0.179,4,0.9718,24,14,0.7693168762687455,0.3058,0.1519,-0.3859,-0.0219,0.8762475049900199,1,0.9889213038672438,1,500
tclim_vap_t0,region_partialed,all,-2.1876,0.2967,4,-1.9904,24,4,0.028695519621615043,-0.8414,-0.237,-0.3,-0.0031,0.09181636726546906,1,0.2687813671224609,0.6870758483033933,500
tclim_vpd_t0,region_partialed,all,2.1919,0.2414,4,1.7348,24,16,0.028387460452474447,0.6731,0.239,0.2368,0.0047,0.0718562874251497,1,0.2687813671224609,0.6288634851509103,500
tclim_vs_t0,region_partialed,all,-0.9539,0.2587,4,-0.0541,24,13,0.34011678716713906,-0.4513,-0.0626,-0.2599,0.2026,0.5868263473053892,1,0.7833837474915252,1,500
wapor_mean_t0,region_partialed,all,-2.0107,0.0699,4,-2.6855,24,8,0.04435437791008484,0.0708,-0.1053,-0.0586,-0.1817,0.10179640718562874,1,0.311589504818346,0.6976778151015043,500
wapor_sd_t0,region_partialed,all,0.9965,0.1057,4,0.6744,24,12,0.3189884171933535,-0.1256,0.1132,0.3325,0.0071,0.5848303393213573,1,0.7672126611849055,1,500
wsf,region_partialed,all,0.6617,0.0943,4,0.2775,24,13,0.5081501749110637,-0.0925,-0.035,0.188,0.1196,0.7465069860279441,1,0.8684154065021964,1,500
