indicator_id,level1,level2
AH_ALCO_M_DK1,Adult Health,Alcohol consumption
AH_ALCO_M_DK2,Adult Health,Alcohol consumption
AH_ALCO_M_DK3,Adult Health,Alcohol consumption
AH_ALCO_M_DK4,Adult Health,Alcohol consumption
AH_ALCO_M_DK5,Adult Health,Alcohol consumption
AH_ALCO_M_DK6,Adult Health,Alcohol consumption
AH_ALCO_M_NUM,Adult Health,Alcohol consumption
AH_ALCO_M_TOT,Adult Health,Alcohol consumption
AH_ALCO_M_UNW,Adult Health,Alcohol consumption
AH_ALCO_W_DK1,Adult Health,Alcohol consumption
AH_ALCO_W_DK2,Adult Health,Alcohol consumption
AH_ALCO_W_DK3,Adult Health,Alcohol consumption
AH_ALCO_W_DK4,Adult Health,Alcohol consumption
AH_ALCO_W_DK5,Adult Health,Alcohol consumption
AH_ALCO_W_DK6,Adult Health,Alcohol consumption
AH_ALCO_W_NUM,Adult Health,Alcohol consumption
AH_ALCO_W_TOT,Adult Health,Alcohol consumption
AH_ALCO_W_UNW,Adult Health,Alcohol consumption
AH_BTHP_M_ALW,Adult Health,Place of birth
AH_BTHP_M_EMG,Adult Health,Place of birth
AH_BTHP_M_IMG,Adult Health,Place of birth
AH_BTHP_M_NUM,Adult Health,Place of birth
AH_BTHP_M_TOT,Adult Health,Place of birth
AH_BTHP_M_UNW,Adult Health,Place of birth
AH_BTHP_W_ALW,Adult Health,Place of birth
AH_BTHP_W_EMG,Adult Health,Place of birth
AH_BTHP_W_IMG,Adult Health,Place of birth
AH_BTHP_W_NUM,Adult Health,Place of birth
AH_BTHP_W_TOT,Adult Health,Place of birth
AH_BTHP_W_UNW,Adult Health,Place of birth
AH_CIGA_M_04C,Adult Health,Number of cigarettes last 24 hours
AH_CIGA_M_14C,Adult Health,Number of cigarettes last 24 hours
AH_CIGA_M_24C,Adult Health,Number of cigarettes last 24 hours
AH_CIGA_M_25C,Adult Health,Number of cigarettes last 24 hours
AH_CIGA_M_59C,Adult Health,Number of cigarettes last 24 hours
AH_CIGA_M_DKM,Adult Health,Number of cigarettes last 24 hours
AH_CIGA_M_MNC,Adult Health,Number of cigarettes last 24 hours
AH_CIGA_M_NM1,Adult Health,Number of cigarettes last 24 hours
AH_CIGA_M_NUM,Adult Health,Number of cigarettes last 24 hours
AH_CIGA_M_TOT,Adult Health,Number of cigarettes last 24 hours
AH_CIGA_M_UNW,Adult Health,Number of cigarettes last 24 hours
AH_CIGA_W_04C,Adult Health,Number of cigarettes last 24 hours
AH_CIGA_W_14C,Adult Health,Number of cigarettes last 24 hours
AH_CIGA_W_24C,Adult Health,Number of cigarettes last 24 hours
AH_CIGA_W_25C,Adult Health,Number of cigarettes last 24 hours
AH_CIGA_W_59C,Adult Health,Number of cigarettes last 24 hours
AH_CIGA_W_DKM,Adult Health,Number of cigarettes last 24 hours
AH_CIGA_W_MNC,Adult Health,Number of cigarettes last 24 hours
AH_CIGA_W_NM1,Adult Health,Number of cigarettes last 24 hours
AH_CIGA_W_NUM,Adult Health,Number of cigarettes last 24 hours
AH_CIGA_W_TOT,Adult Health,Number of cigarettes last 24 hours
AH_CIGA_W_UNW,Adult Health,Number of cigarettes last 24 hours
AH_HINS_M_ANY,Adult Health,Health insurance coverage
AH_HINS_M_EBI,Adult Health,Health insurance coverage
AH_HINS_M_MUT,Adult Health,Health insurance coverage
AH_HINS_M_NON,Adult Health,Health insurance coverage
AH_HINS_M_NUM,Adult Health,Health insurance coverage
AH_HINS_M_OTH,Adult Health,Health insurance coverage
AH_HINS_M_PRV,Adult Health,Health insurance coverage
AH_HINS_M_SOS,Adult Health,Health insurance coverage
AH_HINS_M_UNW,Adult Health,Health insurance coverage
AH_HINS_W_ANY,Adult Health,Health insurance coverage
AH_HINS_W_EBI,Adult Health,Health insurance coverage
AH_HINS_W_MUT,Adult Health,Health insurance coverage
AH_HINS_W_NON,Adult Health,Health insurance coverage
AH_HINS_W_NUM,Adult Health,Health insurance coverage
AH_HINS_W_OTH,Adult Health,Health insurance coverage
AH_HINS_W_PRV,Adult Health,Health insurance coverage
AH_HINS_W_SOS,Adult Health,Health insurance coverage
AH_HINS_W_UNW,Adult Health,Health insurance coverage
AH_MIGR_M_DIS,Adult Health,Migration reason
AH_MIGR_M_EDU,Adult Health,Migration reason
AH_MIGR_M_EMP,Adult Health,Migration reason
AH_MIGR_M_FAM,Adult Health,Migration reason
AH_MIGR_M_MAR,Adult Health,Migration reason
AH_MIGR_M_NUM,Adult Health,Migration reason
AH_MIGR_M_OTH,Adult Health,Migration reason
AH_MIGR_M_TOT,Adult Health,Migration reason
AH_MIGR_M_UNW,Adult Health,Migration reason
AH_MIGR_W_DIS,Adult Health,Migration reason
AH_MIGR_W_EDU,Adult Health,Migration reason
AH_MIGR_W_EMP,Adult Health,Migration reason
AH_MIGR_W_FAM,Adult Health,Migration reason
AH_MIGR_W_MAR,Adult Health,Migration reason
AH_MIGR_W_NUM,Adult Health,Migration reason
AH_MIGR_W_OTH,Adult Health,Migration reason
AH_MIGR_W_TOT,Adult Health,Migration reason
AH_MIGR_W_UNW,Adult Health,Migration reason
AH_MIGT_M_NUM,Adult Health,Type of migration
AH_MIGT_M_RTR,Adult Health,Type of migration
AH_MIGT_M_RTU,Adult Health,Type of migration
AH_MIGT_M_TOT,Adult Health,Type of migration
AH_MIGT_M_UNW,Adult Health,Type of migration
AH_MIGT_M_UTR,Adult Health,Type of migration
AH_MIGT_M_UTU,Adult Health,Type of migration
AH_MIGT_W_NUM,Adult Health,Type of migration
AH_MIGT_W_RTR,Adult Health,Type of migration
AH_MIGT_W_RTU,Adult Health,Type of migration
AH_MIGT_W_TOT,Adult Health,Type of migration
AH_MIGT_W_UNW,Adult Health,Type of migration
AH_MIGT_W_UTR,Adult Health,Type of migration
AH_MIGT_W_UTU,Adult Health,Type of migration
AH_RMIG_M_MIG,Adult Health,Recent migration
AH_RMIG_M_NUM,Adult Health,Recent migration
AH_RMIG_M_UNW,Adult Health,Recent migration
AH_RMIG_W_MIG,Adult Health,Recent migration
AH_RMIG_W_NUM,Adult Health,Recent migration
AH_RMIG_W_UNW,Adult Health,Recent migration
AH_TOBA_M_ANY,Adult Health,Use of any tobacco
AH_TOBA_M_NUM,Adult Health,Use of any tobacco
AH_TOBA_M_UNW,Adult Health,Use of any tobacco
AH_TOBA_W_ANY,Adult Health,Use of any tobacco
AH_TOBA_W_NUM,Adult Health,Use of any tobacco
AH_TOBA_W_UNW,Adult Health,Use of any tobacco
AH_TOBC_M_ANY,Adult Health,Use of tobacco
AH_TOBC_M_CIG,Adult Health,Use of tobacco
AH_TOBC_M_DKM,Adult Health,Use of tobacco
AH_TOBC_M_DLY,Adult Health,Use of tobacco
AH_TOBC_M_NON,Adult Health,Use of tobacco
AH_TOBC_M_NUM,Adult Health,Use of tobacco
AH_TOBC_M_OCC,Adult Health,Use of tobacco
AH_TOBC_M_OTH,Adult Health,Use of tobacco
AH_TOBC_M_PIP,Adult Health,Use of tobacco
AH_TOBC_M_TOT,Adult Health,Use of tobacco
AH_TOBC_M_UNW,Adult Health,Use of tobacco
AH_TOBC_W_ANY,Adult Health,Use of tobacco
AH_TOBC_W_CIG,Adult Health,Use of tobacco
AH_TOBC_W_DLY,Adult Health,Use of tobacco
AH_TOBC_W_NON,Adult Health,Use of tobacco
AH_TOBC_W_NUM,Adult Health,Use of tobacco
AH_TOBC_W_OCC,Adult Health,Use of tobacco
AH_TOBC_W_OTH,Adult Health,Use of tobacco
AH_TOBC_W_PIP,Adult Health,Use of tobacco
AH_TOBC_W_UNW,Adult Health,Use of tobacco
AH_TOBU_M_ASM,Adult Health,Use of tobacco products
AH_TOBU_M_ATB,Adult Health,Use of tobacco products
AH_TOBU_M_BTQ,Adult Health,Use of tobacco products
AH_TOBU_M_CHW,Adult Health,Use of tobacco products
AH_TOBU_M_NUM,Adult Health,Use of tobacco products
AH_TOBU_M_OSM,Adult Health,Use of tobacco products
AH_TOBU_M_SNM,Adult Health,Use of tobacco products
AH_TOBU_M_SNN,Adult Health,Use of tobacco products
AH_TOBU_M_UNW,Adult Health,Use of tobacco products
AH_TOBU_W_ASM,Adult Health,Use of tobacco products
AH_TOBU_W_ATB,Adult Health,Use of tobacco products
AH_TOBU_W_BTQ,Adult Health,Use of tobacco products
AH_TOBU_W_CHW,Adult Health,Use of tobacco products
AH_TOBU_W_NUM,Adult Health,Use of tobacco products
AH_TOBU_W_OSM,Adult Health,Use of tobacco products
AH_TOBU_W_SNM,Adult Health,Use of tobacco products
AH_TOBU_W_SNN,Adult Health,Use of tobacco products
AH_TOBU_W_UNW,Adult Health,Use of tobacco products
AN_ANEM_M_ANY,Adult Nutrition,Prevalence of anemia
AN_ANEM_M_NUM,Adult Nutrition,Prevalence of anemia
AN_ANEM_M_UNW,Adult Nutrition,Prevalence of anemia
AN_ANEM_W_ANY,Adult Nutrition,Prevalence of anemia
AN_ANEM_W_MLD,Adult Nutrition,Prevalence of anemia
AN_ANEM_W_MOD,Adult Nutrition,Prevalence of anemia
AN_ANEM_W_NUM,Adult Nutrition,Prevalence of anemia
AN_ANEM_W_SEV,Adult Nutrition,Prevalence of anemia
AN_ANEM_W_UNW,Adult Nutrition,Prevalence of anemia
AN_MIAM_W_90P,Adult Nutrition,Micronutrient intake among mothers
AN_MIAM_W_DKM,Adult Nutrition,Micronutrient intake among mothers
AN_MIAM_W_DWM,Adult Nutrition,Micronutrient intake among mothers
AN_MIAM_W_IOD,Adult Nutrition,Micronutrient intake among mothers
AN_MIAM_W_L60,Adult Nutrition,Micronutrient intake among mothers
AN_MIAM_W_L89,Adult Nutrition,Micronutrient intake among mothers
AN_MIAM_W_NBA,Adult Nutrition,Micronutrient intake among mothers
AN_MIAM_W_NBR,Adult Nutrition,Micronutrient intake among mothers
AN_MIAM_W_NM1,Adult Nutrition,Micronutrient intake among mothers
AN_MIAM_W_NON,Adult Nutrition,Micronutrient intake among mothers
AN_MIAM_W_NUM,Adult Nutrition,Micronutrient intake among mothers
AN_MIAM_W_TOT,Adult Nutrition,Micronutrient intake among mothers
AN_MIAM_W_UN1,Adult Nutrition,Micronutrient intake among mothers
AN_MIAM_W_UNW,Adult Nutrition,Micronutrient intake among mothers
AN_MIAM_W_VAP,Adult Nutrition,Micronutrient intake among mothers
AN_NUTS_M_BMI,Adult Nutrition,Nutritional status
AN_NUTS_M_NM1,Adult Nutrition,Nutritional status
AN_NUTS_M_NRM,Adult Nutrition,Nutritional status
AN_NUTS_M_NUM,Adult Nutrition,Nutritional status
AN_NUTS_M_OBS,Adult Nutrition,Nutritional status
AN_NUTS_M_OVW,Adult Nutrition,Nutritional status
AN_NUTS_M_OWT,Adult Nutrition,Nutritional status
AN_NUTS_M_SHT,Adult Nutrition,Nutritional status
AN_NUTS_M_TH1,Adult Nutrition,Nutritional status
AN_NUTS_M_TH2,Adult Nutrition,Nutritional status
AN_NUTS_M_THN,Adult Nutrition,Nutritional status
AN_NUTS_M_UN1,Adult Nutrition,Nutritional status
AN_NUTS_M_UNW,Adult Nutrition,Nutritional status
AN_NUTS_W_BMI,Adult Nutrition,Nutritional status
AN_NUTS_W_NM1,Adult Nutrition,Nutritional status
AN_NUTS_W_NRM,Adult Nutrition,Nutritional status
AN_NUTS_W_NUM,Adult Nutrition,Nutritional status
AN_NUTS_W_OBS,Adult Nutrition,Nutritional status
AN_NUTS_W_OVW,Adult Nutrition,Nutritional status
AN_NUTS_W_OWT,Adult Nutrition,Nutritional status
AN_NUTS_W_SHT,Adult Nutrition,Nutritional status
AN_NUTS_W_TH1,Adult Nutrition,Nutritional status
AN_NUTS_W_TH2,Adult Nutrition,Nutritional status
AN_NUTS_W_THN,Adult Nutrition,Nutritional status
AN_NUTS_W_UN1,Adult Nutrition,Nutritional status
AN_NUTS_W_UNW,Adult Nutrition,Nutritional status
CH_ARIS_C_ABI,Child Health,Prevalence and treatment of symptoms of ARI
CH_ARIS_C_ADV,Child Health,Prevalence and treatment of symptoms of ARI
CH_ARIS_C_ARI,Child Health,Prevalence and treatment of symptoms of ARI
CH_ARIS_C_AT1,Child Health,Prevalence and treatment of symptoms of ARI
CH_ARIS_C_NM2,Child Health,Prevalence and treatment of symptoms of ARI
CH_ARIS_C_NUM,Child Health,Prevalence and treatment of symptoms of ARI
CH_ARIS_C_UN2,Child Health,Prevalence and treatment of symptoms of ARI
CH_ARIS_C_UNW,Child Health,Prevalence and treatment of symptoms of ARI
CH_ARSA_C_GFP,Child Health,Source of advice or treatment among children with symptoms of ARI for whom advice or treatment was sought
CH_ARSA_C_GFW,Child Health,Source of advice or treatment among children with symptoms of ARI for whom advice or treatment was sought
CH_ARSA_C_GHC,Child Health,Source of advice or treatment among children with symptoms of ARI for whom advice or treatment was sought
CH_ARSA_C_GHS,Child Health,Source of advice or treatment among children with symptoms of ARI for whom advice or treatment was sought
CH_ARSA_C_GMB,Child Health,Source of advice or treatment among children with symptoms of ARI for whom advice or treatment was sought
CH_ARSA_C_GOT,Child Health,Source of advice or treatment among children with symptoms of ARI for whom advice or treatment was sought
CH_ARSA_C_IDS,Child Health,Source of advice or treatment among children with symptoms of ARI for whom advice or treatment was sought
CH_ARSA_C_MKT,Child Health,Source of advice or treatment among children with symptoms of ARI for whom advice or treatment was sought
CH_ARSA_C_NG1,Child Health,Source of advice or treatment among children with symptoms of ARI for whom advice or treatment was sought
CH_ARSA_C_NG2,Child Health,Source of advice or treatment among children with symptoms of ARI for whom advice or treatment was sought
CH_ARSA_C_NGH,Child Health,Source of advice or treatment among children with symptoms of ARI for whom advice or treatment was sought
CH_ARSA_C_NGO,Child Health,Source of advice or treatment among children with symptoms of ARI for whom advice or treatment was sought
CH_ARSA_C_NUM,Child Health,Source of advice or treatment among children with symptoms of ARI for whom advice or treatment was sought
CH_ARSA_C_ONG,Child Health,Source of advice or treatment among children with symptoms of ARI for whom advice or treatment was sought
CH_ARSA_C_OSR,Child Health,Source of advice or treatment among children with symptoms of ARI for whom advice or treatment was sought
CH_ARSA_C_OTH,Child Health,Source of advice or treatment among children with symptoms of ARI for whom advice or treatment was sought
CH_ARSA_C_PDR,Child Health,Source of advice or treatment among children with symptoms of ARI for whom advice or treatment was sought
CH_ARSA_C_PFW,Child Health,Source of advice or treatment among children with symptoms of ARI for whom advice or treatment was sought
CH_ARSA_C_PHS,Child Health,Source of advice or treatment among children with symptoms of ARI for whom advice or treatment was sought
CH_ARSA_C_PMB,Child Health,Source of advice or treatment among children with symptoms of ARI for whom advice or treatment was sought
CH_ARSA_C_POT,Child Health,Source of advice or treatment among children with symptoms of ARI for whom advice or treatment was sought
CH_ARSA_C_PPH,Child Health,Source of advice or treatment among children with symptoms of ARI for whom advice or treatment was sought
CH_ARSA_C_PRV,Child Health,Source of advice or treatment among children with symptoms of ARI for whom advice or treatment was sought
CH_ARSA_C_PUB,Child Health,Source of advice or treatment among children with symptoms of ARI for whom advice or treatment was sought
CH_ARSA_C_SHP,Child Health,Source of advice or treatment among children with symptoms of ARI for whom advice or treatment was sought
CH_ARSA_C_TRP,Child Health,Source of advice or treatment among children with symptoms of ARI for whom advice or treatment was sought
CH_ARSA_C_UNW,Child Health,Source of advice or treatment among children with symptoms of ARI for whom advice or treatment was sought
CH_ARSS_C_GFW,Child Health,Source of advice or treatment among children with symptoms of ARI
CH_ARSS_C_GHC,Child Health,Source of advice or treatment among children with symptoms of ARI
CH_ARSS_C_GHP,Child Health,Source of advice or treatment among children with symptoms of ARI
CH_ARSS_C_GHS,Child Health,Source of advice or treatment among children with symptoms of ARI
CH_ARSS_C_GMB,Child Health,Source of advice or treatment among children with symptoms of ARI
CH_ARSS_C_GOT,Child Health,Source of advice or treatment among children with symptoms of ARI
CH_ARSS_C_IDS,Child Health,Source of advice or treatment among children with symptoms of ARI
CH_ARSS_C_MKT,Child Health,Source of advice or treatment among children with symptoms of ARI
CH_ARSS_C_NGH,Child Health,Source of advice or treatment among children with symptoms of ARI
CH_ARSS_C_NGO,Child Health,Source of advice or treatment among children with symptoms of ARI
CH_ARSS_C_NUM,Child Health,Source of advice or treatment among children with symptoms of ARI
CH_ARSS_C_OSR,Child Health,Source of advice or treatment among children with symptoms of ARI
CH_ARSS_C_OTH,Child Health,Source of advice or treatment among children with symptoms of ARI
CH_ARSS_C_PDR,Child Health,Source of advice or treatment among children with symptoms of ARI
CH_ARSS_C_PFW,Child Health,Source of advice or treatment among children with symptoms of ARI
CH_ARSS_C_PHS,Child Health,Source of advice or treatment among children with symptoms of ARI
CH_ARSS_C_PMB,Child Health,Source of advice or treatment among children with symptoms of ARI
CH_ARSS_C_POT,Child Health,Source of advice or treatment among children with symptoms of ARI
CH_ARSS_C_PPH,Child Health,Source of advice or treatment among children with symptoms of ARI
CH_ARSS_C_PRV,Child Health,Source of advice or treatment among children with symptoms of ARI
CH_ARSS_C_PUB,Child Health,Source of advice or treatment among children with symptoms of ARI
CH_ARSS_C_SHP,Child Health,Source of advice or treatment among children with symptoms of ARI
CH_ARSS_C_TRP,Child Health,Source of advice or treatment among children with symptoms of ARI
CH_ARSS_C_UNW,Child Health,Source of advice or treatment among children with symptoms of ARI
CH_DIAR_C_ATS,Child Health,Prevalence of diarrhea
CH_DIAR_C_DIA,Child Health,Prevalence of diarrhea
CH_DIAR_C_DIB,Child Health,Prevalence of diarrhea
CH_DIAR_C_NM1,Child Health,Prevalence of diarrhea
CH_DIAR_C_NUM,Child Health,Prevalence of diarrhea
CH_DIAR_C_UN1,Child Health,Prevalence of diarrhea
CH_DIAR_C_UNW,Child Health,Prevalence of diarrhea
CH_DIAT_C_ABI,Child Health,Treatment of diarrhea
CH_DIAT_C_ADV,Child Health,Treatment of diarrhea
CH_DIAT_C_AMO,Child Health,Treatment of diarrhea
CH_DIAT_C_CFO,Child Health,Treatment of diarrhea
CH_DIAT_C_DKM,Child Health,Treatment of diarrhea
CH_DIAT_C_HOM,Child Health,Treatment of diarrhea
CH_DIAT_C_INC,Child Health,Treatment of diarrhea
CH_DIAT_C_INJ,Child Health,Treatment of diarrhea
CH_DIAT_C_IVS,Child Health,Treatment of diarrhea
CH_DIAT_C_NON,Child Health,Treatment of diarrhea
CH_DIAT_C_NOT,Child Health,Treatment of diarrhea
CH_DIAT_C_NUM,Child Health,Treatment of diarrhea
CH_DIAT_C_ORI,Child Health,Treatment of diarrhea
CH_DIAT_C_ORS,Child Health,Treatment of diarrhea
CH_DIAT_C_ORT,Child Health,Treatment of diarrhea
CH_DIAT_C_ORZ,Child Health,Treatment of diarrhea
CH_DIAT_C_OSI,Child Health,Treatment of diarrhea
CH_DIAT_C_OZC,Child Health,Treatment of diarrhea
CH_DIAT_C_RHF,Child Health,Treatment of diarrhea
CH_DIAT_C_UNW,Child Health,Treatment of diarrhea
CH_DIAT_C_ZNC,Child Health,Treatment of diarrhea
CH_DIFP_C_FAL,Child Health,Feeding practices during diarrhea
CH_DIFP_C_FCF,Child Health,Feeding practices during diarrhea
CH_DIFP_C_FDC,Child Health,Feeding practices during diarrhea
CH_DIFP_C_FDK,Child Health,Feeding practices during diarrhea
CH_DIFP_C_FLS,Child Health,Feeding practices during diarrhea
CH_DIFP_C_FML,Child Health,Feeding practices during diarrhea
CH_DIFP_C_FMR,Child Health,Feeding practices during diarrhea
CH_DIFP_C_FNO,Child Health,Feeding practices during diarrhea
CH_DIFP_C_FNV,Child Health,Feeding practices during diarrhea
CH_DIFP_C_FSM,Child Health,Feeding practices during diarrhea
CH_DIFP_C_FTO,Child Health,Feeding practices during diarrhea
CH_DIFP_C_LDC,Child Health,Feeding practices during diarrhea
CH_DIFP_C_LDK,Child Health,Feeding practices during diarrhea
CH_DIFP_C_LLS,Child Health,Feeding practices during diarrhea
CH_DIFP_C_LML,Child Health,Feeding practices during diarrhea
CH_DIFP_C_LMR,Child Health,Feeding practices during diarrhea
CH_DIFP_C_LNO,Child Health,Feeding practices during diarrhea
CH_DIFP_C_LSM,Child Health,Feeding practices during diarrhea
CH_DIFP_C_LTO,Child Health,Feeding practices during diarrhea
CH_DIFP_C_NUM,Child Health,Feeding practices during diarrhea
CH_DIFP_C_UNW,Child Health,Feeding practices during diarrhea
CH_DISA_C_GFP,Child Health,Source of advice or treatment among children with diarrhea for whom advice or treatment was sought
CH_DISA_C_GFW,Child Health,Source of advice or treatment among children with diarrhea for whom advice or treatment was sought
CH_DISA_C_GHC,Child Health,Source of advice or treatment among children with diarrhea for whom advice or treatment was sought
CH_DISA_C_GHS,Child Health,Source of advice or treatment among children with diarrhea for whom advice or treatment was sought
CH_DISA_C_GMB,Child Health,Source of advice or treatment among children with diarrhea for whom advice or treatment was sought
CH_DISA_C_GOT,Child Health,Source of advice or treatment among children with diarrhea for whom advice or treatment was sought
CH_DISA_C_IDS,Child Health,Source of advice or treatment among children with diarrhea for whom advice or treatment was sought
CH_DISA_C_MKT,Child Health,Source of advice or treatment among children with diarrhea for whom advice or treatment was sought
CH_DISA_C_NGH,Child Health,Source of advice or treatment among children with diarrhea for whom advice or treatment was sought
CH_DISA_C_NGO,Child Health,Source of advice or treatment among children with diarrhea for whom advice or treatment was sought
CH_DISA_C_NUM,Child Health,Source of advice or treatment among children with diarrhea for whom advice or treatment was sought
CH_DISA_C_ONG,Child Health,Source of advice or treatment among children with diarrhea for whom advice or treatment was sought
CH_DISA_C_OSR,Child Health,Source of advice or treatment among children with diarrhea for whom advice or treatment was sought
CH_DISA_C_OTH,Child Health,Source of advice or treatment among children with diarrhea for whom advice or treatment was sought
CH_DISA_C_PDR,Child Health,Source of advice or treatment among children with diarrhea for whom advice or treatment was sought
CH_DISA_C_PFW,Child Health,Source of advice or treatment among children with diarrhea for whom advice or treatment was sought
CH_DISA_C_PHS,Child Health,Source of advice or treatment among children with diarrhea for whom advice or treatment was sought
CH_DISA_C_PMB,Child Health,Source of advice or treatment among children with diarrhea for whom advice or treatment was sought
CH_DISA_C_POT,Child Health,Source of advice or treatment among children with diarrhea for whom advice or treatment was sought
CH_DISA_C_PPH,Child Health,Source of advice or treatment among children with diarrhea for whom advice or treatment was sought
CH_DISA_C_PRV,Child Health,Source of advice or treatment among children with diarrhea for whom advice or treatment was sought
CH_DISA_C_PUB,Child Health,Source of advice or treatment among children with diarrhea for whom advice or treatment was sought
CH_DISA_C_SHP,Child Health,Source of advice or treatment among children with diarrhea for whom advice or treatment was sought
CH_DISA_C_TRP,Child Health,Source of advice or treatment among children with diarrhea for whom advice or treatment was sought
CH_DISA_C_UNW,Child Health,Source of advice or treatment among children with diarrhea for whom advice or treatment was sought
CH_DISO_C_GFP,Child Health,Source of advice or treatment among children with diarrhea who received ORS
CH_DISO_C_GFW,Child Health,Source of advice or treatment among children with diarrhea who received ORS
CH_DISO_C_GHC,Child Health,Source of advice or treatment among children with diarrhea who received ORS
CH_DISO_C_GHS,Child Health,Source of advice or treatment among children with diarrhea who received ORS
CH_DISO_C_GMB,Child Health,Source of advice or treatment among children with diarrhea who received ORS
CH_DISO_C_GOT,Child Health,Source of advice or treatment among children with diarrhea who received ORS
CH_DISO_C_IDS,Child Health,Source of advice or treatment among children with diarrhea who received ORS
CH_DISO_C_MKT,Child Health,Source of advice or treatment among children with diarrhea who received ORS
CH_DISO_C_NGH,Child Health,Source of advice or treatment among children with diarrhea who received ORS
CH_DISO_C_NGO,Child Health,Source of advice or treatment among children with diarrhea who received ORS
CH_DISO_C_NUM,Child Health,Source of advice or treatment among children with diarrhea who received ORS
CH_DISO_C_ONG,Child Health,Source of advice or treatment among children with diarrhea who received ORS
CH_DISO_C_OSR,Child Health,Source of advice or treatment among children with diarrhea who received ORS
CH_DISO_C_OTH,Child Health,Source of advice or treatment among children with diarrhea who received ORS
CH_DISO_C_PDR,Child Health,Source of advice or treatment among children with diarrhea who received ORS
CH_DISO_C_PFW,Child Health,Source of advice or treatment among children with diarrhea who received ORS
CH_DISO_C_PHS,Child Health,Source of advice or treatment among children with diarrhea who received ORS
CH_DISO_C_PMB,Child Health,Source of advice or treatment among children with diarrhea who received ORS
CH_DISO_C_POT,Child Health,Source of advice or treatment among children with diarrhea who received ORS
CH_DISO_C_PPH,Child Health,Source of advice or treatment among children with diarrhea who received ORS
CH_DISO_C_PRV,Child Health,Source of advice or treatment among children with diarrhea who received ORS
CH_DISO_C_PUB,Child Health,Source of advice or treatment among children with diarrhea who received ORS
CH_DISO_C_SHP,Child Health,Source of advice or treatment among children with diarrhea who received ORS
CH_DISO_C_TRP,Child Health,Source of advice or treatment among children with diarrhea who received ORS
CH_DISO_C_UNW,Child Health,Source of advice or treatment among children with diarrhea who received ORS
CH_DISS_C_GFW,Child Health,Source of advice or treatment among children with diarrhea
CH_DISS_C_GHC,Child Health,Source of advice or treatment among children with diarrhea
CH_DISS_C_GHP,Child Health,Source of advice or treatment among children with diarrhea
CH_DISS_C_GHS,Child Health,Source of advice or treatment among children with diarrhea
CH_DISS_C_GMB,Child Health,Source of advice or treatment among children with diarrhea
CH_DISS_C_GOT,Child Health,Source of advice or treatment among children with diarrhea
CH_DISS_C_IDS,Child Health,Source of advice or treatment among children with diarrhea
CH_DISS_C_MKT,Child Health,Source of advice or treatment among children with diarrhea
CH_DISS_C_NGH,Child Health,Source of advice or treatment among children with diarrhea
CH_DISS_C_NGO,Child Health,Source of advice or treatment among children with diarrhea
CH_DISS_C_NUM,Child Health,Source of advice or treatment among children with diarrhea
CH_DISS_C_ONG,Child Health,Source of advice or treatment among children with diarrhea
CH_DISS_C_OSR,Child Health,Source of advice or treatment among children with diarrhea
CH_DISS_C_OTH,Child Health,Source of advice or treatment among children with diarrhea
CH_DISS_C_PDR,Child Health,Source of advice or treatment among children with diarrhea
CH_DISS_C_PFW,Child Health,Source of advice or treatment among children with diarrhea
CH_DISS_C_PHS,Child Health,Source of advice or treatment among children with diarrhea
CH_DISS_C_PMB,Child Health,Source of advice or treatment among children with diarrhea
CH_DISS_C_POT,Child Health,Source of advice or treatment among children with diarrhea
CH_DISS_C_PPH,Child Health,Source of advice or treatment among children with diarrhea
CH_DISS_C_PRV,Child Health,Source of advice or treatment among children with diarrhea
CH_DISS_C_PUB,Child Health,Source of advice or treatment among children with diarrhea
CH_DISS_C_SHP,Child Health,Source of advice or treatment among children with diarrhea
CH_DISS_C_TRP,Child Health,Source of advice or treatment among children with diarrhea
CH_DISS_C_UNW,Child Health,Source of advice or treatment among children with diarrhea
CH_DSTL_C_BUR,Child Health,Disposal of children's stools
CH_DSTL_C_DDP,Child Health,Disposal of children's stools
CH_DSTL_C_DKM,Child Health,Disposal of children's stools
CH_DSTL_C_GBG,Child Health,Disposal of children's stools
CH_DSTL_C_NON,Child Health,Disposal of children's stools
CH_DSTL_C_NUM,Child Health,Disposal of children's stools
CH_DSTL_C_ODW,Child Health,Disposal of children's stools
CH_DSTL_C_OPN,Child Health,Disposal of children's stools
CH_DSTL_C_OTH,Child Health,Disposal of children's stools
CH_DSTL_C_OYD,Child Health,Disposal of children's stools
CH_DSTL_C_RDR,Child Health,Disposal of children's stools
CH_DSTL_C_RTL,Child Health,Disposal of children's stools
CH_DSTL_C_SAF,Child Health,Disposal of children's stools
CH_DSTL_C_TLT,Child Health,Disposal of children's stools
CH_DSTL_C_TOT,Child Health,Disposal of children's stools
CH_DSTL_C_UNW,Child Health,Disposal of children's stools
CH_DSTL_C_WDP,Child Health,Disposal of children's stools
CH_FEVR_C_FEV,Child Health,Prevalence of fever
CH_FEVR_C_NUM,Child Health,Prevalence of fever
CH_FEVR_C_UNW,Child Health,Prevalence of fever
CH_FEVT_C_ABI,Child Health,Treatment of fever
CH_FEVT_C_ADV,Child Health,Treatment of fever
CH_FEVT_C_AML,Child Health,Treatment of fever
CH_FEVT_C_AT1,Child Health,Treatment of fever
CH_FEVT_C_NUM,Child Health,Treatment of fever
CH_FEVT_C_UNW,Child Health,Treatment of fever
CH_KORS_W_NUM,Child Health,Knowledge of ORS packets or pre-packaged liquids
CH_KORS_W_ORS,Child Health,Knowledge of ORS packets or pre-packaged liquids
CH_KORS_W_UNW,Child Health,Knowledge of ORS packets or pre-packaged liquids
CH_SZWT_C_AVG,Child Health,Child's size and weight at birth
CH_SZWT_C_DKM,Child Health,Child's size and weight at birth
CH_SZWT_C_L25,Child Health,Child's size and weight at birth
CH_SZWT_C_NM1,Child Health,Child's size and weight at birth
CH_SZWT_C_NUM,Child Health,Child's size and weight at birth
CH_SZWT_C_REM,Child Health,Child's size and weight at birth
CH_SZWT_C_REP,Child Health,Child's size and weight at birth
CH_SZWT_C_REW,Child Health,Child's size and weight at birth
CH_SZWT_C_SML,Child Health,Child's size and weight at birth
CH_SZWT_C_TOT,Child Health,Child's size and weight at birth
CH_SZWT_C_UN1,Child Health,Child's size and weight at birth
CH_SZWT_C_UNW,Child Health,Child's size and weight at birth
CH_SZWT_C_VSM,Child Health,Child's size and weight at birth
CH_VAC1_C_APP,Child Health,Vaccinations within the first year of life
CH_VAC1_C_BAS,Child Health,Vaccinations within the first year of life
CH_VAC1_C_BCG,Child Health,Vaccinations within the first year of life
CH_VAC1_C_DP1,Child Health,Vaccinations within the first year of life
CH_VAC1_C_DP2,Child Health,Vaccinations within the first year of life
CH_VAC1_C_DP3,Child Health,Vaccinations within the first year of life
CH_VAC1_C_HB1,Child Health,Vaccinations within the first year of life
CH_VAC1_C_HB2,Child Health,Vaccinations within the first year of life
CH_VAC1_C_HB3,Child Health,Vaccinations within the first year of life
CH_VAC1_C_HP0,Child Health,Vaccinations within the first year of life
CH_VAC1_C_HP1,Child Health,Vaccinations within the first year of life
CH_VAC1_C_HP2,Child Health,Vaccinations within the first year of life
CH_VAC1_C_HP3,Child Health,Vaccinations within the first year of life
CH_VAC1_C_MS2,Child Health,Vaccinations within the first year of life
CH_VAC1_C_MSL,Child Health,Vaccinations within the first year of life
CH_VAC1_C_NON,Child Health,Vaccinations within the first year of life
CH_VAC1_C_NUM,Child Health,Vaccinations within the first year of life
CH_VAC1_C_OP0,Child Health,Vaccinations within the first year of life
CH_VAC1_C_OP1,Child Health,Vaccinations within the first year of life
CH_VAC1_C_OP2,Child Health,Vaccinations within the first year of life
CH_VAC1_C_OP3,Child Health,Vaccinations within the first year of life
CH_VAC1_C_PN1,Child Health,Vaccinations within the first year of life
CH_VAC1_C_PN2,Child Health,Vaccinations within the first year of life
CH_VAC1_C_PN3,Child Health,Vaccinations within the first year of life
CH_VAC1_C_RT1,Child Health,Vaccinations within the first year of life
CH_VAC1_C_RT2,Child Health,Vaccinations within the first year of life
CH_VAC1_C_RT3,Child Health,Vaccinations within the first year of life
CH_VAC1_C_UNW,Child Health,Vaccinations within the first year of life
CH_VAC1_C_VCD,Child Health,Vaccinations within the first year of life
CH_VACC_C_AP2,Child Health,Vaccinations
CH_VACC_C_APP,Child Health,Vaccinations
CH_VACC_C_BAS,Child Health,Vaccinations
CH_VACC_C_BCG,Child Health,Vaccinations
CH_VACC_C_DP1,Child Health,Vaccinations
CH_VACC_C_DP2,Child Health,Vaccinations
CH_VACC_C_DP3,Child Health,Vaccinations
CH_VACC_C_HB1,Child Health,Vaccinations
CH_VACC_C_HB2,Child Health,Vaccinations
CH_VACC_C_HB3,Child Health,Vaccinations
CH_VACC_C_HP0,Child Health,Vaccinations
CH_VACC_C_HP1,Child Health,Vaccinations
CH_VACC_C_HP2,Child Health,Vaccinations
CH_VACC_C_HP3,Child Health,Vaccinations
CH_VACC_C_HPA,Child Health,Vaccinations
CH_VACC_C_HPD,Child Health,Vaccinations
CH_VACC_C_IP1,Child Health,Vaccinations
CH_VACC_C_IP2,Child Health,Vaccinations
CH_VACC_C_IP3,Child Health,Vaccinations
CH_VACC_C_M21,Child Health,Vaccinations
CH_VACC_C_M22,Child Health,Vaccinations
CH_VACC_C_MS2,Child Health,Vaccinations
CH_VACC_C_MSL,Child Health,Vaccinations
CH_VACC_C_NM2,Child Health,Vaccinations
CH_VACC_C_NON,Child Health,Vaccinations
CH_VACC_C_NUM,Child Health,Vaccinations
CH_VACC_C_OP0,Child Health,Vaccinations
CH_VACC_C_OP1,Child Health,Vaccinations
CH_VACC_C_OP2,Child Health,Vaccinations
CH_VACC_C_OP3,Child Health,Vaccinations
CH_VACC_C_PN1,Child Health,Vaccinations
CH_VACC_C_PN2,Child Health,Vaccinations
CH_VACC_C_PN3,Child Health,Vaccinations
CH_VACC_C_PT1,Child Health,Vaccinations
CH_VACC_C_PT2,Child Health,Vaccinations
CH_VACC_C_PT3,Child Health,Vaccinations
CH_VACC_C_RT1,Child Health,Vaccinations
CH_VACC_C_RT2,Child Health,Vaccinations
CH_VACC_C_RT3,Child Health,Vaccinations
CH_VACC_C_UN2,Child Health,Vaccinations
CH_VACC_C_UNW,Child Health,Vaccinations
CH_VACP_C_EV1,Child Health,Possession and observation of vaccination cards
CH_VACP_C_EV2,Child Health,Possession and observation of vaccination cards
CH_VACP_C_NM1,Child Health,Possession and observation of vaccination cards
CH_VACP_C_NM2,Child Health,Possession and observation of vaccination cards
CH_VACP_C_SN1,Child Health,Possession and observation of vaccination cards
CH_VACP_C_SN2,Child Health,Possession and observation of vaccination cards
CH_VACP_C_UN1,Child Health,Possession and observation of vaccination cards
CH_VACP_C_UN2,Child Health,Possession and observation of vaccination cards
CH_VACS_C_APP,Child Health,Vaccinations by source of information
CH_VACS_C_BAS,Child Health,Vaccinations by source of information
CH_VACS_C_BCG,Child Health,Vaccinations by source of information
CH_VACS_C_DP1,Child Health,Vaccinations by source of information
CH_VACS_C_DP2,Child Health,Vaccinations by source of information
CH_VACS_C_DP3,Child Health,Vaccinations by source of information
CH_VACS_C_HB1,Child Health,Vaccinations by source of information
CH_VACS_C_HB2,Child Health,Vaccinations by source of information
CH_VACS_C_HB3,Child Health,Vaccinations by source of information
CH_VACS_C_HP0,Child Health,Vaccinations by source of information
CH_VACS_C_HP1,Child Health,Vaccinations by source of information
CH_VACS_C_HP2,Child Health,Vaccinations by source of information
CH_VACS_C_HP3,Child Health,Vaccinations by source of information
CH_VACS_C_HPA,Child Health,Vaccinations by source of information
CH_VACS_C_HPD,Child Health,Vaccinations by source of information
CH_VACS_C_IP1,Child Health,Vaccinations by source of information
CH_VACS_C_IP2,Child Health,Vaccinations by source of information
CH_VACS_C_IP3,Child Health,Vaccinations by source of information
CH_VACS_C_MS2,Child Health,Vaccinations by source of information
CH_VACS_C_MSL,Child Health,Vaccinations by source of information
CH_VACS_C_NON,Child Health,Vaccinations by source of information
CH_VACS_C_NUM,Child Health,Vaccinations by source of information
CH_VACS_C_OP0,Child Health,Vaccinations by source of information
CH_VACS_C_OP1,Child Health,Vaccinations by source of information
CH_VACS_C_OP2,Child Health,Vaccinations by source of information
CH_VACS_C_OP3,Child Health,Vaccinations by source of information
CH_VACS_C_PN1,Child Health,Vaccinations by source of information
CH_VACS_C_PN2,Child Health,Vaccinations by source of information
CH_VACS_C_PN3,Child Health,Vaccinations by source of information
CH_VACS_C_PT1,Child Health,Vaccinations by source of information
CH_VACS_C_PT2,Child Health,Vaccinations by source of information
CH_VACS_C_PT3,Child Health,Vaccinations by source of information
CH_VACS_C_RT1,Child Health,Vaccinations by source of information
CH_VACS_C_RT2,Child Health,Vaccinations by source of information
CH_VACS_C_RT3,Child Health,Vaccinations by source of information
CH_VACS_C_UNW,Child Health,Vaccinations by source of information
CM_ECMR_C_CME,Infant and Child Mortality,Early childhood mortality rates
CM_ECMR_C_CML,Infant and Child Mortality,Early childhood mortality rates
CM_ECMR_C_CMR,Infant and Child Mortality,Early childhood mortality rates
CM_ECMR_C_CMU,Infant and Child Mortality,Early childhood mortality rates
CM_ECMR_C_CMX,Infant and Child Mortality,Early childhood mortality rates
CM_ECMR_C_IME,Infant and Child Mortality,Early childhood mortality rates
CM_ECMR_C_IML,Infant and Child Mortality,Early childhood mortality rates
CM_ECMR_C_IMR,Infant and Child Mortality,Early childhood mortality rates
CM_ECMR_C_IMU,Infant and Child Mortality,Early childhood mortality rates
CM_ECMR_C_IMX,Infant and Child Mortality,Early childhood mortality rates
CM_ECMR_C_NNE,Infant and Child Mortality,Early childhood mortality rates
CM_ECMR_C_NNL,Infant and Child Mortality,Early childhood mortality rates
CM_ECMR_C_NNR,Infant and Child Mortality,Early childhood mortality rates
CM_ECMR_C_NNU,Infant and Child Mortality,Early childhood mortality rates
CM_ECMR_C_NNX,Infant and Child Mortality,Early childhood mortality rates
CM_ECMR_C_PNE,Infant and Child Mortality,Early childhood mortality rates
CM_ECMR_C_PNL,Infant and Child Mortality,Early childhood mortality rates
CM_ECMR_C_PNR,Infant and Child Mortality,Early childhood mortality rates
CM_ECMR_C_PNU,Infant and Child Mortality,Early childhood mortality rates
CM_ECMR_C_PNX,Infant and Child Mortality,Early childhood mortality rates
CM_ECMR_C_U5E,Infant and Child Mortality,Early childhood mortality rates
CM_ECMR_C_U5L,Infant and Child Mortality,Early childhood mortality rates
CM_ECMR_C_U5M,Infant and Child Mortality,Early childhood mortality rates
CM_ECMR_C_U5U,Infant and Child Mortality,Early childhood mortality rates
CM_ECMR_C_U5X,Infant and Child Mortality,Early childhood mortality rates
CM_ECMT_C_CME,Infant and Child Mortality,Early childhood mortality rates (5 year)
CM_ECMT_C_CML,Infant and Child Mortality,Early childhood mortality rates (5 year)
CM_ECMT_C_CMR,Infant and Child Mortality,Early childhood mortality rates (5 year)
CM_ECMT_C_CMU,Infant and Child Mortality,Early childhood mortality rates (5 year)
CM_ECMT_C_CMX,Infant and Child Mortality,Early childhood mortality rates (5 year)
CM_ECMT_C_IME,Infant and Child Mortality,Early childhood mortality rates (5 year)
CM_ECMT_C_IML,Infant and Child Mortality,Early childhood mortality rates (5 year)
CM_ECMT_C_IMR,Infant and Child Mortality,Early childhood mortality rates (5 year)
CM_ECMT_C_IMU,Infant and Child Mortality,Early childhood mortality rates (5 year)
CM_ECMT_C_IMX,Infant and Child Mortality,Early childhood mortality rates (5 year)
CM_ECMT_C_NNE,Infant and Child Mortality,Early childhood mortality rates (5 year)
CM_ECMT_C_NNL,Infant and Child Mortality,Early childhood mortality rates (5 year)
CM_ECMT_C_NNR,Infant and Child Mortality,Early childhood mortality rates (5 year)
CM_ECMT_C_NNU,Infant and Child Mortality,Early childhood mortality rates (5 year)
CM_ECMT_C_NNX,Infant and Child Mortality,Early childhood mortality rates (5 year)
CM_ECMT_C_PNE,Infant and Child Mortality,Early childhood mortality rates (5 year)
CM_ECMT_C_PNL,Infant and Child Mortality,Early childhood mortality rates (5 year)
CM_ECMT_C_PNR,Infant and Child Mortality,Early childhood mortality rates (5 year)
CM_ECMT_C_PNU,Infant and Child Mortality,Early childhood mortality rates (5 year)
CM_ECMT_C_PNX,Infant and Child Mortality,Early childhood mortality rates (5 year)
CM_ECMT_C_U5E,Infant and Child Mortality,Early childhood mortality rates (5 year)
CM_ECMT_C_U5L,Infant and Child Mortality,Early childhood mortality rates (5 year)
CM_ECMT_C_U5M,Infant and Child Mortality,Early childhood mortality rates (5 year)
CM_ECMT_C_U5U,Infant and Child Mortality,Early childhood mortality rates (5 year)
CM_ECMT_C_U5X,Infant and Child Mortality,Early childhood mortality rates (5 year)
CM_HRFB_C_A18,Infant and Child Mortality,High-risk fertility behaviour: births
CM_HRFB_C_A1B,Infant and Child Mortality,High-risk fertility behaviour: births
CM_HRFB_C_A1S,Infant and Child Mortality,High-risk fertility behaviour: births
CM_HRFB_C_A2B,Infant and Child Mortality,High-risk fertility behaviour: births
CM_HRFB_C_A34,Infant and Child Mortality,High-risk fertility behaviour: births
CM_HRFB_C_A3B,Infant and Child Mortality,High-risk fertility behaviour: births
CM_HRFB_C_A3S,Infant and Child Mortality,High-risk fertility behaviour: births
CM_HRFB_C_ABO,Infant and Child Mortality,High-risk fertility behaviour: births
CM_HRFB_C_ANY,Infant and Child Mortality,High-risk fertility behaviour: births
CM_HRFB_C_B1S,Infant and Child Mortality,High-risk fertility behaviour: births
CM_HRFB_C_B24,Infant and Child Mortality,High-risk fertility behaviour: births
CM_HRFB_C_B3S,Infant and Child Mortality,High-risk fertility behaviour: births
CM_HRFB_C_BIO,Infant and Child Mortality,High-risk fertility behaviour: births
CM_HRFB_C_BO3,Infant and Child Mortality,High-risk fertility behaviour: births
CM_HRFB_C_FOB,Infant and Child Mortality,High-risk fertility behaviour: births
CM_HRFB_C_MLT,Infant and Child Mortality,High-risk fertility behaviour: births
CM_HRFB_C_NON,Infant and Child Mortality,High-risk fertility behaviour: births
CM_HRFB_C_NUM,Infant and Child Mortality,High-risk fertility behaviour: births
CM_HRFB_C_SNG,Infant and Child Mortality,High-risk fertility behaviour: births
CM_HRFB_C_TOT,Infant and Child Mortality,High-risk fertility behaviour: births
CM_HRFB_C_UNW,Infant and Child Mortality,High-risk fertility behaviour: births
CM_HRFR_C_A18,Infant and Child Mortality,High-risk fertility behaviour: risk ratio
CM_HRFR_C_A1B,Infant and Child Mortality,High-risk fertility behaviour: risk ratio
CM_HRFR_C_A1S,Infant and Child Mortality,High-risk fertility behaviour: risk ratio
CM_HRFR_C_A2B,Infant and Child Mortality,High-risk fertility behaviour: risk ratio
CM_HRFR_C_A34,Infant and Child Mortality,High-risk fertility behaviour: risk ratio
CM_HRFR_C_A3B,Infant and Child Mortality,High-risk fertility behaviour: risk ratio
CM_HRFR_C_A3S,Infant and Child Mortality,High-risk fertility behaviour: risk ratio
CM_HRFR_C_ABO,Infant and Child Mortality,High-risk fertility behaviour: risk ratio
CM_HRFR_C_ANY,Infant and Child Mortality,High-risk fertility behaviour: risk ratio
CM_HRFR_C_B1S,Infant and Child Mortality,High-risk fertility behaviour: risk ratio
CM_HRFR_C_B24,Infant and Child Mortality,High-risk fertility behaviour: risk ratio
CM_HRFR_C_B3S,Infant and Child Mortality,High-risk fertility behaviour: risk ratio
CM_HRFR_C_BIO,Infant and Child Mortality,High-risk fertility behaviour: risk ratio
CM_HRFR_C_BO3,Infant and Child Mortality,High-risk fertility behaviour: risk ratio
CM_HRFR_C_FOB,Infant and Child Mortality,High-risk fertility behaviour: risk ratio
CM_HRFR_C_MLT,Infant and Child Mortality,High-risk fertility behaviour: risk ratio
CM_HRFR_C_NON,Infant and Child Mortality,High-risk fertility behaviour: risk ratio
CM_HRFR_C_SNG,Infant and Child Mortality,High-risk fertility behaviour: risk ratio
CM_HRFR_U_A18,Infant and Child Mortality,High-risk fertility behaviour: risk ratio
CM_HRFR_U_A1B,Infant and Child Mortality,High-risk fertility behaviour: risk ratio
CM_HRFR_U_A1S,Infant and Child Mortality,High-risk fertility behaviour: risk ratio
CM_HRFR_U_A2B,Infant and Child Mortality,High-risk fertility behaviour: risk ratio
CM_HRFR_U_A34,Infant and Child Mortality,High-risk fertility behaviour: risk ratio
CM_HRFR_U_A3B,Infant and Child Mortality,High-risk fertility behaviour: risk ratio
CM_HRFR_U_A3S,Infant and Child Mortality,High-risk fertility behaviour: risk ratio
CM_HRFR_U_ABO,Infant and Child Mortality,High-risk fertility behaviour: risk ratio
CM_HRFR_U_ANY,Infant and Child Mortality,High-risk fertility behaviour: risk ratio
CM_HRFR_U_B1S,Infant and Child Mortality,High-risk fertility behaviour: risk ratio
CM_HRFR_U_B24,Infant and Child Mortality,High-risk fertility behaviour: risk ratio
CM_HRFR_U_B3S,Infant and Child Mortality,High-risk fertility behaviour: risk ratio
CM_HRFR_U_BIO,Infant and Child Mortality,High-risk fertility behaviour: risk ratio
CM_HRFR_U_BO3,Infant and Child Mortality,High-risk fertility behaviour: risk ratio
CM_HRFR_U_FOB,Infant and Child Mortality,High-risk fertility behaviour: risk ratio
CM_HRFR_U_MLT,Infant and Child Mortality,High-risk fertility behaviour: risk ratio
CM_HRFR_U_NON,Infant and Child Mortality,High-risk fertility behaviour: risk ratio
CM_HRFR_U_SNG,Infant and Child Mortality,High-risk fertility behaviour: risk ratio
CM_HRFW_W_A18,Infant and Child Mortality,High-risk fertility behaviour: women
CM_HRFW_W_A1B,Infant and Child Mortality,High-risk fertility behaviour: women
CM_HRFW_W_A1S,Infant and Child Mortality,High-risk fertility behaviour: women
CM_HRFW_W_A2B,Infant and Child Mortality,High-risk fertility behaviour: women
CM_HRFW_W_A34,Infant and Child Mortality,High-risk fertility behaviour: women
CM_HRFW_W_A3B,Infant and Child Mortality,High-risk fertility behaviour: women
CM_HRFW_W_A3S,Infant and Child Mortality,High-risk fertility behaviour: women
CM_HRFW_W_ABO,Infant and Child Mortality,High-risk fertility behaviour: women
CM_HRFW_W_ANY,Infant and Child Mortality,High-risk fertility behaviour: women
CM_HRFW_W_B1S,Infant and Child Mortality,High-risk fertility behaviour: women
CM_HRFW_W_B24,Infant and Child Mortality,High-risk fertility behaviour: women
CM_HRFW_W_B3S,Infant and Child Mortality,High-risk fertility behaviour: women
CM_HRFW_W_BIO,Infant and Child Mortality,High-risk fertility behaviour: women
CM_HRFW_W_BO3,Infant and Child Mortality,High-risk fertility behaviour: women
CM_HRFW_W_FOB,Infant and Child Mortality,High-risk fertility behaviour: women
CM_HRFW_W_MLT,Infant and Child Mortality,High-risk fertility behaviour: women
CM_HRFW_W_NON,Infant and Child Mortality,High-risk fertility behaviour: women
CM_HRFW_W_NUM,Infant and Child Mortality,High-risk fertility behaviour: women
CM_HRFW_W_SNG,Infant and Child Mortality,High-risk fertility behaviour: women
CM_HRFW_W_TOT,Infant and Child Mortality,High-risk fertility behaviour: women
CM_HRFW_W_UNW,Infant and Child Mortality,High-risk fertility behaviour: women
CM_PNMR_C_ENR,Infant and Child Mortality,Perinatal mortality
CM_PNMR_C_NEN,Infant and Child Mortality,Perinatal mortality
CM_PNMR_C_NSB,Infant and Child Mortality,Perinatal mortality
CM_PNMR_C_NUM,Infant and Child Mortality,Perinatal mortality
CM_PNMR_C_PMR,Infant and Child Mortality,Perinatal mortality
CM_PNMR_C_RSE,Infant and Child Mortality,Perinatal mortality
CM_PNMR_C_SBR,Infant and Child Mortality,Perinatal mortality
CM_PNMR_C_UNN,Infant and Child Mortality,Perinatal mortality
CM_PNMR_C_UNW,Infant and Child Mortality,Perinatal mortality
CN_ANMC_C_ANY,Child Nutrition,Prevalence of anemia in children
CN_ANMC_C_MLD,Child Nutrition,Prevalence of anemia in children
CN_ANMC_C_MOD,Child Nutrition,Prevalence of anemia in children
CN_ANMC_C_NUM,Child Nutrition,Prevalence of anemia in children
CN_ANMC_C_SEV,Child Nutrition,Prevalence of anemia in children
CN_ANMC_C_UNW,Child Nutrition,Prevalence of anemia in children
CN_BFDR_C_MDA,Child Nutrition,Duration of breastfeeding
CN_BFDR_C_MDE,Child Nutrition,Duration of breastfeeding
CN_BFDR_C_MDP,Child Nutrition,Duration of breastfeeding
CN_BFDR_C_MNA,Child Nutrition,Duration of breastfeeding
CN_BFDR_C_MNE,Child Nutrition,Duration of breastfeeding
CN_BFDR_C_MNP,Child Nutrition,Duration of breastfeeding
CN_BFDR_C_NUM,Child Nutrition,Duration of breastfeeding
CN_BFDR_C_UNW,Child Nutrition,Duration of breastfeeding
CN_BFSS_C_BCN,Child Nutrition,Breastfeeding status by age
CN_BFSS_C_BCU,Child Nutrition,Breastfeeding status by age
CN_BFSS_C_BIN,Child Nutrition,Breastfeeding status by age
CN_BFSS_C_BIU,Child Nutrition,Breastfeeding status by age
CN_BFSS_C_BOT,Child Nutrition,Breastfeeding status by age
CN_BFSS_C_BTN,Child Nutrition,Breastfeeding status by age
CN_BFSS_C_BTU,Child Nutrition,Breastfeeding status by age
CN_BFSS_C_CBF,Child Nutrition,Breastfeeding status by age
CN_BFSS_C_EBF,Child Nutrition,Breastfeeding status by age
CN_BFSS_C_MMF,Child Nutrition,Breastfeeding status by age
CN_BRFI_C_1DY,Child Nutrition,Initial breastfeeding
CN_BRFI_C_1HR,Child Nutrition,Initial breastfeeding
CN_BRFI_C_E2D,Child Nutrition,Initial breastfeeding
CN_BRFI_C_EVR,Child Nutrition,Initial breastfeeding
CN_BRFI_C_NME,Child Nutrition,Initial breastfeeding
CN_BRFI_C_NUM,Child Nutrition,Initial breastfeeding
CN_BRFI_C_PLF,Child Nutrition,Initial breastfeeding
CN_BRFI_C_UNE,Child Nutrition,Initial breastfeeding
CN_BRFI_C_UNW,Child Nutrition,Initial breastfeeding
CN_BRFS_C_BNP,Child Nutrition,Breastfeeding status
CN_BRFS_C_BRF,Child Nutrition,Breastfeeding status
CN_BRFS_C_CMP,Child Nutrition,Breastfeeding status
CN_BRFS_C_DKM,Child Nutrition,Breastfeeding status
CN_BRFS_C_EXB,Child Nutrition,Breastfeeding status
CN_BRFS_C_LIQ,Child Nutrition,Breastfeeding status
CN_BRFS_C_MLK,Child Nutrition,Breastfeeding status
CN_BRFS_C_NM2,Child Nutrition,Breastfeeding status
CN_BRFS_C_NOT,Child Nutrition,Breastfeeding status
CN_BRFS_C_NUM,Child Nutrition,Breastfeeding status
CN_BRFS_C_TOT,Child Nutrition,Breastfeeding status
CN_BRFS_C_UN2,Child Nutrition,Breastfeeding status
CN_BRFS_C_UNW,Child Nutrition,Breastfeeding status
CN_BRFS_C_WAT,Child Nutrition,Breastfeeding status
CN_EFUF_C_EGF,Child Nutrition,Egg and/or flesh food consumption and unhealthy feeding practices
CN_EFUF_C_NUM,Child Nutrition,Egg and/or flesh food consumption and unhealthy feeding practices
CN_EFUF_C_NVG,Child Nutrition,Egg and/or flesh food consumption and unhealthy feeding practices
CN_EFUF_C_SWE,Child Nutrition,Egg and/or flesh food consumption and unhealthy feeding practices
CN_EFUF_C_UNH,Child Nutrition,Egg and/or flesh food consumption and unhealthy feeding practices
CN_EFUF_C_UNW,Child Nutrition,Egg and/or flesh food consumption and unhealthy feeding practices
CN_FDBF_C_BBY,Child Nutrition,Foods and liquids consumed by breastfeeding children
CN_FDBF_C_CHS,Child Nutrition,Foods and liquids consumed by breastfeeding children
CN_FDBF_C_DAI,Child Nutrition,Foods consumed by breastfeeding children
CN_FDBF_C_EGG,Child Nutrition,Foods consumed by breastfeeding children
CN_FDBF_C_FLE,Child Nutrition,Foods consumed by breastfeeding children
CN_FDBF_C_FRI,Child Nutrition,Foods consumed by breastfeeding children
CN_FDBF_C_FRU,Child Nutrition,Foods consumed by breastfeeding children
CN_FDBF_C_FVG,Child Nutrition,Foods and liquids consumed by breastfeeding children
CN_FDBF_C_GRA,Child Nutrition,Foods consumed by breastfeeding children
CN_FDBF_C_GRN,Child Nutrition,Foods and liquids consumed by breastfeeding children
CN_FDBF_C_INF,Child Nutrition,Foods and liquids consumed by breastfeeding children
CN_FDBF_C_INS,Child Nutrition,Foods consumed by breastfeeding children
CN_FDBF_C_LEG,Child Nutrition,Foods and liquids consumed by breastfeeding children
CN_FDBF_C_LIQ,Child Nutrition,Foods and liquids consumed by breastfeeding children
CN_FDBF_C_MFE,Child Nutrition,Foods and liquids consumed by breastfeeding children
CN_FDBF_C_MLK,Child Nutrition,Foods and liquids consumed by breastfeeding children
CN_FDBF_C_MTF,Child Nutrition,Foods and liquids consumed by breastfeeding children
CN_FDBF_C_NUM,Child Nutrition,Foods consumed by breastfeeding children
CN_FDBF_C_OIL,Child Nutrition,Foods consumed by breastfeeding children
CN_FDBF_C_OTH,Child Nutrition,Foods consumed by breastfeeding children
CN_FDBF_C_PUL,Child Nutrition,Foods consumed by breastfeeding children
CN_FDBF_C_ROT,Child Nutrition,Foods consumed by breastfeeding children
CN_FDBF_C_RTS,Child Nutrition,Foods and liquids consumed by breastfeeding children
CN_FDBF_C_SLD,Child Nutrition,Foods and liquids consumed by breastfeeding children
CN_FDBF_C_SWT,Child Nutrition,Foods consumed by breastfeeding children
CN_FDBF_C_UNW,Child Nutrition,Foods consumed by breastfeeding children
CN_FDBF_C_VTA,Child Nutrition,Foods consumed by breastfeeding children
CN_FDNB_C_BBY,Child Nutrition,Foods and liquids consumed by non-breastfeeding children
CN_FDNB_C_CHS,Child Nutrition,Foods and liquids consumed by non-breastfeeding children
CN_FDNB_C_DAI,Child Nutrition,Foods consumed by non-breastfeeding children
CN_FDNB_C_EGG,Child Nutrition,Foods consumed by non-breastfeeding children
CN_FDNB_C_FLE,Child Nutrition,Foods consumed by non-breastfeeding children
CN_FDNB_C_FRI,Child Nutrition,Foods consumed by non-breastfeeding children
CN_FDNB_C_FRU,Child Nutrition,Foods consumed by non-breastfeeding children
CN_FDNB_C_FVG,Child Nutrition,Foods and liquids consumed by non-breastfeeding children
CN_FDNB_C_GRA,Child Nutrition,Foods consumed by non-breastfeeding children
CN_FDNB_C_GRN,Child Nutrition,Foods and liquids consumed by non-breastfeeding children
CN_FDNB_C_INF,Child Nutrition,Foods and liquids consumed by non-breastfeeding children
CN_FDNB_C_INS,Child Nutrition,Foods consumed by non-breastfeeding children
CN_FDNB_C_LEG,Child Nutrition,Foods and liquids consumed by non-breastfeeding children
CN_FDNB_C_LIQ,Child Nutrition,Foods and liquids consumed by non-breastfeeding children
CN_FDNB_C_MFE,Child Nutrition,Foods and liquids consumed by non-breastfeeding children
CN_FDNB_C_MLK,Child Nutrition,Foods and liquids consumed by non-breastfeeding children
CN_FDNB_C_MTF,Child Nutrition,Foods and liquids consumed by non-breastfeeding children
CN_FDNB_C_NUM,Child Nutrition,Foods consumed by non-breastfeeding children
CN_FDNB_C_OIL,Child Nutrition,Foods consumed by non-breastfeeding children
CN_FDNB_C_OTH,Child Nutrition,Foods consumed by non-breastfeeding children
CN_FDNB_C_PUL,Child Nutrition,Foods consumed by non-breastfeeding children
CN_FDNB_C_ROT,Child Nutrition,Foods consumed by non-breastfeeding children
CN_FDNB_C_RTS,Child Nutrition,Foods and liquids consumed by non-breastfeeding children
CN_FDNB_C_SLD,Child Nutrition,Foods and liquids consumed by non-breastfeeding children
CN_FDNB_C_SWT,Child Nutrition,Foods consumed by non-breastfeeding children
CN_FDNB_C_UNW,Child Nutrition,Foods consumed by non-breastfeeding children
CN_FDNB_C_VTA,Child Nutrition,Foods consumed by non-breastfeeding children
CN_GWMT_C_HGT,Child Nutrition,Child growth monitoring
CN_GWMT_C_MUA,Child Nutrition,Child growth monitoring
CN_GWMT_C_NUM,Child Nutrition,Child growth monitoring
CN_GWMT_C_UNW,Child Nutrition,Child growth monitoring
CN_GWMT_C_WAH,Child Nutrition,Child growth monitoring
CN_GWMT_C_WGT,Child Nutrition,Child growth monitoring
CN_GWMT_C_WHM,Child Nutrition,Child growth monitoring
CN_IFPS_C_BMF,Child Nutrition,Infant feeding practices by age
CN_IFPS_C_BML,Child Nutrition,Infant feeding practices by age
CN_IFPS_C_BMS,Child Nutrition,Infant feeding practices by age
CN_IFPS_C_BMW,Child Nutrition,Infant feeding practices by age
CN_IFPS_C_EBF,Child Nutrition,Infant feeding practices by age
CN_IFPS_C_NBM,Child Nutrition,Infant feeding practices by age
CN_IFPS_C_NUM,Child Nutrition,Infant feeding practices by age
CN_IFPS_C_TOT,Child Nutrition,Infant feeding practices by age
CN_IFPS_C_UNK,Child Nutrition,Infant feeding practices by age
CN_IFPS_C_UNW,Child Nutrition,Infant feeding practices by age
CN_IODZ_H_IOD,Child Nutrition,Presence of iodized salt in household
CN_IODZ_H_NM1,Child Nutrition,Presence of iodized salt in household
CN_IODZ_H_NM2,Child Nutrition,Presence of iodized salt in household
CN_IODZ_H_NSL,Child Nutrition,Presence of iodized salt in household
CN_IODZ_H_SLN,Child Nutrition,Presence of iodized salt in household
CN_IODZ_H_SLT,Child Nutrition,Presence of iodized salt in household
CN_IODZ_H_UN1,Child Nutrition,Presence of iodized salt in household
CN_IODZ_H_UN2,Child Nutrition,Presence of iodized salt in household
CN_IYCB_C_AGA,Child Nutrition,Infant and young child breastfeeding
CN_IYCB_C_AGN,Child Nutrition,Infant and young child breastfeeding
CN_IYCB_C_AGU,Child Nutrition,Infant and young child breastfeeding
CN_IYCB_C_B1N,Child Nutrition,Infant and young child breastfeeding
CN_IYCB_C_B1U,Child Nutrition,Infant and young child breastfeeding
CN_IYCB_C_B2N,Child Nutrition,Infant and young child breastfeeding
CN_IYCB_C_B2U,Child Nutrition,Infant and young child breastfeeding
CN_IYCB_C_BNN,Child Nutrition,Infant and young child breastfeeding
CN_IYCB_C_BNP,Child Nutrition,Infant and young child breastfeeding
CN_IYCB_C_BNU,Child Nutrition,Infant and young child breastfeeding
CN_IYCB_C_BR1,Child Nutrition,Infant and young child breastfeeding
CN_IYCB_C_BR2,Child Nutrition,Infant and young child breastfeeding
CN_IYCB_C_CMN,Child Nutrition,Infant and young child breastfeeding
CN_IYCB_C_CMP,Child Nutrition,Infant and young child breastfeeding
CN_IYCB_C_CMU,Child Nutrition,Infant and young child breastfeeding
CN_IYCB_C_E45,Child Nutrition,Infant and young child breastfeeding
CN_IYCB_C_E4N,Child Nutrition,Infant and young child breastfeeding
CN_IYCB_C_E4U,Child Nutrition,Infant and young child breastfeeding
CN_IYCB_C_EXB,Child Nutrition,Infant and young child breastfeeding
CN_IYCB_C_EXN,Child Nutrition,Infant and young child breastfeeding
CN_IYCB_C_EXU,Child Nutrition,Infant and young child breastfeeding
CN_IYCB_C_MBF,Child Nutrition,Infant and young child breastfeeding
CN_IYCB_C_MBN,Child Nutrition,Infant and young child breastfeeding
CN_IYCB_C_MBU,Child Nutrition,Infant and young child breastfeeding
CN_IYCB_C_PBF,Child Nutrition,Infant and young child breastfeeding
CN_IYCB_C_PBN,Child Nutrition,Infant and young child breastfeeding
CN_IYCB_C_PBU,Child Nutrition,Infant and young child breastfeeding
CN_IYCC_W_COU,Child Nutrition,Infant and young child feeding counseling
CN_IYCC_W_NMA,Child Nutrition,Infant and young child feeding counseling
CN_IYCC_W_UNA,Child Nutrition,Infant and young child feeding counseling
CN_IYCF_C_3PA,Child Nutrition,Infant and young child feeding practices
CN_IYCF_C_3PN,Child Nutrition,Infant and young child feeding practices
CN_IYCF_C_4FA,Child Nutrition,Infant and young child feeding practices
CN_IYCF_C_4FB,Child Nutrition,Infant and young child feeding practices
CN_IYCF_C_4FN,Child Nutrition,Infant and young child feeding practices
CN_IYCF_C_BTB,Child Nutrition,Infant and young child feeding practices
CN_IYCF_C_MKA,Child Nutrition,Infant and young child feeding practices
CN_IYCF_C_MKN,Child Nutrition,Infant and young child feeding practices
CN_IYCF_C_MNA,Child Nutrition,Infant and young child feeding practices
CN_IYCF_C_MNB,Child Nutrition,Infant and young child feeding practices
CN_IYCF_C_MNN,Child Nutrition,Infant and young child feeding practices
CN_IYCF_C_NMA,Child Nutrition,Infant and young child feeding practices
CN_IYCF_C_NMB,Child Nutrition,Infant and young child feeding practices
CN_IYCF_C_NMN,Child Nutrition,Infant and young child feeding practices
CN_IYCF_C_UNA,Child Nutrition,Infant and young child feeding practices
CN_IYCF_C_UNB,Child Nutrition,Infant and young child feeding practices
CN_IYCF_C_UNN,Child Nutrition,Infant and young child feeding practices
CN_LQBF_C_CLR,Child Nutrition,Liquids consumed by breastfeeding children
CN_LQBF_C_FRU,Child Nutrition,Liquids consumed by breastfeeding children
CN_LQBF_C_INF,Child Nutrition,Liquids consumed by breastfeeding children
CN_LQBF_C_MLK,Child Nutrition,Liquids consumed by breastfeeding children
CN_LQBF_C_NUM,Child Nutrition,Liquids consumed by breastfeeding children
CN_LQBF_C_OTH,Child Nutrition,Liquids consumed by breastfeeding children
CN_LQBF_C_SML,Child Nutrition,Liquids consumed by breastfeeding children
CN_LQBF_C_SOD,Child Nutrition,Liquids consumed by breastfeeding children
CN_LQBF_C_SOT,Child Nutrition,Liquids consumed by breastfeeding children
CN_LQBF_C_SOY,Child Nutrition,Liquids consumed by breastfeeding children
CN_LQBF_C_SSO,Child Nutrition,Liquids consumed by breastfeeding children
CN_LQBF_C_STE,Child Nutrition,Liquids consumed by breastfeeding children
CN_LQBF_C_SYO,Child Nutrition,Liquids consumed by breastfeeding children
CN_LQBF_C_TEA,Child Nutrition,Liquids consumed by breastfeeding children
CN_LQBF_C_UNW,Child Nutrition,Liquids consumed by breastfeeding children
CN_LQBF_C_WAT,Child Nutrition,Liquids consumed by breastfeeding children
CN_LQBF_C_YOG,Child Nutrition,Liquids consumed by breastfeeding children
CN_LQNB_C_CLR,Child Nutrition,Liquids consumed by non-breastfeeding children
CN_LQNB_C_FRU,Child Nutrition,Liquids consumed by non-breastfeeding children
CN_LQNB_C_INF,Child Nutrition,Liquids consumed by non-breastfeeding children
CN_LQNB_C_MLK,Child Nutrition,Liquids consumed by non-breastfeeding children
CN_LQNB_C_NUM,Child Nutrition,Liquids consumed by non-breastfeeding children
CN_LQNB_C_OTH,Child Nutrition,Liquids consumed by non-breastfeeding children
CN_LQNB_C_SML,Child Nutrition,Liquids consumed by non-breastfeeding children
CN_LQNB_C_SOD,Child Nutrition,Liquids consumed by non-breastfeeding children
CN_LQNB_C_SOT,Child Nutrition,Liquids consumed by non-breastfeeding children
CN_LQNB_C_SOY,Child Nutrition,Liquids consumed by non-breastfeeding children
CN_LQNB_C_SSO,Child Nutrition,Liquids consumed by non-breastfeeding children
CN_LQNB_C_STE,Child Nutrition,Liquids consumed by non-breastfeeding children
CN_LQNB_C_SYO,Child Nutrition,Liquids consumed by non-breastfeeding children
CN_LQNB_C_TEA,Child Nutrition,Liquids consumed by non-breastfeeding children
CN_LQNB_C_UNW,Child Nutrition,Liquids consumed by non-breastfeeding children
CN_LQNB_C_WAT,Child Nutrition,Liquids consumed by non-breastfeeding children
CN_LQNB_C_YOG,Child Nutrition,Liquids consumed by non-breastfeeding children
CN_MIAC_C_DWM,Child Nutrition,Micronutrient intake among children
CN_MIAC_C_IOD,Child Nutrition,Micronutrient intake among children
CN_MIAC_C_IRF,Child Nutrition,Micronutrient intake among children
CN_MIAC_C_IRS,Child Nutrition,Micronutrient intake among children
CN_MIAC_C_MMN,Child Nutrition,Micronutrient intake among children
CN_MIAC_C_NM1,Child Nutrition,Micronutrient intake among children
CN_MIAC_C_NM2,Child Nutrition,Micronutrient intake among children
CN_MIAC_C_NM3,Child Nutrition,Micronutrient intake among children
CN_MIAC_C_NM4,Child Nutrition,Micronutrient intake among children
CN_MIAC_C_UN1,Child Nutrition,Micronutrient intake among children
CN_MIAC_C_UN2,Child Nutrition,Micronutrient intake among children
CN_MIAC_C_UN3,Child Nutrition,Micronutrient intake among children
CN_MIAC_C_UN4,Child Nutrition,Micronutrient intake among children
CN_MIAC_C_VAF,Child Nutrition,Micronutrient intake among children
CN_MIAC_C_VAS,Child Nutrition,Micronutrient intake among children
CN_NUTS_C_HA2,Child Nutrition,Nutritional status of children
CN_NUTS_C_HA3,Child Nutrition,Nutritional status of children
CN_NUTS_C_HAM,Child Nutrition,Nutritional status of children
CN_NUTS_C_HAN,Child Nutrition,Nutritional status of children
CN_NUTS_C_HAU,Child Nutrition,Nutritional status of children
CN_NUTS_C_WA2,Child Nutrition,Nutritional status of children
CN_NUTS_C_WA3,Child Nutrition,Nutritional status of children
CN_NUTS_C_WAM,Child Nutrition,Nutritional status of children
CN_NUTS_C_WAN,Child Nutrition,Nutritional status of children
CN_NUTS_C_WAP,Child Nutrition,Nutritional status of children
CN_NUTS_C_WAU,Child Nutrition,Nutritional status of children
CN_NUTS_C_WH2,Child Nutrition,Nutritional status of children
CN_NUTS_C_WH3,Child Nutrition,Nutritional status of children
CN_NUTS_C_WHM,Child Nutrition,Nutritional status of children
CN_NUTS_C_WHN,Child Nutrition,Nutritional status of children
CN_NUTS_C_WHP,Child Nutrition,Nutritional status of children
CN_NUTS_C_WHU,Child Nutrition,Nutritional status of children
CN_THSF_C_NUM,Child Nutrition,Therapeutic and supplemental foods
CN_THSF_C_PLD,Child Nutrition,Therapeutic and supplemental foods
CN_THSF_C_PLN,Child Nutrition,Therapeutic and supplemental foods
CN_THSF_C_UNW,Child Nutrition,Therapeutic and supplemental foods
CO_INUS_M_DAY,Communication,Internet usage
CO_INUS_M_DKM,Communication,Internet usage
CO_INUS_M_EVU,Communication,Internet usage
CO_INUS_M_LES,Communication,Internet usage
CO_INUS_M_NM1,Communication,Internet usage
CO_INUS_M_NON,Communication,Internet usage
CO_INUS_M_NUM,Communication,Internet usage
CO_INUS_M_TOT,Communication,Internet usage
CO_INUS_M_U12,Communication,Internet usage
CO_INUS_M_UN1,Communication,Internet usage
CO_INUS_M_UNW,Communication,Internet usage
CO_INUS_M_WEK,Communication,Internet usage
CO_INUS_W_DAY,Communication,Internet usage
CO_INUS_W_DKM,Communication,Internet usage
CO_INUS_W_EVU,Communication,Internet usage
CO_INUS_W_LES,Communication,Internet usage
CO_INUS_W_NM1,Communication,Internet usage
CO_INUS_W_NON,Communication,Internet usage
CO_INUS_W_NUM,Communication,Internet usage
CO_INUS_W_TOT,Communication,Internet usage
CO_INUS_W_U12,Communication,Internet usage
CO_INUS_W_UN1,Communication,Internet usage
CO_INUS_W_UNW,Communication,Internet usage
CO_INUS_W_WEK,Communication,Internet usage
CO_MOBB_M_BNK,Communication,Mobile phone and banking
CO_MOBB_M_MBF,Communication,Mobile phone and banking
CO_MOBB_M_MOB,Communication,Mobile phone and banking
CO_MOBB_M_NM1,Communication,Mobile phone and banking
CO_MOBB_M_NUM,Communication,Mobile phone and banking
CO_MOBB_M_UN1,Communication,Mobile phone and banking
CO_MOBB_M_UNW,Communication,Mobile phone and banking
CO_MOBB_W_BNK,Communication,Mobile phone and banking
CO_MOBB_W_MBF,Communication,Mobile phone and banking
CO_MOBB_W_MOB,Communication,Mobile phone and banking
CO_MOBB_W_NM1,Communication,Mobile phone and banking
CO_MOBB_W_NUM,Communication,Mobile phone and banking
CO_MOBB_W_UN1,Communication,Mobile phone and banking
CO_MOBB_W_UNW,Communication,Mobile phone and banking
CP_BREG_C_CRT,Child Protection,Birth registration
CP_BREG_C_NCT,Child Protection,Birth registration
CP_BREG_C_NUM,Child Protection,Birth registration
CP_BREG_C_REG,Child Protection,Birth registration
CP_BREG_C_UNW,Child Protection,Birth registration
CP_CDIS_C_ANY,Child Protection,Child discipline
CP_CDIS_C_NM1,Child Protection,Child discipline
CP_CDIS_C_NON,Child Protection,Child discipline
CP_CDIS_C_NUM,Child Protection,Child discipline
CP_CDIS_C_PHY,Child Protection,Child discipline
CP_CDIS_C_PSY,Child Protection,Child discipline
CP_CDIS_C_PUN,Child Protection,Child discipline
CP_CDIS_C_SVP,Child Protection,Child discipline
CP_CDIS_C_UN1,Child Protection,Child discipline
CP_CDIS_C_UNW,Child Protection,Child discipline
CP_CLAB_C_CHL,Child Protection,Child labor of children age 5-14
CP_CLAB_C_NUM,Child Protection,Child labor of children age 5-14
CP_CLAB_C_UNW,Child Protection,Child labor of children age 5-14
CP_CLBC_C_CHL,Child Protection,Child labor of children age 5-11
CP_CLBC_C_CHM,Child Protection,Child labor of children age 5-11
CP_CLBC_C_CHR,Child Protection,Child labor of children age 5-11
CP_CLBC_C_ECA,Child Protection,Child labor of children age 5-11
CP_CLBC_C_FAM,Child Protection,Child labor of children age 5-11
CP_CLBC_C_NUM,Child Protection,Child labor of children age 5-11
CP_CLBC_C_PWK,Child Protection,Child labor of children age 5-11
CP_CLBC_C_UNW,Child Protection,Child labor of children age 5-11
CP_CLBC_C_UWK,Child Protection,Child labor of children age 5-11
CP_CLBS_C_LAB,Child Protection,Child labor and school attendance
CP_CLBS_C_LBS,Child Protection,Child labor and school attendance
CP_CLBS_C_NM1,Child Protection,Child labor and school attendance
CP_CLBS_C_NM2,Child Protection,Child labor and school attendance
CP_CLBS_C_NM3,Child Protection,Child labor and school attendance
CP_CLBS_C_SCH,Child Protection,Child labor and school attendance
CP_CLBS_C_SLB,Child Protection,Child labor and school attendance
CP_CLBS_C_UN1,Child Protection,Child labor and school attendance
CP_CLBS_C_UN2,Child Protection,Child labor and school attendance
CP_CLBS_C_UN3,Child Protection,Child labor and school attendance
CP_CLBY_C_CHL,Child Protection,Child labor of children age 12-14
CP_CLBY_C_CHM,Child Protection,Child labor of children age 12-14
CP_CLBY_C_CHR,Child Protection,Child labor of children age 12-14
CP_CLBY_C_ECL,Child Protection,Child labor of children age 12-14
CP_CLBY_C_ECM,Child Protection,Child labor of children age 12-14
CP_CLBY_C_FAM,Child Protection,Child labor of children age 12-14
CP_CLBY_C_NUM,Child Protection,Child labor of children age 12-14
CP_CLBY_C_PWK,Child Protection,Child labor of children age 12-14
CP_CLBY_C_UNW,Child Protection,Child labor of children age 12-14
CP_CLBY_C_UWK,Child Protection,Child labor of children age 12-14
DV_AFSV_W_A10,Domestic Violence,Age at first experience of sexual violence
DV_AFSV_W_A12,Domestic Violence,Age at first experience of sexual violence
DV_AFSV_W_A15,Domestic Violence,Age at first experience of sexual violence
DV_AFSV_W_A18,Domestic Violence,Age at first experience of sexual violence
DV_AFSV_W_A22,Domestic Violence,Age at first experience of sexual violence
DV_AFSV_W_NON,Domestic Violence,Age at first experience of sexual violence
DV_AFSV_W_NUM,Domestic Violence,Age at first experience of sexual violence
DV_AFSV_W_UNW,Domestic Violence,Age at first experience of sexual violence
DV_ESVO_W_12M,Domestic Violence,Experience of sexual violence by any non-intimate partner
DV_ESVO_W_EVR,Domestic Violence,Experience of sexual violence by any non-intimate partner
DV_ESVO_W_NUM,Domestic Violence,Experience of sexual violence by any non-intimate partner
DV_ESVO_W_UNW,Domestic Violence,Experience of sexual violence by any non-intimate partner
DV_EXPV_W_12M,Domestic Violence,Experience of physical violence
DV_EXPV_W_12O,Domestic Violence,Experience of physical violence
DV_EXPV_W_12S,Domestic Violence,Experience of physical violence
DV_EXPV_W_EVR,Domestic Violence,Experience of physical violence
DV_EXPV_W_NUM,Domestic Violence,Experience of physical violence
DV_EXPV_W_UNW,Domestic Violence,Experience of physical violence
DV_EXSV_W_12M,Domestic Violence,Experience of sexual violence
DV_EXSV_W_EVR,Domestic Violence,Experience of sexual violence
DV_EXSV_W_NUM,Domestic Violence,Experience of sexual violence
DV_EXSV_W_UNW,Domestic Violence,Experience of sexual violence
DV_FMVL_W_NUM,Domestic Violence,Experience of different forms of violence
DV_FMVL_W_PAS,Domestic Violence,Experience of different forms of violence
DV_FMVL_W_PHS,Domestic Violence,Experience of different forms of violence
DV_FMVL_W_POS,Domestic Violence,Experience of different forms of violence
DV_FMVL_W_SEX,Domestic Violence,Experience of different forms of violence
DV_FMVL_W_UNW,Domestic Violence,Experience of different forms of violence
DV_FSVL_W_ACC,Domestic Violence,Forms of spousal violence
DV_FSVL_W_ACT,Domestic Violence,Forms of spousal violence
DV_FSVL_W_ANY,Domestic Violence,Forms of spousal violence
DV_FSVL_W_BAD,Domestic Violence,Forms of spousal violence
DV_FSVL_W_CHK,Domestic Violence,Forms of spousal violence
DV_FSVL_W_CTR,Domestic Violence,Forms of spousal violence
DV_FSVL_W_EMO,Domestic Violence,Forms of spousal violence
DV_FSVL_W_EMT,Domestic Violence,Forms of spousal violence
DV_FSVL_W_EPS,Domestic Violence,Forms of spousal violence
DV_FSVL_W_FAM,Domestic Violence,Forms of spousal violence
DV_FSVL_W_FFR,Domestic Violence,Forms of spousal violence
DV_FSVL_W_FRC,Domestic Violence,Forms of spousal violence
DV_FSVL_W_HRT,Domestic Violence,Forms of spousal violence
DV_FSVL_W_HUM,Domestic Violence,Forms of spousal violence
DV_FSVL_W_JLS,Domestic Violence,Forms of spousal violence
DV_FSVL_W_KIK,Domestic Violence,Forms of spousal violence
DV_FSVL_W_KNF,Domestic Violence,Forms of spousal violence
DV_FSVL_W_MON,Domestic Violence,Forms of spousal violence
DV_FSVL_W_NUM,Domestic Violence,Forms of spousal violence
DV_FSVL_W_PCH,Domestic Violence,Forms of spousal violence
DV_FSVL_W_PHS,Domestic Violence,Forms of spousal violence
DV_FSVL_W_POS,Domestic Violence,Forms of spousal violence
DV_FSVL_W_PPH,Domestic Violence,Forms of spousal violence
DV_FSVL_W_PPS,Domestic Violence,Forms of spousal violence
DV_FSVL_W_PSH,Domestic Violence,Forms of spousal violence
DV_FSVL_W_PSX,Domestic Violence,Forms of spousal violence
DV_FSVL_W_SEX,Domestic Violence,Forms of spousal violence
DV_FSVL_W_SLP,Domestic Violence,Forms of spousal violence
DV_FSVL_W_SXO,Domestic Violence,Forms of spousal violence
DV_FSVL_W_TWS,Domestic Violence,Forms of spousal violence
DV_FSVL_W_UNW,Domestic Violence,Forms of spousal violence
DV_FSVL_W_WHR,Domestic Violence,Forms of spousal violence
DV_INJR_W_ANY,Domestic Violence,Injuries to women due to spousal violence
DV_INJR_W_CUT,Domestic Violence,Injuries to women due to spousal violence
DV_INJR_W_INJ,Domestic Violence,Injuries to women due to spousal violence
DV_INJR_W_NUM,Domestic Violence,Injuries to women due to spousal violence
DV_INJR_W_UNW,Domestic Violence,Injuries to women due to spousal violence
DV_INJR_W_WND,Domestic Violence,Injuries to women due to spousal violence
DV_MCTL_W_3BH,Domestic Violence,Marital control exercised by husbands
DV_MCTL_W_ACC,Domestic Violence,Marital control exercised by husbands
DV_MCTL_W_FAM,Domestic Violence,Marital control exercised by husbands
DV_MCTL_W_FFR,Domestic Violence,Marital control exercised by husbands
DV_MCTL_W_JLS,Domestic Violence,Marital control exercised by husbands
DV_MCTL_W_MON,Domestic Violence,Marital control exercised by husbands
DV_MCTL_W_NON,Domestic Violence,Marital control exercised by husbands
DV_MCTL_W_NUM,Domestic Violence,Marital control exercised by husbands
DV_MCTL_W_UNW,Domestic Violence,Marital control exercised by husbands
DV_MCTL_W_WHR,Domestic Violence,Marital control exercised by husbands
DV_PCPV_W_CBF,Domestic Violence,First person committing sexual violence
DV_PCPV_W_CHD,Domestic Violence,First person committing sexual violence
DV_PCPV_W_CHP,Domestic Violence,First person committing sexual violence
DV_PCPV_W_EMP,Domestic Violence,First person committing sexual violence
DV_PCPV_W_FBF,Domestic Violence,First person committing sexual violence
DV_PCPV_W_FHP,Domestic Violence,First person committing sexual violence
DV_PCPV_W_FLW,Domestic Violence,First person committing sexual violence
DV_PCPV_W_FTH,Domestic Violence,First person committing sexual violence
DV_PCPV_W_MLW,Domestic Violence,First person committing sexual violence
DV_PCPV_W_MTH,Domestic Violence,First person committing sexual violence
DV_PCPV_W_NUM,Domestic Violence,First person committing sexual violence
DV_PCPV_W_OLW,Domestic Violence,First person committing sexual violence
DV_PCPV_W_OTH,Domestic Violence,First person committing sexual violence
DV_PCPV_W_POL,Domestic Violence,First person committing sexual violence
DV_PCPV_W_REL,Domestic Violence,First person committing sexual violence
DV_PCPV_W_SCH,Domestic Violence,First person committing sexual violence
DV_PCPV_W_SIB,Domestic Violence,First person committing sexual violence
DV_PCPV_W_TCH,Domestic Violence,First person committing sexual violence
DV_PCPV_W_UNW,Domestic Violence,First person committing sexual violence
DV_PCSV_W_BFR,Domestic Violence,Persons committing sexual violence
DV_PCSV_W_BRH,Domestic Violence,Persons committing sexual violence
DV_PCSV_W_CHP,Domestic Violence,Persons committing sexual violence
DV_PCSV_W_DKM,Domestic Violence,Persons committing sexual violence
DV_PCSV_W_EMP,Domestic Violence,Persons committing sexual violence
DV_PCSV_W_FFR,Domestic Violence,Persons committing sexual violence
DV_PCSV_W_FHP,Domestic Violence,Persons committing sexual violence
DV_PCSV_W_FTH,Domestic Violence,Persons committing sexual violence
DV_PCSV_W_ILW,Domestic Violence,Persons committing sexual violence
DV_PCSV_W_NUM,Domestic Violence,Persons committing sexual violence
DV_PCSV_W_OFR,Domestic Violence,Persons committing sexual violence
DV_PCSV_W_OTH,Domestic Violence,Persons committing sexual violence
DV_PCSV_W_POL,Domestic Violence,Persons committing sexual violence
DV_PCSV_W_REL,Domestic Violence,Persons committing sexual violence
DV_PCSV_W_RLG,Domestic Violence,Persons committing sexual violence
DV_PCSV_W_SCH,Domestic Violence,Persons committing sexual violence
DV_PCSV_W_STR,Domestic Violence,Persons committing sexual violence
DV_PCSV_W_TCH,Domestic Violence,Persons committing sexual violence
DV_PCSV_W_UNW,Domestic Violence,Persons committing sexual violence
DV_PPSV_W_BFR,Domestic Violence,Persons committing sexual violence
DV_PPSV_W_BRH,Domestic Violence,Persons committing sexual violence
DV_PPSV_W_CHP,Domestic Violence,Persons committing sexual violence
DV_PPSV_W_DKM,Domestic Violence,Persons committing sexual violence
DV_PPSV_W_EMP,Domestic Violence,Persons committing sexual violence
DV_PPSV_W_FFR,Domestic Violence,Persons committing sexual violence
DV_PPSV_W_FHP,Domestic Violence,Persons committing sexual violence
DV_PPSV_W_FTH,Domestic Violence,Persons committing sexual violence
DV_PPSV_W_ILW,Domestic Violence,Persons committing sexual violence
DV_PPSV_W_NUM,Domestic Violence,Persons committing sexual violence
DV_PPSV_W_OFR,Domestic Violence,Persons committing sexual violence
DV_PPSV_W_OTH,Domestic Violence,Persons committing sexual violence
DV_PPSV_W_POL,Domestic Violence,Persons committing sexual violence
DV_PPSV_W_REL,Domestic Violence,Persons committing sexual violence
DV_PPSV_W_RLG,Domestic Violence,Persons committing sexual violence
DV_PPSV_W_SCH,Domestic Violence,Persons committing sexual violence
DV_PPSV_W_STR,Domestic Violence,Persons committing sexual violence
DV_PPSV_W_TCH,Domestic Violence,Persons committing sexual violence
DV_PPSV_W_UNW,Domestic Violence,Persons committing sexual violence
DV_SPV1_W_ALL,Domestic Violence,Spousal violence in last 12 months
DV_SPV1_W_ANY,Domestic Violence,Spousal violence in last 12 months
DV_SPV1_W_EMT,Domestic Violence,Spousal violence in last 12 months
DV_SPV1_W_NUM,Domestic Violence,Spousal violence in last 12 months
DV_SPV1_W_PAS,Domestic Violence,Spousal violence in last 12 months
DV_SPV1_W_PHS,Domestic Violence,Spousal violence in last 12 months
DV_SPV1_W_POS,Domestic Violence,Spousal violence in last 12 months
DV_SPV1_W_SEX,Domestic Violence,Spousal violence in last 12 months
DV_SPV1_W_UNW,Domestic Violence,Spousal violence in last 12 months
DV_SPVL_W_ALL,Domestic Violence,Spousal violence
DV_SPVL_W_ANY,Domestic Violence,Spousal violence
DV_SPVL_W_EMT,Domestic Violence,Spousal violence
DV_SPVL_W_NUM,Domestic Violence,Spousal violence
DV_SPVL_W_PAS,Domestic Violence,Spousal violence
DV_SPVL_W_PHS,Domestic Violence,Spousal violence
DV_SPVL_W_POS,Domestic Violence,Spousal violence
DV_SPVL_W_SEX,Domestic Violence,Spousal violence
DV_SPVL_W_UNW,Domestic Violence,Spousal violence
DV_SPVM_W_BEF,Domestic Violence,Spousal violence by marriage duration
DV_SPVM_W_M10,Domestic Violence,Spousal violence by marriage duration
DV_SPVM_W_M2Y,Domestic Violence,Spousal violence by marriage duration
DV_SPVM_W_M5Y,Domestic Violence,Spousal violence by marriage duration
DV_SPVM_W_NON,Domestic Violence,Spousal violence by marriage duration
DV_SPVM_W_NUM,Domestic Violence,Spousal violence by marriage duration
DV_SPVM_W_UNW,Domestic Violence,Spousal violence by marriage duration
DV_STPS_W_BFR,Domestic Violence,Sources for help to stop the violence
DV_STPS_W_DRM,Domestic Violence,Sources for help to stop the violence
DV_STPS_W_FAM,Domestic Violence,Sources for help to stop the violence
DV_STPS_W_FRD,Domestic Violence,Sources for help to stop the violence
DV_STPS_W_HFM,Domestic Violence,Sources for help to stop the violence
DV_STPS_W_HSB,Domestic Violence,Sources for help to stop the violence
DV_STPS_W_LWY,Domestic Violence,Sources for help to stop the violence
DV_STPS_W_NEI,Domestic Violence,Sources for help to stop the violence
DV_STPS_W_NUM,Domestic Violence,Sources for help to stop the violence
DV_STPS_W_OTH,Domestic Violence,Sources for help to stop the violence
DV_STPS_W_POL,Domestic Violence,Sources for help to stop the violence
DV_STPS_W_RLG,Domestic Violence,Sources for help to stop the violence
DV_STPS_W_SWO,Domestic Violence,Sources for help to stop the violence
DV_STPS_W_UNW,Domestic Violence,Sources for help to stop the violence
DV_STPV_W_DKM,Domestic Violence,Help seeking to stop violence
DV_STPV_W_HLP,Domestic Violence,Help seeking to stop violence
DV_STPV_W_NTL,Domestic Violence,Help seeking to stop violence
DV_STPV_W_NUM,Domestic Violence,Help seeking to stop violence
DV_STPV_W_TLD,Domestic Violence,Help seeking to stop violence
DV_STPV_W_TOT,Domestic Violence,Help seeking to stop violence
DV_STPV_W_UNW,Domestic Violence,Help seeking to stop violence
DV_VIOW_W_12M,Domestic Violence,Violence by women against their spouse
DV_VIOW_W_EVR,Domestic Violence,Violence by women against their spouse
DV_VIOW_W_NUM,Domestic Violence,Violence by women against their spouse
DV_VIOW_W_UNW,Domestic Violence,Violence by women against their spouse
DV_VPRG_W_NUM,Domestic Violence,Experience of violence during pregnancy
DV_VPRG_W_UNW,Domestic Violence,Experience of violence during pregnancy
DV_VPRG_W_VPG,Domestic Violence,Experience of violence during pregnancy
ED_EDAT_B_CPR,Education,Educational attainment of the household population
ED_EDAT_B_CSC,Education,Educational attainment of the household population
ED_EDAT_B_DKM,Education,Educational attainment of the household population
ED_EDAT_B_HGH,Education,Educational attainment of the household population
ED_EDAT_B_MYR,Education,Educational attainment of the household population
ED_EDAT_B_NED,Education,Educational attainment of the household population
ED_EDAT_B_NUM,Education,Educational attainment of the household population
ED_EDAT_B_PRI,Education,Educational attainment of the household population
ED_EDAT_B_SEC,Education,Educational attainment of the household population
ED_EDAT_B_SPR,Education,Educational attainment of the household population
ED_EDAT_B_SSC,Education,Educational attainment of the household population
ED_EDAT_B_TOT,Education,Educational attainment of the household population
ED_EDAT_B_UNW,Education,Educational attainment of the household population
ED_EDAT_M_CPR,Education,Educational attainment of the household population
ED_EDAT_M_CSC,Education,Educational attainment of the household population
ED_EDAT_M_DKM,Education,Educational attainment of the household population
ED_EDAT_M_HGH,Education,Educational attainment of the household population
ED_EDAT_M_MYR,Education,Educational attainment of the household population
ED_EDAT_M_NED,Education,Educational attainment of the household population
ED_EDAT_M_NUM,Education,Educational attainment of the household population
ED_EDAT_M_PRI,Education,Educational attainment of the household population
ED_EDAT_M_SEC,Education,Educational attainment of the household population
ED_EDAT_M_SPR,Education,Educational attainment of the household population
ED_EDAT_M_SSC,Education,Educational attainment of the household population
ED_EDAT_M_TOT,Education,Educational attainment of the household population
ED_EDAT_M_UNW,Education,Educational attainment of the household population
ED_EDAT_W_CPR,Education,Educational attainment of the household population
ED_EDAT_W_CSC,Education,Educational attainment of the household population
ED_EDAT_W_DKM,Education,Educational attainment of the household population
ED_EDAT_W_HGH,Education,Educational attainment of the household population
ED_EDAT_W_MYR,Education,Educational attainment of the household population
ED_EDAT_W_NED,Education,Educational attainment of the household population
ED_EDAT_W_NUM,Education,Educational attainment of the household population
ED_EDAT_W_PRI,Education,Educational attainment of the household population
ED_EDAT_W_SEC,Education,Educational attainment of the household population
ED_EDAT_W_SPR,Education,Educational attainment of the household population
ED_EDAT_W_SSC,Education,Educational attainment of the household population
ED_EDAT_W_TOT,Education,Educational attainment of the household population
ED_EDAT_W_UNW,Education,Educational attainment of the household population
ED_EDUC_M_CPR,Education,Highest level of schooling
ED_EDUC_M_CSC,Education,Highest level of schooling
ED_EDUC_M_DKM,Education,Highest level of schooling
ED_EDUC_M_HGH,Education,Highest level of schooling
ED_EDUC_M_MYR,Education,Highest level of schooling
ED_EDUC_M_NED,Education,Highest level of schooling
ED_EDUC_M_NUM,Education,Highest level of schooling
ED_EDUC_M_PRI,Education,Highest level of schooling
ED_EDUC_M_SEH,Education,Highest level of schooling
ED_EDUC_M_SPR,Education,Highest level of schooling
ED_EDUC_M_SSC,Education,Highest level of schooling
ED_EDUC_M_TOT,Education,Highest level of schooling
ED_EDUC_M_UNW,Education,Highest level of schooling
ED_EDUC_W_CPR,Education,Highest level of schooling
ED_EDUC_W_CSC,Education,Highest level of schooling
ED_EDUC_W_DKM,Education,Highest level of schooling
ED_EDUC_W_HGH,Education,Highest level of schooling
ED_EDUC_W_MYR,Education,Highest level of schooling
ED_EDUC_W_NED,Education,Highest level of schooling
ED_EDUC_W_NUM,Education,Highest level of schooling
ED_EDUC_W_PRI,Education,Highest level of schooling
ED_EDUC_W_SEH,Education,Highest level of schooling
ED_EDUC_W_SPR,Education,Highest level of schooling
ED_EDUC_W_SSC,Education,Highest level of schooling
ED_EDUC_W_TOT,Education,Highest level of schooling
ED_EDUC_W_UNW,Education,Highest level of schooling
ED_EEDP_C_ECE,Education,Early childhood education participation
ED_EEDP_C_NAR,Education,Early childhood education participation
ED_EEDP_C_NON,Education,Early childhood education participation
ED_EEDP_C_NUM,Education,Early childhood education participation
ED_EEDP_C_PRM,Education,Early childhood education participation
ED_EEDP_C_TOT,Education,Early childhood education participation
ED_EEDP_C_UNW,Education,Early childhood education participation
ED_GARP_B_BTH,Education,Gross attendance ratio - primary
ED_GARP_B_GPI,Education,Gross attendance ratio - primary
ED_GARP_M_MAL,Education,Gross attendance ratio - primary
ED_GARP_W_FEM,Education,Gross attendance ratio - primary
ED_GARS_B_BTH,Education,Gross attendance ratio - secondary
ED_GARS_B_GPI,Education,Gross attendance ratio - secondary
ED_GARS_M_MAL,Education,Gross attendance ratio - secondary
ED_GARS_W_FEM,Education,Gross attendance ratio - secondary
ED_LITR_M_BLD,Education,Literacy
ED_LITR_M_LIT,Education,Literacy
ED_LITR_M_MIS,Education,Literacy
ED_LITR_M_NCD,Education,Literacy
ED_LITR_M_NRD,Education,Literacy
ED_LITR_M_NUM,Education,Literacy
ED_LITR_M_RDP,Education,Literacy
ED_LITR_M_RDW,Education,Literacy
ED_LITR_M_SCH,Education,Literacy
ED_LITR_M_TOT,Education,Literacy
ED_LITR_M_UNW,Education,Literacy
ED_LITR_W_BLD,Education,Literacy
ED_LITR_W_LIT,Education,Literacy
ED_LITR_W_MIS,Education,Literacy
ED_LITR_W_NCD,Education,Literacy
ED_LITR_W_NRD,Education,Literacy
ED_LITR_W_NUM,Education,Literacy
ED_LITR_W_RDP,Education,Literacy
ED_LITR_W_RDW,Education,Literacy
ED_LITR_W_SCH,Education,Literacy
ED_LITR_W_TOT,Education,Literacy
ED_LITR_W_UNW,Education,Literacy
ED_LITY_M_BLD,Education,Literacy - Youth
ED_LITY_M_LIT,Education,Literacy - Youth
ED_LITY_M_MIS,Education,Literacy - Youth
ED_LITY_M_NCD,Education,Literacy - Youth
ED_LITY_M_NRD,Education,Literacy - Youth
ED_LITY_M_NUM,Education,Literacy - Youth
ED_LITY_M_RDP,Education,Literacy - Youth
ED_LITY_M_RDW,Education,Literacy - Youth
ED_LITY_M_SCH,Education,Literacy - Youth
ED_LITY_M_TOT,Education,Literacy - Youth
ED_LITY_M_UNW,Education,Literacy - Youth
ED_LITY_W_BLD,Education,Literacy - Youth
ED_LITY_W_LIT,Education,Literacy - Youth
ED_LITY_W_MIS,Education,Literacy - Youth
ED_LITY_W_NCD,Education,Literacy - Youth
ED_LITY_W_NRD,Education,Literacy - Youth
ED_LITY_W_NUM,Education,Literacy - Youth
ED_LITY_W_RDP,Education,Literacy - Youth
ED_LITY_W_RDW,Education,Literacy - Youth
ED_LITY_W_SCH,Education,Literacy - Youth
ED_LITY_W_TOT,Education,Literacy - Youth
ED_LITY_W_UNW,Education,Literacy - Youth
ED_MDIA_M_3MD,Education,Exposure to mass media
ED_MDIA_M_N3M,Education,Exposure to mass media
ED_MDIA_M_NUM,Education,Exposure to mass media
ED_MDIA_M_NWS,Education,Exposure to mass media
ED_MDIA_M_RDO,Education,Exposure to mass media
ED_MDIA_M_TLV,Education,Exposure to mass media
ED_MDIA_M_UNW,Education,Exposure to mass media
ED_MDIA_W_3MD,Education,Exposure to mass media
ED_MDIA_W_N3M,Education,Exposure to mass media
ED_MDIA_W_NUM,Education,Exposure to mass media
ED_MDIA_W_NWS,Education,Exposure to mass media
ED_MDIA_W_RDO,Education,Exposure to mass media
ED_MDIA_W_TLV,Education,Exposure to mass media
ED_MDIA_W_UNW,Education,Exposure to mass media
ED_NARP_B_BTH,Education,Net attendance ratio - primary
ED_NARP_B_GPI,Education,Net attendance ratio - primary
ED_NARP_M_MAL,Education,Net attendance ratio - primary
ED_NARP_W_FEM,Education,Net attendance ratio - primary
ED_NARS_B_BTH,Education,Net attendance ratio - secondary
ED_NARS_B_GPI,Education,Net attendance ratio - secondary
ED_NARS_M_MAL,Education,Net attendance ratio - secondary
ED_NARS_W_FEM,Education,Net attendance ratio - secondary
ED_SCHA_C_NMA,Education,School attendance by survivorship of parents
ED_SCHA_C_NMD,Education,School attendance by survivorship of parents
ED_SCHA_C_SCA,Education,School attendance by survivorship of parents
ED_SCHA_C_SCD,Education,School attendance by survivorship of parents
ED_SCHA_C_SCR,Education,School attendance by survivorship of parents
ED_SCHA_C_UNA,Education,School attendance by survivorship of parents
ED_SCHA_C_UND,Education,School attendance by survivorship of parents
EM_EMPL_M_DKM,Employment,Employment status
EM_EMPL_M_EMC,Employment,Employment status
EM_EMPL_M_ENC,Employment,Employment status
EM_EMPL_M_N12,Employment,Employment status
EM_EMPL_M_NUM,Employment,Employment status
EM_EMPL_M_TOT,Employment,Employment status
EM_EMPL_M_UNW,Employment,Employment status
EM_EMPL_W_DKM,Employment,Employment status
EM_EMPL_W_EMC,Employment,Employment status
EM_EMPL_W_ENC,Employment,Employment status
EM_EMPL_W_N12,Employment,Employment status
EM_EMPL_W_NUM,Employment,Employment status
EM_EMPL_W_TOT,Employment,Employment status
EM_EMPL_W_UNW,Employment,Employment status
EM_EMPM_M_EMP,Employment,Employment of married persons
EM_EMPM_M_NUM,Employment,Employment of married persons
EM_EMPM_M_UNW,Employment,Employment of married persons
EM_EMPM_W_EMP,Employment,Employment of married persons
EM_EMPM_W_NUM,Employment,Employment of married persons
EM_EMPM_W_UNW,Employment,Employment of married persons
EM_EMPT_W_AYR,Employment,Type of employment
EM_EMPT_W_CAK,Employment,Type of employment
EM_EMPT_W_CMS,Employment,Type of employment
EM_EMPT_W_CSH,Employment,Type of employment
EM_EMPT_W_EMS,Employment,Type of employment
EM_EMPT_W_FAM,Employment,Type of employment
EM_EMPT_W_KND,Employment,Type of employment
EM_EMPT_W_NFM,Employment,Type of employment
EM_EMPT_W_NPD,Employment,Type of employment
EM_EMPT_W_NUM,Employment,Type of employment
EM_EMPT_W_OCC,Employment,Type of employment
EM_EMPT_W_SEM,Employment,Type of employment
EM_EMPT_W_SES,Employment,Type of employment
EM_EMPT_W_TMS,Employment,Type of employment
EM_EMPT_W_TTO,Employment,Type of employment
EM_EMPT_W_UNW,Employment,Type of employment
EM_ERNM_M_CAK,Employment,Earnings of married persons
EM_ERNM_M_CSH,Employment,Earnings of married persons
EM_ERNM_M_DKM,Employment,Earnings of married persons
EM_ERNM_M_KND,Employment,Earnings of married persons
EM_ERNM_M_NM1,Employment,Earnings of married persons
EM_ERNM_M_NPD,Employment,Earnings of married persons
EM_ERNM_M_TOT,Employment,Earnings of married persons
EM_ERNM_M_UN1,Employment,Earnings of married persons
EM_ERNM_W_CAK,Employment,Earnings of married persons
EM_ERNM_W_CSH,Employment,Earnings of married persons
EM_ERNM_W_DKM,Employment,Earnings of married persons
EM_ERNM_W_KND,Employment,Earnings of married persons
EM_ERNM_W_NM1,Employment,Earnings of married persons
EM_ERNM_W_NPD,Employment,Earnings of married persons
EM_ERNM_W_TOT,Employment,Earnings of married persons
EM_ERNM_W_UN1,Employment,Earnings of married persons
EM_MERN_M_DKM,Employment,Control over husband's cash earnings
EM_MERN_M_HUS,Employment,Control over husband's cash earnings
EM_MERN_M_JNT,Employment,Control over husband's cash earnings
EM_MERN_M_NUM,Employment,Control over husband's cash earnings
EM_MERN_M_OTH,Employment,Control over husband's cash earnings
EM_MERN_M_TOT,Employment,Control over husband's cash earnings
EM_MERN_M_UNW,Employment,Control over husband's cash earnings
EM_MERN_M_WIF,Employment,Control over husband's cash earnings
EM_MERN_W_DKM,Employment,Control over husband's cash earnings
EM_MERN_W_HUS,Employment,Control over husband's cash earnings
EM_MERN_W_JNT,Employment,Control over husband's cash earnings
EM_MERN_W_NUM,Employment,Control over husband's cash earnings
EM_MERN_W_OTH,Employment,Control over husband's cash earnings
EM_MERN_W_TOT,Employment,Control over husband's cash earnings
EM_MERN_W_UNW,Employment,Control over husband's cash earnings
EM_MERN_W_WIF,Employment,Control over husband's cash earnings
EM_OCCP_M_AGR,Employment,Occupation
EM_OCCP_M_CLR,Employment,Occupation
EM_OCCP_M_DKM,Employment,Occupation
EM_OCCP_M_DOM,Employment,Occupation
EM_OCCP_M_MNS,Employment,Occupation
EM_OCCP_M_MNU,Employment,Occupation
EM_OCCP_M_NUM,Employment,Occupation
EM_OCCP_M_OTH,Employment,Occupation
EM_OCCP_M_PRO,Employment,Occupation
EM_OCCP_M_SAL,Employment,Occupation
EM_OCCP_M_TOT,Employment,Occupation
EM_OCCP_M_UNW,Employment,Occupation
EM_OCCP_W_AGR,Employment,Occupation
EM_OCCP_W_CLR,Employment,Occupation
EM_OCCP_W_DKM,Employment,Occupation
EM_OCCP_W_DOM,Employment,Occupation
EM_OCCP_W_MNS,Employment,Occupation
EM_OCCP_W_MNU,Employment,Occupation
EM_OCCP_W_NUM,Employment,Occupation
EM_OCCP_W_OTH,Employment,Occupation
EM_OCCP_W_PRO,Employment,Occupation
EM_OCCP_W_SAL,Employment,Occupation
EM_OCCP_W_TOT,Employment,Occupation
EM_OCCP_W_UNW,Employment,Occupation
EM_RERN_W_DKM,Employment,Relative magnitude of women's cash earnings
EM_RERN_W_LES,Employment,Relative magnitude of women's cash earnings
EM_RERN_W_MOR,Employment,Relative magnitude of women's cash earnings
EM_RERN_W_NON,Employment,Relative magnitude of women's cash earnings
EM_RERN_W_NUM,Employment,Relative magnitude of women's cash earnings
EM_RERN_W_SAM,Employment,Relative magnitude of women's cash earnings
EM_RERN_W_TOT,Employment,Relative magnitude of women's cash earnings
EM_RERN_W_UNW,Employment,Relative magnitude of women's cash earnings
EM_WERN_W_DKM,Employment,Control over women's cash earnings
EM_WERN_W_HUS,Employment,Control over women's cash earnings
EM_WERN_W_JNT,Employment,Control over women's cash earnings
EM_WERN_W_NUM,Employment,Control over women's cash earnings
EM_WERN_W_OTH,Employment,Control over women's cash earnings
EM_WERN_W_TOT,Employment,Control over women's cash earnings
EM_WERN_W_UNW,Employment,Control over women's cash earnings
EM_WERN_W_WIF,Employment,Control over women's cash earnings
FE_AAFB_W_M20,Fertility,Median age at first birth
FE_AAFB_W_M25,Fertility,Median age at first birth
FE_AAFB_W_M2A,Fertility,Median age at first birth
FE_AAFB_W_M2B,Fertility,Median age at first birth
FE_AAFB_W_M30,Fertility,Median age at first birth
FE_AAFB_W_M35,Fertility,Median age at first birth
FE_AAFB_W_M40,Fertility,Median age at first birth
FE_AAFB_W_M45,Fertility,Median age at first birth
FE_ABRT_W_A10,Fertility,Induced abortion rates
FE_ABRT_W_A15,Fertility,Induced abortion rates
FE_ABRT_W_A20,Fertility,Induced abortion rates
FE_ABRT_W_A25,Fertility,Induced abortion rates
FE_ABRT_W_A30,Fertility,Induced abortion rates
FE_ABRT_W_A35,Fertility,Induced abortion rates
FE_ABRT_W_A40,Fertility,Induced abortion rates
FE_ABRT_W_A45,Fertility,Induced abortion rates
FE_ABRT_W_GAR,Fertility,Induced abortion rates
FE_ABRT_W_TAR,Fertility,Induced abortion rates
FE_BBAG_W_A15,Fertility,First birth by exact age
FE_BBAG_W_A18,Fertility,First birth by exact age
FE_BBAG_W_A20,Fertility,First birth by exact age
FE_BBAG_W_A22,Fertility,First birth by exact age
FE_BBAG_W_A25,Fertility,First birth by exact age
FE_BBAG_W_NEV,Fertility,First birth by exact age
FE_BBAG_W_NUM,Fertility,First birth by exact age
FE_BBAG_W_UNW,Fertility,First birth by exact age
FE_BBAY_W_A15,Fertility,First birth by exact age (women age 20-24)
FE_BBAY_W_A18,Fertility,First birth by exact age (women age 20-24)
FE_BBAY_W_A20,Fertility,First birth by exact age (women age 20-24)
FE_BBAY_W_MED,Fertility,First birth by exact age (women age 20-24)
FE_BBAY_W_NEV,Fertility,First birth by exact age (women age 20-24)
FE_BBAY_W_NUM,Fertility,First birth by exact age (women age 20-24)
FE_BBAY_W_UNW,Fertility,First birth by exact age (women age 20-24)
FE_BINT_C_I07,Fertility,Birth intervals
FE_BINT_C_I18,Fertility,Birth intervals
FE_BINT_C_I24,Fertility,Birth intervals
FE_BINT_C_I36,Fertility,Birth intervals
FE_BINT_C_I3Y,Fertility,Birth intervals
FE_BINT_C_I48,Fertility,Birth intervals
FE_BINT_C_I60,Fertility,Birth intervals
FE_BINT_C_MED,Fertility,Birth intervals
FE_BINT_C_NUM,Fertility,Birth intervals
FE_BINT_C_TOT,Fertility,Birth intervals
FE_BINT_C_UNW,Fertility,Birth intervals
FE_BORD_C_BO1,Fertility,Birth order
FE_BORD_C_BO2,Fertility,Birth order
FE_BORD_C_BO3,Fertility,Birth order
FE_BORD_C_BO4,Fertility,Birth order
FE_BORD_C_BO5,Fertility,Birth order
FE_BORD_C_NUM,Fertility,Birth order
FE_BORD_C_TOT,Fertility,Birth order
FE_BORD_C_UNW,Fertility,Birth order
FE_CEBA_W_C10,Fertility,Children ever born to all women
FE_CEBA_W_CH0,Fertility,Children ever born to all women
FE_CEBA_W_CH1,Fertility,Children ever born to all women
FE_CEBA_W_CH2,Fertility,Children ever born to all women
FE_CEBA_W_CH3,Fertility,Children ever born to all women
FE_CEBA_W_CH4,Fertility,Children ever born to all women
FE_CEBA_W_CH5,Fertility,Children ever born to all women
FE_CEBA_W_CH6,Fertility,Children ever born to all women
FE_CEBA_W_CH7,Fertility,Children ever born to all women
FE_CEBA_W_CH8,Fertility,Children ever born to all women
FE_CEBA_W_CH9,Fertility,Children ever born to all women
FE_CEBA_W_MNC,Fertility,Children ever born to all women
FE_CEBA_W_MND,Fertility,Children ever born to all women
FE_CEBA_W_MNL,Fertility,Children ever born to all women
FE_CEBA_W_NUM,Fertility,Children ever born to all women
FE_CEBA_W_TOT,Fertility,Children ever born to all women
FE_CEBA_W_UNW,Fertility,Children ever born to all women
FE_CEBM_W_C10,Fertility,Children ever born to currently married women
FE_CEBM_W_CH0,Fertility,Children ever born to currently married women
FE_CEBM_W_CH1,Fertility,Children ever born to currently married women
FE_CEBM_W_CH2,Fertility,Children ever born to currently married women
FE_CEBM_W_CH3,Fertility,Children ever born to currently married women
FE_CEBM_W_CH4,Fertility,Children ever born to currently married women
FE_CEBM_W_CH5,Fertility,Children ever born to currently married women
FE_CEBM_W_CH6,Fertility,Children ever born to currently married women
FE_CEBM_W_CH7,Fertility,Children ever born to currently married women
FE_CEBM_W_CH8,Fertility,Children ever born to currently married women
FE_CEBM_W_CH9,Fertility,Children ever born to currently married women
FE_CEBM_W_MNC,Fertility,Children ever born to currently married women
FE_CEBM_W_MND,Fertility,Children ever born to currently married women
FE_CEBM_W_MNL,Fertility,Children ever born to currently married women
FE_CEBM_W_NUM,Fertility,Children ever born to currently married women
FE_CEBM_W_TOT,Fertility,Children ever born to currently married women
FE_CEBM_W_UNW,Fertility,Children ever born to currently married women
FE_FRTR_W_A10,Fertility,Fertility rates
FE_FRTR_W_A15,Fertility,Fertility rates
FE_FRTR_W_A20,Fertility,Fertility rates
FE_FRTR_W_A25,Fertility,Fertility rates
FE_FRTR_W_A30,Fertility,Fertility rates
FE_FRTR_W_A35,Fertility,Fertility rates
FE_FRTR_W_A40,Fertility,Fertility rates
FE_FRTR_W_A45,Fertility,Fertility rates
FE_FRTR_W_CBR,Fertility,Fertility rates
FE_FRTR_W_GFR,Fertility,Fertility rates
FE_FRTR_W_TF4,Fertility,Fertility rates
FE_FRTR_W_TFR,Fertility,Fertility rates
FE_FRTT_W_A10,Fertility,Fertility trends
FE_FRTT_W_A15,Fertility,Fertility trends
FE_FRTT_W_A20,Fertility,Fertility trends
FE_FRTT_W_A25,Fertility,Fertility trends
FE_FRTT_W_A30,Fertility,Fertility trends
FE_FRTT_W_A35,Fertility,Fertility trends
FE_FRTT_W_A40,Fertility,Fertility trends
FE_FRTT_W_A45,Fertility,Fertility trends
FE_FRTY_W_MNC,Fertility,Fertility
FE_FRTY_W_N49,Fertility,Fertility
FE_FRTY_W_NPG,Fertility,Fertility
FE_FRTY_W_PRG,Fertility,Fertility
FE_FRTY_W_U49,Fertility,Fertility
FE_FRTY_W_UPG,Fertility,Fertility
FE_MENA_W_M10,Fertility,First menstruation
FE_MENA_W_M11,Fertility,First menstruation
FE_MENA_W_M12,Fertility,First menstruation
FE_MENA_W_M13,Fertility,First menstruation
FE_MENA_W_M14,Fertility,First menstruation
FE_MENA_W_M15,Fertility,First menstruation
FE_MENA_W_M16,Fertility,First menstruation
FE_MENA_W_MAM,Fertility,First menstruation
FE_MENA_W_MDK,Fertility,First menstruation
FE_MENA_W_MNV,Fertility,First menstruation
FE_MENA_W_NUM,Fertility,First menstruation
FE_MENA_W_TOT,Fertility,First menstruation
FE_MENA_W_UNW,Fertility,First menstruation
FE_MENO_W_NUM,Fertility,Menopause
FE_MENO_W_PCT,Fertility,Menopause
FE_MENO_W_UNW,Fertility,Menopause
FE_PPID_W_MDA,Fertility,Postpartum insusceptibility duration
FE_PPID_W_MDB,Fertility,Postpartum insusceptibility duration
FE_PPID_W_MDI,Fertility,Postpartum insusceptibility duration
FE_PPIS_W_ABS,Fertility,Postpartum insusceptibility
FE_PPIS_W_AMN,Fertility,Postpartum insusceptibility
FE_PPIS_W_INS,Fertility,Postpartum insusceptibility
FE_PPIS_W_MNA,Fertility,Postpartum insusceptibility
FE_PPIS_W_MNB,Fertility,Postpartum insusceptibility
FE_PPIS_W_MNI,Fertility,Postpartum insusceptibility
FE_PPIS_W_NUM,Fertility,Postpartum insusceptibility
FE_PPIS_W_UNW,Fertility,Postpartum insusceptibility
FE_PRGO_W_NUM,Fertility,Pregnancy outcome
FE_PRGO_W_POA,Fertility,Pregnancy outcome
FE_PRGO_W_POL,Fertility,Pregnancy outcome
FE_PRGO_W_POM,Fertility,Pregnancy outcome
FE_PRGO_W_POS,Fertility,Pregnancy outcome
FE_PRGO_W_TOT,Fertility,Pregnancy outcome
FE_PRGO_W_UNW,Fertility,Pregnancy outcome
FE_TNBH_M_BTH,Fertility,Teen sexual health behaviors before age 15
FE_TNBH_M_MAR,Fertility,Teen sexual health behaviors before age 15
FE_TNBH_M_NUM,Fertility,Teen sexual health behaviors before age 15
FE_TNBH_M_SEX,Fertility,Teen sexual health behaviors before age 15
FE_TNBH_M_UNW,Fertility,Teen sexual health behaviors before age 15
FE_TNBH_W_BTH,Fertility,Teen sexual health behaviors before age 15
FE_TNBH_W_MAR,Fertility,Teen sexual health behaviors before age 15
FE_TNBH_W_NUM,Fertility,Teen sexual health behaviors before age 15
FE_TNBH_W_PRG,Fertility,Teen sexual health behaviors before age 15
FE_TNBH_W_SEX,Fertility,Teen sexual health behaviors before age 15
FE_TNBH_W_UNW,Fertility,Teen sexual health behaviors before age 15
FE_TNPG_W_CBR,Fertility,Teenage pregnancy
FE_TNPG_W_CPG,Fertility,Teenage pregnancy
FE_TNPG_W_DKM,Fertility,Teenage pregnancy
FE_TNPG_W_EPG,Fertility,Teenage pregnancy
FE_TNPG_W_LVB,Fertility,Teenage pregnancy
FE_TNPG_W_NUM,Fertility,Teenage pregnancy
FE_TNPG_W_PGL,Fertility,Teenage pregnancy
FE_TNPG_W_PRG,Fertility,Teenage pregnancy
FE_TNPG_W_UNW,Fertility,Teenage pregnancy
FG_ACCG_C_A00,Female Genital Cutting,Age at circumcision of girls 0-14
FG_ACCG_C_A01,Female Genital Cutting,Age at circumcision of girls 0-14
FG_ACCG_C_A05,Female Genital Cutting,Age at circumcision of girls 0-14
FG_ACCG_C_A10,Female Genital Cutting,Age at circumcision of girls 0-14
FG_ACCG_C_DKM,Female Genital Cutting,Age at circumcision of girls 0-14
FG_ACCG_C_NON,Female Genital Cutting,Age at circumcision of girls 0-14
FG_ACCG_C_NUM,Female Genital Cutting,Age at circumcision of girls 0-14
FG_ACCG_C_TOT,Female Genital Cutting,Age at circumcision of girls 0-14
FG_ACCG_C_UNW,Female Genital Cutting,Age at circumcision of girls 0-14
FG_AFCC_W_A00,Female Genital Cutting,Age at circumcision
FG_AFCC_W_A05,Female Genital Cutting,Age at circumcision
FG_AFCC_W_A10,Female Genital Cutting,Age at circumcision
FG_AFCC_W_A15,Female Genital Cutting,Age at circumcision
FG_AFCC_W_DKM,Female Genital Cutting,Age at circumcision
FG_AFCC_W_NUM,Female Genital Cutting,Age at circumcision
FG_AFCC_W_TOT,Female Genital Cutting,Age at circumcision
FG_AFCC_W_UNW,Female Genital Cutting,Age at circumcision
FG_INFB_C_DKM,Female Genital Cutting,Infibulation among circumcised girls
FG_INFB_C_NSW,Female Genital Cutting,Infibulation among circumcised girls
FG_INFB_C_NUM,Female Genital Cutting,Infibulation among circumcised girls
FG_INFB_C_SWN,Female Genital Cutting,Infibulation among circumcised girls
FG_INFB_C_TOT,Female Genital Cutting,Infibulation among circumcised girls
FG_INFB_C_UNW,Female Genital Cutting,Infibulation among circumcised girls
FG_KFCC_M_HFC,Female Genital Cutting,Knowledge of female circumcision
FG_KFCC_M_NUM,Female Genital Cutting,Knowledge of female circumcision
FG_KFCC_M_UNW,Female Genital Cutting,Knowledge of female circumcision
FG_KFCC_W_HFC,Female Genital Cutting,Knowledge of female circumcision
FG_KFCC_W_NUM,Female Genital Cutting,Knowledge of female circumcision
FG_KFCC_W_UNW,Female Genital Cutting,Knowledge of female circumcision
FG_OFCC_M_CNT,Female Genital Cutting,Opinions about whether the practice of circumcision should continue
FG_OFCC_M_DKM,Female Genital Cutting,Opinions about whether the practice of circumcision should continue
FG_OFCC_M_NCN,Female Genital Cutting,Opinions about whether the practice of circumcision should continue
FG_OFCC_M_NUM,Female Genital Cutting,Opinions about whether the practice of circumcision should continue
FG_OFCC_M_TOT,Female Genital Cutting,Opinions about whether the practice of circumcision should continue
FG_OFCC_M_UNW,Female Genital Cutting,Opinions about whether the practice of circumcision should continue
FG_OFCC_W_CNT,Female Genital Cutting,Opinions about whether the practice of circumcision should continue
FG_OFCC_W_DKM,Female Genital Cutting,Opinions about whether the practice of circumcision should continue
FG_OFCC_W_NCN,Female Genital Cutting,Opinions about whether the practice of circumcision should continue
FG_OFCC_W_NUM,Female Genital Cutting,Opinions about whether the practice of circumcision should continue
FG_OFCC_W_TOT,Female Genital Cutting,Opinions about whether the practice of circumcision should continue
FG_OFCC_W_UNW,Female Genital Cutting,Opinions about whether the practice of circumcision should continue
FG_OFCR_M_DKM,Female Genital Cutting,Opinions about whether circumcision is required by religion
FG_OFCR_M_NRQ,Female Genital Cutting,Opinions about whether circumcision is required by religion
FG_OFCR_M_NUM,Female Genital Cutting,Opinions about whether circumcision is required by religion
FG_OFCR_M_REQ,Female Genital Cutting,Opinions about whether circumcision is required by religion
FG_OFCR_M_TOT,Female Genital Cutting,Opinions about whether circumcision is required by religion
FG_OFCR_M_UNW,Female Genital Cutting,Opinions about whether circumcision is required by religion
FG_OFCR_W_DKM,Female Genital Cutting,Opinions about whether circumcision is required by religion
FG_OFCR_W_NRQ,Female Genital Cutting,Opinions about whether circumcision is required by religion
FG_OFCR_W_NUM,Female Genital Cutting,Opinions about whether circumcision is required by religion
FG_OFCR_W_REQ,Female Genital Cutting,Opinions about whether circumcision is required by religion
FG_OFCR_W_TOT,Female Genital Cutting,Opinions about whether circumcision is required by religion
FG_OFCR_W_UNW,Female Genital Cutting,Opinions about whether circumcision is required by religion
FG_PFCC_W_NUM,Female Genital Cutting,Prevalence of female circumcision
FG_PFCC_W_UNW,Female Genital Cutting,Prevalence of female circumcision
FG_PFCC_W_WCC,Female Genital Cutting,Prevalence of female circumcision
FG_PFCG_C_GC1,Female Genital Cutting,Prevalence of circumcision of girls
FG_PFCG_C_GC2,Female Genital Cutting,Prevalence of circumcision of girls
FG_PFCG_C_GC3,Female Genital Cutting,Prevalence of circumcision of girls
FG_PFCG_C_GC4,Female Genital Cutting,Prevalence of circumcision of girls
FG_PFCG_C_NM1,Female Genital Cutting,Prevalence of circumcision of girls
FG_PFCG_C_NM2,Female Genital Cutting,Prevalence of circumcision of girls
FG_PFCG_C_NM3,Female Genital Cutting,Prevalence of circumcision of girls
FG_PFCG_C_NM4,Female Genital Cutting,Prevalence of circumcision of girls
FG_PFCG_C_UN1,Female Genital Cutting,Prevalence of circumcision of girls
FG_PFCG_C_UN2,Female Genital Cutting,Prevalence of circumcision of girls
FG_PFCG_C_UN3,Female Genital Cutting,Prevalence of circumcision of girls
FG_PFCG_C_UN4,Female Genital Cutting,Prevalence of circumcision of girls
FG_PFCT_W_CFR,Female Genital Cutting,Type of female circumcision
FG_PFCT_W_CNF,Female Genital Cutting,Type of female circumcision
FG_PFCT_W_DKM,Female Genital Cutting,Type of female circumcision
FG_PFCT_W_NUM,Female Genital Cutting,Type of female circumcision
FG_PFCT_W_SWN,Female Genital Cutting,Type of female circumcision
FG_PFCT_W_TOT,Female Genital Cutting,Type of female circumcision
FG_PFCT_W_UNW,Female Genital Cutting,Type of female circumcision
FG_PPCG_C_DKM,Female Genital Cutting,Person who performed the circumcision of girls
FG_PPCG_C_DOC,Female Genital Cutting,Person who performed the circumcision of girls
FG_PPCG_C_MED,Female Genital Cutting,Person who performed the circumcision of girls
FG_PPCG_C_NRS,Female Genital Cutting,Person who performed the circumcision of girls
FG_PPCG_C_NUM,Female Genital Cutting,Person who performed the circumcision of girls
FG_PPCG_C_OHP,Female Genital Cutting,Person who performed the circumcision of girls
FG_PPCG_C_OTR,Female Genital Cutting,Person who performed the circumcision of girls
FG_PPCG_C_TBA,Female Genital Cutting,Person who performed the circumcision of girls
FG_PPCG_C_TCC,Female Genital Cutting,Person who performed the circumcision of girls
FG_PPCG_C_TOT,Female Genital Cutting,Person who performed the circumcision of girls
FG_PPCG_C_TRD,Female Genital Cutting,Person who performed the circumcision of girls
FG_PPCG_C_UNW,Female Genital Cutting,Person who performed the circumcision of girls
FG_PPCW_W_DKM,Female Genital Cutting,Person who performed the circumcision of women
FG_PPCW_W_DOC,Female Genital Cutting,Person who performed the circumcision of women
FG_PPCW_W_MED,Female Genital Cutting,Person who performed the circumcision of women
FG_PPCW_W_NRS,Female Genital Cutting,Person who performed the circumcision of women
FG_PPCW_W_NUM,Female Genital Cutting,Person who performed the circumcision of women
FG_PPCW_W_OHP,Female Genital Cutting,Person who performed the circumcision of women
FG_PPCW_W_OTH,Female Genital Cutting,Person who performed the circumcision of women
FG_PPCW_W_OTR,Female Genital Cutting,Person who performed the circumcision of women
FG_PPCW_W_TBA,Female Genital Cutting,Person who performed the circumcision of women
FG_PPCW_W_TCC,Female Genital Cutting,Person who performed the circumcision of women
FG_PPCW_W_TOT,Female Genital Cutting,Person who performed the circumcision of women
FG_PPCW_W_TRD,Female Genital Cutting,Person who performed the circumcision of women
FG_PPCW_W_UNW,Female Genital Cutting,Person who performed the circumcision of women
FI_CSFI_W_NUM,Fistula,Fistula treatment
FI_CSFI_W_OPR,Fistula,Fistula treatment
FI_CSFI_W_TRT,Fistula,Fistula treatment
FI_CSFI_W_UNW,Fistula,Fistula treatment
FI_DAFI_W_D00,Fistula,Days after reported fistula cause that symptoms began
FI_DAFI_W_D02,Fistula,Days after reported fistula cause that symptoms began
FI_DAFI_W_D05,Fistula,Days after reported fistula cause that symptoms began
FI_DAFI_W_D08,Fistula,Days after reported fistula cause that symptoms began
FI_DAFI_W_DKM,Fistula,Days after reported fistula cause that symptoms began
FI_DAFI_W_NUM,Fistula,Days after reported fistula cause that symptoms began
FI_DAFI_W_TOT,Fistula,Days after reported fistula cause that symptoms began
FI_DAFI_W_UNW,Fistula,Days after reported fistula cause that symptoms began
FI_EXFI_W_CEX,Fistula,Experience of fistula symptoms
FI_EXFI_W_EEX,Fistula,Experience of fistula symptoms
FI_EXFI_W_HRD,Fistula,Experience of fistula symptoms
FI_EXFI_W_NUM,Fistula,Experience of fistula symptoms
FI_EXFI_W_PEX,Fistula,Experience of fistula symptoms
FI_EXFI_W_UNW,Fistula,Experience of fistula symptoms
FI_NCFI_W_DIS,Fistula,Reasons for not seeking treatment for fistula
FI_NCFI_W_DKF,Fistula,Reasons for not seeking treatment for fistula
FI_NCFI_W_DKW,Fistula,Reasons for not seeking treatment for fistula
FI_NCFI_W_EMB,Fistula,Reasons for not seeking treatment for fistula
FI_NCFI_W_EXP,Fistula,Reasons for not seeking treatment for fistula
FI_NCFI_W_FAR,Fistula,Reasons for not seeking treatment for fistula
FI_NCFI_W_NUM,Fistula,Reasons for not seeking treatment for fistula
FI_NCFI_W_OTH,Fistula,Reasons for not seeking treatment for fistula
FI_NCFI_W_PER,Fistula,Reasons for not seeking treatment for fistula
FI_NCFI_W_QOC,Fistula,Reasons for not seeking treatment for fistula
FI_NCFI_W_UNW,Fistula,Reasons for not seeking treatment for fistula
FI_OCFI_W_DKM,Fistula,Fistula treatment outcome
FI_OCFI_W_LNR,Fistula,Fistula treatment outcome
FI_OCFI_W_LRS,Fistula,Fistula treatment outcome
FI_OCFI_W_LSC,Fistula,Fistula treatment outcome
FI_OCFI_W_NUM,Fistula,Fistula treatment outcome
FI_OCFI_W_TOT,Fistula,Fistula treatment outcome
FI_OCFI_W_UNW,Fistula,Fistula treatment outcome
FI_PVFT_W_DKM,Fistula,Fistula treatment provider
FI_PVFT_W_DOC,Fistula,Fistula treatment provider
FI_PVFT_W_NUR,Fistula,Fistula treatment provider
FI_PVFT_W_OTH,Fistula,Fistula treatment provider
FI_PVFT_W_TOT,Fistula,Fistula treatment provider
FI_PVFT_W_VHW,Fistula,Fistula treatment provider
FI_RCFI_W_APS,Fistula,Reported causes of fistula symptoms
FI_RCFI_W_ASA,Fistula,Reported causes of fistula symptoms
FI_RCFI_W_DBA,Fistula,Reported causes of fistula symptoms
FI_RCFI_W_DKM,Fistula,Reported causes of fistula symptoms
FI_RCFI_W_DSB,Fistula,Reported causes of fistula symptoms
FI_RCFI_W_INJ,Fistula,Reported causes of fistula symptoms
FI_RCFI_W_NBA,Fistula,Reported causes of fistula symptoms
FI_RCFI_W_NSB,Fistula,Reported causes of fistula symptoms
FI_RCFI_W_NUM,Fistula,Reported causes of fistula symptoms
FI_RCFI_W_OTH,Fistula,Reported causes of fistula symptoms
FI_RCFI_W_TOT,Fistula,Reported causes of fistula symptoms
FI_RCFI_W_UNW,Fistula,Reported causes of fistula symptoms
FP_ASTR_W_A20,Family Planning,Age at time of sterilization
FP_ASTR_W_A25,Family Planning,Age at time of sterilization
FP_ASTR_W_A30,Family Planning,Age at time of sterilization
FP_ASTR_W_A35,Family Planning,Age at time of sterilization
FP_ASTR_W_A40,Family Planning,Age at time of sterilization
FP_ASTR_W_A45,Family Planning,Age at time of sterilization
FP_ASTR_W_MED,Family Planning,Age at time of sterilization
FP_ASTR_W_NUM,Family Planning,Age at time of sterilization
FP_ASTR_W_TOT,Family Planning,Age at time of sterilization
FP_ASTR_W_UNW,Family Planning,Age at time of sterilization
FP_CUSA_W_ANY,Family Planning,Current use of contraception by all women
FP_CUSA_W_BRF,Family Planning,Current use of contraception by all women
FP_CUSA_W_DFJ,Family Planning,Current use of contraception by all women
FP_CUSA_W_DIA,Family Planning,Current use of contraception by all women
FP_CUSA_W_EMC,Family Planning,Current use of contraception by all women
FP_CUSA_W_FCN,Family Planning,Current use of contraception by all women
FP_CUSA_W_FLK,Family Planning,Current use of contraception by all women
FP_CUSA_W_FOM,Family Planning,Current use of contraception by all women
FP_CUSA_W_FST,Family Planning,Current use of contraception by all women
FP_CUSA_W_IMP,Family Planning,Current use of contraception by all women
FP_CUSA_W_INJ,Family Planning,Current use of contraception by all women
FP_CUSA_W_IUD,Family Planning,Current use of contraception by all women
FP_CUSA_W_LAM,Family Planning,Current use of contraception by all women
FP_CUSA_W_MCN,Family Planning,Current use of contraception by all women
FP_CUSA_W_MOD,Family Planning,Current use of contraception by all women
FP_CUSA_W_MPL,Family Planning,Current use of contraception by all women
FP_CUSA_W_MST,Family Planning,Current use of contraception by all women
FP_CUSA_W_NCU,Family Planning,Current use of contraception by all women
FP_CUSA_W_NUM,Family Planning,Current use of contraception by all women
FP_CUSA_W_OMD,Family Planning,Current use of contraception by all women
FP_CUSA_W_OTR,Family Planning,Current use of contraception by all women
FP_CUSA_W_PIL,Family Planning,Current use of contraception by all women
FP_CUSA_W_RHY,Family Planning,Current use of contraception by all women
FP_CUSA_W_STD,Family Planning,Current use of contraception by all women
FP_CUSA_W_TFK,Family Planning,Current use of contraception by all women
FP_CUSA_W_TOT,Family Planning,Current use of contraception by all women
FP_CUSA_W_TRA,Family Planning,Current use of contraception by all women
FP_CUSA_W_UNW,Family Planning,Current use of contraception by all women
FP_CUSA_W_WTH,Family Planning,Current use of contraception by all women
FP_CUSM_W_ANY,Family Planning,Current use of contraception by currently married women
FP_CUSM_W_BRF,Family Planning,Current use of contraception by currently married women
FP_CUSM_W_DFJ,Family Planning,Current use of contraception by currently married women
FP_CUSM_W_DIA,Family Planning,Current use of contraception by currently married women
FP_CUSM_W_EMC,Family Planning,Current use of contraception by currently married women
FP_CUSM_W_FCN,Family Planning,Current use of contraception by currently married women
FP_CUSM_W_FLK,Family Planning,Current use of contraception by currently married women
FP_CUSM_W_FOM,Family Planning,Current use of contraception by currently married women
FP_CUSM_W_FST,Family Planning,Current use of contraception by currently married women
FP_CUSM_W_IMP,Family Planning,Current use of contraception by currently married women
FP_CUSM_W_INJ,Family Planning,Current use of contraception by currently married women
FP_CUSM_W_IUD,Family Planning,Current use of contraception by currently married women
FP_CUSM_W_LAM,Family Planning,Current use of contraception by currently married women
FP_CUSM_W_MCN,Family Planning,Current use of contraception by currently married women
FP_CUSM_W_MOD,Family Planning,Current use of contraception by currently married women
FP_CUSM_W_MPL,Family Planning,Current use of contraception by currently married women
FP_CUSM_W_MST,Family Planning,Current use of contraception by currently married women
FP_CUSM_W_NCU,Family Planning,Current use of contraception by currently married women
FP_CUSM_W_NUM,Family Planning,Current use of contraception by currently married women
FP_CUSM_W_OMD,Family Planning,Current use of contraception by currently married women
FP_CUSM_W_OTR,Family Planning,Current use of contraception by currently married women
FP_CUSM_W_PIL,Family Planning,Current use of contraception by currently married women
FP_CUSM_W_RHY,Family Planning,Current use of contraception by currently married women
FP_CUSM_W_STD,Family Planning,Current use of contraception by currently married women
FP_CUSM_W_TFK,Family Planning,Current use of contraception by currently married women
FP_CUSM_W_TOT,Family Planning,Current use of contraception by currently married women
FP_CUSM_W_TRA,Family Planning,Current use of contraception by currently married women
FP_CUSM_W_UNW,Family Planning,Current use of contraception by currently married women
FP_CUSM_W_WTH,Family Planning,Current use of contraception by currently married women
FP_CUSU_W_ANY,Family Planning,Current use of contraception by sexually active unmarried women
FP_CUSU_W_BRF,Family Planning,Current use of contraception by sexually active unmarried women
FP_CUSU_W_DIA,Family Planning,Current use of contraception by sexually active unmarried women
FP_CUSU_W_EMC,Family Planning,Current use of contraception by sexually active unmarried women
FP_CUSU_W_FCN,Family Planning,Current use of contraception by sexually active unmarried women
FP_CUSU_W_FLK,Family Planning,Current use of contraception by sexually active unmarried women
FP_CUSU_W_FOM,Family Planning,Current use of contraception by sexually active unmarried women
FP_CUSU_W_FST,Family Planning,Current use of contraception by sexually active unmarried women
FP_CUSU_W_IMP,Family Planning,Current use of contraception by sexually active unmarried women
FP_CUSU_W_INJ,Family Planning,Current use of contraception by sexually active unmarried women
FP_CUSU_W_IUD,Family Planning,Current use of contraception by sexually active unmarried women
FP_CUSU_W_LAM,Family Planning,Current use of contraception by sexually active unmarried women
FP_CUSU_W_MCN,Family Planning,Current use of contraception by sexually active unmarried women
FP_CUSU_W_MOD,Family Planning,Current use of contraception by sexually active unmarried women
FP_CUSU_W_MPL,Family Planning,Current use of contraception by sexually active unmarried women
FP_CUSU_W_MST,Family Planning,Current use of contraception by sexually active unmarried women
FP_CUSU_W_NCU,Family Planning,Current use of contraception by sexually active unmarried women
FP_CUSU_W_NUM,Family Planning,Current use of contraception by sexually active unmarried women
FP_CUSU_W_OMD,Family Planning,Current use of contraception by sexually active unmarried women
FP_CUSU_W_OTR,Family Planning,Current use of contraception by sexually active unmarried women
FP_CUSU_W_PIL,Family Planning,Current use of contraception by sexually active unmarried women
FP_CUSU_W_RHY,Family Planning,Current use of contraception by sexually active unmarried women
FP_CUSU_W_STD,Family Planning,Current use of contraception by sexually active unmarried women
FP_CUSU_W_TFK,Family Planning,Current use of contraception by sexually active unmarried women
FP_CUSU_W_TOT,Family Planning,Current use of contraception by sexually active unmarried women
FP_CUSU_W_TRA,Family Planning,Current use of contraception by sexually active unmarried women
FP_CUSU_W_UNW,Family Planning,Current use of contraception by sexually active unmarried women
FP_CUSU_W_WTH,Family Planning,Current use of contraception by sexually active unmarried women
FP_CUSY_W_ANY,Family Planning,Current use of contraception by young women
FP_CUSY_W_MOD,Family Planning,Current use of contraception by young women
FP_CUSY_W_NCU,Family Planning,Current use of contraception by young women
FP_CUSY_W_NUM,Family Planning,Current use of contraception by young women
FP_CUSY_W_TOT,Family Planning,Current use of contraception by young women
FP_CUSY_W_UNW,Family Planning,Current use of contraception by young women
FP_DISR_W_ANY,Family Planning,Twelve-month contraceptive discontinuation rates
FP_DISR_W_DES,Family Planning,Twelve-month contraceptive discontinuation rates
FP_DISR_W_FRT,Family Planning,Twelve-month contraceptive discontinuation rates
FP_DISR_W_MBL,Family Planning,Twelve-month contraceptive discontinuation rates
FP_DISR_W_MET,Family Planning,Twelve-month contraceptive discontinuation rates
FP_DISR_W_NUM,Family Planning,Twelve-month contraceptive discontinuation rates
FP_DISR_W_OTH,Family Planning,Twelve-month contraceptive discontinuation rates
FP_DISR_W_PRG,Family Planning,Twelve-month contraceptive discontinuation rates
FP_DISR_W_SID,Family Planning,Twelve-month contraceptive discontinuation rates
FP_DISR_W_SWH,Family Planning,Twelve-month contraceptive discontinuation rates
FP_DISR_W_UNW,Family Planning,Twelve-month contraceptive discontinuation rates
FP_DISR_W_WME,Family Planning,Twelve-month contraceptive discontinuation rates
FP_DMKF_W_NDK,Family Planning,Decisionmaking about family planning
FP_DMKF_W_NHS,Family Planning,Decisionmaking about family planning
FP_DMKF_W_NJN,Family Planning,Decisionmaking about family planning
FP_DMKF_W_NNM,Family Planning,Decisionmaking about family planning
FP_DMKF_W_NTT,Family Planning,Decisionmaking about family planning
FP_DMKF_W_NUN,Family Planning,Decisionmaking about family planning
FP_DMKF_W_NWF,Family Planning,Decisionmaking about family planning
FP_DMKF_W_UDK,Family Planning,Decisionmaking about family planning
FP_DMKF_W_UHS,Family Planning,Decisionmaking about family planning
FP_DMKF_W_UJN,Family Planning,Decisionmaking about family planning
FP_DMKF_W_UNM,Family Planning,Decisionmaking about family planning
FP_DMKF_W_UTT,Family Planning,Decisionmaking about family planning
FP_DMKF_W_UUN,Family Planning,Decisionmaking about family planning
FP_DMKF_W_UWF,Family Planning,Decisionmaking about family planning
FP_DMKP_W_MHS,Family Planning,Decisionmaking about family planning
FP_DMKP_W_MJN,Family Planning,Decisionmaking about family planning
FP_DMKP_W_MWF,Family Planning,Decisionmaking about family planning
FP_DMKP_W_NUM,Family Planning,Decisionmaking about family planning
FP_DMKP_W_OTH,Family Planning,Decisionmaking about family planning
FP_DMKP_W_PTP,Family Planning,Decisionmaking about family planning
FP_DMKP_W_TOT,Family Planning,Decisionmaking about family planning
FP_DMKP_W_UNW,Family Planning,Decisionmaking about family planning
FP_DMKP_W_WFL,Family Planning,Decisionmaking about family planning
FP_DMKP_W_WFM,Family Planning,Decisionmaking about family planning
FP_DMKP_W_WHE,Family Planning,Decisionmaking about family planning
FP_ECUS_W_ECU,Family Planning,Emergency contraception use
FP_ECUS_W_NUM,Family Planning,Emergency contraception use
FP_ECUS_W_UNW,Family Planning,Emergency contraception use
FP_EFPM_M_COM,Family Planning,Exposure to family planning messages
FP_EFPM_M_MOB,Family Planning,Exposure to family planning messages
FP_EFPM_M_NO4,Family Planning,Exposure to family planning messages
FP_EFPM_M_NO8,Family Planning,Exposure to family planning messages
FP_EFPM_M_NON,Family Planning,Exposure to family planning messages
FP_EFPM_M_NUM,Family Planning,Exposure to family planning messages
FP_EFPM_M_NWS,Family Planning,Exposure to family planning messages
FP_EFPM_M_OSB,Family Planning,Exposure to family planning messages
FP_EFPM_M_PLB,Family Planning,Exposure to family planning messages
FP_EFPM_M_RDO,Family Planning,Exposure to family planning messages
FP_EFPM_M_SMD,Family Planning,Exposure to family planning messages
FP_EFPM_M_TLV,Family Planning,Exposure to family planning messages
FP_EFPM_M_UNW,Family Planning,Exposure to family planning messages
FP_EFPM_W_COM,Family Planning,Exposure to family planning messages
FP_EFPM_W_MOB,Family Planning,Exposure to family planning messages
FP_EFPM_W_NO4,Family Planning,Exposure to family planning messages
FP_EFPM_W_NO8,Family Planning,Exposure to family planning messages
FP_EFPM_W_NON,Family Planning,Exposure to family planning messages
FP_EFPM_W_NUM,Family Planning,Exposure to family planning messages
FP_EFPM_W_NWS,Family Planning,Exposure to family planning messages
FP_EFPM_W_OSB,Family Planning,Exposure to family planning messages
FP_EFPM_W_PLB,Family Planning,Exposure to family planning messages
FP_EFPM_W_RDO,Family Planning,Exposure to family planning messages
FP_EFPM_W_SMD,Family Planning,Exposure to family planning messages
FP_EFPM_W_TLV,Family Planning,Exposure to family planning messages
FP_EFPM_W_UNW,Family Planning,Exposure to family planning messages
FP_EVUA_M_ANY,Family Planning,Ever use of contraceptive methods by all respondents
FP_EVUA_M_DFJ,Family Planning,Ever use of contraceptive methods by all respondents
FP_EVUA_M_DIA,Family Planning,Ever use of contraceptive methods by all respondents
FP_EVUA_M_EMC,Family Planning,Ever use of contraceptive methods by all respondents
FP_EVUA_M_FCN,Family Planning,Ever use of contraceptive methods by all respondents
FP_EVUA_M_FLK,Family Planning,Ever use of contraceptive methods by all respondents
FP_EVUA_M_FOM,Family Planning,Ever use of contraceptive methods by all respondents
FP_EVUA_M_FST,Family Planning,Ever use of contraceptive methods by all respondents
FP_EVUA_M_IMP,Family Planning,Ever use of contraceptive methods by all respondents
FP_EVUA_M_INJ,Family Planning,Ever use of contraceptive methods by all respondents
FP_EVUA_M_IUD,Family Planning,Ever use of contraceptive methods by all respondents
FP_EVUA_M_LAM,Family Planning,Ever use of contraceptive methods by all respondents
FP_EVUA_M_MCN,Family Planning,Ever use of contraceptive methods by all respondents
FP_EVUA_M_MOD,Family Planning,Ever use of contraceptive methods by all respondents
FP_EVUA_M_MPL,Family Planning,Ever use of contraceptive methods by all respondents
FP_EVUA_M_MST,Family Planning,Ever use of contraceptive methods by all respondents
FP_EVUA_M_NUM,Family Planning,Ever use of contraceptive methods by all respondents
FP_EVUA_M_OMD,Family Planning,Ever use of contraceptive methods by all respondents
FP_EVUA_M_OTR,Family Planning,Ever use of contraceptive methods by all respondents
FP_EVUA_M_PIL,Family Planning,Ever use of contraceptive methods by all respondents
FP_EVUA_M_RHY,Family Planning,Ever use of contraceptive methods by all respondents
FP_EVUA_M_STD,Family Planning,Ever use of contraceptive methods by all respondents
FP_EVUA_M_TFK,Family Planning,Ever use of contraceptive methods by all respondents
FP_EVUA_M_TRA,Family Planning,Ever use of contraceptive methods by all respondents
FP_EVUA_M_UNW,Family Planning,Ever use of contraceptive methods by all respondents
FP_EVUA_M_WTH,Family Planning,Ever use of contraceptive methods by all respondents
FP_EVUA_W_ANY,Family Planning,Ever use of contraceptive methods by all respondents
FP_EVUA_W_BRF,Family Planning,Ever use of contraceptive methods by all respondents
FP_EVUA_W_DFJ,Family Planning,Ever use of contraceptive methods by all respondents
FP_EVUA_W_DIA,Family Planning,Ever use of contraceptive methods by all respondents
FP_EVUA_W_EMC,Family Planning,Ever use of contraceptive methods by all respondents
FP_EVUA_W_FCN,Family Planning,Ever use of contraceptive methods by all respondents
FP_EVUA_W_FLK,Family Planning,Ever use of contraceptive methods by all respondents
FP_EVUA_W_FOM,Family Planning,Ever use of contraceptive methods by all respondents
FP_EVUA_W_FST,Family Planning,Ever use of contraceptive methods by all respondents
FP_EVUA_W_IMP,Family Planning,Ever use of contraceptive methods by all respondents
FP_EVUA_W_INJ,Family Planning,Ever use of contraceptive methods by all respondents
FP_EVUA_W_IUD,Family Planning,Ever use of contraceptive methods by all respondents
FP_EVUA_W_LAM,Family Planning,Ever use of contraceptive methods by all respondents
FP_EVUA_W_MCN,Family Planning,Ever use of contraceptive methods by all respondents
FP_EVUA_W_MOD,Family Planning,Ever use of contraceptive methods by all respondents
FP_EVUA_W_MPL,Family Planning,Ever use of contraceptive methods by all respondents
FP_EVUA_W_MST,Family Planning,Ever use of contraceptive methods by all respondents
FP_EVUA_W_NUM,Family Planning,Ever use of contraceptive methods by all respondents
FP_EVUA_W_OMD,Family Planning,Ever use of contraceptive methods by all respondents
FP_EVUA_W_OTR,Family Planning,Ever use of contraceptive methods by all respondents
FP_EVUA_W_PIL,Family Planning,Ever use of contraceptive methods by all respondents
FP_EVUA_W_RHY,Family Planning,Ever use of contraceptive methods by all respondents
FP_EVUA_W_STD,Family Planning,Ever use of contraceptive methods by all respondents
FP_EVUA_W_TFK,Family Planning,Ever use of contraceptive methods by all respondents
FP_EVUA_W_TRA,Family Planning,Ever use of contraceptive methods by all respondents
FP_EVUA_W_UNW,Family Planning,Ever use of contraceptive methods by all respondents
FP_EVUA_W_WTH,Family Planning,Ever use of contraceptive methods by all respondents
FP_EVUM_M_ANY,Family Planning,Ever use of contraceptive methods by currently married respondents
FP_EVUM_M_DFJ,Family Planning,Ever use of contraceptive methods by currently married respondents
FP_EVUM_M_DIA,Family Planning,Ever use of contraceptive methods by currently married respondents
FP_EVUM_M_EMC,Family Planning,Ever use of contraceptive methods by currently married respondents
FP_EVUM_M_FCN,Family Planning,Ever use of contraceptive methods by currently married respondents
FP_EVUM_M_FLK,Family Planning,Ever use of contraceptive methods by currently married respondents
FP_EVUM_M_FOM,Family Planning,Ever use of contraceptive methods by currently married respondents
FP_EVUM_M_FST,Family Planning,Ever use of contraceptive methods by currently married respondents
FP_EVUM_M_IMP,Family Planning,Ever use of contraceptive methods by currently married respondents
FP_EVUM_M_INJ,Family Planning,Ever use of contraceptive methods by currently married respondents
FP_EVUM_M_IUD,Family Planning,Ever use of contraceptive methods by currently married respondents
FP_EVUM_M_LAM,Family Planning,Ever use of contraceptive methods by currently married respondents
FP_EVUM_M_MCN,Family Planning,Ever use of contraceptive methods by currently married respondents
FP_EVUM_M_MOD,Family Planning,Ever use of contraceptive methods by currently married respondents
FP_EVUM_M_MPL,Family Planning,Ever use of contraceptive methods by currently married respondents
FP_EVUM_M_MST,Family Planning,Ever use of contraceptive methods by currently married respondents
FP_EVUM_M_NUM,Family Planning,Ever use of contraceptive methods by currently married respondents
FP_EVUM_M_OMD,Family Planning,Ever use of contraceptive methods by currently married respondents
FP_EVUM_M_OTR,Family Planning,Ever use of contraceptive methods by currently married respondents
FP_EVUM_M_PIL,Family Planning,Ever use of contraceptive methods by currently married respondents
FP_EVUM_M_RHY,Family Planning,Ever use of contraceptive methods by currently married respondents
FP_EVUM_M_STD,Family Planning,Ever use of contraceptive methods by currently married respondents
FP_EVUM_M_TFK,Family Planning,Ever use of contraceptive methods by currently married respondents
FP_EVUM_M_TRA,Family Planning,Ever use of contraceptive methods by currently married respondents
FP_EVUM_M_UNW,Family Planning,Ever use of contraceptive methods by currently married respondents
FP_EVUM_M_WTH,Family Planning,Ever use of contraceptive methods by currently married respondents
FP_EVUM_W_ANY,Family Planning,Ever use of contraceptive methods by currently married respondents
FP_EVUM_W_BRF,Family Planning,Ever use of contraceptive methods by currently married respondents
FP_EVUM_W_DFJ,Family Planning,Ever use of contraceptive methods by currently married respondents
FP_EVUM_W_DIA,Family Planning,Ever use of contraceptive methods by currently married respondents
FP_EVUM_W_EMC,Family Planning,Ever use of contraceptive methods by currently married respondents
FP_EVUM_W_FCN,Family Planning,Ever use of contraceptive methods by currently married respondents
FP_EVUM_W_FLK,Family Planning,Ever use of contraceptive methods by currently married respondents
FP_EVUM_W_FOM,Family Planning,Ever use of contraceptive methods by currently married respondents
FP_EVUM_W_FST,Family Planning,Ever use of contraceptive methods by currently married respondents
FP_EVUM_W_IMP,Family Planning,Ever use of contraceptive methods by currently married respondents
FP_EVUM_W_INJ,Family Planning,Ever use of contraceptive methods by currently married respondents
FP_EVUM_W_IUD,Family Planning,Ever use of contraceptive methods by currently married respondents
FP_EVUM_W_LAM,Family Planning,Ever use of contraceptive methods by currently married respondents
FP_EVUM_W_MCN,Family Planning,Ever use of contraceptive methods by currently married respondents
FP_EVUM_W_MOD,Family Planning,Ever use of contraceptive methods by currently married respondents
FP_EVUM_W_MPL,Family Planning,Ever use of contraceptive methods by currently married respondents
FP_EVUM_W_MST,Family Planning,Ever use of contraceptive methods by currently married respondents
FP_EVUM_W_NUM,Family Planning,Ever use of contraceptive methods by currently married respondents
FP_EVUM_W_OMD,Family Planning,Ever use of contraceptive methods by currently married respondents
FP_EVUM_W_OTR,Family Planning,Ever use of contraceptive methods by currently married respondents
FP_EVUM_W_PIL,Family Planning,Ever use of contraceptive methods by currently married respondents
FP_EVUM_W_RHY,Family Planning,Ever use of contraceptive methods by currently married respondents
FP_EVUM_W_STD,Family Planning,Ever use of contraceptive methods by currently married respondents
FP_EVUM_W_TFK,Family Planning,Ever use of contraceptive methods by currently married respondents
FP_EVUM_W_TRA,Family Planning,Ever use of contraceptive methods by currently married respondents
FP_EVUM_W_UNW,Family Planning,Ever use of contraceptive methods by currently married respondents
FP_EVUM_W_WTH,Family Planning,Ever use of contraceptive methods by currently married respondents
FP_EVUU_M_ANY,Family Planning,Ever use of contraceptive methods by sexually active unmarried respondents
FP_EVUU_M_DFJ,Family Planning,Ever use of contraceptive methods by sexually active unmarried respondents
FP_EVUU_M_DIA,Family Planning,Ever use of contraceptive methods by sexually active unmarried respondents
FP_EVUU_M_EMC,Family Planning,Ever use of contraceptive methods by sexually active unmarried respondents
FP_EVUU_M_FCN,Family Planning,Ever use of contraceptive methods by sexually active unmarried respondents
FP_EVUU_M_FLK,Family Planning,Ever use of contraceptive methods by sexually active unmarried respondents
FP_EVUU_M_FOM,Family Planning,Ever use of contraceptive methods by sexually active unmarried respondents
FP_EVUU_M_FST,Family Planning,Ever use of contraceptive methods by sexually active unmarried respondents
FP_EVUU_M_IMP,Family Planning,Ever use of contraceptive methods by sexually active unmarried respondents
FP_EVUU_M_INJ,Family Planning,Ever use of contraceptive methods by sexually active unmarried respondents
FP_EVUU_M_IUD,Family Planning,Ever use of contraceptive methods by sexually active unmarried respondents
FP_EVUU_M_LAM,Family Planning,Ever use of contraceptive methods by sexually active unmarried respondents
FP_EVUU_M_MCN,Family Planning,Ever use of contraceptive methods by sexually active unmarried respondents
FP_EVUU_M_MOD,Family Planning,Ever use of contraceptive methods by sexually active unmarried respondents
FP_EVUU_M_MPL,Family Planning,Ever use of contraceptive methods by sexually active unmarried respondents
FP_EVUU_M_MST,Family Planning,Ever use of contraceptive methods by sexually active unmarried respondents
FP_EVUU_M_NUM,Family Planning,Ever use of contraceptive methods by sexually active unmarried respondents
FP_EVUU_M_OMD,Family Planning,Ever use of contraceptive methods by sexually active unmarried respondents
FP_EVUU_M_OTR,Family Planning,Ever use of contraceptive methods by sexually active unmarried respondents
FP_EVUU_M_PIL,Family Planning,Ever use of contraceptive methods by sexually active unmarried respondents
FP_EVUU_M_RHY,Family Planning,Ever use of contraceptive methods by sexually active unmarried respondents
FP_EVUU_M_STD,Family Planning,Ever use of contraceptive methods by sexually active unmarried respondents
FP_EVUU_M_TFK,Family Planning,Ever use of contraceptive methods by sexually active unmarried respondents
FP_EVUU_M_TRA,Family Planning,Ever use of contraceptive methods by sexually active unmarried respondents
FP_EVUU_M_UNW,Family Planning,Ever use of contraceptive methods by sexually active unmarried respondents
FP_EVUU_M_WTH,Family Planning,Ever use of contraceptive methods by sexually active unmarried respondents
FP_EVUU_W_ANY,Family Planning,Ever use of contraceptive methods by sexually active unmarried respondents
FP_EVUU_W_BRF,Family Planning,Ever use of contraceptive methods by sexually active unmarried respondents
FP_EVUU_W_DFJ,Family Planning,Ever use of contraceptive methods by sexually active unmarried respondents
FP_EVUU_W_DIA,Family Planning,Ever use of contraceptive methods by sexually active unmarried respondents
FP_EVUU_W_EMC,Family Planning,Ever use of contraceptive methods by sexually active unmarried respondents
FP_EVUU_W_FCN,Family Planning,Ever use of contraceptive methods by sexually active unmarried respondents
FP_EVUU_W_FLK,Family Planning,Ever use of contraceptive methods by sexually active unmarried respondents
FP_EVUU_W_FOM,Family Planning,Ever use of contraceptive methods by sexually active unmarried respondents
FP_EVUU_W_FST,Family Planning,Ever use of contraceptive methods by sexually active unmarried respondents
FP_EVUU_W_IMP,Family Planning,Ever use of contraceptive methods by sexually active unmarried respondents
FP_EVUU_W_INJ,Family Planning,Ever use of contraceptive methods by sexually active unmarried respondents
FP_EVUU_W_IUD,Family Planning,Ever use of contraceptive methods by sexually active unmarried respondents
FP_EVUU_W_LAM,Family Planning,Ever use of contraceptive methods by sexually active unmarried respondents
FP_EVUU_W_MCN,Family Planning,Ever use of contraceptive methods by sexually active unmarried respondents
FP_EVUU_W_MOD,Family Planning,Ever use of contraceptive methods by sexually active unmarried respondents
FP_EVUU_W_MPL,Family Planning,Ever use of contraceptive methods by sexually active unmarried respondents
FP_EVUU_W_MST,Family Planning,Ever use of contraceptive methods by sexually active unmarried respondents
FP_EVUU_W_NUM,Family Planning,Ever use of contraceptive methods by sexually active unmarried respondents
FP_EVUU_W_OMD,Family Planning,Ever use of contraceptive methods by sexually active unmarried respondents
FP_EVUU_W_OTR,Family Planning,Ever use of contraceptive methods by sexually active unmarried respondents
FP_EVUU_W_PIL,Family Planning,Ever use of contraceptive methods by sexually active unmarried respondents
FP_EVUU_W_RHY,Family Planning,Ever use of contraceptive methods by sexually active unmarried respondents
FP_EVUU_W_STD,Family Planning,Ever use of contraceptive methods by sexually active unmarried respondents
FP_EVUU_W_TFK,Family Planning,Ever use of contraceptive methods by sexually active unmarried respondents
FP_EVUU_W_TRA,Family Planning,Ever use of contraceptive methods by sexually active unmarried respondents
FP_EVUU_W_UNW,Family Planning,Ever use of contraceptive methods by sexually active unmarried respondents
FP_EVUU_W_WTH,Family Planning,Ever use of contraceptive methods by sexually active unmarried respondents
FP_FUTU_W_DKM,Family Planning,Future use of contraception
FP_FUTU_W_DNI,Family Planning,Future use of contraception
FP_FUTU_W_I12,Family Planning,Future use of contraception
FP_FUTU_W_ILT,Family Planning,Future use of contraception
FP_FUTU_W_INT,Family Planning,Future use of contraception
FP_FUTU_W_IUN,Family Planning,Future use of contraception
FP_FUTU_W_NUM,Family Planning,Future use of contraception
FP_FUTU_W_TOT,Family Planning,Future use of contraception
FP_FUTU_W_UNS,Family Planning,Future use of contraception
FP_FUTU_W_UNW,Family Planning,Future use of contraception
FP_ICHC_W_HFP,Family Planning,Informed choice
FP_ICHC_W_MII,Family Planning,Informed choice
FP_ICHC_W_NM1,Family Planning,Informed choice
FP_ICHC_W_NUM,Family Planning,Informed choice
FP_ICHC_W_PRM,Family Planning,Informed choice
FP_ICHC_W_SID,Family Planning,Informed choice
FP_ICHC_W_SWT,Family Planning,Informed choice
FP_ICHC_W_UN1,Family Planning,Informed choice
FP_ICHC_W_UNW,Family Planning,Informed choice
FP_ICHC_W_WDO,Family Planning,Informed choice
FP_KFPC_W_CKF,Family Planning,Correct knowledge of fertile period
FP_KFPC_W_NUM,Family Planning,Correct knowledge of fertile period
FP_KFPC_W_UNW,Family Planning,Correct knowledge of fertile period
FP_KFTP_W_AFT,Family Planning,Knowledge of fertile period
FP_KFTP_W_BEF,Family Planning,Knowledge of fertile period
FP_KFTP_W_DKN,Family Planning,Knowledge of fertile period
FP_KFTP_W_DUR,Family Planning,Knowledge of fertile period
FP_KFTP_W_HLF,Family Planning,Knowledge of fertile period
FP_KFTP_W_MIS,Family Planning,Knowledge of fertile period
FP_KFTP_W_NON,Family Planning,Knowledge of fertile period
FP_KFTP_W_NUM,Family Planning,Knowledge of fertile period
FP_KFTP_W_OTH,Family Planning,Knowledge of fertile period
FP_KFTP_W_TOT,Family Planning,Knowledge of fertile period
FP_KFTP_W_UNW,Family Planning,Knowledge of fertile period
FP_KMET_M_ANY,Family Planning,Knowledge of contraceptive methods
FP_KMET_M_MOD,Family Planning,Knowledge of contraceptive methods
FP_KMET_M_NUM,Family Planning,Knowledge of contraceptive methods
FP_KMET_M_UNW,Family Planning,Knowledge of contraceptive methods
FP_KMET_W_ANY,Family Planning,Knowledge of contraceptive methods
FP_KMET_W_MOD,Family Planning,Knowledge of contraceptive methods
FP_KMET_W_NUM,Family Planning,Knowledge of contraceptive methods
FP_KMET_W_UNW,Family Planning,Knowledge of contraceptive methods
FP_KMTA_M_ANY,Family Planning,Knowledge of contraceptive methods by all respondents
FP_KMTA_M_BRF,Family Planning,Knowledge of contraceptive methods by all respondents
FP_KMTA_M_DFJ,Family Planning,Knowledge of contraceptive methods by all respondents
FP_KMTA_M_DIA,Family Planning,Knowledge of contraceptive methods by all respondents
FP_KMTA_M_EMC,Family Planning,Knowledge of contraceptive methods by all respondents
FP_KMTA_M_FCN,Family Planning,Knowledge of contraceptive methods by all respondents
FP_KMTA_M_FLK,Family Planning,Knowledge of contraceptive methods by all respondents
FP_KMTA_M_FOM,Family Planning,Knowledge of contraceptive methods by all respondents
FP_KMTA_M_FST,Family Planning,Knowledge of contraceptive methods by all respondents
FP_KMTA_M_IMP,Family Planning,Knowledge of contraceptive methods by all respondents
FP_KMTA_M_INJ,Family Planning,Knowledge of contraceptive methods by all respondents
FP_KMTA_M_IUD,Family Planning,Knowledge of contraceptive methods by all respondents
FP_KMTA_M_LAM,Family Planning,Knowledge of contraceptive methods by all respondents
FP_KMTA_M_MCN,Family Planning,Knowledge of contraceptive methods by all respondents
FP_KMTA_M_MNM,Family Planning,Knowledge of contraceptive methods by all respondents
FP_KMTA_M_MOD,Family Planning,Knowledge of contraceptive methods by all respondents
FP_KMTA_M_MPL,Family Planning,Knowledge of contraceptive methods by all respondents
FP_KMTA_M_MST,Family Planning,Knowledge of contraceptive methods by all respondents
FP_KMTA_M_NUM,Family Planning,Knowledge of contraceptive methods by all respondents
FP_KMTA_M_OMD,Family Planning,Knowledge of contraceptive methods by all respondents
FP_KMTA_M_OTR,Family Planning,Knowledge of contraceptive methods by all respondents
FP_KMTA_M_PIL,Family Planning,Knowledge of contraceptive methods by all respondents
FP_KMTA_M_RHY,Family Planning,Knowledge of contraceptive methods by all respondents
FP_KMTA_M_STD,Family Planning,Knowledge of contraceptive methods by all respondents
FP_KMTA_M_TFK,Family Planning,Knowledge of contraceptive methods by all respondents
FP_KMTA_M_TRA,Family Planning,Knowledge of contraceptive methods by all respondents
FP_KMTA_M_UN5,Family Planning,Knowledge of contraceptive methods by all respondents
FP_KMTA_M_UNW,Family Planning,Knowledge of contraceptive methods by all respondents
FP_KMTA_M_WTH,Family Planning,Knowledge of contraceptive methods by all respondents
FP_KMTA_W_ANY,Family Planning,Knowledge of contraceptive methods by all respondents
FP_KMTA_W_BRF,Family Planning,Knowledge of contraceptive methods by all respondents
FP_KMTA_W_DFJ,Family Planning,Knowledge of contraceptive methods by all respondents
FP_KMTA_W_DIA,Family Planning,Knowledge of contraceptive methods by all respondents
FP_KMTA_W_EMC,Family Planning,Knowledge of contraceptive methods by all respondents
FP_KMTA_W_FCN,Family Planning,Knowledge of contraceptive methods by all respondents
FP_KMTA_W_FLK,Family Planning,Knowledge of contraceptive methods by all respondents
FP_KMTA_W_FOM,Family Planning,Knowledge of contraceptive methods by all respondents
FP_KMTA_W_FST,Family Planning,Knowledge of contraceptive methods by all respondents
FP_KMTA_W_IMP,Family Planning,Knowledge of contraceptive methods by all respondents
FP_KMTA_W_INJ,Family Planning,Knowledge of contraceptive methods by all respondents
FP_KMTA_W_IUD,Family Planning,Knowledge of contraceptive methods by all respondents
FP_KMTA_W_LAM,Family Planning,Knowledge of contraceptive methods by all respondents
FP_KMTA_W_MCN,Family Planning,Knowledge of contraceptive methods by all respondents
FP_KMTA_W_MNM,Family Planning,Knowledge of contraceptive methods by all respondents
FP_KMTA_W_MOD,Family Planning,Knowledge of contraceptive methods by all respondents
FP_KMTA_W_MPL,Family Planning,Knowledge of contraceptive methods by all respondents
FP_KMTA_W_MST,Family Planning,Knowledge of contraceptive methods by all respondents
FP_KMTA_W_NUM,Family Planning,Knowledge of contraceptive methods by all respondents
FP_KMTA_W_OMD,Family Planning,Knowledge of contraceptive methods by all respondents
FP_KMTA_W_OTR,Family Planning,Knowledge of contraceptive methods by all respondents
FP_KMTA_W_PIL,Family Planning,Knowledge of contraceptive methods by all respondents
FP_KMTA_W_RHY,Family Planning,Knowledge of contraceptive methods by all respondents
FP_KMTA_W_STD,Family Planning,Knowledge of contraceptive methods by all respondents
FP_KMTA_W_TFK,Family Planning,Knowledge of contraceptive methods by all respondents
FP_KMTA_W_TRA,Family Planning,Knowledge of contraceptive methods by all respondents
FP_KMTA_W_UNW,Family Planning,Knowledge of contraceptive methods by all respondents
FP_KMTA_W_WTH,Family Planning,Knowledge of contraceptive methods by all respondents
FP_KMTM_M_ANY,Family Planning,Knowledge of contraceptive methods by currently married respondents
FP_KMTM_M_DFJ,Family Planning,Knowledge of contraceptive methods by currently married respondents
FP_KMTM_M_DIA,Family Planning,Knowledge of contraceptive methods by currently married respondents
FP_KMTM_M_EMC,Family Planning,Knowledge of contraceptive methods by currently married respondents
FP_KMTM_M_FCN,Family Planning,Knowledge of contraceptive methods by currently married respondents
FP_KMTM_M_FLK,Family Planning,Knowledge of contraceptive methods by currently married respondents
FP_KMTM_M_FOM,Family Planning,Knowledge of contraceptive methods by currently married respondents
FP_KMTM_M_FST,Family Planning,Knowledge of contraceptive methods by currently married respondents
FP_KMTM_M_IMP,Family Planning,Knowledge of contraceptive methods by currently married respondents
FP_KMTM_M_INJ,Family Planning,Knowledge of contraceptive methods by currently married respondents
FP_KMTM_M_IUD,Family Planning,Knowledge of contraceptive methods by currently married respondents
FP_KMTM_M_LAM,Family Planning,Knowledge of contraceptive methods by currently married respondents
FP_KMTM_M_MCN,Family Planning,Knowledge of contraceptive methods by currently married respondents
FP_KMTM_M_MNM,Family Planning,Knowledge of contraceptive methods by currently married respondents
FP_KMTM_M_MOD,Family Planning,Knowledge of contraceptive methods by currently married respondents
FP_KMTM_M_MPL,Family Planning,Knowledge of contraceptive methods by currently married respondents
FP_KMTM_M_MST,Family Planning,Knowledge of contraceptive methods by currently married respondents
FP_KMTM_M_NUM,Family Planning,Knowledge of contraceptive methods by currently married respondents
FP_KMTM_M_OMD,Family Planning,Knowledge of contraceptive methods by currently married respondents
FP_KMTM_M_OTR,Family Planning,Knowledge of contraceptive methods by currently married respondents
FP_KMTM_M_PIL,Family Planning,Knowledge of contraceptive methods by currently married respondents
FP_KMTM_M_RHY,Family Planning,Knowledge of contraceptive methods by currently married respondents
FP_KMTM_M_STD,Family Planning,Knowledge of contraceptive methods by currently married respondents
FP_KMTM_M_TFK,Family Planning,Knowledge of contraceptive methods by currently married respondents
FP_KMTM_M_TRA,Family Planning,Knowledge of contraceptive methods by currently married respondents
FP_KMTM_M_UN5,Family Planning,Knowledge of contraceptive methods by currently married respondents
FP_KMTM_M_UNW,Family Planning,Knowledge of contraceptive methods by currently married respondents
FP_KMTM_M_WTH,Family Planning,Knowledge of contraceptive methods by currently married respondents
FP_KMTM_W_ANY,Family Planning,Knowledge of contraceptive methods by currently married respondents
FP_KMTM_W_BRF,Family Planning,Knowledge of contraceptive methods by currently married respondents
FP_KMTM_W_DFJ,Family Planning,Knowledge of contraceptive methods by currently married respondents
FP_KMTM_W_DIA,Family Planning,Knowledge of contraceptive methods by currently married respondents
FP_KMTM_W_EMC,Family Planning,Knowledge of contraceptive methods by currently married respondents
FP_KMTM_W_FCN,Family Planning,Knowledge of contraceptive methods by currently married respondents
FP_KMTM_W_FLK,Family Planning,Knowledge of contraceptive methods by currently married respondents
FP_KMTM_W_FOM,Family Planning,Knowledge of contraceptive methods by currently married respondents
FP_KMTM_W_FST,Family Planning,Knowledge of contraceptive methods by currently married respondents
FP_KMTM_W_IMP,Family Planning,Knowledge of contraceptive methods by currently married respondents
FP_KMTM_W_INJ,Family Planning,Knowledge of contraceptive methods by currently married respondents
FP_KMTM_W_IUD,Family Planning,Knowledge of contraceptive methods by currently married respondents
FP_KMTM_W_LAM,Family Planning,Knowledge of contraceptive methods by currently married respondents
FP_KMTM_W_MCN,Family Planning,Knowledge of contraceptive methods by currently married respondents
FP_KMTM_W_MNM,Family Planning,Knowledge of contraceptive methods by currently married respondents
FP_KMTM_W_MOD,Family Planning,Knowledge of contraceptive methods by currently married respondents
FP_KMTM_W_MPL,Family Planning,Knowledge of contraceptive methods by currently married respondents
FP_KMTM_W_MST,Family Planning,Knowledge of contraceptive methods by currently married respondents
FP_KMTM_W_NUM,Family Planning,Knowledge of contraceptive methods by currently married respondents
FP_KMTM_W_OMD,Family Planning,Knowledge of contraceptive methods by currently married respondents
FP_KMTM_W_OTR,Family Planning,Knowledge of contraceptive methods by currently married respondents
FP_KMTM_W_PIL,Family Planning,Knowledge of contraceptive methods by currently married respondents
FP_KMTM_W_RHY,Family Planning,Knowledge of contraceptive methods by currently married respondents
FP_KMTM_W_STD,Family Planning,Knowledge of contraceptive methods by currently married respondents
FP_KMTM_W_TFK,Family Planning,Knowledge of contraceptive methods by currently married respondents
FP_KMTM_W_TRA,Family Planning,Knowledge of contraceptive methods by currently married respondents
FP_KMTM_W_UNW,Family Planning,Knowledge of contraceptive methods by currently married respondents
FP_KMTM_W_WTH,Family Planning,Knowledge of contraceptive methods by currently married respondents
FP_KMTU_M_ANY,Family Planning,Knowledge of contraceptive methods by sexually active unmarried respondents
FP_KMTU_M_DFJ,Family Planning,Knowledge of contraceptive methods by sexually active unmarried respondents
FP_KMTU_M_DIA,Family Planning,Knowledge of contraceptive methods by sexually active unmarried respondents
FP_KMTU_M_EMC,Family Planning,Knowledge of contraceptive methods by sexually active unmarried respondents
FP_KMTU_M_FCN,Family Planning,Knowledge of contraceptive methods by sexually active unmarried respondents
FP_KMTU_M_FLK,Family Planning,Knowledge of contraceptive methods by sexually active unmarried respondents
FP_KMTU_M_FOM,Family Planning,Knowledge of contraceptive methods by sexually active unmarried respondents
FP_KMTU_M_FST,Family Planning,Knowledge of contraceptive methods by sexually active unmarried respondents
FP_KMTU_M_IMP,Family Planning,Knowledge of contraceptive methods by sexually active unmarried respondents
FP_KMTU_M_INJ,Family Planning,Knowledge of contraceptive methods by sexually active unmarried respondents
FP_KMTU_M_IUD,Family Planning,Knowledge of contraceptive methods by sexually active unmarried respondents
FP_KMTU_M_LAM,Family Planning,Knowledge of contraceptive methods by sexually active unmarried respondents
FP_KMTU_M_MCN,Family Planning,Knowledge of contraceptive methods by sexually active unmarried respondents
FP_KMTU_M_MNM,Family Planning,Knowledge of contraceptive methods by sexually active unmarried respondents
FP_KMTU_M_MOD,Family Planning,Knowledge of contraceptive methods by sexually active unmarried respondents
FP_KMTU_M_MPL,Family Planning,Knowledge of contraceptive methods by sexually active unmarried respondents
FP_KMTU_M_MST,Family Planning,Knowledge of contraceptive methods by sexually active unmarried respondents
FP_KMTU_M_NUM,Family Planning,Knowledge of contraceptive methods by sexually active unmarried respondents
FP_KMTU_M_OMD,Family Planning,Knowledge of contraceptive methods by sexually active unmarried respondents
FP_KMTU_M_OTR,Family Planning,Knowledge of contraceptive methods by sexually active unmarried respondents
FP_KMTU_M_PIL,Family Planning,Knowledge of contraceptive methods by sexually active unmarried respondents
FP_KMTU_M_RHY,Family Planning,Knowledge of contraceptive methods by sexually active unmarried respondents
FP_KMTU_M_STD,Family Planning,Knowledge of contraceptive methods by sexually active unmarried respondents
FP_KMTU_M_TFK,Family Planning,Knowledge of contraceptive methods by sexually active unmarried respondents
FP_KMTU_M_TRA,Family Planning,Knowledge of contraceptive methods by sexually active unmarried respondents
FP_KMTU_M_UN5,Family Planning,Knowledge of contraceptive methods by sexually active unmarried respondents
FP_KMTU_M_UNW,Family Planning,Knowledge of contraceptive methods by sexually active unmarried respondents
FP_KMTU_M_WTH,Family Planning,Knowledge of contraceptive methods by sexually active unmarried respondents
FP_KMTU_W_ANY,Family Planning,Knowledge of contraceptive methods by sexually active unmarried respondents
FP_KMTU_W_BRF,Family Planning,Knowledge of contraceptive methods by sexually active unmarried respondents
FP_KMTU_W_DFJ,Family Planning,Knowledge of contraceptive methods by sexually active unmarried respondents
FP_KMTU_W_DIA,Family Planning,Knowledge of contraceptive methods by sexually active unmarried respondents
FP_KMTU_W_EMC,Family Planning,Knowledge of contraceptive methods by sexually active unmarried respondents
FP_KMTU_W_FCN,Family Planning,Knowledge of contraceptive methods by sexually active unmarried respondents
FP_KMTU_W_FLK,Family Planning,Knowledge of contraceptive methods by sexually active unmarried respondents
FP_KMTU_W_FOM,Family Planning,Knowledge of contraceptive methods by sexually active unmarried respondents
FP_KMTU_W_FST,Family Planning,Knowledge of contraceptive methods by sexually active unmarried respondents
FP_KMTU_W_IMP,Family Planning,Knowledge of contraceptive methods by sexually active unmarried respondents
FP_KMTU_W_INJ,Family Planning,Knowledge of contraceptive methods by sexually active unmarried respondents
FP_KMTU_W_IUD,Family Planning,Knowledge of contraceptive methods by sexually active unmarried respondents
FP_KMTU_W_LAM,Family Planning,Knowledge of contraceptive methods by sexually active unmarried respondents
FP_KMTU_W_MCN,Family Planning,Knowledge of contraceptive methods by sexually active unmarried respondents
FP_KMTU_W_MNM,Family Planning,Knowledge of contraceptive methods by sexually active unmarried respondents
FP_KMTU_W_MOD,Family Planning,Knowledge of contraceptive methods by sexually active unmarried respondents
FP_KMTU_W_MPL,Family Planning,Knowledge of contraceptive methods by sexually active unmarried respondents
FP_KMTU_W_MST,Family Planning,Knowledge of contraceptive methods by sexually active unmarried respondents
FP_KMTU_W_NUM,Family Planning,Knowledge of contraceptive methods by sexually active unmarried respondents
FP_KMTU_W_OMD,Family Planning,Knowledge of contraceptive methods by sexually active unmarried respondents
FP_KMTU_W_OTR,Family Planning,Knowledge of contraceptive methods by sexually active unmarried respondents
FP_KMTU_W_PIL,Family Planning,Knowledge of contraceptive methods by sexually active unmarried respondents
FP_KMTU_W_RHY,Family Planning,Knowledge of contraceptive methods by sexually active unmarried respondents
FP_KMTU_W_STD,Family Planning,Knowledge of contraceptive methods by sexually active unmarried respondents
FP_KMTU_W_TFK,Family Planning,Knowledge of contraceptive methods by sexually active unmarried respondents
FP_KMTU_W_TRA,Family Planning,Knowledge of contraceptive methods by sexually active unmarried respondents
FP_KMTU_W_UNW,Family Planning,Knowledge of contraceptive methods by sexually active unmarried respondents
FP_KMTU_W_WTH,Family Planning,Knowledge of contraceptive methods by sexually active unmarried respondents
FP_NADA_W_MNL,Family Planning,Need and demand for family planning for all women
FP_NADA_W_MNS,Family Planning,Need and demand for family planning for all women
FP_NADA_W_MNT,Family Planning,Need and demand for family planning for all women
FP_NADA_W_NUM,Family Planning,Need and demand for family planning for all women
FP_NADA_W_PDM,Family Planning,Need and demand for family planning for all women
FP_NADA_W_PDS,Family Planning,Need and demand for family planning for all women
FP_NADA_W_TDL,Family Planning,Need and demand for family planning for all women
FP_NADA_W_TDN,Family Planning,Need and demand for family planning for all women
FP_NADA_W_TDS,Family Planning,Need and demand for family planning for all women
FP_NADA_W_TDT,Family Planning,Need and demand for family planning for all women
FP_NADA_W_TDU,Family Planning,Need and demand for family planning for all women
FP_NADA_W_UML,Family Planning,Need and demand for family planning for all women
FP_NADA_W_UMS,Family Planning,Need and demand for family planning for all women
FP_NADA_W_UMT,Family Planning,Need and demand for family planning for all women
FP_NADA_W_UNL,Family Planning,Need and demand for family planning for all women
FP_NADA_W_UNS,Family Planning,Need and demand for family planning for all women
FP_NADA_W_UNT,Family Planning,Need and demand for family planning for all women
FP_NADA_W_UNW,Family Planning,Need and demand for family planning for all women
FP_NADM_W_MNL,Family Planning,Need and demand for family planning for currently married women
FP_NADM_W_MNS,Family Planning,Need and demand for family planning for currently married women
FP_NADM_W_MNT,Family Planning,Need and demand for family planning for currently married women
FP_NADM_W_NUM,Family Planning,Need and demand for family planning for currently married women
FP_NADM_W_PDM,Family Planning,Need and demand for family planning for currently married women
FP_NADM_W_PDS,Family Planning,Need and demand for family planning for currently married women
FP_NADM_W_TDL,Family Planning,Need and demand for family planning for currently married women
FP_NADM_W_TDN,Family Planning,Need and demand for family planning for currently married women
FP_NADM_W_TDS,Family Planning,Need and demand for family planning for currently married women
FP_NADM_W_TDT,Family Planning,Need and demand for family planning for currently married women
FP_NADM_W_TDU,Family Planning,Need and demand for family planning for currently married women
FP_NADM_W_UML,Family Planning,Need and demand for family planning for currently married women
FP_NADM_W_UMS,Family Planning,Need and demand for family planning for currently married women
FP_NADM_W_UMT,Family Planning,Need and demand for family planning for currently married women
FP_NADM_W_UNL,Family Planning,Need and demand for family planning for currently married women
FP_NADM_W_UNS,Family Planning,Need and demand for family planning for currently married women
FP_NADM_W_UNT,Family Planning,Need and demand for family planning for currently married women
FP_NADM_W_UNW,Family Planning,Need and demand for family planning for currently married women
FP_NADU_W_MNL,Family Planning,Need and demand for family planning for sexually active unmarried women
FP_NADU_W_MNS,Family Planning,Need and demand for family planning for sexually active unmarried women
FP_NADU_W_MNT,Family Planning,Need and demand for family planning for sexually active unmarried women
FP_NADU_W_NUM,Family Planning,Need and demand for family planning for sexually active unmarried women
FP_NADU_W_PDM,Family Planning,Need and demand for family planning for sexually active unmarried women
FP_NADU_W_PDS,Family Planning,Need and demand for family planning for sexually active unmarried women
FP_NADU_W_TDL,Family Planning,Need and demand for family planning for sexually active unmarried women
FP_NADU_W_TDN,Family Planning,Need and demand for family planning for sexually active unmarried women
FP_NADU_W_TDS,Family Planning,Need and demand for family planning for sexually active unmarried women
FP_NADU_W_TDT,Family Planning,Need and demand for family planning for sexually active unmarried women
FP_NADU_W_TDU,Family Planning,Need and demand for family planning for sexually active unmarried women
FP_NADU_W_UML,Family Planning,Need and demand for family planning for sexually active unmarried women
FP_NADU_W_UMS,Family Planning,Need and demand for family planning for sexually active unmarried women
FP_NADU_W_UMT,Family Planning,Need and demand for family planning for sexually active unmarried women
FP_NADU_W_UNL,Family Planning,Need and demand for family planning for sexually active unmarried women
FP_NADU_W_UNS,Family Planning,Need and demand for family planning for sexually active unmarried women
FP_NADU_W_UNT,Family Planning,Need and demand for family planning for sexually active unmarried women
FP_NADU_W_UNW,Family Planning,Need and demand for family planning for sexually active unmarried women
FP_NDYA_W_MNL,Family Planning,Need and demand for family planning for all young women age 15-24
FP_NDYA_W_MNS,Family Planning,Need and demand for family planning for all young women age 15-24
FP_NDYA_W_MNT,Family Planning,Need and demand for family planning for all young women age 15-24
FP_NDYA_W_NUM,Family Planning,Need and demand for family planning for all young women age 15-24
FP_NDYA_W_PDM,Family Planning,Need and demand for family planning for all young women age 15-24
FP_NDYA_W_PDS,Family Planning,Need and demand for family planning for all young women age 15-24
FP_NDYA_W_TDL,Family Planning,Need and demand for family planning for all young women age 15-24
FP_NDYA_W_TDN,Family Planning,Need and demand for family planning for all young women age 15-24
FP_NDYA_W_TDS,Family Planning,Need and demand for family planning for all young women age 15-24
FP_NDYA_W_TDT,Family Planning,Need and demand for family planning for all young women age 15-24
FP_NDYA_W_TDU,Family Planning,Need and demand for family planning for all young women age 15-24
FP_NDYA_W_UML,Family Planning,Need and demand for family planning for all young women age 15-24
FP_NDYA_W_UMS,Family Planning,Need and demand for family planning for all young women age 15-24
FP_NDYA_W_UMT,Family Planning,Need and demand for family planning for all young women age 15-24
FP_NDYA_W_UNL,Family Planning,Need and demand for family planning for all young women age 15-24
FP_NDYA_W_UNS,Family Planning,Need and demand for family planning for all young women age 15-24
FP_NDYA_W_UNT,Family Planning,Need and demand for family planning for all young women age 15-24
FP_NDYA_W_UNW,Family Planning,Need and demand for family planning for all young women age 15-24
FP_NDYM_W_MNL,Family Planning,Need and demand for family planning for currently married young women age 15-24
FP_NDYM_W_MNS,Family Planning,Need and demand for family planning for currently married young women age 15-24
FP_NDYM_W_MNT,Family Planning,Need and demand for family planning for currently married young women age 15-24
FP_NDYM_W_NUM,Family Planning,Need and demand for family planning for currently married young women age 15-24
FP_NDYM_W_PDM,Family Planning,Need and demand for family planning for currently married young women age 15-24
FP_NDYM_W_PDS,Family Planning,Need and demand for family planning for currently married young women age 15-24
FP_NDYM_W_TDL,Family Planning,Need and demand for family planning for currently married young women age 15-24
FP_NDYM_W_TDN,Family Planning,Need and demand for family planning for currently married young women age 15-24
FP_NDYM_W_TDS,Family Planning,Need and demand for family planning for currently married young women age 15-24
FP_NDYM_W_TDT,Family Planning,Need and demand for family planning for currently married young women age 15-24
FP_NDYM_W_TDU,Family Planning,Need and demand for family planning for currently married young women age 15-24
FP_NDYM_W_UML,Family Planning,Need and demand for family planning for currently married young women age 15-24
FP_NDYM_W_UMS,Family Planning,Need and demand for family planning for currently married young women age 15-24
FP_NDYM_W_UMT,Family Planning,Need and demand for family planning for currently married young women age 15-24
FP_NDYM_W_UNL,Family Planning,Need and demand for family planning for currently married young women age 15-24
FP_NDYM_W_UNS,Family Planning,Need and demand for family planning for currently married young women age 15-24
FP_NDYM_W_UNT,Family Planning,Need and demand for family planning for currently married young women age 15-24
FP_NDYM_W_UNW,Family Planning,Need and demand for family planning for currently married young women age 15-24
FP_NDYU_W_MNL,Family Planning,Need and demand for family planning for sexually active unmarried women age 15-24
FP_NDYU_W_MNS,Family Planning,Need and demand for family planning for sexually active unmarried women age 15-24
FP_NDYU_W_MNT,Family Planning,Need and demand for family planning for sexually active unmarried women age 15-24
FP_NDYU_W_NUM,Family Planning,Need and demand for family planning for sexually active unmarried women age 15-24
FP_NDYU_W_PDM,Family Planning,Need and demand for family planning for sexually active unmarried women age 15-24
FP_NDYU_W_PDS,Family Planning,Need and demand for family planning for sexually active unmarried women age 15-24
FP_NDYU_W_TDL,Family Planning,Need and demand for family planning for sexually active unmarried women age 15-24
FP_NDYU_W_TDN,Family Planning,Need and demand for family planning for sexually active unmarried women age 15-24
FP_NDYU_W_TDS,Family Planning,Need and demand for family planning for sexually active unmarried women age 15-24
FP_NDYU_W_TDT,Family Planning,Need and demand for family planning for sexually active unmarried women age 15-24
FP_NDYU_W_TDU,Family Planning,Need and demand for family planning for sexually active unmarried women age 15-24
FP_NDYU_W_UML,Family Planning,Need and demand for family planning for sexually active unmarried women age 15-24
FP_NDYU_W_UMS,Family Planning,Need and demand for family planning for sexually active unmarried women age 15-24
FP_NDYU_W_UMT,Family Planning,Need and demand for family planning for sexually active unmarried women age 15-24
FP_NDYU_W_UNL,Family Planning,Need and demand for family planning for sexually active unmarried women age 15-24
FP_NDYU_W_UNS,Family Planning,Need and demand for family planning for sexually active unmarried women age 15-24
FP_NDYU_W_UNT,Family Planning,Need and demand for family planning for sexually active unmarried women age 15-24
FP_NDYU_W_UNW,Family Planning,Need and demand for family planning for sexually active unmarried women age 15-24
FP_NFPP_W_FPW,Family Planning,Contact of nonusers with family planning providers
FP_NFPP_W_HFP,Family Planning,Contact of nonusers with family planning providers
FP_NFPP_W_HNF,Family Planning,Contact of nonusers with family planning providers
FP_NFPP_W_NFP,Family Planning,Contact of nonusers with family planning providers
FP_NFPP_W_NUM,Family Planning,Contact of nonusers with family planning providers
FP_NFPP_W_UNW,Family Planning,Contact of nonusers with family planning providers
FP_PRGP_W_NUM,Family Planning,Pressure to become pregnant
FP_PRGP_W_PPR,Family Planning,Pressure to become pregnant
FP_PRGP_W_UNW,Family Planning,Pressure to become pregnant
FP_RDIS_W_ACC,Family Planning,Reasons for discontinuation
FP_RDIS_W_CST,Family Planning,Reasons for discontinuation
FP_RDIS_W_DES,Family Planning,Reasons for discontinuation
FP_RDIS_W_DIF,Family Planning,Reasons for discontinuation
FP_RDIS_W_DIS,Family Planning,Reasons for discontinuation
FP_RDIS_W_DKN,Family Planning,Reasons for discontinuation
FP_RDIS_W_FAT,Family Planning,Reasons for discontinuation
FP_RDIS_W_INC,Family Planning,Reasons for discontinuation
FP_RDIS_W_INF,Family Planning,Reasons for discontinuation
FP_RDIS_W_MBL,Family Planning,Reasons for discontinuation
FP_RDIS_W_MIS,Family Planning,Reasons for discontinuation
FP_RDIS_W_NUM,Family Planning,Reasons for discontinuation
FP_RDIS_W_OTH,Family Planning,Reasons for discontinuation
FP_RDIS_W_PRG,Family Planning,Reasons for discontinuation
FP_RDIS_W_SEP,Family Planning,Reasons for discontinuation
FP_RDIS_W_SID,Family Planning,Reasons for discontinuation
FP_RDIS_W_TOT,Family Planning,Reasons for discontinuation
FP_RDIS_W_UNW,Family Planning,Reasons for discontinuation
FP_RDIS_W_WME,Family Planning,Reasons for discontinuation
FP_RNIU_W_ACC,Family Planning,Reason for not intending to use contraception
FP_RNIU_W_BOD,Family Planning,Reason for not intending to use contraception
FP_RNIU_W_CST,Family Planning,Reason for not intending to use contraception
FP_RNIU_W_HCN,Family Planning,Reason for not intending to use contraception
FP_RNIU_W_INC,Family Planning,Reason for not intending to use contraception
FP_RNIU_W_INS,Family Planning,Reason for not intending to use contraception
FP_RNIU_W_KNM,Family Planning,Reason for not intending to use contraception
FP_RNIU_W_KNS,Family Planning,Reason for not intending to use contraception
FP_RNIU_W_LKN,Family Planning,Reason for not intending to use contraception
FP_RNIU_W_MAR,Family Planning,Reason for not intending to use contraception
FP_RNIU_W_MEN,Family Planning,Reason for not intending to use contraception
FP_RNIU_W_MIS,Family Planning,Reason for not intending to use contraception
FP_RNIU_W_MTH,Family Planning,Reason for not intending to use contraception
FP_RNIU_W_NUM,Family Planning,Reason for not intending to use contraception
FP_RNIU_W_OFT,Family Planning,Reason for not intending to use contraception
FP_RNIU_W_OKN,Family Planning,Reason for not intending to use contraception
FP_RNIU_W_OMR,Family Planning,Reason for not intending to use contraception
FP_RNIU_W_OOP,Family Planning,Reason for not intending to use contraception
FP_RNIU_W_OPP,Family Planning,Reason for not intending to use contraception
FP_RNIU_W_OTH,Family Planning,Reason for not intending to use contraception
FP_RNIU_W_PPA,Family Planning,Reason for not intending to use contraception
FP_RNIU_W_REL,Family Planning,Reason for not intending to use contraception
FP_RNIU_W_ROP,Family Planning,Reason for not intending to use contraception
FP_RNIU_W_SBF,Family Planning,Reason for not intending to use contraception
FP_RNIU_W_SID,Family Planning,Reason for not intending to use contraception
FP_RNIU_W_SOP,Family Planning,Reason for not intending to use contraception
FP_RNIU_W_TOT,Family Planning,Reason for not intending to use contraception
FP_RNIU_W_UNK,Family Planning,Reason for not intending to use contraception
FP_RNIU_W_UNW,Family Planning,Reason for not intending to use contraception
FP_RNIU_W_WMC,Family Planning,Reason for not intending to use contraception
FP_SOCM_W_CON,Family Planning,Use of social marketing brand pills and condoms
FP_SOCM_W_NCN,Family Planning,Use of social marketing brand pills and condoms
FP_SOCM_W_NPL,Family Planning,Use of social marketing brand pills and condoms
FP_SOCM_W_PIL,Family Planning,Use of social marketing brand pills and condoms
FP_SOCM_W_UCN,Family Planning,Use of social marketing brand pills and condoms
FP_SOCM_W_UPL,Family Planning,Use of social marketing brand pills and condoms
FP_SPUS_W_DKM,Family Planning,Sayana Press use
FP_SPUS_W_NM1,Family Planning,Sayana Press use
FP_SPUS_W_NM2,Family Planning,Sayana Press use
FP_SPUS_W_SPH,Family Planning,Sayana Press use
FP_SPUS_W_SPS,Family Planning,Sayana Press use
FP_SPUS_W_SPU,Family Planning,Sayana Press use
FP_SPUS_W_TOT,Family Planning,Sayana Press use
FP_SPUS_W_UN1,Family Planning,Sayana Press use
FP_SPUS_W_UN2,Family Planning,Sayana Press use
FP_SRCM_W_CHH,Family Planning,Source of modern contraception methods
FP_SRCM_W_DKM,Family Planning,Source of modern contraception methods
FP_SRCM_W_FRR,Family Planning,Source of modern contraception methods
FP_SRCM_W_GFP,Family Planning,Source of modern contraception methods
FP_SRCM_W_GFW,Family Planning,Source of modern contraception methods
FP_SRCM_W_GHC,Family Planning,Source of modern contraception methods
FP_SRCM_W_GHS,Family Planning,Source of modern contraception methods
FP_SRCM_W_GMB,Family Planning,Source of modern contraception methods
FP_SRCM_W_GOT,Family Planning,Source of modern contraception methods
FP_SRCM_W_MIS,Family Planning,Source of modern contraception methods
FP_SRCM_W_NGH,Family Planning,Source of modern contraception methods
FP_SRCM_W_NGS,Family Planning,Source of modern contraception methods
FP_SRCM_W_NUM,Family Planning,Source of modern contraception methods
FP_SRCM_W_ONG,Family Planning,Source of modern contraception methods
FP_SRCM_W_OSR,Family Planning,Source of modern contraception methods
FP_SRCM_W_OTH,Family Planning,Source of modern contraception methods
FP_SRCM_W_PDR,Family Planning,Source of modern contraception methods
FP_SRCM_W_PFW,Family Planning,Source of modern contraception methods
FP_SRCM_W_PHS,Family Planning,Source of modern contraception methods
FP_SRCM_W_PMB,Family Planning,Source of modern contraception methods
FP_SRCM_W_POT,Family Planning,Source of modern contraception methods
FP_SRCM_W_PPH,Family Planning,Source of modern contraception methods
FP_SRCM_W_PRV,Family Planning,Source of modern contraception methods
FP_SRCM_W_PUB,Family Planning,Source of modern contraception methods
FP_SRCM_W_SHP,Family Planning,Source of modern contraception methods
FP_SRCM_W_TOT,Family Planning,Source of modern contraception methods
FP_SRCM_W_UNW,Family Planning,Source of modern contraception methods
HA_AATT_M_AAT,HIV/AIDS,Accepting attitudes toward those living with HIV/AIDS
HA_AATT_M_CRE,HIV/AIDS,Accepting attitudes toward those living with HIV/AIDS
HA_AATT_M_FTC,HIV/AIDS,Accepting attitudes toward those living with HIV/AIDS
HA_AATT_M_NUM,HIV/AIDS,Accepting attitudes toward those living with HIV/AIDS
HA_AATT_M_SEC,HIV/AIDS,Accepting attitudes toward those living with HIV/AIDS
HA_AATT_M_UNW,HIV/AIDS,Accepting attitudes toward those living with HIV/AIDS
HA_AATT_M_VEG,HIV/AIDS,Accepting attitudes toward those living with HIV/AIDS
HA_AATT_W_AAT,HIV/AIDS,Accepting attitudes toward those living with HIV/AIDS
HA_AATT_W_CRE,HIV/AIDS,Accepting attitudes toward those living with HIV/AIDS
HA_AATT_W_FTC,HIV/AIDS,Accepting attitudes toward those living with HIV/AIDS
HA_AATT_W_NUM,HIV/AIDS,Accepting attitudes toward those living with HIV/AIDS
HA_AATT_W_SEC,HIV/AIDS,Accepting attitudes toward those living with HIV/AIDS
HA_AATT_W_UNW,HIV/AIDS,Accepting attitudes toward those living with HIV/AIDS
HA_AATT_W_VEG,HIV/AIDS,Accepting attitudes toward those living with HIV/AIDS
HA_AFSY_M_A15,HIV/AIDS,Age at first sexual intercourse among young people
HA_AFSY_M_A18,HIV/AIDS,Age at first sexual intercourse among young people
HA_AFSY_M_NM1,HIV/AIDS,Age at first sexual intercourse among young people
HA_AFSY_M_NM2,HIV/AIDS,Age at first sexual intercourse among young people
HA_AFSY_M_UN1,HIV/AIDS,Age at first sexual intercourse among young people
HA_AFSY_M_UN2,HIV/AIDS,Age at first sexual intercourse among young people
HA_AFSY_W_A15,HIV/AIDS,Age at first sexual intercourse among young people
HA_AFSY_W_A18,HIV/AIDS,Age at first sexual intercourse among young people
HA_AFSY_W_NM1,HIV/AIDS,Age at first sexual intercourse among young people
HA_AFSY_W_NM2,HIV/AIDS,Age at first sexual intercourse among young people
HA_AFSY_W_UN1,HIV/AIDS,Age at first sexual intercourse among young people
HA_AFSY_W_UN2,HIV/AIDS,Age at first sexual intercourse among young people
HA_AMXY_M_M10,HIV/AIDS,Age-mixing in sexual relationships among young people
HA_AMXY_M_NUM,HIV/AIDS,Age-mixing in sexual relationships among young people
HA_AMXY_M_UNW,HIV/AIDS,Age-mixing in sexual relationships among young people
HA_AMXY_W_M10,HIV/AIDS,Age-mixing in sexual relationships among young people
HA_AMXY_W_NUM,HIV/AIDS,Age-mixing in sexual relationships among young people
HA_AMXY_W_UNW,HIV/AIDS,Age-mixing in sexual relationships among young people
HA_ANSS_M_CND,HIV/AIDS,Attitudes toward negotiating safer sexual relations with husband
HA_ANSS_M_NUM,HIV/AIDS,Attitudes toward negotiating safer sexual relations with husband
HA_ANSS_M_RSX,HIV/AIDS,Attitudes toward negotiating safer sexual relations with husband
HA_ANSS_M_UNW,HIV/AIDS,Attitudes toward negotiating safer sexual relations with husband
HA_ANSS_W_CND,HIV/AIDS,Attitudes toward negotiating safer sexual relations with husband
HA_ANSS_W_NUM,HIV/AIDS,Attitudes toward negotiating safer sexual relations with husband
HA_ANSS_W_RSX,HIV/AIDS,Attitudes toward negotiating safer sexual relations with husband
HA_ANSS_W_UNW,HIV/AIDS,Attitudes toward negotiating safer sexual relations with husband
HA_ASEC_M_AGR,HIV/AIDS,Adult support of education about condom use to prevent AIDS
HA_ASEC_M_NUM,HIV/AIDS,Adult support of education about condom use to prevent AIDS
HA_ASEC_M_UNW,HIV/AIDS,Adult support of education about condom use to prevent AIDS
HA_ASEC_W_AGR,HIV/AIDS,Adult support of education about condom use to prevent AIDS
HA_ASEC_W_NUM,HIV/AIDS,Adult support of education about condom use to prevent AIDS
HA_ASEC_W_UNW,HIV/AIDS,Adult support of education about condom use to prevent AIDS
HA_CATH_W_ATN,HIV/AIDS,Pregnant women counseled and tested for HIV
HA_CATH_W_ATR,HIV/AIDS,Pregnant women counseled and tested for HIV
HA_CATH_W_CSL,HIV/AIDS,Pregnant women counseled and tested for HIV
HA_CATH_W_CTR,HIV/AIDS,Pregnant women counseled and tested for HIV
HA_CATH_W_NRS,HIV/AIDS,Pregnant women counseled and tested for HIV
HA_CATH_W_NUM,HIV/AIDS,Pregnant women counseled and tested for HIV
HA_CATH_W_TNC,HIV/AIDS,Pregnant women counseled and tested for HIV
HA_CATH_W_TRC,HIV/AIDS,Pregnant women counseled and tested for HIV
HA_CATH_W_TRR,HIV/AIDS,Pregnant women counseled and tested for HIV
HA_CATH_W_UNW,HIV/AIDS,Pregnant women counseled and tested for HIV
HA_CHVT_B_ABI,HIV/AIDS,Coverage of survey HIV testing
HA_CHVT_B_ABN,HIV/AIDS,Coverage of survey HIV testing
HA_CHVT_B_DBI,HIV/AIDS,Coverage of survey HIV testing
HA_CHVT_B_DBN,HIV/AIDS,Coverage of survey HIV testing
HA_CHVT_B_NUM,HIV/AIDS,Coverage of survey HIV testing
HA_CHVT_B_OTI,HIV/AIDS,Coverage of survey HIV testing
HA_CHVT_B_OTN,HIV/AIDS,Coverage of survey HIV testing
HA_CHVT_B_RFI,HIV/AIDS,Coverage of survey HIV testing
HA_CHVT_B_RFN,HIV/AIDS,Coverage of survey HIV testing
HA_CHVT_B_TOT,HIV/AIDS,Coverage of survey HIV testing
HA_CHVT_B_UNW,HIV/AIDS,Coverage of survey HIV testing
HA_CHVT_M_ABI,HIV/AIDS,Coverage of survey HIV testing
HA_CHVT_M_ABN,HIV/AIDS,Coverage of survey HIV testing
HA_CHVT_M_DBI,HIV/AIDS,Coverage of survey HIV testing
HA_CHVT_M_DBN,HIV/AIDS,Coverage of survey HIV testing
HA_CHVT_M_NUM,HIV/AIDS,Coverage of survey HIV testing
HA_CHVT_M_OTI,HIV/AIDS,Coverage of survey HIV testing
HA_CHVT_M_OTN,HIV/AIDS,Coverage of survey HIV testing
HA_CHVT_M_RFI,HIV/AIDS,Coverage of survey HIV testing
HA_CHVT_M_RFN,HIV/AIDS,Coverage of survey HIV testing
HA_CHVT_M_TOT,HIV/AIDS,Coverage of survey HIV testing
HA_CHVT_M_UNW,HIV/AIDS,Coverage of survey HIV testing
HA_CHVT_W_ABI,HIV/AIDS,Coverage of survey HIV testing
HA_CHVT_W_ABN,HIV/AIDS,Coverage of survey HIV testing
HA_CHVT_W_DBI,HIV/AIDS,Coverage of survey HIV testing
HA_CHVT_W_DBN,HIV/AIDS,Coverage of survey HIV testing
HA_CHVT_W_NUM,HIV/AIDS,Coverage of survey HIV testing
HA_CHVT_W_OTI,HIV/AIDS,Coverage of survey HIV testing
HA_CHVT_W_OTN,HIV/AIDS,Coverage of survey HIV testing
HA_CHVT_W_RFI,HIV/AIDS,Coverage of survey HIV testing
HA_CHVT_W_RFN,HIV/AIDS,Coverage of survey HIV testing
HA_CHVT_W_TOT,HIV/AIDS,Coverage of survey HIV testing
HA_CHVT_W_UNW,HIV/AIDS,Coverage of survey HIV testing
HA_CKNA_M_CKA,HIV/AIDS,Comprehensive knowledge about AIDS
HA_CKNA_M_HLT,HIV/AIDS,Comprehensive knowledge about AIDS
HA_CKNA_M_KIS,HIV/AIDS,Comprehensive knowledge about AIDS
HA_CKNA_M_MOS,HIV/AIDS,Comprehensive knowledge about AIDS
HA_CKNA_M_NUM,HIV/AIDS,Comprehensive knowledge about AIDS
HA_CKNA_M_REJ,HIV/AIDS,Comprehensive knowledge about AIDS
HA_CKNA_M_SHR,HIV/AIDS,Comprehensive knowledge about AIDS
HA_CKNA_M_SUP,HIV/AIDS,Comprehensive knowledge about AIDS
HA_CKNA_M_UNW,HIV/AIDS,Comprehensive knowledge about AIDS
HA_CKNA_W_CKA,HIV/AIDS,Comprehensive knowledge about AIDS
HA_CKNA_W_HLT,HIV/AIDS,Comprehensive knowledge about AIDS
HA_CKNA_W_KIS,HIV/AIDS,Comprehensive knowledge about AIDS
HA_CKNA_W_MOS,HIV/AIDS,Comprehensive knowledge about AIDS
HA_CKNA_W_NUM,HIV/AIDS,Comprehensive knowledge about AIDS
HA_CKNA_W_REJ,HIV/AIDS,Comprehensive knowledge about AIDS
HA_CKNA_W_SHR,HIV/AIDS,Comprehensive knowledge about AIDS
HA_CKNA_W_SUP,HIV/AIDS,Comprehensive knowledge about AIDS
HA_CKNA_W_UNW,HIV/AIDS,Comprehensive knowledge about AIDS
HA_CKNY_M_CKA,HIV/AIDS,Comprehensive knowledge about AIDS and of a source of condoms among young people
HA_CKNY_M_KCN,HIV/AIDS,Comprehensive knowledge about AIDS and of a source of condoms among young people
HA_CKNY_M_NUM,HIV/AIDS,Comprehensive knowledge about AIDS and of a source of condoms among young people
HA_CKNY_M_UNW,HIV/AIDS,Comprehensive knowledge about AIDS and of a source of condoms among young people
HA_CKNY_W_CKA,HIV/AIDS,Comprehensive knowledge about AIDS and of a source of condoms among young people
HA_CKNY_W_KCN,HIV/AIDS,Comprehensive knowledge about AIDS and of a source of condoms among young people
HA_CKNY_W_NUM,HIV/AIDS,Comprehensive knowledge about AIDS and of a source of condoms among young people
HA_CKNY_W_UNW,HIV/AIDS,Comprehensive knowledge about AIDS and of a source of condoms among young people
HA_CONC_M_CNC,HIV/AIDS,Point prevalence and cumulative prevalence of concurrent sexual partners
HA_CONC_M_CPV,HIV/AIDS,Point prevalence and cumulative prevalence of concurrent sexual partners
HA_CONC_M_NM1,HIV/AIDS,Point prevalence and cumulative prevalence of concurrent sexual partners
HA_CONC_M_NUM,HIV/AIDS,Point prevalence and cumulative prevalence of concurrent sexual partners
HA_CONC_M_PPV,HIV/AIDS,Point prevalence and cumulative prevalence of concurrent sexual partners
HA_CONC_M_UN1,HIV/AIDS,Point prevalence and cumulative prevalence of concurrent sexual partners
HA_CONC_M_UNW,HIV/AIDS,Point prevalence and cumulative prevalence of concurrent sexual partners
HA_CONC_W_CNC,HIV/AIDS,Point prevalence and cumulative prevalence of concurrent sexual partners
HA_CONC_W_CPV,HIV/AIDS,Point prevalence and cumulative prevalence of concurrent sexual partners
HA_CONC_W_NM1,HIV/AIDS,Point prevalence and cumulative prevalence of concurrent sexual partners
HA_CONC_W_NUM,HIV/AIDS,Point prevalence and cumulative prevalence of concurrent sexual partners
HA_CONC_W_PPV,HIV/AIDS,Point prevalence and cumulative prevalence of concurrent sexual partners
HA_CONC_W_UN1,HIV/AIDS,Point prevalence and cumulative prevalence of concurrent sexual partners
HA_CONC_W_UNW,HIV/AIDS,Point prevalence and cumulative prevalence of concurrent sexual partners
HA_CPHT_M_ETN,HIV/AIDS,Coverage of prior HIV testing
HA_CPHT_M_ETR,HIV/AIDS,Coverage of prior HIV testing
HA_CPHT_M_EVT,HIV/AIDS,Coverage of prior HIV testing
HA_CPHT_M_KNW,HIV/AIDS,Coverage of prior HIV testing
HA_CPHT_M_NEV,HIV/AIDS,Coverage of prior HIV testing
HA_CPHT_M_NUM,HIV/AIDS,Coverage of prior HIV testing
HA_CPHT_M_T1R,HIV/AIDS,Coverage of prior HIV testing
HA_CPHT_M_TOT,HIV/AIDS,Coverage of prior HIV testing
HA_CPHT_M_UNW,HIV/AIDS,Coverage of prior HIV testing
HA_CPHT_W_ETN,HIV/AIDS,Coverage of prior HIV testing
HA_CPHT_W_ETR,HIV/AIDS,Coverage of prior HIV testing
HA_CPHT_W_EVT,HIV/AIDS,Coverage of prior HIV testing
HA_CPHT_W_KNW,HIV/AIDS,Coverage of prior HIV testing
HA_CPHT_W_NEV,HIV/AIDS,Coverage of prior HIV testing
HA_CPHT_W_NUM,HIV/AIDS,Coverage of prior HIV testing
HA_CPHT_W_T1R,HIV/AIDS,Coverage of prior HIV testing
HA_CPHT_W_TOT,HIV/AIDS,Coverage of prior HIV testing
HA_CPHT_W_UNW,HIV/AIDS,Coverage of prior HIV testing
HA_DATT_M_CSC,HIV/AIDS,Discriminatory attitudes toward those living with HIV/AIDS
HA_DATT_M_DIS,HIV/AIDS,Discriminatory attitudes toward those living with HIV/AIDS
HA_DATT_M_NVG,HIV/AIDS,Discriminatory attitudes toward those living with HIV/AIDS
HA_DATT_W_CSC,HIV/AIDS,Discriminatory attitudes toward those living with HIV/AIDS
HA_DATT_W_DIS,HIV/AIDS,Discriminatory attitudes toward those living with HIV/AIDS
HA_DATT_W_NVG,HIV/AIDS,Discriminatory attitudes toward those living with HIV/AIDS
HA_HIVP_B_HIV,HIV/AIDS,HIV prevalence
HA_HIVP_B_HVE,HIV/AIDS,HIV prevalence
HA_HIVP_B_HVL,HIV/AIDS,HIV prevalence
HA_HIVP_B_HVR,HIV/AIDS,HIV prevalence
HA_HIVP_B_HVU,HIV/AIDS,HIV prevalence
HA_HIVP_B_NUM,HIV/AIDS,HIV prevalence
HA_HIVP_B_UNW,HIV/AIDS,HIV prevalence
HA_HIVP_M_HIV,HIV/AIDS,HIV prevalence
HA_HIVP_M_HVE,HIV/AIDS,HIV prevalence
HA_HIVP_M_HVL,HIV/AIDS,HIV prevalence
HA_HIVP_M_HVR,HIV/AIDS,HIV prevalence
HA_HIVP_M_HVU,HIV/AIDS,HIV prevalence
HA_HIVP_M_NUM,HIV/AIDS,HIV prevalence
HA_HIVP_M_UNW,HIV/AIDS,HIV prevalence
HA_HIVP_W_HIV,HIV/AIDS,HIV prevalence
HA_HIVP_W_HVE,HIV/AIDS,HIV prevalence
HA_HIVP_W_HVL,HIV/AIDS,HIV prevalence
HA_HIVP_W_HVR,HIV/AIDS,HIV prevalence
HA_HIVP_W_HVU,HIV/AIDS,HIV prevalence
HA_HIVP_W_NUM,HIV/AIDS,HIV prevalence
HA_HIVP_W_UNW,HIV/AIDS,HIV prevalence
HA_HIVY_B_HIV,HIV/AIDS,HIV prevalence among young people
HA_HIVY_B_HVE,HIV/AIDS,HIV prevalence among young people
HA_HIVY_B_HVL,HIV/AIDS,HIV prevalence among young people
HA_HIVY_B_HVR,HIV/AIDS,HIV prevalence among young people
HA_HIVY_B_HVU,HIV/AIDS,HIV prevalence among young people
HA_HIVY_B_NUM,HIV/AIDS,HIV prevalence among young people
HA_HIVY_B_UNW,HIV/AIDS,HIV prevalence among young people
HA_HIVY_M_HIV,HIV/AIDS,HIV prevalence among young people
HA_HIVY_M_HVE,HIV/AIDS,HIV prevalence among young people
HA_HIVY_M_HVL,HIV/AIDS,HIV prevalence among young people
HA_HIVY_M_HVR,HIV/AIDS,HIV prevalence among young people
HA_HIVY_M_HVU,HIV/AIDS,HIV prevalence among young people
HA_HIVY_M_NUM,HIV/AIDS,HIV prevalence among young people
HA_HIVY_M_UNW,HIV/AIDS,HIV prevalence among young people
HA_HIVY_W_HIV,HIV/AIDS,HIV prevalence among young people
HA_HIVY_W_HVE,HIV/AIDS,HIV prevalence among young people
HA_HIVY_W_HVL,HIV/AIDS,HIV prevalence among young people
HA_HIVY_W_HVR,HIV/AIDS,HIV prevalence among young people
HA_HIVY_W_HVU,HIV/AIDS,HIV prevalence among young people
HA_HIVY_W_NUM,HIV/AIDS,HIV prevalence among young people
HA_HIVY_W_UNW,HIV/AIDS,HIV prevalence among young people
HA_HPAC_B_CNN,HIV/AIDS,HIV prevalence among couples
HA_HPAC_B_CNP,HIV/AIDS,HIV prevalence among couples
HA_HPAC_B_CPN,HIV/AIDS,HIV prevalence among couples
HA_HPAC_B_CPP,HIV/AIDS,HIV prevalence among couples
HA_HPAC_B_NUM,HIV/AIDS,HIV prevalence among couples
HA_HPAC_B_TOT,HIV/AIDS,HIV prevalence among couples
HA_HPAC_B_UNW,HIV/AIDS,HIV prevalence among couples
HA_HPMC_M_HVC,HIV/AIDS,HIV prevalence by male circumcision
HA_HPMC_M_HVU,HIV/AIDS,HIV prevalence by male circumcision
HA_HPMC_M_NM1,HIV/AIDS,HIV prevalence by male circumcision
HA_HPMC_M_NM2,HIV/AIDS,HIV prevalence by male circumcision
HA_HPMC_M_UN1,HIV/AIDS,HIV prevalence by male circumcision
HA_HPMC_M_UN2,HIV/AIDS,HIV prevalence by male circumcision
HA_HRSX_M_CND,HIV/AIDS,Higher risk sex
HA_HRSX_M_HRS,HIV/AIDS,Higher risk sex
HA_HRSX_M_NM1,HIV/AIDS,Higher risk sex
HA_HRSX_M_NM2,HIV/AIDS,Higher risk sex
HA_HRSX_M_UN1,HIV/AIDS,Higher risk sex
HA_HRSX_M_UN2,HIV/AIDS,Higher risk sex
HA_HRSX_W_CND,HIV/AIDS,Higher risk sex
HA_HRSX_W_HRS,HIV/AIDS,Higher risk sex
HA_HRSX_W_NM1,HIV/AIDS,Higher risk sex
HA_HRSX_W_NM2,HIV/AIDS,Higher risk sex
HA_HRSX_W_UN1,HIV/AIDS,Higher risk sex
HA_HRSX_W_UN2,HIV/AIDS,Higher risk sex
HA_HVST_M_HRD,HIV/AIDS,Knowledge and coverage of self-testing for HIV
HA_HVST_M_NUM,HIV/AIDS,Knowledge and coverage of self-testing for HIV
HA_HVST_M_UNW,HIV/AIDS,Knowledge and coverage of self-testing for HIV
HA_HVST_M_USD,HIV/AIDS,Knowledge and coverage of self-testing for HIV
HA_HVST_W_HRD,HIV/AIDS,Knowledge and coverage of self-testing for HIV
HA_HVST_W_NUM,HIV/AIDS,Knowledge and coverage of self-testing for HIV
HA_HVST_W_UNW,HIV/AIDS,Knowledge and coverage of self-testing for HIV
HA_HVST_W_USD,HIV/AIDS,Knowledge and coverage of self-testing for HIV
HA_HVTY_M_NUM,HIV/AIDS,Recent HIV tests among young people
HA_HVTY_M_TRR,HIV/AIDS,Recent HIV tests among young people
HA_HVTY_M_UNW,HIV/AIDS,Recent HIV tests among young people
HA_HVTY_W_NUM,HIV/AIDS,Recent HIV tests among young people
HA_HVTY_W_TRR,HIV/AIDS,Recent HIV tests among young people
HA_HVTY_W_UNW,HIV/AIDS,Recent HIV tests among young people
HA_KAID_M_HRD,HIV/AIDS,Knowledge of AIDS
HA_KAID_M_NUM,HIV/AIDS,Knowledge of AIDS
HA_KAID_M_UNW,HIV/AIDS,Knowledge of AIDS
HA_KAID_W_HRD,HIV/AIDS,Knowledge of AIDS
HA_KAID_W_NUM,HIV/AIDS,Knowledge of AIDS
HA_KAID_W_UNW,HIV/AIDS,Knowledge of AIDS
HA_KHVP_M_CND,HIV/AIDS,Knowledge of HIV prevention methods
HA_KHVP_M_CS1,HIV/AIDS,Knowledge of HIV prevention methods
HA_KHVP_M_NUM,HIV/AIDS,Knowledge of HIV prevention methods
HA_KHVP_M_SX1,HIV/AIDS,Knowledge of HIV prevention methods
HA_KHVP_M_UNW,HIV/AIDS,Knowledge of HIV prevention methods
HA_KHVP_W_CND,HIV/AIDS,Knowledge of HIV prevention methods
HA_KHVP_W_CS1,HIV/AIDS,Knowledge of HIV prevention methods
HA_KHVP_W_NUM,HIV/AIDS,Knowledge of HIV prevention methods
HA_KHVP_W_SX1,HIV/AIDS,Knowledge of HIV prevention methods
HA_KHVP_W_UNW,HIV/AIDS,Knowledge of HIV prevention methods
HA_KMTC_M_BFD,HIV/AIDS,Knowledge of prevention of mother-to-child transmission of HIV
HA_KMTC_M_BRF,HIV/AIDS,Knowledge of prevention of mother-to-child transmission of HIV
HA_KMTC_M_DLV,HIV/AIDS,Knowledge of prevention of mother-to-child transmission of HIV
HA_KMTC_M_DRG,HIV/AIDS,Knowledge of prevention of mother-to-child transmission of HIV
HA_KMTC_M_NUM,HIV/AIDS,Knowledge of prevention of mother-to-child transmission of HIV
HA_KMTC_M_PDB,HIV/AIDS,Knowledge of prevention of mother-to-child transmission of HIV
HA_KMTC_M_PRG,HIV/AIDS,Knowledge of prevention of mother-to-child transmission of HIV
HA_KMTC_M_UNW,HIV/AIDS,Knowledge of prevention of mother-to-child transmission of HIV
HA_KMTC_W_BFD,HIV/AIDS,Knowledge of prevention of mother-to-child transmission of HIV
HA_KMTC_W_BRF,HIV/AIDS,Knowledge of prevention of mother-to-child transmission of HIV
HA_KMTC_W_DLV,HIV/AIDS,Knowledge of prevention of mother-to-child transmission of HIV
HA_KMTC_W_DRG,HIV/AIDS,Knowledge of prevention of mother-to-child transmission of HIV
HA_KMTC_W_NUM,HIV/AIDS,Knowledge of prevention of mother-to-child transmission of HIV
HA_KMTC_W_PDB,HIV/AIDS,Knowledge of prevention of mother-to-child transmission of HIV
HA_KMTC_W_PRG,HIV/AIDS,Knowledge of prevention of mother-to-child transmission of HIV
HA_KMTC_W_UNW,HIV/AIDS,Knowledge of prevention of mother-to-child transmission of HIV
HA_MCRC_M_DKM,HIV/AIDS,Male circumcision
HA_MCRC_M_HWP,HIV/AIDS,Male circumcision
HA_MCRC_M_MCC,HIV/AIDS,Male circumcision
HA_MCRC_M_NCC,HIV/AIDS,Male circumcision
HA_MCRC_M_NUM,HIV/AIDS,Male circumcision
HA_MCRC_M_OTH,HIV/AIDS,Male circumcision
HA_MCRC_M_TOT,HIV/AIDS,Male circumcision
HA_MCRC_M_TRP,HIV/AIDS,Male circumcision
HA_MCRC_M_UNW,HIV/AIDS,Male circumcision
HA_MINJ_M_INJ,HIV/AIDS,Prevalence of medical injections
HA_MINJ_M_MNI,HIV/AIDS,Prevalence of medical injections
HA_MINJ_M_NEW,HIV/AIDS,Prevalence of medical injections
HA_MINJ_M_NM1,HIV/AIDS,Prevalence of medical injections
HA_MINJ_M_NUM,HIV/AIDS,Prevalence of medical injections
HA_MINJ_M_UN1,HIV/AIDS,Prevalence of medical injections
HA_MINJ_M_UNW,HIV/AIDS,Prevalence of medical injections
HA_MINJ_W_INJ,HIV/AIDS,Prevalence of medical injections
HA_MINJ_W_MNI,HIV/AIDS,Prevalence of medical injections
HA_MINJ_W_NEW,HIV/AIDS,Prevalence of medical injections
HA_MINJ_W_NM1,HIV/AIDS,Prevalence of medical injections
HA_MINJ_W_NUM,HIV/AIDS,Prevalence of medical injections
HA_MINJ_W_UN1,HIV/AIDS,Prevalence of medical injections
HA_MINJ_W_UNW,HIV/AIDS,Prevalence of medical injections
HA_MSPY_M_2PP,HIV/AIDS,Multiple sexual partners in the past 12 months among young people
HA_MSPY_M_2PS,HIV/AIDS,Multiple sexual partners in the past 12 months among young people
HA_MSPY_M_CND,HIV/AIDS,Multiple sexual partners in the past 12 months among young people
HA_MSPY_M_NCP,HIV/AIDS,Multiple sexual partners in the past 12 months among young people
HA_MSPY_M_NM1,HIV/AIDS,Multiple sexual partners in the past 12 months among young people
HA_MSPY_M_NM2,HIV/AIDS,Multiple sexual partners in the past 12 months among young people
HA_MSPY_M_NUM,HIV/AIDS,Multiple sexual partners in the past 12 months among young people
HA_MSPY_M_UN1,HIV/AIDS,Multiple sexual partners in the past 12 months among young people
HA_MSPY_M_UN2,HIV/AIDS,Multiple sexual partners in the past 12 months among young people
HA_MSPY_M_UNW,HIV/AIDS,Multiple sexual partners in the past 12 months among young people
HA_MSPY_W_2PP,HIV/AIDS,Multiple sexual partners in the past 12 months among young people
HA_MSPY_W_2PS,HIV/AIDS,Multiple sexual partners in the past 12 months among young people
HA_MSPY_W_CND,HIV/AIDS,Multiple sexual partners in the past 12 months among young people
HA_MSPY_W_NCP,HIV/AIDS,Multiple sexual partners in the past 12 months among young people
HA_MSPY_W_NM1,HIV/AIDS,Multiple sexual partners in the past 12 months among young people
HA_MSPY_W_NM2,HIV/AIDS,Multiple sexual partners in the past 12 months among young people
HA_MSPY_W_NM3,HIV/AIDS,Multiple sexual partners in the past 12 months among young people
HA_MSPY_W_UN1,HIV/AIDS,Multiple sexual partners in the past 12 months among young people
HA_MSPY_W_UN2,HIV/AIDS,Multiple sexual partners in the past 12 months among young people
HA_MSPY_W_UN3,HIV/AIDS,Multiple sexual partners in the past 12 months among young people
HA_MSXP_M_2PP,HIV/AIDS,Multiple sexual partners
HA_MSXP_M_CND,HIV/AIDS,Multiple sexual partners
HA_MSXP_M_MNP,HIV/AIDS,Multiple sexual partners
HA_MSXP_M_NCP,HIV/AIDS,Multiple sexual partners
HA_MSXP_M_NM1,HIV/AIDS,Multiple sexual partners
HA_MSXP_M_NM2,HIV/AIDS,Multiple sexual partners
HA_MSXP_M_NM3,HIV/AIDS,Multiple sexual partners
HA_MSXP_M_UN1,HIV/AIDS,Multiple sexual partners
HA_MSXP_M_UN2,HIV/AIDS,Multiple sexual partners
HA_MSXP_M_UN3,HIV/AIDS,Multiple sexual partners
HA_MSXP_W_2PP,HIV/AIDS,Multiple sexual partners
HA_MSXP_W_CND,HIV/AIDS,Multiple sexual partners
HA_MSXP_W_MNP,HIV/AIDS,Multiple sexual partners
HA_MSXP_W_NCP,HIV/AIDS,Multiple sexual partners
HA_MSXP_W_NM1,HIV/AIDS,Multiple sexual partners
HA_MSXP_W_NM2,HIV/AIDS,Multiple sexual partners
HA_MSXP_W_NM3,HIV/AIDS,Multiple sexual partners
HA_MSXP_W_UN1,HIV/AIDS,Multiple sexual partners
HA_MSXP_W_UN2,HIV/AIDS,Multiple sexual partners
HA_MSXP_W_UN3,HIV/AIDS,Multiple sexual partners
HA_PHVT_B_DKM,HIV/AIDS,Prior HIV testing by current HIV status
HA_PHVT_B_NPT,HIV/AIDS,Prior HIV testing by current HIV status
HA_PHVT_B_NUM,HIV/AIDS,Prior HIV testing by current HIV status
HA_PHVT_B_PTD,HIV/AIDS,Prior HIV testing by current HIV status
HA_PHVT_B_PTN,HIV/AIDS,Prior HIV testing by current HIV status
HA_PHVT_B_PTR,HIV/AIDS,Prior HIV testing by current HIV status
HA_PHVT_B_TOT,HIV/AIDS,Prior HIV testing by current HIV status
HA_PHVT_B_UNW,HIV/AIDS,Prior HIV testing by current HIV status
HA_PHVT_M_DKM,HIV/AIDS,Prior HIV testing by current HIV status
HA_PHVT_M_NPT,HIV/AIDS,Prior HIV testing by current HIV status
HA_PHVT_M_NU1,HIV/AIDS,Prior HIV testing by current HIV status
HA_PHVT_M_PTD,HIV/AIDS,Prior HIV testing by current HIV status
HA_PHVT_M_PTN,HIV/AIDS,Prior HIV testing by current HIV status
HA_PHVT_M_PTR,HIV/AIDS,Prior HIV testing by current HIV status
HA_PHVT_M_TO1,HIV/AIDS,Prior HIV testing by current HIV status
HA_PHVT_M_UN1,HIV/AIDS,Prior HIV testing by current HIV status
HA_PHVT_W_DKM,HIV/AIDS,Prior HIV testing by current HIV status
HA_PHVT_W_NPT,HIV/AIDS,Prior HIV testing by current HIV status
HA_PHVT_W_NU1,HIV/AIDS,Prior HIV testing by current HIV status
HA_PHVT_W_PTD,HIV/AIDS,Prior HIV testing by current HIV status
HA_PHVT_W_PTN,HIV/AIDS,Prior HIV testing by current HIV status
HA_PHVT_W_PTR,HIV/AIDS,Prior HIV testing by current HIV status
HA_PHVT_W_TO1,HIV/AIDS,Prior HIV testing by current HIV status
HA_PHVT_W_UN1,HIV/AIDS,Prior HIV testing by current HIV status
HA_PSXY_M_CND,HIV/AIDS,Premarital sexual intercourse and condom use during premarital sexual intercourse among young people
HA_PSXY_M_NM1,HIV/AIDS,Premarital sexual intercourse and condom use during premarital sexual intercourse among young people
HA_PSXY_M_NSX,HIV/AIDS,Premarital sexual intercourse and condom use during premarital sexual intercourse among young people
HA_PSXY_M_NUM,HIV/AIDS,Premarital sexual intercourse and condom use during premarital sexual intercourse among young people
HA_PSXY_M_SX1,HIV/AIDS,Premarital sexual intercourse and condom use during premarital sexual intercourse among young people
HA_PSXY_M_UN1,HIV/AIDS,Premarital sexual intercourse and condom use during premarital sexual intercourse among young people
HA_PSXY_M_UNW,HIV/AIDS,Premarital sexual intercourse and condom use during premarital sexual intercourse among young people
HA_PSXY_W_CND,HIV/AIDS,Premarital sexual intercourse and condom use during premarital sexual intercourse among young people
HA_PSXY_W_NM1,HIV/AIDS,Premarital sexual intercourse and condom use during premarital sexual intercourse among young people
HA_PSXY_W_NSX,HIV/AIDS,Premarital sexual intercourse and condom use during premarital sexual intercourse among young people
HA_PSXY_W_NUM,HIV/AIDS,Premarital sexual intercourse and condom use during premarital sexual intercourse among young people
HA_PSXY_W_SX1,HIV/AIDS,Premarital sexual intercourse and condom use during premarital sexual intercourse among young people
HA_PSXY_W_UN1,HIV/AIDS,Premarital sexual intercourse and condom use during premarital sexual intercourse among young people
HA_PSXY_W_UNW,HIV/AIDS,Premarital sexual intercourse and condom use during premarital sexual intercourse among young people
HA_PYSX_M_CLS,HIV/AIDS,Payment for sexual intercourse and condom use at last paid sexual intercourse
HA_PYSX_M_EPD,HIV/AIDS,Payment for sexual intercourse and condom use at last paid sexual intercourse
HA_PYSX_M_NM1,HIV/AIDS,Payment for sexual intercourse and condom use at last paid sexual intercourse
HA_PYSX_M_NUM,HIV/AIDS,Payment for sexual intercourse and condom use at last paid sexual intercourse
HA_PYSX_M_PD1,HIV/AIDS,Payment for sexual intercourse and condom use at last paid sexual intercourse
HA_PYSX_M_UN1,HIV/AIDS,Payment for sexual intercourse and condom use at last paid sexual intercourse
HA_PYSX_M_UNW,HIV/AIDS,Payment for sexual intercourse and condom use at last paid sexual intercourse
HA_STIS_M_AST,HIV/AIDS,Self-reported prevalence of STIs and symptoms
HA_STIS_M_DIS,HIV/AIDS,Self-reported prevalence of STIs and symptoms
HA_STIS_M_NUM,HIV/AIDS,Self-reported prevalence of STIs and symptoms
HA_STIS_M_SOR,HIV/AIDS,Self-reported prevalence of STIs and symptoms
HA_STIS_M_STI,HIV/AIDS,Self-reported prevalence of STIs and symptoms
HA_STIS_M_UNW,HIV/AIDS,Self-reported prevalence of STIs and symptoms
HA_STIS_W_AST,HIV/AIDS,Self-reported prevalence of STIs and symptoms
HA_STIS_W_DIS,HIV/AIDS,Self-reported prevalence of STIs and symptoms
HA_STIS_W_NUM,HIV/AIDS,Self-reported prevalence of STIs and symptoms
HA_STIS_W_SOR,HIV/AIDS,Self-reported prevalence of STIs and symptoms
HA_STIS_W_STI,HIV/AIDS,Self-reported prevalence of STIs and symptoms
HA_STIS_W_UNW,HIV/AIDS,Self-reported prevalence of STIs and symptoms
HA_STSC_M_DEN,HIV/AIDS,Source of advice or treatment for STIs
HA_STSC_M_MED,HIV/AIDS,Source of advice or treatment for STIs
HA_STSC_M_NON,HIV/AIDS,Source of advice or treatment for STIs
HA_STSC_M_NUM,HIV/AIDS,Source of advice or treatment for STIs
HA_STSC_M_OTH,HIV/AIDS,Source of advice or treatment for STIs
HA_STSC_M_SHP,HIV/AIDS,Source of advice or treatment for STIs
HA_STSC_W_DEN,HIV/AIDS,Source of advice or treatment for STIs
HA_STSC_W_MED,HIV/AIDS,Source of advice or treatment for STIs
HA_STSC_W_NON,HIV/AIDS,Source of advice or treatment for STIs
HA_STSC_W_NUM,HIV/AIDS,Source of advice or treatment for STIs
HA_STSC_W_OTH,HIV/AIDS,Source of advice or treatment for STIs
HA_STSC_W_SHP,HIV/AIDS,Source of advice or treatment for STIs
HC_AGEG_P_004,Household Characteristics,Age of population
HC_AGEG_P_014,Household Characteristics,Age of population
HC_AGEG_P_059,Household Characteristics,Age of population
HC_AGEG_P_104,Household Characteristics,Age of population
HC_AGEG_P_159,Household Characteristics,Age of population
HC_AGEG_P_204,Household Characteristics,Age of population
HC_AGEG_P_259,Household Characteristics,Age of population
HC_AGEG_P_304,Household Characteristics,Age of population
HC_AGEG_P_359,Household Characteristics,Age of population
HC_AGEG_P_404,Household Characteristics,Age of population
HC_AGEG_P_459,Household Characteristics,Age of population
HC_AGEG_P_504,Household Characteristics,Age of population
HC_AGEG_P_559,Household Characteristics,Age of population
HC_AGEG_P_604,Household Characteristics,Age of population
HC_AGEG_P_659,Household Characteristics,Age of population
HC_AGEG_P_704,Household Characteristics,Age of population
HC_AGEG_P_759,Household Characteristics,Age of population
HC_AGEG_P_80P,Household Characteristics,Age of population
HC_AGEG_P_ADL,Household Characteristics,Age of population
HC_AGEG_P_ADT,Household Characteristics,Age of population
HC_AGEG_P_CHL,Household Characteristics,Age of population
HC_AGEG_P_DK1,Household Characteristics,Age of population
HC_AGEG_P_DK2,Household Characteristics,Age of population
HC_AGEG_P_DKM,Household Characteristics,Age of population
HC_AGEG_P_NUM,Household Characteristics,Age of population
HC_AGEG_P_SNR,Household Characteristics,Age of population
HC_AGEG_P_TOT,Household Characteristics,Age of population
HC_AGEG_P_UNW,Household Characteristics,Age of population
HC_AGEG_P_WRK,Household Characteristics,Age of population
HC_AGON_H_ANM,Household Characteristics,Agricultural ownership
HC_AGON_H_LND,Household Characteristics,Agricultural ownership
HC_CHAR_H_NUM,Household Characteristics,Household characteristics
HC_CHAR_H_TOT,Household Characteristics,Household characteristics
HC_CHAR_H_UNW,Household Characteristics,Household characteristics
HC_CHAR_P_NUM,Household Characteristics,Household characteristics
HC_CHAR_P_TOT,Household Characteristics,Household characteristics
HC_CHAR_P_UNW,Household Characteristics,Household characteristics
HC_CKFL_H_AGR,Household Characteristics,Cooking fuel
HC_CKFL_H_BMS,Household Characteristics,Cooking fuel
HC_CKFL_H_CHR,Household Characteristics,Cooking fuel
HC_CKFL_H_CLN,Household Characteristics,Cooking fuel
HC_CKFL_H_COL,Household Characteristics,Cooking fuel
HC_CKFL_H_DKM,Household Characteristics,Cooking fuel
HC_CKFL_H_DNG,Household Characteristics,Cooking fuel
HC_CKFL_H_ELC,Household Characteristics,Cooking fuel
HC_CKFL_H_GAS,Household Characteristics,Cooking fuel
HC_CKFL_H_GBP,Household Characteristics,Cooking fuel
HC_CKFL_H_KER,Household Characteristics,Cooking fuel
HC_CKFL_H_LPG,Household Characteristics,Cooking fuel
HC_CKFL_H_NFD,Household Characteristics,Cooking fuel
HC_CKFL_H_OTH,Household Characteristics,Cooking fuel
HC_CKFL_H_SLD,Household Characteristics,Cooking fuel
HC_CKFL_H_STR,Household Characteristics,Cooking fuel
HC_CKFL_H_SWD,Household Characteristics,Cooking fuel
HC_CKFL_H_WOD,Household Characteristics,Cooking fuel
HC_CKFL_P_AGR,Household Characteristics,Cooking fuel
HC_CKFL_P_BMS,Household Characteristics,Cooking fuel
HC_CKFL_P_CHR,Household Characteristics,Cooking fuel
HC_CKFL_P_CLN,Household Characteristics,Cooking fuel
HC_CKFL_P_COL,Household Characteristics,Cooking fuel
HC_CKFL_P_DKM,Household Characteristics,Cooking fuel
HC_CKFL_P_DNG,Household Characteristics,Cooking fuel
HC_CKFL_P_ELC,Household Characteristics,Cooking fuel
HC_CKFL_P_GAS,Household Characteristics,Cooking fuel
HC_CKFL_P_GBP,Household Characteristics,Cooking fuel
HC_CKFL_P_KER,Household Characteristics,Cooking fuel
HC_CKFL_P_LPG,Household Characteristics,Cooking fuel
HC_CKFL_P_NFD,Household Characteristics,Cooking fuel
HC_CKFL_P_OTH,Household Characteristics,Cooking fuel
HC_CKFL_P_SLD,Household Characteristics,Cooking fuel
HC_CKFL_P_STR,Household Characteristics,Cooking fuel
HC_CKFL_P_SWD,Household Characteristics,Cooking fuel
HC_CKFL_P_WOD,Household Characteristics,Cooking fuel
HC_CKPL_H_DKM,Household Characteristics,Place for cooking
HC_CKPL_H_HSE,Household Characteristics,Place for cooking
HC_CKPL_H_KIT,Household Characteristics,Place for cooking
HC_CKPL_H_KMS,Household Characteristics,Place for cooking
HC_CKPL_H_NFD,Household Characteristics,Place for cooking
HC_CKPL_H_NKT,Household Characteristics,Place for cooking
HC_CKPL_H_OTH,Household Characteristics,Place for cooking
HC_CKPL_H_OUT,Household Characteristics,Place for cooking
HC_CKPL_H_SEP,Household Characteristics,Place for cooking
HC_CKPL_P_DKM,Household Characteristics,Place for cooking
HC_CKPL_P_HSE,Household Characteristics,Place for cooking
HC_CKPL_P_KIT,Household Characteristics,Place for cooking
HC_CKPL_P_KMS,Household Characteristics,Place for cooking
HC_CKPL_P_NFD,Household Characteristics,Place for cooking
HC_CKPL_P_NKT,Household Characteristics,Place for cooking
HC_CKPL_P_OTH,Household Characteristics,Place for cooking
HC_CKPL_P_OUT,Household Characteristics,Place for cooking
HC_CKPL_P_SEP,Household Characteristics,Place for cooking
HC_CKTC_H_3SO,Household Characteristics,Cooking technology
HC_CKTC_H_BIO,Household Characteristics,Cooking technology
HC_CKTC_H_CFT,Household Characteristics,Cooking technology
HC_CKTC_H_DKM,Household Characteristics,Cooking technology
HC_CKTC_H_ELC,Household Characteristics,Cooking technology
HC_CKTC_H_LFA,Household Characteristics,Cooking technology
HC_CKTC_H_LFN,Household Characteristics,Cooking technology
HC_CKTC_H_LPG,Household Characteristics,Cooking technology
HC_CKTC_H_MSC,Household Characteristics,Cooking technology
HC_CKTC_H_MSF,Household Characteristics,Cooking technology
HC_CKTC_H_MSW,Household Characteristics,Cooking technology
HC_CKTC_H_NAT,Household Characteristics,Cooking technology
HC_CKTC_H_NFD,Household Characteristics,Cooking technology
HC_CKTC_H_NUM,Household Characteristics,Cooking technology
HC_CKTC_H_OFT,Household Characteristics,Cooking technology
HC_CKTC_H_OTH,Household Characteristics,Cooking technology
HC_CKTC_H_SOL,Household Characteristics,Cooking technology
HC_CKTC_H_TOT,Household Characteristics,Cooking technology
HC_CKTC_H_TSC,Household Characteristics,Cooking technology
HC_CKTC_H_TSF,Household Characteristics,Cooking technology
HC_CKTC_H_TSW,Household Characteristics,Cooking technology
HC_CKTC_H_UNW,Household Characteristics,Cooking technology
HC_CKTC_P_3SO,Household Characteristics,Cooking technology
HC_CKTC_P_BIO,Household Characteristics,Cooking technology
HC_CKTC_P_CFT,Household Characteristics,Cooking technology
HC_CKTC_P_DKM,Household Characteristics,Cooking technology
HC_CKTC_P_ELC,Household Characteristics,Cooking technology
HC_CKTC_P_LFA,Household Characteristics,Cooking technology
HC_CKTC_P_LFN,Household Characteristics,Cooking technology
HC_CKTC_P_LPG,Household Characteristics,Cooking technology
HC_CKTC_P_MSC,Household Characteristics,Cooking technology
HC_CKTC_P_MSF,Household Characteristics,Cooking technology
HC_CKTC_P_MSW,Household Characteristics,Cooking technology
HC_CKTC_P_NAT,Household Characteristics,Cooking technology
HC_CKTC_P_NFD,Household Characteristics,Cooking technology
HC_CKTC_P_NUM,Household Characteristics,Cooking technology
HC_CKTC_P_OFT,Household Characteristics,Cooking technology
HC_CKTC_P_OTH,Household Characteristics,Cooking technology
HC_CKTC_P_SOL,Household Characteristics,Cooking technology
HC_CKTC_P_TOT,Household Characteristics,Cooking technology
HC_CKTC_P_TSC,Household Characteristics,Cooking technology
HC_CKTC_P_TSF,Household Characteristics,Cooking technology
HC_CKTC_P_TSW,Household Characteristics,Cooking technology
HC_CKTC_P_UNW,Household Characteristics,Cooking technology
HC_CLFT_P_CFA,Household Characteristics,Clean fuels and technologies
HC_CLFT_P_CFC,Household Characteristics,Clean fuels and technologies
HC_CLFT_P_CFH,Household Characteristics,Clean fuels and technologies
HC_CLFT_P_CFL,Household Characteristics,Clean fuels and technologies
HC_CLFT_P_NMA,Household Characteristics,Clean fuels and technologies
HC_CLFT_P_NMC,Household Characteristics,Clean fuels and technologies
HC_CLFT_P_NMH,Household Characteristics,Clean fuels and technologies
HC_CLFT_P_NML,Household Characteristics,Clean fuels and technologies
HC_CLFT_P_SFC,Household Characteristics,Clean fuels and technologies
HC_CLFT_P_UNA,Household Characteristics,Clean fuels and technologies
HC_CLFT_P_UNC,Household Characteristics,Clean fuels and technologies
HC_CLFT_P_UNH,Household Characteristics,Clean fuels and technologies
HC_CLFT_P_UNL,Household Characteristics,Clean fuels and technologies
HC_ELEC_H_DKM,Household Characteristics,Electricity
HC_ELEC_H_ELC,Household Characteristics,Electricity
HC_ELEC_H_NEL,Household Characteristics,Electricity
HC_ELEC_P_DKM,Household Characteristics,Electricity
HC_ELEC_P_ELC,Household Characteristics,Electricity
HC_ELEC_P_NEL,Household Characteristics,Electricity
HC_FLRM_H_CEM,Household Characteristics,Flooring material
HC_FLRM_H_CER,Household Characteristics,Flooring material
HC_FLRM_H_CPT,Household Characteristics,Flooring material
HC_FLRM_H_DKM,Household Characteristics,Flooring material
HC_FLRM_H_DNG,Household Characteristics,Flooring material
HC_FLRM_H_ETH,Household Characteristics,Flooring material
HC_FLRM_H_FIN,Household Characteristics,Flooring material
HC_FLRM_H_NAT,Household Characteristics,Flooring material
HC_FLRM_H_OTH,Household Characteristics,Flooring material
HC_FLRM_H_OTR,Household Characteristics,Flooring material
HC_FLRM_H_PLM,Household Characteristics,Flooring material
HC_FLRM_H_PQT,Household Characteristics,Flooring material
HC_FLRM_H_RUD,Household Characteristics,Flooring material
HC_FLRM_H_VIN,Household Characteristics,Flooring material
HC_FLRM_H_WDP,Household Characteristics,Flooring material
HC_FLRM_P_CEM,Household Characteristics,Flooring material
HC_FLRM_P_CER,Household Characteristics,Flooring material
HC_FLRM_P_CPT,Household Characteristics,Flooring material
HC_FLRM_P_DKM,Household Characteristics,Flooring material
HC_FLRM_P_DNG,Household Characteristics,Flooring material
HC_FLRM_P_ETH,Household Characteristics,Flooring material
HC_FLRM_P_FIN,Household Characteristics,Flooring material
HC_FLRM_P_NAT,Household Characteristics,Flooring material
HC_FLRM_P_OTH,Household Characteristics,Flooring material
HC_FLRM_P_OTR,Household Characteristics,Flooring material
HC_FLRM_P_PLM,Household Characteristics,Flooring material
HC_FLRM_P_PQT,Household Characteristics,Flooring material
HC_FLRM_P_RUD,Household Characteristics,Flooring material
HC_FLRM_P_VIN,Household Characteristics,Flooring material
HC_FLRM_P_WDP,Household Characteristics,Flooring material
HC_HEFF_H_CMP,Household Characteristics,Household effects
HC_HEFF_H_FRG,Household Characteristics,Household effects
HC_HEFF_H_MPH,Household Characteristics,Household effects
HC_HEFF_H_NPH,Household Characteristics,Household effects
HC_HEFF_H_NUM,Household Characteristics,Household effects
HC_HEFF_H_RDO,Household Characteristics,Household effects
HC_HEFF_H_TLV,Household Characteristics,Household effects
HC_HEFF_H_UNW,Household Characteristics,Household effects
HC_HHHD_H_DKM,Household Characteristics,Household headship
HC_HHHD_H_FEM,Household Characteristics,Household headship
HC_HHHD_H_MAL,Household Characteristics,Household headship
HC_HHHD_H_TOT,Household Characteristics,Household headship
HC_HTFL_H_AGR,Household Characteristics,Heating fuel
HC_HTFL_H_ALC,Household Characteristics,Heating fuel
HC_HTFL_H_BIO,Household Characteristics,Heating fuel
HC_HTFL_H_BMS,Household Characteristics,Heating fuel
HC_HTFL_H_CFT,Household Characteristics,Heating fuel
HC_HTFL_H_CHR,Household Characteristics,Heating fuel
HC_HTFL_H_CHT,Household Characteristics,Heating fuel
HC_HTFL_H_COL,Household Characteristics,Heating fuel
HC_HTFL_H_DNG,Household Characteristics,Heating fuel
HC_HTFL_H_ELC,Household Characteristics,Heating fuel
HC_HTFL_H_GBP,Household Characteristics,Heating fuel
HC_HTFL_H_GDS,Household Characteristics,Heating fuel
HC_HTFL_H_KER,Household Characteristics,Heating fuel
HC_HTFL_H_LPG,Household Characteristics,Heating fuel
HC_HTFL_H_NAT,Household Characteristics,Heating fuel
HC_HTFL_H_NON,Household Characteristics,Heating fuel
HC_HTFL_H_NUM,Household Characteristics,Heating fuel
HC_HTFL_H_OTH,Household Characteristics,Heating fuel
HC_HTFL_H_SOL,Household Characteristics,Heating fuel
HC_HTFL_H_STR,Household Characteristics,Heating fuel
HC_HTFL_H_SWD,Household Characteristics,Heating fuel
HC_HTFL_H_TOT,Household Characteristics,Heating fuel
HC_HTFL_H_UNW,Household Characteristics,Heating fuel
HC_HTFL_H_WOD,Household Characteristics,Heating fuel
HC_HTFL_P_AGR,Household Characteristics,Heating fuel
HC_HTFL_P_ALC,Household Characteristics,Heating fuel
HC_HTFL_P_BIO,Household Characteristics,Heating fuel
HC_HTFL_P_BMS,Household Characteristics,Heating fuel
HC_HTFL_P_CFT,Household Characteristics,Heating fuel
HC_HTFL_P_CHR,Household Characteristics,Heating fuel
HC_HTFL_P_CHT,Household Characteristics,Heating fuel
HC_HTFL_P_COL,Household Characteristics,Heating fuel
HC_HTFL_P_DNG,Household Characteristics,Heating fuel
HC_HTFL_P_ELC,Household Characteristics,Heating fuel
HC_HTFL_P_GBP,Household Characteristics,Heating fuel
HC_HTFL_P_GDS,Household Characteristics,Heating fuel
HC_HTFL_P_KER,Household Characteristics,Heating fuel
HC_HTFL_P_LPG,Household Characteristics,Heating fuel
HC_HTFL_P_NAT,Household Characteristics,Heating fuel
HC_HTFL_P_NON,Household Characteristics,Heating fuel
HC_HTFL_P_NUM,Household Characteristics,Heating fuel
HC_HTFL_P_OTH,Household Characteristics,Heating fuel
HC_HTFL_P_SOL,Household Characteristics,Heating fuel
HC_HTFL_P_STR,Household Characteristics,Heating fuel
HC_HTFL_P_SWD,Household Characteristics,Heating fuel
HC_HTFL_P_TOT,Household Characteristics,Heating fuel
HC_HTFL_P_UNW,Household Characteristics,Heating fuel
HC_HTFL_P_WOD,Household Characteristics,Heating fuel
HC_HTTC_H_3SO,Household Characteristics,Heating technology
HC_HTTC_H_CHT,Household Characteristics,Heating technology
HC_HTTC_H_MCC,Household Characteristics,Heating technology
HC_HTTC_H_MCS,Household Characteristics,Heating technology
HC_HTTC_H_MCW,Household Characteristics,Heating technology
HC_HTTC_H_MSC,Household Characteristics,Heating technology
HC_HTTC_H_MSH,Household Characteristics,Heating technology
HC_HTTC_H_MSW,Household Characteristics,Heating technology
HC_HTTC_H_NON,Household Characteristics,Heating technology
HC_HTTC_H_NUM,Household Characteristics,Heating technology
HC_HTTC_H_OTH,Household Characteristics,Heating technology
HC_HTTC_H_TCC,Household Characteristics,Heating technology
HC_HTTC_H_TCS,Household Characteristics,Heating technology
HC_HTTC_H_TCW,Household Characteristics,Heating technology
HC_HTTC_H_TOT,Household Characteristics,Heating technology
HC_HTTC_H_TSC,Household Characteristics,Heating technology
HC_HTTC_H_TSH,Household Characteristics,Heating technology
HC_HTTC_H_TSW,Household Characteristics,Heating technology
HC_HTTC_H_UNW,Household Characteristics,Heating technology
HC_HTTC_P_3SO,Household Characteristics,Heating technology
HC_HTTC_P_CHT,Household Characteristics,Heating technology
HC_HTTC_P_MCC,Household Characteristics,Heating technology
HC_HTTC_P_MCS,Household Characteristics,Heating technology
HC_HTTC_P_MCW,Household Characteristics,Heating technology
HC_HTTC_P_MSC,Household Characteristics,Heating technology
HC_HTTC_P_MSH,Household Characteristics,Heating technology
HC_HTTC_P_MSW,Household Characteristics,Heating technology
HC_HTTC_P_NON,Household Characteristics,Heating technology
HC_HTTC_P_NUM,Household Characteristics,Heating technology
HC_HTTC_P_OTH,Household Characteristics,Heating technology
HC_HTTC_P_TCC,Household Characteristics,Heating technology
HC_HTTC_P_TCS,Household Characteristics,Heating technology
HC_HTTC_P_TCW,Household Characteristics,Heating technology
HC_HTTC_P_TOT,Household Characteristics,Heating technology
HC_HTTC_P_TSC,Household Characteristics,Heating technology
HC_HTTC_P_TSH,Household Characteristics,Heating technology
HC_HTTC_P_TSW,Household Characteristics,Heating technology
HC_HTTC_P_UNW,Household Characteristics,Heating technology
HC_LTFL_H_AGR,Household Characteristics,Lighting fuel or technology
HC_LTFL_H_BAT,Household Characteristics,Lighting fuel or technology
HC_LTFL_H_BIO,Household Characteristics,Lighting fuel or technology
HC_LTFL_H_CDL,Household Characteristics,Lighting fuel or technology
HC_LTFL_H_CFT,Household Characteristics,Lighting fuel or technology
HC_LTFL_H_CHR,Household Characteristics,Lighting fuel or technology
HC_LTFL_H_DKM,Household Characteristics,Lighting fuel or technology
HC_LTFL_H_DNG,Household Characteristics,Lighting fuel or technology
HC_LTFL_H_ELC,Household Characteristics,Lighting fuel or technology
HC_LTFL_H_GDS,Household Characteristics,Lighting fuel or technology
HC_LTFL_H_KER,Household Characteristics,Lighting fuel or technology
HC_LTFL_H_NON,Household Characteristics,Lighting fuel or technology
HC_LTFL_H_NUM,Household Characteristics,Lighting fuel or technology
HC_LTFL_H_OIL,Household Characteristics,Lighting fuel or technology
HC_LTFL_H_OTH,Household Characteristics,Lighting fuel or technology
HC_LTFL_H_REC,Household Characteristics,Lighting fuel or technology
HC_LTFL_H_SOL,Household Characteristics,Lighting fuel or technology
HC_LTFL_H_STR,Household Characteristics,Lighting fuel or technology
HC_LTFL_H_TOT,Household Characteristics,Lighting fuel or technology
HC_LTFL_H_UNW,Household Characteristics,Lighting fuel or technology
HC_LTFL_H_WOD,Household Characteristics,Lighting fuel or technology
HC_LTFL_P_AGR,Household Characteristics,Lighting fuel or technology
HC_LTFL_P_BAT,Household Characteristics,Lighting fuel or technology
HC_LTFL_P_BIO,Household Characteristics,Lighting fuel or technology
HC_LTFL_P_CDL,Household Characteristics,Lighting fuel or technology
HC_LTFL_P_CFT,Household Characteristics,Lighting fuel or technology
HC_LTFL_P_CHR,Household Characteristics,Lighting fuel or technology
HC_LTFL_P_DKM,Household Characteristics,Lighting fuel or technology
HC_LTFL_P_DNG,Household Characteristics,Lighting fuel or technology
HC_LTFL_P_ELC,Household Characteristics,Lighting fuel or technology
HC_LTFL_P_GDS,Household Characteristics,Lighting fuel or technology
HC_LTFL_P_KER,Household Characteristics,Lighting fuel or technology
HC_LTFL_P_NON,Household Characteristics,Lighting fuel or technology
HC_LTFL_P_NUM,Household Characteristics,Lighting fuel or technology
HC_LTFL_P_OIL,Household Characteristics,Lighting fuel or technology
HC_LTFL_P_OTH,Household Characteristics,Lighting fuel or technology
HC_LTFL_P_REC,Household Characteristics,Lighting fuel or technology
HC_LTFL_P_SOL,Household Characteristics,Lighting fuel or technology
HC_LTFL_P_STR,Household Characteristics,Lighting fuel or technology
HC_LTFL_P_TOT,Household Characteristics,Lighting fuel or technology
HC_LTFL_P_UNW,Household Characteristics,Lighting fuel or technology
HC_LTFL_P_WOD,Household Characteristics,Lighting fuel or technology
HC_LVAR_C_BTH,Household Characteristics,Children's living arrangements and orphanhood
HC_LVAR_C_FMA,Household Characteristics,Children's living arrangements and orphanhood
HC_LVAR_C_FMD,Household Characteristics,Children's living arrangements and orphanhood
HC_LVAR_C_MFA,Household Characteristics,Children's living arrangements and orphanhood
HC_LVAR_C_MFD,Household Characteristics,Children's living arrangements and orphanhood
HC_LVAR_C_NBA,Household Characteristics,Children's living arrangements and orphanhood
HC_LVAR_C_NBD,Household Characteristics,Children's living arrangements and orphanhood
HC_LVAR_C_NBP,Household Characteristics,Children's living arrangements and orphanhood
HC_LVAR_C_NFA,Household Characteristics,Children's living arrangements and orphanhood
HC_LVAR_C_NMA,Household Characteristics,Children's living arrangements and orphanhood
HC_LVAR_C_NMS,Household Characteristics,Children's living arrangements and orphanhood
HC_LVAR_C_NUM,Household Characteristics,Children's living arrangements and orphanhood
HC_LVAR_C_P1D,Household Characteristics,Children's living arrangements and orphanhood
HC_LVAR_C_TOT,Household Characteristics,Children's living arrangements and orphanhood
HC_LVAR_C_UNW,Household Characteristics,Children's living arrangements and orphanhood
HC_LVAY_C_BTH,Household Characteristics,Children 10-14 living arrangements and orphanhood
HC_LVAY_C_FMA,Household Characteristics,Children 10-14 living arrangements and orphanhood
HC_LVAY_C_FMD,Household Characteristics,Children 10-14 living arrangements and orphanhood
HC_LVAY_C_FON,Household Characteristics,Children 10-14 living arrangements and orphanhood
HC_LVAY_C_MFA,Household Characteristics,Children 10-14 living arrangements and orphanhood
HC_LVAY_C_MFD,Household Characteristics,Children 10-14 living arrangements and orphanhood
HC_LVAY_C_MON,Household Characteristics,Children 10-14 living arrangements and orphanhood
HC_LVAY_C_NBA,Household Characteristics,Children 10-14 living arrangements and orphanhood
HC_LVAY_C_NBD,Household Characteristics,Children 10-14 living arrangements and orphanhood
HC_LVAY_C_NBP,Household Characteristics,Children 10-14 living arrangements and orphanhood
HC_LVAY_C_NFA,Household Characteristics,Children 10-14 living arrangements and orphanhood
HC_LVAY_C_NMA,Household Characteristics,Children 10-14 living arrangements and orphanhood
HC_LVAY_C_NMS,Household Characteristics,Children 10-14 living arrangements and orphanhood
HC_LVAY_C_NUM,Household Characteristics,Children 10-14 living arrangements and orphanhood
HC_LVAY_C_P1D,Household Characteristics,Children 10-14 living arrangements and orphanhood
HC_LVAY_C_TOT,Household Characteristics,Children 10-14 living arrangements and orphanhood
HC_LVAY_C_UNW,Household Characteristics,Children 10-14 living arrangements and orphanhood
HC_MEMB_H_0MM,Household Characteristics,Number of usual members
HC_MEMB_H_1MM,Household Characteristics,Number of usual members
HC_MEMB_H_2MM,Household Characteristics,Number of usual members
HC_MEMB_H_3MM,Household Characteristics,Number of usual members
HC_MEMB_H_4MM,Household Characteristics,Number of usual members
HC_MEMB_H_5MM,Household Characteristics,Number of usual members
HC_MEMB_H_6MM,Household Characteristics,Number of usual members
HC_MEMB_H_7MM,Household Characteristics,Number of usual members
HC_MEMB_H_8MM,Household Characteristics,Number of usual members
HC_MEMB_H_9MM,Household Characteristics,Number of usual members
HC_MEMB_H_MNM,Household Characteristics,Number of usual members
HC_MEMB_H_TOT,Household Characteristics,Number of usual members
HC_OLDR_H_3GN,Household Characteristics,Older age persons
HC_OLDR_H_NUM,Household Characteristics,Older age persons
HC_OLDR_H_O65,Household Characteristics,Older age persons
HC_OLDR_H_UNW,Household Characteristics,Older age persons
HC_OLDR_H_W65,Household Characteristics,Older age persons
HC_OLDR_P_65P,Household Characteristics,Older age persons
HC_OLDR_P_NNC,Household Characteristics,Older age persons
HC_OLDR_P_NUM,Household Characteristics,Older age persons
HC_OLDR_P_UNW,Household Characteristics,Older age persons
HC_ORPH_H_DBL,Household Characteristics,Households with orphans and foster children
HC_ORPH_H_FOR,Household Characteristics,Households with orphans and foster children
HC_ORPH_H_FOS,Household Characteristics,Households with orphans and foster children
HC_ORPH_H_NUM,Household Characteristics,Households with orphans and foster children
HC_ORPH_H_SNG,Household Characteristics,Households with orphans and foster children
HC_ORPH_H_UNW,Household Characteristics,Households with orphans and foster children
HC_PPRM_H_12P,Household Characteristics,Persons per sleeping room
HC_PPRM_H_34P,Household Characteristics,Persons per sleeping room
HC_PPRM_H_56P,Household Characteristics,Persons per sleeping room
HC_PPRM_H_7PP,Household Characteristics,Persons per sleeping room
HC_PPRM_H_DKM,Household Characteristics,Persons per sleeping room
HC_PPRM_H_MNP,Household Characteristics,Persons per sleeping room
HC_PPRM_H_NUM,Household Characteristics,Persons per sleeping room
HC_PPRM_H_TOT,Household Characteristics,Persons per sleeping room
HC_PPRM_H_UNW,Household Characteristics,Persons per sleeping room
HC_RMSL_H_1RM,Household Characteristics,Rooms used for sleeping
HC_RMSL_H_2RM,Household Characteristics,Rooms used for sleeping
HC_RMSL_H_3RM,Household Characteristics,Rooms used for sleeping
HC_RMSL_H_DKM,Household Characteristics,Rooms used for sleeping
HC_RMSL_H_NUM,Household Characteristics,Rooms used for sleeping
HC_RMSL_H_TOT,Household Characteristics,Rooms used for sleeping
HC_RMSL_H_UNW,Household Characteristics,Rooms used for sleeping
HC_RMSL_P_1RM,Household Characteristics,Rooms used for sleeping
HC_RMSL_P_2RM,Household Characteristics,Rooms used for sleeping
HC_RMSL_P_3RM,Household Characteristics,Rooms used for sleeping
HC_RMSL_P_DKM,Household Characteristics,Rooms used for sleeping
HC_RMSL_P_NUM,Household Characteristics,Rooms used for sleeping
HC_RMSL_P_TOT,Household Characteristics,Rooms used for sleeping
HC_RMSL_P_UNW,Household Characteristics,Rooms used for sleeping
HC_SMKH_H_DKM,Household Characteristics,Frequency of smoking in the home
HC_SMKH_H_DLY,Household Characteristics,Frequency of smoking in the home
HC_SMKH_H_LES,Household Characteristics,Frequency of smoking in the home
HC_SMKH_H_MLY,Household Characteristics,Frequency of smoking in the home
HC_SMKH_H_NEV,Household Characteristics,Frequency of smoking in the home
HC_SMKH_H_WLY,Household Characteristics,Frequency of smoking in the home
HC_SMKH_P_DKM,Household Characteristics,Frequency of smoking in the home
HC_SMKH_P_DLY,Household Characteristics,Frequency of smoking in the home
HC_SMKH_P_LES,Household Characteristics,Frequency of smoking in the home
HC_SMKH_P_MLY,Household Characteristics,Frequency of smoking in the home
HC_SMKH_P_NEV,Household Characteristics,Frequency of smoking in the home
HC_SMKH_P_WLY,Household Characteristics,Frequency of smoking in the home
HC_TRNS_H_BIK,Household Characteristics,Household means of transport
HC_TRNS_H_BTM,Household Characteristics,Household means of transport
HC_TRNS_H_CAR,Household Characteristics,Household means of transport
HC_TRNS_H_CRT,Household Characteristics,Household means of transport
HC_TRNS_H_SCT,Household Characteristics,Household means of transport
HC_WIXQ_P_2ND,Household Characteristics,Wealth quintiles
HC_WIXQ_P_4TH,Household Characteristics,Wealth quintiles
HC_WIXQ_P_GNI,Household Characteristics,Wealth quintiles
HC_WIXQ_P_HGH,Household Characteristics,Wealth quintiles
HC_WIXQ_P_LOW,Household Characteristics,Wealth quintiles
HC_WIXQ_P_MID,Household Characteristics,Wealth quintiles
HC_WIXQ_P_NUM,Household Characteristics,Wealth quintiles
HC_WIXQ_P_TOT,Household Characteristics,Wealth quintiles
HC_WIXQ_P_UNW,Household Characteristics,Wealth quintiles
HC_YTHC_B_PCT,Household Characteristics,Youth Characteristics
HC_YTHC_M_PCT,Household Characteristics,Youth Characteristics
HC_YTHC_W_PCT,Household Characteristics,Youth Characteristics
MA_AAFM_M_M20,Marriage,Median age at first marriage
MA_AAFM_M_M25,Marriage,Median age at first marriage
MA_AAFM_M_M2A,Marriage,Median age at first marriage
MA_AAFM_M_M2B,Marriage,Median age at first marriage
MA_AAFM_M_M30,Marriage,Median age at first marriage
MA_AAFM_M_M35,Marriage,Median age at first marriage
MA_AAFM_M_M40,Marriage,Median age at first marriage
MA_AAFM_M_M45,Marriage,Median age at first marriage
MA_AAFM_M_M50,Marriage,Median age at first marriage
MA_AAFM_M_M55,Marriage,Median age at first marriage
MA_AAFM_M_M60,Marriage,Median age at first marriage
MA_AAFM_W_M20,Marriage,Median age at first marriage
MA_AAFM_W_M25,Marriage,Median age at first marriage
MA_AAFM_W_M2A,Marriage,Median age at first marriage
MA_AAFM_W_M2B,Marriage,Median age at first marriage
MA_AAFM_W_M30,Marriage,Median age at first marriage
MA_AAFM_W_M35,Marriage,Median age at first marriage
MA_AAFM_W_M40,Marriage,Median age at first marriage
MA_AAFM_W_M45,Marriage,Median age at first marriage
MA_ADIF_W_MIS,Marriage,Age difference between partners (women 15-24)
MA_ADIF_W_NUM,Marriage,Age difference between partners (women 15-24)
MA_ADIF_W_O01,Marriage,Age difference between partners (women 15-24)
MA_ADIF_W_O05,Marriage,Age difference between partners (women 15-24)
MA_ADIF_W_O10,Marriage,Age difference between partners (women 15-24)
MA_ADIF_W_SAM,Marriage,Age difference between partners (women 15-24)
MA_ADIF_W_TOT,Marriage,Age difference between partners (women 15-24)
MA_ADIF_W_UNW,Marriage,Age difference between partners (women 15-24)
MA_ADIF_W_YNG,Marriage,Age difference between partners (women 15-24)
MA_CWIV_W_0WV,Marriage,Number of women's co-wives
MA_CWIV_W_1WV,Marriage,Number of women's co-wives
MA_CWIV_W_2PW,Marriage,Number of women's co-wives
MA_CWIV_W_CWV,Marriage,Number of women's co-wives
MA_CWIV_W_DKM,Marriage,Number of women's co-wives
MA_CWIV_W_NUM,Marriage,Number of women's co-wives
MA_CWIV_W_TOT,Marriage,Number of women's co-wives
MA_CWIV_W_UNW,Marriage,Number of women's co-wives
MA_MBAG_M_B15,Marriage,First married by exact age
MA_MBAG_M_B18,Marriage,First married by exact age
MA_MBAG_M_B20,Marriage,First married by exact age
MA_MBAG_M_B22,Marriage,First married by exact age
MA_MBAG_M_B25,Marriage,First married by exact age
MA_MBAG_M_B28,Marriage,First married by exact age
MA_MBAG_M_B30,Marriage,First married by exact age
MA_MBAG_M_NMA,Marriage,First married by exact age
MA_MBAG_M_NUM,Marriage,First married by exact age
MA_MBAG_M_UNW,Marriage,First married by exact age
MA_MBAG_W_B15,Marriage,First married by exact age
MA_MBAG_W_B18,Marriage,First married by exact age
MA_MBAG_W_B20,Marriage,First married by exact age
MA_MBAG_W_B22,Marriage,First married by exact age
MA_MBAG_W_B25,Marriage,First married by exact age
MA_MBAG_W_NMA,Marriage,First married by exact age
MA_MBAG_W_NUM,Marriage,First married by exact age
MA_MBAG_W_UNW,Marriage,First married by exact age
MA_MBAY_M_B15,Marriage,First married by exact age (age 20-24)
MA_MBAY_M_B18,Marriage,First married by exact age (age 20-24)
MA_MBAY_M_B20,Marriage,First married by exact age (age 20-24)
MA_MBAY_M_MDA,Marriage,First married by exact age (age 20-24)
MA_MBAY_M_NMA,Marriage,First married by exact age (age 20-24)
MA_MBAY_M_NUM,Marriage,First married by exact age (age 20-24)
MA_MBAY_M_UNW,Marriage,First married by exact age (age 20-24)
MA_MBAY_W_B15,Marriage,First married by exact age (age 20-24)
MA_MBAY_W_B18,Marriage,First married by exact age (age 20-24)
MA_MBAY_W_B20,Marriage,First married by exact age (age 20-24)
MA_MBAY_W_MDA,Marriage,First married by exact age (age 20-24)
MA_MBAY_W_NMA,Marriage,First married by exact age (age 20-24)
MA_MBAY_W_NUM,Marriage,First married by exact age (age 20-24)
MA_MBAY_W_UNW,Marriage,First married by exact age (age 20-24)
MA_MREG_W_NUM,Marriage,Marriage registration
MA_MREG_W_RGC,Marriage,Marriage registration
MA_MREG_W_RGD,Marriage,Marriage registration
MA_MREG_W_RGT,Marriage,Marriage registration
MA_MREG_W_UNW,Marriage,Marriage registration
MA_MSTA_M_DIV,Marriage,Current marital status
MA_MSTA_M_LTG,Marriage,Current marital status
MA_MSTA_M_MAR,Marriage,Current marital status
MA_MSTA_M_MIS,Marriage,Current marital status
MA_MSTA_M_NMA,Marriage,Current marital status
MA_MSTA_M_NUM,Marriage,Current marital status
MA_MSTA_M_SEP,Marriage,Current marital status
MA_MSTA_M_TOT,Marriage,Current marital status
MA_MSTA_M_UNI,Marriage,Current marital status
MA_MSTA_M_UNW,Marriage,Current marital status
MA_MSTA_M_WID,Marriage,Current marital status
MA_MSTA_W_DIV,Marriage,Current marital status
MA_MSTA_W_LTG,Marriage,Current marital status
MA_MSTA_W_MAR,Marriage,Current marital status
MA_MSTA_W_MIS,Marriage,Current marital status
MA_MSTA_W_NMA,Marriage,Current marital status
MA_MSTA_W_NUM,Marriage,Current marital status
MA_MSTA_W_SEP,Marriage,Current marital status
MA_MSTA_W_TOT,Marriage,Current marital status
MA_MSTA_W_UNI,Marriage,Current marital status
MA_MSTA_W_UNW,Marriage,Current marital status
MA_MSTA_W_WID,Marriage,Current marital status
MA_MSTY_M_DIV,Marriage,Current marital status - Youth
MA_MSTY_M_LTG,Marriage,Current marital status - Youth
MA_MSTY_M_MAR,Marriage,Current marital status - Youth
MA_MSTY_M_MIS,Marriage,Current marital status - Youth
MA_MSTY_M_NMA,Marriage,Current marital status - Youth
MA_MSTY_M_NUM,Marriage,Current marital status - Youth
MA_MSTY_M_SEP,Marriage,Current marital status - Youth
MA_MSTY_M_TOT,Marriage,Current marital status - Youth
MA_MSTY_M_UNI,Marriage,Current marital status - Youth
MA_MSTY_M_UNW,Marriage,Current marital status - Youth
MA_MSTY_M_WID,Marriage,Current marital status - Youth
MA_MSTY_W_DIV,Marriage,Current marital status - Youth
MA_MSTY_W_LTG,Marriage,Current marital status - Youth
MA_MSTY_W_MAR,Marriage,Current marital status - Youth
MA_MSTY_W_MIS,Marriage,Current marital status - Youth
MA_MSTY_W_NMA,Marriage,Current marital status - Youth
MA_MSTY_W_NUM,Marriage,Current marital status - Youth
MA_MSTY_W_SEP,Marriage,Current marital status - Youth
MA_MSTY_W_TOT,Marriage,Current marital status - Youth
MA_MSTY_W_UNI,Marriage,Current marital status - Youth
MA_MSTY_W_UNW,Marriage,Current marital status - Youth
MA_MSTY_W_WID,Marriage,Current marital status - Youth
MA_WIVE_M_1WV,Marriage,Number of men's wives
MA_WIVE_M_2PW,Marriage,Number of men's wives
MA_WIVE_M_DKM,Marriage,Number of men's wives
MA_WIVE_M_NUM,Marriage,Number of men's wives
MA_WIVE_M_TOT,Marriage,Number of men's wives
MA_WIVE_M_UNW,Marriage,Number of men's wives
ML_AMLD_C_ACT,Malaria,Type of antimalarial drugs used
ML_AMLD_C_AMQ,Malaria,Type of antimalarial drugs used
ML_AMLD_C_ART,Malaria,Type of antimalarial drugs used
ML_AMLD_C_CHL,Malaria,Type of antimalarial drugs used
ML_AMLD_C_NUM,Malaria,Type of antimalarial drugs used
ML_AMLD_C_OAM,Malaria,Type of antimalarial drugs used
ML_AMLD_C_QNN,Malaria,Type of antimalarial drugs used
ML_AMLD_C_SPF,Malaria,Type of antimalarial drugs used
ML_AMLD_C_UNW,Malaria,Type of antimalarial drugs used
ML_CMLT_C_ANM,Malaria,Coverage of testing for anemia and malaria in children
ML_CMLT_C_MSY,Malaria,Coverage of testing for anemia and malaria in children
ML_CMLT_C_NUM,Malaria,Coverage of testing for anemia and malaria in children
ML_CMLT_C_RDT,Malaria,Coverage of testing for anemia and malaria in children
ML_CMLT_C_UNW,Malaria,Coverage of testing for anemia and malaria in children
ML_FEVA_C_GFW,Malaria,Source of advice or treatment for children with fever for whom advice or treatment was sought
ML_FEVA_C_GHC,Malaria,Source of advice or treatment for children with fever for whom advice or treatment was sought
ML_FEVA_C_GHP,Malaria,Source of advice or treatment for children with fever for whom advice or treatment was sought
ML_FEVA_C_GHS,Malaria,Source of advice or treatment for children with fever for whom advice or treatment was sought
ML_FEVA_C_GMC,Malaria,Source of advice or treatment for children with fever for whom advice or treatment was sought
ML_FEVA_C_GOT,Malaria,Source of advice or treatment for children with fever for whom advice or treatment was sought
ML_FEVA_C_MKT,Malaria,Source of advice or treatment for children with fever for whom advice or treatment was sought
ML_FEVA_C_NUM,Malaria,Source of advice or treatment for children with fever for whom advice or treatment was sought
ML_FEVA_C_OSR,Malaria,Source of advice or treatment for children with fever for whom advice or treatment was sought
ML_FEVA_C_OTH,Malaria,Source of advice or treatment for children with fever for whom advice or treatment was sought
ML_FEVA_C_PDR,Malaria,Source of advice or treatment for children with fever for whom advice or treatment was sought
ML_FEVA_C_PFW,Malaria,Source of advice or treatment for children with fever for whom advice or treatment was sought
ML_FEVA_C_PHS,Malaria,Source of advice or treatment for children with fever for whom advice or treatment was sought
ML_FEVA_C_PMC,Malaria,Source of advice or treatment for children with fever for whom advice or treatment was sought
ML_FEVA_C_POT,Malaria,Source of advice or treatment for children with fever for whom advice or treatment was sought
ML_FEVA_C_PPH,Malaria,Source of advice or treatment for children with fever for whom advice or treatment was sought
ML_FEVA_C_PRV,Malaria,Source of advice or treatment for children with fever for whom advice or treatment was sought
ML_FEVA_C_PUB,Malaria,Source of advice or treatment for children with fever for whom advice or treatment was sought
ML_FEVA_C_SHP,Malaria,Source of advice or treatment for children with fever for whom advice or treatment was sought
ML_FEVA_C_TRD,Malaria,Source of advice or treatment for children with fever for whom advice or treatment was sought
ML_FEVA_C_UNW,Malaria,Source of advice or treatment for children with fever for whom advice or treatment was sought
ML_FEVR_C_FEV,Malaria,Prevalence of children with fever
ML_FEVR_C_NUM,Malaria,Prevalence of children with fever
ML_FEVR_C_UNW,Malaria,Prevalence of children with fever
ML_FEVS_C_GFW,Malaria,Source of advice or treatment for children with fever
ML_FEVS_C_GHC,Malaria,Source of advice or treatment for children with fever
ML_FEVS_C_GHP,Malaria,Source of advice or treatment for children with fever
ML_FEVS_C_GHS,Malaria,Source of advice or treatment for children with fever
ML_FEVS_C_GMC,Malaria,Source of advice or treatment for children with fever
ML_FEVS_C_GOT,Malaria,Source of advice or treatment for children with fever
ML_FEVS_C_MKT,Malaria,Source of advice or treatment for children with fever
ML_FEVS_C_NUM,Malaria,Source of advice or treatment for children with fever
ML_FEVS_C_OSR,Malaria,Source of advice or treatment for children with fever
ML_FEVS_C_OTH,Malaria,Source of advice or treatment for children with fever
ML_FEVS_C_PDR,Malaria,Source of advice or treatment for children with fever
ML_FEVS_C_PFW,Malaria,Source of advice or treatment for children with fever
ML_FEVS_C_PHS,Malaria,Source of advice or treatment for children with fever
ML_FEVS_C_PMC,Malaria,Source of advice or treatment for children with fever
ML_FEVS_C_POT,Malaria,Source of advice or treatment for children with fever
ML_FEVS_C_PPH,Malaria,Source of advice or treatment for children with fever
ML_FEVS_C_PRV,Malaria,Source of advice or treatment for children with fever
ML_FEVS_C_PUB,Malaria,Source of advice or treatment for children with fever
ML_FEVS_C_SHP,Malaria,Source of advice or treatment for children with fever
ML_FEVS_C_TRD,Malaria,Source of advice or treatment for children with fever
ML_FEVS_C_UNW,Malaria,Source of advice or treatment for children with fever
ML_FEVT_C_ACS,Malaria,Diagnosis and treatment of children with fever
ML_FEVT_C_ACT,Malaria,Diagnosis and treatment of children with fever
ML_FEVT_C_ADS,Malaria,Diagnosis and treatment of children with fever
ML_FEVT_C_ADV,Malaria,Diagnosis and treatment of children with fever
ML_FEVT_C_AML,Malaria,Diagnosis and treatment of children with fever
ML_FEVT_C_AMS,Malaria,Diagnosis and treatment of children with fever
ML_FEVT_C_BLD,Malaria,Diagnosis and treatment of children with fever
ML_FEVT_C_NUM,Malaria,Diagnosis and treatment of children with fever
ML_FEVT_C_UNW,Malaria,Diagnosis and treatment of children with fever
ML_HEMO_C_HL8,Malaria,Hemoglobin <8.0 g/dl in children
ML_HEMO_C_NUM,Malaria,Hemoglobin <8.0 g/dl in children
ML_HEMO_C_UNW,Malaria,Hemoglobin <8.0 g/dl in children
ML_IPTP_W_2SA,Malaria,Use of IPTp by women during pregnancy
ML_IPTP_W_2SP,Malaria,Use of IPTp by women during pregnancy
ML_IPTP_W_3SA,Malaria,Use of IPTp by women during pregnancy
ML_IPTP_W_3SP,Malaria,Use of IPTp by women during pregnancy
ML_IPTP_W_NUM,Malaria,Use of IPTp by women during pregnancy
ML_IPTP_W_SPA,Malaria,Use of IPTp by women during pregnancy
ML_IPTP_W_SPF,Malaria,Use of IPTp by women during pregnancy
ML_IPTP_W_UNW,Malaria,Use of IPTp by women during pregnancy
ML_IRSM_H_I2I,Malaria,Indoor residual spraying against mosquitoes
ML_IRSM_H_IIR,Malaria,Indoor residual spraying against mosquitoes
ML_IRSM_H_IRS,Malaria,Indoor residual spraying against mosquitoes
ML_IRSM_H_NUM,Malaria,Indoor residual spraying against mosquitoes
ML_IRSM_H_UNW,Malaria,Indoor residual spraying against mosquitoes
ML_ITNA_P_ACC,Malaria,Access to an insecticide-treated net
ML_ITNA_P_NUM,Malaria,Access to an insecticide-treated net
ML_ITNA_P_UNW,Malaria,Access to an insecticide-treated net
ML_ITNU_N_ITN,Malaria,Use of existing ITNs
ML_ITNU_N_NUM,Malaria,Use of existing ITNs
ML_ITNU_N_UNW,Malaria,Use of existing ITNs
ML_NETC_C_ANY,Malaria,Use of mosquito nets by children
ML_NETC_C_IT1,Malaria,Use of mosquito nets by children
ML_NETC_C_ITI,Malaria,Use of mosquito nets by children
ML_NETC_C_ITN,Malaria,Use of mosquito nets by children
ML_NETC_C_LLN,Malaria,Use of mosquito nets by children
ML_NETC_C_NM1,Malaria,Use of mosquito nets by children
ML_NETC_C_NUM,Malaria,Use of mosquito nets by children
ML_NETC_C_UN1,Malaria,Use of mosquito nets by children
ML_NETC_C_UNW,Malaria,Use of mosquito nets by children
ML_NETP_H_IT2,Malaria,Household possession of mosquito nets
ML_NETP_H_ITN,Malaria,Household possession of mosquito nets
ML_NETP_H_LL2,Malaria,Household possession of mosquito nets
ML_NETP_H_LLN,Malaria,Household possession of mosquito nets
ML_NETP_H_MNI,Malaria,Household possession of mosquito nets
ML_NETP_H_MNL,Malaria,Household possession of mosquito nets
ML_NETP_H_MNM,Malaria,Household possession of mosquito nets
ML_NETP_H_MOS,Malaria,Household possession of mosquito nets
ML_NETP_H_MS2,Malaria,Household possession of mosquito nets
ML_NETP_H_NM2,Malaria,Household possession of mosquito nets
ML_NETP_H_NUM,Malaria,Household possession of mosquito nets
ML_NETP_H_UN2,Malaria,Household possession of mosquito nets
ML_NETP_H_UNW,Malaria,Household possession of mosquito nets
ML_NETU_P_ANY,Malaria,Use of mosquito nets by persons in the household
ML_NETU_P_IT1,Malaria,Use of mosquito nets by persons in the household
ML_NETU_P_ITI,Malaria,Use of mosquito nets by persons in the household
ML_NETU_P_ITN,Malaria,Use of mosquito nets by persons in the household
ML_NETU_P_LLN,Malaria,Use of mosquito nets by persons in the household
ML_NETU_P_NM1,Malaria,Use of mosquito nets by persons in the household
ML_NETU_P_NUM,Malaria,Use of mosquito nets by persons in the household
ML_NETU_P_UN1,Malaria,Use of mosquito nets by persons in the household
ML_NETU_P_UNW,Malaria,Use of mosquito nets by persons in the household
ML_NETW_W_ANY,Malaria,Use of mosquito nets by pregnant women
ML_NETW_W_IT1,Malaria,Use of mosquito nets by pregnant women
ML_NETW_W_ITI,Malaria,Use of mosquito nets by pregnant women
ML_NETW_W_ITN,Malaria,Use of mosquito nets by pregnant women
ML_NETW_W_LLN,Malaria,Use of mosquito nets by pregnant women
ML_NETW_W_NM1,Malaria,Use of mosquito nets by pregnant women
ML_NETW_W_NUM,Malaria,Use of mosquito nets by pregnant women
ML_NETW_W_UN1,Malaria,Use of mosquito nets by pregnant women
ML_NETW_W_UNW,Malaria,Use of mosquito nets by pregnant women
ML_NSRC_N_ANC,Malaria,Source of mosquito nets
ML_NSRC_N_CHW,Malaria,Source of mosquito nets
ML_NSRC_N_DKM,Malaria,Source of mosquito nets
ML_NSRC_N_GHF,Malaria,Source of mosquito nets
ML_NSRC_N_IMM,Malaria,Source of mosquito nets
ML_NSRC_N_MDC,Malaria,Source of mosquito nets
ML_NSRC_N_NUM,Malaria,Source of mosquito nets
ML_NSRC_N_OTH,Malaria,Source of mosquito nets
ML_NSRC_N_PHF,Malaria,Source of mosquito nets
ML_NSRC_N_PHM,Malaria,Source of mosquito nets
ML_NSRC_N_REL,Malaria,Source of mosquito nets
ML_NSRC_N_SCL,Malaria,Source of mosquito nets
ML_NSRC_N_SHP,Malaria,Source of mosquito nets
ML_NSRC_N_TOT,Malaria,Source of mosquito nets
ML_NSRC_N_UNW,Malaria,Source of mosquito nets
ML_PMAL_C_MSE,Malaria,Prevalence of malaria in children
ML_PMAL_C_MSL,Malaria,Prevalence of malaria in children
ML_PMAL_C_MSR,Malaria,Prevalence of malaria in children
ML_PMAL_C_MSU,Malaria,Prevalence of malaria in children
ML_PMAL_C_MSY,Malaria,Prevalence of malaria in children
ML_PMAL_C_NMM,Malaria,Prevalence of malaria in children
ML_PMAL_C_NMR,Malaria,Prevalence of malaria in children
ML_PMAL_C_RDE,Malaria,Prevalence of malaria in children
ML_PMAL_C_RDL,Malaria,Prevalence of malaria in children
ML_PMAL_C_RDR,Malaria,Prevalence of malaria in children
ML_PMAL_C_RDT,Malaria,Prevalence of malaria in children
ML_PMAL_C_RDU,Malaria,Prevalence of malaria in children
ML_PMAL_C_UEM,Malaria,Prevalence of malaria in children
ML_PMAL_C_UER,Malaria,Prevalence of malaria in children
ML_PMAL_C_UNM,Malaria,Prevalence of malaria in children
ML_PMAL_C_UNR,Malaria,Prevalence of malaria in children
MM_AMPB_M_AMP,Adult and Maternal Mortality,Adult mortality probabilities
MM_AMPB_W_AMP,Adult and Maternal Mortality,Adult mortality probabilities
MM_AMRT_M_AMR,Adult and Maternal Mortality,Adult mortality rates
MM_AMRT_M_DTH,Adult and Maternal Mortality,Adult mortality rates
MM_AMRT_M_EXP,Adult and Maternal Mortality,Adult mortality rates
MM_AMRT_M_EXU,Adult and Maternal Mortality,Adult mortality rates
MM_AMRT_W_AMR,Adult and Maternal Mortality,Adult mortality rates
MM_AMRT_W_DTH,Adult and Maternal Mortality,Adult mortality rates
MM_AMRT_W_EXP,Adult and Maternal Mortality,Adult mortality rates
MM_AMRT_W_EXU,Adult and Maternal Mortality,Adult mortality rates
MM_MMRO_W_CIH,Adult and Maternal Mortality,Maternal mortality ratio
MM_MMRO_W_CIL,Adult and Maternal Mortality,Maternal mortality ratio
MM_MMRO_W_GFR,Adult and Maternal Mortality,Maternal mortality ratio
MM_MMRO_W_LTP,Adult and Maternal Mortality,Maternal mortality ratio
MM_MMRO_W_LTR,Adult and Maternal Mortality,Maternal mortality ratio
MM_MMRO_W_MMR,Adult and Maternal Mortality,Maternal mortality ratio
MM_MMRO_W_PIH,Adult and Maternal Mortality,Maternal mortality ratio
MM_MMRO_W_PIL,Adult and Maternal Mortality,Maternal mortality ratio
MM_MMRO_W_PMR,Adult and Maternal Mortality,Maternal mortality ratio
MM_MMRT_W_EXP,Adult and Maternal Mortality,Maternal mortality rate
MM_MMRT_W_EXU,Adult and Maternal Mortality,Maternal mortality rate
MM_MMRT_W_FDM,Adult and Maternal Mortality,Maternal mortality rate
MM_MMRT_W_FDP,Adult and Maternal Mortality,Maternal mortality rate
MM_MMRT_W_MDT,Adult and Maternal Mortality,Maternal mortality rate
MM_MMRT_W_MRT,Adult and Maternal Mortality,Maternal mortality rate
MM_MMRT_W_PDT,Adult and Maternal Mortality,Maternal mortality rate
MM_MMRT_W_PRT,Adult and Maternal Mortality,Maternal mortality rate
PR_DESC_M_ALT,Fertility Preferences,Desire for children
PR_DESC_M_ASN,Fertility Preferences,Desire for children
PR_DESC_M_AUN,Fertility Preferences,Desire for children
PR_DESC_M_INF,Fertility Preferences,Desire for children
PR_DESC_M_MIS,Fertility Preferences,Desire for children
PR_DESC_M_NUM,Fertility Preferences,Desire for children
PR_DESC_M_STR,Fertility Preferences,Desire for children
PR_DESC_M_TOT,Fertility Preferences,Desire for children
PR_DESC_M_UND,Fertility Preferences,Desire for children
PR_DESC_M_UNW,Fertility Preferences,Desire for children
PR_DESC_M_WNM,Fertility Preferences,Desire for children
PR_DESC_W_ALT,Fertility Preferences,Desire for children
PR_DESC_W_ASN,Fertility Preferences,Desire for children
PR_DESC_W_AUN,Fertility Preferences,Desire for children
PR_DESC_W_INF,Fertility Preferences,Desire for children
PR_DESC_W_MIS,Fertility Preferences,Desire for children
PR_DESC_W_NUM,Fertility Preferences,Desire for children
PR_DESC_W_STR,Fertility Preferences,Desire for children
PR_DESC_W_TOT,Fertility Preferences,Desire for children
PR_DESC_W_UND,Fertility Preferences,Desire for children
PR_DESC_W_UNW,Fertility Preferences,Desire for children
PR_DESC_W_WNM,Fertility Preferences,Desire for children
PR_DESL_M_NUM,Fertility Preferences,Desire to limit childbearing
PR_DESL_M_UNW,Fertility Preferences,Desire to limit childbearing
PR_DESL_M_WNM,Fertility Preferences,Desire to limit childbearing
PR_DESL_W_NUM,Fertility Preferences,Desire to limit childbearing
PR_DESL_W_UNW,Fertility Preferences,Desire to limit childbearing
PR_DESL_W_WNM,Fertility Preferences,Desire to limit childbearing
PR_IDLC_M_ID0,Fertility Preferences,Ideal number of children
PR_IDLC_M_ID1,Fertility Preferences,Ideal number of children
PR_IDLC_M_ID2,Fertility Preferences,Ideal number of children
PR_IDLC_M_ID3,Fertility Preferences,Ideal number of children
PR_IDLC_M_ID4,Fertility Preferences,Ideal number of children
PR_IDLC_M_ID5,Fertility Preferences,Ideal number of children
PR_IDLC_M_ID6,Fertility Preferences,Ideal number of children
PR_IDLC_M_IDN,Fertility Preferences,Ideal number of children
PR_IDLC_M_M5A,Fertility Preferences,Ideal number of children
PR_IDLC_M_M5M,Fertility Preferences,Ideal number of children
PR_IDLC_M_MNA,Fertility Preferences,Ideal number of children
PR_IDLC_M_MNM,Fertility Preferences,Ideal number of children
PR_IDLC_M_N5A,Fertility Preferences,Ideal number of children
PR_IDLC_M_N5M,Fertility Preferences,Ideal number of children
PR_IDLC_M_NMA,Fertility Preferences,Ideal number of children
PR_IDLC_M_NMM,Fertility Preferences,Ideal number of children
PR_IDLC_M_NUM,Fertility Preferences,Ideal number of children
PR_IDLC_M_TOT,Fertility Preferences,Ideal number of children
PR_IDLC_M_U5A,Fertility Preferences,Ideal number of children
PR_IDLC_M_U5M,Fertility Preferences,Ideal number of children
PR_IDLC_M_UNA,Fertility Preferences,Ideal number of children
PR_IDLC_M_UNM,Fertility Preferences,Ideal number of children
PR_IDLC_M_UNW,Fertility Preferences,Ideal number of children
PR_IDLC_W_ID0,Fertility Preferences,Ideal number of children
PR_IDLC_W_ID1,Fertility Preferences,Ideal number of children
PR_IDLC_W_ID2,Fertility Preferences,Ideal number of children
PR_IDLC_W_ID3,Fertility Preferences,Ideal number of children
PR_IDLC_W_ID4,Fertility Preferences,Ideal number of children
PR_IDLC_W_ID5,Fertility Preferences,Ideal number of children
PR_IDLC_W_ID6,Fertility Preferences,Ideal number of children
PR_IDLC_W_IDN,Fertility Preferences,Ideal number of children
PR_IDLC_W_MNA,Fertility Preferences,Ideal number of children
PR_IDLC_W_MNM,Fertility Preferences,Ideal number of children
PR_IDLC_W_NMA,Fertility Preferences,Ideal number of children
PR_IDLC_W_NMM,Fertility Preferences,Ideal number of children
PR_IDLC_W_NUM,Fertility Preferences,Ideal number of children
PR_IDLC_W_TOT,Fertility Preferences,Ideal number of children
PR_IDLC_W_UNA,Fertility Preferences,Ideal number of children
PR_IDLC_W_UNM,Fertility Preferences,Ideal number of children
PR_IDLC_W_UNW,Fertility Preferences,Ideal number of children
PR_MIDL_W_MNA,Fertility Preferences,Mean ideal number of children
PR_MIDL_W_NUM,Fertility Preferences,Mean ideal number of children
PR_MIDL_W_UNW,Fertility Preferences,Mean ideal number of children
PR_PLSA_W_LAT,Fertility Preferences,Fertility planning status (all pregnancy outcomes)
PR_PLSA_W_MIS,Fertility Preferences,Fertility planning status (all pregnancy outcomes)
PR_PLSA_W_NOM,Fertility Preferences,Fertility planning status (all pregnancy outcomes)
PR_PLSA_W_NUM,Fertility Preferences,Fertility planning status (all pregnancy outcomes)
PR_PLSA_W_THN,Fertility Preferences,Fertility planning status (all pregnancy outcomes)
PR_PLSA_W_TOT,Fertility Preferences,Fertility planning status (all pregnancy outcomes)
PR_PLSA_W_UNW,Fertility Preferences,Fertility planning status (all pregnancy outcomes)
PR_PLST_W_LAT,Fertility Preferences,Fertility planning status
PR_PLST_W_MIS,Fertility Preferences,Fertility planning status
PR_PLST_W_NOM,Fertility Preferences,Fertility planning status
PR_PLST_W_NUM,Fertility Preferences,Fertility planning status
PR_PLST_W_THN,Fertility Preferences,Fertility planning status
PR_PLST_W_TOT,Fertility Preferences,Fertility planning status
PR_PLST_W_UNW,Fertility Preferences,Fertility planning status
PR_WTFR_W_WFR,Fertility Preferences,Wanted fertility rates
RH_ANCC_W_IRN,Reproductive Health,Components of antenatal care
RH_ANCC_W_NUM,Reproductive Health,Components of antenatal care
RH_ANCC_W_PAR,Reproductive Health,Components of antenatal care
RH_ANCC_W_UNW,Reproductive Health,Components of antenatal care
RH_ANCN_W_DKM,Reproductive Health,Number of antenatal care visits
RH_ANCN_W_N01,Reproductive Health,Number of antenatal care visits
RH_ANCN_W_N23,Reproductive Health,Number of antenatal care visits
RH_ANCN_W_N47,Reproductive Health,Number of antenatal care visits
RH_ANCN_W_N4P,Reproductive Health,Number of antenatal care visits
RH_ANCN_W_N8P,Reproductive Health,Number of antenatal care visits
RH_ANCN_W_NON,Reproductive Health,Number of antenatal care visits
RH_ANCN_W_TOT,Reproductive Health,Number of antenatal care visits
RH_ANCP_W_AUX,Reproductive Health,Antenatal care
RH_ANCP_W_CHW,Reproductive Health,Antenatal care
RH_ANCP_W_DOC,Reproductive Health,Antenatal care
RH_ANCP_W_MIS,Reproductive Health,Antenatal care
RH_ANCP_W_NON,Reproductive Health,Antenatal care
RH_ANCP_W_NRS,Reproductive Health,Antenatal care
RH_ANCP_W_NUM,Reproductive Health,Antenatal care
RH_ANCP_W_OHW,Reproductive Health,Antenatal care
RH_ANCP_W_OTH,Reproductive Health,Antenatal care
RH_ANCP_W_SKP,Reproductive Health,Antenatal care
RH_ANCP_W_TBA,Reproductive Health,Antenatal care
RH_ANCP_W_TOT,Reproductive Health,Antenatal care
RH_ANCP_W_UNW,Reproductive Health,Antenatal care
RH_ANCS_W_BLP,Reproductive Health,Antenatal care services (of those receiving ANC)
RH_ANCS_W_BLS,Reproductive Health,Antenatal care services (of those receiving ANC)
RH_ANCS_W_HGT,Reproductive Health,Antenatal care services (of those receiving ANC)
RH_ANCS_W_NUM,Reproductive Health,Antenatal care services (of those receiving ANC)
RH_ANCS_W_SGN,Reproductive Health,Antenatal care services (of those receiving ANC)
RH_ANCS_W_UNW,Reproductive Health,Antenatal care services (of those receiving ANC)
RH_ANCS_W_URN,Reproductive Health,Antenatal care services (of those receiving ANC)
RH_ANCS_W_WGT,Reproductive Health,Antenatal care services (of those receiving ANC)
RH_ANCT_W_DKM,Reproductive Health,Timing of antenatal care visits
RH_ANCT_W_MED,Reproductive Health,Timing of antenatal care visits
RH_ANCT_W_NMA,Reproductive Health,Timing of antenatal care visits
RH_ANCT_W_NON,Reproductive Health,Timing of antenatal care visits
RH_ANCT_W_NUM,Reproductive Health,Timing of antenatal care visits
RH_ANCT_W_T45,Reproductive Health,Timing of antenatal care visits
RH_ANCT_W_T67,Reproductive Health,Timing of antenatal care visits
RH_ANCT_W_T8P,Reproductive Health,Timing of antenatal care visits
RH_ANCT_W_TL4,Reproductive Health,Timing of antenatal care visits
RH_ANCT_W_TOT,Reproductive Health,Timing of antenatal care visits
RH_ANCT_W_UNA,Reproductive Health,Timing of antenatal care visits
RH_ANCT_W_UNW,Reproductive Health,Timing of antenatal care visits
RH_CPCN_C_BRF,Reproductive Health,Content of postnatal care for newborns
RH_CPCN_C_CRD,Reproductive Health,Content of postnatal care for newborns
RH_CPCN_C_DNG,Reproductive Health,Content of postnatal care for newborns
RH_CPCN_C_NUM,Reproductive Health,Content of postnatal care for newborns
RH_CPCN_C_OBB,Reproductive Health,Content of postnatal care for newborns
RH_CPCN_C_S2P,Reproductive Health,Content of postnatal care for newborns
RH_CPCN_C_TMP,Reproductive Health,Content of postnatal care for newborns
RH_CPCN_C_UNW,Reproductive Health,Content of postnatal care for newborns
RH_CPCN_C_WGH,Reproductive Health,Content of postnatal care for newborns
RH_DELA_C_AUX,Reproductive Health,Assistance during delivery
RH_DELA_C_CSA,Reproductive Health,Assistance during delivery
RH_DELA_C_CSC,Reproductive Health,Assistance during delivery
RH_DELA_C_CSM,Reproductive Health,Assistance during delivery
RH_DELA_C_CSP,Reproductive Health,Assistance during delivery
RH_DELA_C_DKM,Reproductive Health,Assistance during delivery
RH_DELA_C_DOC,Reproductive Health,Assistance during delivery
RH_DELA_C_NON,Reproductive Health,Assistance during delivery
RH_DELA_C_NRS,Reproductive Health,Assistance during delivery
RH_DELA_C_NUM,Reproductive Health,Assistance during delivery
RH_DELA_C_OHP,Reproductive Health,Assistance during delivery
RH_DELA_C_OHW,Reproductive Health,Assistance during delivery
RH_DELA_C_REL,Reproductive Health,Assistance during delivery
RH_DELA_C_SKN,Reproductive Health,Assistance during delivery
RH_DELA_C_SKP,Reproductive Health,Assistance during delivery
RH_DELA_C_TBA,Reproductive Health,Assistance during delivery
RH_DELA_C_TOT,Reproductive Health,Assistance during delivery
RH_DELA_C_UNW,Reproductive Health,Assistance during delivery
RH_DELP_C_DHF,Reproductive Health,Place of delivery
RH_DELP_C_DKM,Reproductive Health,Place of delivery
RH_DELP_C_HOM,Reproductive Health,Place of delivery
RH_DELP_C_NUM,Reproductive Health,Place of delivery
RH_DELP_C_OTH,Reproductive Health,Place of delivery
RH_DELP_C_PRV,Reproductive Health,Place of delivery
RH_DELP_C_PUB,Reproductive Health,Place of delivery
RH_DELP_C_TOT,Reproductive Health,Place of delivery
RH_DELP_C_UNW,Reproductive Health,Place of delivery
RH_DURH_W_D12,Reproductive Health,Duration of stay in health facility
RH_DURH_W_D3P,Reproductive Health,Duration of stay in health facility
RH_DURH_W_DKM,Reproductive Health,Duration of stay in health facility
RH_DURH_W_H05,Reproductive Health,Duration of stay in health facility
RH_DURH_W_H06,Reproductive Health,Duration of stay in health facility
RH_DURH_W_H12,Reproductive Health,Duration of stay in health facility
RH_DURH_W_NUM,Reproductive Health,Duration of stay in health facility
RH_DURH_W_TOT,Reproductive Health,Duration of stay in health facility
RH_DURH_W_UNW,Reproductive Health,Duration of stay in health facility
RH_PAHC_W_ALN,Reproductive Health,Problems in accessing health care
RH_PAHC_W_DIS,Reproductive Health,Problems in accessing health care
RH_PAHC_W_FEM,Reproductive Health,Problems in accessing health care
RH_PAHC_W_KNW,Reproductive Health,Problems in accessing health care
RH_PAHC_W_MON,Reproductive Health,Problems in accessing health care
RH_PAHC_W_NUM,Reproductive Health,Problems in accessing health care
RH_PAHC_W_PR1,Reproductive Health,Problems in accessing health care
RH_PAHC_W_PRM,Reproductive Health,Problems in accessing health care
RH_PAHC_W_TRN,Reproductive Health,Problems in accessing health care
RH_PAHC_W_UNW,Reproductive Health,Problems in accessing health care
RH_PCCP_C_CHW,Reproductive Health,Type of provider of first postnatal checkup for the newborn
RH_PCCP_C_DKM,Reproductive Health,Type of provider of first postnatal checkup for the newborn
RH_PCCP_C_DOC,Reproductive Health,Type of provider of first postnatal checkup for the newborn
RH_PCCP_C_NON,Reproductive Health,Type of provider of first postnatal checkup for the newborn
RH_PCCP_C_NRS,Reproductive Health,Type of provider of first postnatal checkup for the newborn
RH_PCCP_C_NUM,Reproductive Health,Type of provider of first postnatal checkup for the newborn
RH_PCCP_C_OHW,Reproductive Health,Type of provider of first postnatal checkup for the newborn
RH_PCCP_C_TBA,Reproductive Health,Type of provider of first postnatal checkup for the newborn
RH_PCCP_C_TOT,Reproductive Health,Type of provider of first postnatal checkup for the newborn
RH_PCCP_C_UNW,Reproductive Health,Type of provider of first postnatal checkup for the newborn
RH_PCCT_C_D12,Reproductive Health,Timing of first postnatal checkup for the newborn
RH_PCCT_C_D36,Reproductive Health,Timing of first postnatal checkup for the newborn
RH_PCCT_C_DKM,Reproductive Health,Timing of first postnatal checkup for the newborn
RH_PCCT_C_DY2,Reproductive Health,Timing of first postnatal checkup for the newborn
RH_PCCT_C_H13,Reproductive Health,Timing of first postnatal checkup for the newborn
RH_PCCT_C_H4P,Reproductive Health,Timing of first postnatal checkup for the newborn
RH_PCCT_C_L1H,Reproductive Health,Timing of first postnatal checkup for the newborn
RH_PCCT_C_NON,Reproductive Health,Timing of first postnatal checkup for the newborn
RH_PCCT_C_NUM,Reproductive Health,Timing of first postnatal checkup for the newborn
RH_PCCT_C_TOT,Reproductive Health,Timing of first postnatal checkup for the newborn
RH_PCCT_C_UNW,Reproductive Health,Timing of first postnatal checkup for the newborn
RH_PCMP_W_CHW,Reproductive Health,Type of provider of first postnatal checkup for the mother
RH_PCMP_W_DKM,Reproductive Health,Type of provider of first postnatal checkup for the mother
RH_PCMP_W_DOC,Reproductive Health,Type of provider of first postnatal checkup for the mother
RH_PCMP_W_NON,Reproductive Health,Type of provider of first postnatal checkup for the mother
RH_PCMP_W_NRS,Reproductive Health,Type of provider of first postnatal checkup for the mother
RH_PCMP_W_NUM,Reproductive Health,Type of provider of first postnatal checkup for the mother
RH_PCMP_W_OHW,Reproductive Health,Type of provider of first postnatal checkup for the mother
RH_PCMP_W_TBA,Reproductive Health,Type of provider of first postnatal checkup for the mother
RH_PCMP_W_TOT,Reproductive Health,Type of provider of first postnatal checkup for the mother
RH_PCMP_W_UNW,Reproductive Health,Type of provider of first postnatal checkup for the mother
RH_PCMT_W_23H,Reproductive Health,Timing of first postnatal checkup for the mother
RH_PCMT_W_D12,Reproductive Health,Timing of first postnatal checkup for the mother
RH_PCMT_W_D36,Reproductive Health,Timing of first postnatal checkup for the mother
RH_PCMT_W_D7P,Reproductive Health,Timing of first postnatal checkup for the mother
RH_PCMT_W_DKM,Reproductive Health,Timing of first postnatal checkup for the mother
RH_PCMT_W_DY2,Reproductive Health,Timing of first postnatal checkup for the mother
RH_PCMT_W_L4H,Reproductive Health,Timing of first postnatal checkup for the mother
RH_PCMT_W_NON,Reproductive Health,Timing of first postnatal checkup for the mother
RH_PCMT_W_NUM,Reproductive Health,Timing of first postnatal checkup for the mother
RH_PCMT_W_TOT,Reproductive Health,Timing of first postnatal checkup for the mother
RH_PCMT_W_UNW,Reproductive Health,Timing of first postnatal checkup for the mother
RH_TTIJ_W_DKM,Reproductive Health,Tetanus toxoid injections
RH_TTIJ_W_NUM,Reproductive Health,Tetanus toxoid injections
RH_TTIJ_W_PRT,Reproductive Health,Tetanus toxoid injections
RH_TTIJ_W_TOT,Reproductive Health,Tetanus toxoid injections
RH_TTIJ_W_TT0,Reproductive Health,Tetanus toxoid injections
RH_TTIJ_W_TT1,Reproductive Health,Tetanus toxoid injections
RH_TTIJ_W_TT2,Reproductive Health,Tetanus toxoid injections
RH_TTIJ_W_UNW,Reproductive Health,Tetanus toxoid injections
SV_BACK_M_NUM,Survey Characteristics,Background characteristics
SV_BACK_M_PCM,Survey Characteristics,Background characteristics
SV_BACK_M_UNW,Survey Characteristics,Background characteristics
SV_BACK_W_NUM,Survey Characteristics,Background characteristics
SV_BACK_W_PCW,Survey Characteristics,Background characteristics
SV_BACK_W_UNW,Survey Characteristics,Background characteristics
SV_HRES_H_ABS,Survey Characteristics,Results of the household interviews
SV_HRES_H_DES,Survey Characteristics,Results of the household interviews
SV_HRES_H_DNF,Survey Characteristics,Results of the household interviews
SV_HRES_H_INN,Survey Characteristics,Results of the household interviews
SV_HRES_H_INT,Survey Characteristics,Results of the household interviews
SV_HRES_H_NOR,Survey Characteristics,Results of the household interviews
SV_HRES_H_OCC,Survey Characteristics,Results of the household interviews
SV_HRES_H_OTH,Survey Characteristics,Results of the household interviews
SV_HRES_H_POS,Survey Characteristics,Results of the household interviews
SV_HRES_H_REF,Survey Characteristics,Results of the household interviews
SV_HRES_H_RES,Survey Characteristics,Results of the household interviews
SV_HRES_H_SEL,Survey Characteristics,Results of the household interviews
SV_HRES_H_TOT,Survey Characteristics,Results of the household interviews
SV_HRES_H_VAC,Survey Characteristics,Results of the household interviews
SV_HRSM_H_ABS,Survey Characteristics,Results of the household interviews for men's subsample
SV_HRSM_H_DES,Survey Characteristics,Results of the household interviews for men's subsample
SV_HRSM_H_DNF,Survey Characteristics,Results of the household interviews for men's subsample
SV_HRSM_H_INN,Survey Characteristics,Results of the household interviews for men's subsample
SV_HRSM_H_INT,Survey Characteristics,Results of the household interviews for men's subsample
SV_HRSM_H_NOR,Survey Characteristics,Results of the household interviews for men's subsample
SV_HRSM_H_OCC,Survey Characteristics,Results of the household interviews for men's subsample
SV_HRSM_H_OTH,Survey Characteristics,Results of the household interviews for men's subsample
SV_HRSM_H_POS,Survey Characteristics,Results of the household interviews for men's subsample
SV_HRSM_H_REF,Survey Characteristics,Results of the household interviews for men's subsample
SV_HRSM_H_RES,Survey Characteristics,Results of the household interviews for men's subsample
SV_HRSM_H_SEL,Survey Characteristics,Results of the household interviews for men's subsample
SV_HRSM_H_TOT,Survey Characteristics,Results of the household interviews for men's subsample
SV_HRSM_H_VAC,Survey Characteristics,Results of the household interviews for men's subsample
SV_INTV_H_MED,Survey Characteristics,Interview date and duration
SV_INTV_H_MNI,Survey Characteristics,Interview date and duration
SV_INTV_H_NUM,Survey Characteristics,Interview date and duration
SV_INTV_H_UNW,Survey Characteristics,Interview date and duration
SV_INTV_H_YRI,Survey Characteristics,Interview date and duration
SV_INTV_M_MED,Survey Characteristics,Interview date and duration
SV_INTV_M_MNI,Survey Characteristics,Interview date and duration
SV_INTV_M_NUM,Survey Characteristics,Interview date and duration
SV_INTV_M_UNW,Survey Characteristics,Interview date and duration
SV_INTV_W_MED,Survey Characteristics,Interview date and duration
SV_INTV_W_MNI,Survey Characteristics,Interview date and duration
SV_INTV_W_NUM,Survey Characteristics,Interview date and duration
SV_INTV_W_UNW,Survey Characteristics,Interview date and duration
SV_RESI_M_ELG,Survey Characteristics,Results of the individual interviews
SV_RESI_M_INC,Survey Characteristics,Results of the individual interviews
SV_RESI_M_INN,Survey Characteristics,Results of the individual interviews
SV_RESI_M_INT,Survey Characteristics,Results of the individual interviews
SV_RESI_M_NAH,Survey Characteristics,Results of the individual interviews
SV_RESI_M_ORR,Survey Characteristics,Results of the individual interviews
SV_RESI_M_OTH,Survey Characteristics,Results of the individual interviews
SV_RESI_M_POS,Survey Characteristics,Results of the individual interviews
SV_RESI_M_PRT,Survey Characteristics,Results of the individual interviews
SV_RESI_M_REF,Survey Characteristics,Results of the individual interviews
SV_RESI_M_RES,Survey Characteristics,Results of the individual interviews
SV_RESI_M_TOT,Survey Characteristics,Results of the individual interviews
SV_RESI_W_ELG,Survey Characteristics,Results of the individual interviews
SV_RESI_W_INC,Survey Characteristics,Results of the individual interviews
SV_RESI_W_INN,Survey Characteristics,Results of the individual interviews
SV_RESI_W_INT,Survey Characteristics,Results of the individual interviews
SV_RESI_W_NAH,Survey Characteristics,Results of the individual interviews
SV_RESI_W_ORR,Survey Characteristics,Results of the individual interviews
SV_RESI_W_OTH,Survey Characteristics,Results of the individual interviews
SV_RESI_W_POS,Survey Characteristics,Results of the individual interviews
SV_RESI_W_PRT,Survey Characteristics,Results of the individual interviews
SV_RESI_W_REF,Survey Characteristics,Results of the individual interviews
SV_RESI_W_RES,Survey Characteristics,Results of the individual interviews
SV_RESI_W_TOT,Survey Characteristics,Results of the individual interviews
SX_AAFS_M_M20,Sexual Activity,Median age at first sexual intercourse
SX_AAFS_M_M25,Sexual Activity,Median age at first sexual intercourse
SX_AAFS_M_M2A,Sexual Activity,Median age at first sexual intercourse
SX_AAFS_M_M2B,Sexual Activity,Median age at first sexual intercourse
SX_AAFS_M_M30,Sexual Activity,Median age at first sexual intercourse
SX_AAFS_M_M35,Sexual Activity,Median age at first sexual intercourse
SX_AAFS_M_M40,Sexual Activity,Median age at first sexual intercourse
SX_AAFS_M_M45,Sexual Activity,Median age at first sexual intercourse
SX_AAFS_M_M50,Sexual Activity,Median age at first sexual intercourse
SX_AAFS_M_M55,Sexual Activity,Median age at first sexual intercourse
SX_AAFS_M_M60,Sexual Activity,Median age at first sexual intercourse
SX_AAFS_W_M20,Sexual Activity,Median age at first sexual intercourse
SX_AAFS_W_M25,Sexual Activity,Median age at first sexual intercourse
SX_AAFS_W_M2A,Sexual Activity,Median age at first sexual intercourse
SX_AAFS_W_M2B,Sexual Activity,Median age at first sexual intercourse
SX_AAFS_W_M30,Sexual Activity,Median age at first sexual intercourse
SX_AAFS_W_M35,Sexual Activity,Median age at first sexual intercourse
SX_AAFS_W_M40,Sexual Activity,Median age at first sexual intercourse
SX_AAFS_W_M45,Sexual Activity,Median age at first sexual intercourse
SX_LSEX_M_1PY,Sexual Activity,Timing of last sexual intercourse
SX_LSEX_M_1YR,Sexual Activity,Timing of last sexual intercourse
SX_LSEX_M_4WK,Sexual Activity,Timing of last sexual intercourse
SX_LSEX_M_MIS,Sexual Activity,Timing of last sexual intercourse
SX_LSEX_M_NSX,Sexual Activity,Timing of last sexual intercourse
SX_LSEX_M_NUM,Sexual Activity,Timing of last sexual intercourse
SX_LSEX_M_TOT,Sexual Activity,Timing of last sexual intercourse
SX_LSEX_M_UNW,Sexual Activity,Timing of last sexual intercourse
SX_LSEX_W_1PY,Sexual Activity,Timing of last sexual intercourse
SX_LSEX_W_1YR,Sexual Activity,Timing of last sexual intercourse
SX_LSEX_W_4WK,Sexual Activity,Timing of last sexual intercourse
SX_LSEX_W_MIS,Sexual Activity,Timing of last sexual intercourse
SX_LSEX_W_NSX,Sexual Activity,Timing of last sexual intercourse
SX_LSEX_W_NUM,Sexual Activity,Timing of last sexual intercourse
SX_LSEX_W_TOT,Sexual Activity,Timing of last sexual intercourse
SX_LSEX_W_UNW,Sexual Activity,Timing of last sexual intercourse
SX_SACY_M_ESX,Sexual Activity,Sexual activity among 15-19 year olds
SX_SACY_M_NUM,Sexual Activity,Sexual activity among 15-19 year olds
SX_SACY_M_SAC,Sexual Activity,Sexual activity among 15-19 year olds
SX_SACY_M_UNW,Sexual Activity,Sexual activity among 15-19 year olds
SX_SACY_W_ESX,Sexual Activity,Sexual activity among 15-19 year olds
SX_SACY_W_NUM,Sexual Activity,Sexual activity among 15-19 year olds
SX_SACY_W_SAC,Sexual Activity,Sexual activity among 15-19 year olds
SX_SACY_W_UNW,Sexual Activity,Sexual activity among 15-19 year olds
SX_SBAG_M_B15,Sexual Activity,First sexual intercourse by exact age
SX_SBAG_M_B18,Sexual Activity,First sexual intercourse by exact age
SX_SBAG_M_B20,Sexual Activity,First sexual intercourse by exact age
SX_SBAG_M_B22,Sexual Activity,First sexual intercourse by exact age
SX_SBAG_M_B25,Sexual Activity,First sexual intercourse by exact age
SX_SBAG_M_NSX,Sexual Activity,First sexual intercourse by exact age
SX_SBAG_M_NUM,Sexual Activity,First sexual intercourse by exact age
SX_SBAG_M_UNW,Sexual Activity,First sexual intercourse by exact age
SX_SBAG_W_B15,Sexual Activity,First sexual intercourse by exact age
SX_SBAG_W_B18,Sexual Activity,First sexual intercourse by exact age
SX_SBAG_W_B20,Sexual Activity,First sexual intercourse by exact age
SX_SBAG_W_B22,Sexual Activity,First sexual intercourse by exact age
SX_SBAG_W_B25,Sexual Activity,First sexual intercourse by exact age
SX_SBAG_W_NSX,Sexual Activity,First sexual intercourse by exact age
SX_SBAG_W_NUM,Sexual Activity,First sexual intercourse by exact age
SX_SBAG_W_UNW,Sexual Activity,First sexual intercourse by exact age
SX_SBAY_M_B15,Sexual Activity,First sexual intercourse by exact age (age 20-24)
SX_SBAY_M_B18,Sexual Activity,First sexual intercourse by exact age (age 20-24)
SX_SBAY_M_B20,Sexual Activity,First sexual intercourse by exact age (age 20-24)
SX_SBAY_M_MSX,Sexual Activity,First sexual intercourse by exact age (age 20-24)
SX_SBAY_M_NSX,Sexual Activity,First sexual intercourse by exact age (age 20-24)
SX_SBAY_M_NUM,Sexual Activity,First sexual intercourse by exact age (age 20-24)
SX_SBAY_M_UNW,Sexual Activity,First sexual intercourse by exact age (age 20-24)
SX_SBAY_W_B15,Sexual Activity,First sexual intercourse by exact age (age 20-24)
SX_SBAY_W_B18,Sexual Activity,First sexual intercourse by exact age (age 20-24)
SX_SBAY_W_B20,Sexual Activity,First sexual intercourse by exact age (age 20-24)
SX_SBAY_W_MSX,Sexual Activity,First sexual intercourse by exact age (age 20-24)
SX_SBAY_W_NSX,Sexual Activity,First sexual intercourse by exact age (age 20-24)
SX_SBAY_W_NUM,Sexual Activity,First sexual intercourse by exact age (age 20-24)
SX_SBAY_W_UNW,Sexual Activity,First sexual intercourse by exact age (age 20-24)
WE_AWBT_M_AGR,Women's Empowerment,Attitude toward wife beating
WE_AWBT_M_ARG,Women's Empowerment,Attitude toward wife beating
WE_AWBT_M_BFD,Women's Empowerment,Attitude toward wife beating
WE_AWBT_M_NEG,Women's Empowerment,Attitude toward wife beating
WE_AWBT_M_NUM,Women's Empowerment,Attitude toward wife beating
WE_AWBT_M_OUT,Women's Empowerment,Attitude toward wife beating
WE_AWBT_M_REF,Women's Empowerment,Attitude toward wife beating
WE_AWBT_M_UNW,Women's Empowerment,Attitude toward wife beating
WE_AWBT_W_AGR,Women's Empowerment,Attitude toward wife beating
WE_AWBT_W_ARG,Women's Empowerment,Attitude toward wife beating
WE_AWBT_W_BFD,Women's Empowerment,Attitude toward wife beating
WE_AWBT_W_NEG,Women's Empowerment,Attitude toward wife beating
WE_AWBT_W_NUM,Women's Empowerment,Attitude toward wife beating
WE_AWBT_W_OUT,Women's Empowerment,Attitude toward wife beating
WE_AWBT_W_REF,Women's Empowerment,Attitude toward wife beating
WE_AWBT_W_UNW,Women's Empowerment,Attitude toward wife beating
WE_DMAK_M_2DC,Women's Empowerment,Participation in decision making
WE_DMAK_M_MPC,Women's Empowerment,Participation in decision making
WE_DMAK_M_NON,Women's Empowerment,Participation in decision making
WE_DMAK_M_NUM,Women's Empowerment,Participation in decision making
WE_DMAK_M_OHC,Women's Empowerment,Participation in decision making
WE_DMAK_M_UNW,Women's Empowerment,Participation in decision making
WE_DMAK_W_3DC,Women's Empowerment,Participation in decision making
WE_DMAK_W_CKD,Women's Empowerment,Participation in decision making
WE_DMAK_W_DPC,Women's Empowerment,Participation in decision making
WE_DMAK_W_FAM,Women's Empowerment,Participation in decision making
WE_DMAK_W_MPC,Women's Empowerment,Participation in decision making
WE_DMAK_W_NON,Women's Empowerment,Participation in decision making
WE_DMAK_W_NUM,Women's Empowerment,Participation in decision making
WE_DMAK_W_OHC,Women's Empowerment,Participation in decision making
WE_DMAK_W_UNW,Women's Empowerment,Participation in decision making
WE_DMKH_M_DKM,Women's Empowerment,Participation in decision making: Own health care
WE_DMKH_M_ELS,Women's Empowerment,Participation in decision making: Own health care
WE_DMKH_M_HUS,Women's Empowerment,Participation in decision making: Own health care
WE_DMKH_M_JNT,Women's Empowerment,Participation in decision making: Own health care
WE_DMKH_M_NUM,Women's Empowerment,Participation in decision making: Own health care
WE_DMKH_M_OTH,Women's Empowerment,Participation in decision making: Own health care
WE_DMKH_M_TOT,Women's Empowerment,Participation in decision making: Own health care
WE_DMKH_M_WIF,Women's Empowerment,Participation in decision making: Own health care
WE_DMKH_W_DKM,Women's Empowerment,Participation in decision making: Own health care
WE_DMKH_W_ELS,Women's Empowerment,Participation in decision making: Own health care
WE_DMKH_W_HUS,Women's Empowerment,Participation in decision making: Own health care
WE_DMKH_W_JNT,Women's Empowerment,Participation in decision making: Own health care
WE_DMKH_W_NUM,Women's Empowerment,Participation in decision making: Own health care
WE_DMKH_W_OTH,Women's Empowerment,Participation in decision making: Own health care
WE_DMKH_W_TOT,Women's Empowerment,Participation in decision making: Own health care
WE_DMKH_W_WIF,Women's Empowerment,Participation in decision making: Own health care
WE_DMKP_M_DKM,Women's Empowerment,Participation in decision making: Major household purchases
WE_DMKP_M_ELS,Women's Empowerment,Participation in decision making: Major household purchases
WE_DMKP_M_HUS,Women's Empowerment,Participation in decision making: Major household purchases
WE_DMKP_M_JNT,Women's Empowerment,Participation in decision making: Major household purchases
WE_DMKP_M_NUM,Women's Empowerment,Participation in decision making: Major household purchases
WE_DMKP_M_OTH,Women's Empowerment,Participation in decision making: Major household purchases
WE_DMKP_M_TOT,Women's Empowerment,Participation in decision making: Major household purchases
WE_DMKP_M_UNW,Women's Empowerment,Participation in decision making: Major household purchases
WE_DMKP_M_WIF,Women's Empowerment,Participation in decision making: Major household purchases
WE_DMKP_W_DKM,Women's Empowerment,Participation in decision making: Major household purchases
WE_DMKP_W_ELS,Women's Empowerment,Participation in decision making: Major household purchases
WE_DMKP_W_HUS,Women's Empowerment,Participation in decision making: Major household purchases
WE_DMKP_W_JNT,Women's Empowerment,Participation in decision making: Major household purchases
WE_DMKP_W_NUM,Women's Empowerment,Participation in decision making: Major household purchases
WE_DMKP_W_OTH,Women's Empowerment,Participation in decision making: Major household purchases
WE_DMKP_W_TOT,Women's Empowerment,Participation in decision making: Major household purchases
WE_DMKP_W_WIF,Women's Empowerment,Participation in decision making: Major household purchases
WE_DMKV_W_DKM,Women's Empowerment,Participation in decision making: Visits to her family or relatives
WE_DMKV_W_ELS,Women's Empowerment,Participation in decision making: Visits to her family or relatives
WE_DMKV_W_HUS,Women's Empowerment,Participation in decision making: Visits to her family or relatives
WE_DMKV_W_JNT,Women's Empowerment,Participation in decision making: Visits to her family or relatives
WE_DMKV_W_NUM,Women's Empowerment,Participation in decision making: Visits to her family or relatives
WE_DMKV_W_OTH,Women's Empowerment,Participation in decision making: Visits to her family or relatives
WE_DMKV_W_TOT,Women's Empowerment,Participation in decision making: Visits to her family or relatives
WE_DMKV_W_UNW,Women's Empowerment,Participation in decision making: Visits to her family or relatives
WE_DMKV_W_WIF,Women's Empowerment,Participation in decision making: Visits to her family or relatives
WE_IDMH_W_CUS,Women's Empowerment,Informed decision making for reproductive health
WE_IDMH_W_HLC,Women's Empowerment,Informed decision making for reproductive health
WE_IDMH_W_NUM,Women's Empowerment,Informed decision making for reproductive health
WE_IDMH_W_RCH,Women's Empowerment,Informed decision making for reproductive health
WE_IDMH_W_RSX,Women's Empowerment,Informed decision making for reproductive health
WE_IDMH_W_UNW,Women's Empowerment,Informed decision making for reproductive health
WE_JRSX_W_ALL,Women's Empowerment,Justified in refusing sex
WE_JRSX_W_BTH,Women's Empowerment,Justified in refusing sex
WE_JRSX_W_NON,Women's Empowerment,Justified in refusing sex
WE_JRSX_W_NUM,Women's Empowerment,Justified in refusing sex
WE_JRSX_W_SEX,Women's Empowerment,Justified in refusing sex
WE_JRSX_W_STI,Women's Empowerment,Justified in refusing sex
WE_JRSX_W_TRD,Women's Empowerment,Justified in refusing sex
WE_JRSX_W_UNW,Women's Empowerment,Justified in refusing sex
WE_OWNA_M_HAJ,Women's Empowerment,Ownership of assets
WE_OWNA_M_HAL,Women's Empowerment,Ownership of assets
WE_OWNA_M_HDK,Women's Empowerment,Ownership of assets
WE_OWNA_M_HJN,Women's Empowerment,Ownership of assets
WE_OWNA_M_HNM,Women's Empowerment,Ownership of assets
WE_OWNA_M_HNO,Women's Empowerment,Ownership of assets
WE_OWNA_M_HTO,Women's Empowerment,Ownership of assets
WE_OWNA_M_HUN,Women's Empowerment,Ownership of assets
WE_OWNA_M_LAJ,Women's Empowerment,Ownership of assets
WE_OWNA_M_LAL,Women's Empowerment,Ownership of assets
WE_OWNA_M_LDK,Women's Empowerment,Ownership of assets
WE_OWNA_M_LJN,Women's Empowerment,Ownership of assets
WE_OWNA_M_LNM,Women's Empowerment,Ownership of assets
WE_OWNA_M_LNO,Women's Empowerment,Ownership of assets
WE_OWNA_M_LTO,Women's Empowerment,Ownership of assets
WE_OWNA_M_LUN,Women's Empowerment,Ownership of assets
WE_OWNA_W_HAJ,Women's Empowerment,Ownership of assets
WE_OWNA_W_HAL,Women's Empowerment,Ownership of assets
WE_OWNA_W_HDK,Women's Empowerment,Ownership of assets
WE_OWNA_W_HJN,Women's Empowerment,Ownership of assets
WE_OWNA_W_HNM,Women's Empowerment,Ownership of assets
WE_OWNA_W_HNO,Women's Empowerment,Ownership of assets
WE_OWNA_W_HTO,Women's Empowerment,Ownership of assets
WE_OWNA_W_HUN,Women's Empowerment,Ownership of assets
WE_OWNA_W_LAJ,Women's Empowerment,Ownership of assets
WE_OWNA_W_LAL,Women's Empowerment,Ownership of assets
WE_OWNA_W_LDK,Women's Empowerment,Ownership of assets
WE_OWNA_W_LJN,Women's Empowerment,Ownership of assets
WE_OWNA_W_LNM,Women's Empowerment,Ownership of assets
WE_OWNA_W_LNO,Women's Empowerment,Ownership of assets
WE_OWNA_W_LTO,Women's Empowerment,Ownership of assets
WE_OWNA_W_LUN,Women's Empowerment,Ownership of assets
WE_WEMP_W_DMK,Women's Empowerment,Indicators of women's empowerment
WE_WEMP_W_DWB,Women's Empowerment,Indicators of women's empowerment
WE_WEMP_W_NM1,Women's Empowerment,Indicators of women's empowerment
WE_WEMP_W_NM2,Women's Empowerment,Indicators of women's empowerment
WE_WEMP_W_UN1,Women's Empowerment,Indicators of women's empowerment
WE_WEMP_W_UN2,Women's Empowerment,Indicators of women's empowerment
WS_ASDW_P_NUM,Water and Sanitation,Availability of sufficient drinking water
WS_ASDW_P_UNW,Water and Sanitation,Availability of sufficient drinking water
WS_ASDW_P_WAS,Water and Sanitation,Availability of sufficient drinking water
WS_ERWA_P_DKE,Water and Sanitation,Emptying and removal of waste
WS_ERWA_P_DKW,Water and Sanitation,Emptying and removal of waste
WS_ERWA_P_NEV,Water and Sanitation,Emptying and removal of waste
WS_ERWA_P_NUM,Water and Sanitation,Emptying and removal of waste
WS_ERWA_P_OPN,Water and Sanitation,Emptying and removal of waste
WS_ERWA_P_OTH,Water and Sanitation,Emptying and removal of waste
WS_ERWA_P_PIT,Water and Sanitation,Emptying and removal of waste
WS_ERWA_P_SAF,Water and Sanitation,Emptying and removal of waste
WS_ERWA_P_SDK,Water and Sanitation,Emptying and removal of waste
WS_ERWA_P_STP,Water and Sanitation,Emptying and removal of waste
WS_ERWA_P_TOT,Water and Sanitation,Emptying and removal of waste
WS_ERWA_P_TRT,Water and Sanitation,Emptying and removal of waste
WS_ERWA_P_UNS,Water and Sanitation,Emptying and removal of waste
WS_ERWA_P_UNW,Water and Sanitation,Emptying and removal of waste
WS_HNDW_H_BAS,Water and Sanitation,Handwashing
WS_HNDW_H_CLN,Water and Sanitation,Handwashing
WS_HNDW_H_FXD,Water and Sanitation,Handwashing
WS_HNDW_H_LTD,Water and Sanitation,Handwashing
WS_HNDW_H_MOB,Water and Sanitation,Handwashing
WS_HNDW_H_NM1,Water and Sanitation,Handwashing
WS_HNDW_H_NUM,Water and Sanitation,Handwashing
WS_HNDW_H_OBS,Water and Sanitation,Handwashing
WS_HNDW_H_SOP,Water and Sanitation,Handwashing
WS_HNDW_H_UN1,Water and Sanitation,Handwashing
WS_HNDW_H_UNW,Water and Sanitation,Handwashing
WS_HNDW_H_WAT,Water and Sanitation,Handwashing
WS_HNDW_P_BAS,Water and Sanitation,Handwashing
WS_HNDW_P_CLN,Water and Sanitation,Handwashing
WS_HNDW_P_FXD,Water and Sanitation,Handwashing
WS_HNDW_P_LTD,Water and Sanitation,Handwashing
WS_HNDW_P_MOB,Water and Sanitation,Handwashing
WS_HNDW_P_NM1,Water and Sanitation,Handwashing
WS_HNDW_P_NUM,Water and Sanitation,Handwashing
WS_HNDW_P_OBS,Water and Sanitation,Handwashing
WS_HNDW_P_SOP,Water and Sanitation,Handwashing
WS_HNDW_P_UN1,Water and Sanitation,Handwashing
WS_HNDW_P_UNW,Water and Sanitation,Handwashing
WS_HNDW_P_WAT,Water and Sanitation,Handwashing
WS_MHEX_P_NFC,Water and Sanitation,Management of household excreta
WS_MHEX_P_NON,Water and Sanitation,Management of household excreta
WS_MHEX_P_NUM,Water and Sanitation,Management of household excreta
WS_MHEX_P_SAF,Water and Sanitation,Management of household excreta
WS_MHEX_P_SEW,Water and Sanitation,Management of household excreta
WS_MHEX_P_SSR,Water and Sanitation,Management of household excreta
WS_MHEX_P_TOT,Water and Sanitation,Management of household excreta
WS_MHEX_P_TRT,Water and Sanitation,Management of household excreta
WS_MHEX_P_UNK,Water and Sanitation,Management of household excreta
WS_MHEX_P_UNS,Water and Sanitation,Management of household excreta
WS_MHEX_P_UNW,Water and Sanitation,Management of household excreta
WS_MHYG_W_CLT,Water and Sanitation,Menstrual hygiene
WS_MHYG_W_COT,Water and Sanitation,Menstrual hygiene
WS_MHYG_W_CUP,Water and Sanitation,Menstrual hygiene
WS_MHYG_W_DSP,Water and Sanitation,Menstrual hygiene
WS_MHYG_W_NM1,Water and Sanitation,Menstrual hygiene
WS_MHYG_W_NM2,Water and Sanitation,Menstrual hygiene
WS_MHYG_W_NON,Water and Sanitation,Menstrual hygiene
WS_MHYG_W_OTH,Water and Sanitation,Menstrual hygiene
WS_MHYG_W_PRA,Water and Sanitation,Menstrual hygiene
WS_MHYG_W_PRV,Water and Sanitation,Menstrual hygiene
WS_MHYG_W_RSP,Water and Sanitation,Menstrual hygiene
WS_MHYG_W_TAM,Water and Sanitation,Menstrual hygiene
WS_MHYG_W_TLP,Water and Sanitation,Menstrual hygiene
WS_MHYG_W_UN1,Water and Sanitation,Menstrual hygiene
WS_MHYG_W_UN2,Water and Sanitation,Menstrual hygiene
WS_MHYG_W_UWO,Water and Sanitation,Menstrual hygiene
WS_PCDW_P_AFM,Water and Sanitation,Person collecting drinking water
WS_PCDW_P_AML,Water and Sanitation,Person collecting drinking water
WS_PCDW_P_CFM,Water and Sanitation,Person collecting drinking water
WS_PCDW_P_CML,Water and Sanitation,Person collecting drinking water
WS_PCDW_P_NDW,Water and Sanitation,Person collecting drinking water
WS_PCDW_P_NHH,Water and Sanitation,Person collecting drinking water
WS_PCDW_P_NM1,Water and Sanitation,Person collecting drinking water
WS_PCDW_P_NM2,Water and Sanitation,Person collecting drinking water
WS_PCDW_P_TOT,Water and Sanitation,Person collecting drinking water
WS_PCDW_P_UN1,Water and Sanitation,Person collecting drinking water
WS_PCDW_P_UN2,Water and Sanitation,Person collecting drinking water
WS_SRCE_H_BAS,Water and Sanitation,Source of drinking water
WS_SRCE_H_BOT,Water and Sanitation,Source of drinking water
WS_SRCE_H_CRT,Water and Sanitation,Source of drinking water
WS_SRCE_H_DKM,Water and Sanitation,Source of drinking water
WS_SRCE_H_FLT,Water and Sanitation,Source of drinking water
WS_SRCE_H_IMP,Water and Sanitation,Source of drinking water
WS_SRCE_H_IOP,Water and Sanitation,Source of drinking water
WS_SRCE_H_LTD,Water and Sanitation,Source of drinking water
WS_SRCE_H_NIM,Water and Sanitation,Source of drinking water
WS_SRCE_H_OTH,Water and Sanitation,Source of drinking water
WS_SRCE_H_PIP,Water and Sanitation,Source of drinking water
WS_SRCE_H_PNB,Water and Sanitation,Source of drinking water
WS_SRCE_H_POY,Water and Sanitation,Source of drinking water
WS_SRCE_H_PSG,Water and Sanitation,Source of drinking water
WS_SRCE_H_PWL,Water and Sanitation,Source of drinking water
WS_SRCE_H_PYD,Water and Sanitation,Source of drinking water
WS_SRCE_H_RNW,Water and Sanitation,Source of drinking water
WS_SRCE_H_SCH,Water and Sanitation,Source of drinking water
WS_SRCE_H_SRF,Water and Sanitation,Source of drinking water
WS_SRCE_H_TAP,Water and Sanitation,Source of drinking water
WS_SRCE_H_TNK,Water and Sanitation,Source of drinking water
WS_SRCE_H_TOT,Water and Sanitation,Source of drinking water
WS_SRCE_H_TUB,Water and Sanitation,Source of drinking water
WS_SRCE_H_USG,Water and Sanitation,Source of drinking water
WS_SRCE_H_USU,Water and Sanitation,Source of drinking water
WS_SRCE_H_UWL,Water and Sanitation,Source of drinking water
WS_SRCE_H_UWU,Water and Sanitation,Source of drinking water
WS_SRCE_H_VND,Water and Sanitation,Source of drinking water
WS_SRCE_P_BAS,Water and Sanitation,Source of drinking water
WS_SRCE_P_BOT,Water and Sanitation,Source of drinking water
WS_SRCE_P_CRT,Water and Sanitation,Source of drinking water
WS_SRCE_P_DKM,Water and Sanitation,Source of drinking water
WS_SRCE_P_FLT,Water and Sanitation,Source of drinking water
WS_SRCE_P_IMP,Water and Sanitation,Source of drinking water
WS_SRCE_P_IOP,Water and Sanitation,Source of drinking water
WS_SRCE_P_LTD,Water and Sanitation,Source of drinking water
WS_SRCE_P_NIM,Water and Sanitation,Source of drinking water
WS_SRCE_P_OTH,Water and Sanitation,Source of drinking water
WS_SRCE_P_PIP,Water and Sanitation,Source of drinking water
WS_SRCE_P_PNB,Water and Sanitation,Source of drinking water
WS_SRCE_P_POY,Water and Sanitation,Source of drinking water
WS_SRCE_P_PSG,Water and Sanitation,Source of drinking water
WS_SRCE_P_PWL,Water and Sanitation,Source of drinking water
WS_SRCE_P_PYD,Water and Sanitation,Source of drinking water
WS_SRCE_P_RNW,Water and Sanitation,Source of drinking water
WS_SRCE_P_SCH,Water and Sanitation,Source of drinking water
WS_SRCE_P_SRF,Water and Sanitation,Source of drinking water
WS_SRCE_P_TAP,Water and Sanitation,Source of drinking water
WS_SRCE_P_TNK,Water and Sanitation,Source of drinking water
WS_SRCE_P_TOT,Water and Sanitation,Source of drinking water
WS_SRCE_P_TUB,Water and Sanitation,Source of drinking water
WS_SRCE_P_USG,Water and Sanitation,Source of drinking water
WS_SRCE_P_USU,Water and Sanitation,Source of drinking water
WS_SRCE_P_UWL,Water and Sanitation,Source of drinking water
WS_SRCE_P_UWU,Water and Sanitation,Source of drinking water
WS_SRCE_P_VND,Water and Sanitation,Source of drinking water
WS_TIME_H_DKM,Water and Sanitation,Time to obtain drinking water (round trip)
WS_TIME_H_L30,Water and Sanitation,Time to obtain drinking water (round trip)
WS_TIME_H_M30,Water and Sanitation,Time to obtain drinking water (round trip)
WS_TIME_H_ONP,Water and Sanitation,Time to obtain drinking water (round trip)
WS_TIME_H_TOT,Water and Sanitation,Time to obtain drinking water (round trip)
WS_TIME_P_DKM,Water and Sanitation,Time to obtain drinking water (round trip)
WS_TIME_P_L30,Water and Sanitation,Time to obtain drinking water (round trip)
WS_TIME_P_M30,Water and Sanitation,Time to obtain drinking water (round trip)
WS_TIME_P_ONP,Water and Sanitation,Time to obtain drinking water (round trip)
WS_TIME_P_TOT,Water and Sanitation,Time to obtain drinking water (round trip)
WS_TLET_H_BAS,Water and Sanitation,Household sanitation facilities
WS_TLET_H_COM,Water and Sanitation,Household sanitation facilities
WS_TLET_H_DKM,Water and Sanitation,Household sanitation facilities
WS_TLET_H_FPT,Water and Sanitation,Household sanitation facilities
WS_TLET_H_FSP,Water and Sanitation,Household sanitation facilities
WS_TLET_H_FSW,Water and Sanitation,Household sanitation facilities
WS_TLET_H_FUN,Water and Sanitation,Household sanitation facilities
WS_TLET_H_IMO,Water and Sanitation,Household sanitation facilities
WS_TLET_H_IMP,Water and Sanitation,Household sanitation facilities
WS_TLET_H_LTD,Water and Sanitation,Household sanitation facilities
WS_TLET_H_NBK,Water and Sanitation,Household sanitation facilities
WS_TLET_H_NFC,Water and Sanitation,Household sanitation facilities
WS_TLET_H_NFL,Water and Sanitation,Household sanitation facilities
WS_TLET_H_NHG,Water and Sanitation,Household sanitation facilities
WS_TLET_H_NIM,Water and Sanitation,Household sanitation facilities
WS_TLET_H_NPT,Water and Sanitation,Household sanitation facilities
WS_TLET_H_NUM,Water and Sanitation,Household sanitation facilities
WS_TLET_H_OTH,Water and Sanitation,Household sanitation facilities
WS_TLET_H_PSL,Water and Sanitation,Household sanitation facilities
WS_TLET_H_TOT,Water and Sanitation,Household sanitation facilities
WS_TLET_H_UNW,Water and Sanitation,Household sanitation facilities
WS_TLET_H_VIP,Water and Sanitation,Household sanitation facilities
WS_TLET_P_BAS,Water and Sanitation,Household sanitation facilities
WS_TLET_P_COM,Water and Sanitation,Household sanitation facilities
WS_TLET_P_DKM,Water and Sanitation,Household sanitation facilities
WS_TLET_P_FPT,Water and Sanitation,Household sanitation facilities
WS_TLET_P_FSP,Water and Sanitation,Household sanitation facilities
WS_TLET_P_FSW,Water and Sanitation,Household sanitation facilities
WS_TLET_P_FUN,Water and Sanitation,Household sanitation facilities
WS_TLET_P_IMO,Water and Sanitation,Household sanitation facilities
WS_TLET_P_IMP,Water and Sanitation,Household sanitation facilities
WS_TLET_P_LTD,Water and Sanitation,Household sanitation facilities
WS_TLET_P_NBK,Water and Sanitation,Household sanitation facilities
WS_TLET_P_NFC,Water and Sanitation,Household sanitation facilities
WS_TLET_P_NFL,Water and Sanitation,Household sanitation facilities
WS_TLET_P_NHG,Water and Sanitation,Household sanitation facilities
WS_TLET_P_NIM,Water and Sanitation,Household sanitation facilities
WS_TLET_P_NPT,Water and Sanitation,Household sanitation facilities
WS_TLET_P_NUM,Water and Sanitation,Household sanitation facilities
WS_TLET_P_OTH,Water and Sanitation,Household sanitation facilities
WS_TLET_P_PSL,Water and Sanitation,Household sanitation facilities
WS_TLET_P_TOT,Water and Sanitation,Household sanitation facilities
WS_TLET_P_UNW,Water and Sanitation,Household sanitation facilities
WS_TLET_P_VIP,Water and Sanitation,Household sanitation facilities
WS_TLOC_H_DKM,Water and Sanitation,Location of toilet facilities
WS_TLOC_H_DWL,Water and Sanitation,Location of toilet facilities
WS_TLOC_H_ELS,Water and Sanitation,Location of toilet facilities
WS_TLOC_H_NUM,Water and Sanitation,Location of toilet facilities
WS_TLOC_H_TOT,Water and Sanitation,Location of toilet facilities
WS_TLOC_H_UNW,Water and Sanitation,Location of toilet facilities
WS_TLOC_H_YRD,Water and Sanitation,Location of toilet facilities
WS_TLOC_P_DKM,Water and Sanitation,Location of toilet facilities
WS_TLOC_P_DWL,Water and Sanitation,Location of toilet facilities
WS_TLOC_P_ELS,Water and Sanitation,Location of toilet facilities
WS_TLOC_P_NUM,Water and Sanitation,Location of toilet facilities
WS_TLOC_P_TOT,Water and Sanitation,Location of toilet facilities
WS_TLOC_P_UNW,Water and Sanitation,Location of toilet facilities
WS_TLOC_P_YRD,Water and Sanitation,Location of toilet facilities
WS_WAVL_H_AVL,Water and Sanitation,Availability of water
WS_WAVL_H_DKM,Water and Sanitation,Availability of water
WS_WAVL_H_NAV,Water and Sanitation,Availability of water
WS_WAVL_H_NUM,Water and Sanitation,Availability of water
WS_WAVL_H_TOT,Water and Sanitation,Availability of water
WS_WAVL_H_UNW,Water and Sanitation,Availability of water
WS_WAVL_P_AVL,Water and Sanitation,Availability of water
WS_WAVL_P_DKM,Water and Sanitation,Availability of water
WS_WAVL_P_NAV,Water and Sanitation,Availability of water
WS_WAVL_P_NUM,Water and Sanitation,Availability of water
WS_WAVL_P_TOT,Water and Sanitation,Availability of water
WS_WAVL_P_UNW,Water and Sanitation,Availability of water
WS_WTRT_H_APP,Water and Sanitation,Water treatment prior to drinking
WS_WTRT_H_BLC,Water and Sanitation,Water treatment prior to drinking
WS_WTRT_H_BOL,Water and Sanitation,Water treatment prior to drinking
WS_WTRT_H_CER,Water and Sanitation,Water treatment prior to drinking
WS_WTRT_H_DKM,Water and Sanitation,Water treatment prior to drinking
WS_WTRT_H_LET,Water and Sanitation,Water treatment prior to drinking
WS_WTRT_H_NTR,Water and Sanitation,Water treatment prior to drinking
WS_WTRT_H_NUM,Water and Sanitation,Water treatment prior to drinking
WS_WTRT_H_OTH,Water and Sanitation,Water treatment prior to drinking
WS_WTRT_H_SOL,Water and Sanitation,Water treatment prior to drinking
WS_WTRT_H_STN,Water and Sanitation,Water treatment prior to drinking
WS_WTRT_H_UNW,Water and Sanitation,Water treatment prior to drinking
WS_WTRT_P_APP,Water and Sanitation,Water treatment prior to drinking
WS_WTRT_P_BLC,Water and Sanitation,Water treatment prior to drinking
WS_WTRT_P_BOL,Water and Sanitation,Water treatment prior to drinking
WS_WTRT_P_CER,Water and Sanitation,Water treatment prior to drinking
WS_WTRT_P_DKM,Water and Sanitation,Water treatment prior to drinking
WS_WTRT_P_LET,Water and Sanitation,Water treatment prior to drinking
WS_WTRT_P_NTR,Water and Sanitation,Water treatment prior to drinking
WS_WTRT_P_NUM,Water and Sanitation,Water treatment prior to drinking
WS_WTRT_P_OTH,Water and Sanitation,Water treatment prior to drinking
WS_WTRT_P_SOL,Water and Sanitation,Water treatment prior to drinking
WS_WTRT_P_STN,Water and Sanitation,Water treatment prior to drinking
WS_WTRT_P_UNW,Water and Sanitation,Water treatment prior to drinking
