"country","outcome","target","estimand","arm","reps","n_areas","spearman","spearman_sd","spearman_lo","spearman_hi","pearson","mae","wmae","bias","topk"
"Gambia","child_iron","level","country","domain_enet",1,30,0.249833147942158,NA,NA,NA,0.286724366583636,NA,NA,NA,0.25
"Gambia","child_iron","level","country","domain_index",1,30,0.405561735261402,NA,NA,NA,0.430716123365829,NA,NA,NA,0.5
"Gambia","child_iron","level","country","null_train_mean",1,30,NA,NA,NA,NA,NA,NA,NA,NA,0.25
"Gambia","child_iron","level","infill","domain_enet",10,30,0.289456388040425,NA,0.289456388040425,0.289456388040425,0.237692395746115,0.233053856390442,0.199308882059792,0.00244495337281761,0.3125
"Gambia","child_iron","level","infill","domain_index",10,30,0.411345939933259,NA,0.411345939933259,0.411345939933259,0.381284817909326,0.24585964936955,0.248017350748091,-0.00193201948558707,0.325
"Gambia","child_iron","level","infill","null_train_mean",10,30,-0.317521454289314,NA,-0.317521454289314,-0.317521454289314,-0.362444776241245,0.253927575363332,0.22440340729791,3.99674867854194e-17,0.1125
"Gambia","child_iron","level","infill","raw_enet",10,30,-0.0491659536069057,NA,-0.0491659536069057,-0.0491659536069057,-0.0631110032041437,0.250673321455068,0.207998994370549,-0.0033205560478271,0.2
"Gambia","child_iron","level","infill","region_mean_jk",10,30,0.142041238732795,NA,0.142041238732795,0.142041238732795,0.12915261131171,0.249782148723559,0.199891005613177,-0.00307453952884385,0.1125
"Gambia","child_iron","level","infill","spatial",10,30,0.342157953281424,NA,0.342157953281424,0.342157953281424,0.290593454870998,0.230944375534033,0.202314361650498,-0.00169409103462205,0.275
"Gambia","child_iron","level","infill","spatial_plus_domain",10,30,0.342157953281424,NA,0.342157953281424,0.342157953281424,0.29059345486931,0.230944375534181,0.202314361650671,-0.00169409103401925,0.275
"Gambia","child_iron","level","region","domain_enet",1,30,0.114759202944917,NA,NA,NA,0.182722878438864,0.234903436099249,0.201175335224025,-0.0154626997663528,0.375
"Gambia","child_iron","level","region","domain_index",1,30,0.531479421579533,NA,NA,NA,0.50458734987172,0.215499402936365,0.221876615470811,0.0127823659661391,0.375
"Gambia","child_iron","level","region","null_train_mean",1,30,-0.486085588255939,NA,NA,NA,-0.482287158041725,0.259929925962439,0.231644410835407,-0.00450526513152231,0.125
"Gambia","child_iron","level","region","raw_enet",1,30,-0.471524918957414,NA,NA,NA,-0.358459526006067,0.260233133073325,0.232051471800006,-0.00520743019398584,0.25
"Gambia","child_iron","level","region","spatial",1,30,0.48476084538376,NA,NA,NA,0.430256585655875,0.213265152670629,0.210904227532558,0.0378247899426089,0.5
"Gambia","child_iron","level","region","spatial_plus_domain",1,30,0.48476084538376,NA,NA,NA,0.430256585656907,0.213265152670017,0.210904227531536,0.0378247899419109,0.5
"Gambia","child_iron","prev","country","domain_enet",1,30,0.43742352033942,NA,NA,NA,0.439808805750915,NA,NA,NA,0.375
"Gambia","child_iron","prev","country","domain_index",1,30,0.507064192702715,NA,NA,NA,0.552147884505178,NA,NA,NA,0.5
"Gambia","child_iron","prev","country","null_train_mean",1,30,NA,NA,NA,NA,NA,NA,NA,NA,0.25
"Gambia","child_iron","prev","infill","domain_enet",10,30,0.370497276739167,NA,0.370497276739167,0.370497276739167,0.384362566145007,11.4318581342052,10.948904219312,1.73150110972914,0.2625
"Gambia","child_iron","prev","infill","domain_index",10,30,0.410835468111261,NA,0.410835468111261,0.410835468111261,0.463280520229207,12.8707671653217,13.1027814175877,0.395104587649646,0.3625
"Gambia","child_iron","prev","infill","null_train_mean",10,30,-0.353915124421755,NA,-0.353915124421755,-0.353915124421755,-0.362494588223761,12.7710958321105,12.2069630522335,-6.29167038202391e-16,0.125
"Gambia","child_iron","prev","infill","raw_enet",10,30,0.207782433649057,NA,0.207782433649057,0.207782433649057,0.212059931442633,11.8572672951614,10.785889852783,1.57986249420586,0.3125
"Gambia","child_iron","prev","infill","region_mean_jk",10,30,0.18942708827552,NA,0.18942708827552,0.18942708827552,0.229583073668847,13.1414414876936,10.7769441584522,0.922118673906931,0.2125
"Gambia","child_iron","prev","infill","spatial",10,30,0.374057183313648,NA,0.374057183313648,0.374057183313648,0.42785839288426,11.6869546553384,11.257180079862,0.860387348412378,0.2375
"Gambia","child_iron","prev","infill","spatial_plus_domain",10,30,0.37499165878945,NA,0.37499165878945,0.37499165878945,0.421964584167074,11.8502591415678,11.4265277832203,0.829079085293801,0.2375
"Gambia","child_iron","prev","region","domain_enet",1,30,0.424049862800666,NA,NA,NA,0.339875687505313,11.3730621159984,11.0470339728249,-1.51528745422546,0.5
"Gambia","child_iron","prev","region","domain_index",1,30,0.554232954814595,NA,NA,NA,0.555865374466764,11.0074972290472,11.4874246135558,0.276648726181474,0.375
"Gambia","child_iron","prev","region","null_train_mean",1,30,-0.510877866534162,NA,NA,NA,-0.522584813685327,13.5793684418361,13.0564156438211,-0.449685396904358,0
"Gambia","child_iron","prev","region","raw_enet",1,30,-0.442218630003101,NA,NA,NA,-0.256774725905476,13.5947533303612,12.6523533282016,1.25360877940198,0.125
"Gambia","child_iron","prev","region","spatial",1,30,0.492157083922074,NA,NA,NA,0.504904522045294,11.2243303226122,11.8747378434054,1.38959396634022,0.5
"Gambia","child_iron","prev","region","spatial_plus_domain",1,30,0.486817224060351,NA,NA,NA,0.50524057253366,11.3533582123336,11.8602644462384,1.51862185605798,0.5
"Gambia","child_vitA","level","country","domain_enet",1,30,0.628476084538376,NA,NA,NA,0.581261157779443,NA,NA,NA,0.5
"Gambia","child_vitA","level","country","domain_index",1,30,0.626251390433815,NA,NA,NA,0.631963228145922,NA,NA,NA,0.5
"Gambia","child_vitA","level","country","null_train_mean",1,30,NA,NA,NA,NA,NA,NA,NA,NA,0.25
"Gambia","child_vitA","level","infill","domain_enet",10,30,0.700734149054505,NA,0.700734149054505,0.700734149054505,0.67882705655316,0.0608706229551954,0.0504741135541703,-3.83758560407027e-06,0.575
"Gambia","child_vitA","level","infill","domain_index",10,30,0.68992213570634,NA,0.68992213570634,0.68992213570634,0.648106059743025,0.0723233263433996,0.0660028572047297,0.000329088179111904,0.4625
"Gambia","child_vitA","level","infill","null_train_mean",10,30,-0.346659357899053,NA,-0.346659357899053,-0.346659357899053,-0.35893351239974,0.0902730270564046,0.0850214987906629,2.71050543121832e-22,0.1125
"Gambia","child_vitA","level","infill","raw_enet",10,30,0.57797552836485,NA,0.57797552836485,0.57797552836485,0.54977245962824,0.0664029627634772,0.0539138037151839,-0.00031849025282899,0.425
"Gambia","child_vitA","level","infill","region_mean_jk",10,30,0.529357252071725,NA,0.529357252071725,0.529357252071725,0.568944203738131,0.0728782775356417,0.063248694093124,-0.000789634912410288,0.2375
"Gambia","child_vitA","level","infill","spatial",10,30,0.65174638487208,NA,0.65174638487208,0.65174638487208,0.639201039033867,0.0677303046541533,0.0604862669466049,0.0025574470431891,0.5125
"Gambia","child_vitA","level","infill","spatial_plus_domain",10,30,0.651167964404894,NA,0.651167964404894,0.651167964404894,0.639081260545406,0.0677344227820953,0.0604647199490924,0.00257769602680803,0.5125
"Gambia","child_vitA","level","region","domain_enet",1,30,0.737931034482759,NA,NA,NA,0.715503923321849,0.0590317079416017,0.0505789882590105,0.00754992106556377,0.625
"Gambia","child_vitA","level","region","domain_index",1,30,0.732146829810901,NA,NA,NA,0.62004286313365,0.0688830242418209,0.0609446589176377,0.00660374141714657,0.5
"Gambia","child_vitA","level","region","null_train_mean",1,30,-0.691684814661112,NA,NA,NA,-0.691458498318368,0.103031649093716,0.0977703939151797,-0.00142535311637349,0.125
"Gambia","child_vitA","level","region","raw_enet",1,30,0.575528364849833,NA,NA,NA,0.513128461164326,0.0686033391684389,0.0546108040949253,-0.00670799682999357,0.5
"Gambia","child_vitA","level","region","spatial",1,30,0.739710789766407,NA,NA,NA,0.757463824170807,0.0588118520889048,0.0522596456558887,0.00390560328688833,0.625
"Gambia","child_vitA","level","region","spatial_plus_domain",1,30,0.739710789766407,NA,NA,NA,0.757463824170796,0.0588118520889027,0.0522596456558756,0.00390560328687487,0.625
"Gambia","child_vitA","prev","country","domain_enet",1,30,0.589152908974368,NA,NA,NA,0.527324199825562,NA,NA,NA,0.625
"Gambia","child_vitA","prev","country","domain_index",1,30,0.609199699827938,NA,NA,NA,0.481104648989769,NA,NA,NA,0.625
"Gambia","child_vitA","prev","country","null_train_mean",1,30,NA,NA,NA,NA,NA,NA,NA,NA,0.125
"Gambia","child_vitA","prev","infill","domain_enet",10,30,0.457378670430234,NA,0.457378670430234,0.457378670430234,0.422777562619416,10.3147789937961,8.23315603733566,-4.60597720088078,0.4625
"Gambia","child_vitA","prev","infill","domain_index",10,30,0.569841167118762,NA,0.569841167118762,0.569841167118762,0.490747793254436,12.5939046538442,10.3971125110636,1.22314738487047,0.575
"Gambia","child_vitA","prev","infill","null_train_mean",10,30,-0.322818394348901,NA,-0.322818394348901,-0.322818394348901,-0.355436452715403,11.0716188355505,9.59238441095788,-5.09258795434546e-17,0.1375
"Gambia","child_vitA","prev","infill","raw_enet",10,30,0.18615048570258,NA,0.18615048570258,0.18615048570258,0.106896514183016,11.8266171250253,9.58382572525255,-5.33932194638151,0.3625
"Gambia","child_vitA","prev","infill","region_mean_jk",10,30,0.477009407048451,NA,0.477009407048451,0.477009407048451,0.47208227203539,9.92020869297069,8.09221134617831,-2.56960926946746,0.45
"Gambia","child_vitA","prev","infill","spatial",10,30,0.481724384211291,NA,0.481724384211291,0.481724384211291,0.460882799485216,10.1391436701657,7.83700372812892,-3.0189456820925,0.5125
"Gambia","child_vitA","prev","infill","spatial_plus_domain",10,30,0.465798322588733,NA,0.465798322588733,0.465798322588733,0.445734274041012,10.1661495393086,7.82499088098404,-3.04094522106578,0.5125
"Gambia","child_vitA","prev","region","domain_enet",1,30,0.549950295749609,NA,NA,NA,0.524995566485526,10.2543256280139,8.47199978222021,-5.36559507526213,0.5
"Gambia","child_vitA","prev","region","domain_index",1,30,0.647511344570317,NA,NA,NA,0.557951573173782,11.3052981369001,9.83785163575678,0.887695736015626,0.625
"Gambia","child_vitA","prev","region","null_train_mean",1,30,-0.674355992699564,NA,NA,NA,-0.618417054773231,12.1448565429753,10.8182973699616,-0.267333254117712,0.125
"Gambia","child_vitA","prev","region","raw_enet",1,30,-0.537569019448336,NA,NA,NA,-0.492707625808353,13.0712360081897,10.9268325181273,-6.33063290197728,0
"Gambia","child_vitA","prev","region","spatial",1,30,0.537253994875681,NA,NA,NA,0.531544776851978,10.4605050119194,9.02189909213467,-3.70362819857734,0.375
"Gambia","child_vitA","prev","region","spatial_plus_domain",1,30,0.537253994875681,NA,NA,NA,0.531544776852812,10.4605050119033,9.02189909211422,-3.70362819855649,0.375
"Gambia","women_iron","level","country","domain_enet",1,30,0.616462736373749,NA,NA,NA,0.539811918343624,NA,NA,NA,0.25
"Gambia","women_iron","level","country","domain_index",1,30,0.61245828698554,NA,NA,NA,0.569473708842853,NA,NA,NA,0.375
"Gambia","women_iron","level","country","null_train_mean",1,30,NA,NA,NA,NA,NA,NA,NA,NA,0.25
"Gambia","women_iron","level","infill","domain_enet",10,30,0.594171301446051,NA,0.594171301446051,0.594171301446051,0.576361789003601,0.227435307374863,0.21930957924284,0.000625535501702668,0.3375
"Gambia","women_iron","level","infill","domain_index",10,30,0.677463848720801,NA,0.677463848720801,0.677463848720801,0.634698041666662,0.239898471032147,0.243356887535845,-0.00252836138530656,0.35
"Gambia","women_iron","level","infill","null_train_mean",10,30,-0.323512425124961,NA,-0.323512425124961,-0.323512425124961,-0.343759264529416,0.302674817050842,0.285741733135027,7.39859562504107e-18,0.1375
"Gambia","women_iron","level","infill","raw_enet",10,30,0.517908787541713,NA,0.517908787541713,0.517908787541713,0.46398616682693,0.240672489018881,0.204706950381784,-0.00222003538383561,0.275
"Gambia","women_iron","level","infill","region_mean_jk",10,30,0.47114260666798,NA,0.47114260666798,0.47114260666798,0.486659111192385,0.24862880580031,0.22923451002218,-7.75990110609059e-05,0.15
"Gambia","women_iron","level","infill","spatial",10,30,0.56622914349277,NA,0.56622914349277,0.56622914349277,0.54442084352576,0.241184381478443,0.240011132004135,-0.00764439652178612,0.3
"Gambia","women_iron","level","infill","spatial_plus_domain",10,30,0.561646273637375,NA,0.561646273637375,0.561646273637375,0.542275704714561,0.24248459298594,0.240654943693744,-0.00442567433350319,0.3125
"Gambia","women_iron","level","region","domain_enet",1,30,0.682758620689655,NA,NA,NA,0.647720125154202,0.216739825310254,0.213198021146389,-0.00718474865703077,0.5
"Gambia","women_iron","level","region","domain_index",1,30,0.72992213570634,NA,NA,NA,0.662294428972624,0.218967046379689,0.209000167855037,0.000751052383432257,0.375
"Gambia","women_iron","level","region","null_train_mean",1,30,-0.634498274866296,NA,NA,NA,-0.641582727961787,0.331032274291671,0.306875214150712,-0.00634256738252019,0.125
"Gambia","women_iron","level","region","raw_enet",1,30,0.597775305895439,NA,NA,NA,0.535764357515895,0.241097295218383,0.20273123809681,-0.0759377491049383,0.375
"Gambia","women_iron","level","region","spatial",1,30,0.670745272525028,NA,NA,NA,0.647091365360264,0.227781387057788,0.242920467240606,-0.0101397902607952,0.5
"Gambia","women_iron","level","region","spatial_plus_domain",1,30,0.689877641824249,NA,NA,NA,0.671578594805834,0.228303917069223,0.22840486641116,-0.00552372087161579,0.5
"Gambia","women_iron","prev","country","domain_enet",1,30,0.378017579377759,NA,NA,NA,0.38303801252358,NA,NA,NA,0.375
"Gambia","women_iron","prev","country","domain_index",1,30,0.550673048240114,NA,NA,NA,0.559574155206356,NA,NA,NA,0.5
"Gambia","women_iron","prev","country","null_train_mean",1,30,NA,NA,NA,NA,NA,NA,NA,NA,0.125
"Gambia","women_iron","prev","infill","domain_enet",10,30,0.702147072984304,NA,0.702147072984304,0.702147072984304,0.709955722790458,9.37735852098222,8.93653431112775,0.667954709960412,0.525
"Gambia","women_iron","prev","infill","domain_index",10,30,0.740438318076071,NA,0.740438318076071,0.740438318076071,0.731716746198125,9.36496561931387,9.56890608066381,0.435264412495946,0.525
"Gambia","women_iron","prev","infill","null_train_mean",10,30,-0.31605887025121,NA,-0.31605887025121,-0.31605887025121,-0.340955093652455,14.5468601299806,13.4054231463234,-6.66206094919926e-16,0.125
"Gambia","women_iron","prev","infill","raw_enet",10,30,0.607631553431819,NA,0.607631553431819,0.607631553431819,0.590327232403002,10.6449496983463,9.01034873957234,0.436006153330755,0.475
"Gambia","women_iron","prev","infill","region_mean_jk",10,30,0.589315601266793,NA,0.589315601266793,0.589315601266793,0.632880246145242,10.4503097460801,10.1979500262343,0.29538864087639,0.3125
"Gambia","women_iron","prev","infill","spatial",10,30,0.658983205768715,NA,0.658983205768715,0.658983205768715,0.669164723989586,9.85161719609691,9.7463961367327,0.281652182910714,0.4625
"Gambia","women_iron","prev","infill","spatial_plus_domain",10,30,0.656780513575754,NA,0.656780513575754,0.656780513575754,0.667458870799473,9.91438610622722,9.7787399562662,0.415548704962061,0.4625
"Gambia","women_iron","prev","region","domain_enet",1,30,0.730225836090527,NA,NA,NA,0.724981532547759,8.80454606360433,7.66784436097536,0.6189443851214,0.5
"Gambia","women_iron","prev","region","domain_index",1,30,0.750250310571985,NA,NA,NA,0.700131531142492,9.23444851676098,8.24709409005948,1.29627872873751,0.5
"Gambia","women_iron","prev","region","null_train_mean",1,30,-0.693123502618982,NA,NA,NA,-0.721898191756505,15.9484003040182,14.4440049372225,-0.244171796701366,0
"Gambia","women_iron","prev","region","raw_enet",1,30,0.671709871772486,NA,NA,NA,0.647547712912684,10.611005669765,8.20704858093231,-0.74731230658133,0.5
"Gambia","women_iron","prev","region","spatial",1,30,0.742463014940307,NA,NA,NA,0.743870191822752,8.84359476488674,9.44364866182534,0.711154654378929,0.5
"Gambia","women_iron","prev","region","spatial_plus_domain",1,30,0.742463014940307,NA,NA,NA,0.743870191822745,8.84359476488787,9.44364866183176,0.711154654380621,0.5
"Gambia","women_vitA","level","country","domain_enet",1,30,0.653392658509455,NA,NA,NA,0.581354087178717,NA,NA,NA,0.625
"Gambia","women_vitA","level","country","domain_index",1,30,0.765962180200222,NA,NA,NA,0.772466379375221,NA,NA,NA,0.5
"Gambia","women_vitA","level","country","null_train_mean",1,30,NA,NA,NA,NA,NA,NA,NA,NA,0.375
"Gambia","women_vitA","level","infill","domain_enet",10,30,0.596395995550612,NA,0.596395995550612,0.596395995550612,0.631705457944919,0.0772101957162206,0.0760419016045496,0.00119295898829519,0.4125
"Gambia","women_vitA","level","infill","domain_index",10,30,0.68329254727475,NA,0.68329254727475,0.68329254727475,0.707353612180224,0.0736994414962555,0.0693051347747901,0.000908609135627955,0.5
"Gambia","women_vitA","level","infill","null_train_mean",10,30,-0.327597177967448,NA,-0.327597177967448,-0.327597177967448,-0.342720358495619,0.104637888379777,0.114305775454609,-5.08626344167263e-19,0.175
"Gambia","women_vitA","level","infill","raw_enet",10,30,0.568943270300334,NA,0.568943270300334,0.568943270300334,0.586420439591923,0.0801144582368894,0.0714996624347316,-0.00272333861164913,0.4125
"Gambia","women_vitA","level","infill","region_mean_jk",10,30,0.477084350413045,NA,0.477084350413045,0.477084350413045,0.5794812205736,0.0829279129535122,0.0803920787548351,0.000609635810851627,0.1875
"Gambia","women_vitA","level","infill","spatial",10,30,0.594082313681869,NA,0.594082313681869,0.594082313681869,0.605792591132131,0.0818133763791012,0.0862088037816076,0.00106628979617654,0.35
"Gambia","women_vitA","level","infill","spatial_plus_domain",10,30,0.581579532814238,NA,0.581579532814238,0.581579532814238,0.602200775856901,0.0824207669620909,0.0845707221661012,0.0013796813101565,0.35
"Gambia","women_vitA","level","region","domain_enet",1,30,0.695216907675195,NA,NA,NA,0.646761771953325,0.0790504024877176,0.0804326073506934,1.16396128653824e-05,0.5
"Gambia","women_vitA","level","region","domain_index",1,30,0.757953281423804,NA,NA,NA,0.752133928314202,0.0651239369815379,0.0600390515355362,0.00258727460386747,0.5
"Gambia","women_vitA","level","region","null_train_mean",1,30,-0.718916500277691,NA,NA,NA,-0.698931834258742,0.115690160992933,0.123350320829699,-0.00333448288103853,0
"Gambia","women_vitA","level","region","raw_enet",1,30,0.684983314794216,NA,NA,NA,0.65580677223891,0.0776217959390384,0.0759151169727838,-0.0132868690287058,0.625
"Gambia","women_vitA","level","region","spatial",1,30,0.6587319243604,NA,NA,NA,0.667024528562619,0.0806976153564096,0.0918434393672571,-0.00658359471383548,0.5
"Gambia","women_vitA","level","region","spatial_plus_domain",1,30,0.6587319243604,NA,NA,NA,0.664215874029857,0.0810348736368659,0.092059377400798,-0.00555869928218801,0.5
"Gambia","women_vitA","prev","country","domain_enet",1,30,0.551223197746277,NA,NA,NA,0.427616351330241,NA,NA,NA,0.5
"Gambia","women_vitA","prev","country","domain_index",1,30,0.472376456817052,NA,NA,NA,0.39626192505152,NA,NA,NA,0.75
"Gambia","women_vitA","prev","country","null_train_mean",1,30,NA,NA,NA,NA,NA,NA,NA,NA,0.125
"Gambia","women_vitA","prev","infill","domain_enet",10,30,0.397847513605381,NA,0.397847513605381,0.397847513605381,0.201684305040073,3.44822315352061,2.8747317556193,-1.1290528871178,0.3625
"Gambia","women_vitA","prev","infill","domain_index",10,30,0.432859221184667,NA,0.432859221184667,0.432859221184667,0.33404920782423,3.20382465735332,2.41616354044875,-0.404584677607473,0.375
"Gambia","women_vitA","prev","infill","null_train_mean",10,30,-0.339664250113668,NA,-0.339664250113668,-0.339664250113668,-0.399819577798457,4.05254035655125,3.42106359719978,-6.97729273084942e-18,0.0375
"Gambia","women_vitA","prev","infill","raw_enet",10,30,0.285115447110143,NA,0.285115447110143,0.285115447110143,0.120411665281976,3.40508304489261,2.45875566290937,-1.40926771091757,0.325
"Gambia","women_vitA","prev","infill","region_mean_jk",10,30,0.0220176574998294,NA,0.0220176574998294,0.0220176574998294,-0.010570105797148,3.7331273181604,2.92316832733961,-1.19577582277136,0.175
"Gambia","women_vitA","prev","infill","spatial",10,30,0.37832355870862,NA,0.37832355870862,0.37832355870862,0.335451131248936,3.13810783472948,2.45585387553402,-1.2730151867545,0.375
"Gambia","women_vitA","prev","infill","spatial_plus_domain",10,30,0.371846862132291,NA,0.371846862132291,0.371846862132291,0.247044935735671,3.3422754191532,2.94363075326593,-1.11021378629095,0.3625
"Gambia","women_vitA","prev","region","domain_enet",1,30,0.600971736665907,NA,NA,NA,0.399411313758525,3.23715652403443,2.570585020979,-1.6748514588562,0.625
"Gambia","women_vitA","prev","region","domain_index",1,30,0.567884265025965,NA,NA,NA,0.506791124177737,2.81224972156778,2.04121884902613,-0.907146287695879,0.5
"Gambia","women_vitA","prev","region","null_train_mean",1,30,-0.450731348107144,NA,NA,NA,-0.444378394958354,4.08830747095149,3.38644587832621,-0.0438574697890027,0.25
"Gambia","women_vitA","prev","region","raw_enet",1,30,0.382735221593946,NA,NA,NA,0.088068215292956,3.42744452189262,2.4929861322073,-1.92371909817987,0.375
"Gambia","women_vitA","prev","region","spatial",1,30,0.508279883490182,NA,NA,NA,0.527007951885329,2.93030807969996,2.48113825870735,-1.08368729120217,0.5
"Gambia","women_vitA","prev","region","spatial_plus_domain",1,30,0.499832018390622,NA,NA,NA,0.402314094150865,3.21701943590318,3.02758874259777,-1.31626701595991,0.5
"Ghana","child_iron","level","country","domain_enet",1,75,0.423698435277383,NA,NA,NA,0.435956601853667,NA,NA,NA,0.473684210526316
"Ghana","child_iron","level","country","domain_index",1,75,0.555704125177809,NA,NA,NA,0.551323902665434,NA,NA,NA,0.526315789473684
"Ghana","child_iron","level","country","null_train_mean",1,75,NA,NA,NA,NA,NA,NA,NA,NA,0.105263157894737
"Ghana","child_iron","level","infill","domain_enet",10,75,0.495735419630156,NA,0.495735419630156,0.495735419630156,0.504924444829535,0.309603597359798,0.298842623958769,-0.000507541160868459,0.536842105263158
"Ghana","child_iron","level","infill","domain_index",10,75,0.529365576102418,NA,0.529365576102418,0.529365576102418,0.578534392886302,0.320758722226508,0.302266924999834,-0.00115650220614828,0.573684210526316
"Ghana","child_iron","level","infill","null_train_mean",10,75,-0.190837658374754,NA,-0.190837658374754,-0.190837658374754,-0.208194434221345,0.347336249578511,0.339740653507396,-3.55138372413559e-17,0.178947368421053
"Ghana","child_iron","level","infill","raw_enet",10,75,0.497951635846373,NA,0.497951635846373,0.497951635846373,0.524103114116593,0.298999278075957,0.284065982305711,-0.00501281835846863,0.594736842105263
"Ghana","child_iron","level","infill","region_mean_jk",10,75,0.35554553965547,NA,0.35554553965547,0.35554553965547,0.521604751612983,0.314360086681367,0.31029693176235,0.011731978987742,0.6
"Ghana","child_iron","level","infill","spatial",10,75,0.525741109530583,NA,0.525741109530583,0.525741109530583,0.567679535290061,0.298943537150035,0.279242296480433,0.00319096037914522,0.668421052631579
"Ghana","child_iron","level","infill","spatial_plus_domain",10,75,0.524745376955903,NA,0.524745376955903,0.524745376955903,0.565984863862025,0.299539447990812,0.27989700175167,0.00312837507907288,0.668421052631579
"Ghana","child_iron","level","region","domain_enet",1,75,0.391465149359886,NA,NA,NA,0.351588248452841,0.354189879876122,0.343944871419235,-0.0164162658118633,0.263157894736842
"Ghana","child_iron","level","region","domain_index",1,75,0.506372688477952,NA,NA,NA,0.534964312321401,0.322611090607368,0.301555544336757,-0.0116257193676992,0.578947368421053
"Ghana","child_iron","level","region","null_train_mean",1,75,-0.556384520793882,NA,NA,NA,-0.6790032635716,0.35718310424837,0.349832868941553,-0.00160511921733188,0.0526315789473684
"Ghana","child_iron","level","region","raw_enet",1,75,0.390867709815078,NA,NA,NA,0.373439782682832,0.321395704278065,0.309452966070408,-0.0323842715928665,0.368421052631579
"Ghana","child_iron","level","region","spatial",1,75,0.532517780938834,NA,NA,NA,0.461042324635411,0.338005525753571,0.320900356031407,-0.115293755710211,0.578947368421053
"Ghana","child_iron","level","region","spatial_plus_domain",1,75,0.532517780938834,NA,NA,NA,0.461042324635344,0.338005525753584,0.320900356031417,-0.115293755710227,0.578947368421053
"Ghana","child_iron","prev","country","domain_enet",1,75,0.537514693793845,NA,NA,NA,0.573747161876003,NA,NA,NA,0.526315789473684
"Ghana","child_iron","prev","country","domain_index",1,75,0.567512259912284,NA,NA,NA,0.573079783593442,NA,NA,NA,0.526315789473684
"Ghana","child_iron","prev","country","null_train_mean",1,75,NA,NA,NA,NA,NA,NA,NA,NA,0.105263157894737
"Ghana","child_iron","prev","infill","domain_enet",10,75,0.524136436081814,NA,0.524136436081814,0.524136436081814,0.537970472963763,12.9120498108513,12.9418847022374,-5.57608695562832,0.473684210526316
"Ghana","child_iron","prev","infill","domain_index",10,75,0.504668715281009,NA,0.504668715281009,0.504668715281009,0.5748894079511,16.0865341012432,15.7462757694648,1.89021859227349,0.505263157894737
"Ghana","child_iron","prev","infill","null_train_mean",10,75,-0.17784486003499,NA,-0.17784486003499,-0.17784486003499,-0.193743308973082,14.7154477076904,14.4371380800442,2.00497893750503e-16,0.147368421052632
"Ghana","child_iron","prev","infill","raw_enet",10,75,0.487252708069552,NA,0.487252708069552,0.487252708069552,0.525937794525336,13.1660864334334,13.1951165399708,-6.09405683594528,0.542105263157895
"Ghana","child_iron","prev","infill","region_mean_jk",10,75,0.497580509969306,NA,0.497580509969306,0.497580509969306,0.636834319219055,12.6682884551782,13.2165368981011,-2.7113696907456,0.610526315789474
"Ghana","child_iron","prev","infill","spatial",10,75,0.509266152829861,NA,0.509266152829861,0.509266152829861,0.517483570046369,13.3720196253504,13.324270767582,-4.39559212339496,0.578947368421053
"Ghana","child_iron","prev","infill","spatial_plus_domain",10,75,0.508125360096466,NA,0.508125360096466,0.508125360096466,0.507800693275022,13.4776540378823,13.4734025395617,-4.43602360363329,0.573684210526316
"Ghana","child_iron","prev","region","domain_enet",1,75,0.483387719422117,NA,NA,NA,0.298887089735367,14.8246210558895,14.4880059458635,-6.65604781569111,0.421052631578947
"Ghana","child_iron","prev","region","domain_index",1,75,0.458658645401586,NA,NA,NA,0.504812715580521,16.123568108175,15.5607580143364,1.17403663785678,0.526315789473684
"Ghana","child_iron","prev","region","null_train_mean",1,75,-0.65144801882793,NA,NA,NA,-0.732653478893389,15.4449082237968,15.1522789102584,-0.0420363506235266,0.0526315789473684
"Ghana","child_iron","prev","region","raw_enet",1,75,0.340067601051393,NA,NA,NA,0.237566371397394,14.9473193656782,14.8867500744957,-6.80728424789228,0.368421052631579
"Ghana","child_iron","prev","region","spatial",1,75,0.49258259451982,NA,NA,NA,0.449160634844853,13.6537545859211,13.5428314790431,-4.79419991435256,0.473684210526316
"Ghana","child_iron","prev","region","spatial_plus_domain",1,75,0.483673274549375,NA,NA,NA,0.432352664613923,13.7313291495734,13.7304675939541,-5.12870034012338,0.473684210526316
"Ghana","child_vitA","level","country","domain_enet",1,75,0.341081081081081,NA,NA,NA,0.32256514062099,NA,NA,NA,0.631578947368421
"Ghana","child_vitA","level","country","domain_index",1,75,0.367055476529161,NA,NA,NA,0.404972804669849,NA,NA,NA,0.578947368421053
"Ghana","child_vitA","level","country","null_train_mean",1,75,NA,NA,NA,NA,NA,NA,NA,NA,0.0526315789473684
"Ghana","child_vitA","level","infill","domain_enet",10,75,0.329177809388336,NA,0.329177809388336,0.329177809388336,0.369799534407668,0.100198838488579,0.0971824132152723,0.00025222134647131,0.568421052631579
"Ghana","child_vitA","level","infill","domain_index",10,75,0.277140825035562,NA,0.277140825035562,0.277140825035562,0.422642304694791,0.118041149254817,0.115878094967441,0.00149744093031228,0.594736842105263
"Ghana","child_vitA","level","infill","null_train_mean",10,75,-0.198328319543275,NA,-0.198328319543275,-0.198328319543275,-0.202247132250173,0.10429149967393,0.0994064252000975,1.07474250853057e-18,0.147368421052632
"Ghana","child_vitA","level","infill","raw_enet",10,75,0.389994310099573,NA,0.389994310099573,0.389994310099573,0.420943675231306,0.0989414862651151,0.0966294312482265,0.000369648779451822,0.568421052631579
"Ghana","child_vitA","level","infill","region_mean_jk",10,75,0.40962831663837,NA,0.40962831663837,0.40962831663837,0.436762285650085,0.100821503884572,0.0993771608186831,0.00202175036358323,0.552631578947368
"Ghana","child_vitA","level","infill","spatial",10,75,0.351960170697013,NA,0.351960170697013,0.351960170697013,0.438759621889017,0.0967287256099583,0.0910291413537166,-0.000111580094073837,0.605263157894737
"Ghana","child_vitA","level","infill","spatial_plus_domain",10,75,0.365411095305832,NA,0.365411095305832,0.365411095305832,0.443179189239682,0.0963839923845841,0.0908506895294122,-9.23515323558368e-05,0.605263157894737
"Ghana","child_vitA","level","region","domain_enet",1,75,0.138975817923186,NA,NA,NA,0.110566589025424,0.113051430210559,0.105605104484661,0.00584978225239386,0.263157894736842
"Ghana","child_vitA","level","region","domain_index",1,75,0.285263157894737,NA,NA,NA,0.391554586818405,0.115978001003446,0.111531665884357,0.00702479699616424,0.526315789473684
"Ghana","child_vitA","level","region","null_train_mean",1,75,-0.573884932594131,NA,NA,NA,-0.60173038599419,0.105705044682369,0.100580032911278,8.04597750524888e-05,0.0526315789473684
"Ghana","child_vitA","level","region","raw_enet",1,75,0.404637268847795,NA,NA,NA,0.345385370441132,0.097590425987101,0.0928234019381943,0.00588363942588108,0.578947368421053
"Ghana","child_vitA","level","region","spatial",1,75,0.269416785206259,NA,NA,NA,0.283126555195571,0.103270348314536,0.0937492753677253,0.0108851762414386,0.578947368421053
"Ghana","child_vitA","level","region","spatial_plus_domain",1,75,0.261337126600284,NA,NA,NA,0.285740310621171,0.103168091714122,0.0936208433892329,0.0103089487400653,0.578947368421053
"Ghana","child_vitA","prev","country","domain_enet",1,75,0.289231771115524,NA,NA,NA,0.387716078477549,NA,NA,NA,0.578947368421053
"Ghana","child_vitA","prev","country","domain_index",1,75,0.348399611644548,NA,NA,NA,0.427529458161632,NA,NA,NA,0.526315789473684
"Ghana","child_vitA","prev","country","null_train_mean",1,75,NA,NA,NA,NA,NA,NA,NA,NA,0.157894736842105
"Ghana","child_vitA","prev","infill","domain_enet",10,75,0.220845168202428,NA,0.220845168202428,0.220845168202428,0.2474239664205,14.6135660153718,13.6307997396468,-4.72707432617862,0.389473684210526
"Ghana","child_vitA","prev","infill","domain_index",10,75,0.266241042226449,NA,0.266241042226449,0.266241042226449,0.432448925881999,21.4929691514383,21.2026743521996,2.55528193424083,0.515789473684211
"Ghana","child_vitA","prev","infill","null_train_mean",10,75,-0.202292463023398,NA,-0.202292463023398,-0.202292463023398,-0.225610953173192,14.2871011295202,12.5256845667601,-1.92502806230233e-16,0.173684210526316
"Ghana","child_vitA","prev","infill","raw_enet",10,75,0.217710040369696,NA,0.217710040369696,0.217710040369696,0.227679414905811,14.2449935748268,13.309456196464,-5.51100055210199,0.410526315789474
"Ghana","child_vitA","prev","infill","region_mean_jk",10,75,0.313542460073503,NA,0.313542460073503,0.313542460073503,0.27821732138763,15.52536131154,15.2014633984967,-2.6475378717173,0.442105263157895
"Ghana","child_vitA","prev","infill","spatial",10,75,0.276935397999565,NA,0.276935397999565,0.276935397999565,0.262104503379013,14.9867815349254,14.0076087390723,-4.01226109208779,0.494736842105263
"Ghana","child_vitA","prev","infill","spatial_plus_domain",10,75,0.281419622544111,NA,0.281419622544111,0.281419622544111,0.275694390113671,14.8772964365297,13.896371004325,-3.80828665048429,0.494736842105263
"Ghana","child_vitA","prev","region","domain_enet",1,75,0.018469479943717,NA,NA,NA,0.0967834757323047,15.1778248428647,13.5653189956508,-4.80549033318361,0.315789473684211
"Ghana","child_vitA","prev","region","domain_index",1,75,0.229380403186887,NA,NA,NA,0.404953621823448,20.7108454377883,19.6625245932593,3.16348119910389,0.473684210526316
"Ghana","child_vitA","prev","region","null_train_mean",1,75,-0.512716639827331,NA,NA,NA,-0.553612897437177,14.548691959788,12.8289001260216,0.0105250901066283,0.263157894736842
"Ghana","child_vitA","prev","region","raw_enet",1,75,-0.0422362972344368,NA,NA,NA,-0.0316501501609999,14.7426101873813,13.4026945589708,-4.96907778200458,0.157894736842105
"Ghana","child_vitA","prev","region","spatial",1,75,0.250683673808168,NA,NA,NA,0.159390985514671,15.806754531353,14.6175795208225,-3.11173574794901,0.368421052631579
"Ghana","child_vitA","prev","region","spatial_plus_domain",1,75,0.22075086976677,NA,NA,NA,0.135699147992269,16.2157956607746,15.0251534319387,-3.48177095435532,0.368421052631579
"Ghana","women_b12","level","country","domain_enet",1,75,0.617297297297297,NA,NA,NA,0.573633940672618,NA,NA,NA,0.578947368421053
"Ghana","women_b12","level","country","domain_index",1,75,0.59977240398293,NA,NA,NA,0.568253125295079,NA,NA,NA,0.578947368421053
"Ghana","women_b12","level","country","null_train_mean",1,75,NA,NA,NA,NA,NA,NA,NA,NA,0.105263157894737
"Ghana","women_b12","level","infill","domain_enet",10,75,0.492403982930299,NA,0.492403982930299,0.492403982930299,0.480204113481037,0.25238018678791,0.231823289430782,-0.00142947876121443,0.568421052631579
"Ghana","women_b12","level","infill","domain_index",10,75,0.56702987197724,NA,0.56702987197724,0.56702987197724,0.578224964070416,0.269166364959652,0.262192549866299,0.00136151850018339,0.58421052631579
"Ghana","women_b12","level","infill","null_train_mean",10,75,-0.224719835055621,NA,-0.224719835055621,-0.224719835055621,-0.245255091087669,0.291382852830888,0.253645340523085,-5.32988728383736e-17,0.131578947368421
"Ghana","women_b12","level","infill","raw_enet",10,75,0.502483641536273,NA,0.502483641536273,0.502483641536273,0.502826598675651,0.250145396484377,0.229000869502297,5.96775827000601e-05,0.552631578947368
"Ghana","women_b12","level","infill","region_mean_jk",10,75,0.486460786332197,NA,0.486460786332197,0.486460786332197,0.534795435241408,0.261906772167299,0.240263101370888,0.00527440075927786,0.657894736842105
"Ghana","women_b12","level","infill","spatial",10,75,0.548358463726885,NA,0.548358463726885,0.548358463726885,0.530941103116241,0.239640479738871,0.216478549680837,-0.00615896011471209,0.557894736842105
"Ghana","women_b12","level","infill","spatial_plus_domain",10,75,0.539701280227596,NA,0.539701280227596,0.539701280227596,0.520440267803233,0.241863954924313,0.218976978568555,-0.00537188948422073,0.568421052631579
"Ghana","women_b12","level","region","domain_enet",1,75,0.483271692745377,NA,NA,NA,0.425853658182943,0.274639860870334,0.258025537451083,-0.0448256755355982,0.421052631578947
"Ghana","women_b12","level","region","domain_index",1,75,0.571322901849218,NA,NA,NA,0.573850349806992,0.263411506642972,0.250907291653975,0.0136994003310639,0.526315789473684
"Ghana","women_b12","level","region","null_train_mean",1,75,-0.636657838267842,NA,NA,NA,-0.663574409005407,0.299030879517307,0.261433838923401,0.0022818535452553,0.0526315789473684
"Ghana","women_b12","level","region","raw_enet",1,75,0.508591749644381,NA,NA,NA,0.425022337352468,0.273211242528054,0.256899096349038,-0.035671909506999,0.473684210526316
"Ghana","women_b12","level","region","spatial",1,75,0.524125177809388,NA,NA,NA,0.480788103741675,0.261635703574149,0.237284369740941,-0.00628200374244615,0.526315789473684
"Ghana","women_b12","level","region","spatial_plus_domain",1,75,0.52076813655761,NA,NA,NA,0.475964957003787,0.26238975683889,0.237804695183749,-0.00552795047771115,0.526315789473684
"Ghana","women_b12","prev","country","domain_enet",1,75,0.213027056512308,NA,NA,NA,0.225111796645148,NA,NA,NA,0.421052631578947
"Ghana","women_b12","prev","country","domain_index",1,75,0.239848071169391,NA,NA,NA,0.249329961686769,NA,NA,NA,0.315789473684211
"Ghana","women_b12","prev","country","null_train_mean",1,75,NA,NA,NA,NA,NA,NA,NA,NA,0.157894736842105
"Ghana","women_b12","prev","infill","domain_enet",10,75,0.274557839077309,NA,0.274557839077309,0.274557839077309,0.343793913970008,9.50525153838121,8.68559410460958,-6.09700030675842,0.489473684210526
"Ghana","women_b12","prev","infill","domain_index",10,75,0.314807560971702,NA,0.314807560971702,0.314807560971702,0.512239451484556,10.0319203668837,9.49086898216406,0.872753508146087,0.531578947368421
"Ghana","women_b12","prev","infill","null_train_mean",10,75,-0.218663680271937,NA,-0.218663680271937,-0.218663680271937,-0.247361529820149,11.9992337044494,10.4396055012057,1.16701714842719e-16,0.121052631578947
"Ghana","women_b12","prev","infill","raw_enet",10,75,0.2246929271333,NA,0.2246929271333,0.2246929271333,0.29092869437678,9.60594121941636,8.73820150402306,-6.14366175968864,0.468421052631579
"Ghana","women_b12","prev","infill","region_mean_jk",10,75,0.234586426585879,NA,0.234586426585879,0.234586426585879,0.447908493181921,9.57442403187658,9.07447237794757,-2.26205017863669,0.515789473684211
"Ghana","women_b12","prev","infill","spatial",10,75,0.304698858259259,NA,0.304698858259259,0.304698858259259,0.33806730755106,9.39714783775197,8.52196972403568,-4.51778391613508,0.5
"Ghana","women_b12","prev","infill","spatial_plus_domain",10,75,0.302902047008393,NA,0.302902047008393,0.302902047008393,0.345210409102162,9.38213754700121,8.52288670451821,-4.47337943717989,0.505263157894737
"Ghana","women_b12","prev","region","domain_enet",1,75,0.115251670561915,NA,NA,NA,0.128707349373056,9.93210594126812,9.03542471213432,-6.52220252624428,0.210526315789474
"Ghana","women_b12","prev","region","domain_index",1,75,0.245995919883576,NA,NA,NA,0.344941207884953,11.0850939499058,10.065203028751,1.30063424756312,0.421052631578947
"Ghana","women_b12","prev","region","null_train_mean",1,75,-0.490501473753468,NA,NA,NA,-0.652669168967803,12.2897305803514,10.7102824533506,0.0564456408892977,0.105263157894737
"Ghana","women_b12","prev","region","raw_enet",1,75,-0.0346574724847637,NA,NA,NA,0.0456885037116497,10.0890859702759,9.05944070728986,-6.46346869817048,0.157894736842105
"Ghana","women_b12","prev","region","spatial",1,75,0.269013465469483,NA,NA,NA,0.182081666651666,11.0819426535133,10.1198123282587,-2.73973786386355,0.421052631578947
"Ghana","women_b12","prev","region","spatial_plus_domain",1,75,0.269013465469483,NA,NA,NA,0.182081666651666,11.0819426535133,10.1198123282587,-2.73973786386356,0.421052631578947
"Ghana","women_folate","level","country","domain_enet",1,75,0.0548790896159317,NA,NA,NA,0.0602354859108306,NA,NA,NA,0.157894736842105
"Ghana","women_folate","level","country","domain_index",1,75,-0.0603129445234708,NA,NA,NA,-0.0310922366520467,NA,NA,NA,0.105263157894737
"Ghana","women_folate","level","country","null_train_mean",1,75,NA,NA,NA,NA,NA,NA,NA,NA,0.157894736842105
"Ghana","women_folate","level","infill","domain_enet",10,75,0.302598625400279,NA,0.302598625400279,0.302598625400279,0.393866712672982,0.285311620665708,0.276350311368858,-0.00722342464631107,0.436842105263158
"Ghana","women_folate","level","infill","domain_index",10,75,0.387078236130868,NA,0.387078236130868,0.387078236130868,0.420537442239666,0.330547098959566,0.316333079793711,-0.00126820249208333,0.421052631578947
"Ghana","women_folate","level","infill","null_train_mean",10,75,-0.186090669610982,NA,-0.186090669610982,-0.186090669610982,-0.201217928026966,0.314006352594245,0.291041714451636,8.89161429669845e-18,0.152631578947368
"Ghana","women_folate","level","infill","raw_enet",10,75,0.402233285917496,NA,0.402233285917496,0.402233285917496,0.481645265483395,0.28233249583804,0.272448008944986,-0.0101735330298243,0.452631578947368
"Ghana","women_folate","level","infill","region_mean_jk",10,75,0.394828388943136,NA,0.394828388943136,0.394828388943136,0.486354009356308,0.290514895301187,0.284316222578542,-0.00103176574882829,0.357894736842105
"Ghana","women_folate","level","infill","spatial",10,75,0.572065433854908,NA,0.572065433854908,0.572065433854908,0.640170147305707,0.238120038018087,0.229451986774148,-0.00370098587647195,0.568421052631579
"Ghana","women_folate","level","infill","spatial_plus_domain",10,75,0.569624466571835,NA,0.569624466571835,0.569624466571835,0.639060195850823,0.238939466021316,0.230199014394568,-0.00392001767602895,0.557894736842106
"Ghana","women_folate","level","region","domain_enet",1,75,0.101137980085348,NA,NA,NA,-0.00792174024020376,0.360266848646558,0.340119169304884,-0.00999647310052405,0.315789473684211
"Ghana","women_folate","level","region","domain_index",1,75,0.276500711237553,NA,NA,NA,0.314874670210127,0.343897227451053,0.324528818662554,0.0269730327861567,0.368421052631579
"Ghana","women_folate","level","region","null_train_mean",1,75,-0.628443359259562,NA,NA,NA,-0.647525245419727,0.320181872737862,0.295824202674176,0.0022791138970146,0
"Ghana","women_folate","level","region","raw_enet",1,75,0.226628733997155,NA,NA,NA,0.175897252729751,0.316782227548074,0.295082342577089,0.00674263383283818,0.421052631578947
"Ghana","women_folate","level","region","spatial",1,75,0.446799431009957,NA,NA,NA,0.510020273974974,0.267561678532805,0.254300483558686,0.0392314219525092,0.526315789473684
"Ghana","women_folate","level","region","spatial_plus_domain",1,75,0.447396870554765,NA,NA,NA,0.497836152178908,0.268162372637574,0.255056317428928,0.0359782570400597,0.526315789473684
"Ghana","women_folate","prev","country","domain_enet",1,75,0.0350030216030493,NA,NA,NA,0.0238184919124274,NA,NA,NA,0.210526315789474
"Ghana","women_folate","prev","country","domain_index",1,75,0.0240004431512765,NA,NA,NA,0.0568356087643681,NA,NA,NA,0.105263157894737
"Ghana","women_folate","prev","country","null_train_mean",1,75,NA,NA,NA,NA,NA,NA,NA,NA,0.263157894736842
"Ghana","women_folate","prev","infill","domain_enet",10,75,0.140091139515534,NA,0.140091139515534,0.140091139515534,0.182642830181964,26.6800935228039,24.6079730679746,-0.678020847603198,0.210526315789474
"Ghana","women_folate","prev","infill","domain_index",10,75,0.253432707959993,NA,0.253432707959993,0.253432707959993,0.290006915219507,32.3660571179838,32.0259586832574,-3.84294211160814,0.273684210526316
"Ghana","women_folate","prev","infill","null_train_mean",10,75,-0.199646988700782,NA,-0.199646988700782,-0.199646988700782,-0.20755830516749,26.0128915590758,23.680598558871,-3.70175533744485e-16,0.157894736842105
"Ghana","women_folate","prev","infill","raw_enet",10,75,0.294603856548247,NA,0.294603856548247,0.294603856548247,0.345409748634781,24.6384323891513,22.7868901175283,-0.501223635688296,0.331578947368421
"Ghana","women_folate","prev","infill","region_mean_jk",10,75,0.265038578182045,NA,0.265038578182045,0.265038578182045,0.343181024800707,24.5830429868189,23.1874851411874,0.973041405514798,0.278947368421053
"Ghana","women_folate","prev","infill","spatial",10,75,0.404960446430522,NA,0.404960446430522,0.404960446430522,0.452606482436483,22.6683331271179,21.0492709255831,0.671138385039378,0.347368421052632
"Ghana","women_folate","prev","infill","spatial_plus_domain",10,75,0.399255352966475,NA,0.399255352966475,0.399255352966475,0.445687648974366,22.8460453235794,21.2323043011911,0.298499324542995,0.352631578947369
"Ghana","women_folate","prev","region","domain_enet",1,75,-0.000712602231332437,NA,NA,NA,-0.0296670733588071,31.7449136791738,28.9479776221961,-1.90738031337635,0.210526315789474
"Ghana","women_folate","prev","region","domain_index",1,75,0.154278383083472,NA,NA,NA,0.227676986866482,34.687786874313,34.2167892568216,-3.73626660298528,0.210526315789474
"Ghana","women_folate","prev","region","null_train_mean",1,75,-0.513946309887754,NA,NA,NA,-0.583696750673118,26.4383716465557,24.0239159468216,0.0586793099250719,0.105263157894737
"Ghana","women_folate","prev","region","raw_enet",1,75,0.0929793141164284,NA,NA,NA,0.0715743056510942,31.3739651733622,30.0129720258855,-5.52596358304048,0.315789473684211
"Ghana","women_folate","prev","region","spatial",1,75,0.321554630866449,NA,NA,NA,0.36302037763246,24.5937135117659,22.7745247089232,3.41003849137604,0.368421052631579
"Ghana","women_folate","prev","region","spatial_plus_domain",1,75,0.321554630866449,NA,NA,NA,0.36302037763246,24.5937135117659,22.7745247089231,3.41003849137603,0.368421052631579
"Ghana","women_iron","level","country","domain_enet",1,75,0.391749644381223,NA,NA,NA,0.386741395525391,NA,NA,NA,0.631578947368421
"Ghana","women_iron","level","country","domain_index",1,75,0.352375533428165,NA,NA,NA,0.386194988182095,NA,NA,NA,0.578947368421053
"Ghana","women_iron","level","country","null_train_mean",1,75,NA,NA,NA,NA,NA,NA,NA,NA,0
"Ghana","women_iron","level","infill","domain_enet",10,75,0.267928876244666,NA,0.267928876244666,0.267928876244666,0.278290080527636,0.274177704599183,0.257182163597068,-0.00439422079065301,0.4
"Ghana","women_iron","level","infill","domain_index",10,75,0.40275960170697,NA,0.40275960170697,0.40275960170697,0.406479380550802,0.304008387899096,0.295668691583828,-0.00697029472761694,0.489473684210526
"Ghana","women_iron","level","infill","null_train_mean",10,75,-0.182693741871769,NA,-0.182693741871769,-0.182693741871769,-0.192334458178088,0.281698065908692,0.265481080753709,2.95622178357136e-18,0.152631578947368
"Ghana","women_iron","level","infill","raw_enet",10,75,0.445496443812233,NA,0.445496443812233,0.445496443812233,0.418295884787025,0.253654101718252,0.240289736180396,-0.00564871614811951,0.51578947368421
"Ghana","women_iron","level","infill","region_mean_jk",10,75,0.371318679818913,NA,0.371318679818913,0.371318679818913,0.354346980644249,0.279166137653683,0.268260611140448,0.00565710609684524,0.5
"Ghana","women_iron","level","infill","spatial",10,75,0.559322901849217,NA,0.559322901849217,0.559322901849217,0.550422070169882,0.226327154819161,0.215265901492697,-0.00439760770135225,0.610526315789474
"Ghana","women_iron","level","infill","spatial_plus_domain",10,75,0.557078236130867,NA,0.557078236130867,0.557078236130867,0.549763353446697,0.225888136299161,0.21464798442027,-0.00544146146899013,0.61578947368421
"Ghana","women_iron","level","region","domain_enet",1,75,0.0821337126600284,NA,NA,NA,0.0263054554275025,0.343833273819157,0.324781201879376,-0.00974962865350334,0.210526315789474
"Ghana","women_iron","level","region","domain_index",1,75,0.298207681365576,NA,NA,NA,0.317863845322881,0.307587616024264,0.294920064571679,-0.0398162747598973,0.315789473684211
"Ghana","women_iron","level","region","null_train_mean",1,75,-0.517355030966714,NA,NA,NA,-0.560572839766748,0.285649106639227,0.269411283038767,-0.000395294322542981,0.0526315789473684
"Ghana","women_iron","level","region","raw_enet",1,75,0.215561877667141,NA,NA,NA,0.266506811444255,0.280262507465975,0.266679456380421,0.0243798772213678,0.421052631578947
"Ghana","women_iron","level","region","spatial",1,75,0.441650071123755,NA,NA,NA,0.457438159670474,0.24096504849771,0.232503271878982,0.0136587835573387,0.473684210526316
"Ghana","women_iron","level","region","spatial_plus_domain",1,75,0.376102418207681,NA,NA,NA,0.335324143649691,0.264042476509806,0.24877402583896,-0.0114884404889955,0.473684210526316
"Ghana","women_iron","prev","country","domain_enet",1,75,0.349762412827819,NA,NA,NA,0.373333422232532,NA,NA,NA,0.631578947368421
"Ghana","women_iron","prev","country","domain_index",1,75,0.340122328225629,NA,NA,NA,0.39995226109704,NA,NA,NA,0.473684210526316
"Ghana","women_iron","prev","country","null_train_mean",1,75,NA,NA,NA,NA,NA,NA,NA,NA,0.157894736842105
"Ghana","women_iron","prev","infill","domain_enet",10,75,0.0690352497005343,NA,0.0690352497005343,0.0690352497005343,0.0566945030991179,10.5772851115112,9.9350690747257,-6.07980386512415,0.331578947368421
"Ghana","women_iron","prev","infill","domain_index",10,75,0.297520348376935,NA,0.297520348376935,0.297520348376935,0.279948093621103,13.0395932614561,13.1553440585134,0.858367243538024,0.426315789473684
"Ghana","women_iron","prev","infill","null_train_mean",10,75,-0.201245743131949,NA,-0.201245743131949,-0.201245743131949,-0.2168584796984,9.69659170849953,8.73398447469962,-8.30860264848062e-18,0.168421052631579
"Ghana","women_iron","prev","infill","raw_enet",10,75,0.13269190792356,NA,0.13269190792356,0.13269190792356,0.148779359564329,10.393733154334,9.85268101464311,-5.95527496408185,0.357894736842105
"Ghana","women_iron","prev","infill","region_mean_jk",10,75,0.350497685090636,NA,0.350497685090636,0.350497685090636,0.352221910804906,9.46981197383096,9.0512326914569,-3.0741833073828,0.410526315789474
"Ghana","women_iron","prev","infill","spatial",10,75,0.493379529940088,NA,0.493379529940088,0.493379529940088,0.477503109217697,8.52500261121124,8.04914320859298,-4.41765894623525,0.510526315789474
"Ghana","women_iron","prev","infill","spatial_plus_domain",10,75,0.493379529940088,NA,0.493379529940088,0.493379529940088,0.477503109217695,8.52500261121125,8.04914320859299,-4.41765894623526,0.510526315789474
"Ghana","women_iron","prev","region","domain_enet",1,75,-0.191550518435845,NA,NA,NA,-0.037738976814509,11.7810165418988,11.3636070123715,-4.34149446298049,0.263157894736842
"Ghana","women_iron","prev","region","domain_index",1,75,0.131536796168988,NA,NA,NA,0.0960163757673775,12.2482765289698,11.6180271965929,-2.85455880679377,0.210526315789474
"Ghana","women_iron","prev","region","null_train_mean",1,75,-0.572332767421751,NA,NA,NA,-0.613508646868319,9.8179718278774,8.84239618999816,-0.0454503723495008,0.0526315789473684
"Ghana","women_iron","prev","region","raw_enet",1,75,-0.166357004310287,NA,NA,NA,-0.0818268801617942,11.1709667168117,10.6123840237187,-5.49518151596688,0.263157894736842
"Ghana","women_iron","prev","region","spatial",1,75,0.405156928825478,NA,NA,NA,0.360787967402611,9.17104144421553,8.63261544608813,-4.59806580094454,0.315789473684211
"Ghana","women_iron","prev","region","spatial_plus_domain",1,75,0.405156928825478,NA,NA,NA,0.360787967402605,9.17104144421555,8.63261544608815,-4.59806580094455,0.315789473684211
"Ghana","women_vitA","level","country","domain_enet",1,75,0.306543385490754,NA,NA,NA,0.329971136691594,NA,NA,NA,0.526315789473684
"Ghana","women_vitA","level","country","domain_index",1,75,0.309843527738265,NA,NA,NA,0.440562731984279,NA,NA,NA,0.526315789473684
"Ghana","women_vitA","level","country","null_train_mean",1,75,NA,NA,NA,NA,NA,NA,NA,NA,0.0526315789473684
"Ghana","women_vitA","level","infill","domain_enet",10,75,0.347806543385491,NA,0.347806543385491,0.347806543385491,0.340273622334049,0.12513185899169,0.122526443162555,0.0034899200912405,0.363157894736842
"Ghana","women_vitA","level","infill","domain_index",10,75,0.469152204836416,NA,0.469152204836416,0.469152204836416,0.496972595721049,0.131254606388112,0.127962302633371,0.000381989724202149,0.447368421052632
"Ghana","women_vitA","level","infill","null_train_mean",10,75,-0.186743924945446,NA,-0.186743924945446,-0.186743924945446,-0.180679749895177,0.136626083008489,0.133041079746982,6.37962628326702e-20,0.136842105263158
"Ghana","women_vitA","level","infill","raw_enet",10,75,0.437735419630156,NA,0.437735419630156,0.437735419630156,0.442042288354229,0.119079408779508,0.117174584092695,0.00162680602225083,0.410526315789474
"Ghana","women_vitA","level","infill","region_mean_jk",10,75,0.331680030355027,NA,0.331680030355027,0.331680030355027,0.385660332396358,0.125958843440532,0.123903259844578,0.00386845523223504,0.4
"Ghana","women_vitA","level","infill","spatial",10,75,0.436805120910384,NA,0.436805120910384,0.436805120910384,0.483035585092359,0.116245592163878,0.113059854191869,0.0029816815530431,0.526315789473684
"Ghana","women_vitA","level","infill","spatial_plus_domain",10,75,0.434799431009957,NA,0.434799431009957,0.434799431009957,0.48100668462739,0.116442698805948,0.113132335054917,0.00298689143594856,0.526315789473684
"Ghana","women_vitA","level","region","domain_enet",1,75,0.393655761024182,NA,NA,NA,0.355257992620638,0.119222754662363,0.11403847336833,-1.47746164322782e-05,0.263157894736842
"Ghana","women_vitA","level","region","domain_index",1,75,0.459174964438122,NA,NA,NA,0.502313221037048,0.122317686710654,0.118945177608061,-0.0159558438998262,0.473684210526316
"Ghana","women_vitA","level","region","null_train_mean",1,75,-0.551141540279032,NA,NA,NA,-0.567124766263683,0.138633091126767,0.134990633660328,-7.47523201163909e-05,0.0526315789473684
"Ghana","women_vitA","level","region","raw_enet",1,75,0.486884779516358,NA,NA,NA,0.472842123956035,0.118544998491691,0.116357672989194,0.00214871975724968,0.473684210526316
"Ghana","women_vitA","level","region","spatial",1,75,0.506600284495021,NA,NA,NA,0.478415053862425,0.116202584986493,0.112390850615161,-0.00529412822073339,0.526315789473684
"Ghana","women_vitA","level","region","spatial_plus_domain",1,75,0.504836415362731,NA,NA,NA,0.48025561514576,0.115783950369111,0.111897082139959,-0.0061532689240919,0.526315789473684
"Ghana","women_vitA","prev","country","domain_enet",1,75,NA,NA,NA,NA,NA,NA,NA,NA,0.105263157894737
"Ghana","women_vitA","prev","country","domain_index",1,75,0.0925600127319536,NA,NA,NA,0.19696360542615,NA,NA,NA,0.421052631578947
"Ghana","women_vitA","prev","country","null_train_mean",1,75,NA,NA,NA,NA,NA,NA,NA,NA,0.105263157894737
"Ghana","women_vitA","prev","infill","domain_enet",10,75,-0.151068892020411,NA,-0.151068892020411,-0.151068892020411,-0.124716813863449,3.65192476182379,3.55994786304645,-1.89152835219775,0.168421052631579
"Ghana","women_vitA","prev","infill","domain_index",10,75,0.127966410967157,NA,0.127966410967157,0.127966410967157,0.0403339002408907,4.33110496831261,4.20453868450021,-0.352867586501568,0.331578947368421
"Ghana","women_vitA","prev","infill","null_train_mean",10,75,-0.154812995530941,NA,-0.154812995530941,-0.154812995530941,-0.202913544320559,4.54743344356149,4.34094490429556,2.03319529904396e-17,0.163157894736842
"Ghana","women_vitA","prev","infill","raw_enet",10,75,-0.119029708965673,NA,-0.119029708965673,-0.119029708965673,-0.0952555931461813,3.63780447989323,3.54708789441618,-1.9095974882591,0.184210526315789
"Ghana","women_vitA","prev","infill","region_mean_jk",10,75,-0.0237685345012779,NA,-0.0237685345012779,-0.0237685345012779,-0.0704051496871702,3.90668951629331,3.74305365097501,-1.56217077272805,0.178947368421053
"Ghana","women_vitA","prev","infill","spatial",10,75,0.108556956480572,NA,0.108556956480572,0.108556956480572,0.0286393095699321,3.66238000019557,3.54920842632864,-1.78639614961204,0.263157894736842
"Ghana","women_vitA","prev","infill","spatial_plus_domain",10,75,0.11092030751656,NA,0.11092030751656,0.11092030751656,0.0302692573482564,3.66157996470303,3.54761895348606,-1.78489766950516,0.263157894736842
"Ghana","women_vitA","prev","region","domain_enet",1,75,-0.241680786202723,NA,NA,NA,-0.171063605728096,3.61305117508705,3.54504555214709,-1.98634983021797,0.157894736842105
"Ghana","women_vitA","prev","region","domain_index",1,75,0.121018926599183,NA,NA,NA,-0.010998651064446,3.86724752799647,3.78325202240936,-1.40552876724075,0.263157894736842
"Ghana","women_vitA","prev","region","null_train_mean",1,75,-0.3342528732687,NA,NA,NA,-0.367434754930681,4.5616258200487,4.37519414428796,-0.0221113100876521,0.105263157894737
"Ghana","women_vitA","prev","region","raw_enet",1,75,-0.278365796502342,NA,NA,NA,-0.202643157194458,3.61168395646556,3.53453417881619,-1.95956909470607,0.105263157894737
"Ghana","women_vitA","prev","region","spatial",1,75,0.057411334911348,NA,NA,NA,0.029174745599177,3.64327158807196,3.53518388202021,-1.79814255606414,0.315789473684211
"Ghana","women_vitA","prev","region","spatial_plus_domain",1,75,0.057411334911348,NA,NA,NA,0.0291747455991784,3.64327158807196,3.53518388202021,-1.79814255606414,0.315789473684211
"Malawi","child_iron","level","country","domain_enet",1,87,-0.0618210979077058,NA,NA,NA,-0.0275984117475123,NA,NA,NA,0.272727272727273
"Malawi","child_iron","level","country","domain_index",1,87,-0.0568090690384195,NA,NA,NA,-0.0996295335538095,NA,NA,NA,0.136363636363636
"Malawi","child_iron","level","country","null_train_mean",1,87,NA,NA,NA,NA,NA,NA,NA,NA,0.272727272727273
"Malawi","child_iron","level","infill","domain_enet",10,87,0.403205875920391,NA,0.403205875920391,0.403205875920391,0.414273239331231,0.247017933161622,0.240363709699261,-0.000395185591345594,0.540909090909091
"Malawi","child_iron","level","infill","domain_index",10,87,0.354988335641904,NA,0.354988335641904,0.354988335641904,0.354496549798391,0.284651344409972,0.282977384589893,-0.00761378229010979,0.413636363636364
"Malawi","child_iron","level","infill","null_train_mean",10,87,-0.220935258920389,NA,-0.220935258920389,-0.220935258920389,-0.226279584480206,0.279234741000704,0.275113487017279,-0.000149641201493221,0.172727272727273
"Malawi","child_iron","level","infill","raw_enet",10,87,0.433110373988481,NA,0.433110373988481,0.433110373988481,0.419883707998989,0.248872088617164,0.239327886795287,-0.00112731545294301,0.463636363636364
"Malawi","child_iron","level","infill","region_mean_jk",10,87,0.40612056738406,NA,0.40612056738406,0.40612056738406,0.365899331180888,0.267004812675397,0.255349085481059,-0.016455192844893,0.422727272727273
"Malawi","child_iron","level","infill","spatial",10,87,0.194951520011664,NA,0.194951520011664,0.194951520011664,0.12900238130695,0.279452759418098,0.274347555031228,-0.00180829984483302,0.177272727272727
"Malawi","child_iron","level","infill","spatial_plus_domain",10,87,0.336598746081505,NA,0.336598746081505,0.336598746081505,0.307189665962535,0.255659789590858,0.247621640404005,-0.00287104158813611,0.386363636363636
"Malawi","child_iron","level","region","domain_enet",1,87,0.348782532623751,NA,NA,NA,0.380441737945981,0.246748997448011,0.243956069623546,0.00511626964726876,0.545454545454545
"Malawi","child_iron","level","region","domain_index",1,87,0.222752788510607,NA,NA,NA,0.229201237977832,0.291776610728999,0.293547439984206,-0.00801328187691841,0.409090909090909
"Malawi","child_iron","level","region","null_train_mean",1,87,-0.701285506472629,NA,NA,NA,-0.691245414486126,0.28048130417589,0.276911064132444,8.78784211301203e-05,0
"Malawi","child_iron","level","region","raw_enet",1,87,0.359480936064737,NA,NA,NA,0.341408762444325,0.254185064200099,0.249971704990914,0.00724596196733728,0.5
"Malawi","child_iron","level","region","spatial",1,87,0.0195924764890282,NA,NA,NA,-0.0265831832647881,0.300909030308589,0.302452044174505,-0.00170309899289527,0.0909090909090909
"Malawi","child_iron","level","region","spatial_plus_domain",1,87,0.246209083618867,NA,NA,NA,0.213574584483678,0.264688989946374,0.261007642052408,-0.000842395381431773,0.318181818181818
"Malawi","child_iron","prev","country","domain_enet",1,87,-0.00247168146874257,NA,NA,NA,-0.00895300155515241,NA,NA,NA,0.318181818181818
"Malawi","child_iron","prev","country","domain_index",1,87,-0.0826690805634047,NA,NA,NA,-0.181571248456104,NA,NA,NA,0.227272727272727
"Malawi","child_iron","prev","country","null_train_mean",1,87,NA,NA,NA,NA,NA,NA,NA,NA,0.227272727272727
"Malawi","child_iron","prev","infill","domain_enet",10,87,0.191896620416032,NA,0.191896620416032,0.191896620416032,0.189264358261045,11.5944047231374,11.2549613745882,-5.30685276391127,0.390909090909091
"Malawi","child_iron","prev","infill","domain_index",10,87,0.232591610625754,NA,0.232591610625754,0.232591610625754,0.212463435784052,15.5233678235702,15.39687347281,-1.09769564248844,0.409090909090909
"Malawi","child_iron","prev","infill","null_train_mean",10,87,-0.198068955154211,NA,-0.198068955154211,-0.198068955154211,-0.220805488104931,11.7450065431149,11.2884151463921,-0.000149009699852207,0.140909090909091
"Malawi","child_iron","prev","infill","raw_enet",10,87,0.319737991679955,NA,0.319737991679955,0.319737991679955,0.297167022157244,11.3447613647882,10.961977686892,-5.28455723825948,0.454545454545455
"Malawi","child_iron","prev","infill","region_mean_jk",10,87,0.125184212379967,NA,0.125184212379967,0.125184212379967,0.109523927458029,13.453922978278,12.8499392122028,-2.59885349197212,0.359090909090909
"Malawi","child_iron","prev","infill","spatial",10,87,0.0956340075295213,NA,0.0956340075295213,0.0956340075295213,0.0363110949712375,11.9418375124492,11.8501911315985,-5.48697280369871,0.286363636363636
"Malawi","child_iron","prev","infill","spatial_plus_domain",10,87,0.17076035534514,NA,0.17076035534514,0.17076035534514,0.12946623226673,11.8347282477159,11.5386506380453,-5.1041661333964,0.363636363636364
"Malawi","child_iron","prev","region","domain_enet",1,87,0.240838453371278,NA,NA,NA,0.23969861613411,11.1310947390755,10.7468399523576,-5.3151542327568,0.409090909090909
"Malawi","child_iron","prev","region","domain_index",1,87,0.17751415655401,NA,NA,NA,0.221160533922798,14.42668667976,14.8184777713772,-1.83580387176565,0.409090909090909
"Malawi","child_iron","prev","region","null_train_mean",1,87,-0.596705285063956,NA,NA,NA,-0.598864364574904,11.813128416345,11.3684670473614,5.69188440804229e-05,0
"Malawi","child_iron","prev","region","raw_enet",1,87,0.362142377852002,NA,NA,NA,0.314556103362926,11.285964848474,11.0026260248752,-5.24373131605626,0.5
"Malawi","child_iron","prev","region","spatial",1,87,0.0588734460543665,NA,NA,NA,-0.00947872670043661,12.1735747710238,12.177460804802,-5.77705159771724,0.272727272727273
"Malawi","child_iron","prev","region","spatial_plus_domain",1,87,0.168794866944719,NA,NA,NA,0.126469705849792,11.9309162068664,11.6858885757161,-5.00513974332542,0.272727272727273
"Malawi","child_vitA","level","country","domain_enet",1,87,0.182346723044397,NA,NA,NA,0.225379294295926,NA,NA,NA,0.409090909090909
"Malawi","child_vitA","level","country","domain_index",1,87,0.268298461762776,NA,NA,NA,0.26718165886295,NA,NA,NA,0.454545454545455
"Malawi","child_vitA","level","country","null_train_mean",1,87,NA,NA,NA,NA,NA,NA,NA,NA,0.136363636363636
"Malawi","child_vitA","level","infill","domain_enet",10,87,0.134251928965718,NA,0.134251928965718,0.134251928965718,0.102004394835325,0.0557838653382868,0.0555132880974623,-0.00093952382442763,0.345454545454546
"Malawi","child_vitA","level","infill","domain_index",10,87,0.22134395275935,NA,0.22134395275935,0.22134395275935,0.24817373588607,0.0635532127291882,0.0653707924526125,-0.00208233800283598,0.404545454545455
"Malawi","child_vitA","level","infill","null_train_mean",10,87,-0.192781594137757,NA,-0.192781594137757,-0.192781594137757,-0.210972542171278,0.0547857914193086,0.0540543958601525,-4.78451975456355e-06,0.168181818181818
"Malawi","child_vitA","level","infill","raw_enet",10,87,-0.124693362499633,NA,-0.124693362499633,-0.124693362499633,-0.0932492229680183,0.056294300177735,0.0556366925618031,-0.000911186227915047,0.227272727272727
"Malawi","child_vitA","level","infill","region_mean_jk",10,87,0.031838163134576,NA,0.031838163134576,0.031838163134576,0.064876757140137,0.0683011606934471,0.0695343393164004,-0.000484336570192638,0.263636363636364
"Malawi","child_vitA","level","infill","spatial",10,87,0.0797641612597507,NA,0.0797641612597507,0.0797641612597507,0.116360590317152,0.0561582849810554,0.0560563005543138,-0.000503862963004544,0.3
"Malawi","child_vitA","level","infill","spatial_plus_domain",10,87,0.0788036742728002,NA,0.0788036742728002,0.0788036742728002,0.0953447617721165,0.0573386606492712,0.0575679533076529,-0.000605748381880333,0.309090909090909
"Malawi","child_vitA","level","region","domain_enet",1,87,0.140063424947146,NA,NA,NA,0.0786050463195997,0.0542300712172459,0.0527310912227074,-0.00010702191643867,0.272727272727273
"Malawi","child_vitA","level","region","domain_index",1,87,0.213968068819713,NA,NA,NA,0.255171427794727,0.0612446334714194,0.062484349760281,-0.00151002179458436,0.409090909090909
"Malawi","child_vitA","level","region","null_train_mean",1,87,-0.521275758407526,NA,NA,NA,-0.547668555577925,0.0549085522539291,0.0540016362087918,0.000173878794267178,0.0909090909090909
"Malawi","child_vitA","level","region","raw_enet",1,87,-0.43619593508744,NA,NA,NA,-0.40665648731023,0.0562289488966961,0.0553329426827106,0.00010265070098167,0.0909090909090909
"Malawi","child_vitA","level","region","spatial",1,87,0.057118903550339,NA,NA,NA,0.0688897132404405,0.0573517888053841,0.056879109355067,-0.00185131175965648,0.272727272727273
"Malawi","child_vitA","level","region","spatial_plus_domain",1,87,0.0402420354304877,NA,NA,NA,0.0610792971197333,0.0580009422947915,0.0576301861309792,-0.00421738430958107,0.272727272727273
"Malawi","child_vitA","prev","country","domain_enet",1,87,0.114384084184227,NA,NA,NA,0.0437314303238202,NA,NA,NA,0.227272727272727
"Malawi","child_vitA","prev","country","domain_index",1,87,0.189932252762551,NA,NA,NA,0.174698105610667,NA,NA,NA,0.136363636363636
"Malawi","child_vitA","prev","country","null_train_mean",1,87,NA,NA,NA,NA,NA,NA,NA,NA,0.772727272727273
"Malawi","child_vitA","prev","infill","domain_enet",10,87,-0.134498393153224,NA,-0.134498393153224,-0.134498393153224,-0.129954656042269,0.804653082607063,0.852414986051153,0.261023824460718,0.304545454545455
"Malawi","child_vitA","prev","infill","domain_index",10,87,0.0437000067228028,NA,0.0437000067228028,0.0437000067228028,0.0472471382948107,0.866327028464259,0.899273401177924,0.333984623550784,0.236363636363636
"Malawi","child_vitA","prev","infill","null_train_mean",10,87,-0.110585578203481,NA,-0.110585578203481,-0.110585578203481,-0.165649283276541,0.575989895935728,0.628294251152385,-0.00028971551385153,0.340909090909091
"Malawi","child_vitA","prev","infill","raw_enet",10,87,-0.0118920869834871,NA,-0.0118920869834871,-0.0118920869834871,-0.0225621656261197,0.804879898861564,0.852267912547917,0.262241826835294,0.277272727272727
"Malawi","child_vitA","prev","infill","region_mean_jk",10,87,0.0463761384741141,NA,0.0463761384741141,0.0463761384741141,-0.0573281671160272,0.850959152017946,0.892399312600686,0.30254623228308,0.513636363636364
"Malawi","child_vitA","prev","infill","spatial",10,87,-0.0494135628930953,NA,-0.0494135628930953,-0.0494135628930953,-0.0871375128856006,0.810369130417532,0.859256746847859,0.265549066952557,0.3
"Malawi","child_vitA","prev","infill","spatial_plus_domain",10,87,-0.0502110659884347,NA,-0.0502110659884347,-0.0502110659884347,-0.0876092315344978,0.810377755431259,0.859248109447136,0.265549385379792,0.295454545454545
"Malawi","child_vitA","prev","region","domain_enet",1,87,-0.339698625270401,NA,NA,NA,-0.202198437012435,0.808714552976294,0.855609393417282,0.264765370513437,0.318181818181818
"Malawi","child_vitA","prev","region","domain_index",1,87,0.0431962016512428,NA,NA,NA,0.0810903580958139,0.863660348375641,0.898217410464333,0.335137386938681,0.318181818181818
"Malawi","child_vitA","prev","region","null_train_mean",1,87,-0.352450225701722,NA,NA,NA,-0.508903881879748,0.580181436487397,0.633601666946096,0.0015076821468951,0.227272727272727
"Malawi","child_vitA","prev","region","raw_enet",1,87,-0.275352545321341,NA,NA,NA,-0.145566539537471,0.807232465682903,0.854923586153518,0.263176430187032,0.272727272727273
"Malawi","child_vitA","prev","region","spatial",1,87,-0.0457717073982311,NA,NA,NA,-0.0741716011613405,0.812953367726336,0.860565386363087,0.268033112706549,0.363636363636364
"Malawi","child_vitA","prev","region","spatial_plus_domain",1,87,-0.0863924033024856,NA,NA,NA,-0.0749540288994027,0.813079995535528,0.860681992004445,0.267532496871136,0.363636363636364
"Malawi","child_zinc","level","infill","domain_enet",10,87,-0.193413967765281,NA,-0.193413967765281,-0.193413967765281,-0.217149413637949,0.110565488051041,0.107589328096116,-9.95544125510158e-05,0.190909090909091
"Malawi","child_zinc","level","infill","domain_index",10,87,-0.100887584748852,NA,-0.100887584748852,-0.100887584748852,-0.118549306941794,0.158772441026411,0.158337744672039,0.00102565781814343,0.2
"Malawi","child_zinc","level","infill","null_train_mean",10,87,-0.18276584255888,NA,-0.18276584255888,-0.18276584255888,-0.192634777307011,0.109960914492399,0.107082425614835,-1.76972485646164e-05,0.209090909090909
"Malawi","child_zinc","level","infill","raw_enet",10,87,-0.189930859445949,NA,-0.189930859445949,-0.189930859445949,-0.177900046697489,0.111198102998443,0.108099822531302,-0.000674925595092853,0.195454545454545
"Malawi","child_zinc","level","infill","region_mean_jk",10,87,-0.06912917318355,NA,-0.06912917318355,-0.06912917318355,-0.0545621398861446,0.136418259630208,0.135818649759509,-0.00276626476031075,0.159090909090909
"Malawi","child_zinc","level","infill","spatial",10,87,-0.155099511555005,NA,-0.155099511555005,-0.155099511555005,-0.162109421498868,0.115058640095777,0.111410814440585,0.000613195659111236,0.204545454545454
"Malawi","child_zinc","level","infill","spatial_plus_domain",10,87,-0.154622001895458,NA,-0.154622001895458,-0.154622001895458,-0.162320856277297,0.115096049884282,0.111462116388307,0.000576738962983878,0.209090909090909
"Malawi","child_zinc","level","region","domain_enet",1,87,-0.501683108858814,NA,NA,NA,-0.515484838063234,0.110102130185181,0.107208320330878,0.000477305423669951,0.136363636363636
"Malawi","child_zinc","level","region","domain_index",1,87,-0.0510862433476708,NA,NA,NA,-0.0616949400602338,0.154938101225573,0.154478902265975,0.00566673116225972,0.136363636363636
"Malawi","child_zinc","level","region","null_train_mean",1,87,-0.501683108858814,NA,NA,NA,-0.515484838063243,0.110102130185181,0.107208320330878,0.000477305423670247,0.136363636363636
"Malawi","child_zinc","level","region","raw_enet",1,87,-0.445476159157575,NA,NA,NA,-0.431578642390464,0.10991278716106,0.106987006374844,8.81108931007596e-06,0.136363636363636
"Malawi","child_zinc","level","region","spatial",1,87,-0.179375956841875,NA,NA,NA,-0.16059119272632,0.115308582581201,0.111877106764103,-0.00577165392722324,0.318181818181818
"Malawi","child_zinc","level","region","spatial_plus_domain",1,87,-0.179375956841875,NA,NA,NA,-0.160591192458535,0.115308582572737,0.111877106754204,-0.00577165392659883,0.318181818181818
"Malawi","child_zinc","prev","infill","domain_enet",10,87,-0.1917068829453,NA,-0.1917068829453,-0.1917068829453,-0.211332151416533,20.5222942797371,19.7706028037862,1.42024204499425,0.218181818181818
"Malawi","child_zinc","prev","infill","domain_index",10,87,-0.00399741129259635,NA,-0.00399741129259635,-0.00399741129259635,-0.00844034789658517,29.153630320861,28.4436464604133,-0.589523183371159,0.268181818181818
"Malawi","child_zinc","prev","infill","null_train_mean",10,87,-0.202320050086915,NA,-0.202320050086915,-0.202320050086915,-0.21569575720907,20.2178300565338,19.5204549328462,-0.00553622728018055,0.240909090909091
"Malawi","child_zinc","prev","infill","raw_enet",10,87,-0.207138203198589,NA,-0.207138203198589,-0.207138203198589,-0.19207863263184,20.8066206175853,20.0702437116995,1.30886627203021,0.195454545454545
"Malawi","child_zinc","prev","infill","region_mean_jk",10,87,0.0669016088099049,NA,0.0669016088099049,0.0669016088099049,0.0965957451289829,24.7856446809748,24.1126863330071,-0.509064681265724,0.231818181818182
"Malawi","child_zinc","prev","infill","spatial",10,87,-0.0618992529483662,NA,-0.0618992529483662,-0.0618992529483662,-0.0605308385003235,21.9138560387514,20.8223899896998,1.19680254189736,0.268181818181818
"Malawi","child_zinc","prev","infill","spatial_plus_domain",10,87,-0.067438197307275,NA,-0.067438197307275,-0.067438197307275,-0.0656827737052393,21.9784188857627,20.896106123669,1.14518300238372,0.268181818181818
"Malawi","child_zinc","prev","region","domain_enet",1,87,-0.566239129002238,NA,NA,NA,-0.487141284137353,20.3610812694361,19.746836037904,1.77258131497989,0.0454545454545455
"Malawi","child_zinc","prev","region","domain_index",1,87,-0.047987167717736,NA,NA,NA,-0.0596393435902747,29.220219981094,28.4120315757647,0.887458281395682,0.272727272727273
"Malawi","child_zinc","prev","region","null_train_mean",1,87,-0.577623666288515,NA,NA,NA,-0.58603908308832,20.201109843624,19.5241624957128,0.07933673163249,0.0909090909090909
"Malawi","child_zinc","prev","region","raw_enet",1,87,-0.563397967984912,NA,NA,NA,-0.590102067643031,20.221588445149,19.5267161277556,1.61606516217399,0.0454545454545455
"Malawi","child_zinc","prev","region","spatial",1,87,-0.0985724248730774,NA,NA,NA,-0.0884319153550273,22.8871294534713,21.8724956856134,-0.058766250100417,0.181818181818182
"Malawi","child_zinc","prev","region","spatial_plus_domain",1,87,-0.0985724248730774,NA,NA,NA,-0.0884319153607613,22.887129453538,21.8724956856924,-0.058766250037685,0.181818181818182
"Malawi","women_b12","level","country","domain_enet",1,87,0.349147043814245,NA,NA,NA,0.296968700450374,NA,NA,NA,0.409090909090909
"Malawi","women_b12","level","country","domain_index",1,87,0.450590508128599,NA,NA,NA,0.380889082703906,NA,NA,NA,0.409090909090909
"Malawi","women_b12","level","country","null_train_mean",1,87,NA,NA,NA,NA,NA,NA,NA,NA,0.272727272727273
"Malawi","women_b12","level","infill","domain_enet",10,87,0.669410220893781,NA,0.669410220893781,0.669410220893781,0.675397297085709,0.25115975030301,0.231496572377188,-0.00560368497363936,0.431818181818182
"Malawi","women_b12","level","infill","domain_index",10,87,0.694964277903331,NA,0.694964277903331,0.694964277903331,0.646945199502589,0.292747563514655,0.27404599383687,0.0135375263500646,0.522727272727272
"Malawi","women_b12","level","infill","null_train_mean",10,87,-0.199893717113304,NA,-0.199893717113304,-0.199893717113304,-0.216980011535795,0.364584813346769,0.345356258254642,0.000120376174183008,0.190909090909091
"Malawi","women_b12","level","infill","raw_enet",10,87,0.726082598235766,NA,0.726082598235766,0.726082598235766,0.720243989835526,0.22432828329287,0.207264432315852,0.00206212249639352,0.481818181818182
"Malawi","women_b12","level","infill","region_mean_jk",10,87,0.577744810108721,NA,0.577744810108721,0.577744810108721,0.603962981685418,0.266080418522027,0.259177096005528,-0.00306858970965476,0.290909090909091
"Malawi","women_b12","level","infill","spatial",10,87,0.633651673106364,NA,0.633651673106364,0.633651673106364,0.65230669921293,0.260932036344875,0.245807453842453,0.00202438283590428,0.340909090909091
"Malawi","women_b12","level","infill","spatial_plus_domain",10,87,0.635373988481446,NA,0.635373988481446,0.635373988481446,0.655851153022652,0.259810010478617,0.24470382404728,0.000536286126494444,0.340909090909091
"Malawi","women_b12","level","region","domain_enet",1,87,0.693992855580666,NA,NA,NA,0.679769649127453,0.241653046133616,0.219057240688095,0.00432975701374405,0.5
"Malawi","women_b12","level","region","domain_index",1,87,0.646424145221258,NA,NA,NA,0.580504186385364,0.30264678462708,0.290823962170066,0.0369077787089061,0.545454545454545
"Malawi","women_b12","level","region","null_train_mean",1,87,-0.761650569188354,NA,NA,NA,-0.784035899029995,0.371272802630376,0.351428971737331,0.000375275531049985,0.0454545454545455
"Malawi","women_b12","level","region","raw_enet",1,87,0.750382736750018,NA,NA,NA,0.724519891932643,0.223674758447401,0.210388213896844,0.012669759737372,0.545454545454545
"Malawi","women_b12","level","region","spatial",1,87,0.602300065612014,NA,NA,NA,0.642556740209818,0.268684838274855,0.25040215188429,0.0320791949419366,0.409090909090909
"Malawi","women_b12","level","region","spatial_plus_domain",1,87,0.602300065612014,NA,NA,NA,0.642539793718159,0.268693822358598,0.250410045405371,0.0320745179162917,0.409090909090909
"Malawi","women_b12","prev","country","domain_enet",1,87,0.0659483915307077,NA,NA,NA,-0.0112123549892213,NA,NA,NA,0.363636363636364
"Malawi","women_b12","prev","country","domain_index",1,87,0.272169031035008,NA,NA,NA,0.210231608178153,NA,NA,NA,0.318181818181818
"Malawi","women_b12","prev","country","null_train_mean",1,87,NA,NA,NA,NA,NA,NA,NA,NA,0.181818181818182
"Malawi","women_b12","prev","infill","domain_enet",10,87,0.516821829636321,NA,0.516821829636321,0.516821829636321,0.366825905349706,8.99451184628289,8.40879039329948,-4.80255249028395,0.440909090909091
"Malawi","women_b12","prev","infill","domain_index",10,87,0.566067260786616,NA,0.566067260786616,0.566067260786616,0.373708165659551,11.2750858794933,10.675925265856,0.475380601042974,0.486363636363636
"Malawi","women_b12","prev","infill","null_train_mean",10,87,-0.179219363212867,NA,-0.179219363212867,-0.179219363212867,-0.220081287323039,11.3708620960399,10.752231158318,0.00274277163731448,0.159090909090909
"Malawi","women_b12","prev","infill","raw_enet",10,87,0.500377904253192,NA,0.500377904253192,0.500377904253192,0.331394021244598,9.09008550073546,8.52300000931229,-5.203393159394,0.431818181818182
"Malawi","women_b12","prev","infill","region_mean_jk",10,87,0.49969456369072,NA,0.49969456369072,0.49969456369072,0.388089781488915,9.20815500143824,8.77514393478947,-2.19647020763144,0.481818181818182
"Malawi","women_b12","prev","infill","spatial",10,87,0.488262741491339,NA,0.488262741491339,0.488262741491339,0.301299410975574,9.45600112159935,8.85728353356487,-4.89657931661931,0.436363636363637
"Malawi","women_b12","prev","infill","spatial_plus_domain",10,87,0.507676934843323,NA,0.507676934843323,0.507676934843323,0.350711768780026,9.12547951713227,8.50177721794041,-4.50492285506038,0.427272727272727
"Malawi","women_b12","prev","region","domain_enet",1,87,0.560177572459484,NA,NA,NA,0.433962821838455,8.56145265793016,7.97570596880209,-5.29001702147427,0.5
"Malawi","women_b12","prev","region","domain_index",1,87,0.5310793077646,NA,NA,NA,0.355182148477053,10.8292878892196,10.2710217523055,-0.564853551136724,0.5
"Malawi","women_b12","prev","region","null_train_mean",1,87,-0.718602524385658,NA,NA,NA,-0.678531379218951,11.5057991159278,10.8878017182731,-0.0252297019798199,0
"Malawi","women_b12","prev","region","raw_enet",1,87,0.492387154281425,NA,NA,NA,0.319935123879926,9.2269754693476,8.82115738721465,-6.248042309972,0.454545454545455
"Malawi","women_b12","prev","region","spatial",1,87,0.432837886572507,NA,NA,NA,0.260276366449098,10.0501813747617,9.46856347891404,-4.57821431378629,0.454545454545455
"Malawi","women_b12","prev","region","spatial_plus_domain",1,87,0.493519233158443,NA,NA,NA,0.305012182888995,9.66706029047515,9.01473754646477,-3.98889556912539,0.454545454545455
"Malawi","women_folate","level","country","domain_enet",1,87,0.366898738791281,NA,NA,NA,0.337810270535338,NA,NA,NA,0.454545454545455
"Malawi","women_folate","level","country","domain_index",1,87,0.104450681635926,NA,NA,NA,0.0483533197864227,NA,NA,NA,0.454545454545455
"Malawi","women_folate","level","country","null_train_mean",1,87,NA,NA,NA,NA,NA,NA,NA,NA,0.136363636363636
"Malawi","women_folate","level","infill","domain_enet",10,87,0.331586717212218,NA,0.331586717212218,0.331586717212218,0.30055155470294,0.344506782993184,0.334403738565501,0.00459559864186837,0.345454545454546
"Malawi","women_folate","level","infill","domain_index",10,87,0.412369687249398,NA,0.412369687249398,0.412369687249398,0.423777821064825,0.358430169119142,0.354388722346376,-0.00820481319652975,0.445454545454546
"Malawi","women_folate","level","infill","null_train_mean",10,87,-0.198366568437241,NA,-0.198366568437241,-0.198366568437241,-0.209840489695411,0.382999442186392,0.370225060748988,0.00012301809512508,0.159090909090909
"Malawi","women_folate","level","infill","raw_enet",10,87,0.456696070569366,NA,0.456696070569366,0.456696070569366,0.445048406138703,0.316568682853843,0.304759835853644,0.000347434809240274,0.531818181818182
"Malawi","women_folate","level","infill","region_mean_jk",10,87,0.361320018722982,NA,0.361320018722982,0.361320018722982,0.354042191183294,0.362083925656654,0.35139521054782,0.00585168752198262,0.509090909090909
"Malawi","women_folate","level","infill","spatial",10,87,0.480702777575271,NA,0.480702777575271,0.480702777575271,0.485979719090536,0.306083809031693,0.300432247769056,0.00252131191561839,0.531818181818182
"Malawi","women_folate","level","infill","spatial_plus_domain",10,87,0.478541226215645,NA,0.478541226215645,0.478541226215645,0.480215409637929,0.307379564608486,0.301175718447187,0.00235395057530061,0.527272727272727
"Malawi","women_folate","level","region","domain_enet",1,87,0.164485674710214,NA,NA,NA,0.142510410125438,0.36234956979435,0.350951164842289,-0.0263703623205459,0.318181818181818
"Malawi","women_folate","level","region","domain_index",1,87,0.345319676314063,NA,NA,NA,0.371904339581657,0.36526055083135,0.361385697993716,-0.0307147391677661,0.318181818181818
"Malawi","women_folate","level","region","null_train_mean",1,87,-0.683763402290563,NA,NA,NA,-0.687415218338552,0.385471140746127,0.372053616718683,0.000137638050161526,0
"Malawi","women_folate","level","region","raw_enet",1,87,0.390628417292411,NA,NA,NA,0.379456626206009,0.331701223348911,0.320931566316718,-0.00571329945604763,0.409090909090909
"Malawi","women_folate","level","region","spatial",1,87,0.381315156375301,NA,NA,NA,0.404395601111833,0.326221780603347,0.318811429370952,0.00655970379327988,0.318181818181818
"Malawi","women_folate","level","region","spatial_plus_domain",1,87,0.379784209375228,NA,NA,NA,0.406916448367174,0.325799367872812,0.318534243174785,0.0119043678663863,0.318181818181818
"Malawi","women_folate","prev","country","domain_enet",1,87,0.350983503215131,NA,NA,NA,0.339318212678069,NA,NA,NA,0.454545454545455
"Malawi","women_folate","prev","country","domain_index",1,87,0.221760509139214,NA,NA,NA,0.187513009636078,NA,NA,NA,0.409090909090909
"Malawi","women_folate","prev","country","null_train_mean",1,87,NA,NA,NA,NA,NA,NA,NA,NA,0.181818181818182
"Malawi","women_folate","prev","infill","domain_enet",10,87,0.270366032564055,NA,0.270366032564055,0.270366032564055,0.280369731985065,16.7762036879863,16.5755024608374,-10.2886186703507,0.418181818181818
"Malawi","women_folate","prev","infill","domain_index",10,87,0.410771246072846,NA,0.410771246072846,0.410771246072846,0.432703744843019,17.4081731983663,17.4883881898296,0.259911786837763,0.490909090909091
"Malawi","women_folate","prev","infill","null_train_mean",10,87,-0.191742743631881,NA,-0.191742743631881,-0.191742743631881,-0.219344202065229,17.5449174330977,17.0939234509225,0.00467681978184344,0.131818181818182
"Malawi","women_folate","prev","infill","raw_enet",10,87,0.389854658571868,NA,0.389854658571868,0.389854658571868,0.392543069732767,15.6939915276489,15.5548516865247,-9.20975933879934,0.463636363636364
"Malawi","women_folate","prev","infill","region_mean_jk",10,87,0.39359065772782,NA,0.39359065772782,0.39359065772782,0.445315214989593,16.3175731744237,16.1785542906913,-2.90104056871163,0.459090909090909
"Malawi","women_folate","prev","infill","spatial",10,87,0.42858525297121,NA,0.42858525297121,0.42858525297121,0.331628562292838,15.8333525562709,15.72850457529,-8.14809317383103,0.454545454545455
"Malawi","women_folate","prev","infill","spatial_plus_domain",10,87,0.424970695371463,NA,0.424970695371463,0.424970695371463,0.33609984929255,15.9023425071152,15.8054665889449,-8.03371512138779,0.440909090909091
"Malawi","women_folate","prev","region","domain_enet",1,87,0.163134488631353,NA,NA,NA,0.152512861055221,17.3717022940385,17.1519888340321,-10.374778171267,0.318181818181818
"Malawi","women_folate","prev","region","domain_index",1,87,0.330057607041477,NA,NA,NA,0.328546251431677,17.9279347362407,17.8194244062534,-2.89358167634243,0.363636363636364
"Malawi","women_folate","prev","region","null_train_mean",1,87,-0.684001286105595,NA,NA,NA,-0.71072298272889,17.7043504676863,17.2237636196512,0.00701575870639344,0.0454545454545455
"Malawi","women_folate","prev","region","raw_enet",1,87,0.415883569106018,NA,NA,NA,0.406366008452139,15.4691237385532,15.1946793568389,-10.395935364425,0.409090909090909
"Malawi","women_folate","prev","region","spatial",1,87,0.158219509458894,NA,NA,NA,0.137967059988731,18.3614406811186,18.2280142510779,-7.0159808418641,0.272727272727273
"Malawi","women_folate","prev","region","spatial_plus_domain",1,87,0.171633306783731,NA,NA,NA,0.158430021411004,18.099920552237,17.924008354048,-7.08601068538373,0.272727272727273
"Malawi","women_iron","level","country","domain_enet",1,87,0.253535758547787,NA,NA,NA,0.256362974161426,NA,NA,NA,0.409090909090909
"Malawi","women_iron","level","country","domain_index",1,87,0.218706714296129,NA,NA,NA,0.145724455898025,NA,NA,NA,0.5
"Malawi","women_iron","level","country","null_train_mean",1,87,NA,NA,NA,NA,NA,NA,NA,NA,0.272727272727273
"Malawi","women_iron","level","infill","domain_enet",10,87,0.185102210415297,NA,0.185102210415297,0.185102210415297,0.138547981113873,0.268044304905454,0.253587342364561,0.003735309240925,0.390909090909091
"Malawi","women_iron","level","infill","domain_index",10,87,0.248363344754684,NA,0.248363344754684,0.248363344754684,0.239786976508415,0.319179197179718,0.305684939426228,-0.00393344073185075,0.4
"Malawi","women_iron","level","infill","null_train_mean",10,87,-0.196145599473516,NA,-0.196145599473516,-0.196145599473516,-0.217204788550564,0.269779488706131,0.256497271270387,1.39666920997489e-05,0.168181818181818
"Malawi","women_iron","level","infill","raw_enet",10,87,0.151618360307089,NA,0.151618360307089,0.151618360307089,0.101463487632799,0.270913261868223,0.257127431245336,-0.00131691855553823,0.386363636363636
"Malawi","women_iron","level","infill","region_mean_jk",10,87,0.117428299885379,NA,0.117428299885379,0.117428299885379,0.0678199211130469,0.315809828546517,0.306370730443081,-0.0154476332963369,0.318181818181818
"Malawi","women_iron","level","infill","spatial",10,87,0.226904570970329,NA,0.226904570970329,0.226904570970329,0.20631669580608,0.261905377710055,0.246336703641753,0.00022894529678333,0.331818181818182
"Malawi","women_iron","level","infill","spatial_plus_domain",10,87,0.232773201137275,NA,0.232773201137275,0.232773201137275,0.209831350883071,0.263404604242179,0.246926955389933,0.00080033717295839,0.368181818181818
"Malawi","women_iron","level","region","domain_enet",1,87,0.297939823393696,NA,NA,NA,0.21127316400614,0.255179430042351,0.240468415807903,-0.0152788307450288,0.409090909090909
"Malawi","women_iron","level","region","domain_index",1,87,0.22342713421302,NA,NA,NA,0.235246530210435,0.305483436760349,0.299589559071363,-0.0173323540701696,0.409090909090909
"Malawi","women_iron","level","region","null_train_mean",1,87,-0.581732034575527,NA,NA,NA,-0.577397344466209,0.269764296730225,0.256407377892095,-0.000122325302747655,0
"Malawi","women_iron","level","region","raw_enet",1,87,0.249395125527777,NA,NA,NA,0.277087190474229,0.254925537790316,0.242607615394087,-0.00379538136821074,0.318181818181818
"Malawi","women_iron","level","region","spatial",1,87,0.181854632937231,NA,NA,NA,0.198844361683407,0.261689910838657,0.247122814851292,-0.0107391953910934,0.272727272727273
"Malawi","women_iron","level","region","spatial_plus_domain",1,87,0.18473427134213,NA,NA,NA,0.213398436863221,0.2611442794019,0.245698226451651,-0.00984456783435257,0.272727272727273
"Malawi","women_iron","prev","country","domain_enet",1,87,0.285167335969344,NA,NA,NA,0.249043863619875,NA,NA,NA,0.5
"Malawi","women_iron","prev","country","domain_index",1,87,0.205535597740823,NA,NA,NA,0.13046855516818,NA,NA,NA,0.409090909090909
"Malawi","women_iron","prev","country","null_train_mean",1,87,NA,NA,NA,NA,NA,NA,NA,NA,0.272727272727273
"Malawi","women_iron","prev","infill","domain_enet",10,87,-0.175928269823596,NA,-0.175928269823596,-0.175928269823596,-0.160147948039185,14.510101819799,13.7468917278483,-9.44683098559913,0.190909090909091
"Malawi","women_iron","prev","infill","domain_index",10,87,0.0760541877431872,NA,0.0760541877431872,0.0760541877431872,-0.0116964357605204,20.0869604163543,19.6873536875307,-0.955978861928487,0.231818181818182
"Malawi","women_iron","prev","infill","null_train_mean",10,87,-0.155579211290424,NA,-0.155579211290424,-0.155579211290424,-0.174673014890011,13.5306735515909,12.1741785936483,-0.00158275261483723,0.186363636363636
"Malawi","women_iron","prev","infill","raw_enet",10,87,-0.106916052591048,NA,-0.106916052591048,-0.106916052591048,-0.0803345801596516,14.4812990222935,13.7191371010074,-9.40715340540064,0.240909090909091
"Malawi","women_iron","prev","infill","region_mean_jk",10,87,-0.210133437496557,NA,-0.210133437496557,-0.210133437496557,-0.237361653315363,18.7290437344696,18.1274351229913,-5.24676141530762,0.113636363636364
"Malawi","women_iron","prev","infill","spatial",10,87,0.0510474338203497,NA,0.0510474338203497,0.0510474338203497,0.0350371305391196,14.6084223016805,13.768351005622,-9.06508244545592,0.286363636363636
"Malawi","women_iron","prev","infill","spatial_plus_domain",10,87,0.0148415121557143,NA,0.0148415121557143,0.0148415121557143,0.00139731875127128,14.7241842601584,13.8819554150247,-9.02205964843399,0.259090909090909
"Malawi","women_iron","prev","region","domain_enet",1,87,-0.335500471045532,NA,NA,NA,-0.281526418354351,14.3785120128859,13.6542954028082,-9.58045369325648,0.136363636363636
"Malawi","women_iron","prev","region","domain_index",1,87,0.146934117475246,NA,NA,NA,0.0572055889596758,18.0369704576784,17.7649495196913,-2.84195873125528,0.227272727272727
"Malawi","women_iron","prev","region","null_train_mean",1,87,-0.451764855149368,NA,NA,NA,-0.482843141376306,13.5627624029886,12.2021181310576,-0.0146860082619023,0
"Malawi","women_iron","prev","region","raw_enet",1,87,-0.353945043429038,NA,NA,NA,-0.157276753195412,14.53753720224,13.8154250024278,-9.71641538813461,0.136363636363636
"Malawi","women_iron","prev","region","spatial",1,87,0.104086818130851,NA,NA,NA,0.100060525103966,14.2935118769029,13.3588629209777,-9.27101730595602,0.272727272727273
"Malawi","women_iron","prev","region","spatial_plus_domain",1,87,0.0836304492496437,NA,NA,NA,0.0684530572601258,14.351081129929,13.4471868207687,-9.26822295407337,0.272727272727273
"Malawi","women_vitA","level","country","domain_enet",1,87,0.0991652693737698,NA,NA,NA,0.138414739624739,NA,NA,NA,0.272727272727273
"Malawi","women_vitA","level","country","domain_index",1,87,0.245990376904571,NA,NA,NA,0.260327992423501,NA,NA,NA,0.363636363636364
"Malawi","women_vitA","level","country","null_train_mean",1,87,NA,NA,NA,NA,NA,NA,NA,NA,0.318181818181818
"Malawi","women_vitA","level","infill","domain_enet",10,87,0.122468275347176,NA,0.122468275347176,0.122468275347176,0.0649436028551387,0.0888095352939758,0.0782029054916394,-0.000118124375525764,0.3
"Malawi","women_vitA","level","infill","domain_index",10,87,0.293808777429467,NA,0.293808777429467,0.293808777429467,0.273026980147321,0.108465251908832,0.10124858090089,-0.00122704484396264,0.372727272727273
"Malawi","women_vitA","level","infill","null_train_mean",10,87,-0.231815960723832,NA,-0.231815960723832,-0.231815960723832,-0.257373197203777,0.0895849933909737,0.080090376528231,6.27108358277285e-05,0.168181818181818
"Malawi","women_vitA","level","infill","raw_enet",10,87,0.127552838852137,NA,0.127552838852137,0.127552838852137,0.0961509911021416,0.0876360964521049,0.0773360432992522,-3.94504374101567e-05,0.290909090909091
"Malawi","women_vitA","level","infill","region_mean_jk",10,87,0.107611612195153,NA,0.107611612195153,0.107611612195153,0.0844153072059277,0.107187423947402,0.0974228195198471,0.000590792405395931,0.381818181818182
"Malawi","women_vitA","level","infill","spatial",10,87,0.290211051979296,NA,0.290211051979296,0.290211051979296,0.256727737301715,0.0859824080909958,0.0772326409037965,0.000355034259406409,0.381818181818182
"Malawi","women_vitA","level","infill","spatial_plus_domain",10,87,0.279813370270467,NA,0.279813370270467,0.279813370270467,0.241023461284922,0.0865842099287835,0.0777410504209997,0.00034337340401151,0.372727272727273
"Malawi","women_vitA","level","region","domain_enet",1,87,0.145416766001345,NA,NA,NA,0.0939602893967633,0.0852671399977998,0.0756742601298298,0.00249217644970459,0.363636363636364
"Malawi","women_vitA","level","region","domain_index",1,87,0.325526718670263,NA,NA,NA,0.309086051231349,0.101705722296909,0.0938891942391425,0.000866862454196776,0.409090909090909
"Malawi","women_vitA","level","region","null_train_mean",1,87,-0.544516946047247,NA,NA,NA,-0.564320537379933,0.0892173180169214,0.0798810690944576,0.000361718619289932,0.0909090909090909
"Malawi","women_vitA","level","region","raw_enet",1,87,0.290697674418605,NA,NA,NA,0.259095092780336,0.0829806772285805,0.0731163186438725,-0.000515648933815623,0.318181818181818
"Malawi","women_vitA","level","region","spatial",1,87,0.39206823649486,NA,NA,NA,0.347693846886455,0.0808794490645515,0.0731625583253136,-0.000179340557634655,0.5
"Malawi","women_vitA","level","region","spatial_plus_domain",1,87,0.39206823649486,NA,NA,NA,0.347693846886454,0.0808794490645515,0.0731625583253137,-0.000179340557634558,0.5
"Malawi","women_vitA","prev","country","domain_enet",1,87,0.0301171778642983,NA,NA,NA,0.108856288299322,NA,NA,NA,0.272727272727273
"Malawi","women_vitA","prev","country","domain_index",1,87,0.202255453209891,NA,NA,NA,0.249454354392687,NA,NA,NA,0.318181818181818
"Malawi","women_vitA","prev","country","null_train_mean",1,87,NA,NA,NA,NA,NA,NA,NA,NA,0.909090909090909
"Malawi","women_vitA","prev","infill","domain_enet",10,87,-0.190648728991175,NA,-0.190648728991175,-0.190648728991175,-0.231875380477099,0.736119386443741,0.755401673595917,0.312726630178302,0.386363636363636
"Malawi","women_vitA","prev","infill","domain_index",10,87,-0.109237470714304,NA,-0.109237470714304,-0.109237470714304,-0.0726437671228914,0.805539080586816,0.817742066712207,0.378526337270536,0.163636363636363
"Malawi","women_vitA","prev","infill","null_train_mean",10,87,-0.196045399897575,NA,-0.196045399897575,-0.196045399897575,-0.232819286929318,0.442268283847494,0.463263613580714,-0.000864647041558589,0.395454545454546
"Malawi","women_vitA","prev","infill","raw_enet",10,87,-0.192620473580561,NA,-0.192620473580561,-0.192620473580561,-0.231110074752486,0.736077986072124,0.755375564024278,0.312685229806686,0.381818181818182
"Malawi","women_vitA","prev","infill","region_mean_jk",10,87,-0.056195402749596,NA,-0.056195402749596,-0.056195402749596,-0.0333079370069085,0.844544771548029,0.827819678725002,0.420534554434364,0.613636363636364
"Malawi","women_vitA","prev","infill","spatial",10,87,-0.0399722429195095,NA,-0.0399722429195095,-0.0399722429195095,-0.0621183579951227,0.764395628604528,0.774202680770164,0.340820143952709,0.236363636363636
"Malawi","women_vitA","prev","infill","spatial_plus_domain",10,87,-0.0351296956995796,NA,-0.0351296956995796,-0.0351296956995796,-0.0616036428908868,0.764360978500153,0.774193523909028,0.340785493848054,0.236363636363636
"Malawi","women_vitA","prev","region","domain_enet",1,87,-0.251690909159201,NA,NA,NA,-0.518500883544863,0.735980803072022,0.755583346958044,0.312823047625703,0.272727272727273
"Malawi","women_vitA","prev","region","domain_index",1,87,-0.125382936283535,NA,NA,NA,-0.0945687675330461,0.766815028344657,0.793191822558066,0.338353955784025,0.181818181818182
"Malawi","women_vitA","prev","region","null_train_mean",1,87,-0.25209538300216,NA,NA,NA,-0.528011479578675,0.442473940247671,0.465396943605944,0.000833266990878382,0.272727272727273
"Malawi","women_vitA","prev","region","raw_enet",1,87,-0.251690909159201,NA,NA,NA,-0.518500883544862,0.735980803072022,0.755583346958043,0.312823047625703,0.272727272727273
"Malawi","women_vitA","prev","region","spatial",1,87,-0.0398754243051781,NA,NA,NA,-0.0456962831927595,0.732509782984543,0.751583406373481,0.309360914147851,0.318181818181818
"Malawi","women_vitA","prev","region","spatial_plus_domain",1,87,-0.0398754243051781,NA,NA,NA,-0.0439574356736562,0.732070893918823,0.751298046888304,0.308922025080342,0.318181818181818
"Malawi","women_zinc","level","infill","domain_enet",10,87,-0.161085598958508,NA,-0.161085598958508,-0.161085598958508,-0.131070711519576,0.124356933678738,0.11964577449583,8.05202550787845e-05,0.177272727272727
"Malawi","women_zinc","level","infill","domain_index",10,87,-0.0316906029015091,NA,-0.0316906029015091,-0.0316906029015091,-0.014317782779115,0.165245105841583,0.163272239398343,0.00564263174985296,0.168181818181818
"Malawi","women_zinc","level","infill","null_train_mean",10,87,-0.192369580213581,NA,-0.192369580213581,-0.192369580213581,-0.200293881651648,0.121404581432543,0.116944998579786,9.24321767156836e-06,0.2
"Malawi","women_zinc","level","infill","raw_enet",10,87,-0.219528599269161,NA,-0.219528599269161,-0.219528599269161,-0.216766645972128,0.123386938226867,0.118883140088706,5.36048278125889e-07,0.168181818181818
"Malawi","women_zinc","level","infill","region_mean_jk",10,87,0.148934672912407,NA,0.148934672912407,0.148934672912407,0.166516964259188,0.131698027361685,0.131656730786722,-0.00485893579142868,0.209090909090909
"Malawi","women_zinc","level","infill","spatial",10,87,0.121672012830794,NA,0.121672012830794,0.121672012830794,0.11632203673057,0.120476592380564,0.115177482845508,-0.000895046267161914,0.3
"Malawi","women_zinc","level","infill","spatial_plus_domain",10,87,0.118085222716337,NA,0.118085222716337,0.118085222716337,0.101935603861833,0.121336798118624,0.116203092282228,-0.000549475173962338,0.295454545454545
"Malawi","women_zinc","level","region","domain_enet",1,87,-0.304962089840147,NA,NA,NA,-0.208675532338622,0.124307633924855,0.118703516010682,-0.000477813114259821,0.0909090909090909
"Malawi","women_zinc","level","region","domain_index",1,87,-0.15336808340016,NA,NA,NA,-0.160961187299335,0.167867581436366,0.165327039746748,0.00899089278717465,0.181818181818182
"Malawi","women_zinc","level","region","null_train_mean",1,87,-0.573167091406886,NA,NA,NA,-0.576924577417639,0.121825673930702,0.117271025056608,0.000409174998400327,0.0909090909090909
"Malawi","women_zinc","level","region","raw_enet",1,87,-0.572664082106994,NA,NA,NA,-0.228372032629456,0.125704891522471,0.120651639524269,-0.00405327630585801,0.0909090909090909
"Malawi","women_zinc","level","region","spatial",1,87,0.0571371291098637,NA,NA,NA,0.0312546350267167,0.125802180746684,0.120267227518229,0.00342370270255818,0.318181818181818
"Malawi","women_zinc","level","region","spatial_plus_domain",1,87,0.0571371291098637,NA,NA,NA,0.0312546350267147,0.125802180746683,0.120267227518228,0.00342370270255628,0.318181818181818
"Malawi","women_zinc","prev","infill","domain_enet",10,87,-0.182731951895934,NA,-0.182731951895934,-0.182731951895934,-0.195421595841152,24.1609110135939,23.7846518028785,12.3202852346363,0.181818181818182
"Malawi","women_zinc","prev","infill","domain_index",10,87,-0.045626505045243,NA,-0.045626505045243,-0.045626505045243,-0.082807500285639,31.9044358242749,31.7203846097052,3.48664403876891,0.254545454545455
"Malawi","women_zinc","prev","infill","null_train_mean",10,87,-0.196568866223637,NA,-0.196568866223637,-0.196568866223637,-0.206181231927806,22.9000676001882,22.06619508962,0.00244573661853174,0.204545454545454
"Malawi","women_zinc","prev","infill","raw_enet",10,87,-0.170730553042114,NA,-0.170730553042114,-0.170730553042114,-0.185973204599634,23.9745863644362,23.6273857115612,12.3974833176467,0.2
"Malawi","women_zinc","prev","infill","region_mean_jk",10,87,0.185175539778634,NA,0.185175539778634,0.185175539778634,0.220151102369055,24.1349039504063,24.5666294206112,4.45409760696412,0.254545454545455
"Malawi","women_zinc","prev","infill","spatial",10,87,-0.273414489612428,NA,-0.273414489612428,-0.273414489612428,-0.249977578527968,24.6817287184909,24.3539944957921,12.1848824388949,0.113636363636363
"Malawi","women_zinc","prev","infill","spatial_plus_domain",10,87,-0.261141713723544,NA,-0.261141713723544,-0.261141713723544,-0.237000828355499,24.9021828354411,24.5515196895997,12.0412369758017,0.109090909090909
"Malawi","women_zinc","prev","region","domain_enet",1,87,-0.571589177562051,NA,NA,NA,-0.504061295302419,24.0041364917251,23.5582306044973,12.3781287825899,0
"Malawi","women_zinc","prev","region","domain_index",1,87,-0.169839352981632,NA,NA,NA,-0.212373171398524,34.2958327745349,33.6165187269251,2.92280160926424,0.272727272727273
"Malawi","women_zinc","prev","region","null_train_mean",1,87,-0.596643039109373,NA,NA,NA,-0.608252860100862,23.0071557296181,22.1422726122705,0.0690358418353697,0
"Malawi","women_zinc","prev","region","raw_enet",1,87,-0.564771637008949,NA,NA,NA,-0.29392099533408,24.4648951563421,24.034724147034,11.9682961414369,0
"Malawi","women_zinc","prev","region","spatial",1,87,-0.530464668772376,NA,NA,NA,-0.432790783138628,25.2880973523915,24.3803031475695,11.4093860590408,0.0454545454545455
"Malawi","women_zinc","prev","region","spatial_plus_domain",1,87,-0.522477174448982,NA,NA,NA,-0.43500943800829,25.3074523791775,24.3899492063473,11.3520252262728,0.0454545454545455
"SierraLeone","child_iron","level","country","domain_enet",1,14,0.305494505494505,NA,NA,NA,0.279655214957413,NA,NA,NA,0.25
"SierraLeone","child_iron","level","country","domain_index",1,14,0.257142857142857,NA,NA,NA,0.221815434184782,NA,NA,NA,0.25
"SierraLeone","child_iron","level","country","null_train_mean",1,14,NA,NA,NA,NA,NA,NA,NA,NA,0.25
"SierraLeone","child_iron","level","infill","domain_enet",10,14,NA,NA,NA,NA,NA,NA,NA,NA,NA
"SierraLeone","child_iron","level","infill","domain_index",10,14,NA,NA,NA,NA,NA,NA,NA,NA,NA
"SierraLeone","child_iron","level","infill","null_train_mean",10,14,NA,NA,NA,NA,NA,NA,NA,NA,NA
"SierraLeone","child_iron","level","infill","raw_enet",10,14,NA,NA,NA,NA,NA,NA,NA,NA,NA
"SierraLeone","child_iron","level","infill","region_mean_jk",10,14,NA,NA,NA,NA,NA,NA,NA,NA,NA
"SierraLeone","child_iron","level","infill","spatial",10,14,NA,NA,NA,NA,NA,NA,NA,NA,NA
"SierraLeone","child_iron","level","infill","spatial_plus_domain",10,14,NA,NA,NA,NA,NA,NA,NA,NA,NA
"SierraLeone","child_iron","level","region","domain_enet",1,14,NA,NA,NA,NA,NA,NA,NA,NA,NA
"SierraLeone","child_iron","level","region","domain_index",1,14,NA,NA,NA,NA,NA,NA,NA,NA,NA
"SierraLeone","child_iron","level","region","null_train_mean",1,14,NA,NA,NA,NA,NA,NA,NA,NA,NA
"SierraLeone","child_iron","level","region","raw_enet",1,14,NA,NA,NA,NA,NA,NA,NA,NA,NA
"SierraLeone","child_iron","level","region","spatial",1,14,NA,NA,NA,NA,NA,NA,NA,NA,NA
"SierraLeone","child_iron","level","region","spatial_plus_domain",1,14,NA,NA,NA,NA,NA,NA,NA,NA,NA
"SierraLeone","child_iron","prev","country","domain_enet",1,14,0.169230769230769,NA,NA,NA,0.296773806749828,NA,NA,NA,0.25
"SierraLeone","child_iron","prev","country","domain_index",1,14,0.274725274725275,NA,NA,NA,0.204654277287386,NA,NA,NA,0.25
"SierraLeone","child_iron","prev","country","null_train_mean",1,14,NA,NA,NA,NA,NA,NA,NA,NA,0.25
"SierraLeone","child_iron","prev","infill","domain_enet",10,14,NA,NA,NA,NA,NA,NA,NA,NA,NA
"SierraLeone","child_iron","prev","infill","domain_index",10,14,NA,NA,NA,NA,NA,NA,NA,NA,NA
"SierraLeone","child_iron","prev","infill","null_train_mean",10,14,NA,NA,NA,NA,NA,NA,NA,NA,NA
"SierraLeone","child_iron","prev","infill","raw_enet",10,14,NA,NA,NA,NA,NA,NA,NA,NA,NA
"SierraLeone","child_iron","prev","infill","region_mean_jk",10,14,NA,NA,NA,NA,NA,NA,NA,NA,NA
"SierraLeone","child_iron","prev","infill","spatial",10,14,NA,NA,NA,NA,NA,NA,NA,NA,NA
"SierraLeone","child_iron","prev","infill","spatial_plus_domain",10,14,NA,NA,NA,NA,NA,NA,NA,NA,NA
"SierraLeone","child_iron","prev","region","domain_enet",1,14,NA,NA,NA,NA,NA,NA,NA,NA,NA
"SierraLeone","child_iron","prev","region","domain_index",1,14,NA,NA,NA,NA,NA,NA,NA,NA,NA
"SierraLeone","child_iron","prev","region","null_train_mean",1,14,NA,NA,NA,NA,NA,NA,NA,NA,NA
"SierraLeone","child_iron","prev","region","raw_enet",1,14,NA,NA,NA,NA,NA,NA,NA,NA,NA
"SierraLeone","child_iron","prev","region","spatial",1,14,NA,NA,NA,NA,NA,NA,NA,NA,NA
"SierraLeone","child_iron","prev","region","spatial_plus_domain",1,14,NA,NA,NA,NA,NA,NA,NA,NA,NA
"SierraLeone","child_vitA","level","country","domain_enet",1,14,-0.138461538461538,NA,NA,NA,-0.0890633230255299,NA,NA,NA,0.25
"SierraLeone","child_vitA","level","country","domain_index",1,14,0.0417582417582418,NA,NA,NA,0.00605467143543814,NA,NA,NA,0.5
"SierraLeone","child_vitA","level","country","null_train_mean",1,14,NA,NA,NA,NA,NA,NA,NA,NA,0.25
"SierraLeone","child_vitA","level","infill","domain_enet",10,14,NA,NA,NA,NA,NA,NA,NA,NA,NA
"SierraLeone","child_vitA","level","infill","domain_index",10,14,NA,NA,NA,NA,NA,NA,NA,NA,NA
"SierraLeone","child_vitA","level","infill","null_train_mean",10,14,NA,NA,NA,NA,NA,NA,NA,NA,NA
"SierraLeone","child_vitA","level","infill","raw_enet",10,14,NA,NA,NA,NA,NA,NA,NA,NA,NA
"SierraLeone","child_vitA","level","infill","region_mean_jk",10,14,NA,NA,NA,NA,NA,NA,NA,NA,NA
"SierraLeone","child_vitA","level","infill","spatial",10,14,NA,NA,NA,NA,NA,NA,NA,NA,NA
"SierraLeone","child_vitA","level","infill","spatial_plus_domain",10,14,NA,NA,NA,NA,NA,NA,NA,NA,NA
"SierraLeone","child_vitA","level","region","domain_enet",1,14,NA,NA,NA,NA,NA,NA,NA,NA,NA
"SierraLeone","child_vitA","level","region","domain_index",1,14,NA,NA,NA,NA,NA,NA,NA,NA,NA
"SierraLeone","child_vitA","level","region","null_train_mean",1,14,NA,NA,NA,NA,NA,NA,NA,NA,NA
"SierraLeone","child_vitA","level","region","raw_enet",1,14,NA,NA,NA,NA,NA,NA,NA,NA,NA
"SierraLeone","child_vitA","level","region","spatial",1,14,NA,NA,NA,NA,NA,NA,NA,NA,NA
"SierraLeone","child_vitA","level","region","spatial_plus_domain",1,14,NA,NA,NA,NA,NA,NA,NA,NA,NA
"SierraLeone","child_vitA","prev","country","domain_enet",1,14,-0.327472527472527,NA,NA,NA,-0.180259737717668,NA,NA,NA,0.25
"SierraLeone","child_vitA","prev","country","domain_index",1,14,0.0417582417582418,NA,NA,NA,0.122160423566981,NA,NA,NA,0.5
"SierraLeone","child_vitA","prev","country","null_train_mean",1,14,NA,NA,NA,NA,NA,NA,NA,NA,0.5
"SierraLeone","child_vitA","prev","infill","domain_enet",10,14,NA,NA,NA,NA,NA,NA,NA,NA,NA
"SierraLeone","child_vitA","prev","infill","domain_index",10,14,NA,NA,NA,NA,NA,NA,NA,NA,NA
"SierraLeone","child_vitA","prev","infill","null_train_mean",10,14,NA,NA,NA,NA,NA,NA,NA,NA,NA
"SierraLeone","child_vitA","prev","infill","raw_enet",10,14,NA,NA,NA,NA,NA,NA,NA,NA,NA
"SierraLeone","child_vitA","prev","infill","region_mean_jk",10,14,NA,NA,NA,NA,NA,NA,NA,NA,NA
"SierraLeone","child_vitA","prev","infill","spatial",10,14,NA,NA,NA,NA,NA,NA,NA,NA,NA
"SierraLeone","child_vitA","prev","infill","spatial_plus_domain",10,14,NA,NA,NA,NA,NA,NA,NA,NA,NA
"SierraLeone","child_vitA","prev","region","domain_enet",1,14,NA,NA,NA,NA,NA,NA,NA,NA,NA
"SierraLeone","child_vitA","prev","region","domain_index",1,14,NA,NA,NA,NA,NA,NA,NA,NA,NA
"SierraLeone","child_vitA","prev","region","null_train_mean",1,14,NA,NA,NA,NA,NA,NA,NA,NA,NA
"SierraLeone","child_vitA","prev","region","raw_enet",1,14,NA,NA,NA,NA,NA,NA,NA,NA,NA
"SierraLeone","child_vitA","prev","region","spatial",1,14,NA,NA,NA,NA,NA,NA,NA,NA,NA
"SierraLeone","child_vitA","prev","region","spatial_plus_domain",1,14,NA,NA,NA,NA,NA,NA,NA,NA,NA
"SierraLeone","women_b12","level","country","domain_enet",1,14,0.446153846153846,NA,NA,NA,0.620060426224493,NA,NA,NA,0.5
"SierraLeone","women_b12","level","country","domain_index",1,14,0.56043956043956,NA,NA,NA,0.754632110357794,NA,NA,NA,0.75
"SierraLeone","women_b12","level","country","null_train_mean",1,14,NA,NA,NA,NA,NA,NA,NA,NA,0
"SierraLeone","women_b12","level","infill","domain_enet",10,14,NA,NA,NA,NA,NA,NA,NA,NA,NA
"SierraLeone","women_b12","level","infill","domain_index",10,14,NA,NA,NA,NA,NA,NA,NA,NA,NA
"SierraLeone","women_b12","level","infill","null_train_mean",10,14,NA,NA,NA,NA,NA,NA,NA,NA,NA
"SierraLeone","women_b12","level","infill","raw_enet",10,14,NA,NA,NA,NA,NA,NA,NA,NA,NA
"SierraLeone","women_b12","level","infill","region_mean_jk",10,14,NA,NA,NA,NA,NA,NA,NA,NA,NA
"SierraLeone","women_b12","level","infill","spatial",10,14,NA,NA,NA,NA,NA,NA,NA,NA,NA
"SierraLeone","women_b12","level","infill","spatial_plus_domain",10,14,NA,NA,NA,NA,NA,NA,NA,NA,NA
"SierraLeone","women_b12","level","region","domain_enet",1,14,NA,NA,NA,NA,NA,NA,NA,NA,NA
"SierraLeone","women_b12","level","region","domain_index",1,14,NA,NA,NA,NA,NA,NA,NA,NA,NA
"SierraLeone","women_b12","level","region","null_train_mean",1,14,NA,NA,NA,NA,NA,NA,NA,NA,NA
"SierraLeone","women_b12","level","region","raw_enet",1,14,NA,NA,NA,NA,NA,NA,NA,NA,NA
"SierraLeone","women_b12","level","region","spatial",1,14,NA,NA,NA,NA,NA,NA,NA,NA,NA
"SierraLeone","women_b12","level","region","spatial_plus_domain",1,14,NA,NA,NA,NA,NA,NA,NA,NA,NA
"SierraLeone","women_b12","prev","country","domain_enet",1,14,0.0991055106222421,NA,NA,NA,-0.0277841190306931,NA,NA,NA,0.5
"SierraLeone","women_b12","prev","country","domain_index",1,14,-0.151411196783981,NA,NA,NA,-0.213436144081869,NA,NA,NA,0.25
"SierraLeone","women_b12","prev","country","null_train_mean",1,14,NA,NA,NA,NA,NA,NA,NA,NA,0.25
"SierraLeone","women_b12","prev","infill","domain_enet",10,14,NA,NA,NA,NA,NA,NA,NA,NA,NA
"SierraLeone","women_b12","prev","infill","domain_index",10,14,NA,NA,NA,NA,NA,NA,NA,NA,NA
"SierraLeone","women_b12","prev","infill","null_train_mean",10,14,NA,NA,NA,NA,NA,NA,NA,NA,NA
"SierraLeone","women_b12","prev","infill","raw_enet",10,14,NA,NA,NA,NA,NA,NA,NA,NA,NA
"SierraLeone","women_b12","prev","infill","region_mean_jk",10,14,NA,NA,NA,NA,NA,NA,NA,NA,NA
"SierraLeone","women_b12","prev","infill","spatial",10,14,NA,NA,NA,NA,NA,NA,NA,NA,NA
"SierraLeone","women_b12","prev","infill","spatial_plus_domain",10,14,NA,NA,NA,NA,NA,NA,NA,NA,NA
"SierraLeone","women_b12","prev","region","domain_enet",1,14,NA,NA,NA,NA,NA,NA,NA,NA,NA
"SierraLeone","women_b12","prev","region","domain_index",1,14,NA,NA,NA,NA,NA,NA,NA,NA,NA
"SierraLeone","women_b12","prev","region","null_train_mean",1,14,NA,NA,NA,NA,NA,NA,NA,NA,NA
"SierraLeone","women_b12","prev","region","raw_enet",1,14,NA,NA,NA,NA,NA,NA,NA,NA,NA
"SierraLeone","women_b12","prev","region","spatial",1,14,NA,NA,NA,NA,NA,NA,NA,NA,NA
"SierraLeone","women_b12","prev","region","spatial_plus_domain",1,14,NA,NA,NA,NA,NA,NA,NA,NA,NA
"SierraLeone","women_folate","level","country","domain_enet",1,14,-0.0241758241758242,NA,NA,NA,-0.0908133674449537,NA,NA,NA,0.5
"SierraLeone","women_folate","level","country","domain_index",1,14,0.2,NA,NA,NA,0.164305891259267,NA,NA,NA,0.5
"SierraLeone","women_folate","level","country","null_train_mean",1,14,NA,NA,NA,NA,NA,NA,NA,NA,0.5
"SierraLeone","women_folate","level","infill","domain_enet",10,14,NA,NA,NA,NA,NA,NA,NA,NA,NA
"SierraLeone","women_folate","level","infill","domain_index",10,14,NA,NA,NA,NA,NA,NA,NA,NA,NA
"SierraLeone","women_folate","level","infill","null_train_mean",10,14,NA,NA,NA,NA,NA,NA,NA,NA,NA
"SierraLeone","women_folate","level","infill","raw_enet",10,14,NA,NA,NA,NA,NA,NA,NA,NA,NA
"SierraLeone","women_folate","level","infill","region_mean_jk",10,14,NA,NA,NA,NA,NA,NA,NA,NA,NA
"SierraLeone","women_folate","level","infill","spatial",10,14,NA,NA,NA,NA,NA,NA,NA,NA,NA
"SierraLeone","women_folate","level","infill","spatial_plus_domain",10,14,NA,NA,NA,NA,NA,NA,NA,NA,NA
"SierraLeone","women_folate","level","region","domain_enet",1,14,NA,NA,NA,NA,NA,NA,NA,NA,NA
"SierraLeone","women_folate","level","region","domain_index",1,14,NA,NA,NA,NA,NA,NA,NA,NA,NA
"SierraLeone","women_folate","level","region","null_train_mean",1,14,NA,NA,NA,NA,NA,NA,NA,NA,NA
"SierraLeone","women_folate","level","region","raw_enet",1,14,NA,NA,NA,NA,NA,NA,NA,NA,NA
"SierraLeone","women_folate","level","region","spatial",1,14,NA,NA,NA,NA,NA,NA,NA,NA,NA
"SierraLeone","women_folate","level","region","spatial_plus_domain",1,14,NA,NA,NA,NA,NA,NA,NA,NA,NA
"SierraLeone","women_folate","prev","country","domain_enet",1,14,-0.208791208791209,NA,NA,NA,-0.15814791688356,NA,NA,NA,0
"SierraLeone","women_folate","prev","country","domain_index",1,14,0.16043956043956,NA,NA,NA,0.266163875466328,NA,NA,NA,0.25
"SierraLeone","women_folate","prev","country","null_train_mean",1,14,NA,NA,NA,NA,NA,NA,NA,NA,0.25
"SierraLeone","women_folate","prev","infill","domain_enet",10,14,NA,NA,NA,NA,NA,NA,NA,NA,NA
"SierraLeone","women_folate","prev","infill","domain_index",10,14,NA,NA,NA,NA,NA,NA,NA,NA,NA
"SierraLeone","women_folate","prev","infill","null_train_mean",10,14,NA,NA,NA,NA,NA,NA,NA,NA,NA
"SierraLeone","women_folate","prev","infill","raw_enet",10,14,NA,NA,NA,NA,NA,NA,NA,NA,NA
"SierraLeone","women_folate","prev","infill","region_mean_jk",10,14,NA,NA,NA,NA,NA,NA,NA,NA,NA
"SierraLeone","women_folate","prev","infill","spatial",10,14,NA,NA,NA,NA,NA,NA,NA,NA,NA
"SierraLeone","women_folate","prev","infill","spatial_plus_domain",10,14,NA,NA,NA,NA,NA,NA,NA,NA,NA
"SierraLeone","women_folate","prev","region","domain_enet",1,14,NA,NA,NA,NA,NA,NA,NA,NA,NA
"SierraLeone","women_folate","prev","region","domain_index",1,14,NA,NA,NA,NA,NA,NA,NA,NA,NA
"SierraLeone","women_folate","prev","region","null_train_mean",1,14,NA,NA,NA,NA,NA,NA,NA,NA,NA
"SierraLeone","women_folate","prev","region","raw_enet",1,14,NA,NA,NA,NA,NA,NA,NA,NA,NA
"SierraLeone","women_folate","prev","region","spatial",1,14,NA,NA,NA,NA,NA,NA,NA,NA,NA
"SierraLeone","women_folate","prev","region","spatial_plus_domain",1,14,NA,NA,NA,NA,NA,NA,NA,NA,NA
"SierraLeone","women_iron","level","country","domain_enet",1,14,-0.195604395604396,NA,NA,NA,-0.373765392355837,NA,NA,NA,0.5
"SierraLeone","women_iron","level","country","domain_index",1,14,-0.032967032967033,NA,NA,NA,-0.336515527294162,NA,NA,NA,0.25
"SierraLeone","women_iron","level","country","null_train_mean",1,14,NA,NA,NA,NA,NA,NA,NA,NA,0.5
"SierraLeone","women_iron","level","infill","domain_enet",10,14,NA,NA,NA,NA,NA,NA,NA,NA,NA
"SierraLeone","women_iron","level","infill","domain_index",10,14,NA,NA,NA,NA,NA,NA,NA,NA,NA
"SierraLeone","women_iron","level","infill","null_train_mean",10,14,NA,NA,NA,NA,NA,NA,NA,NA,NA
"SierraLeone","women_iron","level","infill","raw_enet",10,14,NA,NA,NA,NA,NA,NA,NA,NA,NA
"SierraLeone","women_iron","level","infill","region_mean_jk",10,14,NA,NA,NA,NA,NA,NA,NA,NA,NA
"SierraLeone","women_iron","level","infill","spatial",10,14,NA,NA,NA,NA,NA,NA,NA,NA,NA
"SierraLeone","women_iron","level","infill","spatial_plus_domain",10,14,NA,NA,NA,NA,NA,NA,NA,NA,NA
"SierraLeone","women_iron","level","region","domain_enet",1,14,NA,NA,NA,NA,NA,NA,NA,NA,NA
"SierraLeone","women_iron","level","region","domain_index",1,14,NA,NA,NA,NA,NA,NA,NA,NA,NA
"SierraLeone","women_iron","level","region","null_train_mean",1,14,NA,NA,NA,NA,NA,NA,NA,NA,NA
"SierraLeone","women_iron","level","region","raw_enet",1,14,NA,NA,NA,NA,NA,NA,NA,NA,NA
"SierraLeone","women_iron","level","region","spatial",1,14,NA,NA,NA,NA,NA,NA,NA,NA,NA
"SierraLeone","women_iron","level","region","spatial_plus_domain",1,14,NA,NA,NA,NA,NA,NA,NA,NA,NA
"SierraLeone","women_iron","prev","country","domain_enet",1,14,0.217582417582418,NA,NA,NA,0.163073472325392,NA,NA,NA,0
"SierraLeone","women_iron","prev","country","domain_index",1,14,-0.208791208791209,NA,NA,NA,-0.303303122903921,NA,NA,NA,0
"SierraLeone","women_iron","prev","country","null_train_mean",1,14,NA,NA,NA,NA,NA,NA,NA,NA,0.5
"SierraLeone","women_iron","prev","infill","domain_enet",10,14,NA,NA,NA,NA,NA,NA,NA,NA,NA
"SierraLeone","women_iron","prev","infill","domain_index",10,14,NA,NA,NA,NA,NA,NA,NA,NA,NA
"SierraLeone","women_iron","prev","infill","null_train_mean",10,14,NA,NA,NA,NA,NA,NA,NA,NA,NA
"SierraLeone","women_iron","prev","infill","raw_enet",10,14,NA,NA,NA,NA,NA,NA,NA,NA,NA
"SierraLeone","women_iron","prev","infill","region_mean_jk",10,14,NA,NA,NA,NA,NA,NA,NA,NA,NA
"SierraLeone","women_iron","prev","infill","spatial",10,14,NA,NA,NA,NA,NA,NA,NA,NA,NA
"SierraLeone","women_iron","prev","infill","spatial_plus_domain",10,14,NA,NA,NA,NA,NA,NA,NA,NA,NA
"SierraLeone","women_iron","prev","region","domain_enet",1,14,NA,NA,NA,NA,NA,NA,NA,NA,NA
"SierraLeone","women_iron","prev","region","domain_index",1,14,NA,NA,NA,NA,NA,NA,NA,NA,NA
"SierraLeone","women_iron","prev","region","null_train_mean",1,14,NA,NA,NA,NA,NA,NA,NA,NA,NA
"SierraLeone","women_iron","prev","region","raw_enet",1,14,NA,NA,NA,NA,NA,NA,NA,NA,NA
"SierraLeone","women_iron","prev","region","spatial",1,14,NA,NA,NA,NA,NA,NA,NA,NA,NA
"SierraLeone","women_iron","prev","region","spatial_plus_domain",1,14,NA,NA,NA,NA,NA,NA,NA,NA,NA
"SierraLeone","women_vitA","level","country","domain_enet",1,14,0.112087912087912,NA,NA,NA,0.213760298739084,NA,NA,NA,0.75
"SierraLeone","women_vitA","level","country","domain_index",1,14,-0.0241758241758242,NA,NA,NA,-0.0274621367846235,NA,NA,NA,0.5
"SierraLeone","women_vitA","level","country","null_train_mean",1,14,NA,NA,NA,NA,NA,NA,NA,NA,0.25
"SierraLeone","women_vitA","level","infill","domain_enet",10,14,NA,NA,NA,NA,NA,NA,NA,NA,NA
"SierraLeone","women_vitA","level","infill","domain_index",10,14,NA,NA,NA,NA,NA,NA,NA,NA,NA
"SierraLeone","women_vitA","level","infill","null_train_mean",10,14,NA,NA,NA,NA,NA,NA,NA,NA,NA
"SierraLeone","women_vitA","level","infill","raw_enet",10,14,NA,NA,NA,NA,NA,NA,NA,NA,NA
"SierraLeone","women_vitA","level","infill","region_mean_jk",10,14,NA,NA,NA,NA,NA,NA,NA,NA,NA
"SierraLeone","women_vitA","level","infill","spatial",10,14,NA,NA,NA,NA,NA,NA,NA,NA,NA
"SierraLeone","women_vitA","level","infill","spatial_plus_domain",10,14,NA,NA,NA,NA,NA,NA,NA,NA,NA
"SierraLeone","women_vitA","level","region","domain_enet",1,14,NA,NA,NA,NA,NA,NA,NA,NA,NA
"SierraLeone","women_vitA","level","region","domain_index",1,14,NA,NA,NA,NA,NA,NA,NA,NA,NA
"SierraLeone","women_vitA","level","region","null_train_mean",1,14,NA,NA,NA,NA,NA,NA,NA,NA,NA
"SierraLeone","women_vitA","level","region","raw_enet",1,14,NA,NA,NA,NA,NA,NA,NA,NA,NA
"SierraLeone","women_vitA","level","region","spatial",1,14,NA,NA,NA,NA,NA,NA,NA,NA,NA
"SierraLeone","women_vitA","level","region","spatial_plus_domain",1,14,NA,NA,NA,NA,NA,NA,NA,NA,NA
"SierraLeone","women_vitA","prev","country","domain_enet",1,14,0.16194104765819,NA,NA,NA,0.0273442585985739,NA,NA,NA,0.5
"SierraLeone","women_vitA","prev","country","domain_index",1,14,0.185410764710102,NA,NA,NA,-0.00931397035520402,NA,NA,NA,0.5
"SierraLeone","women_vitA","prev","country","null_train_mean",1,14,NA,NA,NA,NA,NA,NA,NA,NA,0.5
"SierraLeone","women_vitA","prev","infill","domain_enet",10,14,NA,NA,NA,NA,NA,NA,NA,NA,NA
"SierraLeone","women_vitA","prev","infill","domain_index",10,14,NA,NA,NA,NA,NA,NA,NA,NA,NA
"SierraLeone","women_vitA","prev","infill","null_train_mean",10,14,NA,NA,NA,NA,NA,NA,NA,NA,NA
"SierraLeone","women_vitA","prev","infill","raw_enet",10,14,NA,NA,NA,NA,NA,NA,NA,NA,NA
"SierraLeone","women_vitA","prev","infill","region_mean_jk",10,14,NA,NA,NA,NA,NA,NA,NA,NA,NA
"SierraLeone","women_vitA","prev","infill","spatial",10,14,NA,NA,NA,NA,NA,NA,NA,NA,NA
"SierraLeone","women_vitA","prev","infill","spatial_plus_domain",10,14,NA,NA,NA,NA,NA,NA,NA,NA,NA
"SierraLeone","women_vitA","prev","region","domain_enet",1,14,NA,NA,NA,NA,NA,NA,NA,NA,NA
"SierraLeone","women_vitA","prev","region","domain_index",1,14,NA,NA,NA,NA,NA,NA,NA,NA,NA
"SierraLeone","women_vitA","prev","region","null_train_mean",1,14,NA,NA,NA,NA,NA,NA,NA,NA,NA
"SierraLeone","women_vitA","prev","region","raw_enet",1,14,NA,NA,NA,NA,NA,NA,NA,NA,NA
"SierraLeone","women_vitA","prev","region","spatial",1,14,NA,NA,NA,NA,NA,NA,NA,NA,NA
"SierraLeone","women_vitA","prev","region","spatial_plus_domain",1,14,NA,NA,NA,NA,NA,NA,NA,NA,NA
