"country","outcome","cluster","Admin1","Admin2","lat","lon","urban","date_med","month_med","n_raw","n_raw_cont","n_kish","n_eff","n_eff_cont","y_prev","y_level","sd_level"
"Gambia","child_vitA","100","Banjul","Kanifing",13.456828,-16.699354,NA,"2018-01-27",1,8,8,8,8,8,0,0.0121117477108549,0.0936911220970136
"Gambia","child_vitA","113","Western","Kombo Saint Mary",13.387244,-16.633391,NA,"2018-02-18",2,22,22,22,22,22,0.272727272727273,0.240974032777816,0.307843910833808
"Gambia","child_vitA","122","Western","Kombo Saint Mary",13.406102,-16.672816,NA,"2018-03-23",3,12,12,12,12,12,0,0.0345702949777055,0.214288175167292
"Gambia","child_vitA","13","Banjul","Banjul",13.457418,-16.579449,NA,"2018-01-24",1,3,3,3,3,3,0.333333333333333,0.362185516419554,0.234148814494212
"Gambia","child_vitA","132","Western","Kombo South",13.33061,-16.665974,NA,"2018-04-19",4,19,19,19,19,19,0.0526315789473684,0.0503438525132018,0.275832908720404
"Gambia","child_vitA","141","Western","Kombo Central",13.230063,-16.741642,NA,"2018-03-17",3,16,16,16,16,16,0.25,0.26412395788404,0.296617924027237
"Gambia","child_vitA","150","Western","Kombo Central",13.251225,-16.646428,NA,"2018-04-04",4,11,11,11,11,11,0.0909090909090909,-0.00238845058821338,0.31143182083473
"Gambia","child_vitA","16","Banjul","Banjul",13.457019,-16.579819,NA,"2018-01-30",1,5,5,5,5,5,0,0.0775690128658447,0.161275821537003
"Gambia","child_vitA","160","Western","Kombo East",13.283124,-16.577448,NA,"2018-03-26",3,20,20,20,20,20,0.1,0.133724512281665,0.256806762668463
"Gambia","child_vitA","162","Western","Foni Brefet",13.170211,-16.414914,NA,"2018-03-22",3,12,12,12,12,12,0,-0.0166569415148073,0.193281524630152
"Gambia","child_vitA","164","Western","Foni Bintang Karanai",13.201031,-16.197358,NA,"2018-03-18",3,17,17,17,17,17,0,0.0416446047869854,0.220861268429265
"Gambia","child_vitA","169","Lower River","Jarra West",13.449273,-15.532021,NA,"2018-03-24",3,12,12,12,12,12,0.0833333333333333,0.000435043710739928,0.305912630212985
"Gambia","child_vitA","174","Lower River","Jarra West",13.441454,-15.53845,NA,"2018-03-25",3,7,7,7,7,7,0,0.226593572900251,0.107187251244382
"Gambia","child_vitA","184","Lower River","Kiang Central",13.416853,-15.693366,NA,"2018-02-23",2,24,24,24,24,24,0.208333333333333,0.232220876470603,0.276031826422381
"Gambia","child_vitA","190","Lower River","Kiang East",13.411631,-15.656989,NA,"2018-02-21",2,22,22,22,22,22,0.227272727272727,0.279951537130936,0.208614206268742
"Gambia","child_vitA","196","Lower River","Jarra West",13.440922,-15.516524,NA,"2018-03-22",3,16,16,16,16,16,0.125,0.196793850780324,0.314301847190721
"Gambia","child_vitA","2","Banjul","Banjul",13.448775,-16.574396,NA,"2018-01-25",1,13,13,13,13,13,0.230769230769231,0.266082163771245,0.268631747550184
"Gambia","child_vitA","20","Banjul","Banjul",13.455141,-16.58078,NA,"2018-02-09",2,4,4,4,4,4,0.25,0.261409268396649,0.248438247315157
"Gambia","child_vitA","202","Lower River","Jarra East",13.380103,-15.294262,NA,"2018-03-10",3,36,36,36,36,36,0.222222222222222,0.278069086036085,0.272869750814118
"Gambia","child_vitA","208","Lower River","Jarra East",13.535344,-15.197745,NA,"2018-03-02",3,16,16,16,16,16,0.125,0.167077260627597,0.186431991955644
"Gambia","child_vitA","213","North Bank","Lower Nuimi",13.482123,-16.53154,NA,"2018-04-10",4,5,5,5,5,5,0,-0.0386060882288767,0.208618399222713
"Gambia","child_vitA","217","North Bank","Lower Baddibu",13.497137,-16.089097,NA,"2018-03-06",3,9,9,9,9,9,0,0.174218660239116,0.213111625576765
"Gambia","child_vitA","221","North Bank","Upper Baddibu",13.568901,-15.596886,NA,"2018-04-15",4,7,7,7,7,7,0,-0.0325124127984517,0.102257460111363
"Gambia","child_vitA","226","North Bank","Lower Nuimi",13.490275,-16.463355,NA,"2018-04-19",4,8,8,8,8,8,0,-0.00616936938301732,0.271373369111037
"Gambia","child_vitA","23","Banjul","Banjul",13.453878,-16.58157,NA,"2018-01-26",1,7,7,7,7,7,0,0.0617766607664979,0.251360856774413
"Gambia","child_vitA","233","North Bank","Upper Nuimi",13.351692,-16.430664,NA,"2018-03-30",3,9,9,9,9,9,0.222222222222222,0.0827204524380511,0.417099568349864
"Gambia","child_vitA","240","North Bank","Jokadu",13.522124,-16.230304,NA,"2018-03-14",3,14,14,14,14,14,0.142857142857143,0.203742906646296,0.2186593450682
"Gambia","child_vitA","246","North Bank","Central Baddibu",13.586422,-15.96947,NA,"2018-03-19",3,14,14,14,14,14,0.357142857142857,0.276384262506629,0.333488200121527
"Gambia","child_vitA","253","North Bank","Upper Baddibu",13.596256,-15.456512,NA,"2018-04-08",4,27,27,27,27,27,0.111111111111111,0.188079577458197,0.229248918012093
"Gambia","child_vitA","257","Maccarthy Island","Lower Saloum",13.704576,-15.329116,NA,"2018-02-19",2,8,8,8,8,8,0,0.0377294127202075,0.28329209300786
"Gambia","child_vitA","259","Maccarthy Island","Niani",13.691137,-14.878078,NA,"2018-03-30",3,4,4,4,4,4,0.25,0.244307280877944,0.53284339273601
"Gambia","child_vitA","26","Banjul","Banjul",13.454,-16.579037,NA,"2018-02-11",2,9,9,9,9,9,0.111111111111111,0.207740287968201,0.191217545014424
"Gambia","child_vitA","261","Maccarthy Island","Lower Saloum",13.663526,-15.412368,NA,"2018-03-07",3,31,31,31,31,31,0.193548387096774,0.21899286951414,0.251720337767339
"Gambia","child_vitA","268","Maccarthy Island","Upper Saloum",13.696934,-15.257488,NA,"2018-03-01",3,10,10,10,10,10,0.3,0.20664384308258,0.26836970134092
"Gambia","child_vitA","275","Maccarthy Island","Nianija",13.727296,-15.148341,NA,"2018-03-13",3,12,12,12,12,12,0.166666666666667,0.21306986830362,0.304223962404355
"Gambia","child_vitA","282","Maccarthy Island","Niani",13.681897,-14.81358,NA,"2018-02-23",2,27,27,27,27,27,0.185185185185185,0.288452580682501,0.252871627360711
"Gambia","child_vitA","289","Maccarthy Island","Niani",13.763009,-14.864518,NA,"2018-03-25",3,14,14,14,14,14,0.428571428571429,0.310284649245354,0.335154125627103
"Gambia","child_vitA","296","Maccarthy Island","Sami",13.628746,-14.587145,NA,"2018-03-09",3,18,18,18,18,18,0.388888888888889,0.278489636272845,0.226429314662823
"Gambia","child_vitA","30","Banjul","Banjul",13.457446,-16.581727,NA,"2018-01-28",1,5,5,5,5,5,0,-0.104506506036856,0.287884343355301
"Gambia","child_vitA","303","Maccarthy Island","Fulladu West",13.531004,-14.931924,NA,"2018-03-31",3,9,9,9,9,9,0.222222222222222,0.172028496429742,0.179636886052525
"Gambia","child_vitA","307","Maccarthy Island","Fulladu West",13.438636,-14.65913,NA,"2018-03-01",3,10,10,10,10,10,0.3,0.228517003270475,0.349371034608759
"Gambia","child_vitA","310","Maccarthy Island","Niamina Dankunku",13.648751,-15.311714,NA,"2018-02-25",2,34,34,34,34,34,0.382352941176471,0.307942696609076,0.294403038706653
"Gambia","child_vitA","316","Maccarthy Island","Niamina East",13.589589,-15.130846,NA,"2018-04-10",4,28,28,28,28,28,0.25,0.195444492366022,0.239937709121122
"Gambia","child_vitA","322","Maccarthy Island","Nianija",13.688269,-15.078226,NA,"2018-04-04",4,10,10,10,10,10,0.1,0.177292565018714,0.250566203313055
"Gambia","child_vitA","328","Maccarthy Island","Fulladu West",13.475902,-14.888629,NA,"2018-03-21",3,30,30,30,30,30,0.4,0.306742893331721,0.280518489993834
"Gambia","child_vitA","33","Banjul","Banjul",13.459344,-16.582235,NA,"2018-01-31",1,5,5,5,5,5,0,-0.0513047747278156,0.171749993864056
"Gambia","child_vitA","334","Maccarthy Island","Fulladu West",13.4464135,-14.789094,NA,"2018-03-07",3,38,38,38,38,38,0.5,0.38411413210463,0.354697997221555
"Gambia","child_vitA","340","Maccarthy Island","Fulladu West",13.407362,-14.664095,NA,"2018-02-21",2,26,26,26,26,26,0.192307692307692,0.229070806675106,0.244827478408327
"Gambia","child_vitA","348","Upper River","Fulladu East",13.305647,-14.194341,NA,"2018-03-19",3,10,10,10,10,10,0.1,0.229855463974002,0.214834872642075
"Gambia","child_vitA","353","Upper River","Fulladu East",13.308405,-14.216943,NA,"2018-04-12",4,3,3,3,3,3,0.333333333333333,0.121057125401623,0.472233023256569
"Gambia","child_vitA","358","Upper River","Fulladu East",13.403192,-14.080375,NA,"2018-03-13",3,43,43,43,43,43,0.162790697674419,0.199511376578534,0.287428773638829
"Gambia","child_vitA","366","Upper River","Fulladu East",13.253,-14.268058,NA,"2018-03-29",3,24,24,24,24,24,0.25,0.23524160397626,0.284145963420795
"Gambia","child_vitA","37","Banjul","Banjul",13.455295,-16.585535,NA,"2018-02-06",2,7,7,7,7,7,0.142857142857143,-0.0128090294070342,0.36785564657836
"Gambia","child_vitA","372","Upper River","Fulladu East",13.295316,-14.061176,NA,"2018-03-06",3,44,44,44,44,44,0.340909090909091,0.2689640511021,0.313854495635443
"Gambia","child_vitA","378","Upper River","Kantora",13.328167,-13.907657,NA,"2018-02-21",2,16,16,16,16,16,0.5625,0.478297918017725,0.302056928563939
"Gambia","child_vitA","384","Upper River","Wuli",13.483836,-14.195657,NA,"2018-04-05",4,9,9,9,9,9,0.111111111111111,0.281091103618337,0.225231110677752
"Gambia","child_vitA","390","Upper River","Sandu",13.404735,-14.273894,NA,"2018-03-25",3,16,16,16,16,16,0.25,0.266145164198912,0.251787697924862
"Gambia","child_vitA","40","Banjul","Banjul",13.458793,-16.586655,NA,"2018-02-09",2,5,5,5,5,5,0,0.0256952887884229,0.13993799172527
"Gambia","child_vitA","44","Banjul","Banjul",13.453943,-16.583536,NA,"2018-01-28",1,13,13,13,13,13,0,0.175569741453298,0.219669272666294
"Gambia","child_vitA","46","Banjul","Kanifing",13.471821,-16.692611,NA,"2018-01-31",1,3,3,3,3,3,0,0.0262465701810409,0.267940064858461
"Gambia","child_vitA","52","Banjul","Kanifing",13.450605,-16.67719,NA,"2018-02-10",2,4,4,4,4,4,0,-0.0131422325908047,0.113920584902101
"Gambia","child_vitA","58","Banjul","Kanifing",13.436935,-16.661005,NA,"2018-02-01",2,11,11,11,11,11,0,-0.0211893056946175,0.201983078485804
"Gambia","child_vitA","6","Banjul","Banjul",13.452161,-16.576286,NA,"2018-01-31",1,9,9,9,9,9,0.111111111111111,0.0540572580903847,0.241464151809588
"Gambia","child_vitA","64","Western","Kombo Saint Mary",13.422665,-16.689614,NA,"2018-01-26",1,10,10,10,10,10,0.1,0.213413324032579,0.211359683760669
"Gambia","child_vitA","70","Banjul","Kanifing",13.437933,-16.677267,NA,"2018-02-12",2,2,2,2,2,2,0.5,0.372964211749679,0.0872177658306101
"Gambia","child_vitA","76","Banjul","Kanifing",13.420337,-16.665596,NA,"2018-02-06",2,20,20,20,20,20,0.3,0.218561153643943,0.351977658135456
"Gambia","child_vitA","82","Western","Kombo Saint Mary",13.411266,-16.675604,NA,"2018-02-08",2,12,12,12,12,12,0.0833333333333333,0.201701690968073,0.1322379327124
"Gambia","child_vitA","88","Banjul","Kanifing",13.423498,-16.673054,NA,"2018-04-16",4,12,12,12,12,12,0,-0.0939955577346606,0.20788080902924
"Gambia","child_vitA","9","Banjul","Banjul",13.451956,-16.578364,NA,"2018-02-05",2,12,12,12,12,12,0.0833333333333333,0.0683469179551141,0.295611189641989
"Gambia","child_vitA","94","Banjul","Kanifing",13.43924,-16.684821,NA,"2018-04-12",4,12,12,12,12,12,0.166666666666667,0.151797785530288,0.210258059791585
"Gambia","women_vitA","100","Banjul","Kanifing",13.456828,-16.699354,NA,"2018-01-27",1,14,14,14,14,14,0,-0.358074705452345,0.269227111142628
"Gambia","women_vitA","113","Western","Kombo Saint Mary",13.387244,-16.633391,NA,"2018-02-18",2,32,32,32,32,32,0,-0.271450988017494,0.319248952577045
"Gambia","women_vitA","122","Western","Kombo Saint Mary",13.406102,-16.672816,NA,"2018-03-23",3,16,16,16,16,16,0,-0.24947819564949,0.240334250216653
"Gambia","women_vitA","13","Banjul","Banjul",13.457418,-16.579449,NA,"2018-01-24",1,12,12,12,12,12,0,-0.529794437565255,0.318919666112779
"Gambia","women_vitA","132","Western","Kombo South",13.33061,-16.665974,NA,"2018-04-19",4,29,29,29,29,29,0,-0.324078840200766,0.371088066586529
"Gambia","women_vitA","141","Western","Kombo Central",13.230063,-16.741642,NA,"2018-03-17",3,16,16,16,16,16,0,-0.17915110569951,0.204883383048929
"Gambia","women_vitA","150","Western","Kombo Central",13.251225,-16.646428,NA,"2018-04-04",4,26,26,26,26,26,0,-0.352893853875139,0.284551738418561
"Gambia","women_vitA","16","Banjul","Banjul",13.457019,-16.579819,NA,"2018-01-30",1,18,18,18,18,18,0,-0.388505108591697,0.370007452576252
"Gambia","women_vitA","160","Western","Kombo East",13.283124,-16.577448,NA,"2018-03-26",3,28,28,28,28,28,0,-0.377102616094718,0.322534234543444
"Gambia","women_vitA","162","Western","Foni Brefet",13.170211,-16.414914,NA,"2018-03-22",3,17,17,17,17,17,0.0588235294117647,-0.384046184007554,0.384142657176835
"Gambia","women_vitA","164","Western","Foni Bintang Karanai",13.201031,-16.197358,NA,"2018-03-18",3,20,20,20,20,20,0,-0.27159134528257,0.236441047618506
"Gambia","women_vitA","169","Lower River","Jarra West",13.449273,-15.532021,NA,"2018-03-24",3,27,27,27,27,27,0,-0.313503443024532,0.392841610930892
"Gambia","women_vitA","174","Lower River","Jarra West",13.441454,-15.53845,NA,"2018-03-25",3,13,13,13,13,13,0,-0.207548583449336,0.206586334246814
"Gambia","women_vitA","184","Lower River","Kiang Central",13.416853,-15.693366,NA,"2018-02-23",2,20,20,20,20,20,0,-0.196139188079964,0.295851088206717
"Gambia","women_vitA","190","Lower River","Kiang East",13.411631,-15.656989,NA,"2018-02-21",2,21,21,21,21,21,0,-0.043995715860386,0.231534512944749
"Gambia","women_vitA","196","Lower River","Jarra West",13.440922,-15.516524,NA,"2018-03-22",3,21,21,21,21,21,0,-0.145777973821376,0.200317001678092
"Gambia","women_vitA","2","Banjul","Banjul",13.448775,-16.574396,NA,"2018-01-25",1,20,20,20,20,20,0,-0.316908247205242,0.248442969226595
"Gambia","women_vitA","20","Banjul","Banjul",13.455141,-16.58078,NA,"2018-02-09",2,14,14,14,14,14,0,-0.414089444085991,0.310276623018818
"Gambia","women_vitA","202","Lower River","Jarra East",13.380103,-15.294262,NA,"2018-03-10",3,26,26,26,26,26,0.153846153846154,-0.0386747437394908,0.336129153779545
"Gambia","women_vitA","208","Lower River","Jarra East",13.535344,-15.197745,NA,"2018-03-02",3,17,17,17,17,17,0.117647058823529,-0.098163043316094,0.380235367817033
"Gambia","women_vitA","213","North Bank","Lower Nuimi",13.482123,-16.53154,NA,"2018-04-10",4,14,14,14,14,14,0,-0.44070937230421,0.275400248005667
"Gambia","women_vitA","217","North Bank","Lower Baddibu",13.497137,-16.089097,NA,"2018-03-06",3,23,23,23,23,23,0,-0.163051582995044,0.265711780854555
"Gambia","women_vitA","221","North Bank","Upper Baddibu",13.568901,-15.596886,NA,"2018-04-15",4,13,13,13,13,13,0,-0.343909273884041,0.226628186902752
"Gambia","women_vitA","226","North Bank","Lower Nuimi",13.490275,-16.463355,NA,"2018-04-19",4,15,15,15,15,15,0,-0.211227385855058,0.14934396332972
"Gambia","women_vitA","23","Banjul","Banjul",13.453878,-16.58157,NA,"2018-01-26",1,22,22,22,22,22,0,-0.20506088596948,0.232210193256119
"Gambia","women_vitA","233","North Bank","Upper Nuimi",13.351692,-16.430664,NA,"2018-03-30",3,17,17,17,17,17,0,-0.150022153569508,0.198801537516026
"Gambia","women_vitA","240","North Bank","Jokadu",13.522124,-16.230304,NA,"2018-03-14",3,12,12,12,12,12,0,-0.179788067867601,0.215492012964101
"Gambia","women_vitA","246","North Bank","Central Baddibu",13.586422,-15.96947,NA,"2018-03-19",3,33,33,33,33,33,0.0606060606060606,-0.0235225189882587,0.295172933113926
"Gambia","women_vitA","253","North Bank","Upper Baddibu",13.596256,-15.456512,NA,"2018-04-08",4,25,25,25,25,25,0.04,-0.214294821538812,0.293284446630248
"Gambia","women_vitA","257","Maccarthy Island","Lower Saloum",13.704576,-15.329116,NA,"2018-02-19",2,9,9,9,9,9,0.111111111111111,-0.185069754088491,0.313785272764407
"Gambia","women_vitA","259","Maccarthy Island","Niani",13.691137,-14.878078,NA,"2018-03-30",3,4,4,4,4,4,0,-0.456604632239768,0.212741056336001
"Gambia","women_vitA","26","Banjul","Banjul",13.454,-16.579037,NA,"2018-02-11",2,29,29,29,29,29,0,-0.309308727397068,0.255514900483677
"Gambia","women_vitA","261","Maccarthy Island","Lower Saloum",13.663526,-15.412368,NA,"2018-03-07",3,20,20,20,20,20,0,-0.0846911454739094,0.191223220616151
"Gambia","women_vitA","268","Maccarthy Island","Upper Saloum",13.696934,-15.257488,NA,"2018-03-01",3,14,14,14,14,14,0.0714285714285714,-0.0665070948331869,0.202160210729427
"Gambia","women_vitA","275","Maccarthy Island","Nianija",13.727296,-15.148341,NA,"2018-03-13",3,12,12,12,12,12,0.0833333333333333,-0.0876268058634141,0.30531517594533
"Gambia","women_vitA","282","Maccarthy Island","Niani",13.681897,-14.81358,NA,"2018-02-23",2,28,28,28,28,28,0.142857142857143,0.12859521463023,0.265018664158656
"Gambia","women_vitA","289","Maccarthy Island","Niani",13.763009,-14.864518,NA,"2018-03-25",3,13,13,13,13,13,0.0769230769230769,-0.0439513908745296,0.314783226041641
"Gambia","women_vitA","296","Maccarthy Island","Sami",13.628746,-14.587145,NA,"2018-03-09",3,19,19,19,19,19,0.0526315789473684,0.0128589442150554,0.299941789565091
"Gambia","women_vitA","30","Banjul","Banjul",13.457446,-16.581727,NA,"2018-01-28",1,8,8,8,8,8,0,-0.396904282980204,0.41998236828786
"Gambia","women_vitA","303","Maccarthy Island","Fulladu West",13.531004,-14.931924,NA,"2018-03-31",3,13,13,13,13,13,0,-0.409592832952136,0.438788320923303
"Gambia","women_vitA","307","Maccarthy Island","Fulladu West",13.438636,-14.65913,NA,"2018-03-01",3,29,29,29,29,29,0.0344827586206897,-0.1078774145296,0.254988144492002
"Gambia","women_vitA","310","Maccarthy Island","Niamina Dankunku",13.648751,-15.311714,NA,"2018-02-25",2,20,20,20,20,20,0,-0.110754027098911,0.181792835793395
"Gambia","women_vitA","316","Maccarthy Island","Niamina East",13.589589,-15.130846,NA,"2018-04-10",4,23,23,23,23,23,0.130434782608696,-0.111789832771504,0.343393940538855
"Gambia","women_vitA","322","Maccarthy Island","Nianija",13.688269,-15.078226,NA,"2018-04-04",4,9,9,9,9,9,0,-0.275774221579366,0.239627856369836
"Gambia","women_vitA","328","Maccarthy Island","Fulladu West",13.475902,-14.888629,NA,"2018-03-21",3,35,35,35,35,35,0.0857142857142857,0.0106243272193319,0.267035053118773
"Gambia","women_vitA","33","Banjul","Banjul",13.459344,-16.582235,NA,"2018-01-31",1,16,16,16,16,16,0,-0.306746111485331,0.305017687319942
"Gambia","women_vitA","334","Maccarthy Island","Fulladu West",13.4464135,-14.789094,NA,"2018-03-07",3,32,32,32,32,32,0,-0.110064907022193,0.237989880321409
"Gambia","women_vitA","340","Maccarthy Island","Fulladu West",13.407362,-14.664095,NA,"2018-02-21",2,38,38,38,38,38,0,-0.196991060786851,0.223972653344009
"Gambia","women_vitA","348","Upper River","Fulladu East",13.305647,-14.194341,NA,"2018-03-19",3,11,11,11,11,11,0.0909090909090909,-0.165789571254165,0.361635646185708
"Gambia","women_vitA","353","Upper River","Fulladu East",13.308405,-14.216943,NA,"2018-04-12",4,5,5,5,5,5,0,-0.257166849587853,0.200490083579826
"Gambia","women_vitA","358","Upper River","Fulladu East",13.403192,-14.080375,NA,"2018-03-13",3,56,56,56,56,56,0.0178571428571429,-0.161490030796663,0.281893825270489
"Gambia","women_vitA","366","Upper River","Fulladu East",13.253,-14.268058,NA,"2018-03-29",3,31,31,31,31,31,0,-0.333450471405575,0.342692371733791
"Gambia","women_vitA","37","Banjul","Banjul",13.455295,-16.585535,NA,"2018-02-06",2,11,11,11,11,11,0,-0.498754358324219,0.292059525480744
"Gambia","women_vitA","372","Upper River","Fulladu East",13.295316,-14.061176,NA,"2018-03-06",3,50,50,50,50,50,0.04,-0.0619825651020966,0.294039102563707
"Gambia","women_vitA","378","Upper River","Kantora",13.328167,-13.907657,NA,"2018-02-21",2,17,17,17,17,17,0.176470588235294,0.0760616318926066,0.396139307094005
"Gambia","women_vitA","384","Upper River","Wuli",13.483836,-14.195657,NA,"2018-04-05",4,11,11,11,11,11,0.0909090909090909,-0.146953106462036,0.369178479570307
"Gambia","women_vitA","390","Upper River","Sandu",13.404735,-14.273894,NA,"2018-03-25",3,15,15,15,15,15,0,-0.212274012126073,0.276435826239716
"Gambia","women_vitA","40","Banjul","Banjul",13.458793,-16.586655,NA,"2018-02-09",2,17,17,17,17,17,0,-0.337592831561719,0.510842002038854
"Gambia","women_vitA","44","Banjul","Banjul",13.453943,-16.583536,NA,"2018-01-28",1,20,20,20,20,20,0,-0.34167475867857,0.253620983410908
"Gambia","women_vitA","46","Banjul","Kanifing",13.471821,-16.692611,NA,"2018-01-31",1,3,3,3,3,3,0,-0.322958787085627,0.249541892956122
"Gambia","women_vitA","52","Banjul","Kanifing",13.450605,-16.67719,NA,"2018-02-10",2,19,19,19,19,19,0,-0.346036232809161,0.197465995656721
"Gambia","women_vitA","58","Banjul","Kanifing",13.436935,-16.661005,NA,"2018-02-01",2,23,23,23,23,23,0,-0.267915449879609,0.292779904207309
"Gambia","women_vitA","6","Banjul","Banjul",13.452161,-16.576286,NA,"2018-01-31",1,19,19,19,19,19,0,-0.364473514435431,0.2198787918594
"Gambia","women_vitA","64","Western","Kombo Saint Mary",13.422665,-16.689614,NA,"2018-01-26",1,22,22,22,22,22,0,-0.309354150190264,0.28387660681548
"Gambia","women_vitA","70","Banjul","Kanifing",13.437933,-16.677267,NA,"2018-02-12",2,15,15,15,15,15,0.0666666666666667,-0.18513751268771,0.396686868351341
"Gambia","women_vitA","76","Banjul","Kanifing",13.420337,-16.665596,NA,"2018-02-06",2,31,31,31,31,31,0.032258064516129,-0.225954943874381,0.291057981723459
"Gambia","women_vitA","82","Western","Kombo Saint Mary",13.411266,-16.675604,NA,"2018-02-08",2,25,25,25,25,25,0.08,-0.217024455242636,0.331741077710336
"Gambia","women_vitA","88","Banjul","Kanifing",13.423498,-16.673054,NA,"2018-04-16",4,20,20,20,20,20,0,-0.461164521679121,0.28757822471079
"Gambia","women_vitA","9","Banjul","Banjul",13.451956,-16.578364,NA,"2018-02-05",2,26,26,26,26,26,0,-0.436358150527638,0.29047984445663
"Gambia","women_vitA","94","Banjul","Kanifing",13.43924,-16.684821,NA,"2018-04-12",4,14,14,14,14,14,0,-0.487061523911534,0.302131219011431
"Gambia","child_iron","100","Banjul","Kanifing",13.456828,-16.699354,NA,"2018-01-27",1,8,8,8,8,8,0.25,-2.92992456264956,0.531936113080394
"Gambia","child_iron","113","Western","Kombo Saint Mary",13.387244,-16.633391,NA,"2018-02-18",2,22,22,22,22,22,0.454545454545455,-2.6565610409298,0.921363308988695
"Gambia","child_iron","122","Western","Kombo Saint Mary",13.406102,-16.672816,NA,"2018-03-23",3,12,12,12,12,12,0.75,-2.18021414414894,0.745663136237695
"Gambia","child_iron","13","Banjul","Banjul",13.457418,-16.579449,NA,"2018-01-24",1,3,3,3,3,3,0.666666666666667,-2.06408566516001,0.814516018187518
"Gambia","child_iron","132","Western","Kombo South",13.33061,-16.665974,NA,"2018-04-19",4,19,19,19,19,19,0.473684210526316,-2.52264636748937,0.828471381436984
"Gambia","child_iron","141","Western","Kombo Central",13.230063,-16.741642,NA,"2018-03-17",3,16,16,16,16,16,0.4375,-2.36829714616321,0.674080705012069
"Gambia","child_iron","150","Western","Kombo Central",13.251225,-16.646428,NA,"2018-04-04",4,10,10,10,10,10,0.2,-2.82083449586373,0.856513694225603
"Gambia","child_iron","16","Banjul","Banjul",13.457019,-16.579819,NA,"2018-01-30",1,5,5,5,5,5,0.6,-2.37138444516078,0.744118964156892
"Gambia","child_iron","160","Western","Kombo East",13.283124,-16.577448,NA,"2018-03-26",3,20,20,20,20,20,0.6,-2.31945404319601,1.05413488274931
"Gambia","child_iron","162","Western","Foni Brefet",13.170211,-16.414914,NA,"2018-03-22",3,11,11,11,11,11,0.636363636363636,-1.96497026793115,0.671447367657876
"Gambia","child_iron","164","Western","Foni Bintang Karanai",13.201031,-16.197358,NA,"2018-03-18",3,17,17,17,17,17,0.470588235294118,-2.823275723794,0.904308277008803
"Gambia","child_iron","169","Lower River","Jarra West",13.449273,-15.532021,NA,"2018-03-24",3,12,12,12,12,12,0.333333333333333,-2.5665211483096,0.681298701073283
"Gambia","child_iron","174","Lower River","Jarra West",13.441454,-15.53845,NA,"2018-03-25",3,7,7,7,7,7,0.428571428571429,-2.68134142081785,0.803684730705112
"Gambia","child_iron","184","Lower River","Kiang Central",13.416853,-15.693366,NA,"2018-02-23",2,24,24,24,24,24,0.666666666666667,-1.99780820845684,0.814371614086038
"Gambia","child_iron","190","Lower River","Kiang East",13.411631,-15.656989,NA,"2018-02-21",2,22,22,22,22,22,0.772727272727273,-1.87683744842497,0.819320322853269
"Gambia","child_iron","196","Lower River","Jarra West",13.440922,-15.516524,NA,"2018-03-22",3,16,16,16,16,16,0.375,-2.73879539786024,1.04870063905501
"Gambia","child_iron","2","Banjul","Banjul",13.448775,-16.574396,NA,"2018-01-25",1,13,13,13,13,13,0.538461538461539,-2.20287546023366,0.992190527649762
"Gambia","child_iron","20","Banjul","Banjul",13.455141,-16.58078,NA,"2018-02-09",2,4,4,4,4,4,0.5,-2.51420431957386,0.73870725169922
"Gambia","child_iron","202","Lower River","Jarra East",13.380103,-15.294262,NA,"2018-03-10",3,36,36,36,36,36,0.833333333333333,-1.84179803558224,0.772499813963582
"Gambia","child_iron","208","Lower River","Jarra East",13.535344,-15.197745,NA,"2018-03-02",3,16,16,16,16,16,0.625,-2.22445023671397,0.885067135503626
"Gambia","child_iron","213","North Bank","Lower Nuimi",13.482123,-16.53154,NA,"2018-04-10",4,5,5,5,5,5,0.4,-2.52388264934586,0.530158557555634
"Gambia","child_iron","217","North Bank","Lower Baddibu",13.497137,-16.089097,NA,"2018-03-06",3,9,9,9,9,9,0.666666666666667,-2.35559940232665,0.878329587311648
"Gambia","child_iron","221","North Bank","Upper Baddibu",13.568901,-15.596886,NA,"2018-04-15",4,7,7,7,7,7,0.428571428571429,-2.29856545139506,0.866777435703046
"Gambia","child_iron","226","North Bank","Lower Nuimi",13.490275,-16.463355,NA,"2018-04-19",4,8,8,8,8,8,0.625,-2.195180105135,0.789991095591435
"Gambia","child_iron","23","Banjul","Banjul",13.453878,-16.58157,NA,"2018-01-26",1,7,7,7,7,7,0.285714285714286,-3.04678490446918,1.16672142590173
"Gambia","child_iron","233","North Bank","Upper Nuimi",13.351692,-16.430664,NA,"2018-03-30",3,9,9,9,9,9,0.444444444444444,-2.48352893986982,1.19349103965734
"Gambia","child_iron","240","North Bank","Jokadu",13.522124,-16.230304,NA,"2018-03-14",3,14,14,14,14,14,0.785714285714286,-1.94618268006074,0.621199763842279
"Gambia","child_iron","246","North Bank","Central Baddibu",13.586422,-15.96947,NA,"2018-03-19",3,14,14,14,14,14,0.642857142857143,-2.40481069314382,0.773135591438648
"Gambia","child_iron","253","North Bank","Upper Baddibu",13.596256,-15.456512,NA,"2018-04-08",4,27,27,27,27,27,0.777777777777778,-2.00124482521144,0.705906127122297
"Gambia","child_iron","257","Maccarthy Island","Lower Saloum",13.704576,-15.329116,NA,"2018-02-19",2,8,8,8,8,8,0.5,-2.59926085678514,0.906516162008889
"Gambia","child_iron","259","Maccarthy Island","Niani",13.691137,-14.878078,NA,"2018-03-30",3,3,3,3,3,3,0.666666666666667,-2.51860562587395,1.08178166656418
"Gambia","child_iron","26","Banjul","Banjul",13.454,-16.579037,NA,"2018-02-11",2,9,9,9,9,9,0.222222222222222,-2.46063534231775,0.88075585097322
"Gambia","child_iron","261","Maccarthy Island","Lower Saloum",13.663526,-15.412368,NA,"2018-03-07",3,31,31,31,31,31,0.645161290322581,-2.21012287812471,0.908557915787175
"Gambia","child_iron","268","Maccarthy Island","Upper Saloum",13.696934,-15.257488,NA,"2018-03-01",3,9,9,9,9,9,0.888888888888889,-1.87873098599397,0.559705521925445
"Gambia","child_iron","275","Maccarthy Island","Nianija",13.727296,-15.148341,NA,"2018-03-13",3,12,12,12,12,12,0.666666666666667,-2.20751554973928,0.851145914116347
"Gambia","child_iron","282","Maccarthy Island","Niani",13.681897,-14.81358,NA,"2018-02-23",2,27,27,27,27,27,0.703703703703704,-2.28791977715742,0.575209385644332
"Gambia","child_iron","289","Maccarthy Island","Niani",13.763009,-14.864518,NA,"2018-03-25",3,14,14,14,14,14,0.642857142857143,-2.29954928293983,1.09274824275543
"Gambia","child_iron","296","Maccarthy Island","Sami",13.628746,-14.587145,NA,"2018-03-09",3,18,18,18,18,18,0.944444444444444,-1.70270214942697,0.485204423042556
"Gambia","child_iron","30","Banjul","Banjul",13.457446,-16.581727,NA,"2018-01-28",1,5,5,5,5,5,0.6,-2.37835850590013,0.86372003608734
"Gambia","child_iron","303","Maccarthy Island","Fulladu West",13.531004,-14.931924,NA,"2018-03-31",3,8,8,8,8,8,0.75,-2.0297173839357,0.991790210046748
"Gambia","child_iron","307","Maccarthy Island","Fulladu West",13.438636,-14.65913,NA,"2018-03-01",3,10,10,10,10,10,0.7,-2.25958333855986,0.964882515855731
"Gambia","child_iron","310","Maccarthy Island","Niamina Dankunku",13.648751,-15.311714,NA,"2018-02-25",2,34,34,34,34,34,0.764705882352941,-2.0393368956622,0.672750812379832
"Gambia","child_iron","316","Maccarthy Island","Niamina East",13.589589,-15.130846,NA,"2018-04-10",4,28,28,28,28,28,0.714285714285714,-1.97008814246685,0.655819589275393
"Gambia","child_iron","322","Maccarthy Island","Nianija",13.688269,-15.078226,NA,"2018-04-04",4,10,10,10,10,10,0.5,-2.59599445994071,0.880715554149266
"Gambia","child_iron","328","Maccarthy Island","Fulladu West",13.475902,-14.888629,NA,"2018-03-21",3,30,30,30,30,30,0.766666666666667,-1.97637971632486,0.650935193329705
"Gambia","child_iron","33","Banjul","Banjul",13.459344,-16.582235,NA,"2018-01-31",1,5,5,5,5,5,0.4,-2.89518562618635,0.957858287980603
"Gambia","child_iron","334","Maccarthy Island","Fulladu West",13.4464135,-14.789094,NA,"2018-03-07",3,38,38,38,38,38,0.657894736842105,-2.23101334972983,0.889881184921565
"Gambia","child_iron","340","Maccarthy Island","Fulladu West",13.407362,-14.664095,NA,"2018-02-21",2,26,26,26,26,26,0.730769230769231,-2.03479711908839,0.736867432714957
"Gambia","child_iron","348","Upper River","Fulladu East",13.305647,-14.194341,NA,"2018-03-19",3,10,10,10,10,10,0.7,-2.09588521598352,0.775191205565825
"Gambia","child_iron","353","Upper River","Fulladu East",13.308405,-14.216943,NA,"2018-04-12",4,3,3,3,3,3,0.666666666666667,-3.05025223326689,1.21965514432375
"Gambia","child_iron","358","Upper River","Fulladu East",13.403192,-14.080375,NA,"2018-03-13",3,43,43,43,43,43,0.767441860465116,-1.98058432631932,0.820988502168191
"Gambia","child_iron","366","Upper River","Fulladu East",13.253,-14.268058,NA,"2018-03-29",3,24,24,24,24,24,0.5,-2.45867187951776,0.907485961091382
"Gambia","child_iron","37","Banjul","Banjul",13.455295,-16.585535,NA,"2018-02-06",2,7,7,7,7,7,0.428571428571429,-2.54282604686575,0.782712870722132
"Gambia","child_iron","372","Upper River","Fulladu East",13.295316,-14.061176,NA,"2018-03-06",3,44,44,44,44,44,0.568181818181818,-2.35084043088726,0.900382335490708
"Gambia","child_iron","378","Upper River","Kantora",13.328167,-13.907657,NA,"2018-02-21",2,15,15,15,15,15,0.866666666666667,-1.86171748984788,0.751784464047509
"Gambia","child_iron","384","Upper River","Wuli",13.483836,-14.195657,NA,"2018-04-05",4,9,9,9,9,9,0.777777777777778,-1.84432154096048,0.672770941459468
"Gambia","child_iron","390","Upper River","Sandu",13.404735,-14.273894,NA,"2018-03-25",3,16,16,16,16,16,0.4375,-2.47089986771641,0.716892466878397
"Gambia","child_iron","40","Banjul","Banjul",13.458793,-16.586655,NA,"2018-02-09",2,5,5,5,5,5,0.6,-1.94321633395274,0.811276743972588
"Gambia","child_iron","44","Banjul","Banjul",13.453943,-16.583536,NA,"2018-01-28",1,13,13,13,13,13,0.461538461538462,-2.4541717135935,0.755217585983599
"Gambia","child_iron","46","Banjul","Kanifing",13.471821,-16.692611,NA,"2018-01-31",1,3,3,3,3,3,0.666666666666667,-2.21232250623463,0.906732158668851
"Gambia","child_iron","52","Banjul","Kanifing",13.450605,-16.67719,NA,"2018-02-10",2,4,4,4,4,4,0.75,-2.1316367075921,0.789865186601509
"Gambia","child_iron","58","Banjul","Kanifing",13.436935,-16.661005,NA,"2018-02-01",2,11,11,11,11,11,0.636363636363636,-2.47600698543688,0.61577860037333
"Gambia","child_iron","6","Banjul","Banjul",13.452161,-16.576286,NA,"2018-01-31",1,9,9,9,9,9,0.444444444444444,-2.61905108389084,1.12841658606632
"Gambia","child_iron","64","Western","Kombo Saint Mary",13.422665,-16.689614,NA,"2018-01-26",1,10,10,10,10,10,0.9,-1.8608126061329,0.529854165640024
"Gambia","child_iron","70","Banjul","Kanifing",13.437933,-16.677267,NA,"2018-02-12",2,2,2,2,2,2,0.5,-2.56546793503392,0.427010209828997
"Gambia","child_iron","76","Banjul","Kanifing",13.420337,-16.665596,NA,"2018-02-06",2,20,20,20,20,20,0.45,-2.44413911286694,0.57314481294339
"Gambia","child_iron","82","Western","Kombo Saint Mary",13.411266,-16.675604,NA,"2018-02-08",2,12,12,12,12,12,0.666666666666667,-2.05619300992899,0.658034221710997
"Gambia","child_iron","88","Banjul","Kanifing",13.423498,-16.673054,NA,"2018-04-16",4,12,12,12,12,12,0.5,-2.30607731848418,1.07235384544658
"Gambia","child_iron","9","Banjul","Banjul",13.451956,-16.578364,NA,"2018-02-05",2,11,11,11,11,11,0.454545454545455,-2.6253646806165,0.5842325146372
"Gambia","child_iron","94","Banjul","Kanifing",13.43924,-16.684821,NA,"2018-04-12",4,12,12,12,12,12,0.416666666666667,-2.33990024733181,0.977925563450753
"Gambia","women_iron","100","Banjul","Kanifing",13.456828,-16.699354,NA,"2018-01-27",1,14,14,14,14,14,0.214285714285714,-3.27787663255419,0.578615196473085
"Gambia","women_iron","113","Western","Kombo Saint Mary",13.387244,-16.633391,NA,"2018-02-18",2,32,32,32,32,32,0.21875,-3.10127720609307,0.754215655161681
"Gambia","women_iron","122","Western","Kombo Saint Mary",13.406102,-16.672816,NA,"2018-03-23",3,16,16,16,16,16,0.5,-2.69192276149988,0.891565527779848
"Gambia","women_iron","13","Banjul","Banjul",13.457418,-16.579449,NA,"2018-01-24",1,9,9,9,9,9,0.222222222222222,-3.25251211060418,0.669084272776997
"Gambia","women_iron","132","Western","Kombo South",13.33061,-16.665974,NA,"2018-04-19",4,29,29,29,29,29,0.344827586206897,-2.99045912972812,1.0685152674024
"Gambia","women_iron","141","Western","Kombo Central",13.230063,-16.741642,NA,"2018-03-17",3,16,16,16,16,16,0.3125,-2.91441009938717,0.869811578515182
"Gambia","women_iron","150","Western","Kombo Central",13.251225,-16.646428,NA,"2018-04-04",4,25,25,25,25,25,0.4,-2.69218327760696,0.975370255502322
"Gambia","women_iron","16","Banjul","Banjul",13.457019,-16.579819,NA,"2018-01-30",1,18,18,18,18,18,0.444444444444444,-3.08786341879103,0.826416295048595
"Gambia","women_iron","160","Western","Kombo East",13.283124,-16.577448,NA,"2018-03-26",3,28,28,28,28,28,0.428571428571429,-2.90705714906965,0.890061312555187
"Gambia","women_iron","162","Western","Foni Brefet",13.170211,-16.414914,NA,"2018-03-22",3,17,17,17,17,17,0.294117647058824,-2.9231537510367,1.03745154258943
"Gambia","women_iron","164","Western","Foni Bintang Karanai",13.201031,-16.197358,NA,"2018-03-18",3,20,20,20,20,20,0.35,-3.21565297245979,0.919737352546682
"Gambia","women_iron","169","Lower River","Jarra West",13.449273,-15.532021,NA,"2018-03-24",3,27,27,27,27,27,0.407407407407407,-2.9910352230072,0.93010623826675
"Gambia","women_iron","174","Lower River","Jarra West",13.441454,-15.53845,NA,"2018-03-25",3,13,13,13,13,13,0.461538461538462,-2.75693043378683,0.826270452706628
"Gambia","women_iron","184","Lower River","Kiang Central",13.416853,-15.693366,NA,"2018-02-23",2,20,20,20,20,20,0.5,-2.82427275180817,0.837630737164626
"Gambia","women_iron","190","Lower River","Kiang East",13.411631,-15.656989,NA,"2018-02-21",2,21,21,21,21,21,0.80952380952381,-2.12225313413711,0.670513852962568
"Gambia","women_iron","196","Lower River","Jarra West",13.440922,-15.516524,NA,"2018-03-22",3,21,21,21,21,21,0.476190476190476,-2.54061760788872,0.801988033255011
"Gambia","women_iron","2","Banjul","Banjul",13.448775,-16.574396,NA,"2018-01-25",1,20,20,20,20,20,0.3,-3.23980857729912,0.868802083094164
"Gambia","women_iron","20","Banjul","Banjul",13.455141,-16.58078,NA,"2018-02-09",2,14,14,14,14,14,0.142857142857143,-3.46543168170112,1.09926765897559
"Gambia","women_iron","202","Lower River","Jarra East",13.380103,-15.294262,NA,"2018-03-10",3,26,26,26,26,26,0.653846153846154,-2.36653183056758,0.978206504001722
"Gambia","women_iron","208","Lower River","Jarra East",13.535344,-15.197745,NA,"2018-03-02",3,17,17,17,17,17,0.647058823529412,-2.36719985569225,0.950882815627166
"Gambia","women_iron","213","North Bank","Lower Nuimi",13.482123,-16.53154,NA,"2018-04-10",4,14,14,14,14,14,0.357142857142857,-2.96525917734419,0.908996521077095
"Gambia","women_iron","217","North Bank","Lower Baddibu",13.497137,-16.089097,NA,"2018-03-06",3,22,22,22,22,22,0.363636363636364,-2.99701015244831,0.924692124811087
"Gambia","women_iron","221","North Bank","Upper Baddibu",13.568901,-15.596886,NA,"2018-04-15",4,12,12,12,12,12,0.166666666666667,-3.39602597554525,0.830669321665697
"Gambia","women_iron","226","North Bank","Lower Nuimi",13.490275,-16.463355,NA,"2018-04-19",4,15,15,15,15,15,0.333333333333333,-2.80848178863525,0.993642689823012
"Gambia","women_iron","23","Banjul","Banjul",13.453878,-16.58157,NA,"2018-01-26",1,22,22,22,22,22,0.409090909090909,-2.83560335636139,1.00658415171278
"Gambia","women_iron","233","North Bank","Upper Nuimi",13.351692,-16.430664,NA,"2018-03-30",3,17,17,17,17,17,0.294117647058824,-3.28829774435829,0.748952862102629
"Gambia","women_iron","240","North Bank","Jokadu",13.522124,-16.230304,NA,"2018-03-14",3,12,12,12,12,12,0.583333333333333,-2.44185191889604,0.784704316603653
"Gambia","women_iron","246","North Bank","Central Baddibu",13.586422,-15.96947,NA,"2018-03-19",3,33,33,33,33,33,0.454545454545455,-2.80570737882094,0.843299765723864
"Gambia","women_iron","253","North Bank","Upper Baddibu",13.596256,-15.456512,NA,"2018-04-08",4,25,25,25,25,25,0.64,-2.52854142189026,0.84323402863579
"Gambia","women_iron","257","Maccarthy Island","Lower Saloum",13.704576,-15.329116,NA,"2018-02-19",2,9,9,9,9,9,0.555555555555556,-2.52606387933095,0.801536359760814
"Gambia","women_iron","259","Maccarthy Island","Niani",13.691137,-14.878078,NA,"2018-03-30",3,4,4,4,4,4,0.25,-3.17245674133301,1.01620406134919
"Gambia","women_iron","26","Banjul","Banjul",13.454,-16.579037,NA,"2018-02-11",2,25,25,25,25,25,0.52,-2.65631413221359,1.03633379621893
"Gambia","women_iron","261","Maccarthy Island","Lower Saloum",13.663526,-15.412368,NA,"2018-03-07",3,20,20,20,20,20,0.55,-2.53342587351799,0.889552684400974
"Gambia","women_iron","268","Maccarthy Island","Upper Saloum",13.696934,-15.257488,NA,"2018-03-01",3,14,14,14,14,14,0.714285714285714,-2.1012276666505,0.983440722888305
"Gambia","women_iron","275","Maccarthy Island","Nianija",13.727296,-15.148341,NA,"2018-03-13",3,12,12,12,12,12,0.666666666666667,-2.49516447385152,0.935779914106946
"Gambia","women_iron","282","Maccarthy Island","Niani",13.681897,-14.81358,NA,"2018-02-23",2,28,28,28,28,28,0.535714285714286,-2.63042543828487,0.9191402138892
"Gambia","women_iron","289","Maccarthy Island","Niani",13.763009,-14.864518,NA,"2018-03-25",3,13,13,13,13,13,0.692307692307692,-2.40182483196259,0.587217889325482
"Gambia","women_iron","296","Maccarthy Island","Sami",13.628746,-14.587145,NA,"2018-03-09",3,19,19,19,19,19,0.736842105263158,-2.13328950656088,0.872434957168695
"Gambia","women_iron","30","Banjul","Banjul",13.457446,-16.581727,NA,"2018-01-28",1,8,8,8,8,8,0.5,-2.99056516587734,1.15305081341263
"Gambia","women_iron","303","Maccarthy Island","Fulladu West",13.531004,-14.931924,NA,"2018-03-31",3,13,13,13,13,13,0.538461538461538,-2.80080421154316,1.13724735581262
"Gambia","women_iron","307","Maccarthy Island","Fulladu West",13.438636,-14.65913,NA,"2018-03-01",3,29,29,29,29,29,0.413793103448276,-2.84493792673637,1.07328673397873
"Gambia","women_iron","310","Maccarthy Island","Niamina Dankunku",13.648751,-15.311714,NA,"2018-02-25",2,20,20,20,20,20,0.75,-2.32752936482429,0.574837699993848
"Gambia","women_iron","316","Maccarthy Island","Niamina East",13.589589,-15.130846,NA,"2018-04-10",4,23,23,23,23,23,0.652173913043478,-2.47512699987577,0.953956392498009
"Gambia","women_iron","322","Maccarthy Island","Nianija",13.688269,-15.078226,NA,"2018-04-04",4,9,9,9,9,9,0.222222222222222,-3.21589224868351,0.84828411500973
"Gambia","women_iron","328","Maccarthy Island","Fulladu West",13.475902,-14.888629,NA,"2018-03-21",3,35,35,35,35,35,0.485714285714286,-2.61754776239395,0.812916194722473
"Gambia","women_iron","33","Banjul","Banjul",13.459344,-16.582235,NA,"2018-01-31",1,16,16,16,16,16,0.25,-3.1295684799552,0.914772807531209
"Gambia","women_iron","334","Maccarthy Island","Fulladu West",13.4464135,-14.789094,NA,"2018-03-07",3,32,32,32,32,32,0.46875,-2.69618786126375,0.833863669172469
"Gambia","women_iron","340","Maccarthy Island","Fulladu West",13.407362,-14.664095,NA,"2018-02-21",2,38,38,38,38,38,0.5,-2.64109407914312,0.736405692692893
"Gambia","women_iron","348","Upper River","Fulladu East",13.305647,-14.194341,NA,"2018-03-19",3,11,11,11,11,11,0.545454545454545,-2.57960667393424,0.784357259620256
"Gambia","women_iron","353","Upper River","Fulladu East",13.308405,-14.216943,NA,"2018-04-12",4,5,5,5,5,5,0.4,-3.19118518829346,1.0133365837481
"Gambia","women_iron","358","Upper River","Fulladu East",13.403192,-14.080375,NA,"2018-03-13",3,56,56,56,56,56,0.517857142857143,-2.65618704259396,0.925236670008842
"Gambia","women_iron","366","Upper River","Fulladu East",13.253,-14.268058,NA,"2018-03-29",3,30,30,30,30,30,0.3,-3.31555383205414,0.988106057446839
"Gambia","women_iron","37","Banjul","Banjul",13.455295,-16.585535,NA,"2018-02-06",2,11,11,11,11,11,0.363636363636364,-2.96788545088335,0.834628825295845
"Gambia","women_iron","372","Upper River","Fulladu East",13.295316,-14.061176,NA,"2018-03-06",3,50,50,50,50,50,0.62,-2.64486471176147,0.871708394226397
"Gambia","women_iron","378","Upper River","Kantora",13.328167,-13.907657,NA,"2018-02-21",2,17,17,17,17,17,0.823529411764706,-1.92886947183048,0.959431775937314
"Gambia","women_iron","384","Upper River","Wuli",13.483836,-14.195657,NA,"2018-04-05",4,11,11,11,11,11,0.727272727272727,-2.31211566925049,0.849509773409313
"Gambia","women_iron","390","Upper River","Sandu",13.404735,-14.273894,NA,"2018-03-25",3,15,15,15,15,15,0.666666666666667,-2.46436423460643,0.69818995801408
"Gambia","women_iron","40","Banjul","Banjul",13.458793,-16.586655,NA,"2018-02-09",2,17,17,17,17,17,0.294117647058823,-3.14322532625759,0.759386020467847
"Gambia","women_iron","44","Banjul","Banjul",13.453943,-16.583536,NA,"2018-01-28",1,20,20,20,20,20,0.25,-3.23700169920921,0.814851529834686
"Gambia","women_iron","46","Banjul","Kanifing",13.471821,-16.692611,NA,"2018-01-31",1,3,3,3,3,3,0.666666666666667,-2.63832918802897,0.962903096518291
"Gambia","women_iron","52","Banjul","Kanifing",13.450605,-16.67719,NA,"2018-02-10",2,19,19,19,19,19,0.210526315789474,-3.42304184562282,0.805678970177414
"Gambia","women_iron","58","Banjul","Kanifing",13.436935,-16.661005,NA,"2018-02-01",2,23,23,23,23,23,0.304347826086957,-3.07610270251398,0.844353474589438
"Gambia","women_iron","6","Banjul","Banjul",13.452161,-16.576286,NA,"2018-01-31",1,19,19,19,19,19,0.368421052631579,-3.03940511377234,1.17521231867089
"Gambia","women_iron","64","Western","Kombo Saint Mary",13.422665,-16.689614,NA,"2018-01-26",1,22,22,22,22,22,0.5,-2.68102485483343,0.897999411864644
"Gambia","women_iron","70","Banjul","Kanifing",13.437933,-16.677267,NA,"2018-02-12",2,15,15,15,15,15,0.466666666666667,-2.88345379034678,0.879044399002809
"Gambia","women_iron","76","Banjul","Kanifing",13.420337,-16.665596,NA,"2018-02-06",2,31,31,31,31,31,0.387096774193548,-2.96386559355643,0.934452932023177
"Gambia","women_iron","82","Western","Kombo Saint Mary",13.411266,-16.675604,NA,"2018-02-08",2,25,25,25,25,25,0.36,-2.84982798576355,0.957749002951789
"Gambia","women_iron","88","Banjul","Kanifing",13.423498,-16.673054,NA,"2018-04-16",4,20,20,20,20,20,0.2,-3.27832497954369,0.877882276966496
"Gambia","women_iron","9","Banjul","Banjul",13.451956,-16.578364,NA,"2018-02-05",2,26,26,26,26,26,0.269230769230769,-3.11868980756173,0.657203769392281
"Gambia","women_iron","94","Banjul","Kanifing",13.43924,-16.684821,NA,"2018-04-12",4,14,14,14,14,14,0.357142857142857,-2.93162528957639,0.55114765416158
"Ghana","child_vitA","1","Western","Ellembelle",5.017846,-2.375969,0,"2017-05-15",5,18,18,18,18,18,0.166666666666667,0.127819865155423,0.266813605728331
"Ghana","child_vitA","10","Central","Twifo-Atti-Morkwa",5.523,-1.556,0,"2017-05-15",5,8,8,8,8,8,0.125,0.142722460326088,0.406699366537327
"Ghana","child_vitA","11","Central","Mfantseman",5.2751526,-1.0360195,1,"2017-05-15",5,6,6,6,6,6,0.333333333333333,0.181381461799895,0.262349080219981
"Ghana","child_vitA","12","Central","Asikuma-Odoben-Brakwa",5.6436273,-0.8965587,1,"2017-05-15",5,19,19,19,19,19,0.105263157894737,0.0852766014527557,0.323283128123409
"Ghana","child_vitA","13","Central","Agona West",5.5358865,-0.7883488,1,"2017-05-15",5,21,21,21,21,21,0.19047619047619,0.231654984012887,0.321924953159516
"Ghana","child_vitA","14","Greater Accra","Weija Gbawe",5.5577407,-0.3056132,0,"2017-05-15",5,23,23,23,23,23,0.0869565217391304,0.110524766785898,0.274277779402521
"Ghana","child_vitA","15","Greater Accra","Weija Gbawe",5.5577407,-0.3056288,1,"2017-05-15",5,15,15,15,15,15,0.266666666666667,0.198828480223986,0.244706784188976
"Ghana","child_vitA","16","Greater Accra","Ga East",5.7406066,-0.2074699,1,"2017-04-15",4,6,6,6,6,6,0,-0.329342191117921,0.2934973618861
"Ghana","child_vitA","17","Greater Accra","Weija Gbawe",5.5547165,-0.2879468,1,"2017-05-15",5,9,9,9,9,9,0,0.0146816047118856,0.258424583678207
"Ghana","child_vitA","18","Greater Accra","Ablekuma Central",5.5433644,-0.2335308,1,"2017-05-15",5,6,6,6,6,6,0,-0.172480789665661,0.199661437954872
"Ghana","child_vitA","19","Greater Accra","Ablekuma North",5.58667,-0.211844,1,"2017-05-15",5,6,6,6,6,6,0.166666666666667,0.0816292093136331,0.219745412257687
"Ghana","child_vitA","2","Western","Prestea-Huni Valley",5.5083984,-2.1814457,0,"2017-05-15",5,18,18,18,18,18,0.0555555555555556,-0.00490031234156989,0.379911713368978
"Ghana","child_vitA","20","Greater Accra","Ablekuma North",5.5892704,-0.2610112,1,"2017-05-15",5,4,4,4,4,4,0.25,0.334398940435476,0.249356861819514
"Ghana","child_vitA","21","Greater Accra","Ayawaso West",5.648347,-0.164986,1,"2017-04-15",4,2,2,2,2,2,0,0.0836179596879569,0.0307486175332454
"Ghana","child_vitA","22","Greater Accra","Ashaiman",5.6958885,-0.0467018,1,"2017-05-15",5,5,5,5,5,5,0,-0.129284015279598,0.0662349930966435
"Ghana","child_vitA","23","Greater Accra","Tema West",5.683334,-0.0625948,1,"2017-05-15",5,10,10,10,10,10,0.1,0.13795109034534,0.219504840365754
"Ghana","child_vitA","24","Greater Accra","La-Dade-Kotopon",5.5939587,-0.1720692,1,"2017-06-15",6,13,13,13,13,13,0.153846153846154,0.130861841782081,0.287484631665665
"Ghana","child_vitA","25","Volta","Akatsi South",6.1774302,0.750668,0,"2017-05-15",5,8,8,8,8,8,0.375,0.1898408025121,0.33208278262112
"Ghana","child_vitA","26","Eastern","Kwahu Afram Plains North",6.5697438,0.0789159,0,"2017-05-15",5,11,11,11,11,11,0.181818181818182,-0.0989089581292702,0.397576968956776
"Ghana","child_vitA","27","Oti","Nkwanta South",8.2592698,0.4843417,0,"2017-05-15",5,14,14,14,14,14,0,-0.137344309990276,0.337328703615763
"Ghana","child_vitA","28","Volta","Afadzato South",6.9045315,0.3804311,0,"2017-05-15",5,23,23,23,23,23,0.130434782608696,-0.0526633777644015,0.43880276272688
"Ghana","child_vitA","29","Volta","South Tongu",5.9991081,0.5634561,1,"2017-05-15",5,8,8,8,8,8,0,-0.0248064302373694,0.27797108461149
"Ghana","child_vitA","3","Western North","Sefwi-Akontombra",6.0428334,-2.8813362,0,"2017-04-15",4,19,19,19,19,19,0.0526315789473684,0.0777607118587552,0.28135507802439
"Ghana","child_vitA","30","Volta","Ho Municipal",6.6064605,0.4300437,1,"2017-05-15",5,1,1,1,1,1,0,-0.0861776962410524,NA
"Ghana","child_vitA","31","Eastern","Akwapem North",5.955063,-0.190617,0,"2017-05-15",5,16,16,16,16,16,0.25,0.27376496831791,0.271016054261487
"Ghana","child_vitA","32","Eastern","Atiwa East",6.4252379,-0.6401635,0,"2017-05-15",5,10,10,10,10,10,0.1,0.139396215939763,0.183660343788344
"Ghana","child_vitA","33","Ashanti","Adansi Asokwa",6.1923013,-1.3045118,0,"2017-05-15",5,16,16,16,16,16,0,-0.0247170467956877,0.308799188405879
"Ghana","child_vitA","34","Eastern","Kwahu Afram Plains North",7.0464577,-0.0930901,0,"2017-05-15",5,14,14,14,14,14,0.0714285714285714,-0.0555977007591245,0.317870463540375
"Ghana","child_vitA","35","Eastern","Kwahu Afram Plains North",6.897436,-0.139268,0,"2017-05-15",5,20,20,20,20,20,0.2,0.0497031466978454,0.3205455527113
"Ghana","child_vitA","36","Eastern","Akwapem North",5.936396,-0.117721,1,"2017-05-15",5,7,7,7,7,7,0,-0.0735810087169657,0.235735417586367
"Ghana","child_vitA","37","Eastern","Abuakwa South",6.1422828,-0.575924,1,"2017-04-15",4,18,18,18,18,18,0.222222222222222,0.207191845397941,0.3662846579022
"Ghana","child_vitA","38","Eastern","Denkyembour",6.05,-0.8,1,"2017-05-15",5,14,14,14,14,14,0.285714285714286,0.27727381656213,0.330182570160688
"Ghana","child_vitA","39","Ashanti","Atwima-Mponua",6.3770993,-2.1882247,0,"2017-04-15",4,8,8,8,8,8,0.125,0.163267223372683,0.368427369061673
"Ghana","child_vitA","4","Western","Mpohor",4.9730397,-1.9031669,0,"2017-05-15",5,9,9,9,9,9,0,0.0299904902048136,0.19604413420547
"Ghana","child_vitA","40","Ashanti","Obuasi",6.2108212,-1.7543935,0,"2017-05-15",5,17,17,17,17,17,0.117647058823529,0.0507449519891377,0.264728812333764
"Ghana","child_vitA","41","Ashanti","Asante-Akim South",6.5948673,-1.0816384,0,"2017-05-15",5,26,26,26,26,26,0,0.119099483864573,0.20248949122099
"Ghana","child_vitA","42","Ashanti","Atwima-Mponua",6.5898316,-1.8623255,0,"2017-05-15",5,24,24,24,24,24,0.166666666666667,0.216467691641868,0.339645478339696
"Ghana","child_vitA","43","Ahafo","Tano North",7.210234,-2.1949193,0,"2017-05-15",5,20,20,20,20,20,0.15,0.179977778400678,0.438361258539321
"Ghana","child_vitA","44","Ashanti","Sekyere Kumawu",6.9,-1.2667,0,"2017-05-15",5,12,12,12,12,12,0.25,0.124508749483267,0.345789564541988
"Ghana","child_vitA","45","Ashanti","Bekwai",6.453716,-1.5978028,1,"2017-05-15",5,8,8,8,8,8,0.25,0.0850414707871147,0.400488027026229
"Ghana","child_vitA","46","Ashanti","Kwadaso",6.6926966,-1.6610385,1,"2017-05-15",5,11,11,11,11,11,0,-0.0229181568586728,0.254377523836455
"Ghana","child_vitA","47","Ashanti","Kumasi",6.6792809,-1.6100658,1,"2017-05-15",5,12,12,12,12,12,0.166666666666667,0.0905085198245916,0.3691288070842
"Ghana","child_vitA","48","Ashanti","Asokwa",6.663829,-1.6040998,1,"2017-05-15",5,15,15,15,15,15,0,0.163193687081543,0.218316533655998
"Ghana","child_vitA","49","Ashanti","Kumasi",6.7050999,-1.6225863,1,"2017-05-15",5,12,12,12,12,12,0,0.0520440282940688,0.220437605325443
"Ghana","child_vitA","5","Western","Jomoro",5.04733,-2.629322,1,"2017-05-15",5,8,8,8,8,8,0.25,0.119613060659172,0.609006258913459
"Ghana","child_vitA","50","Ashanti","Atwima-Nwabiagya South",6.7238738,-1.664858,1,"2017-05-15",5,11,11,11,11,11,0,0.0171525231645106,0.238765015994181
"Ghana","child_vitA","51","Bono East","Sene West",7.7135007,-0.7554818,1,"2017-05-15",5,14,14,14,14,14,0.142857142857143,0.0519768606581536,0.323067799887113
"Ghana","child_vitA","52","Ashanti","Sekyere South",7.116617,-1.603976,1,"2017-05-15",5,14,14,14,14,14,0,0.0203111991319751,0.280870221837174
"Ghana","child_vitA","53","Ashanti","Asokore-Mampong",6.717806,-1.5817633,1,"2017-05-15",5,18,18,18,18,18,0.166666666666667,0.140443508794942,0.27472216306588
"Ghana","child_vitA","54","Ahafo","Asunafo North",6.6476136,-2.8288648,0,"2017-05-15",5,19,19,19,19,19,0.105263157894737,0.128458085389696,0.257024321864551
"Ghana","child_vitA","55","Ahafo","Tano North",7.2256894,-2.3045681,0,"2017-05-15",5,23,23,23,23,23,0.0869565217391304,0.0669502173485978,0.292694156042162
"Ghana","child_vitA","56","Bono","Wenchi",7.7405556,-2.140189,0,"2017-05-15",5,11,11,11,11,11,0.0909090909090909,-0.041951014593331,0.274501375240067
"Ghana","child_vitA","57","Bono East","Kintampo North",8.0726334,-1.5772807,0,"2017-05-15",5,19,19,19,19,19,0.210526315789474,0.158858092074679,0.384203506450758
"Ghana","child_vitA","58","Bono","Sunyani West",7.337944,-2.3837363,1,"2017-04-15",4,6,6,6,6,6,0,-0.100258298511952,0.276249831182865
"Ghana","child_vitA","59","Bono East","Techiman",7.4671766,-1.9883539,1,"2017-05-15",5,13,13,13,13,13,0.0769230769230769,0.0656986452895001,0.238116576849366
"Ghana","child_vitA","6","Western","Effia Kwesimintsim",4.9317383,-1.7812657,1,"2017-05-15",5,7,7,7,7,7,0,0.105807117333884,0.200471081221259
"Ghana","child_vitA","60","Bono","Dormaa West",7.019553,-3.008481,1,"2017-05-15",5,16,16,16,16,16,0.0625,-0.0990126003290028,0.308650635557653
"Ghana","child_vitA","61","Savannah","Sawla-Tuna-Kalba",9.407912,-2.40378,0,"2017-05-15",5,18,18,18,18,18,0.277777777777778,0.28895235758579,0.215908355506247
"Ghana","child_vitA","62","Savannah","Central Gonja",8.9378796,-1.9537373,0,"2017-05-15",5,20,20,20,20,20,0.2,0.162900561096324,0.397078382161434
"Ghana","child_vitA","63","Savannah","Central Gonja",8.7230913,-1.6372672,0,"2017-05-15",5,10,10,10,10,10,0.1,0.134005883152904,0.154167104869416
"Ghana","child_vitA","64","Northern","Kpandai",8.4693159,-0.0195695,0,"2017-05-15",5,3,3,3,3,3,0,0.129639387677969,0.156468405307186
"Ghana","child_vitA","65","Savannah","North East Gonja",8.8763223,-0.4257769,0,"2017-05-15",5,11,11,11,11,11,0.181818181818182,0.176389870173935,0.355485544775854
"Ghana","child_vitA","66","Northern","Tamale",9.3711986,-0.7170885,0,"2017-05-15",5,25,25,25,25,25,0.36,0.33127728184677,0.301090680741484
"Ghana","child_vitA","67","Northern","Tolon",9.4306381,-1.0700649,0,"2017-05-15",5,32,32,32,32,32,0.375,0.384291278582061,0.315905846922636
"Ghana","child_vitA","68","Northern","Gushegu",9.9230716,-0.2280522,0,"2017-05-15",5,10,10,10,10,10,0.3,0.448529856882572,0.364159208961815
"Ghana","child_vitA","69","North East","Chereponi",10.138256,0.2824258,0,"2017-05-15",5,12,12,12,12,12,0.166666666666667,0.291072681544818,0.289555240874129
"Ghana","child_vitA","7","Western","Mpohor",5.0291401,-1.8106554,1,"2017-05-15",5,4,4,4,4,4,0,0.0516320634926363,0.174063832280164
"Ghana","child_vitA","70","North East","Yunyoo-Nasuan",10.516667,-0.1,0,"2017-05-15",5,10,10,10,10,10,0,0.0435069562865513,0.295243240103726
"Ghana","child_vitA","71","Upper West","Sissala East",10.2980231,-1.6478357,0,"2017-05-15",5,17,17,17,17,17,0.176470588235294,0.231387422999904,0.312336259385568
"Ghana","child_vitA","72","Northern","Sagnerigu",9.4134965,-0.8688037,0,"2017-04-15",4,9,9,9,9,9,0.333333333333333,0.353354177797829,0.330466403031607
"Ghana","child_vitA","73","Northern","Tatale Sanguli",9.3529921,0.4877106,0,"2017-05-15",5,25,25,25,25,25,0.16,0.180702659185219,0.241296110218499
"Ghana","child_vitA","74","Savannah","Bole",9.0299227,-2.5244531,1,"2017-05-15",5,4,4,4,4,4,0.25,0.33880127004329,0.0940764382451425
"Ghana","child_vitA","75","Northern","Nanumba South",8.8577215,0.040469,1,"2017-05-15",5,11,11,11,11,11,0.0909090909090909,-0.0542199024715588,0.395183430975779
"Ghana","child_vitA","76","Northern","Sagnerigu",9.4214047,-0.9137785,1,"2017-05-15",5,11,11,11,11,11,0,0.116715772404553,0.19493940194678
"Ghana","child_vitA","77","Northern","Savelugu",9.6124893,-0.8621272,1,"2017-05-15",5,17,17,17,17,17,0.352941176470588,0.321938434310919,0.268829664397465
"Ghana","child_vitA","78","North East","West Mamprusi",10.3491164,-0.8158638,1,"2017-05-15",5,23,23,23,23,23,0.347826086956522,0.333372493994159,0.373644130209793
"Ghana","child_vitA","79","Upper East","Builsa South",10.7334292,-1.4779749,0,"2017-05-15",5,7,7,7,7,7,0.285714285714286,0.387034960229692,0.277143494700624
"Ghana","child_vitA","8","Central","Twifo-Hemang-Lower Denkyira",5.2539255,-1.3398312,0,"2017-05-15",5,6,6,6,6,6,0,0.162055799031212,0.276517282300871
"Ghana","child_vitA","80","Upper East","Kasena Nankana East",10.843374,-1.071469,0,"2017-05-15",5,13,13,13,13,13,0.0769230769230769,0.151428869145683,0.248572489171395
"Ghana","child_vitA","81","Upper East","Kasena Nankana East",10.7031972,-1.0103264,0,"2017-05-15",5,9,9,9,9,9,0.111111111111111,0.228334276363901,0.178182787269824
"Ghana","child_vitA","82","Upper East","Talensi",10.7786816,-0.7527056,0,"2017-05-15",5,13,13,13,13,13,0.384615384615385,0.27909306533022,0.339032809312632
"Ghana","child_vitA","83","Upper East","Bawku West",10.7938041,-0.3493934,0,"2017-05-15",5,9,9,9,9,9,0.222222222222222,0.0805641087964486,0.312837520456851
"Ghana","child_vitA","84","Upper East","Binduri",10.9721382,-0.317123,0,"2017-05-15",5,13,13,13,13,13,0.0769230769230769,0.21082881630487,0.212766462327243
"Ghana","child_vitA","85","Upper East","Binduri",11.0589339,-0.2752224,1,"2017-05-15",5,17,17,17,17,17,0.294117647058823,0.294437248599745,0.242757253680236
"Ghana","child_vitA","86","Upper West","Wa Municipal",10.039751,-2.536176,0,"2017-05-15",5,12,12,12,12,12,0.166666666666667,0.0950973161404632,0.28354498450878
"Ghana","child_vitA","87","Upper West","Wa East",9.9820414,-2.0997754,0,"2017-05-15",5,14,14,14,14,14,0,0.0588979905118192,0.216925371966345
"Ghana","child_vitA","88","Upper West","Jirapa",10.5228756,-2.7191593,0,"2017-05-15",5,9,9,9,9,9,0,0.0907513348299538,0.225072220327793
"Ghana","child_vitA","89","Upper West","Lambussie-Karni",10.667313,-2.6577046,0,"2017-05-15",5,14,14,14,14,14,0.142857142857143,0.0102396023014193,0.359875830562245
"Ghana","child_vitA","9","Central","Awutu Senya West",5.5510691,-0.5188412,0,"2017-05-15",5,12,12,12,12,12,0.0833333333333333,0.0884541043478545,0.364363115018489
"Ghana","child_vitA","90","Upper West","Wa Municipal",10.0611456,-2.544129,1,"2017-05-15",5,4,4,4,4,4,0.5,0.364306719125105,0.143229561022677
"Ghana","women_vitA","1","Western","Ellembelle",5.017846,-2.375969,0,"2017-05-15",5,10,10,10,10,10,0,-0.424073660291306,0.284498163062506
"Ghana","women_vitA","10","Central","Twifo-Atti-Morkwa",5.523,-1.556,0,"2017-05-15",5,9,9,9,9,9,0,-0.466190261913455,0.189199471543822
"Ghana","women_vitA","11","Central","Mfantseman",5.2751526,-1.0360195,1,"2017-05-15",5,5,5,5,5,5,0,-0.241637666589432,0.264800513211636
"Ghana","women_vitA","12","Central","Asikuma-Odoben-Brakwa",5.6436273,-0.8965587,1,"2017-05-15",5,20,20,20,20,20,0,-0.452151090427717,0.319877687337094
"Ghana","women_vitA","13","Central","Agona West",5.5358865,-0.7883488,1,"2017-05-15",5,11,11,11,11,11,0.0909090909090909,-0.52199978929937,0.419656420117039
"Ghana","women_vitA","14","Greater Accra","Weija Gbawe",5.5577407,-0.3056132,0,"2017-05-15",5,21,21,21,21,21,0,-0.367980733736018,0.319282953303817
"Ghana","women_vitA","15","Greater Accra","Weija Gbawe",5.5577407,-0.3056288,1,"2017-05-15",5,9,9,9,9,9,0.111111111111111,-0.248169494470009,0.453160969519691
"Ghana","women_vitA","16","Greater Accra","Ga East",5.7406066,-0.2074699,1,"2017-04-15",4,9,9,9,9,9,0,-0.455375590396916,0.448119777910292
"Ghana","women_vitA","17","Greater Accra","Weija Gbawe",5.5547165,-0.2879468,1,"2017-05-15",5,11,11,11,11,11,0,-0.521833096467374,0.277370369936535
"Ghana","women_vitA","18","Greater Accra","Ablekuma Central",5.5433644,-0.2335308,1,"2017-05-15",5,16,16,16,16,16,0,-0.414053586087145,0.199731967973054
"Ghana","women_vitA","19","Greater Accra","Ablekuma North",5.58667,-0.211844,1,"2017-05-15",5,9,9,9,9,9,0,-0.301832637344756,0.328538524531194
"Ghana","women_vitA","2","Western","Prestea-Huni Valley",5.5083984,-2.1814457,0,"2017-05-15",5,17,17,17,17,17,0,-0.513968086834997,0.373356821340672
"Ghana","women_vitA","20","Greater Accra","Ablekuma North",5.5892704,-0.2610112,1,"2017-05-15",5,8,8,8,8,8,0,-0.459020938217652,0.344239097693158
"Ghana","women_vitA","21","Greater Accra","Ayawaso West",5.648347,-0.164986,1,"2017-04-15",4,9,9,9,9,9,0,-0.417826535929527,0.290837907497992
"Ghana","women_vitA","22","Greater Accra","Ashaiman",5.6958885,-0.0467018,1,"2017-05-15",5,13,13,13,13,13,0,-0.456122992309054,0.364603571346239
"Ghana","women_vitA","23","Greater Accra","Tema West",5.683334,-0.0625948,1,"2017-05-15",5,13,13,13,13,13,0.0769230769230769,-0.282131415358976,0.338558516764338
"Ghana","women_vitA","24","Greater Accra","La-Dade-Kotopon",5.5939587,-0.1720692,1,"2017-06-15",6,9,9,9,9,9,0,-0.125255056855986,0.194698002413526
"Ghana","women_vitA","25","Volta","Akatsi South",6.1774302,0.750668,0,"2017-05-15",5,8,8,8,8,8,0,-0.252753430247418,0.137799560326979
"Ghana","women_vitA","26","Eastern","Kwahu Afram Plains North",6.5697438,0.0789159,0,"2017-05-15",5,11,11,11,11,11,0,-0.658199741570304,0.289487330226792
"Ghana","women_vitA","27","Oti","Nkwanta South",8.2592698,0.4843417,0,"2017-05-15",5,9,9,9,9,9,0,-0.601454727310608,0.367085161109083
"Ghana","women_vitA","28","Volta","Afadzato South",6.9045315,0.3804311,0,"2017-05-15",5,18,18,18,18,18,0,-0.605210631997389,0.336566056801755
"Ghana","women_vitA","29","Volta","South Tongu",5.9991081,0.5634561,1,"2017-05-15",5,12,12,12,12,12,0,-0.552722202339532,0.256194514938839
"Ghana","women_vitA","3","Western North","Sefwi-Akontombra",6.0428334,-2.8813362,0,"2017-04-15",4,7,7,7,7,7,0,-0.496833399853953,0.159080187323214
"Ghana","women_vitA","30","Volta","Ho Municipal",6.6064605,0.4300437,1,"2017-05-15",5,8,8,8,8,8,0,-0.453967756810349,0.239557765912399
"Ghana","women_vitA","31","Eastern","Akwapem North",5.955063,-0.190617,0,"2017-05-15",5,8,8,8,8,8,0,-0.506660210395811,0.31578407328291
"Ghana","women_vitA","32","Eastern","Atiwa East",6.4252379,-0.6401635,0,"2017-05-15",5,15,15,15,15,15,0.133333333333333,-0.25361449543578,0.509939088296753
"Ghana","women_vitA","33","Ashanti","Adansi Asokwa",6.1923013,-1.3045118,0,"2017-05-15",5,16,16,16,16,16,0,-0.434646069764523,0.235677942547682
"Ghana","women_vitA","34","Eastern","Kwahu Afram Plains North",7.0464577,-0.0930901,0,"2017-05-15",5,10,10,10,10,10,0,-0.492428475786291,0.262692964991133
"Ghana","women_vitA","35","Eastern","Kwahu Afram Plains North",6.897436,-0.139268,0,"2017-05-15",5,11,11,11,11,11,0,-0.791199325848319,0.317040017797253
"Ghana","women_vitA","36","Eastern","Akwapem North",5.936396,-0.117721,1,"2017-05-15",5,13,13,13,13,13,0,-0.512436970437545,0.420606593220815
"Ghana","women_vitA","37","Eastern","Abuakwa South",6.1422828,-0.575924,1,"2017-04-15",4,10,10,10,10,10,0,-0.474943923150681,0.295740883823807
"Ghana","women_vitA","38","Eastern","Denkyembour",6.05,-0.8,1,"2017-05-15",5,15,15,15,15,15,0,-0.294967582239369,0.423741185693569
"Ghana","women_vitA","39","Ashanti","Atwima-Mponua",6.3770993,-2.1882247,0,"2017-04-15",4,10,10,10,10,10,0,-0.575707408342652,0.308648786140576
"Ghana","women_vitA","4","Western","Mpohor",4.9730397,-1.9031669,0,"2017-05-15",5,6,6,6,6,6,0,-0.664127258795315,0.283502566623158
"Ghana","women_vitA","40","Ashanti","Obuasi",6.2108212,-1.7543935,0,"2017-05-15",5,6,6,6,6,6,0,-0.597210074240488,0.194588801998234
"Ghana","women_vitA","41","Ashanti","Asante-Akim South",6.5948673,-1.0816384,0,"2017-05-15",5,22,22,22,22,22,0,-0.526948055421379,0.312698302497798
"Ghana","women_vitA","42","Ashanti","Atwima-Mponua",6.5898316,-1.8623255,0,"2017-05-15",5,26,26,26,26,26,0,-0.547271319356164,0.290220306424819
"Ghana","women_vitA","43","Ahafo","Tano North",7.210234,-2.1949193,0,"2017-05-15",5,16,16,16,16,16,0,-0.644373465280061,0.450785391337944
"Ghana","women_vitA","44","Ashanti","Sekyere Kumawu",6.9,-1.2667,0,"2017-05-15",5,15,15,15,15,15,0,-0.497104588060981,0.274891375571504
"Ghana","women_vitA","45","Ashanti","Bekwai",6.453716,-1.5978028,1,"2017-05-15",5,14,14,14,14,14,0,-0.367319994132393,0.369837700579812
"Ghana","women_vitA","46","Ashanti","Kwadaso",6.6926966,-1.6610385,1,"2017-05-15",5,15,15,15,15,15,0.0666666666666667,-0.457971540198307,0.463612166679909
"Ghana","women_vitA","47","Ashanti","Kumasi",6.6792809,-1.6100658,1,"2017-05-15",5,17,17,17,17,17,0,-0.305771738680201,0.301300281462181
"Ghana","women_vitA","48","Ashanti","Asokwa",6.663829,-1.6040998,1,"2017-05-15",5,12,12,12,12,12,0,-0.612413193074241,0.24424872667847
"Ghana","women_vitA","49","Ashanti","Kumasi",6.7050999,-1.6225863,1,"2017-05-15",5,11,11,11,11,11,0,-0.330119523743199,0.214254986861538
"Ghana","women_vitA","5","Western","Jomoro",5.04733,-2.629322,1,"2017-05-15",5,5,5,5,5,5,0,-0.536839251109661,0.355364077294587
"Ghana","women_vitA","50","Ashanti","Atwima-Nwabiagya South",6.7238738,-1.664858,1,"2017-05-15",5,14,14,14,14,14,0,-0.476888995684037,0.271605588355312
"Ghana","women_vitA","51","Bono East","Sene West",7.7135007,-0.7554818,1,"2017-05-15",5,12,12,12,12,12,0,-0.385327819882426,0.304905542849427
"Ghana","women_vitA","52","Ashanti","Sekyere South",7.116617,-1.603976,1,"2017-05-15",5,13,13,13,13,13,0,-0.666088146037845,0.443713610947146
"Ghana","women_vitA","53","Ashanti","Asokore-Mampong",6.717806,-1.5817633,1,"2017-05-15",5,14,14,14,14,14,0,-0.26648008096145,0.274110688121076
"Ghana","women_vitA","54","Ahafo","Asunafo North",6.6476136,-2.8288648,0,"2017-05-15",5,14,14,14,14,14,0,-0.561072364406155,0.335424085901544
"Ghana","women_vitA","55","Ahafo","Tano North",7.2256894,-2.3045681,0,"2017-05-15",5,12,12,12,12,12,0,-0.573224272293987,0.374904358579075
"Ghana","women_vitA","56","Bono","Wenchi",7.7405556,-2.140189,0,"2017-05-15",5,16,16,16,16,16,0,-0.572288047238025,0.326689820695363
"Ghana","women_vitA","57","Bono East","Kintampo North",8.0726334,-1.5772807,0,"2017-05-15",5,15,15,15,15,15,0,-0.601724747933472,0.326434243295756
"Ghana","women_vitA","58","Bono","Sunyani West",7.337944,-2.3837363,1,"2017-04-15",4,8,8,8,8,8,0,-0.547373317512742,0.246538761046227
"Ghana","women_vitA","59","Bono East","Techiman",7.4671766,-1.9883539,1,"2017-05-15",5,13,13,13,13,13,0,-0.601895471415338,0.319446556480394
"Ghana","women_vitA","6","Western","Effia Kwesimintsim",4.9317383,-1.7812657,1,"2017-05-15",5,4,4,4,4,4,0,-0.162337401190115,0.20771231752312
"Ghana","women_vitA","60","Bono","Dormaa West",7.019553,-3.008481,1,"2017-05-15",5,9,9,9,9,9,0,-0.547504873565882,0.321435984106679
"Ghana","women_vitA","61","Savannah","Sawla-Tuna-Kalba",9.407912,-2.40378,0,"2017-05-15",5,9,9,9,9,9,0,-0.526391602946373,0.28399715600066
"Ghana","women_vitA","62","Savannah","Central Gonja",8.9378796,-1.9537373,0,"2017-05-15",5,9,9,9,9,9,0,-0.38963378962558,0.349206060947953
"Ghana","women_vitA","63","Savannah","Central Gonja",8.7230913,-1.6372672,0,"2017-05-15",5,9,9,9,9,9,0,-0.443143687577075,0.24880971063027
"Ghana","women_vitA","64","Northern","Kpandai",8.4693159,-0.0195695,0,"2017-05-15",5,6,6,6,6,6,0,-0.428152176367094,0.186708932533318
"Ghana","women_vitA","65","Savannah","North East Gonja",8.8763223,-0.4257769,0,"2017-05-15",5,10,10,10,10,10,0,-0.34950732898788,0.252474442422885
"Ghana","women_vitA","66","Northern","Tamale",9.3711986,-0.7170885,0,"2017-05-15",5,18,18,18,18,18,0,-0.324721079162905,0.309179507277758
"Ghana","women_vitA","67","Northern","Tolon",9.4306381,-1.0700649,0,"2017-05-15",5,13,13,13,13,13,0,-0.138664816473536,0.302806879794462
"Ghana","women_vitA","68","Northern","Gushegu",9.9230716,-0.2280522,0,"2017-05-15",5,9,9,9,9,9,0.111111111111111,-0.0303392575932574,0.336047478185315
"Ghana","women_vitA","69","North East","Chereponi",10.138256,0.2824258,0,"2017-05-15",5,7,7,7,7,7,0,-0.399447518362622,0.431557658045254
"Ghana","women_vitA","7","Western","Mpohor",5.0291401,-1.8106554,1,"2017-05-15",5,2,2,2,2,2,0,-0.374082712100948,0.573098965364242
"Ghana","women_vitA","70","North East","Yunyoo-Nasuan",10.516667,-0.1,0,"2017-05-15",5,12,12,12,12,12,0.0833333333333333,-0.326905925647988,0.299903506957833
"Ghana","women_vitA","71","Upper West","Sissala East",10.2980231,-1.6478357,0,"2017-05-15",5,7,7,7,7,7,0,-0.305112337301879,0.247455469282651
"Ghana","women_vitA","72","Northern","Sagnerigu",9.4134965,-0.8688037,0,"2017-04-15",4,9,9,9,9,9,0.111111111111111,-0.237677272503383,0.458296666371083
"Ghana","women_vitA","73","Northern","Tatale Sanguli",9.3529921,0.4877106,0,"2017-05-15",5,9,9,9,9,9,0,-0.595523445065822,0.294394087891443
"Ghana","women_vitA","74","Savannah","Bole",9.0299227,-2.5244531,1,"2017-05-15",5,5,5,5,5,5,0.2,-0.164603433168674,0.359868316838468
"Ghana","women_vitA","75","Northern","Nanumba South",8.8577215,0.040469,1,"2017-05-15",5,10,10,10,10,10,0,-0.313801108569338,0.342140195938055
"Ghana","women_vitA","76","Northern","Sagnerigu",9.4214047,-0.9137785,1,"2017-05-15",5,11,11,11,11,11,0.0909090909090909,-0.198416938565196,0.342350235832104
"Ghana","women_vitA","77","Northern","Savelugu",9.6124893,-0.8621272,1,"2017-05-15",5,16,16,16,16,16,0,-0.226216309896885,0.222385820034219
"Ghana","women_vitA","78","North East","West Mamprusi",10.3491164,-0.8158638,1,"2017-05-15",5,15,15,15,15,15,0,-0.357176413835366,0.245321205814446
"Ghana","women_vitA","79","Upper East","Builsa South",10.7334292,-1.4779749,0,"2017-05-15",5,2,2,2,2,2,0,-0.0321442449411809,0.258754603327011
"Ghana","women_vitA","8","Central","Twifo-Hemang-Lower Denkyira",5.2539255,-1.3398312,0,"2017-05-15",5,3,3,3,3,3,0,-0.443282804293729,0.164977827423297
"Ghana","women_vitA","80","Upper East","Kasena Nankana East",10.843374,-1.071469,0,"2017-05-15",5,9,9,9,9,9,0.111111111111111,0.00713013348696142,0.336680498243791
"Ghana","women_vitA","81","Upper East","Kasena Nankana East",10.7031972,-1.0103264,0,"2017-05-15",5,8,8,8,8,8,0,-0.162287890636106,0.222384117567287
"Ghana","women_vitA","82","Upper East","Talensi",10.7786816,-0.7527056,0,"2017-05-15",5,12,12,12,12,12,0.166666666666667,0.0386729392670048,0.264222452203301
"Ghana","women_vitA","83","Upper East","Bawku West",10.7938041,-0.3493934,0,"2017-05-15",5,11,11,11,11,11,0,-0.222621142876948,0.219542742874967
"Ghana","women_vitA","84","Upper East","Binduri",10.9721382,-0.317123,0,"2017-05-15",5,7,7,7,7,7,0,-0.422101863689919,0.33185800182231
"Ghana","women_vitA","85","Upper East","Binduri",11.0589339,-0.2752224,1,"2017-05-15",5,9,9,9,9,9,0,-0.504076294988554,0.395227234029446
"Ghana","women_vitA","86","Upper West","Wa Municipal",10.039751,-2.536176,0,"2017-05-15",5,9,9,9,9,9,0,-0.350693903336331,0.272618281793753
"Ghana","women_vitA","87","Upper West","Wa East",9.9820414,-2.0997754,0,"2017-05-15",5,10,10,10,10,10,0.1,-0.249004419579707,0.417327734627574
"Ghana","women_vitA","88","Upper West","Jirapa",10.5228756,-2.7191593,0,"2017-05-15",5,8,8,8,8,8,0,-0.42046477519205,0.300792322403121
"Ghana","women_vitA","89","Upper West","Lambussie-Karni",10.667313,-2.6577046,0,"2017-05-15",5,7,7,7,7,7,0,-0.585326774241401,0.539227929527393
"Ghana","women_vitA","9","Central","Awutu Senya West",5.5510691,-0.5188412,0,"2017-05-15",5,11,11,11,11,11,0,-0.521943841949307,0.182674117768589
"Ghana","women_vitA","90","Upper West","Wa Municipal",10.0611456,-2.544129,1,"2017-05-15",5,11,11,11,11,11,0,-0.33802949814389,0.239276235814846
"Ghana","child_iron","1","Western","Ellembelle",5.017846,-2.375969,0,"2017-05-15",5,18,18,18,18,18,0.111111111111111,-3.39786274342248,0.786749820073676
"Ghana","child_iron","10","Central","Twifo-Atti-Morkwa",5.523,-1.556,0,"2017-05-15",5,8,8,8,8,8,0,-4.0533937803155,0.61830368059
"Ghana","child_iron","11","Central","Mfantseman",5.2751526,-1.0360195,1,"2017-05-15",5,6,6,6,6,6,0,-3.1678397924256,0.453050476854212
"Ghana","child_iron","12","Central","Asikuma-Odoben-Brakwa",5.6436273,-0.8965587,1,"2017-05-15",5,19,19,19,19,19,0.157894736842105,-3.37604612307542,0.78924661753965
"Ghana","child_iron","13","Central","Agona West",5.5358865,-0.7883488,1,"2017-05-15",5,21,21,21,21,21,0.19047619047619,-3.10225488071489,0.704883172598655
"Ghana","child_iron","14","Greater Accra","Weija Gbawe",5.5577407,-0.3056132,0,"2017-05-15",5,23,23,23,23,23,0.0434782608695652,-3.70285234335306,0.598347660591723
"Ghana","child_iron","15","Greater Accra","Weija Gbawe",5.5577407,-0.3056288,1,"2017-05-15",5,15,15,15,15,15,0.2,-3.1388354111566,0.785056097773574
"Ghana","child_iron","16","Greater Accra","Ga East",5.7406066,-0.2074699,1,"2017-04-15",4,6,6,6,6,6,0.333333333333333,-3.0401223829487,0.671355568018745
"Ghana","child_iron","17","Greater Accra","Weija Gbawe",5.5547165,-0.2879468,1,"2017-05-15",5,9,9,9,9,9,0.333333333333333,-2.73879866123709,0.873813532786322
"Ghana","child_iron","18","Greater Accra","Ablekuma Central",5.5433644,-0.2335308,1,"2017-05-15",5,6,6,6,6,6,0.166666666666667,-3.09680277183854,0.545368630235072
"Ghana","child_iron","19","Greater Accra","Ablekuma North",5.58667,-0.211844,1,"2017-05-15",5,6,6,6,6,6,0.166666666666667,-3.17930916097631,0.712571420680282
"Ghana","child_iron","2","Western","Prestea-Huni Valley",5.5083984,-2.1814457,0,"2017-05-15",5,18,18,18,18,18,0,-3.97957479385768,0.530233137193066
"Ghana","child_iron","20","Greater Accra","Ablekuma North",5.5892704,-0.2610112,1,"2017-05-15",5,4,4,4,4,4,0.25,-3.04763416612815,0.508645351643085
"Ghana","child_iron","21","Greater Accra","Ayawaso West",5.648347,-0.164986,1,"2017-04-15",4,2,2,2,2,2,0,-3.13400665556973,0.912085717168257
"Ghana","child_iron","22","Greater Accra","Ashaiman",5.6958885,-0.0467018,1,"2017-05-15",5,5,5,5,5,5,0,-3.87181318649459,0.34981908682111
"Ghana","child_iron","23","Greater Accra","Tema West",5.683334,-0.0625948,1,"2017-05-15",5,10,10,10,10,10,0.1,-3.08105524434754,0.500647478515436
"Ghana","child_iron","24","Greater Accra","La-Dade-Kotopon",5.5939587,-0.1720692,1,"2017-06-15",6,13,13,13,13,13,0,-3.5845368666951,0.439047124862074
"Ghana","child_iron","25","Volta","Akatsi South",6.1774302,0.750668,0,"2017-05-15",5,8,8,8,8,8,0.125,-3.83969012752143,1.1122510376093
"Ghana","child_iron","26","Eastern","Kwahu Afram Plains North",6.5697438,0.0789159,0,"2017-05-15",5,11,11,11,11,11,0.181818181818182,-3.24519456041115,0.766767710861113
"Ghana","child_iron","27","Oti","Nkwanta South",8.2592698,0.4843417,0,"2017-05-15",5,14,14,14,14,14,0.0714285714285714,-3.38094026747137,0.794112812213124
"Ghana","child_iron","28","Volta","Afadzato South",6.9045315,0.3804311,0,"2017-05-15",5,23,23,23,23,23,0.0869565217391304,-3.51668345911504,0.859019865754348
"Ghana","child_iron","29","Volta","South Tongu",5.9991081,0.5634561,1,"2017-05-15",5,8,8,8,8,8,0.25,-2.84599370375118,0.417493236199714
"Ghana","child_iron","3","Western North","Sefwi-Akontombra",6.0428334,-2.8813362,0,"2017-04-15",4,19,19,19,19,19,0,-3.88370836811041,0.63187350393109
"Ghana","child_iron","30","Volta","Ho Municipal",6.6064605,0.4300437,1,"2017-05-15",5,1,1,1,1,1,0,-3.40850395684459,NA
"Ghana","child_iron","31","Eastern","Akwapem North",5.955063,-0.190617,0,"2017-05-15",5,16,16,16,16,16,0.0625,-3.63759872602998,0.665813821906016
"Ghana","child_iron","32","Eastern","Atiwa East",6.4252379,-0.6401635,0,"2017-05-15",5,10,10,10,10,10,0.4,-2.98265669423175,0.724356773851514
"Ghana","child_iron","33","Ashanti","Adansi Asokwa",6.1923013,-1.3045118,0,"2017-05-15",5,16,16,16,16,16,0.125,-3.60771117674969,0.863778437731137
"Ghana","child_iron","34","Eastern","Kwahu Afram Plains North",7.0464577,-0.0930901,0,"2017-05-15",5,14,14,14,14,14,0.428571428571429,-2.69543694007909,0.645505807446952
"Ghana","child_iron","35","Eastern","Kwahu Afram Plains North",6.897436,-0.139268,0,"2017-05-15",5,20,20,20,20,20,0.3,-3.31697511963198,1.03513041225509
"Ghana","child_iron","36","Eastern","Akwapem North",5.936396,-0.117721,1,"2017-05-15",5,7,7,7,7,7,0.142857142857143,-3.0464393128167,0.448772156951449
"Ghana","child_iron","37","Eastern","Abuakwa South",6.1422828,-0.575924,1,"2017-04-15",4,18,18,18,18,18,0.166666666666667,-3.13026248087737,0.80668766002398
"Ghana","child_iron","38","Eastern","Denkyembour",6.05,-0.8,1,"2017-05-15",5,14,14,14,14,14,0.285714285714286,-2.96081139570203,0.774832082712495
"Ghana","child_iron","39","Ashanti","Atwima-Mponua",6.3770993,-2.1882247,0,"2017-04-15",4,8,8,8,8,8,0,-3.93229513669749,0.376531143917075
"Ghana","child_iron","4","Western","Mpohor",4.9730397,-1.9031669,0,"2017-05-15",5,9,9,9,9,9,0,-3.70877628563915,0.326329273477749
"Ghana","child_iron","40","Ashanti","Obuasi",6.2108212,-1.7543935,0,"2017-05-15",5,17,17,17,17,17,0.0588235294117647,-3.63267310571805,0.549183696153999
"Ghana","child_iron","41","Ashanti","Asante-Akim South",6.5948673,-1.0816384,0,"2017-05-15",5,26,26,26,26,26,0.153846153846154,-3.13590277931194,0.77858084433108
"Ghana","child_iron","42","Ashanti","Atwima-Mponua",6.5898316,-1.8623255,0,"2017-05-15",5,24,24,24,24,24,0.125,-3.44155018003126,1.00464244172842
"Ghana","child_iron","43","Ahafo","Tano North",7.210234,-2.1949193,0,"2017-05-15",5,20,20,20,20,20,0.15,-3.42931824590753,0.78114059715373
"Ghana","child_iron","44","Ashanti","Sekyere Kumawu",6.9,-1.2667,0,"2017-05-15",5,12,12,12,12,12,0.166666666666667,-3.41081146532753,0.973108579028367
"Ghana","child_iron","45","Ashanti","Bekwai",6.453716,-1.5978028,1,"2017-05-15",5,8,8,8,8,8,0,-3.48688879237361,0.589645845454988
"Ghana","child_iron","46","Ashanti","Kwadaso",6.6926966,-1.6610385,1,"2017-05-15",5,11,11,11,11,11,0.181818181818182,-3.11168536194915,0.663249375535413
"Ghana","child_iron","47","Ashanti","Kumasi",6.6792809,-1.6100658,1,"2017-05-15",5,12,12,12,12,12,0.25,-3.11038185182049,0.821926493748025
"Ghana","child_iron","48","Ashanti","Asokwa",6.663829,-1.6040998,1,"2017-05-15",5,15,15,15,15,15,0.4,-2.66218032010788,1.25775808701968
"Ghana","child_iron","49","Ashanti","Kumasi",6.7050999,-1.6225863,1,"2017-05-15",5,12,12,12,12,12,0.25,-3.09715424270704,0.872328683905693
"Ghana","child_iron","5","Western","Jomoro",5.04733,-2.629322,1,"2017-05-15",5,8,8,8,8,8,0.125,-2.86996179106426,0.40303890904215
"Ghana","child_iron","50","Ashanti","Atwima-Nwabiagya South",6.7238738,-1.664858,1,"2017-05-15",5,11,11,11,11,11,0.181818181818182,-3.39668171423545,0.567605549493679
"Ghana","child_iron","51","Bono East","Sene West",7.7135007,-0.7554818,1,"2017-05-15",5,14,14,14,14,14,0.214285714285714,-3.2837193305562,0.654392055115443
"Ghana","child_iron","52","Ashanti","Sekyere South",7.116617,-1.603976,1,"2017-05-15",5,14,14,14,14,14,0,-3.54495702980418,0.395570523664464
"Ghana","child_iron","53","Ashanti","Asokore-Mampong",6.717806,-1.5817633,1,"2017-05-15",5,18,18,18,18,18,0.277777777777778,-2.95431380373406,0.700311811226193
"Ghana","child_iron","54","Ahafo","Asunafo North",6.6476136,-2.8288648,0,"2017-05-15",5,19,19,19,19,19,0,-3.7865491715971,0.559987766140858
"Ghana","child_iron","55","Ahafo","Tano North",7.2256894,-2.3045681,0,"2017-05-15",5,23,23,23,23,23,0.217391304347826,-3.2362551060631,1.08552885573015
"Ghana","child_iron","56","Bono","Wenchi",7.7405556,-2.140189,0,"2017-05-15",5,11,11,11,11,11,0.0909090909090909,-3.62179526198128,0.60863833447057
"Ghana","child_iron","57","Bono East","Kintampo North",8.0726334,-1.5772807,0,"2017-05-15",5,19,19,19,19,19,0.421052631578947,-2.89240031199805,0.81785586443153
"Ghana","child_iron","58","Bono","Sunyani West",7.337944,-2.3837363,1,"2017-04-15",4,6,6,6,6,6,0.166666666666667,-3.4790611154869,0.823579908556886
"Ghana","child_iron","59","Bono East","Techiman",7.4671766,-1.9883539,1,"2017-05-15",5,13,13,13,13,13,0.153846153846154,-3.59087628672795,0.835295288968621
"Ghana","child_iron","6","Western","Effia Kwesimintsim",4.9317383,-1.7812657,1,"2017-05-15",5,7,7,7,7,7,0,-3.42472776850464,0.435671856427562
"Ghana","child_iron","60","Bono","Dormaa West",7.019553,-3.008481,1,"2017-05-15",5,16,16,16,16,16,0.25,-3.14847571346635,0.785724311273092
"Ghana","child_iron","61","Savannah","Sawla-Tuna-Kalba",9.407912,-2.40378,0,"2017-05-15",5,18,18,18,18,18,0.111111111111111,-3.66569404350472,0.826519692583397
"Ghana","child_iron","62","Savannah","Central Gonja",8.9378796,-1.9537373,0,"2017-05-15",5,20,20,20,20,20,0.5,-2.59270440597426,1.06258397298057
"Ghana","child_iron","63","Savannah","Central Gonja",8.7230913,-1.6372672,0,"2017-05-15",5,10,10,10,10,10,0.2,-3.25902633380451,0.893483974103016
"Ghana","child_iron","64","Northern","Kpandai",8.4693159,-0.0195695,0,"2017-05-15",5,3,3,3,3,3,0.666666666666667,-2.4143630103252,0.265075372208062
"Ghana","child_iron","65","Savannah","North East Gonja",8.8763223,-0.4257769,0,"2017-05-15",5,11,11,11,11,11,0.0909090909090909,-3.11697464732584,0.607412105343947
"Ghana","child_iron","66","Northern","Tamale",9.3711986,-0.7170885,0,"2017-05-15",5,25,25,25,25,25,0.76,-2.02786167450709,0.623701265279588
"Ghana","child_iron","67","Northern","Tolon",9.4306381,-1.0700649,0,"2017-05-15",5,32,32,32,32,32,0.53125,-2.43119453780086,0.766389122058224
"Ghana","child_iron","68","Northern","Gushegu",9.9230716,-0.2280522,0,"2017-05-15",5,10,10,10,10,10,0.4,-2.60015257898526,0.70913588712736
"Ghana","child_iron","69","North East","Chereponi",10.138256,0.2824258,0,"2017-05-15",5,12,12,12,12,12,0.166666666666667,-3.19900800367603,0.695474793288707
"Ghana","child_iron","7","Western","Mpohor",5.0291401,-1.8106554,1,"2017-05-15",5,4,4,4,4,4,0,-3.10808224716629,0.78385257951364
"Ghana","child_iron","70","North East","Yunyoo-Nasuan",10.516667,-0.1,0,"2017-05-15",5,10,10,10,10,10,0.1,-3.11415535579546,0.672392561906984
"Ghana","child_iron","71","Upper West","Sissala East",10.2980231,-1.6478357,0,"2017-05-15",5,17,17,17,17,17,0.529411764705882,-2.5346079814455,0.986018648221734
"Ghana","child_iron","72","Northern","Sagnerigu",9.4134965,-0.8688037,0,"2017-04-15",4,9,9,9,9,9,0.222222222222222,-3.23905849906937,0.984212298481627
"Ghana","child_iron","73","Northern","Tatale Sanguli",9.3529921,0.4877106,0,"2017-05-15",5,25,25,25,25,25,0.36,-2.89953393793651,0.928137442163797
"Ghana","child_iron","74","Savannah","Bole",9.0299227,-2.5244531,1,"2017-05-15",5,4,4,4,4,4,0.25,-3.10883949098328,0.830066313521617
"Ghana","child_iron","75","Northern","Nanumba South",8.8577215,0.040469,1,"2017-05-15",5,11,11,11,11,11,0.454545454545455,-2.62500228629605,1.00930305987249
"Ghana","child_iron","76","Northern","Sagnerigu",9.4214047,-0.9137785,1,"2017-05-15",5,11,11,11,11,11,0.363636363636364,-2.51150468928379,1.09972123558446
"Ghana","child_iron","77","Northern","Savelugu",9.6124893,-0.8621272,1,"2017-05-15",5,17,17,17,17,17,0.705882352941177,-2.21473642048328,1.16960758713362
"Ghana","child_iron","78","North East","West Mamprusi",10.3491164,-0.8158638,1,"2017-05-15",5,23,23,23,23,23,0.260869565217391,-2.88670908726828,0.766954887917458
"Ghana","child_iron","79","Upper East","Builsa South",10.7334292,-1.4779749,0,"2017-05-15",5,7,7,7,7,7,0.285714285714286,-2.90809859357189,0.805211220619011
"Ghana","child_iron","8","Central","Twifo-Hemang-Lower Denkyira",5.2539255,-1.3398312,0,"2017-05-15",5,6,6,6,6,6,0,-4.11371514037888,0.358878520709311
"Ghana","child_iron","80","Upper East","Kasena Nankana East",10.843374,-1.071469,0,"2017-05-15",5,13,13,13,13,13,0.384615384615385,-2.63321323056744,0.761664375125156
"Ghana","child_iron","81","Upper East","Kasena Nankana East",10.7031972,-1.0103264,0,"2017-05-15",5,9,9,9,9,9,0.444444444444444,-2.47418615169533,0.823477676156921
"Ghana","child_iron","82","Upper East","Talensi",10.7786816,-0.7527056,0,"2017-05-15",5,13,13,13,13,13,0.538461538461539,-2.69296041767146,0.913553425020394
"Ghana","child_iron","83","Upper East","Bawku West",10.7938041,-0.3493934,0,"2017-05-15",5,9,9,9,9,9,0.333333333333333,-2.34111461739335,0.738160079533956
"Ghana","child_iron","84","Upper East","Binduri",10.9721382,-0.317123,0,"2017-05-15",5,13,13,13,13,13,0.538461538461539,-2.5639914314868,0.770948130874296
"Ghana","child_iron","85","Upper East","Binduri",11.0589339,-0.2752224,1,"2017-05-15",5,17,17,17,17,17,0.764705882352941,-2.40640320915971,0.705648781330683
"Ghana","child_iron","86","Upper West","Wa Municipal",10.039751,-2.536176,0,"2017-05-15",5,12,12,12,12,12,0,-3.69006863720789,0.601634290393463
"Ghana","child_iron","87","Upper West","Wa East",9.9820414,-2.0997754,0,"2017-05-15",5,14,14,14,14,14,0.357142857142857,-2.83163117596954,0.923961473981497
"Ghana","child_iron","88","Upper West","Jirapa",10.5228756,-2.7191593,0,"2017-05-15",5,9,9,9,9,9,0.111111111111111,-3.4168489386526,0.82736944108648
"Ghana","child_iron","89","Upper West","Lambussie-Karni",10.667313,-2.6577046,0,"2017-05-15",5,14,14,14,14,14,0.285714285714286,-3.06083359343329,1.00422019966624
"Ghana","child_iron","9","Central","Awutu Senya West",5.5510691,-0.5188412,0,"2017-05-15",5,12,12,12,12,12,0.166666666666667,-3.19616690018131,0.683760105642908
"Ghana","child_iron","90","Upper West","Wa Municipal",10.0611456,-2.544129,1,"2017-05-15",5,4,4,4,4,4,0.25,-3.13421688315599,0.633577132303379
"Ghana","women_iron","1","Western","Ellembelle",5.017846,-2.375969,0,"2017-05-15",5,10,10,10,10,10,0,-4.21946225263534,0.382637219815898
"Ghana","women_iron","10","Central","Twifo-Atti-Morkwa",5.523,-1.556,0,"2017-05-15",5,9,9,9,9,9,0.111111111111111,-3.58597416941072,0.665247618256037
"Ghana","women_iron","11","Central","Mfantseman",5.2751526,-1.0360195,1,"2017-05-15",5,5,5,5,5,5,0,-3.69320622056627,0.820978507486811
"Ghana","women_iron","12","Central","Asikuma-Odoben-Brakwa",5.6436273,-0.8965587,1,"2017-05-15",5,20,20,20,20,20,0.15,-3.63194917656723,0.656347720942705
"Ghana","women_iron","13","Central","Agona West",5.5358865,-0.7883488,1,"2017-05-15",5,11,11,11,11,11,0.181818181818182,-3.14348142912729,0.941166314222481
"Ghana","women_iron","14","Greater Accra","Weija Gbawe",5.5577407,-0.3056132,0,"2017-05-15",5,19,19,19,19,19,0.105263157894737,-3.52945585133871,0.654193686950451
"Ghana","women_iron","15","Greater Accra","Weija Gbawe",5.5577407,-0.3056288,1,"2017-05-15",5,9,9,9,9,9,0,-3.8337764919861,0.62916271954308
"Ghana","women_iron","16","Greater Accra","Ga East",5.7406066,-0.2074699,1,"2017-04-15",4,9,9,9,9,9,0.333333333333333,-3.2502383772404,0.955794634364967
"Ghana","women_iron","17","Greater Accra","Weija Gbawe",5.5547165,-0.2879468,1,"2017-05-15",5,10,10,10,10,10,0.2,-3.82401862667272,1.16780865518214
"Ghana","women_iron","18","Greater Accra","Ablekuma Central",5.5433644,-0.2335308,1,"2017-05-15",5,15,15,15,15,15,0.2,-3.51592328745498,0.874046781402874
"Ghana","women_iron","19","Greater Accra","Ablekuma North",5.58667,-0.211844,1,"2017-05-15",5,9,9,9,9,9,0.111111111111111,-3.61925520335,0.708360587038103
"Ghana","women_iron","2","Western","Prestea-Huni Valley",5.5083984,-2.1814457,0,"2017-05-15",5,17,17,17,17,17,0.0588235294117647,-4.17197086144751,0.685895297759144
"Ghana","women_iron","20","Greater Accra","Ablekuma North",5.5892704,-0.2610112,1,"2017-05-15",5,8,8,8,8,8,0,-3.78095137817161,0.610550286927348
"Ghana","women_iron","21","Greater Accra","Ayawaso West",5.648347,-0.164986,1,"2017-04-15",4,9,9,9,9,9,0,-3.79954586193706,0.467704557226843
"Ghana","women_iron","22","Greater Accra","Ashaiman",5.6958885,-0.0467018,1,"2017-05-15",5,13,13,13,13,13,0.307692307692308,-3.17088270437874,1.16006507106769
"Ghana","women_iron","23","Greater Accra","Tema West",5.683334,-0.0625948,1,"2017-05-15",5,13,13,13,13,13,0.153846153846154,-3.52253200210166,0.689229682732293
"Ghana","women_iron","24","Greater Accra","La-Dade-Kotopon",5.5939587,-0.1720692,1,"2017-06-15",6,9,9,9,9,9,0.111111111111111,-3.78489559494491,0.82387957191795
"Ghana","women_iron","25","Volta","Akatsi South",6.1774302,0.750668,0,"2017-05-15",5,8,8,8,8,8,0.25,-3.01809012969173,0.519112137073329
"Ghana","women_iron","26","Eastern","Kwahu Afram Plains North",6.5697438,0.0789159,0,"2017-05-15",5,11,11,11,11,11,0.181818181818182,-3.52194579934337,1.09493689707892
"Ghana","women_iron","27","Oti","Nkwanta South",8.2592698,0.4843417,0,"2017-05-15",5,9,9,9,9,9,0,-4.02193724527126,0.409095060409909
"Ghana","women_iron","28","Volta","Afadzato South",6.9045315,0.3804311,0,"2017-05-15",5,18,18,18,18,18,0.166666666666667,-3.70732870416598,0.867908062264037
"Ghana","women_iron","29","Volta","South Tongu",5.9991081,0.5634561,1,"2017-05-15",5,12,12,12,12,12,0.25,-3.11571006249766,0.846555881364604
"Ghana","women_iron","3","Western North","Sefwi-Akontombra",6.0428334,-2.8813362,0,"2017-04-15",4,7,7,7,7,7,0,-3.94458138207631,0.500424946378007
"Ghana","women_iron","30","Volta","Ho Municipal",6.6064605,0.4300437,1,"2017-05-15",5,8,8,8,8,8,0.125,-3.38227428849487,0.738131271422009
"Ghana","women_iron","31","Eastern","Akwapem North",5.955063,-0.190617,0,"2017-05-15",5,8,8,8,8,8,0,-4.01856621054678,0.5234119472057
"Ghana","women_iron","32","Eastern","Atiwa East",6.4252379,-0.6401635,0,"2017-05-15",5,14,14,14,14,14,0.0714285714285714,-3.80795271293457,0.746889972880963
"Ghana","women_iron","33","Ashanti","Adansi Asokwa",6.1923013,-1.3045118,0,"2017-05-15",5,16,16,16,16,16,0.0625,-3.89053866123641,0.616886293325826
"Ghana","women_iron","34","Eastern","Kwahu Afram Plains North",7.0464577,-0.0930901,0,"2017-05-15",5,10,10,10,10,10,0.2,-3.48210390678681,1.11846832981475
"Ghana","women_iron","35","Eastern","Kwahu Afram Plains North",6.897436,-0.139268,0,"2017-05-15",5,11,11,11,11,11,0,-4.15006125222449,0.569176164895684
"Ghana","women_iron","36","Eastern","Akwapem North",5.936396,-0.117721,1,"2017-05-15",5,12,12,12,12,12,0.25,-3.05795699951346,0.786892593286089
"Ghana","women_iron","37","Eastern","Abuakwa South",6.1422828,-0.575924,1,"2017-04-15",4,10,10,10,10,10,0.2,-3.44710115667886,0.707266745466608
"Ghana","women_iron","38","Eastern","Denkyembour",6.05,-0.8,1,"2017-05-15",5,15,15,15,15,15,0.266666666666667,-3.42878501485618,1.0107630090165
"Ghana","women_iron","39","Ashanti","Atwima-Mponua",6.3770993,-2.1882247,0,"2017-04-15",4,10,10,10,10,10,0.1,-3.91253114150681,0.638121340719015
"Ghana","women_iron","4","Western","Mpohor",4.9730397,-1.9031669,0,"2017-05-15",5,6,6,6,6,6,0,-4.17293684080435,0.747342594950571
"Ghana","women_iron","40","Ashanti","Obuasi",6.2108212,-1.7543935,0,"2017-05-15",5,6,6,6,6,6,0,-3.5859036701688,0.205769737940741
"Ghana","women_iron","41","Ashanti","Asante-Akim South",6.5948673,-1.0816384,0,"2017-05-15",5,22,22,22,22,22,0.136363636363636,-3.82273148990914,0.762943211335308
"Ghana","women_iron","42","Ashanti","Atwima-Mponua",6.5898316,-1.8623255,0,"2017-05-15",5,26,26,26,26,26,0.0384615384615385,-4.00519164877998,0.558125110939498
"Ghana","women_iron","43","Ahafo","Tano North",7.210234,-2.1949193,0,"2017-05-15",5,16,16,16,16,16,0.0625,-3.96300321828498,0.820341385209247
"Ghana","women_iron","44","Ashanti","Sekyere Kumawu",6.9,-1.2667,0,"2017-05-15",5,14,14,14,14,14,0.142857142857143,-3.74399108605593,0.749131913764697
"Ghana","women_iron","45","Ashanti","Bekwai",6.453716,-1.5978028,1,"2017-05-15",5,14,14,14,14,14,0.142857142857143,-3.57616621195986,0.785917677902245
"Ghana","women_iron","46","Ashanti","Kwadaso",6.6926966,-1.6610385,1,"2017-05-15",5,15,15,15,15,15,0.2,-3.46685145423902,0.836712211025292
"Ghana","women_iron","47","Ashanti","Kumasi",6.6792809,-1.6100658,1,"2017-05-15",5,17,17,17,17,17,0.235294117647059,-3.20626424112366,1.00537070943094
"Ghana","women_iron","48","Ashanti","Asokwa",6.663829,-1.6040998,1,"2017-05-15",5,12,12,12,12,12,0,-4.16114194401278,0.614046309328251
"Ghana","women_iron","49","Ashanti","Kumasi",6.7050999,-1.6225863,1,"2017-05-15",5,10,10,10,10,10,0.2,-3.75394158692545,0.9519441707301
"Ghana","women_iron","5","Western","Jomoro",5.04733,-2.629322,1,"2017-05-15",5,5,5,5,5,5,0,-3.68191653424238,0.827600448990931
"Ghana","women_iron","50","Ashanti","Atwima-Nwabiagya South",6.7238738,-1.664858,1,"2017-05-15",5,14,14,14,14,14,0.142857142857143,-3.64266967336596,0.881523299726695
"Ghana","women_iron","51","Bono East","Sene West",7.7135007,-0.7554818,1,"2017-05-15",5,12,12,12,12,12,0.0833333333333333,-3.59149595962676,0.776336035958161
"Ghana","women_iron","52","Ashanti","Sekyere South",7.116617,-1.603976,1,"2017-05-15",5,13,13,13,13,13,0,-4.596941164178,0.387113312138193
"Ghana","women_iron","53","Ashanti","Asokore-Mampong",6.717806,-1.5817633,1,"2017-05-15",5,14,14,14,14,14,0.214285714285714,-3.51261823668612,0.798170390605614
"Ghana","women_iron","54","Ahafo","Asunafo North",6.6476136,-2.8288648,0,"2017-05-15",5,14,14,14,14,14,0.0714285714285714,-4.05818906351524,0.544337588027012
"Ghana","women_iron","55","Ahafo","Tano North",7.2256894,-2.3045681,0,"2017-05-15",5,12,12,12,12,12,0,-3.82450826890084,0.647793791694723
"Ghana","women_iron","56","Bono","Wenchi",7.7405556,-2.140189,0,"2017-05-15",5,16,16,16,16,16,0,-3.90443661511311,0.616499550720678
"Ghana","women_iron","57","Bono East","Kintampo North",8.0726334,-1.5772807,0,"2017-05-15",5,15,15,15,15,15,0.133333333333333,-3.67267026942721,0.778502522415354
"Ghana","women_iron","58","Bono","Sunyani West",7.337944,-2.3837363,1,"2017-04-15",4,7,7,7,7,7,0,-4.02255446171789,0.529948025771524
"Ghana","women_iron","59","Bono East","Techiman",7.4671766,-1.9883539,1,"2017-05-15",5,13,13,13,13,13,0.0769230769230769,-4.03345952402812,0.71289578540768
"Ghana","women_iron","6","Western","Effia Kwesimintsim",4.9317383,-1.7812657,1,"2017-05-15",5,4,4,4,4,4,0,-3.36723230936901,0.656990992433328
"Ghana","women_iron","60","Bono","Dormaa West",7.019553,-3.008481,1,"2017-05-15",5,9,9,9,9,9,0.111111111111111,-3.98825935331312,0.824105997037955
"Ghana","women_iron","61","Savannah","Sawla-Tuna-Kalba",9.407912,-2.40378,0,"2017-05-15",5,9,9,9,9,9,0,-3.89500552416188,0.566247903922407
"Ghana","women_iron","62","Savannah","Central Gonja",8.9378796,-1.9537373,0,"2017-05-15",5,9,9,9,9,9,0.111111111111111,-3.67132616200589,0.583328527761386
"Ghana","women_iron","63","Savannah","Central Gonja",8.7230913,-1.6372672,0,"2017-05-15",5,9,9,9,9,9,0,-3.60817860975768,0.58258423100421
"Ghana","women_iron","64","Northern","Kpandai",8.4693159,-0.0195695,0,"2017-05-15",5,6,6,6,6,6,0,-3.82584577043343,0.716628069019966
"Ghana","women_iron","65","Savannah","North East Gonja",8.8763223,-0.4257769,0,"2017-05-15",5,10,10,10,10,10,0.1,-3.71890451983442,0.595476730343611
"Ghana","women_iron","66","Northern","Tamale",9.3711986,-0.7170885,0,"2017-05-15",5,18,18,18,18,18,0.166666666666667,-3.14570226317855,0.660962188337364
"Ghana","women_iron","67","Northern","Tolon",9.4306381,-1.0700649,0,"2017-05-15",5,13,13,13,13,13,0.230769230769231,-3.20243651450089,0.871524069912362
"Ghana","women_iron","68","Northern","Gushegu",9.9230716,-0.2280522,0,"2017-05-15",5,8,8,8,8,8,0.25,-3.31093630308276,0.656114863318525
"Ghana","women_iron","69","North East","Chereponi",10.138256,0.2824258,0,"2017-05-15",5,7,7,7,7,7,0.142857142857143,-3.43214862787057,0.679988755771078
"Ghana","women_iron","7","Western","Mpohor",5.0291401,-1.8106554,1,"2017-05-15",5,2,2,2,2,2,0,-3.91708871597067,0.305690740012805
"Ghana","women_iron","70","North East","Yunyoo-Nasuan",10.516667,-0.1,0,"2017-05-15",5,12,12,12,12,12,0,-4.03965192323816,0.501957099482313
"Ghana","women_iron","71","Upper West","Sissala East",10.2980231,-1.6478357,0,"2017-05-15",5,7,7,7,7,7,0.142857142857143,-3.23936273287715,0.854624808576975
"Ghana","women_iron","72","Northern","Sagnerigu",9.4134965,-0.8688037,0,"2017-04-15",4,9,9,9,9,9,0.222222222222222,-3.50002991441099,1.03589815012254
"Ghana","women_iron","73","Northern","Tatale Sanguli",9.3529921,0.4877106,0,"2017-05-15",5,9,9,9,9,9,0,-3.6621250542089,0.596879477852658
"Ghana","women_iron","74","Savannah","Bole",9.0299227,-2.5244531,1,"2017-05-15",5,5,5,5,5,5,0,-4.15611068590848,0.741990047358158
"Ghana","women_iron","75","Northern","Nanumba South",8.8577215,0.040469,1,"2017-05-15",5,10,10,10,10,10,0.2,-3.69789353202454,0.814888781662364
"Ghana","women_iron","76","Northern","Sagnerigu",9.4214047,-0.9137785,1,"2017-05-15",5,11,11,11,11,11,0.454545454545455,-3.14967757829803,1.12719824257602
"Ghana","women_iron","77","Northern","Savelugu",9.6124893,-0.8621272,1,"2017-05-15",5,16,16,16,16,16,0.375,-3.06199200415481,0.840908751300204
"Ghana","women_iron","78","North East","West Mamprusi",10.3491164,-0.8158638,1,"2017-05-15",5,15,15,15,15,15,0.4,-3.17327533239062,0.753157920520125
"Ghana","women_iron","79","Upper East","Builsa South",10.7334292,-1.4779749,0,"2017-05-15",5,2,2,2,2,2,0.5,-3.14712222330991,0.658197615876799
"Ghana","women_iron","8","Central","Twifo-Hemang-Lower Denkyira",5.2539255,-1.3398312,0,"2017-05-15",5,3,3,3,3,3,0.333333333333333,-3.28424517145153,0.882159689763837
"Ghana","women_iron","80","Upper East","Kasena Nankana East",10.843374,-1.071469,0,"2017-05-15",5,9,9,9,9,9,0.444444444444444,-2.9286838839723,0.828402768169461
"Ghana","women_iron","81","Upper East","Kasena Nankana East",10.7031972,-1.0103264,0,"2017-05-15",5,8,8,8,8,8,0.25,-3.10086406934226,0.557629609919915
"Ghana","women_iron","82","Upper East","Talensi",10.7786816,-0.7527056,0,"2017-05-15",5,12,12,12,12,12,0.25,-3.29115785548002,0.892660257027739
"Ghana","women_iron","83","Upper East","Bawku West",10.7938041,-0.3493934,0,"2017-05-15",5,11,11,11,11,11,0.181818181818182,-3.37590226816605,0.601023976045169
"Ghana","women_iron","84","Upper East","Binduri",10.9721382,-0.317123,0,"2017-05-15",5,7,7,7,7,7,0.285714285714286,-3.48281421809979,1.17434412555187
"Ghana","women_iron","85","Upper East","Binduri",11.0589339,-0.2752224,1,"2017-05-15",5,9,9,9,9,9,0.222222222222222,-3.53751815099944,0.946156774774297
"Ghana","women_iron","86","Upper West","Wa Municipal",10.039751,-2.536176,0,"2017-05-15",5,9,9,9,9,9,0.111111111111111,-3.71170218333992,0.551861861487131
"Ghana","women_iron","87","Upper West","Wa East",9.9820414,-2.0997754,0,"2017-05-15",5,10,10,10,10,10,0,-3.90124392551826,0.636754894616737
"Ghana","women_iron","88","Upper West","Jirapa",10.5228756,-2.7191593,0,"2017-05-15",5,8,8,8,8,8,0,-4.03970601939222,0.688589505495587
"Ghana","women_iron","89","Upper West","Lambussie-Karni",10.667313,-2.6577046,0,"2017-05-15",5,7,7,7,7,7,0,-4.16963362293904,0.360954077111909
"Ghana","women_iron","9","Central","Awutu Senya West",5.5510691,-0.5188412,0,"2017-05-15",5,11,11,11,11,11,0.0909090909090909,-4.04602827129408,0.862106960060534
"Ghana","women_iron","90","Upper West","Wa Municipal",10.0611456,-2.544129,1,"2017-05-15",5,10,10,10,10,10,0.2,-3.77266479910094,0.886962367263354
"Ghana","women_folate","1","Western","Ellembelle",5.017846,-2.375969,0,"2017-05-15",5,4,4,4,4,4,0,-3.54730062074707,0.236754204246924
"Ghana","women_folate","10","Central","Twifo-Atti-Morkwa",5.523,-1.556,0,"2017-05-15",5,6,6,6,6,6,0.833333333333333,-2.06183618226102,0.650161767436497
"Ghana","women_folate","11","Central","Mfantseman",5.2751526,-1.0360195,1,"2017-05-15",5,2,2,2,2,2,0,-2.77697450887605,0.196054858880055
"Ghana","women_folate","12","Central","Asikuma-Odoben-Brakwa",5.6436273,-0.8965587,1,"2017-05-15",5,9,9,9,9,9,0.555555555555556,-2.31297585763859,0.819592486928746
"Ghana","women_folate","13","Central","Agona West",5.5358865,-0.7883488,1,"2017-05-15",5,5,5,5,5,5,0.2,-2.72907555576925,0.843109553217585
"Ghana","women_folate","14","Greater Accra","Weija Gbawe",5.5577407,-0.3056132,0,"2017-05-15",5,10,10,10,10,10,0.3,-2.77367903244526,0.6448422939829
"Ghana","women_folate","15","Greater Accra","Weija Gbawe",5.5577407,-0.3056288,1,"2017-05-15",5,4,4,4,4,4,0.5,-2.52693523414766,0.807404028732865
"Ghana","women_folate","16","Greater Accra","Ga East",5.7406066,-0.2074699,1,"2017-04-15",4,3,3,3,3,3,0.333333333333333,-2.51153318893866,0.471379155814148
"Ghana","women_folate","17","Greater Accra","Weija Gbawe",5.5547165,-0.2879468,1,"2017-05-15",5,7,7,7,7,7,0.428571428571429,-2.36364476627103,0.60697130115944
"Ghana","women_folate","18","Greater Accra","Ablekuma Central",5.5433644,-0.2335308,1,"2017-05-15",5,7,7,7,7,7,0.714285714285714,-2.06108679262555,0.510816461051113
"Ghana","women_folate","19","Greater Accra","Ablekuma North",5.58667,-0.211844,1,"2017-05-15",5,4,4,4,4,4,0.5,-2.42697910250047,0.6916853695025
"Ghana","women_folate","2","Western","Prestea-Huni Valley",5.5083984,-2.1814457,0,"2017-05-15",5,8,8,8,8,8,0,-2.82262818599583,0.434152755468361
"Ghana","women_folate","20","Greater Accra","Ablekuma North",5.5892704,-0.2610112,1,"2017-05-15",5,3,3,3,3,3,0.666666666666667,-2.16415594846259,1.10176411864519
"Ghana","women_folate","21","Greater Accra","Ayawaso West",5.648347,-0.164986,1,"2017-04-15",4,5,5,5,5,5,0.4,-2.51214984270498,0.801305828959341
"Ghana","women_folate","22","Greater Accra","Ashaiman",5.6958885,-0.0467018,1,"2017-05-15",5,8,8,8,8,8,0.75,-2.03362108241426,0.580057935378274
"Ghana","women_folate","23","Greater Accra","Tema West",5.683334,-0.0625948,1,"2017-05-15",5,6,6,6,6,6,0.833333333333333,-2.16880078203378,0.546931153768059
"Ghana","women_folate","24","Greater Accra","La-Dade-Kotopon",5.5939587,-0.1720692,1,"2017-06-15",6,5,5,5,5,5,0.2,-2.86854601414875,0.904005572194544
"Ghana","women_folate","25","Volta","Akatsi South",6.1774302,0.750668,0,"2017-05-15",5,4,4,4,4,4,0.25,-2.53188829268679,0.721810895224602
"Ghana","women_folate","26","Eastern","Kwahu Afram Plains North",6.5697438,0.0789159,0,"2017-05-15",5,4,4,4,4,4,1,-1.7513701474566,0.258634765193112
"Ghana","women_folate","27","Oti","Nkwanta South",8.2592698,0.4843417,0,"2017-05-15",5,4,4,4,4,4,1,-1.59259027940872,0.0931336633855152
"Ghana","women_folate","28","Volta","Afadzato South",6.9045315,0.3804311,0,"2017-05-15",5,10,10,10,10,10,0.7,-2.08954084486242,0.615462797464471
"Ghana","women_folate","29","Volta","South Tongu",5.9991081,0.5634561,1,"2017-05-15",5,4,4,4,4,4,0.75,-2.18041005713359,0.453283698506153
"Ghana","women_folate","3","Western North","Sefwi-Akontombra",6.0428334,-2.8813362,0,"2017-04-15",4,3,3,3,3,3,0,-3.01437291836615,0.609663454614068
"Ghana","women_folate","30","Volta","Ho Municipal",6.6064605,0.4300437,1,"2017-05-15",5,4,4,4,4,4,0.75,-1.85554202634712,0.468148387948019
"Ghana","women_folate","31","Eastern","Akwapem North",5.955063,-0.190617,0,"2017-05-15",5,5,5,5,5,5,0.4,-2.8646572227495,0.856949172795521
"Ghana","women_folate","32","Eastern","Atiwa East",6.4252379,-0.6401635,0,"2017-05-15",5,9,9,9,9,9,0.777777777777778,-1.97598772152662,0.548541367088649
"Ghana","women_folate","33","Ashanti","Adansi Asokwa",6.1923013,-1.3045118,0,"2017-05-15",5,6,6,6,6,6,0.333333333333333,-2.86693184076438,0.700249223645461
"Ghana","women_folate","34","Eastern","Kwahu Afram Plains North",7.0464577,-0.0930901,0,"2017-05-15",5,4,4,4,4,4,0.75,-1.89942067552042,0.410085043982745
"Ghana","women_folate","35","Eastern","Kwahu Afram Plains North",6.897436,-0.139268,0,"2017-05-15",5,4,4,4,4,4,0.25,-2.34115322151634,0.324821908153074
"Ghana","women_folate","36","Eastern","Akwapem North",5.936396,-0.117721,1,"2017-05-15",5,6,6,6,6,6,0.166666666666667,-2.49882408544554,0.458642677679009
"Ghana","women_folate","37","Eastern","Abuakwa South",6.1422828,-0.575924,1,"2017-04-15",4,4,4,4,4,4,0.75,-1.93569729335636,0.63833986002856
"Ghana","women_folate","38","Eastern","Denkyembour",6.05,-0.8,1,"2017-05-15",5,7,7,7,7,7,0.571428571428571,-2.31697657200689,0.819373208060017
"Ghana","women_folate","39","Ashanti","Atwima-Mponua",6.3770993,-2.1882247,0,"2017-04-15",4,4,4,4,4,4,0.5,-2.43724148143239,0.822344656330774
"Ghana","women_folate","4","Western","Mpohor",4.9730397,-1.9031669,0,"2017-05-15",5,2,2,2,2,2,0.5,-2.50046719606656,1.10743124371307
"Ghana","women_folate","40","Ashanti","Obuasi",6.2108212,-1.7543935,0,"2017-05-15",5,3,3,3,3,3,0,-2.58475027324662,0.0993467985727459
"Ghana","women_folate","41","Ashanti","Asante-Akim South",6.5948673,-1.0816384,0,"2017-05-15",5,10,10,10,10,10,0.8,-2.08065481505359,0.650160424041515
"Ghana","women_folate","42","Ashanti","Atwima-Mponua",6.5898316,-1.8623255,0,"2017-05-15",5,12,12,12,12,12,0.333333333333333,-2.7180261187689,0.533811640433139
"Ghana","women_folate","43","Ahafo","Tano North",7.210234,-2.1949193,0,"2017-05-15",5,8,8,8,8,8,0.375,-2.42497566476364,0.671990331025374
"Ghana","women_folate","44","Ashanti","Sekyere Kumawu",6.9,-1.2667,0,"2017-05-15",5,7,7,7,7,7,0.714285714285714,-2.28709100435632,0.590818328916725
"Ghana","women_folate","45","Ashanti","Bekwai",6.453716,-1.5978028,1,"2017-05-15",5,6,6,6,6,6,0.333333333333333,-2.76901377782185,0.856679792306827
"Ghana","women_folate","46","Ashanti","Kwadaso",6.6926966,-1.6610385,1,"2017-05-15",5,8,8,8,8,8,0.375,-2.54923740722338,0.666506027889772
"Ghana","women_folate","47","Ashanti","Kumasi",6.6792809,-1.6100658,1,"2017-05-15",5,9,9,9,9,9,0.555555555555556,-2.47744714578356,0.919076231421023
"Ghana","women_folate","48","Ashanti","Asokwa",6.663829,-1.6040998,1,"2017-05-15",5,6,6,6,6,6,0.666666666666667,-2.35509820116789,0.922017061694999
"Ghana","women_folate","49","Ashanti","Kumasi",6.7050999,-1.6225863,1,"2017-05-15",5,5,5,5,5,5,1,-1.72328467303587,0.333305265215952
"Ghana","women_folate","5","Western","Jomoro",5.04733,-2.629322,1,"2017-05-15",5,2,2,2,2,2,0,-3.10517984334371,0.632182329102904
"Ghana","women_folate","50","Ashanti","Atwima-Nwabiagya South",6.7238738,-1.664858,1,"2017-05-15",5,5,5,5,5,5,0.8,-2.09962963748253,0.937320317027483
"Ghana","women_folate","51","Bono East","Sene West",7.7135007,-0.7554818,1,"2017-05-15",5,7,7,7,7,7,0.714285714285714,-2.02447605743289,0.367845472930549
"Ghana","women_folate","52","Ashanti","Sekyere South",7.116617,-1.603976,1,"2017-05-15",5,6,6,6,6,6,0.333333333333333,-2.41405016240949,0.715247841407785
"Ghana","women_folate","53","Ashanti","Asokore-Mampong",6.717806,-1.5817633,1,"2017-05-15",5,8,8,8,8,8,0.375,-2.3447468357014,0.66714780126537
"Ghana","women_folate","54","Ahafo","Asunafo North",6.6476136,-2.8288648,0,"2017-05-15",5,7,7,7,7,7,0.428571428571429,-2.50486433150683,1.00053718736264
"Ghana","women_folate","55","Ahafo","Tano North",7.2256894,-2.3045681,0,"2017-05-15",5,4,4,4,4,4,0.75,-1.92830541399665,0.419670189992112
"Ghana","women_folate","56","Bono","Wenchi",7.7405556,-2.140189,0,"2017-05-15",5,8,8,8,8,8,0.875,-1.97912510652109,0.356923918202084
"Ghana","women_folate","57","Bono East","Kintampo North",8.0726334,-1.5772807,0,"2017-05-15",5,6,6,6,6,6,1,-1.65214721743208,0.159286663038224
"Ghana","women_folate","58","Bono","Sunyani West",7.337944,-2.3837363,1,"2017-04-15",4,4,4,4,4,4,0.75,-1.90403616112181,0.477162447505033
"Ghana","women_folate","59","Bono East","Techiman",7.4671766,-1.9883539,1,"2017-05-15",5,8,8,8,8,8,0.625,-2.01043407118164,0.36086035869564
"Ghana","women_folate","6","Western","Effia Kwesimintsim",4.9317383,-1.7812657,1,"2017-05-15",5,2,2,2,2,2,0,-2.87307603551136,0.222113079578194
"Ghana","women_folate","60","Bono","Dormaa West",7.019553,-3.008481,1,"2017-05-15",5,5,5,5,5,5,0.6,-2.35609000690076,0.904308553206275
"Ghana","women_folate","61","Savannah","Sawla-Tuna-Kalba",9.407912,-2.40378,0,"2017-05-15",5,6,6,6,6,6,0.666666666666667,-2.1515140373605,0.479956156924561
"Ghana","women_folate","62","Savannah","Central Gonja",8.9378796,-1.9537373,0,"2017-05-15",5,5,5,5,5,5,1,-1.87017710939344,0.25368958834546
"Ghana","women_folate","63","Savannah","Central Gonja",8.7230913,-1.6372672,0,"2017-05-15",5,4,4,4,4,4,1,-1.87377223592379,0.295501906080779
"Ghana","women_folate","64","Northern","Kpandai",8.4693159,-0.0195695,0,"2017-05-15",5,2,2,2,2,2,1,-1.6799028902512,0.236139551536683
"Ghana","women_folate","65","Savannah","North East Gonja",8.8763223,-0.4257769,0,"2017-05-15",5,5,5,5,5,5,0.6,-2.00710049023386,0.50881837269814
"Ghana","women_folate","66","Northern","Tamale",9.3711986,-0.7170885,0,"2017-05-15",5,7,7,7,7,7,0.857142857142857,-1.8054855331794,0.392419135987783
"Ghana","women_folate","67","Northern","Tolon",9.4306381,-1.0700649,0,"2017-05-15",5,8,8,8,8,8,0.375,-2.47775081057507,0.536487254282791
"Ghana","women_folate","68","Northern","Gushegu",9.9230716,-0.2280522,0,"2017-05-15",5,5,5,5,5,5,0.6,-1.98623834602253,0.566561126372767
"Ghana","women_folate","69","North East","Chereponi",10.138256,0.2824258,0,"2017-05-15",5,3,3,3,3,3,0.333333333333333,-2.34087972762699,0.721555933135527
"Ghana","women_folate","7","Western","Mpohor",5.0291401,-1.8106554,1,"2017-05-15",5,1,1,1,1,1,0,-2.94811641961233,NA
"Ghana","women_folate","70","North East","Yunyoo-Nasuan",10.516667,-0.1,0,"2017-05-15",5,7,7,7,7,7,0.285714285714286,-2.73216635651874,0.703736339565378
"Ghana","women_folate","71","Upper West","Sissala East",10.2980231,-1.6478357,0,"2017-05-15",5,4,4,4,4,4,0.75,-2.26760633633986,0.271828165768289
"Ghana","women_folate","72","Northern","Sagnerigu",9.4134965,-0.8688037,0,"2017-04-15",4,4,4,4,4,4,0.75,-2.1259277218182,0.701110654478546
"Ghana","women_folate","73","Northern","Tatale Sanguli",9.3529921,0.4877106,0,"2017-05-15",5,5,5,5,5,5,0.8,-1.81274249905276,0.414731054412367
"Ghana","women_folate","74","Savannah","Bole",9.0299227,-2.5244531,1,"2017-05-15",5,3,3,3,3,3,0.666666666666667,-2.13840157038009,0.653436889547316
"Ghana","women_folate","75","Northern","Nanumba South",8.8577215,0.040469,1,"2017-05-15",5,4,4,4,4,4,0.75,-1.97471337849829,0.573772349772049
"Ghana","women_folate","76","Northern","Sagnerigu",9.4214047,-0.9137785,1,"2017-05-15",5,5,5,5,5,5,0.4,-2.5626689032077,0.723328801415569
"Ghana","women_folate","77","Northern","Savelugu",9.6124893,-0.8621272,1,"2017-05-15",5,8,8,8,8,8,0.625,-2.2597129913658,0.574415550467462
"Ghana","women_folate","78","North East","West Mamprusi",10.3491164,-0.8158638,1,"2017-05-15",5,6,6,6,6,6,0.666666666666667,-2.10853332347815,0.332004899154106
"Ghana","women_folate","79","Upper East","Builsa South",10.7334292,-1.4779749,0,"2017-05-15",5,1,1,1,1,1,1,-2.00148000021012,NA
"Ghana","women_folate","8","Central","Twifo-Hemang-Lower Denkyira",5.2539255,-1.3398312,0,"2017-05-15",5,2,2,2,2,2,1,-1.90319789377089,0.0400555030525918
"Ghana","women_folate","80","Upper East","Kasena Nankana East",10.843374,-1.071469,0,"2017-05-15",5,5,5,5,5,5,0.2,-2.53494916557984,0.43832745838946
"Ghana","women_folate","81","Upper East","Kasena Nankana East",10.7031972,-1.0103264,0,"2017-05-15",5,4,4,4,4,4,0.5,-2.34341613595777,0.571786790313385
"Ghana","women_folate","82","Upper East","Talensi",10.7786816,-0.7527056,0,"2017-05-15",5,7,7,7,7,7,0.142857142857143,-2.60843226555779,0.599353660939241
"Ghana","women_folate","83","Upper East","Bawku West",10.7938041,-0.3493934,0,"2017-05-15",5,5,5,5,5,5,1,-1.74069804492363,0.223817718790642
"Ghana","women_folate","84","Upper East","Binduri",10.9721382,-0.317123,0,"2017-05-15",5,4,4,4,4,4,0.75,-1.89031803047604,0.453249567900493
"Ghana","women_folate","85","Upper East","Binduri",11.0589339,-0.2752224,1,"2017-05-15",5,4,4,4,4,4,1,-1.7150977626607,0.368152737370102
"Ghana","women_folate","86","Upper West","Wa Municipal",10.039751,-2.536176,0,"2017-05-15",5,3,3,3,3,3,0,-2.75984209750114,0.335855950528255
"Ghana","women_folate","87","Upper West","Wa East",9.9820414,-2.0997754,0,"2017-05-15",5,3,3,3,3,3,0.333333333333333,-2.43076032754257,0.79504190739201
"Ghana","women_folate","88","Upper West","Jirapa",10.5228756,-2.7191593,0,"2017-05-15",5,5,5,5,5,5,0.2,-2.65754666157273,0.51722501840075
"Ghana","women_folate","89","Upper West","Lambussie-Karni",10.667313,-2.6577046,0,"2017-05-15",5,3,3,3,3,3,0,-2.73244836550807,0.214173030413697
"Ghana","women_folate","9","Central","Awutu Senya West",5.5510691,-0.5188412,0,"2017-05-15",5,5,5,5,5,5,0.6,-2.03781558998404,0.456881278519659
"Ghana","women_folate","90","Upper West","Wa Municipal",10.0611456,-2.544129,1,"2017-05-15",5,6,6,6,6,6,0.5,-2.26708857868943,0.616282273294431
"Ghana","women_b12","1","Western","Ellembelle",5.017846,-2.375969,0,"2017-05-15",5,4,4,4,4,4,0,-6.54654916289446,0.213571271822996
"Ghana","women_b12","10","Central","Twifo-Atti-Morkwa",5.523,-1.556,0,"2017-05-15",5,6,6,6,6,6,0,-6.15386959113608,0.343820066810665
"Ghana","women_b12","11","Central","Mfantseman",5.2751526,-1.0360195,1,"2017-05-15",5,2,2,2,2,2,0,-6.58172747739193,0.13342810699028
"Ghana","women_b12","12","Central","Asikuma-Odoben-Brakwa",5.6436273,-0.8965587,1,"2017-05-15",5,9,9,9,9,9,0,-6.08844128696856,0.511348074572857
"Ghana","women_b12","13","Central","Agona West",5.5358865,-0.7883488,1,"2017-05-15",5,4,4,4,4,4,0,-6.1428657226142,0.340272546529838
"Ghana","women_b12","14","Greater Accra","Weija Gbawe",5.5577407,-0.3056132,0,"2017-05-15",5,10,10,10,10,10,0.1,-6.41763850949771,0.643467780052091
"Ghana","women_b12","15","Greater Accra","Weija Gbawe",5.5577407,-0.3056288,1,"2017-05-15",5,4,4,4,4,4,0,-5.82018301726348,0.756185826068801
"Ghana","women_b12","16","Greater Accra","Ga East",5.7406066,-0.2074699,1,"2017-04-15",4,3,3,3,3,3,0,-6.14760892953137,0.697364941607905
"Ghana","women_b12","17","Greater Accra","Weija Gbawe",5.5547165,-0.2879468,1,"2017-05-15",5,7,7,7,7,7,0.142857142857143,-6.09374393226136,0.73856887056663
"Ghana","women_b12","18","Greater Accra","Ablekuma Central",5.5433644,-0.2335308,1,"2017-05-15",5,7,7,7,7,7,0,-5.75113131745988,0.554065702098467
"Ghana","women_b12","19","Greater Accra","Ablekuma North",5.58667,-0.211844,1,"2017-05-15",5,4,4,4,4,4,0,-5.90538275174712,0.49916964865905
"Ghana","women_b12","2","Western","Prestea-Huni Valley",5.5083984,-2.1814457,0,"2017-05-15",5,8,8,8,8,8,0,-6.05960896995107,0.38164496817332
"Ghana","women_b12","20","Greater Accra","Ablekuma North",5.5892704,-0.2610112,1,"2017-05-15",5,3,3,3,3,3,0,-6.06782183271125,0.851641192152292
"Ghana","women_b12","21","Greater Accra","Ayawaso West",5.648347,-0.164986,1,"2017-04-15",4,5,5,5,5,5,0.2,-5.61919596924605,0.474705307233819
"Ghana","women_b12","22","Greater Accra","Ashaiman",5.6958885,-0.0467018,1,"2017-05-15",5,8,8,8,8,8,0,-6.425508039691,0.467127755987003
"Ghana","women_b12","23","Greater Accra","Tema West",5.683334,-0.0625948,1,"2017-05-15",5,6,6,6,6,6,0,-6.14380586143504,0.484454041525318
"Ghana","women_b12","24","Greater Accra","La-Dade-Kotopon",5.5939587,-0.1720692,1,"2017-06-15",6,5,5,5,5,5,0,-6.22958803134147,0.223761794824003
"Ghana","women_b12","25","Volta","Akatsi South",6.1774302,0.750668,0,"2017-05-15",5,4,4,4,4,4,0,-5.98848352286165,0.113218156788606
"Ghana","women_b12","26","Eastern","Kwahu Afram Plains North",6.5697438,0.0789159,0,"2017-05-15",5,4,4,4,4,4,0,-6.08545308122616,0.649230909014651
"Ghana","women_b12","27","Oti","Nkwanta South",8.2592698,0.4843417,0,"2017-05-15",5,4,4,4,4,4,0,-6.3320493069273,0.727865475018835
"Ghana","women_b12","28","Volta","Afadzato South",6.9045315,0.3804311,0,"2017-05-15",5,10,10,10,10,10,0.1,-5.60553986410041,0.556200166427607
"Ghana","women_b12","29","Volta","South Tongu",5.9991081,0.5634561,1,"2017-05-15",5,4,4,4,4,4,0,-6.09039464256417,0.38321515337565
"Ghana","women_b12","3","Western North","Sefwi-Akontombra",6.0428334,-2.8813362,0,"2017-04-15",4,3,3,3,3,3,0,-6.17853921578248,0.442996668923898
"Ghana","women_b12","30","Volta","Ho Municipal",6.6064605,0.4300437,1,"2017-05-15",5,4,4,4,4,4,0.25,-5.98360233146498,0.861418039254885
"Ghana","women_b12","31","Eastern","Akwapem North",5.955063,-0.190617,0,"2017-05-15",5,5,5,5,5,5,0,-6.23919804778681,0.205284063743605
"Ghana","women_b12","32","Eastern","Atiwa East",6.4252379,-0.6401635,0,"2017-05-15",5,9,9,9,9,9,0.111111111111111,-5.89876156619054,0.660853646948857
"Ghana","women_b12","33","Ashanti","Adansi Asokwa",6.1923013,-1.3045118,0,"2017-05-15",5,6,6,6,6,6,0,-6.17346359825384,0.462465370053855
"Ghana","women_b12","34","Eastern","Kwahu Afram Plains North",7.0464577,-0.0930901,0,"2017-05-15",5,4,4,4,4,4,0,-6.02020091103191,0.588469727793012
"Ghana","women_b12","35","Eastern","Kwahu Afram Plains North",6.897436,-0.139268,0,"2017-05-15",5,4,4,4,4,4,0,-5.75981023587188,0.597467640811808
"Ghana","women_b12","36","Eastern","Akwapem North",5.936396,-0.117721,1,"2017-05-15",5,6,6,6,6,6,0,-6.42127580124985,0.547112604720664
"Ghana","women_b12","37","Eastern","Abuakwa South",6.1422828,-0.575924,1,"2017-04-15",4,4,4,4,4,4,0.25,-5.83259313972118,0.69365637571135
"Ghana","women_b12","38","Eastern","Denkyembour",6.05,-0.8,1,"2017-05-15",5,7,7,7,7,7,0,-6.42515713726652,0.477756226968291
"Ghana","women_b12","39","Ashanti","Atwima-Mponua",6.3770993,-2.1882247,0,"2017-04-15",4,4,4,4,4,4,0,-6.00761782508915,0.677650259687478
"Ghana","women_b12","4","Western","Mpohor",4.9730397,-1.9031669,0,"2017-05-15",5,2,2,2,2,2,0.5,-4.76740876290298,2.3617689436101
"Ghana","women_b12","40","Ashanti","Obuasi",6.2108212,-1.7543935,0,"2017-05-15",5,3,3,3,3,3,0,-6.80363329705402,0.0607603382080024
"Ghana","women_b12","41","Ashanti","Asante-Akim South",6.5948673,-1.0816384,0,"2017-05-15",5,10,10,10,10,10,0,-5.84783172031176,0.388528224919235
"Ghana","women_b12","42","Ashanti","Atwima-Mponua",6.5898316,-1.8623255,0,"2017-05-15",5,12,12,12,12,12,0,-6.02052557061039,0.596347416291592
"Ghana","women_b12","43","Ahafo","Tano North",7.210234,-2.1949193,0,"2017-05-15",5,8,8,8,8,8,0.125,-5.75549295240144,1.03128911352904
"Ghana","women_b12","44","Ashanti","Sekyere Kumawu",6.9,-1.2667,0,"2017-05-15",5,7,7,7,7,7,0,-6.01209502737964,0.457633060534994
"Ghana","women_b12","45","Ashanti","Bekwai",6.453716,-1.5978028,1,"2017-05-15",5,6,6,6,6,6,0.166666666666667,-5.87524219047746,0.834212438510756
"Ghana","women_b12","46","Ashanti","Kwadaso",6.6926966,-1.6610385,1,"2017-05-15",5,8,8,8,8,8,0,-6.29564922409341,0.476319503995543
"Ghana","women_b12","47","Ashanti","Kumasi",6.6792809,-1.6100658,1,"2017-05-15",5,9,9,9,9,9,0.222222222222222,-5.98183020944308,0.764003516900393
"Ghana","women_b12","48","Ashanti","Asokwa",6.663829,-1.6040998,1,"2017-05-15",5,6,6,6,6,6,0,-6.07094311462621,0.659693635790201
"Ghana","women_b12","49","Ashanti","Kumasi",6.7050999,-1.6225863,1,"2017-05-15",5,5,5,5,5,5,0,-5.95565693348459,0.239970808387218
"Ghana","women_b12","5","Western","Jomoro",5.04733,-2.629322,1,"2017-05-15",5,2,2,2,2,2,0,-6.02608763347639,0.426879162078312
"Ghana","women_b12","50","Ashanti","Atwima-Nwabiagya South",6.7238738,-1.664858,1,"2017-05-15",5,5,5,5,5,5,0,-6.08744566948869,0.602675327082934
"Ghana","women_b12","51","Bono East","Sene West",7.7135007,-0.7554818,1,"2017-05-15",5,7,7,7,7,7,0,-6.22931217158746,0.432702412150612
"Ghana","women_b12","52","Ashanti","Sekyere South",7.116617,-1.603976,1,"2017-05-15",5,6,6,6,6,6,0.166666666666667,-5.59072223085603,0.720080698643127
"Ghana","women_b12","53","Ashanti","Asokore-Mampong",6.717806,-1.5817633,1,"2017-05-15",5,8,8,8,8,8,0.125,-6.01340265425904,0.573384012253575
"Ghana","women_b12","54","Ahafo","Asunafo North",6.6476136,-2.8288648,0,"2017-05-15",5,7,7,7,7,7,0,-5.9966022095792,0.599721100856775
"Ghana","women_b12","55","Ahafo","Tano North",7.2256894,-2.3045681,0,"2017-05-15",5,4,4,4,4,4,0,-5.83504404402118,0.529847581099571
"Ghana","women_b12","56","Bono","Wenchi",7.7405556,-2.140189,0,"2017-05-15",5,8,8,8,8,8,0.125,-5.74451855726183,0.54674221282651
"Ghana","women_b12","57","Bono East","Kintampo North",8.0726334,-1.5772807,0,"2017-05-15",5,6,6,6,6,6,0.166666666666667,-5.7177354284632,0.895417292036662
"Ghana","women_b12","58","Bono","Sunyani West",7.337944,-2.3837363,1,"2017-04-15",4,4,4,4,4,4,0,-5.48556323660147,0.371229324592875
"Ghana","women_b12","59","Bono East","Techiman",7.4671766,-1.9883539,1,"2017-05-15",5,8,8,8,8,8,0.25,-5.80893830416498,0.628605148805905
"Ghana","women_b12","6","Western","Effia Kwesimintsim",4.9317383,-1.7812657,1,"2017-05-15",5,2,2,2,2,2,0,-7.0802358309907,0.300918976374446
"Ghana","women_b12","60","Bono","Dormaa West",7.019553,-3.008481,1,"2017-05-15",5,5,5,5,5,5,0,-5.90106608481683,0.579814878232732
"Ghana","women_b12","61","Savannah","Sawla-Tuna-Kalba",9.407912,-2.40378,0,"2017-05-15",5,6,6,6,6,6,0.166666666666667,-5.88003650783272,0.570724455241671
"Ghana","women_b12","62","Savannah","Central Gonja",8.9378796,-1.9537373,0,"2017-05-15",5,5,5,5,5,5,0,-5.90107221876715,0.572316336799468
"Ghana","women_b12","63","Savannah","Central Gonja",8.7230913,-1.6372672,0,"2017-05-15",5,4,4,4,4,4,0,-5.88183554132735,0.517580315867025
"Ghana","women_b12","64","Northern","Kpandai",8.4693159,-0.0195695,0,"2017-05-15",5,2,2,2,2,2,0.5,-5.50004891926678,0.694966645655114
"Ghana","women_b12","65","Savannah","North East Gonja",8.8763223,-0.4257769,0,"2017-05-15",5,5,5,5,5,5,0.2,-5.61365337567905,0.72529074319408
"Ghana","women_b12","66","Northern","Tamale",9.3711986,-0.7170885,0,"2017-05-15",5,7,7,7,7,7,0.285714285714286,-5.51767810732524,0.508031194140869
"Ghana","women_b12","67","Northern","Tolon",9.4306381,-1.0700649,0,"2017-05-15",5,8,8,8,8,8,0.25,-5.27257113746223,0.524992633977321
"Ghana","women_b12","68","Northern","Gushegu",9.9230716,-0.2280522,0,"2017-05-15",5,5,5,5,5,5,0.4,-5.24517734693591,0.830537686919412
"Ghana","women_b12","69","North East","Chereponi",10.138256,0.2824258,0,"2017-05-15",5,3,3,3,3,3,1,-4.64815225180987,0.455656608074603
"Ghana","women_b12","7","Western","Mpohor",5.0291401,-1.8106554,1,"2017-05-15",5,1,1,1,1,1,0,-6.62804137617953,NA
"Ghana","women_b12","70","North East","Yunyoo-Nasuan",10.516667,-0.1,0,"2017-05-15",5,7,7,7,7,7,0.428571428571429,-5.22494801710391,1.04597028697816
"Ghana","women_b12","71","Upper West","Sissala East",10.2980231,-1.6478357,0,"2017-05-15",5,4,4,4,4,4,0.25,-5.57202156815617,0.551734832044795
"Ghana","women_b12","72","Northern","Sagnerigu",9.4134965,-0.8688037,0,"2017-04-15",4,4,4,4,4,4,0,-5.98550479099578,0.294865484200594
"Ghana","women_b12","73","Northern","Tatale Sanguli",9.3529921,0.4877106,0,"2017-05-15",5,5,5,5,5,5,0.4,-5.04758242453117,0.870064733350146
"Ghana","women_b12","74","Savannah","Bole",9.0299227,-2.5244531,1,"2017-05-15",5,3,3,3,3,3,0,-5.94520370089211,0.733800371134974
"Ghana","women_b12","75","Northern","Nanumba South",8.8577215,0.040469,1,"2017-05-15",5,4,4,4,4,4,0.25,-5.4676871916124,0.517848673520991
"Ghana","women_b12","76","Northern","Sagnerigu",9.4214047,-0.9137785,1,"2017-05-15",5,5,5,5,5,5,0,-5.97565648330881,0.465701961233607
"Ghana","women_b12","77","Northern","Savelugu",9.6124893,-0.8621272,1,"2017-05-15",5,8,8,8,8,8,0.25,-5.5011455791998,0.452910130100147
"Ghana","women_b12","78","North East","West Mamprusi",10.3491164,-0.8158638,1,"2017-05-15",5,6,6,6,6,6,0.166666666666667,-5.58435937936013,0.35448266936434
"Ghana","women_b12","79","Upper East","Builsa South",10.7334292,-1.4779749,0,"2017-05-15",5,1,1,1,1,1,0,-5.59136004524191,NA
"Ghana","women_b12","8","Central","Twifo-Hemang-Lower Denkyira",5.2539255,-1.3398312,0,"2017-05-15",5,2,2,2,2,2,0,-6.24540764479606,0.0597717708380899
"Ghana","women_b12","80","Upper East","Kasena Nankana East",10.843374,-1.071469,0,"2017-05-15",5,5,5,5,5,5,0,-6.1700852448476,0.452404188819461
"Ghana","women_b12","81","Upper East","Kasena Nankana East",10.7031972,-1.0103264,0,"2017-05-15",5,4,4,4,4,4,0,-6.04625125957394,0.187542798684848
"Ghana","women_b12","82","Upper East","Talensi",10.7786816,-0.7527056,0,"2017-05-15",5,6,6,6,6,6,0,-5.9085312957831,0.464604182940279
"Ghana","women_b12","83","Upper East","Bawku West",10.7938041,-0.3493934,0,"2017-05-15",5,5,5,5,5,5,0,-5.74134725520496,0.322333386056064
"Ghana","women_b12","84","Upper East","Binduri",10.9721382,-0.317123,0,"2017-05-15",5,4,4,4,4,4,0,-5.97398855551978,0.698274674583916
"Ghana","women_b12","85","Upper East","Binduri",11.0589339,-0.2752224,1,"2017-05-15",5,4,4,4,4,4,0,-6.16922144507314,0.408570398586945
"Ghana","women_b12","86","Upper West","Wa Municipal",10.039751,-2.536176,0,"2017-05-15",5,3,3,3,3,3,0,-5.84577796003069,0.562641174488389
"Ghana","women_b12","87","Upper West","Wa East",9.9820414,-2.0997754,0,"2017-05-15",5,3,3,3,3,3,0,-5.53646959127087,0.375929200439884
"Ghana","women_b12","88","Upper West","Jirapa",10.5228756,-2.7191593,0,"2017-05-15",5,5,5,5,5,5,0,-5.56655447784027,0.342555373490811
"Ghana","women_b12","89","Upper West","Lambussie-Karni",10.667313,-2.6577046,0,"2017-05-15",5,3,3,3,3,3,0,-5.7243912568278,0.516145552757139
"Ghana","women_b12","9","Central","Awutu Senya West",5.5510691,-0.5188412,0,"2017-05-15",5,5,5,5,5,5,0,-5.99048028266236,0.0931995113946197
"Ghana","women_b12","90","Upper West","Wa Municipal",10.0611456,-2.544129,1,"2017-05-15",5,6,6,6,6,6,0,-6.0697136274403,0.187015974848409
"Malawi","child_vitA","101","Rumphi","SC Kachulu",-10.595395,34.096022,NA,"2016-02-05",2,9,9,9,9,9,0,0.131769344535993,0.190176152816031
"Malawi","child_vitA","114","Rumphi","Rumphi Boma",-11.024879,33.8439,NA,"2016-01-25",1,10,10,10,10,10,0,-0.00411130276965869,0.319273181179834
"Malawi","child_vitA","136","Ntchisi","SC Nthondo",-13.240763,34.022746,NA,"2015-12-21",12,17,17,17,17,17,0.0588235294117647,0.269825043774691,0.310497073522701
"Malawi","child_vitA","140","Chitipa","TA Mwabulambya",-9.515626,33.331837,NA,"2015-12-12",12,7,7,7,7,7,0,-0.0151188252726282,0.25710868762405
"Malawi","child_vitA","145","Blantyre","TA Kuntaja",-15.589053,34.903272,NA,"2015-12-08",12,2,2,2,2,2,0.5,0.0893241557138292,0.419085678404739
"Malawi","child_vitA","150","Ntchisi","TA Kalumo",-13.325075,33.903215,NA,"2015-12-12",12,12,12,12,12,12,0.0833333333333333,0.256596168602593,0.380541901975666
"Malawi","child_vitA","16","Nsanje","Nsanje Boma",-16.925869,35.259417,NA,"2016-01-24",1,4,4,4,4,4,0,0.145849079150206,0.132580427421678
"Malawi","child_vitA","162","Chitipa","Chitipa Boma",-9.694077,33.266921,NA,"2016-02-15",2,5,5,5,5,5,0,0.224939895125087,0.338574074651765
"Malawi","child_vitA","170","Salima","TA Maganga",-13.831091,34.565592,NA,"2016-01-11",1,12,12,12,12,12,0.166666666666667,0.284323501562609,0.292456166523208
"Malawi","child_vitA","178","Karonga","TA Wasambo",-10.555269,34.181315,NA,"2016-02-12",2,15,15,15,15,15,0.133333333333333,0.193535343486454,0.351323642400091
"Malawi","child_vitA","18","Mzimba","TA Chindi",-11.488252,33.536393,NA,"2015-12-15",12,12,12,12,12,12,0,-0.0766128979093546,0.317488249868435
"Malawi","child_vitA","185","Nkhata Bay","TA Kabunduli",-11.601547,33.975359,NA,"2015-12-13",12,17,17,17,17,17,0.294117647058824,0.255991889494467,0.398874555730903
"Malawi","child_vitA","190","Blantyre","Blantyre City",-15.84255,35.07702,NA,"2016-01-13",1,3,3,3,3,3,0.333333333333333,0.20916663310803,0.511703102184345
"Malawi","child_vitA","192","Salima","TA Karonga",-13.76226,34.448408,NA,"2016-01-30",1,7,7,7,7,7,0,0.135959129751974,0.249414928455007
"Malawi","child_vitA","193","Chiradzulu","TA Nchema",-15.579211,35.230572,NA,"2016-02-13",2,13,13,13,13,13,0.230769230769231,0.226728232124813,0.290852100426214
"Malawi","child_vitA","194","Mulanje","TA Mabuka",-16.116085,35.576128,NA,"2016-02-01",2,7,7,7,7,7,0,0.322678557780847,0.152064736529776
"Malawi","child_vitA","195","Neno","TA Ngozi",-15.394406,34.654953,NA,"2015-12-21",12,8,8,8,8,8,0.125,0.263772856335581,0.363220301945572
"Malawi","child_vitA","200","Nsanje","SC Mbenje",-16.535239,35.017915,NA,"2016-01-25",1,16,16,16,16,16,0.1875,0.329442565672557,0.226630136871308
"Malawi","child_vitA","205","Nkhata Bay","TA Timbiri",-11.561003,34.130245,NA,"2016-01-16",1,12,12,12,12,12,0.0833333333333333,0.160409379649136,0.484135678205736
"Malawi","child_vitA","209","Salima","SC Kambwiri",-13.939307,34.351485,NA,"2016-01-28",1,13,13,13,13,13,0.153846153846154,0.270548593601992,0.462642779457033
"Malawi","child_vitA","218","Zomba","TA Malemia",-15.33343,35.393138,NA,"2016-01-16",1,20,20,20,20,20,0.1,0.140861770651194,0.282090635337335
"Malawi","child_vitA","219","Nkhotakota","TA Malenga Chanzi",-12.926376,34.24465,NA,"2016-01-15",1,9,9,9,9,9,0.111111111111111,0.214380101014965,0.462627826499262
"Malawi","child_vitA","223","Kasungu","TA Kaluluma",-12.61724,33.527656,NA,"2015-12-16",12,8,8,8,8,8,0,0.00482387036027503,0.188908818453646
"Malawi","child_vitA","227","Nkhata Bay","TA Timbiri",-11.62631,34.309163,NA,"2016-02-04",2,6,6,6,6,6,0.166666666666667,-0.0289509756437244,0.302916891010096
"Malawi","child_vitA","23","Mangochi","TA Nankumba",-14.2194,35.03196,NA,"2016-01-11",1,17,17,17,17,17,0.470588235294118,0.309280885457659,0.325044079148573
"Malawi","child_vitA","232","Chiradzulu","TA Mpama",-15.672944,35.168972,NA,"2016-02-09",2,6,6,6,6,6,0,0.0550810583997095,0.144875408948691
"Malawi","child_vitA","234","Mangochi","TA Mponda",-14.499113,35.238288,NA,"2015-12-24",12,7,7,7,7,7,0.142857142857143,-0.00997501480405913,0.293871403760765
"Malawi","child_vitA","238","Dowa","TA Dzoole",-13.558987,33.692654,NA,"2016-02-11",2,3,3,3,3,3,0,0.0916123085743667,0.408596608448802
"Malawi","child_vitA","240","Ntcheu","TA Phambala",-14.985556,34.812621,NA,"2016-02-07",2,13,13,13,13,13,0.153846153846154,0.197941958145271,0.338289484619407
"Malawi","child_vitA","242","Rumphi","TA Chikulamayembe",-10.997424,33.756492,NA,"2016-02-03",2,10,10,10,10,10,0.1,0.0177539467809355,0.277577128250827
"Malawi","child_vitA","245","Dedza","TA Kaphuka",-14.161537,34.103118,NA,"2016-01-21",1,10,10,10,10,10,0.1,0.108975168794987,0.28803922156911
"Malawi","child_vitA","253","Phalombe","TA Mkhumba",-15.589167,35.580363,NA,"2016-01-26",1,20,20,20,20,20,0.05,0.221739873655615,0.275623308998626
"Malawi","child_vitA","270","Mzimba","TA Mabulabo",-12.6706745,33.63307452,NA,"2016-02-15",2,18,18,18,18,18,0.111111111111111,0.233672437365981,0.415885617152249
"Malawi","child_vitA","271","Mchinji","TA Zulu",-13.789041,33.062838,NA,"2016-01-29",1,12,12,12,12,12,0.166666666666667,0.16793468414366,0.341705732533813
"Malawi","child_vitA","276","Mulanje","SC Juma",-15.773532,35.313075,NA,"2015-12-15",12,14,14,14,14,14,0.142857142857143,0.130096138103764,0.344614024752461
"Malawi","child_vitA","282","Neno","TA Symon",-15.357777,34.847055,NA,"2016-02-11",2,7,7,7,7,7,0,0.194948805928633,0.190564645048028
"Malawi","child_vitA","294","Lilongwe","TA Khongoni",-13.84457,33.416591,NA,"2015-12-12",12,8,8,8,8,8,0,0.0605957391289123,0.247240374167656
"Malawi","child_vitA","303","Balaka","TA Nsamala",-15.131348,34.988559,NA,"2015-12-15",12,6,6,6,6,6,0,0.0414945465424035,0.254855176759194
"Malawi","child_vitA","309","Karonga","Karonga Town",-9.943894,33.870706,NA,"2016-02-09",2,11,11,11,11,11,0.0909090909090909,0.128979852366169,0.220002141890012
"Malawi","child_vitA","315","Kasungu","SC Kawamba",-13.22161,33.319757,NA,"2016-01-23",1,14,14,14,14,14,0,0.284194237880216,0.206033261330125
"Malawi","child_vitA","342","Nkhata Bay","TA Timbiri",-11.665269,34.259462,NA,"2016-01-22",1,14,14,14,14,14,0,0.25775395758516,0.23236628941696
"Malawi","child_vitA","344","Mangochi","SC Chowe",-14.744133,35.44785,NA,"2015-12-19",12,10,10,10,10,10,0,0.0327010553201782,0.187533457725157
"Malawi","child_vitA","361","Karonga","TA Kilupula",-9.769701,33.857402,NA,"2015-12-18",12,7,7,7,7,7,0,-0.0856352792318214,0.24173720391952
"Malawi","child_vitA","369","Lilongwe","TA Kabudula",-13.745669,33.466422,NA,"2015-12-17",12,8,8,8,8,8,0,-0.0195744068507186,0.287944510765478
"Malawi","child_vitA","37","Mzimba","Mzuzu City",-11.436618,34.022728,NA,"2016-01-19",1,3,3,3,3,3,0,0.298496201414964,0.0757634124233422
"Malawi","child_vitA","377","Ntcheu","TA Njolomole",-14.702695,34.624724,NA,"2016-02-04",2,15,15,15,15,15,0.0666666666666667,0.116496622222455,0.177192256295799
"Malawi","child_vitA","387","Mzimba","Mzuzu City",-11.430109,34.021246,NA,"2016-01-15",1,7,7,7,7,7,0,0.253845014416152,0.280196321032618
"Malawi","child_vitA","388","Karonga","TA Kyungu",-9.89023,33.88321,NA,"2016-01-12",1,11,11,11,11,11,0,0.16275580088507,0.254103701935409
"Malawi","child_vitA","389","Rumphi","TA Chikulamayembe",-10.890318,33.755668,NA,"2016-02-01",2,17,17,17,17,17,0.0588235294117647,0.159776252008609,0.364192248665948
"Malawi","child_vitA","398","Blantyre","Blantyre City",-15.762764,35.076797,NA,"2015-12-09",12,6,6,6,6,6,0,-0.00731353270190175,0.249609010761402
"Malawi","child_vitA","401","Phalombe","TA Mkhumba",-15.799683,35.646256,NA,"2015-12-12",12,8,8,8,8,8,0.125,0.00856374773723227,0.363148993077375
"Malawi","child_vitA","405","Rumphi","Rumphi Boma",-11.026453,33.862539,NA,"2016-01-27",1,7,7,7,7,7,0,-0.00423993145337682,0.311319928125584
"Malawi","child_vitA","410","Machinga","TA Kawinga",-14.950212,35.547289,NA,"2016-01-13",1,18,18,18,18,18,0.277777777777778,0.207998489612127,0.440346320837862
"Malawi","child_vitA","420","Mzimba","TA Mtwalo",-11.379743,33.801792,NA,"2016-01-11",1,14,14,14,14,14,0,0.0604603619468918,0.265555425203823
"Malawi","child_vitA","43","Chikwawa","TA Kasisi",-15.878002,34.824152,NA,"2016-02-01",2,9,9,9,9,9,0,0.193877230388191,0.260423096362744
"Malawi","child_vitA","435","Mchinji","SC Mduwa",-13.666144,33.268038,NA,"2016-01-18",1,14,14,14,14,14,0.142857142857143,0.209325080307476,0.304568944702237
"Malawi","child_vitA","444","Thyolo","SC Mbawela",-16.28729,35.203263,NA,"2016-01-11",1,11,11,11,11,11,0,-0.00330724547483006,0.323382281845092
"Malawi","child_vitA","448","Nkhotakota","TA Mwadzama",-13.286441,34.30997,NA,"2016-01-19",1,19,19,19,19,19,0.0526315789473684,0.101535185188407,0.202991673357034
"Malawi","child_vitA","459","Karonga","TA Kilupula",-9.705209,33.894951,NA,"2015-12-14",12,12,12,12,12,12,0.0833333333333333,0.0509615653931942,0.292618417585621
"Malawi","child_vitA","461","Chitipa","TA Mwenewenya",-10.038388,33.583143,NA,"2016-01-25",1,15,15,15,15,15,0,-0.0293541125099461,0.287123557693118
"Malawi","child_vitA","464","Mzimba","TA M'Mbelwa",-12.327912,33.421892,NA,"2016-02-11",2,19,19,19,19,19,0.105263157894737,0.141407569375928,0.298248495138773
"Malawi","child_vitA","468","Phalombe","TA Mkhumba",-15.829211,35.585935,NA,"2016-01-29",1,7,7,7,7,7,0,0.0780189672746867,0.319870228429583
"Malawi","child_vitA","497","Rumphi","SC Chapinduka",-10.888588,34.194431,NA,"2016-01-29",1,11,11,11,11,11,0,0.0277831325435481,0.249441807363617
"Malawi","child_vitA","498","Dowa","SC Mponela",-13.583471,33.776254,NA,"2016-02-09",2,7,7,7,7,7,0,0.183911467602392,0.194971592911344
"Malawi","child_vitA","5","Mchinji","TA Mlonyeni",-13.891912,33.000702,NA,"2016-01-26",1,12,12,12,12,12,0,0.1979677646785,0.194030005817919
"Malawi","child_vitA","503","Thyolo","TA Bvumbwe",-16.008131,35.025197,NA,"2016-02-07",2,11,11,11,11,11,0,0.0340379059613182,0.201162779217341
"Malawi","child_vitA","505","Chikwawa","TA Lundu",-16.167037,34.859233,NA,"2016-02-04",2,16,16,16,16,16,0,0.246578093118741,0.257492011036185
"Malawi","child_vitA","507","Karonga","TA Kyungu",-9.912457,33.926073,NA,"2016-01-19",1,14,14,14,14,14,0.0714285714285714,0.226606967567491,0.210277525716681
"Malawi","child_vitA","511","Dedza","TA Tambala",-14.080039,34.245132,NA,"2016-02-11",2,18,18,18,18,18,0.166666666666667,0.225394979378588,0.48027287988559
"Malawi","child_vitA","517","Lilongwe","TA Chiseka",-14.095607,33.602099,NA,"2015-12-19",12,13,13,13,13,13,0,0.178534284781775,0.26095671980416
"Malawi","child_vitA","531","Nkhata Bay","SC Malanda",-11.840946,34.158545,NA,"2016-02-02",2,7,7,7,7,7,0,-0.0557586525626833,0.336213105516359
"Malawi","child_vitA","571","Nkhata Bay","TA Fukamapiri",-11.915336,34.041498,NA,"2016-02-07",2,12,12,12,12,12,0,0.115346227474101,0.378751202421106
"Malawi","child_vitA","58","Nsanje","TA Ndamera",-17.084169,35.193611,NA,"2016-01-29",1,10,10,10,10,10,0,0.115691244104928,0.177592974899113
"Malawi","child_vitA","593","Chiradzulu","TA Kadewere",-15.711575,35.262632,NA,"2016-02-11",2,16,16,16,16,16,0,-0.00608290657627972,0.211896902324145
"Malawi","child_vitA","6","Mzimba","TA Chindi",-11.355628,33.380949,NA,"2015-12-19",12,13,13,13,13,13,0,-0.00480573937062324,0.230337047265656
"Malawi","child_vitA","601","Ntcheu","SC Makwangwala",-14.768256,34.744101,NA,"2016-02-02",2,13,13,13,13,13,0.230769230769231,0.150287285146545,0.436166142927119
"Malawi","child_vitA","607","Nkhotakota","TA Kanyenda",-12.460592,34.053205,NA,"2016-01-13",1,15,15,15,15,15,0.0666666666666667,0.0403168102657387,0.481003753422444
"Malawi","child_vitA","64","Zomba","TA Malemia",-15.277248,35.413168,NA,"2016-01-20",1,26,26,26,26,26,0.0769230769230769,0.109793395400061,0.311474174571043
"Malawi","child_vitA","641","Nkhata Bay","TA Musisya",-11.232238,34.205223,NA,"2015-12-22",12,13,13,13,13,13,0,0.114120865827742,0.3764156868876
"Malawi","child_vitA","665","Ntchisi","SC Chilooko",-13.087539,33.862751,NA,"2016-02-03",2,10,10,10,10,10,0,0.0862993102400059,0.364817007379162
"Malawi","child_vitA","670","Dowa","SC Mkukula",-13.721499,33.82734,NA,"2016-02-04",2,9,9,9,9,9,0,-0.0521155581096783,0.32160633095418
"Malawi","child_vitA","676","Mzimba","Mzimba Boma",-11.910534,33.586952,NA,"2016-02-14",2,6,6,6,6,6,0.166666666666667,0.173217334787877,0.412294564409493
"Malawi","child_vitA","704","Thyolo","TA Nchilamwela",-16.073277,35.189154,NA,"2016-01-21",1,1,1,1,1,1,0,0.0943106794712413,NA
"Malawi","child_vitA","720","Mwanza","Majete Game Reserve - Mwanza",-15.777152,34.58384,NA,"2016-01-18",1,11,11,11,11,11,0.0909090909090909,0.0257364874096916,0.47888656478992
"Malawi","child_vitA","736","Mchinji","SC Dambe",-13.604173,33.182008,NA,"2016-01-14",1,21,21,21,21,21,0.238095238095238,0.444476789022445,0.33651723586894
"Malawi","child_vitA","74","Mwanza","TA Nthache",-15.730273,34.401844,NA,"2016-01-16",1,5,5,5,5,5,0,0.430923520807775,0.153350778819653
"Malawi","child_vitA","743","Balaka","TA Kalembo",-14.840779,35.274274,NA,"2015-12-12",12,7,7,7,7,7,0.142857142857143,0.218001671035383,0.388944099622567
"Malawi","child_vitA","772","Kasungu","TA Santhe",-13.386622,33.302506,NA,"2016-01-12",1,10,10,10,10,10,0.1,0.231118961205699,0.241999064436565
"Malawi","child_vitA","777","Lilongwe","Lilongwe City",-14.018083,33.77389,NA,"2016-01-20",1,10,10,10,10,10,0.2,0.221872761478298,0.246278109561724
"Malawi","child_vitA","780","Rumphi","SC Mwankhunikira",-10.983559,34.062177,NA,"2016-02-01",2,5,5,5,5,5,0,-0.141044909533352,0.198078057880601
"Malawi","child_vitA","782","Neno","TA Ngozi",-15.36742,34.658742,NA,"2015-12-19",12,8,8,8,8,8,0,0.122791308500111,0.182370947160014
"Malawi","child_vitA","813","Chitipa","TA Mwenemisuku",-9.637926,33.510705,NA,"2015-12-20",12,7,7,7,7,7,0,-0.0499042409258867,0.152111435008
"Malawi","child_vitA","817","Chitipa","TA Mwenemisuku",-9.702921,33.422587,NA,"2016-01-22",1,9,9,9,9,9,0.111111111111111,0.238519825614523,0.277870743432879
"Malawi","child_vitA","822","Kasungu","TA Mwase",-12.927273,33.409728,NA,"2015-12-18",12,9,9,9,9,9,0.111111111111111,0.139506837844118,0.361725207108881
"Malawi","child_vitA","825","Salima","TA Khombedza",-13.677138,34.225683,NA,"2016-01-26",1,11,11,11,11,11,0.363636363636364,0.376825916082811,0.264351617029031
"Malawi","child_vitA","827","Nkhotakota","Nkhotakota Boma",-12.9387742,34.29413447,NA,"2016-01-18",1,6,6,6,6,6,0.333333333333333,0.227082266508413,0.404931669934269
"Malawi","child_vitA","829","Dedza","TA Pemba",-14.376875,34.044475,NA,"2016-02-13",2,32,32,32,32,32,0.125,0.20487739827458,0.235247431273445
"Malawi","child_vitA","830","Karonga","TA Kyungu",-10.13705,33.949382,NA,"2016-02-15",2,18,18,18,18,18,0.222222222222222,0.247684162526597,0.338319035409509
"Malawi","child_vitA","832","Ntcheu","SC Goodson Ganya",-14.706152,34.756621,NA,"2016-01-31",1,13,13,13,13,13,0.0769230769230769,0.144907279295781,0.301473875851626
"Malawi","child_vitA","836","Dowa","SC Kayembe",-13.4922,33.47325,NA,"2016-02-06",2,8,8,8,8,8,0.125,0.105465309002833,0.273098016453633
"Malawi","child_vitA","842","Zomba","SC Mbiza",-15.553532,35.286338,NA,"2016-01-23",1,14,14,14,14,14,0.357142857142857,0.321293482589252,0.450548474099455
"Malawi","child_vitA","86","Chitipa","Nyika N.P. - Chitipa",-10.455422,33.66179,NA,"2016-01-16",1,10,10,10,10,10,0.1,0.243327898682336,0.339174457987413
"Malawi","child_vitA","96","Mulanje","TA Mabuka",-16.079989,35.422405,NA,"2016-02-03",2,11,11,11,11,11,0,0.313929852149889,0.260861590853751
"Malawi","women_vitA","101","Rumphi","SC Kachulu",-10.595395,34.096022,NA,"2016-02-05",2,6,6,6,6,6,0,-0.390234241924802,0.214698892364896
"Malawi","women_vitA","114","Rumphi","Rumphi Boma",-11.024879,33.8439,NA,"2016-01-25",1,10,10,10,10,10,0,-0.284458998094948,0.278198791159392
"Malawi","women_vitA","136","Ntchisi","SC Nthondo",-13.240763,34.022746,NA,"2015-12-21",12,8,8,8,8,8,0.125,-0.199506206965978,0.44119989932259
"Malawi","women_vitA","140","Chitipa","TA Mwabulambya",-9.515626,33.331837,NA,"2015-12-12",12,16,16,16,16,16,0,-0.35965220619492,0.265883463739553
"Malawi","women_vitA","145","Blantyre","TA Kuntaja",-15.589053,34.903272,NA,"2015-12-08",12,2,2,2,2,2,0,-0.688462805557895,0.37221403776089
"Malawi","women_vitA","150","Ntchisi","TA Kalumo",-13.325075,33.903215,NA,"2015-12-12",12,8,8,8,8,8,0,-0.188386539960023,0.391232056183281
"Malawi","women_vitA","16","Nsanje","Nsanje Boma",-16.925869,35.259417,NA,"2016-01-24",1,6,6,6,6,6,0,-0.481516202094706,0.451416395972056
"Malawi","women_vitA","162","Chitipa","Chitipa Boma",-9.694077,33.266921,NA,"2016-02-15",2,3,3,3,3,3,0,-0.644966585511754,0.53113952267241
"Malawi","women_vitA","170","Salima","TA Maganga",-13.831091,34.565592,NA,"2016-01-11",1,11,11,11,11,11,0,-0.276474259351051,0.235753093159029
"Malawi","women_vitA","178","Karonga","TA Wasambo",-10.555269,34.181315,NA,"2016-02-12",2,6,6,6,6,6,0,-0.435994837268767,0.205589352495211
"Malawi","women_vitA","18","Mzimba","TA Chindi",-11.488252,33.536393,NA,"2015-12-15",12,8,8,8,8,8,0,-0.376657849912293,0.231245144453381
"Malawi","women_vitA","185","Nkhata Bay","TA Kabunduli",-11.601547,33.975359,NA,"2015-12-13",12,6,6,6,6,6,0,-0.334232891610866,0.266711903166288
"Malawi","women_vitA","190","Blantyre","Blantyre City",-15.84255,35.07702,NA,"2016-01-13",1,4,4,4,4,4,0,-0.204764760788359,0.498652196728217
"Malawi","women_vitA","192","Salima","TA Karonga",-13.76226,34.448408,NA,"2016-01-30",1,7,7,7,7,7,0,-0.34261236230461,0.228475980220574
"Malawi","women_vitA","193","Chiradzulu","TA Nchema",-15.579211,35.230572,NA,"2016-02-13",2,12,12,12,12,12,0,-0.240558749703088,0.289640401756361
"Malawi","women_vitA","194","Mulanje","TA Mabuka",-16.116085,35.576128,NA,"2016-02-01",2,10,10,10,10,10,0,-0.229090124891055,0.169031121419229
"Malawi","women_vitA","195","Neno","TA Ngozi",-15.394406,34.654953,NA,"2015-12-21",12,6,6,6,6,6,0,-0.360035189011443,0.306562076481583
"Malawi","women_vitA","200","Nsanje","SC Mbenje",-16.535239,35.017915,NA,"2016-01-25",1,9,9,9,9,9,0.111111111111111,0.0578668044658971,0.48420853927799
"Malawi","women_vitA","205","Nkhata Bay","TA Timbiri",-11.561003,34.130245,NA,"2016-01-16",1,7,7,7,7,7,0,-0.462017080250546,0.283927762057631
"Malawi","women_vitA","209","Salima","SC Kambwiri",-13.939307,34.351485,NA,"2016-01-28",1,6,6,6,6,6,0,0.0384284323907346,0.225950683655905
"Malawi","women_vitA","218","Zomba","TA Malemia",-15.33343,35.393138,NA,"2016-01-16",1,10,10,10,10,10,0,-0.389763104872406,0.309067597770631
"Malawi","women_vitA","219","Nkhotakota","TA Malenga Chanzi",-12.926376,34.24465,NA,"2016-01-15",1,8,8,8,8,8,0,-0.238735775439621,0.354404724153905
"Malawi","women_vitA","223","Kasungu","TA Kaluluma",-12.61724,33.527656,NA,"2015-12-16",12,10,10,10,10,10,0,-0.504360274771922,0.209428508798437
"Malawi","women_vitA","227","Nkhata Bay","TA Timbiri",-11.62631,34.309163,NA,"2016-02-04",2,12,12,12,12,12,0,-0.329307005979684,0.2607463367483
"Malawi","women_vitA","23","Mangochi","TA Nankumba",-14.2194,35.03196,NA,"2016-01-11",1,11,11,11,11,11,0,-0.23764922338912,0.307977331378012
"Malawi","women_vitA","232","Chiradzulu","TA Mpama",-15.672944,35.168972,NA,"2016-02-09",2,8,8,8,8,8,0,-0.353714174967026,0.157152142904371
"Malawi","women_vitA","234","Mangochi","TA Mponda",-14.499113,35.238288,NA,"2015-12-24",12,5,5,5,5,5,0,-0.153422012117663,0.268233848563918
"Malawi","women_vitA","238","Dowa","TA Dzoole",-13.558987,33.692654,NA,"2016-02-11",2,8,8,8,8,8,0,-0.49523187710076,0.187742897323231
"Malawi","women_vitA","240","Ntcheu","TA Phambala",-14.985556,34.812621,NA,"2016-02-07",2,11,11,11,11,11,0,-0.31944932964638,0.25319030773898
"Malawi","women_vitA","242","Rumphi","TA Chikulamayembe",-10.997424,33.756492,NA,"2016-02-03",2,5,5,5,5,5,0,-0.250936174428363,0.320496565063476
"Malawi","women_vitA","245","Dedza","TA Kaphuka",-14.161537,34.103118,NA,"2016-01-21",1,6,6,6,6,6,0.166666666666667,-0.0335128737520862,0.384138257517521
"Malawi","women_vitA","253","Phalombe","TA Mkhumba",-15.589167,35.580363,NA,"2016-01-26",1,7,7,7,7,7,0,-0.300795119405029,0.17136697814755
"Malawi","women_vitA","270","Mzimba","TA Mabulabo",-12.6706745,33.63307452,NA,"2016-02-15",2,5,5,5,5,5,0,-0.370460947499216,0.196631676487801
"Malawi","women_vitA","271","Mchinji","TA Zulu",-13.789041,33.062838,NA,"2016-01-29",1,8,8,8,8,8,0,-0.44822635750478,0.217038617572853
"Malawi","women_vitA","276","Mulanje","SC Juma",-15.773532,35.313075,NA,"2015-12-15",12,4,4,4,4,4,0,-0.220737768679992,0.401686791423563
"Malawi","women_vitA","282","Neno","TA Symon",-15.357777,34.847055,NA,"2016-02-11",2,8,8,8,8,8,0,-0.292464401013977,0.197094434485551
"Malawi","women_vitA","294","Lilongwe","TA Khongoni",-13.84457,33.416591,NA,"2015-12-12",12,7,7,7,7,7,0,-0.384508758937954,0.27221634362157
"Malawi","women_vitA","303","Balaka","TA Nsamala",-15.131348,34.988559,NA,"2015-12-15",12,6,6,6,6,6,0,-0.271083935627169,0.224583643684539
"Malawi","women_vitA","309","Karonga","Karonga Town",-9.943894,33.870706,NA,"2016-02-09",2,12,12,12,12,12,0,-0.227379960278383,0.175765242766781
"Malawi","women_vitA","315","Kasungu","SC Kawamba",-13.22161,33.319757,NA,"2016-01-23",1,9,9,9,9,9,0,-0.27782639750822,0.230706722762497
"Malawi","women_vitA","342","Nkhata Bay","TA Timbiri",-11.665269,34.259462,NA,"2016-01-22",1,7,7,7,7,7,0,-0.489794541311395,0.450684257041798
"Malawi","women_vitA","344","Mangochi","SC Chowe",-14.744133,35.44785,NA,"2015-12-19",12,8,8,8,8,8,0,-0.36128369138969,0.24799804779911
"Malawi","women_vitA","361","Karonga","TA Kilupula",-9.769701,33.857402,NA,"2015-12-18",12,5,5,5,5,5,0,-0.261808507321275,0.154092759079803
"Malawi","women_vitA","369","Lilongwe","TA Kabudula",-13.745669,33.466422,NA,"2015-12-17",12,10,10,10,10,10,0,-0.287412366516726,0.258519293306108
"Malawi","women_vitA","37","Mzimba","Mzuzu City",-11.436618,34.022728,NA,"2016-01-19",1,7,7,7,7,7,0,-0.481100141416294,0.178487914174128
"Malawi","women_vitA","377","Ntcheu","TA Njolomole",-14.702695,34.624724,NA,"2016-02-04",2,9,9,9,9,9,0,-0.231400121377324,0.287069938033932
"Malawi","women_vitA","387","Mzimba","Mzuzu City",-11.430109,34.021246,NA,"2016-01-15",1,6,6,6,6,6,0,-0.542691207934027,0.326042414036836
"Malawi","women_vitA","388","Karonga","TA Kyungu",-9.89023,33.88321,NA,"2016-01-12",1,8,8,8,8,8,0,-0.451706271230765,0.339446191088454
"Malawi","women_vitA","389","Rumphi","TA Chikulamayembe",-10.890318,33.755668,NA,"2016-02-01",2,10,10,10,10,10,0,-0.313528799632709,0.344421948848548
"Malawi","women_vitA","398","Blantyre","Blantyre City",-15.762764,35.076797,NA,"2015-12-09",12,7,7,7,7,7,0,-0.241926475854779,0.187839777069597
"Malawi","women_vitA","401","Phalombe","TA Mkhumba",-15.799683,35.646256,NA,"2015-12-12",12,9,9,9,9,9,0,-0.418098749287319,0.427355484965507
"Malawi","women_vitA","405","Rumphi","Rumphi Boma",-11.026453,33.862539,NA,"2016-01-27",1,9,9,9,9,9,0,-0.259439850114297,0.347459041711179
"Malawi","women_vitA","410","Machinga","TA Kawinga",-14.950212,35.547289,NA,"2016-01-13",1,8,8,8,8,8,0,-0.319204073386899,0.199066066872936
"Malawi","women_vitA","420","Mzimba","TA Mtwalo",-11.379743,33.801792,NA,"2016-01-11",1,12,12,12,12,12,0,-0.311913899382291,0.375361847704454
"Malawi","women_vitA","43","Chikwawa","TA Kasisi",-15.878002,34.824152,NA,"2016-02-01",2,6,6,6,6,6,0.166666666666667,-0.153469667388629,0.388114834177968
"Malawi","women_vitA","435","Mchinji","SC Mduwa",-13.666144,33.268038,NA,"2016-01-18",1,6,6,6,6,6,0,-0.3748129390733,0.339430837361122
"Malawi","women_vitA","444","Thyolo","SC Mbawela",-16.28729,35.203263,NA,"2016-01-11",1,11,11,11,11,11,0,-0.361290171111348,0.253436457463466
"Malawi","women_vitA","448","Nkhotakota","TA Mwadzama",-13.286441,34.30997,NA,"2016-01-19",1,9,9,9,9,9,0,-0.263471698512446,0.296906207673979
"Malawi","women_vitA","459","Karonga","TA Kilupula",-9.705209,33.894951,NA,"2015-12-14",12,6,6,6,6,6,0,-0.492571190190104,0.222232220399536
"Malawi","women_vitA","461","Chitipa","TA Mwenewenya",-10.038388,33.583143,NA,"2016-01-25",1,7,7,7,7,7,0,-0.414492819155804,0.21489074989382
"Malawi","women_vitA","464","Mzimba","TA M'Mbelwa",-12.327912,33.421892,NA,"2016-02-11",2,8,8,8,8,8,0,-0.465082908883476,0.254067067497715
"Malawi","women_vitA","468","Phalombe","TA Mkhumba",-15.829211,35.585935,NA,"2016-01-29",1,10,10,10,10,10,0,-0.409021023261584,0.255624890165638
"Malawi","women_vitA","497","Rumphi","SC Chapinduka",-10.888588,34.194431,NA,"2016-01-29",1,8,8,8,8,8,0,-0.426944215685384,0.0418000962410584
"Malawi","women_vitA","498","Dowa","SC Mponela",-13.583471,33.776254,NA,"2016-02-09",2,10,10,10,10,10,0,-0.310216545064055,0.243774667861618
"Malawi","women_vitA","5","Mchinji","TA Mlonyeni",-13.891912,33.000702,NA,"2016-01-26",1,9,9,9,9,9,0,-0.402704285806024,0.213495814593395
"Malawi","women_vitA","503","Thyolo","TA Bvumbwe",-16.008131,35.025197,NA,"2016-02-07",2,15,15,15,15,15,0.0666666666666667,-0.356724108629261,0.420374327007372
"Malawi","women_vitA","505","Chikwawa","TA Lundu",-16.167037,34.859233,NA,"2016-02-04",2,20,20,20,20,20,0,-0.24467342681022,0.235241398222221
"Malawi","women_vitA","507","Karonga","TA Kyungu",-9.912457,33.926073,NA,"2016-01-19",1,7,7,7,7,7,0,-0.193450843615905,0.263061658718992
"Malawi","women_vitA","511","Dedza","TA Tambala",-14.080039,34.245132,NA,"2016-02-11",2,10,10,10,10,10,0.1,-0.134507241104292,0.369338981719445
"Malawi","women_vitA","517","Lilongwe","TA Chiseka",-14.095607,33.602099,NA,"2015-12-19",12,9,9,9,9,9,0,-0.428884728357518,0.302273808450997
"Malawi","women_vitA","531","Nkhata Bay","SC Malanda",-11.840946,34.158545,NA,"2016-02-02",2,5,5,5,5,5,0,-0.426089827220808,0.277517546526219
"Malawi","women_vitA","571","Nkhata Bay","TA Fukamapiri",-11.915336,34.041498,NA,"2016-02-07",2,5,5,5,5,5,0,-0.327770882657829,0.217885426731729
"Malawi","women_vitA","58","Nsanje","TA Ndamera",-17.084169,35.193611,NA,"2016-01-29",1,6,6,6,6,6,0,-0.206724590005694,0.364244965717633
"Malawi","women_vitA","593","Chiradzulu","TA Kadewere",-15.711575,35.262632,NA,"2016-02-11",2,9,9,9,9,9,0,-0.304766397051237,0.217729898900263
"Malawi","women_vitA","6","Mzimba","TA Chindi",-11.355628,33.380949,NA,"2015-12-19",12,9,9,9,9,9,0,-0.534733097125918,0.235167340512386
"Malawi","women_vitA","601","Ntcheu","SC Makwangwala",-14.768256,34.744101,NA,"2016-02-02",2,11,11,11,11,11,0,-0.343846007345827,0.330318730202397
"Malawi","women_vitA","607","Nkhotakota","TA Kanyenda",-12.460592,34.053205,NA,"2016-01-13",1,9,9,9,9,9,0,-0.437848661426466,0.26252342651986
"Malawi","women_vitA","64","Zomba","TA Malemia",-15.277248,35.413168,NA,"2016-01-20",1,12,12,12,12,12,0,-0.0265359085575538,0.33886322255097
"Malawi","women_vitA","641","Nkhata Bay","TA Musisya",-11.232238,34.205223,NA,"2015-12-22",12,4,4,4,4,4,0,-0.593437027003801,0.608572338951399
"Malawi","women_vitA","665","Ntchisi","SC Chilooko",-13.087539,33.862751,NA,"2016-02-03",2,7,7,7,7,7,0,-0.321884521169834,0.337005851505987
"Malawi","women_vitA","670","Dowa","SC Mkukula",-13.721499,33.82734,NA,"2016-02-04",2,11,11,11,11,11,0,-0.217918827409158,0.177043497163246
"Malawi","women_vitA","676","Mzimba","Mzimba Boma",-11.910534,33.586952,NA,"2016-02-14",2,8,8,8,8,8,0,-0.277165827551378,0.240083960349505
"Malawi","women_vitA","704","Thyolo","TA Nchilamwela",-16.073277,35.189154,NA,"2016-01-21",1,2,2,2,2,2,0,-0.308429956193913,0.633132131438733
"Malawi","women_vitA","720","Mwanza","Majete Game Reserve - Mwanza",-15.777152,34.58384,NA,"2016-01-18",1,11,11,11,11,11,0,-0.249844252844453,0.294473514777346
"Malawi","women_vitA","736","Mchinji","SC Dambe",-13.604173,33.182008,NA,"2016-01-14",1,12,12,12,12,12,0.0833333333333333,-0.172490509089604,0.433956619393363
"Malawi","women_vitA","74","Mwanza","TA Nthache",-15.730273,34.401844,NA,"2016-01-16",1,10,10,10,10,10,0.1,-0.230455103380794,0.44182407187491
"Malawi","women_vitA","743","Balaka","TA Kalembo",-14.840779,35.274274,NA,"2015-12-12",12,5,5,5,5,5,0,-0.456268632848057,0.284781550102876
"Malawi","women_vitA","772","Kasungu","TA Santhe",-13.386622,33.302506,NA,"2016-01-12",1,10,10,10,10,10,0.1,-0.285882085018954,0.387641282919732
"Malawi","women_vitA","777","Lilongwe","Lilongwe City",-14.018083,33.77389,NA,"2016-01-20",1,4,4,4,4,4,0.25,0.0382501228868685,0.517468993615247
"Malawi","women_vitA","780","Rumphi","SC Mwankhunikira",-10.983559,34.062177,NA,"2016-02-01",2,7,7,7,7,7,0,-0.50278376653158,0.252380697642168
"Malawi","women_vitA","782","Neno","TA Ngozi",-15.36742,34.658742,NA,"2015-12-19",12,9,9,9,9,9,0,-0.63476768752116,0.353629304101376
"Malawi","women_vitA","813","Chitipa","TA Mwenemisuku",-9.637926,33.510705,NA,"2015-12-20",12,4,4,4,4,4,0,-0.337189035245277,0.27297832255352
"Malawi","women_vitA","817","Chitipa","TA Mwenemisuku",-9.702921,33.422587,NA,"2016-01-22",1,9,9,9,9,9,0,-0.419302575477196,0.248729620493877
"Malawi","women_vitA","822","Kasungu","TA Mwase",-12.927273,33.409728,NA,"2015-12-18",12,7,7,7,7,7,0,-0.502087144577953,0.232104496666922
"Malawi","women_vitA","825","Salima","TA Khombedza",-13.677138,34.225683,NA,"2016-01-26",1,3,3,3,3,3,0,0.0687621447492623,0.233095875247002
"Malawi","women_vitA","827","Nkhotakota","Nkhotakota Boma",-12.9387742,34.29413447,NA,"2016-01-18",1,6,6,6,6,6,0,-0.221229904674481,0.257297242908729
"Malawi","women_vitA","829","Dedza","TA Pemba",-14.376875,34.044475,NA,"2016-02-13",2,16,16,16,16,16,0,-0.305453161227148,0.357348587703535
"Malawi","women_vitA","830","Karonga","TA Kyungu",-10.13705,33.949382,NA,"2016-02-15",2,7,7,7,7,7,0,-0.361908980680372,0.505930341388944
"Malawi","women_vitA","832","Ntcheu","SC Goodson Ganya",-14.706152,34.756621,NA,"2016-01-31",1,11,11,11,11,11,0,-0.264653812186441,0.266307989836469
"Malawi","women_vitA","836","Dowa","SC Kayembe",-13.4922,33.47325,NA,"2016-02-06",2,7,7,7,7,7,0,-0.448126714762114,0.310905055424545
"Malawi","women_vitA","842","Zomba","SC Mbiza",-15.553532,35.286338,NA,"2016-01-23",1,8,8,8,8,8,0.125,-0.196524094591376,0.284746502242381
"Malawi","women_vitA","86","Chitipa","Nyika N.P. - Chitipa",-10.455422,33.66179,NA,"2016-01-16",1,4,4,4,4,4,0,-0.219875813600106,0.118545987747193
"Malawi","women_vitA","96","Mulanje","TA Mabuka",-16.079989,35.422405,NA,"2016-02-03",2,11,11,11,11,11,0,-0.535516584107621,0.377672720853702
"Malawi","child_iron","101","Rumphi","SC Kachulu",-10.595395,34.096022,NA,"2016-02-05",2,9,9,9,9,9,0.666666666666667,-2.39704361995375,0.839122156514068
"Malawi","child_iron","114","Rumphi","Rumphi Boma",-11.024879,33.8439,NA,"2016-01-25",1,10,10,10,10,10,0.5,-2.68290067243354,0.879346291472526
"Malawi","child_iron","136","Ntchisi","SC Nthondo",-13.240763,34.022746,NA,"2015-12-21",12,17,17,17,17,17,0.117647058823529,-3.48342630289673,0.676463688998044
"Malawi","child_iron","140","Chitipa","TA Mwabulambya",-9.515626,33.331837,NA,"2015-12-12",12,7,7,7,7,7,0.142857142857143,-3.39857440345345,0.738239474409031
"Malawi","child_iron","145","Blantyre","TA Kuntaja",-15.589053,34.903272,NA,"2015-12-08",12,2,2,2,2,2,0,-2.66310026792057,0.18184880656605
"Malawi","child_iron","150","Ntchisi","TA Kalumo",-13.325075,33.903215,NA,"2015-12-12",12,12,12,12,12,12,0.0833333333333333,-3.61355225086068,0.792737696630815
"Malawi","child_iron","16","Nsanje","Nsanje Boma",-16.925869,35.259417,NA,"2016-01-24",1,4,4,4,4,4,0.5,-2.83285647031985,1.02866678487442
"Malawi","child_iron","162","Chitipa","Chitipa Boma",-9.694077,33.266921,NA,"2016-02-15",2,5,5,5,5,5,0.6,-2.54052646641905,0.954383917872101
"Malawi","child_iron","170","Salima","TA Maganga",-13.831091,34.565592,NA,"2016-01-11",1,12,12,12,12,12,0.0833333333333333,-3.47432268790173,0.606022011366039
"Malawi","child_iron","178","Karonga","TA Wasambo",-10.555269,34.181315,NA,"2016-02-12",2,15,15,15,15,15,0.133333333333333,-3.0164148402337,0.572246734415336
"Malawi","child_iron","18","Mzimba","TA Chindi",-11.488252,33.536393,NA,"2015-12-15",12,12,12,12,12,12,0.333333333333333,-2.97160201305074,1.06490806976944
"Malawi","child_iron","185","Nkhata Bay","TA Kabunduli",-11.601547,33.975359,NA,"2015-12-13",12,17,17,17,17,17,0.176470588235294,-3.26459601201505,0.752216726802898
"Malawi","child_iron","190","Blantyre","Blantyre City",-15.84255,35.07702,NA,"2016-01-13",1,3,3,3,3,3,0.333333333333333,-2.91060839771484,1.2094883406707
"Malawi","child_iron","192","Salima","TA Karonga",-13.76226,34.448408,NA,"2016-01-30",1,7,7,7,7,7,0.142857142857143,-3.44335334468903,0.946126952083885
"Malawi","child_iron","193","Chiradzulu","TA Nchema",-15.579211,35.230572,NA,"2016-02-13",2,13,13,13,13,13,0.153846153846154,-3.42910801034745,0.74753462547072
"Malawi","child_iron","194","Mulanje","TA Mabuka",-16.116085,35.576128,NA,"2016-02-01",2,7,7,7,7,7,0.142857142857143,-3.2387683593231,0.576821749907525
"Malawi","child_iron","195","Neno","TA Ngozi",-15.394406,34.654953,NA,"2015-12-21",12,8,8,8,8,8,0.25,-2.99776949950478,0.844693538355205
"Malawi","child_iron","200","Nsanje","SC Mbenje",-16.535239,35.017915,NA,"2016-01-25",1,16,16,16,16,16,0.3125,-2.85242247756276,0.495776528847825
"Malawi","child_iron","205","Nkhata Bay","TA Timbiri",-11.561003,34.130245,NA,"2016-01-16",1,12,12,12,12,12,0,-3.79234902280924,0.622277376970153
"Malawi","child_iron","209","Salima","SC Kambwiri",-13.939307,34.351485,NA,"2016-01-28",1,13,13,13,13,13,0.0769230769230769,-3.4721457944544,0.506744196746409
"Malawi","child_iron","218","Zomba","TA Malemia",-15.33343,35.393138,NA,"2016-01-16",1,20,20,20,20,20,0.3,-3.21569492415257,1.0833010864226
"Malawi","child_iron","219","Nkhotakota","TA Malenga Chanzi",-12.926376,34.24465,NA,"2016-01-15",1,9,9,9,9,9,0.222222222222222,-2.99947873168324,0.700004936724042
"Malawi","child_iron","223","Kasungu","TA Kaluluma",-12.61724,33.527656,NA,"2015-12-16",12,8,8,8,8,8,0.125,-3.08450988874275,0.777635191227824
"Malawi","child_iron","227","Nkhata Bay","TA Timbiri",-11.62631,34.309163,NA,"2016-02-04",2,6,6,6,6,6,0.166666666666667,-3.00171855676564,0.631472663521052
"Malawi","child_iron","23","Mangochi","TA Nankumba",-14.2194,35.03196,NA,"2016-01-11",1,17,17,17,17,17,0.117647058823529,-3.22584691249886,0.692370951706087
"Malawi","child_iron","232","Chiradzulu","TA Mpama",-15.672944,35.168972,NA,"2016-02-09",2,6,6,6,6,6,0.166666666666667,-3.014268095481,0.738188478159195
"Malawi","child_iron","234","Mangochi","TA Mponda",-14.499113,35.238288,NA,"2015-12-24",12,7,7,7,7,7,0.285714285714286,-2.80937973468252,0.868404811866658
"Malawi","child_iron","238","Dowa","TA Dzoole",-13.558987,33.692654,NA,"2016-02-11",2,3,3,3,3,3,0,-3.64876911371453,0.580873170483248
"Malawi","child_iron","240","Ntcheu","TA Phambala",-14.985556,34.812621,NA,"2016-02-07",2,13,13,13,13,13,0.0769230769230769,-3.25904054718722,0.751649794257503
"Malawi","child_iron","242","Rumphi","TA Chikulamayembe",-10.997424,33.756492,NA,"2016-02-03",2,10,10,10,10,10,0.3,-2.9182787073544,0.909077116747823
"Malawi","child_iron","245","Dedza","TA Kaphuka",-14.161537,34.103118,NA,"2016-01-21",1,10,10,10,10,10,0.1,-3.31334674430564,0.833172789258553
"Malawi","child_iron","253","Phalombe","TA Mkhumba",-15.589167,35.580363,NA,"2016-01-26",1,20,20,20,20,20,0.4,-2.67114770346294,0.801515133494535
"Malawi","child_iron","270","Mzimba","TA Mabulabo",-12.6706745,33.63307452,NA,"2016-02-15",2,18,18,18,18,18,0.0555555555555556,-3.51054452541655,0.662846560844459
"Malawi","child_iron","271","Mchinji","TA Zulu",-13.789041,33.062838,NA,"2016-01-29",1,12,12,12,12,12,0.166666666666667,-3.12981465706577,0.795416411285933
"Malawi","child_iron","276","Mulanje","SC Juma",-15.773532,35.313075,NA,"2015-12-15",12,14,14,14,14,14,0.285714285714286,-2.88002870827283,0.805004697977869
"Malawi","child_iron","282","Neno","TA Symon",-15.357777,34.847055,NA,"2016-02-11",2,7,7,7,7,7,0.285714285714286,-2.87592237231141,0.603587957602915
"Malawi","child_iron","294","Lilongwe","TA Khongoni",-13.84457,33.416591,NA,"2015-12-12",12,8,8,8,8,8,0,-3.33269199967568,0.559742847045914
"Malawi","child_iron","303","Balaka","TA Nsamala",-15.131348,34.988559,NA,"2015-12-15",12,6,6,6,6,6,0.333333333333333,-2.83711643897698,0.7208551201042
"Malawi","child_iron","309","Karonga","Karonga Town",-9.943894,33.870706,NA,"2016-02-09",2,11,11,11,11,11,0.0909090909090909,-3.16731062308137,0.552134953342334
"Malawi","child_iron","315","Kasungu","SC Kawamba",-13.22161,33.319757,NA,"2016-01-23",1,14,14,14,14,14,0.285714285714286,-2.98107698108308,0.92999949275237
"Malawi","child_iron","342","Nkhata Bay","TA Timbiri",-11.665269,34.259462,NA,"2016-01-22",1,14,14,14,14,14,0.0714285714285714,-3.38753955794463,0.897684710604217
"Malawi","child_iron","344","Mangochi","SC Chowe",-14.744133,35.44785,NA,"2015-12-19",12,10,10,10,10,10,0.3,-2.93441577183743,0.562152249559332
"Malawi","child_iron","361","Karonga","TA Kilupula",-9.769701,33.857402,NA,"2015-12-18",12,7,7,7,7,7,0,-3.37161347142361,0.431435420132188
"Malawi","child_iron","369","Lilongwe","TA Kabudula",-13.745669,33.466422,NA,"2015-12-17",12,8,8,8,8,8,0.25,-2.81242804779473,0.589184575418291
"Malawi","child_iron","37","Mzimba","Mzuzu City",-11.436618,34.022728,NA,"2016-01-19",1,3,3,3,3,3,0.666666666666667,-2.29779509808103,0.383268369480811
"Malawi","child_iron","377","Ntcheu","TA Njolomole",-14.702695,34.624724,NA,"2016-02-04",2,15,15,15,15,15,0.2,-3.40422991066294,0.921438502274406
"Malawi","child_iron","387","Mzimba","Mzuzu City",-11.430109,34.021246,NA,"2016-01-15",1,7,7,7,7,7,0.285714285714286,-3.05142687596488,0.762308878534619
"Malawi","child_iron","388","Karonga","TA Kyungu",-9.89023,33.88321,NA,"2016-01-12",1,11,11,11,11,11,0.272727272727273,-2.98565234529889,0.619042718401501
"Malawi","child_iron","389","Rumphi","TA Chikulamayembe",-10.890318,33.755668,NA,"2016-02-01",2,17,17,17,17,17,0.411764705882353,-2.60241007039217,0.817590533603278
"Malawi","child_iron","398","Blantyre","Blantyre City",-15.762764,35.076797,NA,"2015-12-09",12,6,6,6,6,6,0.5,-2.70709613685485,0.717317054195417
"Malawi","child_iron","401","Phalombe","TA Mkhumba",-15.799683,35.646256,NA,"2015-12-12",12,8,8,8,8,8,0,-3.58582697236014,0.647555472934873
"Malawi","child_iron","405","Rumphi","Rumphi Boma",-11.026453,33.862539,NA,"2016-01-27",1,7,7,7,7,7,0.285714285714286,-2.50308327319121,1.06994956138635
"Malawi","child_iron","410","Machinga","TA Kawinga",-14.950212,35.547289,NA,"2016-01-13",1,18,18,18,18,18,0.222222222222222,-3.09564604117374,0.719800718474148
"Malawi","child_iron","420","Mzimba","TA Mtwalo",-11.379743,33.801792,NA,"2016-01-11",1,14,14,14,14,14,0.214285714285714,-3.08825280341003,0.756263068453976
"Malawi","child_iron","43","Chikwawa","TA Kasisi",-15.878002,34.824152,NA,"2016-02-01",2,9,9,9,9,9,0.111111111111111,-3.33604907314633,0.624853247132681
"Malawi","child_iron","435","Mchinji","SC Mduwa",-13.666144,33.268038,NA,"2016-01-18",1,14,14,14,14,14,0.0714285714285714,-3.43501875111582,0.629588996511321
"Malawi","child_iron","444","Thyolo","SC Mbawela",-16.28729,35.203263,NA,"2016-01-11",1,11,11,11,11,11,0.181818181818182,-3.12728702326312,0.833030316413862
"Malawi","child_iron","448","Nkhotakota","TA Mwadzama",-13.286441,34.30997,NA,"2016-01-19",1,19,19,19,19,19,0.315789473684211,-3.00115482670327,0.957999976622917
"Malawi","child_iron","459","Karonga","TA Kilupula",-9.705209,33.894951,NA,"2015-12-14",12,12,12,12,12,12,0.25,-3.0370775124629,0.569412792385129
"Malawi","child_iron","461","Chitipa","TA Mwenewenya",-10.038388,33.583143,NA,"2016-01-25",1,15,15,15,15,15,0.266666666666667,-2.95799232117457,0.760189323702752
"Malawi","child_iron","464","Mzimba","TA M'Mbelwa",-12.327912,33.421892,NA,"2016-02-11",2,19,19,19,19,19,0.315789473684211,-2.89930550251742,0.735847908220383
"Malawi","child_iron","468","Phalombe","TA Mkhumba",-15.829211,35.585935,NA,"2016-01-29",1,7,7,7,7,7,0.428571428571429,-2.67673396046027,0.735322228980071
"Malawi","child_iron","497","Rumphi","SC Chapinduka",-10.888588,34.194431,NA,"2016-01-29",1,11,11,11,11,11,0.363636363636364,-2.67593655754281,0.88542475786327
"Malawi","child_iron","498","Dowa","SC Mponela",-13.583471,33.776254,NA,"2016-02-09",2,7,7,7,7,7,0.142857142857143,-3.26584508425252,0.758415561059956
"Malawi","child_iron","5","Mchinji","TA Mlonyeni",-13.891912,33.000702,NA,"2016-01-26",1,12,12,12,12,12,0.166666666666667,-3.40888526129961,0.827760948950195
"Malawi","child_iron","503","Thyolo","TA Bvumbwe",-16.008131,35.025197,NA,"2016-02-07",2,11,11,11,11,11,0.181818181818182,-3.31329073892485,0.763995494261874
"Malawi","child_iron","505","Chikwawa","TA Lundu",-16.167037,34.859233,NA,"2016-02-04",2,16,16,16,16,16,0.5,-2.47438778521515,0.577541442643473
"Malawi","child_iron","507","Karonga","TA Kyungu",-9.912457,33.926073,NA,"2016-01-19",1,14,14,14,14,14,0.142857142857143,-2.99801369742727,0.637466280448214
"Malawi","child_iron","511","Dedza","TA Tambala",-14.080039,34.245132,NA,"2016-02-11",2,18,18,18,18,18,0.0555555555555556,-3.82064628903155,0.642498113606999
"Malawi","child_iron","517","Lilongwe","TA Chiseka",-14.095607,33.602099,NA,"2015-12-19",12,13,13,13,13,13,0,-3.49378563240614,0.595851728701883
"Malawi","child_iron","531","Nkhata Bay","SC Malanda",-11.840946,34.158545,NA,"2016-02-02",2,7,7,7,7,7,0.142857142857143,-3.4353667014178,0.721138948135479
"Malawi","child_iron","571","Nkhata Bay","TA Fukamapiri",-11.915336,34.041498,NA,"2016-02-07",2,12,12,12,12,12,0,-3.92622327103687,0.359276153898086
"Malawi","child_iron","58","Nsanje","TA Ndamera",-17.084169,35.193611,NA,"2016-01-29",1,10,10,10,10,10,0.1,-3.22890691267272,0.722510301624617
"Malawi","child_iron","593","Chiradzulu","TA Kadewere",-15.711575,35.262632,NA,"2016-02-11",2,16,16,16,16,16,0.1875,-3.26467867773292,0.721959810797592
"Malawi","child_iron","6","Mzimba","TA Chindi",-11.355628,33.380949,NA,"2015-12-19",12,13,13,13,13,13,0.230769230769231,-2.88928805206024,0.762875092010632
"Malawi","child_iron","601","Ntcheu","SC Makwangwala",-14.768256,34.744101,NA,"2016-02-02",2,13,13,13,13,13,0.307692307692308,-2.79236848926564,0.856946775939191
"Malawi","child_iron","607","Nkhotakota","TA Kanyenda",-12.460592,34.053205,NA,"2016-01-13",1,15,15,15,15,15,0.133333333333333,-3.52518108009517,0.747196951178904
"Malawi","child_iron","64","Zomba","TA Malemia",-15.277248,35.413168,NA,"2016-01-20",1,26,26,26,26,26,0.153846153846154,-3.35393531476648,0.56692204496177
"Malawi","child_iron","641","Nkhata Bay","TA Musisya",-11.232238,34.205223,NA,"2015-12-22",12,13,13,13,13,13,0.153846153846154,-3.26735159586135,0.755455572253113
"Malawi","child_iron","665","Ntchisi","SC Chilooko",-13.087539,33.862751,NA,"2016-02-03",2,10,10,10,10,10,0.2,-3.35712644697085,0.756231779130167
"Malawi","child_iron","670","Dowa","SC Mkukula",-13.721499,33.82734,NA,"2016-02-04",2,9,9,9,9,9,0.111111111111111,-3.65644958037851,0.739885689404994
"Malawi","child_iron","676","Mzimba","Mzimba Boma",-11.910534,33.586952,NA,"2016-02-14",2,6,6,6,6,6,0.333333333333333,-2.83320421535129,0.890745808221068
"Malawi","child_iron","704","Thyolo","TA Nchilamwela",-16.073277,35.189154,NA,"2016-01-21",1,1,1,1,1,1,0,-3.46274575414097,NA
"Malawi","child_iron","720","Mwanza","Majete Game Reserve - Mwanza",-15.777152,34.58384,NA,"2016-01-18",1,11,11,11,11,11,0.0909090909090909,-3.51252619518963,0.747480897885757
"Malawi","child_iron","736","Mchinji","SC Dambe",-13.604173,33.182008,NA,"2016-01-14",1,21,21,21,21,21,0.19047619047619,-3.06821615908608,0.659509691705024
"Malawi","child_iron","74","Mwanza","TA Nthache",-15.730273,34.401844,NA,"2016-01-16",1,5,5,5,5,5,0,-3.49025226268422,0.560110743254373
"Malawi","child_iron","743","Balaka","TA Kalembo",-14.840779,35.274274,NA,"2015-12-12",12,7,7,7,7,7,0.571428571428571,-2.33156108033117,0.68135087204129
"Malawi","child_iron","772","Kasungu","TA Santhe",-13.386622,33.302506,NA,"2016-01-12",1,10,10,10,10,10,0.2,-3.281684284649,0.679924293703787
"Malawi","child_iron","777","Lilongwe","Lilongwe City",-14.018083,33.77389,NA,"2016-01-20",1,10,10,10,10,10,0.6,-2.28900543748241,0.76062382022909
"Malawi","child_iron","780","Rumphi","SC Mwankhunikira",-10.983559,34.062177,NA,"2016-02-01",2,5,5,5,5,5,0.2,-3.19683465182115,0.684429271295183
"Malawi","child_iron","782","Neno","TA Ngozi",-15.36742,34.658742,NA,"2015-12-19",12,8,8,8,8,8,0.5,-2.7720599577458,0.893926409512449
"Malawi","child_iron","813","Chitipa","TA Mwenemisuku",-9.637926,33.510705,NA,"2015-12-20",12,7,7,7,7,7,0,-3.42757625320375,0.547203412740667
"Malawi","child_iron","817","Chitipa","TA Mwenemisuku",-9.702921,33.422587,NA,"2016-01-22",1,9,9,9,9,9,0.111111111111111,-2.94594409198177,0.393338851745011
"Malawi","child_iron","822","Kasungu","TA Mwase",-12.927273,33.409728,NA,"2015-12-18",12,9,9,9,9,9,0.111111111111111,-3.31533299500104,0.798831533674312
"Malawi","child_iron","825","Salima","TA Khombedza",-13.677138,34.225683,NA,"2016-01-26",1,11,11,11,11,11,0.181818181818182,-3.26058506990781,0.81452693900731
"Malawi","child_iron","827","Nkhotakota","Nkhotakota Boma",-12.9387742,34.29413447,NA,"2016-01-18",1,6,6,6,6,6,0.166666666666667,-3.15381007288489,0.709756162944483
"Malawi","child_iron","829","Dedza","TA Pemba",-14.376875,34.044475,NA,"2016-02-13",2,32,32,32,32,32,0,-3.52114567137361,0.429932018011006
"Malawi","child_iron","830","Karonga","TA Kyungu",-10.13705,33.949382,NA,"2016-02-15",2,18,18,18,18,18,0.222222222222222,-2.99379033834737,0.669157723390411
"Malawi","child_iron","832","Ntcheu","SC Goodson Ganya",-14.706152,34.756621,NA,"2016-01-31",1,13,13,13,13,13,0.153846153846154,-3.20857977751952,0.899000936123007
"Malawi","child_iron","836","Dowa","SC Kayembe",-13.4922,33.47325,NA,"2016-02-06",2,8,8,8,8,8,0.125,-3.00251529906271,0.43953443759997
"Malawi","child_iron","842","Zomba","SC Mbiza",-15.553532,35.286338,NA,"2016-01-23",1,14,14,14,14,14,0,-3.62129881478157,0.603590423639828
"Malawi","child_iron","86","Chitipa","Nyika N.P. - Chitipa",-10.455422,33.66179,NA,"2016-01-16",1,10,10,10,10,10,0.1,-3.06488465080509,0.671245938049841
"Malawi","child_iron","96","Mulanje","TA Mabuka",-16.079989,35.422405,NA,"2016-02-03",2,11,11,11,11,11,0.272727272727273,-3.22804654820644,0.989350371954828
"Malawi","women_iron","101","Rumphi","SC Kachulu",-10.595395,34.096022,NA,"2016-02-05",2,6,6,6,6,6,0.5,-3.0780891749389,0.885712491605847
"Malawi","women_iron","114","Rumphi","Rumphi Boma",-11.024879,33.8439,NA,"2016-01-25",1,8,8,8,8,8,0.375,-2.97427068377203,0.94033759799182
"Malawi","women_iron","136","Ntchisi","SC Nthondo",-13.240763,34.022746,NA,"2015-12-21",12,8,8,8,8,8,0,-3.38724819429338,0.406429409513965
"Malawi","women_iron","140","Chitipa","TA Mwabulambya",-9.515626,33.331837,NA,"2015-12-12",12,14,14,14,14,14,0.285714285714286,-3.5919695617192,0.900333030063513
"Malawi","women_iron","145","Blantyre","TA Kuntaja",-15.589053,34.903272,NA,"2015-12-08",12,2,2,2,2,2,0.5,-2.7772006776282,0.45450766159897
"Malawi","women_iron","150","Ntchisi","TA Kalumo",-13.325075,33.903215,NA,"2015-12-12",12,4,4,4,4,4,0,-4.27706760821181,0.497220113813543
"Malawi","women_iron","16","Nsanje","Nsanje Boma",-16.925869,35.259417,NA,"2016-01-24",1,6,6,6,6,6,0.333333333333333,-3.21042235918587,0.596758384251836
"Malawi","women_iron","162","Chitipa","Chitipa Boma",-9.694077,33.266921,NA,"2016-02-15",2,3,3,3,3,3,0.666666666666667,-3.12453572555348,1.7500847649027
"Malawi","women_iron","170","Salima","TA Maganga",-13.831091,34.565592,NA,"2016-01-11",1,10,10,10,10,10,0.3,-3.01681637570877,0.699911422789943
"Malawi","women_iron","178","Karonga","TA Wasambo",-10.555269,34.181315,NA,"2016-02-12",2,6,6,6,6,6,0.333333333333333,-3.57986843582569,1.07062970848918
"Malawi","women_iron","18","Mzimba","TA Chindi",-11.488252,33.536393,NA,"2015-12-15",12,7,7,7,7,7,0.142857142857143,-3.43420928253368,0.760009720929078
"Malawi","women_iron","185","Nkhata Bay","TA Kabunduli",-11.601547,33.975359,NA,"2015-12-13",12,5,5,5,5,5,0,-3.63143514177027,0.468212271886605
"Malawi","women_iron","190","Blantyre","Blantyre City",-15.84255,35.07702,NA,"2016-01-13",1,3,3,3,3,3,0,-3.64380791555256,0.632643769499412
"Malawi","women_iron","192","Salima","TA Karonga",-13.76226,34.448408,NA,"2016-01-30",1,7,7,7,7,7,0.285714285714286,-3.22197303315477,0.878652668688877
"Malawi","women_iron","193","Chiradzulu","TA Nchema",-15.579211,35.230572,NA,"2016-02-13",2,11,11,11,11,11,0,-3.85654749589336,0.463917599523586
"Malawi","women_iron","194","Mulanje","TA Mabuka",-16.116085,35.576128,NA,"2016-02-01",2,10,10,10,10,10,0.1,-3.75740947609154,0.796098522146027
"Malawi","women_iron","195","Neno","TA Ngozi",-15.394406,34.654953,NA,"2015-12-21",12,6,6,6,6,6,0,-3.86429650837102,0.596120178202502
"Malawi","women_iron","200","Nsanje","SC Mbenje",-16.535239,35.017915,NA,"2016-01-25",1,9,9,9,9,9,0.222222222222222,-3.35310405952027,0.818915128119582
"Malawi","women_iron","205","Nkhata Bay","TA Timbiri",-11.561003,34.130245,NA,"2016-01-16",1,6,6,6,6,6,0,-3.7433519734309,0.601150143726776
"Malawi","women_iron","209","Salima","SC Kambwiri",-13.939307,34.351485,NA,"2016-01-28",1,6,6,6,6,6,0,-3.60559239957966,0.479761416213131
"Malawi","women_iron","218","Zomba","TA Malemia",-15.33343,35.393138,NA,"2016-01-16",1,10,10,10,10,10,0.6,-3.01534913423738,0.593868515012329
"Malawi","women_iron","219","Nkhotakota","TA Malenga Chanzi",-12.926376,34.24465,NA,"2016-01-15",1,6,6,6,6,6,0.333333333333333,-2.98566177583109,0.986012434732928
"Malawi","women_iron","223","Kasungu","TA Kaluluma",-12.61724,33.527656,NA,"2015-12-16",12,10,10,10,10,10,0.1,-3.40296399811678,0.567125046856994
"Malawi","women_iron","227","Nkhata Bay","TA Timbiri",-11.62631,34.309163,NA,"2016-02-04",2,12,12,12,12,12,0.333333333333333,-3.30012099704044,0.922474976639185
"Malawi","women_iron","23","Mangochi","TA Nankumba",-14.2194,35.03196,NA,"2016-01-11",1,11,11,11,11,11,0.272727272727273,-3.30246394565789,0.87153651371377
"Malawi","women_iron","232","Chiradzulu","TA Mpama",-15.672944,35.168972,NA,"2016-02-09",2,8,8,8,8,8,0.25,-3.33954283031416,0.926977986817896
"Malawi","women_iron","234","Mangochi","TA Mponda",-14.499113,35.238288,NA,"2015-12-24",12,5,5,5,5,5,0.8,-2.23906344615746,0.351247735171436
"Malawi","women_iron","238","Dowa","TA Dzoole",-13.558987,33.692654,NA,"2016-02-11",2,8,8,8,8,8,0.25,-3.25557579038502,0.697951834196405
"Malawi","women_iron","240","Ntcheu","TA Phambala",-14.985556,34.812621,NA,"2016-02-07",2,10,10,10,10,10,0,-3.71404427572049,0.420420695405969
"Malawi","women_iron","242","Rumphi","TA Chikulamayembe",-10.997424,33.756492,NA,"2016-02-03",2,5,5,5,5,5,0.2,-3.3416706293014,0.799527862742826
"Malawi","women_iron","245","Dedza","TA Kaphuka",-14.161537,34.103118,NA,"2016-01-21",1,6,6,6,6,6,0.166666666666667,-3.47100363876898,0.52171546299561
"Malawi","women_iron","253","Phalombe","TA Mkhumba",-15.589167,35.580363,NA,"2016-01-26",1,6,6,6,6,6,0.166666666666667,-3.47022461672903,0.770338009400426
"Malawi","women_iron","270","Mzimba","TA Mabulabo",-12.6706745,33.63307452,NA,"2016-02-15",2,5,5,5,5,5,0,-3.62934058311228,0.607721501982419
"Malawi","women_iron","271","Mchinji","TA Zulu",-13.789041,33.062838,NA,"2016-01-29",1,8,8,8,8,8,0.125,-3.7254653598002,0.71678179490403
"Malawi","women_iron","276","Mulanje","SC Juma",-15.773532,35.313075,NA,"2015-12-15",12,3,3,3,3,3,0.333333333333333,-4.07079719401063,2.37268782984781
"Malawi","women_iron","282","Neno","TA Symon",-15.357777,34.847055,NA,"2016-02-11",2,8,8,8,8,8,0.375,-3.03477286656171,0.660769658945983
"Malawi","women_iron","294","Lilongwe","TA Khongoni",-13.84457,33.416591,NA,"2015-12-12",12,6,6,6,6,6,0.166666666666667,-3.59136863325832,0.612689286497211
"Malawi","women_iron","303","Balaka","TA Nsamala",-15.131348,34.988559,NA,"2015-12-15",12,5,5,5,5,5,0.4,-2.91282209366299,0.45081781812452
"Malawi","women_iron","309","Karonga","Karonga Town",-9.943894,33.870706,NA,"2016-02-09",2,12,12,12,12,12,0.166666666666667,-3.34953442018045,0.855025489545506
"Malawi","women_iron","315","Kasungu","SC Kawamba",-13.22161,33.319757,NA,"2016-01-23",1,7,7,7,7,7,0,-3.73554419633889,0.428245929688422
"Malawi","women_iron","342","Nkhata Bay","TA Timbiri",-11.665269,34.259462,NA,"2016-01-22",1,7,7,7,7,7,0.142857142857143,-3.16286178627138,0.348734208470438
"Malawi","women_iron","344","Mangochi","SC Chowe",-14.744133,35.44785,NA,"2015-12-19",12,8,8,8,8,8,0,-3.60577868137071,0.468980714323568
"Malawi","women_iron","361","Karonga","TA Kilupula",-9.769701,33.857402,NA,"2015-12-18",12,3,3,3,3,3,0,-3.96506118893076,0.515163489486034
"Malawi","women_iron","369","Lilongwe","TA Kabudula",-13.745669,33.466422,NA,"2015-12-17",12,8,8,8,8,8,0,-3.92140122238781,0.324013059900588
"Malawi","women_iron","37","Mzimba","Mzuzu City",-11.436618,34.022728,NA,"2016-01-19",1,7,7,7,7,7,0.571428571428571,-2.53663924172872,0.957057692086969
"Malawi","women_iron","377","Ntcheu","TA Njolomole",-14.702695,34.624724,NA,"2016-02-04",2,9,9,9,9,9,0.111111111111111,-3.67834909768116,1.07691227594919
"Malawi","women_iron","387","Mzimba","Mzuzu City",-11.430109,34.021246,NA,"2016-01-15",1,5,5,5,5,5,0.4,-3.1094061091923,1.18684633062368
"Malawi","women_iron","388","Karonga","TA Kyungu",-9.89023,33.88321,NA,"2016-01-12",1,8,8,8,8,8,0.125,-3.6714169225187,0.743594836598357
"Malawi","women_iron","389","Rumphi","TA Chikulamayembe",-10.890318,33.755668,NA,"2016-02-01",2,10,10,10,10,10,0.3,-3.1956190121845,0.695622865217581
"Malawi","women_iron","398","Blantyre","Blantyre City",-15.762764,35.076797,NA,"2015-12-09",12,7,7,7,7,7,0.142857142857143,-3.46450180333252,0.866016352128945
"Malawi","women_iron","401","Phalombe","TA Mkhumba",-15.799683,35.646256,NA,"2015-12-12",12,9,9,9,9,9,0.222222222222222,-3.40932576690366,0.960955581131629
"Malawi","women_iron","405","Rumphi","Rumphi Boma",-11.026453,33.862539,NA,"2016-01-27",1,8,8,8,8,8,0,-3.60807873008372,0.642153648632817
"Malawi","women_iron","410","Machinga","TA Kawinga",-14.950212,35.547289,NA,"2016-01-13",1,8,8,8,8,8,0.25,-3.06312801140696,0.355329860596361
"Malawi","women_iron","420","Mzimba","TA Mtwalo",-11.379743,33.801792,NA,"2016-01-11",1,11,11,11,11,11,0.545454545454545,-2.99254131771419,0.910049768857664
"Malawi","women_iron","43","Chikwawa","TA Kasisi",-15.878002,34.824152,NA,"2016-02-01",2,6,6,6,6,6,0,-3.98719440488481,0.527452613547623
"Malawi","women_iron","435","Mchinji","SC Mduwa",-13.666144,33.268038,NA,"2016-01-18",1,6,6,6,6,6,0,-3.61473815745773,0.51510400582964
"Malawi","women_iron","444","Thyolo","SC Mbawela",-16.28729,35.203263,NA,"2016-01-11",1,10,10,10,10,10,0.3,-3.27171477497928,0.812848759486552
"Malawi","women_iron","448","Nkhotakota","TA Mwadzama",-13.286441,34.30997,NA,"2016-01-19",1,9,9,9,9,9,0.222222222222222,-3.17753465971861,0.698459950316441
"Malawi","women_iron","459","Karonga","TA Kilupula",-9.705209,33.894951,NA,"2015-12-14",12,5,5,5,5,5,0,-3.64059525135417,0.48272536424604
"Malawi","women_iron","461","Chitipa","TA Mwenewenya",-10.038388,33.583143,NA,"2016-01-25",1,7,7,7,7,7,0,-3.58774581547932,0.489936465758543
"Malawi","women_iron","464","Mzimba","TA M'Mbelwa",-12.327912,33.421892,NA,"2016-02-11",2,8,8,8,8,8,0.375,-3.21212330000475,0.933858173070609
"Malawi","women_iron","468","Phalombe","TA Mkhumba",-15.829211,35.585935,NA,"2016-01-29",1,9,9,9,9,9,0.111111111111111,-3.4831821398631,0.634758691514322
"Malawi","women_iron","497","Rumphi","SC Chapinduka",-10.888588,34.194431,NA,"2016-01-29",1,8,8,8,8,8,0,-3.76309990349061,0.494096840819205
"Malawi","women_iron","498","Dowa","SC Mponela",-13.583471,33.776254,NA,"2016-02-09",2,9,9,9,9,9,0.222222222222222,-3.54990862955182,0.788178082783561
"Malawi","women_iron","5","Mchinji","TA Mlonyeni",-13.891912,33.000702,NA,"2016-01-26",1,9,9,9,9,9,0.111111111111111,-3.29345842990913,0.654669399366336
"Malawi","women_iron","503","Thyolo","TA Bvumbwe",-16.008131,35.025197,NA,"2016-02-07",2,15,15,15,15,15,0.0666666666666667,-3.79090911794821,0.561992210789612
"Malawi","women_iron","505","Chikwawa","TA Lundu",-16.167037,34.859233,NA,"2016-02-04",2,20,20,20,20,20,0.3,-3.03495616733416,0.869874304345308
"Malawi","women_iron","507","Karonga","TA Kyungu",-9.912457,33.926073,NA,"2016-01-19",1,7,7,7,7,7,0.285714285714286,-3.18993622050645,0.677032690904478
"Malawi","women_iron","511","Dedza","TA Tambala",-14.080039,34.245132,NA,"2016-02-11",2,10,10,10,10,10,0.1,-3.85474293377412,0.505763542750745
"Malawi","women_iron","517","Lilongwe","TA Chiseka",-14.095607,33.602099,NA,"2015-12-19",12,8,8,8,8,8,0.125,-3.59474036602687,0.848986115794833
"Malawi","women_iron","531","Nkhata Bay","SC Malanda",-11.840946,34.158545,NA,"2016-02-02",2,5,5,5,5,5,0.2,-3.24261230673924,0.696242524714722
"Malawi","women_iron","571","Nkhata Bay","TA Fukamapiri",-11.915336,34.041498,NA,"2016-02-07",2,4,4,4,4,4,0,-3.8396754702772,0.0713163468307627
"Malawi","women_iron","58","Nsanje","TA Ndamera",-17.084169,35.193611,NA,"2016-01-29",1,3,3,3,3,3,0,-3.20039467005747,0.688660883813422
"Malawi","women_iron","593","Chiradzulu","TA Kadewere",-15.711575,35.262632,NA,"2016-02-11",2,9,9,9,9,9,0.222222222222222,-3.41480755051556,0.669795621281822
"Malawi","women_iron","6","Mzimba","TA Chindi",-11.355628,33.380949,NA,"2015-12-19",12,9,9,9,9,9,0.333333333333333,-3.01014762960133,0.914755029355465
"Malawi","women_iron","601","Ntcheu","SC Makwangwala",-14.768256,34.744101,NA,"2016-02-02",2,11,11,11,11,11,0.0909090909090909,-3.59602377138918,0.740862048403436
"Malawi","women_iron","607","Nkhotakota","TA Kanyenda",-12.460592,34.053205,NA,"2016-01-13",1,7,7,7,7,7,0,-3.52960492662635,0.542803292849325
"Malawi","women_iron","64","Zomba","TA Malemia",-15.277248,35.413168,NA,"2016-01-20",1,12,12,12,12,12,0.333333333333333,-2.96653620761996,0.987420651291822
"Malawi","women_iron","641","Nkhata Bay","TA Musisya",-11.232238,34.205223,NA,"2015-12-22",12,4,4,4,4,4,0,-3.54118285032894,0.59775340203245
"Malawi","women_iron","665","Ntchisi","SC Chilooko",-13.087539,33.862751,NA,"2016-02-03",2,7,7,7,7,7,0,-3.82144142026815,0.635197383065715
"Malawi","women_iron","670","Dowa","SC Mkukula",-13.721499,33.82734,NA,"2016-02-04",2,11,11,11,11,11,0.181818181818182,-3.83163375950254,0.886558226516652
"Malawi","women_iron","676","Mzimba","Mzimba Boma",-11.910534,33.586952,NA,"2016-02-14",2,8,8,8,8,8,0.125,-3.43880696871267,0.774997837653823
"Malawi","women_iron","704","Thyolo","TA Nchilamwela",-16.073277,35.189154,NA,"2016-01-21",1,2,2,2,2,2,0,-3.74110024856923,0.426265449469273
"Malawi","women_iron","720","Mwanza","Majete Game Reserve - Mwanza",-15.777152,34.58384,NA,"2016-01-18",1,11,11,11,11,11,0.0909090909090909,-3.42296824132249,0.706353800034064
"Malawi","women_iron","736","Mchinji","SC Dambe",-13.604173,33.182008,NA,"2016-01-14",1,12,12,12,12,12,0.0833333333333333,-3.62558972152454,0.555211730521298
"Malawi","women_iron","74","Mwanza","TA Nthache",-15.730273,34.401844,NA,"2016-01-16",1,9,9,9,9,9,0.222222222222222,-3.30166067732475,0.685808111241044
"Malawi","women_iron","743","Balaka","TA Kalembo",-14.840779,35.274274,NA,"2015-12-12",12,4,4,4,4,4,0,-3.22071276938519,0.336775847837494
"Malawi","women_iron","772","Kasungu","TA Santhe",-13.386622,33.302506,NA,"2016-01-12",1,8,8,8,8,8,0.125,-3.32760760360251,0.716749810215671
"Malawi","women_iron","777","Lilongwe","Lilongwe City",-14.018083,33.77389,NA,"2016-01-20",1,2,2,2,2,2,0,-3.80847650909298,0.0591114235968357
"Malawi","women_iron","780","Rumphi","SC Mwankhunikira",-10.983559,34.062177,NA,"2016-02-01",2,6,6,6,6,6,0.333333333333333,-3.27953175059042,0.521725780530524
"Malawi","women_iron","782","Neno","TA Ngozi",-15.36742,34.658742,NA,"2015-12-19",12,9,9,9,9,9,0.111111111111111,-3.61075859205198,0.814578391964547
"Malawi","women_iron","813","Chitipa","TA Mwenemisuku",-9.637926,33.510705,NA,"2015-12-20",12,4,4,4,4,4,0,-3.7545688985561,0.567672322947385
"Malawi","women_iron","817","Chitipa","TA Mwenemisuku",-9.702921,33.422587,NA,"2016-01-22",1,8,8,8,8,8,0.125,-4.01685047522384,0.80756618402668
"Malawi","women_iron","822","Kasungu","TA Mwase",-12.927273,33.409728,NA,"2015-12-18",12,6,6,6,6,6,0.166666666666667,-3.37963563924562,0.70556990966086
"Malawi","women_iron","825","Salima","TA Khombedza",-13.677138,34.225683,NA,"2016-01-26",1,3,3,3,3,3,0,-3.36358454972257,0.54687900541551
"Malawi","women_iron","827","Nkhotakota","Nkhotakota Boma",-12.9387742,34.29413447,NA,"2016-01-18",1,6,6,6,6,6,0.166666666666667,-3.55430463143186,0.835870694689992
"Malawi","women_iron","829","Dedza","TA Pemba",-14.376875,34.044475,NA,"2016-02-13",2,16,16,16,16,16,0,-3.71076531497447,0.455825878648693
"Malawi","women_iron","830","Karonga","TA Kyungu",-10.13705,33.949382,NA,"2016-02-15",2,6,6,6,6,6,0,-3.79560914238114,0.800287385899321
"Malawi","women_iron","832","Ntcheu","SC Goodson Ganya",-14.706152,34.756621,NA,"2016-01-31",1,10,10,10,10,10,0.2,-3.15352695652045,0.761381497814912
"Malawi","women_iron","836","Dowa","SC Kayembe",-13.4922,33.47325,NA,"2016-02-06",2,6,6,6,6,6,0,-4.00459702366535,0.701912713080331
"Malawi","women_iron","842","Zomba","SC Mbiza",-15.553532,35.286338,NA,"2016-01-23",1,7,7,7,7,7,0,-3.57892968894668,0.586568426881799
"Malawi","women_iron","86","Chitipa","Nyika N.P. - Chitipa",-10.455422,33.66179,NA,"2016-01-16",1,3,3,3,3,3,0.333333333333333,-2.98018827978374,0.568296749720773
"Malawi","women_iron","96","Mulanje","TA Mabuka",-16.079989,35.422405,NA,"2016-02-03",2,11,11,11,11,11,0.181818181818182,-3.78872933158976,0.714927574579273
"Malawi","women_folate","101","Rumphi","SC Kachulu",-10.595395,34.096022,NA,"2016-02-05",2,6,6,6,6,6,0,-2.92570719461486,0.210408459980607
"Malawi","women_folate","114","Rumphi","Rumphi Boma",-11.024879,33.8439,NA,"2016-01-25",1,8,8,8,8,8,0.5,-2.16264572366732,0.687902775421307
"Malawi","women_folate","136","Ntchisi","SC Nthondo",-13.240763,34.022746,NA,"2015-12-21",12,8,8,8,8,8,0,-3.55417342259078,0.538650564220579
"Malawi","women_folate","140","Chitipa","TA Mwabulambya",-9.515626,33.331837,NA,"2015-12-12",12,15,15,15,15,15,0,-3.25640596930865,0.362451719141959
"Malawi","women_folate","145","Blantyre","TA Kuntaja",-15.589053,34.903272,NA,"2015-12-08",12,2,2,2,2,2,0,-3.51565857028458,0.386173950051581
"Malawi","women_folate","150","Ntchisi","TA Kalumo",-13.325075,33.903215,NA,"2015-12-12",12,8,8,8,8,8,0,-3.04671435357586,0.304618208932123
"Malawi","women_folate","16","Nsanje","Nsanje Boma",-16.925869,35.259417,NA,"2016-01-24",1,6,6,6,6,6,0.333333333333333,-2.5060351584947,0.578512371280327
"Malawi","women_folate","162","Chitipa","Chitipa Boma",-9.694077,33.266921,NA,"2016-02-15",2,3,3,3,3,3,0,-3.46532956799879,0.810761077799829
"Malawi","women_folate","170","Salima","TA Maganga",-13.831091,34.565592,NA,"2016-01-11",1,10,10,10,10,10,0.5,-2.42204200737022,0.372547895100244
"Malawi","women_folate","178","Karonga","TA Wasambo",-10.555269,34.181315,NA,"2016-02-12",2,6,6,6,6,6,0.333333333333333,-2.2642892019245,0.435180961422823
"Malawi","women_folate","18","Mzimba","TA Chindi",-11.488252,33.536393,NA,"2015-12-15",12,8,8,8,8,8,0,-3.16409588462534,0.610784551634167
"Malawi","women_folate","185","Nkhata Bay","TA Kabunduli",-11.601547,33.975359,NA,"2015-12-13",12,6,6,6,6,6,0,-2.59988257369056,0.240120271146059
"Malawi","women_folate","190","Blantyre","Blantyre City",-15.84255,35.07702,NA,"2016-01-13",1,5,5,5,5,5,0,-2.82232140447365,0.45334204273365
"Malawi","women_folate","192","Salima","TA Karonga",-13.76226,34.448408,NA,"2016-01-30",1,6,6,6,6,6,1,-2.08124902289673,0.260144968376026
"Malawi","women_folate","193","Chiradzulu","TA Nchema",-15.579211,35.230572,NA,"2016-02-13",2,12,12,12,12,12,0.166666666666667,-2.52179111981988,0.56386365600611
"Malawi","women_folate","194","Mulanje","TA Mabuka",-16.116085,35.576128,NA,"2016-02-01",2,10,10,10,10,10,0.3,-2.77789702920985,0.917693280508252
"Malawi","women_folate","195","Neno","TA Ngozi",-15.394406,34.654953,NA,"2015-12-21",12,6,6,6,6,6,0.166666666666667,-3.11848743903238,0.874772134236026
"Malawi","women_folate","200","Nsanje","SC Mbenje",-16.535239,35.017915,NA,"2016-01-25",1,9,9,9,9,9,0.444444444444444,-2.40677368985493,0.564334615032209
"Malawi","women_folate","205","Nkhata Bay","TA Timbiri",-11.561003,34.130245,NA,"2016-01-16",1,7,7,7,7,7,0,-3.22425111899728,0.488746123579441
"Malawi","women_folate","209","Salima","SC Kambwiri",-13.939307,34.351485,NA,"2016-01-28",1,6,6,6,6,6,0.333333333333333,-2.1945750721203,0.593474420349642
"Malawi","women_folate","218","Zomba","TA Malemia",-15.33343,35.393138,NA,"2016-01-16",1,10,10,10,10,10,0,-2.98251680655709,0.415706205516435
"Malawi","women_folate","219","Nkhotakota","TA Malenga Chanzi",-12.926376,34.24465,NA,"2016-01-15",1,6,6,6,6,6,0.333333333333333,-2.42466400980335,0.327645734429232
"Malawi","women_folate","223","Kasungu","TA Kaluluma",-12.61724,33.527656,NA,"2015-12-16",12,10,10,10,10,10,0,-3.63536781150742,0.472569846436741
"Malawi","women_folate","227","Nkhata Bay","TA Timbiri",-11.62631,34.309163,NA,"2016-02-04",2,10,10,10,10,10,0.4,-2.32938175065821,0.30588588983022
"Malawi","women_folate","23","Mangochi","TA Nankumba",-14.2194,35.03196,NA,"2016-01-11",1,11,11,11,11,11,0.545454545454545,-2.28090314217118,0.676916838055857
"Malawi","women_folate","232","Chiradzulu","TA Mpama",-15.672944,35.168972,NA,"2016-02-09",2,8,8,8,8,8,0.25,-2.67948773112058,0.549734079111604
"Malawi","women_folate","234","Mangochi","TA Mponda",-14.499113,35.238288,NA,"2015-12-24",12,5,5,5,5,5,0.2,-2.53189979753469,0.227212498672124
"Malawi","women_folate","238","Dowa","TA Dzoole",-13.558987,33.692654,NA,"2016-02-11",2,8,8,8,8,8,0.375,-2.22789278904524,0.735216515749984
"Malawi","women_folate","240","Ntcheu","TA Phambala",-14.985556,34.812621,NA,"2016-02-07",2,11,11,11,11,11,0.363636363636364,-2.36359773602184,0.35218946864225
"Malawi","women_folate","242","Rumphi","TA Chikulamayembe",-10.997424,33.756492,NA,"2016-02-03",2,5,5,5,5,5,0.6,-2.44799652943403,0.660956248265151
"Malawi","women_folate","245","Dedza","TA Kaphuka",-14.161537,34.103118,NA,"2016-01-21",1,6,6,6,6,6,0.166666666666667,-2.78396949405493,0.546454453418615
"Malawi","women_folate","253","Phalombe","TA Mkhumba",-15.589167,35.580363,NA,"2016-01-26",1,6,6,6,6,6,0.166666666666667,-2.51269575088002,0.357291417251314
"Malawi","women_folate","270","Mzimba","TA Mabulabo",-12.6706745,33.63307452,NA,"2016-02-15",2,6,6,6,6,6,0,-3.46616936972496,0.523748973010158
"Malawi","women_folate","271","Mchinji","TA Zulu",-13.789041,33.062838,NA,"2016-01-29",1,8,8,8,8,8,0,-3.47253880003547,0.412417574341511
"Malawi","women_folate","276","Mulanje","SC Juma",-15.773532,35.313075,NA,"2015-12-15",12,5,5,5,5,5,0.4,-2.72830921903572,1.12621653285689
"Malawi","women_folate","282","Neno","TA Symon",-15.357777,34.847055,NA,"2016-02-11",2,9,9,9,9,9,0.444444444444444,-2.2862925129907,0.426406041928901
"Malawi","women_folate","294","Lilongwe","TA Khongoni",-13.84457,33.416591,NA,"2015-12-12",12,6,6,6,6,6,0.166666666666667,-3.28963164243894,0.721968129701897
"Malawi","women_folate","303","Balaka","TA Nsamala",-15.131348,34.988559,NA,"2015-12-15",12,6,6,6,6,6,0,-2.9533975913628,0.394645396323469
"Malawi","women_folate","309","Karonga","Karonga Town",-9.943894,33.870706,NA,"2016-02-09",2,12,12,12,12,12,0.416666666666667,-2.5504470227401,0.440503844951614
"Malawi","women_folate","315","Kasungu","SC Kawamba",-13.22161,33.319757,NA,"2016-01-23",1,9,9,9,9,9,0.111111111111111,-2.72098423842064,0.273353088977851
"Malawi","women_folate","342","Nkhata Bay","TA Timbiri",-11.665269,34.259462,NA,"2016-01-22",1,7,7,7,7,7,0.142857142857143,-2.46055022291075,0.376040352428704
"Malawi","women_folate","344","Mangochi","SC Chowe",-14.744133,35.44785,NA,"2015-12-19",12,8,8,8,8,8,0,-3.66324608299007,0.591439323338369
"Malawi","women_folate","361","Karonga","TA Kilupula",-9.769701,33.857402,NA,"2015-12-18",12,5,5,5,5,5,0.2,-3.14575111164512,1.00216948031145
"Malawi","women_folate","369","Lilongwe","TA Kabudula",-13.745669,33.466422,NA,"2015-12-17",12,8,8,8,8,8,0.125,-3.01777491550281,0.532768746363155
"Malawi","women_folate","37","Mzimba","Mzuzu City",-11.436618,34.022728,NA,"2016-01-19",1,7,7,7,7,7,0.571428571428571,-2.29799843483069,0.619064941947969
"Malawi","women_folate","377","Ntcheu","TA Njolomole",-14.702695,34.624724,NA,"2016-02-04",2,9,9,9,9,9,0.111111111111111,-3.324273956157,0.812038987047363
"Malawi","women_folate","387","Mzimba","Mzuzu City",-11.430109,34.021246,NA,"2016-01-15",1,6,6,6,6,6,0.333333333333333,-2.75266648496053,0.654834348594247
"Malawi","women_folate","388","Karonga","TA Kyungu",-9.89023,33.88321,NA,"2016-01-12",1,7,7,7,7,7,0.285714285714286,-2.44693329791709,0.613442223449412
"Malawi","women_folate","389","Rumphi","TA Chikulamayembe",-10.890318,33.755668,NA,"2016-02-01",2,10,10,10,10,10,0.5,-2.28319717150935,0.592123184257126
"Malawi","women_folate","398","Blantyre","Blantyre City",-15.762764,35.076797,NA,"2015-12-09",12,8,8,8,8,8,0.5,-2.42669442337046,0.551531706072195
"Malawi","women_folate","401","Phalombe","TA Mkhumba",-15.799683,35.646256,NA,"2015-12-12",12,9,9,9,9,9,0.444444444444444,-2.63087138947479,0.75439335713423
"Malawi","women_folate","405","Rumphi","Rumphi Boma",-11.026453,33.862539,NA,"2016-01-27",1,9,9,9,9,9,0.333333333333333,-2.5187248549668,0.49696941923763
"Malawi","women_folate","410","Machinga","TA Kawinga",-14.950212,35.547289,NA,"2016-01-13",1,8,8,8,8,8,0,-3.17406371871468,0.471342978024526
"Malawi","women_folate","420","Mzimba","TA Mtwalo",-11.379743,33.801792,NA,"2016-01-11",1,12,12,12,12,12,0.25,-2.76042221278989,0.628483713987406
"Malawi","women_folate","43","Chikwawa","TA Kasisi",-15.878002,34.824152,NA,"2016-02-01",2,7,7,7,7,7,0.428571428571429,-2.53443444677272,0.753054143649416
"Malawi","women_folate","435","Mchinji","SC Mduwa",-13.666144,33.268038,NA,"2016-01-18",1,6,6,6,6,6,0.166666666666667,-3.4242608669265,0.828193884547693
"Malawi","women_folate","444","Thyolo","SC Mbawela",-16.28729,35.203263,NA,"2016-01-11",1,13,13,13,13,13,0.153846153846154,-3.02330684262947,0.672984333588636
"Malawi","women_folate","448","Nkhotakota","TA Mwadzama",-13.286441,34.30997,NA,"2016-01-19",1,9,9,9,9,9,0.444444444444444,-2.35581623271148,0.706522345627958
"Malawi","women_folate","459","Karonga","TA Kilupula",-9.705209,33.894951,NA,"2015-12-14",12,6,6,6,6,6,0,-3.31279622160832,0.606899650887816
"Malawi","women_folate","461","Chitipa","TA Mwenewenya",-10.038388,33.583143,NA,"2016-01-25",1,7,7,7,7,7,0,-2.95127507937692,0.608491346035093
"Malawi","women_folate","464","Mzimba","TA M'Mbelwa",-12.327912,33.421892,NA,"2016-02-11",2,8,8,8,8,8,0.125,-3.08565192361665,0.615300568150788
"Malawi","women_folate","468","Phalombe","TA Mkhumba",-15.829211,35.585935,NA,"2016-01-29",1,9,9,9,9,9,0.111111111111111,-2.87385144578449,0.51418201248185
"Malawi","women_folate","497","Rumphi","SC Chapinduka",-10.888588,34.194431,NA,"2016-01-29",1,8,8,8,8,8,0.5,-2.15747586829881,0.409768294073124
"Malawi","women_folate","498","Dowa","SC Mponela",-13.583471,33.776254,NA,"2016-02-09",2,9,9,9,9,9,0,-3.11101905035911,0.509162159836368
"Malawi","women_folate","5","Mchinji","TA Mlonyeni",-13.891912,33.000702,NA,"2016-01-26",1,9,9,9,9,9,0,-3.82018144932626,0.581452506238835
"Malawi","women_folate","503","Thyolo","TA Bvumbwe",-16.008131,35.025197,NA,"2016-02-07",2,16,16,16,16,16,0.3125,-2.68157302943588,0.655384055319189
"Malawi","women_folate","505","Chikwawa","TA Lundu",-16.167037,34.859233,NA,"2016-02-04",2,18,18,18,18,18,0.666666666666667,-2.19897966597534,0.449309301943968
"Malawi","women_folate","507","Karonga","TA Kyungu",-9.912457,33.926073,NA,"2016-01-19",1,7,7,7,7,7,0.571428571428571,-2.3787793543079,0.572894571944435
"Malawi","women_folate","511","Dedza","TA Tambala",-14.080039,34.245132,NA,"2016-02-11",2,11,11,11,11,11,0,-3.1011632203107,0.434040192856862
"Malawi","women_folate","517","Lilongwe","TA Chiseka",-14.095607,33.602099,NA,"2015-12-19",12,9,9,9,9,9,0.333333333333333,-2.81876663288766,0.608225138970426
"Malawi","women_folate","531","Nkhata Bay","SC Malanda",-11.840946,34.158545,NA,"2016-02-02",2,5,5,5,5,5,0.2,-2.53746730391886,0.578434268771919
"Malawi","women_folate","571","Nkhata Bay","TA Fukamapiri",-11.915336,34.041498,NA,"2016-02-07",2,5,5,5,5,5,0,-3.70470426697526,0.467432511270034
"Malawi","women_folate","58","Nsanje","TA Ndamera",-17.084169,35.193611,NA,"2016-01-29",1,5,5,5,5,5,0.4,-2.38207148027613,0.363697482881044
"Malawi","women_folate","593","Chiradzulu","TA Kadewere",-15.711575,35.262632,NA,"2016-02-11",2,9,9,9,9,9,0.222222222222222,-2.40310972255586,0.323076893516854
"Malawi","women_folate","6","Mzimba","TA Chindi",-11.355628,33.380949,NA,"2015-12-19",12,9,9,9,9,9,0,-3.21699842464169,0.645810790873705
"Malawi","women_folate","601","Ntcheu","SC Makwangwala",-14.768256,34.744101,NA,"2016-02-02",2,11,11,11,11,11,0.181818181818182,-3.03917827195949,0.551946567474686
"Malawi","women_folate","607","Nkhotakota","TA Kanyenda",-12.460592,34.053205,NA,"2016-01-13",1,8,8,8,8,8,0.625,-2.13366233553801,0.366769426416349
"Malawi","women_folate","64","Zomba","TA Malemia",-15.277248,35.413168,NA,"2016-01-20",1,12,12,12,12,12,0,-2.99204735752086,0.442915771205946
"Malawi","women_folate","641","Nkhata Bay","TA Musisya",-11.232238,34.205223,NA,"2015-12-22",12,4,4,4,4,4,0.5,-2.27528464980972,0.566824308528754
"Malawi","women_folate","665","Ntchisi","SC Chilooko",-13.087539,33.862751,NA,"2016-02-03",2,7,7,7,7,7,0,-3.12434252701537,0.474674875505969
"Malawi","women_folate","670","Dowa","SC Mkukula",-13.721499,33.82734,NA,"2016-02-04",2,11,11,11,11,11,0.0909090909090909,-2.76585315738839,0.241477475931967
"Malawi","women_folate","676","Mzimba","Mzimba Boma",-11.910534,33.586952,NA,"2016-02-14",2,8,8,8,8,8,0,-2.77541563335294,0.296008817252149
"Malawi","women_folate","704","Thyolo","TA Nchilamwela",-16.073277,35.189154,NA,"2016-01-21",1,2,2,2,2,2,0.5,-2.13888830665004,0.666351247970367
"Malawi","women_folate","720","Mwanza","Majete Game Reserve - Mwanza",-15.777152,34.58384,NA,"2016-01-18",1,11,11,11,11,11,0,-3.20523233837055,0.312935493391
"Malawi","women_folate","736","Mchinji","SC Dambe",-13.604173,33.182008,NA,"2016-01-14",1,12,12,12,12,12,0.0833333333333333,-3.22897400881649,0.686521610087692
"Malawi","women_folate","74","Mwanza","TA Nthache",-15.730273,34.401844,NA,"2016-01-16",1,10,10,10,10,10,0.2,-2.86661304149053,0.620525350426615
"Malawi","women_folate","743","Balaka","TA Kalembo",-14.840779,35.274274,NA,"2015-12-12",12,5,5,5,5,5,0,-3.1805771037379,0.428495923633541
"Malawi","women_folate","772","Kasungu","TA Santhe",-13.386622,33.302506,NA,"2016-01-12",1,9,9,9,9,9,0,-3.50760380665907,0.565098788447979
"Malawi","women_folate","777","Lilongwe","Lilongwe City",-14.018083,33.77389,NA,"2016-01-20",1,4,4,4,4,4,0,-2.82325396190004,0.310531842313865
"Malawi","women_folate","780","Rumphi","SC Mwankhunikira",-10.983559,34.062177,NA,"2016-02-01",2,7,7,7,7,7,0.142857142857143,-2.99281883808477,0.504633238487115
"Malawi","women_folate","782","Neno","TA Ngozi",-15.36742,34.658742,NA,"2015-12-19",12,9,9,9,9,9,0.111111111111111,-3.37664765754789,0.59758007525753
"Malawi","women_folate","813","Chitipa","TA Mwenemisuku",-9.637926,33.510705,NA,"2015-12-20",12,4,4,4,4,4,0,-2.9770305079004,0.254661607868658
"Malawi","women_folate","817","Chitipa","TA Mwenemisuku",-9.702921,33.422587,NA,"2016-01-22",1,9,9,9,9,9,0,-3.50101973882343,0.408231928947543
"Malawi","women_folate","822","Kasungu","TA Mwase",-12.927273,33.409728,NA,"2015-12-18",12,7,7,7,7,7,0.142857142857143,-3.06620740724849,0.613172951296615
"Malawi","women_folate","825","Salima","TA Khombedza",-13.677138,34.225683,NA,"2016-01-26",1,3,3,3,3,3,0.333333333333333,-2.46214042710218,0.781531676541749
"Malawi","women_folate","827","Nkhotakota","Nkhotakota Boma",-12.9387742,34.29413447,NA,"2016-01-18",1,6,6,6,6,6,0.666666666666667,-2.27055287627653,0.442185884531676
"Malawi","women_folate","829","Dedza","TA Pemba",-14.376875,34.044475,NA,"2016-02-13",2,18,18,18,18,18,0,-3.15693920151016,0.407229070284091
"Malawi","women_folate","830","Karonga","TA Kyungu",-10.13705,33.949382,NA,"2016-02-15",2,7,7,7,7,7,0.142857142857143,-2.54464917602991,0.270050578473101
"Malawi","women_folate","832","Ntcheu","SC Goodson Ganya",-14.706152,34.756621,NA,"2016-01-31",1,11,11,11,11,11,0,-3.31081970135914,0.460790902348003
"Malawi","women_folate","836","Dowa","SC Kayembe",-13.4922,33.47325,NA,"2016-02-06",2,7,7,7,7,7,0,-3.08606350954496,0.384573830657256
"Malawi","women_folate","842","Zomba","SC Mbiza",-15.553532,35.286338,NA,"2016-01-23",1,8,8,8,8,8,0.125,-2.90056062745358,0.501056144457641
"Malawi","women_folate","86","Chitipa","Nyika N.P. - Chitipa",-10.455422,33.66179,NA,"2016-01-16",1,4,4,4,4,4,0.25,-2.63938273727658,0.524082679334983
"Malawi","women_folate","96","Mulanje","TA Mabuka",-16.079989,35.422405,NA,"2016-02-03",2,12,12,12,12,12,0,-3.23798749865236,0.478775263065607
"Malawi","women_b12","101","Rumphi","SC Kachulu",-10.595395,34.096022,NA,"2016-02-05",2,6,6,6,6,6,0,-6.53164060648825,0.231972300046148
"Malawi","women_b12","114","Rumphi","Rumphi Boma",-11.024879,33.8439,NA,"2016-01-25",1,9,9,9,9,9,0,-5.85635624915483,0.248065658233958
"Malawi","women_b12","136","Ntchisi","SC Nthondo",-13.240763,34.022746,NA,"2015-12-21",12,8,8,8,8,8,0.25,-5.66173205061664,0.731782959403263
"Malawi","women_b12","140","Chitipa","TA Mwabulambya",-9.515626,33.331837,NA,"2015-12-12",12,15,15,15,15,15,0.0666666666666667,-5.56046265154216,0.488228180168585
"Malawi","women_b12","145","Blantyre","TA Kuntaja",-15.589053,34.903272,NA,"2015-12-08",12,2,2,2,2,2,0,-5.46966875973396,0.0446742297645029
"Malawi","women_b12","150","Ntchisi","TA Kalumo",-13.325075,33.903215,NA,"2015-12-12",12,8,8,8,8,8,0.125,-5.3590738123459,0.2742374238633
"Malawi","women_b12","16","Nsanje","Nsanje Boma",-16.925869,35.259417,NA,"2016-01-24",1,6,6,6,6,6,0,-6.12203805134775,0.421261744810238
"Malawi","women_b12","162","Chitipa","Chitipa Boma",-9.694077,33.266921,NA,"2016-02-15",2,3,3,3,3,3,0,-5.99567747807671,0.42105627915338
"Malawi","women_b12","170","Salima","TA Maganga",-13.831091,34.565592,NA,"2016-01-11",1,11,11,11,11,11,0,-6.43779153117856,0.584898570362569
"Malawi","women_b12","178","Karonga","TA Wasambo",-10.555269,34.181315,NA,"2016-02-12",2,6,6,6,6,6,0,-6.93630450727557,0.157855332624561
"Malawi","women_b12","18","Mzimba","TA Chindi",-11.488252,33.536393,NA,"2015-12-15",12,8,8,8,8,8,0.125,-5.64618160818333,0.491872591823823
"Malawi","women_b12","185","Nkhata Bay","TA Kabunduli",-11.601547,33.975359,NA,"2015-12-13",12,6,6,6,6,6,0,-6.61539217145227,0.399414051563095
"Malawi","women_b12","190","Blantyre","Blantyre City",-15.84255,35.07702,NA,"2016-01-13",1,5,5,5,5,5,0,-5.97695211338821,0.241929973080809
"Malawi","women_b12","192","Salima","TA Karonga",-13.76226,34.448408,NA,"2016-01-30",1,7,7,7,7,7,0,-6.32420729376762,0.29254525457146
"Malawi","women_b12","193","Chiradzulu","TA Nchema",-15.579211,35.230572,NA,"2016-02-13",2,12,12,12,12,12,0,-6.15001576573941,0.470451075235455
"Malawi","women_b12","194","Mulanje","TA Mabuka",-16.116085,35.576128,NA,"2016-02-01",2,10,10,10,10,10,0,-6.11824556757497,0.335497353907028
"Malawi","women_b12","195","Neno","TA Ngozi",-15.394406,34.654953,NA,"2015-12-21",12,6,6,6,6,6,0,-5.87470284912044,0.32112960008375
"Malawi","women_b12","200","Nsanje","SC Mbenje",-16.535239,35.017915,NA,"2016-01-25",1,9,9,9,9,9,0,-6.27507460834355,0.273075900225415
"Malawi","women_b12","205","Nkhata Bay","TA Timbiri",-11.561003,34.130245,NA,"2016-01-16",1,7,7,7,7,7,0,-6.60681779257166,0.464964651350125
"Malawi","women_b12","209","Salima","SC Kambwiri",-13.939307,34.351485,NA,"2016-01-28",1,6,6,6,6,6,0,-5.75120802957388,0.409815172945034
"Malawi","women_b12","218","Zomba","TA Malemia",-15.33343,35.393138,NA,"2016-01-16",1,10,10,10,10,10,0,-5.77111599506878,0.403266760686413
"Malawi","women_b12","219","Nkhotakota","TA Malenga Chanzi",-12.926376,34.24465,NA,"2016-01-15",1,6,6,6,6,6,0,-6.29836003104922,0.310876533718131
"Malawi","women_b12","223","Kasungu","TA Kaluluma",-12.61724,33.527656,NA,"2015-12-16",12,10,10,10,10,10,0.1,-5.56601502199916,0.29376316929879
"Malawi","women_b12","227","Nkhata Bay","TA Timbiri",-11.62631,34.309163,NA,"2016-02-04",2,12,12,12,12,12,0,-6.60796767874281,0.367557592304185
"Malawi","women_b12","23","Mangochi","TA Nankumba",-14.2194,35.03196,NA,"2016-01-11",1,11,11,11,11,11,0,-6.37879538934654,0.348896533749724
"Malawi","women_b12","232","Chiradzulu","TA Mpama",-15.672944,35.168972,NA,"2016-02-09",2,8,8,8,8,8,0,-6.06664919281357,0.247208747182266
"Malawi","women_b12","234","Mangochi","TA Mponda",-14.499113,35.238288,NA,"2015-12-24",12,5,5,5,5,5,0,-6.94365883531802,0.549389511047281
"Malawi","women_b12","238","Dowa","TA Dzoole",-13.558987,33.692654,NA,"2016-02-11",2,8,8,8,8,8,0.125,-5.63695501950867,0.526830198610659
"Malawi","women_b12","240","Ntcheu","TA Phambala",-14.985556,34.812621,NA,"2016-02-07",2,11,11,11,11,11,0,-5.67409666765219,0.348819033221261
"Malawi","women_b12","242","Rumphi","TA Chikulamayembe",-10.997424,33.756492,NA,"2016-02-03",2,5,5,5,5,5,0,-5.92566895904278,0.483577603962962
"Malawi","women_b12","245","Dedza","TA Kaphuka",-14.161537,34.103118,NA,"2016-01-21",1,6,6,6,6,6,0,-5.55327764139644,0.205918619732541
"Malawi","women_b12","253","Phalombe","TA Mkhumba",-15.589167,35.580363,NA,"2016-01-26",1,7,7,7,7,7,0,-6.07493508944199,0.5454668381548
"Malawi","women_b12","270","Mzimba","TA Mabulabo",-12.6706745,33.63307452,NA,"2016-02-15",2,6,6,6,6,6,0.166666666666667,-5.15152176807453,0.302845989312021
"Malawi","women_b12","271","Mchinji","TA Zulu",-13.789041,33.062838,NA,"2016-01-29",1,8,8,8,8,8,0,-5.49541105861864,0.293731786721847
"Malawi","women_b12","276","Mulanje","SC Juma",-15.773532,35.313075,NA,"2015-12-15",12,5,5,5,5,5,0,-6.33722166797787,0.501668271515982
"Malawi","women_b12","282","Neno","TA Symon",-15.357777,34.847055,NA,"2016-02-11",2,9,9,9,9,9,0,-5.77353521493662,0.493589969035882
"Malawi","women_b12","294","Lilongwe","TA Khongoni",-13.84457,33.416591,NA,"2015-12-12",12,6,6,6,6,6,0.166666666666667,-5.64804747142519,0.694246152172652
"Malawi","women_b12","303","Balaka","TA Nsamala",-15.131348,34.988559,NA,"2015-12-15",12,6,6,6,6,6,0,-5.89908349746202,0.544054191681942
"Malawi","women_b12","309","Karonga","Karonga Town",-9.943894,33.870706,NA,"2016-02-09",2,12,12,12,12,12,0.0833333333333333,-6.12041481249101,0.559208837759396
"Malawi","women_b12","315","Kasungu","SC Kawamba",-13.22161,33.319757,NA,"2016-01-23",1,9,9,9,9,9,0.222222222222222,-5.65112376543184,0.445208584115704
"Malawi","women_b12","342","Nkhata Bay","TA Timbiri",-11.665269,34.259462,NA,"2016-01-22",1,7,7,7,7,7,0,-7.06419434855749,0.455091035103549
"Malawi","women_b12","344","Mangochi","SC Chowe",-14.744133,35.44785,NA,"2015-12-19",12,8,8,8,8,8,0,-5.59755437841184,0.382978905764726
"Malawi","women_b12","361","Karonga","TA Kilupula",-9.769701,33.857402,NA,"2015-12-18",12,5,5,5,5,5,0,-6.25399864315527,0.489039591632232
"Malawi","women_b12","369","Lilongwe","TA Kabudula",-13.745669,33.466422,NA,"2015-12-17",12,9,9,9,9,9,0,-5.65457175309114,0.490310484308523
"Malawi","women_b12","37","Mzimba","Mzuzu City",-11.436618,34.022728,NA,"2016-01-19",1,7,7,7,7,7,0,-6.0519579696422,0.341795965843552
"Malawi","women_b12","377","Ntcheu","TA Njolomole",-14.702695,34.624724,NA,"2016-02-04",2,9,9,9,9,9,0,-5.44673256351279,0.366601475454414
"Malawi","women_b12","387","Mzimba","Mzuzu City",-11.430109,34.021246,NA,"2016-01-15",1,6,6,6,6,6,0,-6.03907548471504,0.579286645258347
"Malawi","women_b12","388","Karonga","TA Kyungu",-9.89023,33.88321,NA,"2016-01-12",1,8,8,8,8,8,0,-6.79821684471941,0.574581050332392
"Malawi","women_b12","389","Rumphi","TA Chikulamayembe",-10.890318,33.755668,NA,"2016-02-01",2,10,10,10,10,10,0,-5.79425620909308,0.454332350858732
"Malawi","women_b12","398","Blantyre","Blantyre City",-15.762764,35.076797,NA,"2015-12-09",12,8,8,8,8,8,0,-6.1946462407193,0.400330919987377
"Malawi","women_b12","401","Phalombe","TA Mkhumba",-15.799683,35.646256,NA,"2015-12-12",12,9,9,9,9,9,0,-6.30176219430695,0.297373427777998
"Malawi","women_b12","405","Rumphi","Rumphi Boma",-11.026453,33.862539,NA,"2016-01-27",1,9,9,9,9,9,0,-5.86695259322716,0.398212461442663
"Malawi","women_b12","410","Machinga","TA Kawinga",-14.950212,35.547289,NA,"2016-01-13",1,8,8,8,8,8,0,-6.15366139771447,0.430839292850233
"Malawi","women_b12","420","Mzimba","TA Mtwalo",-11.379743,33.801792,NA,"2016-01-11",1,12,12,12,12,12,0,-5.60219903701749,0.267429760497319
"Malawi","women_b12","43","Chikwawa","TA Kasisi",-15.878002,34.824152,NA,"2016-02-01",2,7,7,7,7,7,0.142857142857143,-5.89970432527189,0.815364765081345
"Malawi","women_b12","435","Mchinji","SC Mduwa",-13.666144,33.268038,NA,"2016-01-18",1,6,6,6,6,6,0.166666666666667,-5.51990748670628,0.402159368580885
"Malawi","women_b12","444","Thyolo","SC Mbawela",-16.28729,35.203263,NA,"2016-01-11",1,13,13,13,13,13,0,-5.85381675332203,0.304868687826055
"Malawi","women_b12","448","Nkhotakota","TA Mwadzama",-13.286441,34.30997,NA,"2016-01-19",1,9,9,9,9,9,0,-6.68099309003274,0.242752165606192
"Malawi","women_b12","459","Karonga","TA Kilupula",-9.705209,33.894951,NA,"2015-12-14",12,6,6,6,6,6,0,-6.36087920809517,0.421879588016448
"Malawi","women_b12","461","Chitipa","TA Mwenewenya",-10.038388,33.583143,NA,"2016-01-25",1,7,7,7,7,7,0.142857142857143,-5.81475822313033,0.796821071935736
"Malawi","women_b12","464","Mzimba","TA M'Mbelwa",-12.327912,33.421892,NA,"2016-02-11",2,8,8,8,8,8,0.125,-5.28267200503877,0.346977174761314
"Malawi","women_b12","468","Phalombe","TA Mkhumba",-15.829211,35.585935,NA,"2016-01-29",1,9,9,9,9,9,0,-5.97821146280151,0.408103781344907
"Malawi","women_b12","497","Rumphi","SC Chapinduka",-10.888588,34.194431,NA,"2016-01-29",1,8,8,8,8,8,0,-7.51573147411254,0.374422195492402
"Malawi","women_b12","498","Dowa","SC Mponela",-13.583471,33.776254,NA,"2016-02-09",2,9,9,9,9,9,0,-5.7983966199117,0.519697089763255
"Malawi","women_b12","5","Mchinji","TA Mlonyeni",-13.891912,33.000702,NA,"2016-01-26",1,9,9,9,9,9,0.111111111111111,-5.6347111368744,0.501046432095867
"Malawi","women_b12","503","Thyolo","TA Bvumbwe",-16.008131,35.025197,NA,"2016-02-07",2,16,16,16,16,16,0,-6.01096607176087,0.525152653244779
"Malawi","women_b12","505","Chikwawa","TA Lundu",-16.167037,34.859233,NA,"2016-02-04",2,20,20,20,20,20,0,-6.02556347466167,0.437473446940869
"Malawi","women_b12","507","Karonga","TA Kyungu",-9.912457,33.926073,NA,"2016-01-19",1,7,7,7,7,7,0,-6.09117388375623,0.287901059045723
"Malawi","women_b12","511","Dedza","TA Tambala",-14.080039,34.245132,NA,"2016-02-11",2,11,11,11,11,11,0.0909090909090909,-5.63152090028637,0.422027555816293
"Malawi","women_b12","517","Lilongwe","TA Chiseka",-14.095607,33.602099,NA,"2015-12-19",12,9,9,9,9,9,0,-5.56969720256544,0.306060611895671
"Malawi","women_b12","531","Nkhata Bay","SC Malanda",-11.840946,34.158545,NA,"2016-02-02",2,5,5,5,5,5,0,-6.65994430037497,0.550270963282759
"Malawi","women_b12","571","Nkhata Bay","TA Fukamapiri",-11.915336,34.041498,NA,"2016-02-07",2,5,5,5,5,5,0,-6.41308619440074,0.656988441883684
"Malawi","women_b12","58","Nsanje","TA Ndamera",-17.084169,35.193611,NA,"2016-01-29",1,5,5,5,5,5,0,-6.18042825817106,0.584689923579465
"Malawi","women_b12","593","Chiradzulu","TA Kadewere",-15.711575,35.262632,NA,"2016-02-11",2,9,9,9,9,9,0,-5.6859938779187,0.462258954681046
"Malawi","women_b12","6","Mzimba","TA Chindi",-11.355628,33.380949,NA,"2015-12-19",12,9,9,9,9,9,0,-5.83901699992114,0.49826551504041
"Malawi","women_b12","601","Ntcheu","SC Makwangwala",-14.768256,34.744101,NA,"2016-02-02",2,11,11,11,11,11,0,-5.62589962769079,0.391442175137154
"Malawi","women_b12","607","Nkhotakota","TA Kanyenda",-12.460592,34.053205,NA,"2016-01-13",1,9,9,9,9,9,0,-6.81937094321181,0.701924879211721
"Malawi","women_b12","64","Zomba","TA Malemia",-15.277248,35.413168,NA,"2016-01-20",1,12,12,12,12,12,0,-6.11555189998744,0.247902708677787
"Malawi","women_b12","641","Nkhata Bay","TA Musisya",-11.232238,34.205223,NA,"2015-12-22",12,4,4,4,4,4,0,-6.96895505303013,0.326292341588161
"Malawi","women_b12","665","Ntchisi","SC Chilooko",-13.087539,33.862751,NA,"2016-02-03",2,7,7,7,7,7,0,-5.46931925302883,0.372263269717056
"Malawi","women_b12","670","Dowa","SC Mkukula",-13.721499,33.82734,NA,"2016-02-04",2,11,11,11,11,11,0.0909090909090909,-5.46179535987765,0.352280608192815
"Malawi","women_b12","676","Mzimba","Mzimba Boma",-11.910534,33.586952,NA,"2016-02-14",2,8,8,8,8,8,0,-6.09092974893196,0.539634522616225
"Malawi","women_b12","704","Thyolo","TA Nchilamwela",-16.073277,35.189154,NA,"2016-01-21",1,2,2,2,2,2,0,-6.05302669771905,0.393823336989289
"Malawi","women_b12","720","Mwanza","Majete Game Reserve - Mwanza",-15.777152,34.58384,NA,"2016-01-18",1,11,11,11,11,11,0.181818181818182,-5.27471422998985,0.370762465485835
"Malawi","women_b12","736","Mchinji","SC Dambe",-13.604173,33.182008,NA,"2016-01-14",1,12,12,12,12,12,0,-5.74035411138509,0.463812530693195
"Malawi","women_b12","74","Mwanza","TA Nthache",-15.730273,34.401844,NA,"2016-01-16",1,10,10,10,10,10,0.1,-5.80409756467929,0.6716471347486
"Malawi","women_b12","743","Balaka","TA Kalembo",-14.840779,35.274274,NA,"2015-12-12",12,5,5,5,5,5,0,-6.20585140616817,0.49881877063126
"Malawi","women_b12","772","Kasungu","TA Santhe",-13.386622,33.302506,NA,"2016-01-12",1,9,9,9,9,9,0,-5.60159411332862,0.292379719349091
"Malawi","women_b12","777","Lilongwe","Lilongwe City",-14.018083,33.77389,NA,"2016-01-20",1,4,4,4,4,4,0,-5.6679405881889,0.301597641325887
"Malawi","women_b12","780","Rumphi","SC Mwankhunikira",-10.983559,34.062177,NA,"2016-02-01",2,7,7,7,7,7,0,-6.0038979492512,0.505237142639851
"Malawi","women_b12","782","Neno","TA Ngozi",-15.36742,34.658742,NA,"2015-12-19",12,9,9,9,9,9,0.111111111111111,-5.65739111798629,0.499121509058493
"Malawi","women_b12","813","Chitipa","TA Mwenemisuku",-9.637926,33.510705,NA,"2015-12-20",12,4,4,4,4,4,0,-5.90738254648493,0.639759914341917
"Malawi","women_b12","817","Chitipa","TA Mwenemisuku",-9.702921,33.422587,NA,"2016-01-22",1,9,9,9,9,9,0,-5.8907765001689,0.487467682352538
"Malawi","women_b12","822","Kasungu","TA Mwase",-12.927273,33.409728,NA,"2015-12-18",12,7,7,7,7,7,0,-5.74402759379726,0.537327018971671
"Malawi","women_b12","825","Salima","TA Khombedza",-13.677138,34.225683,NA,"2016-01-26",1,3,3,3,3,3,0,-5.33817044490058,0.150735896029467
"Malawi","women_b12","827","Nkhotakota","Nkhotakota Boma",-12.9387742,34.29413447,NA,"2016-01-18",1,6,6,6,6,6,0,-6.91258049475827,0.442944270684841
"Malawi","women_b12","829","Dedza","TA Pemba",-14.376875,34.044475,NA,"2016-02-13",2,18,18,18,18,18,0,-5.6735262137417,0.422288085157147
"Malawi","women_b12","830","Karonga","TA Kyungu",-10.13705,33.949382,NA,"2016-02-15",2,7,7,7,7,7,0,-6.10917612673288,0.442083190826249
"Malawi","women_b12","832","Ntcheu","SC Goodson Ganya",-14.706152,34.756621,NA,"2016-01-31",1,11,11,11,11,11,0,-5.87151882851317,0.43239059089764
"Malawi","women_b12","836","Dowa","SC Kayembe",-13.4922,33.47325,NA,"2016-02-06",2,7,7,7,7,7,0,-5.65349403600055,0.239318333486572
"Malawi","women_b12","842","Zomba","SC Mbiza",-15.553532,35.286338,NA,"2016-01-23",1,8,8,8,8,8,0,-5.89779542635666,0.638672186897557
"Malawi","women_b12","86","Chitipa","Nyika N.P. - Chitipa",-10.455422,33.66179,NA,"2016-01-16",1,4,4,4,4,4,0,-5.56314550206265,0.272957422990046
"Malawi","women_b12","96","Mulanje","TA Mabuka",-16.079989,35.422405,NA,"2016-02-03",2,12,12,12,12,12,0,-6.14130061304129,0.284505319857036
"Malawi","child_zinc","101","Rumphi","SC Kachulu",-10.595395,34.096022,NA,"2016-02-05",2,9,9,9,9,9,0.333333333333333,-4.19727087717431,0.1671601759952
"Malawi","child_zinc","114","Rumphi","Rumphi Boma",-11.024879,33.8439,NA,"2016-01-25",1,10,10,10,10,10,0.4,-4.01331170516452,0.158842136965145
"Malawi","child_zinc","136","Ntchisi","SC Nthondo",-13.240763,34.022746,NA,"2015-12-21",12,17,17,17,17,17,0.705882352941177,-3.91947736824665,0.267866778174056
"Malawi","child_zinc","140","Chitipa","TA Mwabulambya",-9.515626,33.331837,NA,"2015-12-12",12,7,7,7,7,7,0.428571428571429,-4.18446874274836,0.279679287203205
"Malawi","child_zinc","145","Blantyre","TA Kuntaja",-15.589053,34.903272,NA,"2015-12-08",12,1,1,1,1,1,1,-3.91202300542815,NA
"Malawi","child_zinc","150","Ntchisi","TA Kalumo",-13.325075,33.903215,NA,"2015-12-12",12,12,12,12,12,12,0.916666666666667,-3.81867293863043,0.259003783845947
"Malawi","child_zinc","16","Nsanje","Nsanje Boma",-16.925869,35.259417,NA,"2016-01-24",1,4,4,4,4,4,0.25,-4.15438945531243,0.123129828495111
"Malawi","child_zinc","162","Chitipa","Chitipa Boma",-9.694077,33.266921,NA,"2016-02-15",2,5,5,5,5,5,0.6,-4.07790695060643,0.121446326796754
"Malawi","child_zinc","170","Salima","TA Maganga",-13.831091,34.565592,NA,"2016-01-11",1,11,11,11,11,11,0.454545454545455,-4.15292196175422,0.37647494424303
"Malawi","child_zinc","178","Karonga","TA Wasambo",-10.555269,34.181315,NA,"2016-02-12",2,15,15,15,15,15,0.733333333333333,-3.96640272664684,0.241111667745858
"Malawi","child_zinc","18","Mzimba","TA Chindi",-11.488252,33.536393,NA,"2015-12-15",12,12,12,12,12,12,0.25,-4.20663023548235,0.249043444914999
"Malawi","child_zinc","185","Nkhata Bay","TA Kabunduli",-11.601547,33.975359,NA,"2015-12-13",12,11,11,11,11,11,0.818181818181818,-3.95119925311753,0.19360307076795
"Malawi","child_zinc","190","Blantyre","Blantyre City",-15.84255,35.07702,NA,"2016-01-13",1,3,3,3,3,3,0,-4.35831010805657,0
"Malawi","child_zinc","192","Salima","TA Karonga",-13.76226,34.448408,NA,"2016-01-30",1,7,7,7,7,7,0.714285714285714,-3.99985322294036,0.116470550177779
"Malawi","child_zinc","193","Chiradzulu","TA Nchema",-15.579211,35.230572,NA,"2016-02-13",2,13,13,13,13,13,0.923076923076923,-3.88174860678683,0.15093264279536
"Malawi","child_zinc","194","Mulanje","TA Mabuka",-16.116085,35.576128,NA,"2016-02-01",2,7,7,7,7,7,0.714285714285714,-3.96281285180749,0.151229634751717
"Malawi","child_zinc","195","Neno","TA Ngozi",-15.394406,34.654953,NA,"2015-12-21",12,9,9,9,9,9,0.888888888888889,-4.13018248406749,0.426098606274706
"Malawi","child_zinc","200","Nsanje","SC Mbenje",-16.535239,35.017915,NA,"2016-01-25",1,17,17,17,17,17,0.764705882352941,-3.99160085889492,0.159085196710229
"Malawi","child_zinc","205","Nkhata Bay","TA Timbiri",-11.561003,34.130245,NA,"2016-01-16",1,12,11,12,12,11,0.916666666666667,-3.87327087963899,0.216328865796757
"Malawi","child_zinc","209","Salima","SC Kambwiri",-13.939307,34.351485,NA,"2016-01-28",1,13,13,13,13,13,0,-4.33594531030689,0.122336581382795
"Malawi","child_zinc","218","Zomba","TA Malemia",-15.33343,35.393138,NA,"2016-01-16",1,20,20,20,20,20,0.9,-3.91666098479164,0.335460320728721
"Malawi","child_zinc","219","Nkhotakota","TA Malenga Chanzi",-12.926376,34.24465,NA,"2016-01-15",1,9,9,9,9,9,0.666666666666667,-4.11054985598374,0.367412302350034
"Malawi","child_zinc","223","Kasungu","TA Kaluluma",-12.61724,33.527656,NA,"2015-12-16",12,8,8,8,8,8,0.375,-4.18226131463528,0.175164539627095
"Malawi","child_zinc","227","Nkhata Bay","TA Timbiri",-11.62631,34.309163,NA,"2016-02-04",2,6,6,6,6,6,0,-4.18867283006718,0.0878814974321164
"Malawi","child_zinc","23","Mangochi","TA Nankumba",-14.2194,35.03196,NA,"2016-01-11",1,16,16,16,16,16,0.3125,-4.1807846464612,0.192799427803719
"Malawi","child_zinc","232","Chiradzulu","TA Mpama",-15.672944,35.168972,NA,"2016-02-09",2,6,6,6,6,6,0.666666666666667,-4.33836304781754,0.809500826817693
"Malawi","child_zinc","234","Mangochi","TA Mponda",-14.499113,35.238288,NA,"2015-12-24",12,7,7,7,7,7,0.857142857142857,-4.04771914687153,0.115633175345204
"Malawi","child_zinc","238","Dowa","TA Dzoole",-13.558987,33.692654,NA,"2016-02-11",2,3,3,3,3,3,0.333333333333333,-4.23035515264077,0.202921071402808
"Malawi","child_zinc","240","Ntcheu","TA Phambala",-14.985556,34.812621,NA,"2016-02-07",2,13,13,13,13,13,0.769230769230769,-3.95624880313815,0.262433469275962
"Malawi","child_zinc","242","Rumphi","TA Chikulamayembe",-10.997424,33.756492,NA,"2016-02-03",2,10,10,10,10,10,0.1,-4.30850126625585,0.211966294319423
"Malawi","child_zinc","245","Dedza","TA Kaphuka",-14.161537,34.103118,NA,"2016-01-21",1,10,10,10,10,10,0.5,-4.09847962772623,0.242351591246466
"Malawi","child_zinc","253","Phalombe","TA Mkhumba",-15.589167,35.580363,NA,"2016-01-26",1,19,19,19,19,19,0.684210526315789,-4.00531385587075,0.297964030017994
"Malawi","child_zinc","270","Mzimba","TA Mabulabo",-12.6706745,33.63307452,NA,"2016-02-15",2,18,18,18,18,18,0.888888888888889,-3.87561055046876,0.2684043055141
"Malawi","child_zinc","271","Mchinji","TA Zulu",-13.789041,33.062838,NA,"2016-01-29",1,11,11,11,11,11,0.727272727272727,-4.04363429486308,0.11735568338461
"Malawi","child_zinc","276","Mulanje","SC Juma",-15.773532,35.313075,NA,"2015-12-15",12,14,14,14,14,14,0.928571428571429,-3.88197411449196,0.194997862517476
"Malawi","child_zinc","282","Neno","TA Symon",-15.357777,34.847055,NA,"2016-02-11",2,7,7,7,7,7,0.428571428571429,-3.98446476262764,0.302468803334239
"Malawi","child_zinc","294","Lilongwe","TA Khongoni",-13.84457,33.416591,NA,"2015-12-12",12,8,8,8,8,8,0.375,-4.00683436824633,0.239092150583949
"Malawi","child_zinc","303","Balaka","TA Nsamala",-15.131348,34.988559,NA,"2015-12-15",12,6,6,6,6,6,0.833333333333333,-3.87974217038339,0.279147145047338
"Malawi","child_zinc","309","Karonga","Karonga Town",-9.943894,33.870706,NA,"2016-02-09",2,11,11,11,11,11,0.636363636363636,-4.02156071796607,0.2033432259455
"Malawi","child_zinc","315","Kasungu","SC Kawamba",-13.22161,33.319757,NA,"2016-01-23",1,14,14,14,14,14,0.571428571428571,-4.05003386672003,0.36449020159761
"Malawi","child_zinc","342","Nkhata Bay","TA Timbiri",-11.665269,34.259462,NA,"2016-01-22",1,14,14,14,14,14,0.785714285714286,-4.02634186932161,0.203859454795318
"Malawi","child_zinc","344","Mangochi","SC Chowe",-14.744133,35.44785,NA,"2015-12-19",12,10,10,10,10,10,0.9,-3.84806236688364,0.167241853543517
"Malawi","child_zinc","361","Karonga","TA Kilupula",-9.769701,33.857402,NA,"2015-12-18",12,7,7,7,7,7,0.714285714285714,-3.98396384649604,0.22605157633993
"Malawi","child_zinc","369","Lilongwe","TA Kabudula",-13.745669,33.466422,NA,"2015-12-17",12,7,7,7,7,7,0.428571428571429,-4.30761350416514,0.584076576916722
"Malawi","child_zinc","37","Mzimba","Mzuzu City",-11.436618,34.022728,NA,"2016-01-19",1,3,3,3,3,3,1,-3.9107183723211,0.0625917697400324
"Malawi","child_zinc","377","Ntcheu","TA Njolomole",-14.702695,34.624724,NA,"2016-02-04",2,15,15,15,15,15,0.0666666666666667,-4.31172578447407,0.111009839916146
"Malawi","child_zinc","387","Mzimba","Mzuzu City",-11.430109,34.021246,NA,"2016-01-15",1,7,7,7,7,7,0.285714285714286,-4.22149534824518,0.191618591844781
"Malawi","child_zinc","388","Karonga","TA Kyungu",-9.89023,33.88321,NA,"2016-01-12",1,11,11,11,11,11,0.181818181818182,-4.23812181246798,0.140063087277499
"Malawi","child_zinc","389","Rumphi","TA Chikulamayembe",-10.890318,33.755668,NA,"2016-02-01",2,17,17,17,17,17,0.529411764705882,-4.02921822240322,0.267914063764936
"Malawi","child_zinc","398","Blantyre","Blantyre City",-15.762764,35.076797,NA,"2015-12-09",12,6,6,6,6,6,0.833333333333333,-3.92099351390116,0.167204948364004
"Malawi","child_zinc","401","Phalombe","TA Mkhumba",-15.799683,35.646256,NA,"2015-12-12",12,8,8,8,8,8,0.625,-4.10568354227691,0.355034719647404
"Malawi","child_zinc","405","Rumphi","Rumphi Boma",-11.026453,33.862539,NA,"2016-01-27",1,7,7,7,7,7,0.285714285714286,-4.19279269130005,0.166026272115312
"Malawi","child_zinc","410","Machinga","TA Kawinga",-14.950212,35.547289,NA,"2016-01-13",1,18,18,18,18,18,0.388888888888889,-4.08952994399656,0.217094636626171
"Malawi","child_zinc","420","Mzimba","TA Mtwalo",-11.379743,33.801792,NA,"2016-01-11",1,14,14,14,14,14,0.142857142857143,-4.4292546259037,0.307740362569224
"Malawi","child_zinc","43","Chikwawa","TA Kasisi",-15.878002,34.824152,NA,"2016-02-01",2,10,10,10,10,10,0.7,-3.94273992429533,0.29958684528464
"Malawi","child_zinc","435","Mchinji","SC Mduwa",-13.666144,33.268038,NA,"2016-01-18",1,14,14,14,14,14,0.714285714285714,-4.05174050647213,0.214057666716252
"Malawi","child_zinc","444","Thyolo","SC Mbawela",-16.28729,35.203263,NA,"2016-01-11",1,10,10,10,10,10,0.2,-4.28323610818709,0.239328202760348
"Malawi","child_zinc","448","Nkhotakota","TA Mwadzama",-13.286441,34.30997,NA,"2016-01-19",1,19,19,19,19,19,0.578947368421053,-4.13213634560557,0.289796138487603
"Malawi","child_zinc","459","Karonga","TA Kilupula",-9.705209,33.894951,NA,"2015-12-14",12,12,12,12,12,12,0.833333333333333,-3.95919470578515,0.405992716168116
"Malawi","child_zinc","461","Chitipa","TA Mwenewenya",-10.038388,33.583143,NA,"2016-01-25",1,15,15,15,15,15,0.666666666666667,-4.07833144939919,0.199882936446326
"Malawi","child_zinc","464","Mzimba","TA M'Mbelwa",-12.327912,33.421892,NA,"2016-02-11",2,18,18,18,18,18,0.333333333333333,-4.17735291992047,0.159619437927865
"Malawi","child_zinc","468","Phalombe","TA Mkhumba",-15.829211,35.585935,NA,"2016-01-29",1,7,7,7,7,7,0.714285714285714,-3.99539851902083,0.157911258726069
"Malawi","child_zinc","497","Rumphi","SC Chapinduka",-10.888588,34.194431,NA,"2016-01-29",1,11,11,11,11,11,0.181818181818182,-4.24806073995125,0.182555116675605
"Malawi","child_zinc","498","Dowa","SC Mponela",-13.583471,33.776254,NA,"2016-02-09",2,7,7,7,7,7,0.714285714285714,-3.96753397381409,0.110207054680847
"Malawi","child_zinc","5","Mchinji","TA Mlonyeni",-13.891912,33.000702,NA,"2016-01-26",1,11,11,11,11,11,0.454545454545455,-4.06961855314364,0.315207132403938
"Malawi","child_zinc","503","Thyolo","TA Bvumbwe",-16.008131,35.025197,NA,"2016-02-07",2,11,11,11,11,11,0.727272727272727,-4.07726762873433,0.193467516159133
"Malawi","child_zinc","505","Chikwawa","TA Lundu",-16.167037,34.859233,NA,"2016-02-04",2,16,16,16,16,16,0.25,-4.2223902458973,0.176255976919014
"Malawi","child_zinc","507","Karonga","TA Kyungu",-9.912457,33.926073,NA,"2016-01-19",1,14,14,14,14,14,0.857142857142857,-4.02842286608769,0.163278637358108
"Malawi","child_zinc","511","Dedza","TA Tambala",-14.080039,34.245132,NA,"2016-02-11",2,18,18,18,18,18,0.777777777777778,-3.90832388598064,0.170076764278839
"Malawi","child_zinc","517","Lilongwe","TA Chiseka",-14.095607,33.602099,NA,"2015-12-19",12,12,12,12,12,12,0.833333333333333,-3.99233056428882,0.367481501079606
"Malawi","child_zinc","531","Nkhata Bay","SC Malanda",-11.840946,34.158545,NA,"2016-02-02",2,7,7,7,7,7,0.428571428571429,-4.16452172436013,0.167275379561768
"Malawi","child_zinc","571","Nkhata Bay","TA Fukamapiri",-11.915336,34.041498,NA,"2016-02-07",2,12,12,12,12,12,0.75,-3.8965565592944,0.296778660206133
"Malawi","child_zinc","58","Nsanje","TA Ndamera",-17.084169,35.193611,NA,"2016-01-29",1,10,10,10,10,10,0.6,-4.02172140296468,0.209466864020296
"Malawi","child_zinc","593","Chiradzulu","TA Kadewere",-15.711575,35.262632,NA,"2016-02-11",2,16,16,16,16,16,0.875,-3.93423707575503,0.134597046098177
"Malawi","child_zinc","6","Mzimba","TA Chindi",-11.355628,33.380949,NA,"2015-12-19",12,13,13,13,13,13,0.615384615384615,-4.0077616417522,0.195347985483829
"Malawi","child_zinc","601","Ntcheu","SC Makwangwala",-14.768256,34.744101,NA,"2016-02-02",2,12,12,12,12,12,0.333333333333333,-4.31502630163309,0.479758812497479
"Malawi","child_zinc","607","Nkhotakota","TA Kanyenda",-12.460592,34.053205,NA,"2016-01-13",1,15,15,15,15,15,0.666666666666667,-3.99105869234257,0.366047340848629
"Malawi","child_zinc","64","Zomba","TA Malemia",-15.277248,35.413168,NA,"2016-01-20",1,26,26,26,26,26,0.846153846153846,-3.89352691340233,0.199135913465982
"Malawi","child_zinc","641","Nkhata Bay","TA Musisya",-11.232238,34.205223,NA,"2015-12-22",12,13,13,13,13,13,0.384615384615385,-4.15309392316304,0.191423897816436
"Malawi","child_zinc","665","Ntchisi","SC Chilooko",-13.087539,33.862751,NA,"2016-02-03",2,10,10,10,10,10,0.8,-4.01281818164585,0.194491035300603
"Malawi","child_zinc","670","Dowa","SC Mkukula",-13.721499,33.82734,NA,"2016-02-04",2,9,9,9,9,9,0.555555555555556,-4.17676034924471,0.61814437322787
"Malawi","child_zinc","676","Mzimba","Mzimba Boma",-11.910534,33.586952,NA,"2016-02-14",2,6,6,6,6,6,0.666666666666667,-3.95368989053812,0.222311800141491
"Malawi","child_zinc","704","Thyolo","TA Nchilamwela",-16.073277,35.189154,NA,"2016-01-21",1,1,1,1,1,1,0,-4.18395672091179,NA
"Malawi","child_zinc","720","Mwanza","Majete Game Reserve - Mwanza",-15.777152,34.58384,NA,"2016-01-18",1,10,10,10,10,10,0.6,-4.13043535582446,0.363803321987184
"Malawi","child_zinc","736","Mchinji","SC Dambe",-13.604173,33.182008,NA,"2016-01-14",1,21,21,21,21,21,0.857142857142857,-3.87683524822523,0.249835122284687
"Malawi","child_zinc","74","Mwanza","TA Nthache",-15.730273,34.401844,NA,"2016-01-16",1,6,6,6,6,6,0.5,-4.00496519021907,0.247650742912095
"Malawi","child_zinc","743","Balaka","TA Kalembo",-14.840779,35.274274,NA,"2015-12-12",12,7,7,7,7,7,0.857142857142857,-3.88653456020937,0.199197309868542
"Malawi","child_zinc","772","Kasungu","TA Santhe",-13.386622,33.302506,NA,"2016-01-12",1,10,10,10,10,10,0.4,-4.20149096435768,0.238276728619815
"Malawi","child_zinc","777","Lilongwe","Lilongwe City",-14.018083,33.77389,NA,"2016-01-20",1,10,10,10,10,10,0.7,-4.1129835032632,0.241043478223243
"Malawi","child_zinc","780","Rumphi","SC Mwankhunikira",-10.983559,34.062177,NA,"2016-02-01",2,5,5,5,5,5,0.2,-4.17683750351051,0.134986197581697
"Malawi","child_zinc","782","Neno","TA Ngozi",-15.36742,34.658742,NA,"2015-12-19",12,8,8,8,8,8,0.75,-4.03737251460169,0.29969930522505
"Malawi","child_zinc","813","Chitipa","TA Mwenemisuku",-9.637926,33.510705,NA,"2015-12-20",12,7,7,7,7,7,0.714285714285714,-3.85909682406755,0.246402837558524
"Malawi","child_zinc","817","Chitipa","TA Mwenemisuku",-9.702921,33.422587,NA,"2016-01-22",1,9,9,9,9,9,0.333333333333333,-4.28483679080944,0.268592724214424
"Malawi","child_zinc","822","Kasungu","TA Mwase",-12.927273,33.409728,NA,"2015-12-18",12,9,9,9,9,9,0.666666666666667,-3.94882013814253,0.264666018355797
"Malawi","child_zinc","825","Salima","TA Khombedza",-13.677138,34.225683,NA,"2016-01-26",1,11,11,11,11,11,0.636363636363636,-4.01994850212678,0.284217044463885
"Malawi","child_zinc","827","Nkhotakota","Nkhotakota Boma",-12.9387742,34.29413447,NA,"2016-01-18",1,6,6,6,6,6,1,-3.94156602208245,0.1392561479622
"Malawi","child_zinc","829","Dedza","TA Pemba",-14.376875,34.044475,NA,"2016-02-13",2,32,32,32,32,32,0.6875,-3.99953487040975,0.138205619808614
"Malawi","child_zinc","830","Karonga","TA Kyungu",-10.13705,33.949382,NA,"2016-02-15",2,18,18,18,18,18,0.111111111111111,-4.38214734509755,0.180112761189601
"Malawi","child_zinc","832","Ntcheu","SC Goodson Ganya",-14.706152,34.756621,NA,"2016-01-31",1,12,12,12,12,12,0.583333333333333,-4.14915868770866,0.215914186953246
"Malawi","child_zinc","836","Dowa","SC Kayembe",-13.4922,33.47325,NA,"2016-02-06",2,8,8,8,8,8,0.125,-4.2501756371407,0.181201026833185
"Malawi","child_zinc","842","Zomba","SC Mbiza",-15.553532,35.286338,NA,"2016-01-23",1,14,14,14,14,14,0.571428571428571,-4.08877645430682,0.588541741188497
"Malawi","child_zinc","86","Chitipa","Nyika N.P. - Chitipa",-10.455422,33.66179,NA,"2016-01-16",1,10,10,10,10,10,0.8,-3.90239735422863,0.37247146831756
"Malawi","child_zinc","96","Mulanje","TA Mabuka",-16.079989,35.422405,NA,"2016-02-03",2,11,11,11,11,11,0.363636363636364,-4.16631509300977,0.206377402881195
"Malawi","women_zinc","101","Rumphi","SC Kachulu",-10.595395,34.096022,NA,"2016-02-05",2,6,6,6,6,6,0.333333333333333,-4.11006816363694,0.142157167832077
"Malawi","women_zinc","114","Rumphi","Rumphi Boma",-11.024879,33.8439,NA,"2016-01-25",1,10,10,10,10,10,0.7,-3.99097293298989,0.221546129558241
"Malawi","women_zinc","136","Ntchisi","SC Nthondo",-13.240763,34.022746,NA,"2015-12-21",12,8,8,8,8,8,0.75,-3.9995127780955,0.187796415173318
"Malawi","women_zinc","140","Chitipa","TA Mwabulambya",-9.515626,33.331837,NA,"2015-12-12",12,16,16,16,16,16,0.6875,-4.05070137483799,0.384370662528973
"Malawi","women_zinc","145","Blantyre","TA Kuntaja",-15.589053,34.903272,NA,"2015-12-08",12,2,2,2,2,2,1,-3.93864526268755,0.128920809165493
"Malawi","women_zinc","150","Ntchisi","TA Kalumo",-13.325075,33.903215,NA,"2015-12-12",12,8,8,8,8,8,1,-3.80454498295177,0.144207388343511
"Malawi","women_zinc","16","Nsanje","Nsanje Boma",-16.925869,35.259417,NA,"2016-01-24",1,6,6,6,6,6,0.333333333333333,-4.13212464221131,0.167266531097929
"Malawi","women_zinc","162","Chitipa","Chitipa Boma",-9.694077,33.266921,NA,"2016-02-15",2,3,3,3,3,3,1,-4.09921200811704,0.0782116734507729
"Malawi","women_zinc","170","Salima","TA Maganga",-13.831091,34.565592,NA,"2016-01-11",1,11,11,11,11,11,0.363636363636364,-4.27906502705735,0.179446076618383
"Malawi","women_zinc","178","Karonga","TA Wasambo",-10.555269,34.181315,NA,"2016-02-12",2,6,6,6,6,6,0.833333333333333,-4.06615623085341,0.143578357041418
"Malawi","women_zinc","18","Mzimba","TA Chindi",-11.488252,33.536393,NA,"2015-12-15",12,8,8,8,8,8,0.75,-4.00737961949417,0.225826464989651
"Malawi","women_zinc","185","Nkhata Bay","TA Kabunduli",-11.601547,33.975359,NA,"2015-12-13",12,3,3,3,3,3,1,-3.88322629837969,0.15488228487432
"Malawi","women_zinc","190","Blantyre","Blantyre City",-15.84255,35.07702,NA,"2016-01-13",1,5,5,5,5,5,0.8,-4.12621937797408,0.147399139378717
"Malawi","women_zinc","192","Salima","TA Karonga",-13.76226,34.448408,NA,"2016-01-30",1,7,7,7,7,7,0.571428571428571,-4.21764316374625,0.498764920666317
"Malawi","women_zinc","193","Chiradzulu","TA Nchema",-15.579211,35.230572,NA,"2016-02-13",2,12,12,12,12,12,0.916666666666667,-4.02263857778838,0.123917349106177
"Malawi","women_zinc","194","Mulanje","TA Mabuka",-16.116085,35.576128,NA,"2016-02-01",2,10,10,10,10,10,0.7,-4.02876522729116,0.122640286295969
"Malawi","women_zinc","195","Neno","TA Ngozi",-15.394406,34.654953,NA,"2015-12-21",12,6,6,6,6,6,0.666666666666667,-3.91753772361085,0.289813260814741
"Malawi","women_zinc","200","Nsanje","SC Mbenje",-16.535239,35.017915,NA,"2016-01-25",1,9,9,9,9,9,0.666666666666667,-4.1218138511093,0.402658659352676
"Malawi","women_zinc","205","Nkhata Bay","TA Timbiri",-11.561003,34.130245,NA,"2016-01-16",1,7,7,7,7,7,0.428571428571429,-4.20119847701761,0.311775529537384
"Malawi","women_zinc","209","Salima","SC Kambwiri",-13.939307,34.351485,NA,"2016-01-28",1,6,6,6,6,6,0.166666666666667,-4.26821950310327,0.125938872433959
"Malawi","women_zinc","218","Zomba","TA Malemia",-15.33343,35.393138,NA,"2016-01-16",1,10,10,10,10,10,0.8,-4.01248411423414,0.117908735801715
"Malawi","women_zinc","219","Nkhotakota","TA Malenga Chanzi",-12.926376,34.24465,NA,"2016-01-15",1,8,8,8,8,8,0.5,-4.12917635550368,0.210316091462697
"Malawi","women_zinc","223","Kasungu","TA Kaluluma",-12.61724,33.527656,NA,"2015-12-16",12,10,10,10,10,10,0.4,-4.15800841401165,0.307356744211688
"Malawi","women_zinc","227","Nkhata Bay","TA Timbiri",-11.62631,34.309163,NA,"2016-02-04",2,12,12,12,12,12,0.416666666666667,-4.17338899929109,0.252738564063867
"Malawi","women_zinc","23","Mangochi","TA Nankumba",-14.2194,35.03196,NA,"2016-01-11",1,11,11,11,11,11,0.363636363636364,-4.22798032253959,0.152633581460904
"Malawi","women_zinc","232","Chiradzulu","TA Mpama",-15.672944,35.168972,NA,"2016-02-09",2,8,8,8,8,8,1,-3.94027948072301,0.248276466913218
"Malawi","women_zinc","234","Mangochi","TA Mponda",-14.499113,35.238288,NA,"2015-12-24",12,5,5,5,5,5,0.6,-4.08933863337442,0.111330135921721
"Malawi","women_zinc","238","Dowa","TA Dzoole",-13.558987,33.692654,NA,"2016-02-11",2,8,8,8,8,8,0.125,-4.40123810555591,0.255201393760838
"Malawi","women_zinc","240","Ntcheu","TA Phambala",-14.985556,34.812621,NA,"2016-02-07",2,11,11,11,11,11,0.636363636363636,-4.09360965730941,0.14529729781891
"Malawi","women_zinc","242","Rumphi","TA Chikulamayembe",-10.997424,33.756492,NA,"2016-02-03",2,5,5,5,5,5,0.2,-4.29255366433831,0.0850747180825965
"Malawi","women_zinc","245","Dedza","TA Kaphuka",-14.161537,34.103118,NA,"2016-01-21",1,6,6,6,6,6,0.333333333333333,-4.28198698808175,0.313540375796181
"Malawi","women_zinc","253","Phalombe","TA Mkhumba",-15.589167,35.580363,NA,"2016-01-26",1,6,6,6,6,6,1,-3.91620194502017,0.119736474646036
"Malawi","women_zinc","270","Mzimba","TA Mabulabo",-12.6706745,33.63307452,NA,"2016-02-15",2,6,6,6,6,6,1,-3.81608828620552,0.145960923206882
"Malawi","women_zinc","271","Mchinji","TA Zulu",-13.789041,33.062838,NA,"2016-01-29",1,8,8,8,8,8,0.375,-4.14954677947373,0.194440683846012
"Malawi","women_zinc","276","Mulanje","SC Juma",-15.773532,35.313075,NA,"2015-12-15",12,5,5,5,5,5,0.8,-3.96618175403719,0.128359990791191
"Malawi","women_zinc","282","Neno","TA Symon",-15.357777,34.847055,NA,"2016-02-11",2,9,9,9,9,9,0.444444444444444,-4.12898889976752,0.286324308009622
"Malawi","women_zinc","294","Lilongwe","TA Khongoni",-13.84457,33.416591,NA,"2015-12-12",12,7,7,7,7,7,0.285714285714286,-4.12378738682714,0.212122208999898
"Malawi","women_zinc","303","Balaka","TA Nsamala",-15.131348,34.988559,NA,"2015-12-15",12,6,6,6,6,6,0.833333333333333,-3.85728673805503,0.232856579309286
"Malawi","women_zinc","309","Karonga","Karonga Town",-9.943894,33.870706,NA,"2016-02-09",2,12,12,12,12,12,1,-3.86254048989026,0.123230155204434
"Malawi","women_zinc","315","Kasungu","SC Kawamba",-13.22161,33.319757,NA,"2016-01-23",1,9,9,9,9,9,0.555555555555556,-3.99249558377413,0.402355499825734
"Malawi","women_zinc","342","Nkhata Bay","TA Timbiri",-11.665269,34.259462,NA,"2016-01-22",1,7,7,7,7,7,0.857142857142857,-3.92559866068492,0.0979702037729189
"Malawi","women_zinc","344","Mangochi","SC Chowe",-14.744133,35.44785,NA,"2015-12-19",12,8,8,8,8,8,0.375,-4.13244925978627,0.184227238821422
"Malawi","women_zinc","361","Karonga","TA Kilupula",-9.769701,33.857402,NA,"2015-12-18",12,5,5,5,5,5,1,-3.86304123386809,0.253218244200123
"Malawi","women_zinc","369","Lilongwe","TA Kabudula",-13.745669,33.466422,NA,"2015-12-17",12,8,8,8,8,8,0.875,-4.12004794606428,0.378734797760502
"Malawi","women_zinc","37","Mzimba","Mzuzu City",-11.436618,34.022728,NA,"2016-01-19",1,7,7,7,7,7,0.857142857142857,-4.04032707201498,0.107324607000874
"Malawi","women_zinc","377","Ntcheu","TA Njolomole",-14.702695,34.624724,NA,"2016-02-04",2,9,9,9,9,9,0.333333333333333,-4.12900490091963,0.231133731047728
"Malawi","women_zinc","387","Mzimba","Mzuzu City",-11.430109,34.021246,NA,"2016-01-15",1,6,6,6,6,6,0.666666666666667,-4.11579457415128,0.0794389356380571
"Malawi","women_zinc","388","Karonga","TA Kyungu",-9.89023,33.88321,NA,"2016-01-12",1,8,8,8,8,8,0.125,-4.3712745005414,0.380507957699722
"Malawi","women_zinc","389","Rumphi","TA Chikulamayembe",-10.890318,33.755668,NA,"2016-02-01",2,10,10,10,10,10,0.4,-4.16087046430515,0.204818164295831
"Malawi","women_zinc","398","Blantyre","Blantyre City",-15.762764,35.076797,NA,"2015-12-09",12,8,8,8,8,8,1,-3.86856443145839,0.21488908333861
"Malawi","women_zinc","401","Phalombe","TA Mkhumba",-15.799683,35.646256,NA,"2015-12-12",12,9,9,9,9,9,0.888888888888889,-3.97756397542904,0.136240843090007
"Malawi","women_zinc","405","Rumphi","Rumphi Boma",-11.026453,33.862539,NA,"2016-01-27",1,9,9,9,9,9,0.222222222222222,-4.21493163851772,0.152045721794518
"Malawi","women_zinc","410","Machinga","TA Kawinga",-14.950212,35.547289,NA,"2016-01-13",1,8,8,8,8,8,0.75,-4.05925969524032,0.103520761856038
"Malawi","women_zinc","420","Mzimba","TA Mtwalo",-11.379743,33.801792,NA,"2016-01-11",1,12,12,12,12,12,0.166666666666667,-4.5450072375047,0.39688527533213
"Malawi","women_zinc","43","Chikwawa","TA Kasisi",-15.878002,34.824152,NA,"2016-02-01",2,7,7,7,7,7,0.857142857142857,-3.95512764829239,0.20587060447275
"Malawi","women_zinc","435","Mchinji","SC Mduwa",-13.666144,33.268038,NA,"2016-01-18",1,6,6,6,6,6,0.5,-4.12552031969826,0.150847328429852
"Malawi","women_zinc","444","Thyolo","SC Mbawela",-16.28729,35.203263,NA,"2016-01-11",1,13,13,13,13,13,0.384615384615385,-4.19074911539383,0.267629899580531
"Malawi","women_zinc","448","Nkhotakota","TA Mwadzama",-13.286441,34.30997,NA,"2016-01-19",1,10,10,10,10,10,0.5,-4.23987612752644,0.260771813440164
"Malawi","women_zinc","459","Karonga","TA Kilupula",-9.705209,33.894951,NA,"2015-12-14",12,6,6,6,6,6,0.666666666666667,-3.95072812347997,0.172528238383762
"Malawi","women_zinc","461","Chitipa","TA Mwenewenya",-10.038388,33.583143,NA,"2016-01-25",1,7,7,7,7,7,0.714285714285714,-3.96536091035644,0.293727809918468
"Malawi","women_zinc","464","Mzimba","TA M'Mbelwa",-12.327912,33.421892,NA,"2016-02-11",2,8,8,8,8,8,0.375,-4.09886364096021,0.157083769766686
"Malawi","women_zinc","468","Phalombe","TA Mkhumba",-15.829211,35.585935,NA,"2016-01-29",1,10,10,10,10,10,0.6,-4.01166616395228,0.232668017511785
"Malawi","women_zinc","497","Rumphi","SC Chapinduka",-10.888588,34.194431,NA,"2016-01-29",1,8,8,8,8,8,0.25,-4.4091644726031,0.242569753265806
"Malawi","women_zinc","498","Dowa","SC Mponela",-13.583471,33.776254,NA,"2016-02-09",2,10,10,10,10,10,0.8,-3.945894979163,0.141042999771224
"Malawi","women_zinc","5","Mchinji","TA Mlonyeni",-13.891912,33.000702,NA,"2016-01-26",1,9,9,9,9,9,0.777777777777778,-3.9360676217089,0.147523878011092
"Malawi","women_zinc","503","Thyolo","TA Bvumbwe",-16.008131,35.025197,NA,"2016-02-07",2,16,15,16,16,15,0.8125,-4.03821929937675,0.171579987322097
"Malawi","women_zinc","505","Chikwawa","TA Lundu",-16.167037,34.859233,NA,"2016-02-04",2,20,20,20,20,20,0.3,-4.20257692672531,0.10343092112446
"Malawi","women_zinc","507","Karonga","TA Kyungu",-9.912457,33.926073,NA,"2016-01-19",1,7,7,7,7,7,0.857142857142857,-3.9700377498022,0.158689727777133
"Malawi","women_zinc","511","Dedza","TA Tambala",-14.080039,34.245132,NA,"2016-02-11",2,11,11,11,11,11,0.818181818181818,-3.94869442044606,0.170079615003503
"Malawi","women_zinc","517","Lilongwe","TA Chiseka",-14.095607,33.602099,NA,"2015-12-19",12,9,9,9,9,9,0.777777777777778,-4.0409514385206,0.253623431988753
"Malawi","women_zinc","531","Nkhata Bay","SC Malanda",-11.840946,34.158545,NA,"2016-02-02",2,5,5,5,5,5,0.4,-4.17465168940407,0.151832960393539
"Malawi","women_zinc","571","Nkhata Bay","TA Fukamapiri",-11.915336,34.041498,NA,"2016-02-07",2,5,5,5,5,5,1,-3.83961616242061,0.139689406576245
"Malawi","women_zinc","58","Nsanje","TA Ndamera",-17.084169,35.193611,NA,"2016-01-29",1,6,6,6,6,6,0.5,-4.13211919994559,0.331818450177307
"Malawi","women_zinc","593","Chiradzulu","TA Kadewere",-15.711575,35.262632,NA,"2016-02-11",2,9,9,9,9,9,0.777777777777778,-3.97105260026952,0.133605874974175
"Malawi","women_zinc","6","Mzimba","TA Chindi",-11.355628,33.380949,NA,"2015-12-19",12,9,9,9,9,9,0.888888888888889,-3.82448753233325,0.191726101730575
"Malawi","women_zinc","601","Ntcheu","SC Makwangwala",-14.768256,34.744101,NA,"2016-02-02",2,11,11,11,11,11,0.636363636363636,-4.03764323314333,0.169671518147824
"Malawi","women_zinc","607","Nkhotakota","TA Kanyenda",-12.460592,34.053205,NA,"2016-01-13",1,9,9,9,9,9,0.444444444444444,-4.2692527491925,0.239296867122697
"Malawi","women_zinc","64","Zomba","TA Malemia",-15.277248,35.413168,NA,"2016-01-20",1,12,12,12,12,12,0.833333333333333,-4.06477259519574,0.614072396993818
"Malawi","women_zinc","641","Nkhata Bay","TA Musisya",-11.232238,34.205223,NA,"2015-12-22",12,4,4,4,4,4,1,-3.98698811093269,0.201931234356227
"Malawi","women_zinc","665","Ntchisi","SC Chilooko",-13.087539,33.862751,NA,"2016-02-03",2,7,7,7,7,7,0.714285714285714,-4.10348662680778,0.15291510946954
"Malawi","women_zinc","670","Dowa","SC Mkukula",-13.721499,33.82734,NA,"2016-02-04",2,11,11,11,11,11,0.272727272727273,-4.34737803990173,0.278233335171572
"Malawi","women_zinc","676","Mzimba","Mzimba Boma",-11.910534,33.586952,NA,"2016-02-14",2,8,8,8,8,8,0.625,-3.92184662402009,0.177329631916879
"Malawi","women_zinc","704","Thyolo","TA Nchilamwela",-16.073277,35.189154,NA,"2016-01-21",1,2,2,2,2,2,1,-3.83851563394724,0.189691284069235
"Malawi","women_zinc","720","Mwanza","Majete Game Reserve - Mwanza",-15.777152,34.58384,NA,"2016-01-18",1,11,11,11,11,11,1,-3.85688132075552,0.333577741038189
"Malawi","women_zinc","736","Mchinji","SC Dambe",-13.604173,33.182008,NA,"2016-01-14",1,12,12,12,12,12,1,-3.90508602655203,0.290437529857105
"Malawi","women_zinc","74","Mwanza","TA Nthache",-15.730273,34.401844,NA,"2016-01-16",1,10,10,10,10,10,0.8,-3.89624998410202,0.311005773915147
"Malawi","women_zinc","743","Balaka","TA Kalembo",-14.840779,35.274274,NA,"2015-12-12",12,5,5,5,5,5,0.8,-4.00579452742063,0.299699328635146
"Malawi","women_zinc","772","Kasungu","TA Santhe",-13.386622,33.302506,NA,"2016-01-12",1,10,10,10,10,10,0.5,-4.15728058635613,0.194382532340754
"Malawi","women_zinc","777","Lilongwe","Lilongwe City",-14.018083,33.77389,NA,"2016-01-20",1,4,4,4,4,4,1,-3.93839822709433,0.109956895454064
"Malawi","women_zinc","780","Rumphi","SC Mwankhunikira",-10.983559,34.062177,NA,"2016-02-01",2,7,7,7,7,7,0.142857142857143,-4.31970299732716,0.252418434491486
"Malawi","women_zinc","782","Neno","TA Ngozi",-15.36742,34.658742,NA,"2015-12-19",12,9,9,9,9,9,0.888888888888889,-3.91936033910362,0.119647271378662
"Malawi","women_zinc","813","Chitipa","TA Mwenemisuku",-9.637926,33.510705,NA,"2015-12-20",12,4,4,4,4,4,0.75,-4.00847371838287,0.139583182449611
"Malawi","women_zinc","817","Chitipa","TA Mwenemisuku",-9.702921,33.422587,NA,"2016-01-22",1,9,9,9,9,9,0.444444444444444,-4.06918669958257,0.219947604767802
"Malawi","women_zinc","822","Kasungu","TA Mwase",-12.927273,33.409728,NA,"2015-12-18",12,7,7,7,7,7,0.571428571428571,-4.06034928363497,0.302834233292676
"Malawi","women_zinc","825","Salima","TA Khombedza",-13.677138,34.225683,NA,"2016-01-26",1,3,3,3,3,3,1,-3.86899732466976,0.037261332551877
"Malawi","women_zinc","827","Nkhotakota","Nkhotakota Boma",-12.9387742,34.29413447,NA,"2016-01-18",1,6,6,6,6,6,0.333333333333333,-4.46570464224633,0.692080228228646
"Malawi","women_zinc","829","Dedza","TA Pemba",-14.376875,34.044475,NA,"2016-02-13",2,18,18,18,18,18,0.666666666666667,-4.03306992241251,0.165518358191806
"Malawi","women_zinc","830","Karonga","TA Kyungu",-10.13705,33.949382,NA,"2016-02-15",2,7,7,7,7,7,0.142857142857143,-4.38527036879743,0.217656291973796
"Malawi","women_zinc","832","Ntcheu","SC Goodson Ganya",-14.706152,34.756621,NA,"2016-01-31",1,11,11,11,11,11,0.727272727272727,-4.0990643652711,0.135390112776179
"Malawi","women_zinc","836","Dowa","SC Kayembe",-13.4922,33.47325,NA,"2016-02-06",2,7,7,7,7,7,0.428571428571429,-4.20468392478386,0.182697886526044
"Malawi","women_zinc","842","Zomba","SC Mbiza",-15.553532,35.286338,NA,"2016-01-23",1,8,8,8,8,8,0.625,-4.07089299443504,0.240577186163927
"Malawi","women_zinc","86","Chitipa","Nyika N.P. - Chitipa",-10.455422,33.66179,NA,"2016-01-16",1,4,4,4,4,4,1,-3.99774245720361,0.103363631325699
"Malawi","women_zinc","96","Mulanje","TA Mabuka",-16.079989,35.422405,NA,"2016-02-03",2,12,12,12,12,12,0.166666666666667,-4.2946590605146,0.275840401982792
"SierraLeone","child_vitA","1","Eastern","Kailahun",7.8911,-10.6583,NA,"2013-11-19",11,9,9,7.53846153846154,7.53846153846154,7.53846153846154,0.0714285714285714,0.0998955129146487,0.185882258638409
"SierraLeone","child_vitA","10","Northern","Port Loko",8.490389,-13.079095,NA,"2013-11-23",11,7,7,6.23076923076923,6.23076923076923,6.23076923076923,0.333333333333333,0.052545208475898,0.562749941276267
"SierraLeone","child_vitA","11","Northern","Port Loko",8.759411,-12.824133,NA,"2013-11-11",11,9,9,6.73684210526316,6.73684210526316,6.73684210526316,0.25,0.184282462102696,0.260775038650781
"SierraLeone","child_vitA","12","Northern","Kambia",9.1866,-12.89985,NA,"2013-11-12",11,8,8,7.25806451612903,7.25806451612903,7.25806451612903,0.133333333333333,0.147601553680946,0.246112329189515
"SierraLeone","child_vitA","13","Northern","Koinadugu",9.5308619,-11.5248055,NA,"2013-11-28",11,14,14,11.9189189189189,11.9189189189189,11.9189189189189,0.238095238095238,0.22827835737625,0.344683582047419
"SierraLeone","child_vitA","14","Northern","Koinadugu",9.50678,-11.57144,NA,"2013-11-28",11,11,11,10.2857142857143,10.2857142857143,10.2857142857143,0.0833333333333333,-0.00298643838115291,0.445298410581477
"SierraLeone","child_vitA","15","Northern","Port Loko",9.087961,-12.748478,NA,"2013-11-23",11,6,6,5.45161290322581,5.45161290322581,5.45161290322581,0.230769230769231,0.0843239396127871,0.219311091465395
"SierraLeone","child_vitA","16","Northern","Port Loko",8.4889107,-12.6381274,NA,"2013-11-19",11,6,6,4.33333333333333,4.33333333333333,4.33333333333333,0.230769230769231,0.0901868933903752,0.440927439809257
"SierraLeone","child_vitA","17","Northern","Port Loko",8.6058,-12.9622,NA,"2013-11-15",11,12,12,10.3142857142857,10.3142857142857,10.3142857142857,0.0526315789473684,-0.0407874806620806,0.331860393442423
"SierraLeone","child_vitA","18","Northern","Tonkolili",8.556746111,-11.84418611,NA,"2013-11-21",11,14,14,11.1111111111111,11.1111111111111,11.1111111111111,0.25,0.163583158582805,0.352790672567865
"SierraLeone","child_vitA","19","Northern","Tonkolili",8.953627391,-11.83887522,NA,"2013-11-21",11,13,13,8.64705882352941,8.64705882352941,8.64705882352941,0,-0.13888315468028,0.29633778661241
"SierraLeone","child_vitA","2","Eastern","Kailahun",8.0598,-10.7384,NA,"2013-11-28",11,5,5,4.26315789473684,4.26315789473684,4.26315789473684,0,-0.106668227635003,0.121384699270412
"SierraLeone","child_vitA","20","Southern","Bo",7.890714,-11.9045135,NA,"2013-12-04",12,7,7,5.53846153846154,5.53846153846154,5.53846153846154,0.5,0.431997410679633,0.581628405364275
"SierraLeone","child_vitA","21","Southern","Bo",8.219030417,-11.48851458,NA,"2013-11-15",11,16,16,13.5641025641026,13.5641025641026,13.5641025641026,0.130434782608696,0.0582339096046581,0.321425929341222
"SierraLeone","child_vitA","22","Southern","Bo",8.216133478,-11.63062696,NA,"2013-11-22",11,10,10,9,9,9,0.0833333333333333,0.177613957352537,0.328544989333986
"SierraLeone","child_vitA","23","Southern","Bonthe",7.5563225,-12.024399,NA,"2013-11-26",11,12,12,10.7560975609756,10.7560975609756,10.7560975609756,0.238095238095238,0.114459416808772,0.255574543081717
"SierraLeone","child_vitA","24","Southern","Bonthe",7.352934,-12.1364,NA,"2013-12-03",12,7,7,5.76923076923077,5.76923076923077,5.76923076923077,0,-0.0468492048168679,0.297232005136866
"SierraLeone","child_vitA","25","Southern","Bonthe",7.760902143,-12.280585,NA,"2013-11-29",11,9,9,7.34782608695652,7.34782608695652,7.34782608695652,0.0769230769230769,0.0878933787140965,0.271363029810464
"SierraLeone","child_vitA","26","Southern","Moyamba",8.209591053,-12.85921684,NA,"2013-12-01",12,11,11,8.3968253968254,8.3968253968254,8.3968253968254,0,-0.0290712095400486,0.237159505733287
"SierraLeone","child_vitA","27","Southern","Pujehun",7.353529565,-11.6971287,NA,"2013-11-11",11,8,8,6.93954666466148,6.93954666466148,6.93954666466148,0,0.152441476154582,0.347634293075168
"SierraLeone","child_vitA","28","Southern","Pujehun",7.23852,-11.30564,NA,"2013-11-15",11,9,9,7.34782608695652,7.34782608695652,7.34782608695652,0.0769230769230769,0.121495554720906,0.279334201321916
"SierraLeone","child_vitA","29","Western","Western Rural",8.33517,-13.0083325,NA,"2013-11-09",11,6,6,5.44444444444444,5.44444444444444,5.44444444444444,0,0.00790087000302379,0.270934413055427
"SierraLeone","child_vitA","3","Southern","Pujehun",7.4959,-11.7498,NA,"2013-11-30",11,13,13,11.6551724137931,11.6551724137931,11.6551724137931,0.0384615384615385,-0.00504300390007498,0.288650705997425
"SierraLeone","child_vitA","30","Western","Western Rural",8.37737619,-13.1333119,NA,"2013-11-24",11,8,8,6.76,6.76,6.76,0.0769230769230769,-0.0597644797355216,0.48370832967936
"SierraLeone","child_vitA","31","Eastern","Kailahun",7.994711667,-10.95162667,NA,"2013-11-19",11,5,5,5,5,5,0,-0.288989513380299,0.540828255507819
"SierraLeone","child_vitA","32","Eastern","Kenema",7.581254091,-11.18653273,NA,"2013-11-21",11,7,7,6.54545454545454,6.54545454545454,6.54545454545454,0.5,0.230739990855611,0.328677342455941
"SierraLeone","child_vitA","33","Southern","Bo",8.30985,-11.62052,NA,"2013-11-18",11,7,7,6.23076923076923,6.23076923076923,6.23076923076923,0.333333333333333,0.331029006827763,0.210340760176933
"SierraLeone","child_vitA","34","Eastern","Kenema",7.51971,-11.1152287,NA,"2013-11-03",11,3,3,2.66666666666667,2.66666666666667,2.66666666666667,0,-0.312101431636174,0.178099913555329
"SierraLeone","child_vitA","35","Eastern","Kono",8.621400435,-11.04688478,NA,"2013-11-29",11,11,11,9.14285714285714,9.14285714285714,9.14285714285714,0.125,0.088703040446714,0.288895233551671
"SierraLeone","child_vitA","36","Eastern","Kono",8.64770087,-10.96195739,NA,"2013-11-28",11,9,9,7.25806451612903,7.25806451612903,7.25806451612903,0.0666666666666667,0.0756433801502326,0.264929582179041
"SierraLeone","child_vitA","37","Northern","Bombali",9.302216,-12.145164,NA,"2013-11-24",11,6,6,5.44444444444444,5.44444444444444,5.44444444444444,0.142857142857143,0.211688080243233,0.212876745389072
"SierraLeone","child_vitA","38","Northern","Tonkolili",8.527432632,-12.02959947,NA,"2013-11-18",11,5,5,4.48148148148148,4.48148148148148,4.48148148148148,0,0.0085744701345623,0.22508920680745
"SierraLeone","child_vitA","39","Northern","Kambia",8.92313,-13.0397675,NA,"2013-11-21",11,18,18,15.0058808347692,15.0058808347692,15.0058808347692,0.0317454831853293,0.0991202501583639,0.32844497491983
"SierraLeone","child_vitA","4","Eastern","Kono",8.7471,-11.1418,NA,"2013-11-20",11,8,8,6.53333333333333,6.53333333333333,6.53333333333333,0.214285714285714,0.182107344375271,0.391402774124397
"SierraLeone","child_vitA","40","Northern","Koinadugu",9.585,-11.55212667,NA,"2013-11-28",11,6,6,5.4,5.4,5.4,0,-0.0802034103991651,0.407843455895497
"SierraLeone","child_vitA","41","Western","Western Rural",8.3637,-13.108,NA,"2013-11-18",11,7,7,6.25,6.25,6.25,0.1,0.0699111826095841,0.385212439055295
"SierraLeone","child_vitA","42","Western","Western Urban",8.4790177,-13.253133,NA,"2013-11-09",11,5,5,4,4,4,0.125,0.260625512165858,0.336419478789886
"SierraLeone","child_vitA","43","Northern","Tonkolili",8.719721364,-11.94014091,NA,"2013-11-22",11,8,8,7.11764705882353,7.11764705882353,7.11764705882353,0,0.090304477235709,0.156010407295906
"SierraLeone","child_vitA","44","Eastern","Kenema",7.56127,-11.29470043,NA,"2013-11-14",11,10,10,9,9,9,0.166666666666667,0.117841716444783,0.33538639122145
"SierraLeone","child_vitA","45","Eastern","Kenema",7.573734444,-11.45542056,NA,"2013-12-02",12,4,4,3.6,3.6,3.6,0,-0.135051856975081,0.154956013750417
"SierraLeone","child_vitA","46","Eastern","Kenema",7.574175,-11.44978625,NA,"2013-11-05",11,6,6,5.33333333333333,5.33333333333333,5.33333333333333,0,-0.0475598458065719,0.340349203800931
"SierraLeone","child_vitA","47","Southern","Bonthe",7.5361111,-12.4958333,NA,"2013-11-29",11,6,6,6,6,6,0,-0.161064531683428,0.43239128077099
"SierraLeone","child_vitA","48","Southern","Moyamba",8.326808421,-12.21636526,NA,"2013-12-04",12,3,3,2.66666666666667,2.66666666666667,2.66666666666667,0.25,0.199266797186757,0.308130224480269
"SierraLeone","child_vitA","49","Southern","Pujehun",7.359343333,-11.72392833,NA,"2013-11-25",11,4,4,3.6,3.6,3.6,0,-0.000662989039674111,0.286354517362791
"SierraLeone","child_vitA","5","Eastern","Kenema",7.3752,-11.2864,NA,"2013-11-22",11,8,8,6.76,6.76,6.76,0,-0.144010535139466,0.483292334741249
"SierraLeone","child_vitA","50","Western","Western Urban",8.42828,-13.28003,NA,"2013-11-08",11,3,3,2.66666666666667,2.66666666666667,2.66666666666667,0,-0.23042280459544,0.313772622575825
"SierraLeone","child_vitA","51","Western","Western Rural",8.213522174,-13.10116348,NA,"2013-11-17",11,3,3,2.27272727272727,2.27272727272727,2.27272727272727,0,0.101093482528046,0.299207547690187
"SierraLeone","child_vitA","52","Western","Western Urban",8.485535294,-13.23975824,NA,"2013-12-03",12,6,6,5.44444444444444,5.44444444444444,5.44444444444444,0,-0.0279462844099488,0.338102930086808
"SierraLeone","child_vitA","53","Western","Western Urban",8.4775574,-13.2025238,NA,"2013-11-22",11,4,4,2.77777777777778,2.77777777777778,2.77777777777778,0.5,0.368934559147703,0.339485834038183
"SierraLeone","child_vitA","54","Western","Western Urban",8.467121,-13.1951,NA,"2013-11-17",11,9,9,8.06666666666667,8.06666666666667,8.06666666666667,0.272727272727273,0.173142561578031,0.517058994788348
"SierraLeone","child_vitA","55","Western","Western Urban",8.465295,-13.193862,NA,"2013-11-28",11,6,6,4.57142857142857,4.57142857142857,4.57142857142857,0,-0.0149505651684109,0.17660057403429
"SierraLeone","child_vitA","56","Western","Western Rural",8.277641667,-13.11214167,NA,"2013-12-04",12,9,9,6,6,6,0.0833333333333333,0.230672630662706,0.189870102401346
"SierraLeone","child_vitA","57","Western","Western Urban",8.4721055,-13.1955379,NA,"2013-11-13",11,3,3,2.66666666666667,2.66666666666667,2.66666666666667,0,-0.0254734818243794,0.116647382433769
"SierraLeone","child_vitA","58","Western","Western Rural",8.461325,-13.17132292,NA,"2013-11-29",11,9,9,8.33333333333333,8.33333333333333,8.33333333333333,0.3,0.208256089558756,0.240344254488693
"SierraLeone","child_vitA","59","Western","Western Urban",8.4885907,-13.2648135,NA,"2013-11-12",11,5,5,4.45454545454546,4.45454545454546,4.45454545454546,0,-0.00810829576257515,0.181521132904223
"SierraLeone","child_vitA","6","Eastern","Kono",8.5765,-10.879,NA,"2013-12-04",12,17,17,14.695652173913,14.695652173913,14.695652173913,0.0384615384615385,-0.00352562837127249,0.233214928690377
"SierraLeone","child_vitA","60","Northern","Port Loko",8.766667,-12.7875,NA,"2013-11-12",11,7,7,6.23076923076923,6.23076923076923,6.23076923076923,0.111111111111111,-0.165703884811522,0.478622012941582
"SierraLeone","child_vitA","7","Eastern","Kono",8.614,-11.0762,NA,"2013-12-04",12,9,9,8.06666666666667,8.06666666666667,8.06666666666667,0.181818181818182,0.0353717515124645,0.29744515289319
"SierraLeone","child_vitA","8","Northern","Bombali",9.1502,-11.9595,NA,"2013-11-20",11,8,8,6.36842105263158,6.36842105263158,6.36842105263158,0.181818181818182,0.192512741301436,0.489219667698017
"SierraLeone","child_vitA","9","Northern","Bombali",8.7646,-12.0816,NA,"2013-11-22",11,12,12,8.64705882352941,8.64705882352941,8.64705882352941,0.0952380952380952,0.0272916193650899,0.543498908424483
"SierraLeone","women_vitA","1","Eastern","Kailahun",7.8911,-10.6583,NA,"2013-11-19",11,18,18,16.3333333333333,16.3333333333333,16.3333333333333,0.0952380952380952,-0.0237507991734998,0.388165160018551
"SierraLeone","women_vitA","10","Northern","Port Loko",8.490389,-13.079095,NA,"2013-11-23",11,11,11,7.57894736842105,7.57894736842105,7.57894736842105,0,-0.423051722446177,0.268970876647122
"SierraLeone","women_vitA","11","Northern","Port Loko",8.759411,-12.824133,NA,"2013-11-11",11,11,11,8.01818181818182,8.01818181818182,8.01818181818182,0,-0.322931174974995,0.18754601378862
"SierraLeone","women_vitA","12","Northern","Kambia",9.1866,-12.89985,NA,"2013-11-12",11,7,7,5.55555555555556,5.55555555555556,5.55555555555556,0,-0.140216109893988,0.237967734313024
"SierraLeone","women_vitA","13","Northern","Koinadugu",9.5308619,-11.5248055,NA,"2013-11-28",11,13,13,10.9408284023669,10.9408284023669,10.9408284023669,0,-0.329562251905506,0.205032791318621
"SierraLeone","women_vitA","14","Northern","Koinadugu",9.50678,-11.57144,NA,"2013-11-28",11,15,15,12.448275862069,12.448275862069,12.448275862069,0,-0.257172313838172,0.224910301031109
"SierraLeone","women_vitA","15","Northern","Port Loko",9.087961,-12.748478,NA,"2013-11-23",11,13,13,9.95854922279793,9.95854922279793,9.95854922279793,0,-0.319743205445201,0.268096143777848
"SierraLeone","women_vitA","16","Northern","Port Loko",8.4889107,-12.6381274,NA,"2013-11-19",11,19,19,15.8487804878049,15.8487804878049,15.8487804878049,0,-0.339259002312636,0.2813875687665
"SierraLeone","women_vitA","17","Northern","Port Loko",8.6058,-12.9622,NA,"2013-11-15",11,14,14,8.98130841121495,8.98130841121495,8.98130841121495,0,-0.475919981616966,0.504451472230662
"SierraLeone","women_vitA","18","Northern","Tonkolili",8.556746111,-11.84418611,NA,"2013-11-21",11,18,18,15.1142857142857,15.1142857142857,15.1142857142857,0,-0.195797731576394,0.242651647641771
"SierraLeone","women_vitA","19","Northern","Tonkolili",8.953627391,-11.83887522,NA,"2013-11-21",11,17,17,15.125,15.125,15.125,0.0909090909090909,-0.584994044413764,0.492631134157623
"SierraLeone","women_vitA","2","Eastern","Kailahun",8.0598,-10.7384,NA,"2013-11-28",11,15,15,12.8980891719745,12.8980891719745,12.8980891719745,0,-0.467187091784405,0.29045789885092
"SierraLeone","women_vitA","20","Southern","Bo",7.890714,-11.9045135,NA,"2013-12-04",12,13,13,11.6363636363636,11.6363636363636,11.6363636363636,0,-0.254210938038978,0.375006147673185
"SierraLeone","women_vitA","21","Southern","Bo",8.219030417,-11.48851458,NA,"2013-11-15",11,16,16,11.5294117647059,11.5294117647059,11.5294117647059,0,-0.378650651150078,0.242134899741354
"SierraLeone","women_vitA","22","Southern","Bo",8.216133478,-11.63062696,NA,"2013-11-22",11,15,15,12.5652173913043,12.5652173913043,12.5652173913043,0.0588235294117647,-0.155623420257154,0.25734321456345
"SierraLeone","women_vitA","23","Southern","Bonthe",7.5563225,-12.024399,NA,"2013-11-26",11,16,16,12.6,12.6,12.6,0,-0.536401932044989,0.317142522268296
"SierraLeone","women_vitA","24","Southern","Bonthe",7.352934,-12.1364,NA,"2013-12-03",12,3,3,3,3,3,0,-0.189446487305834,0.37035679363769
"SierraLeone","women_vitA","25","Southern","Bonthe",7.760902143,-12.280585,NA,"2013-11-29",11,7,7,6.39130434782609,6.39130434782609,6.39130434782609,0,-0.28803399323978,0.263493876804044
"SierraLeone","women_vitA","26","Southern","Moyamba",8.209591053,-12.85921684,NA,"2013-12-01",12,17,17,13.6347826086956,13.6347826086956,13.6347826086956,0,-0.499839692910849,0.339592859534592
"SierraLeone","women_vitA","27","Southern","Pujehun",7.353529565,-11.6971287,NA,"2013-11-11",11,13,13,10.915566302741,10.915566302741,10.915566302741,0,-0.294709876876041,0.244307774725377
"SierraLeone","women_vitA","28","Southern","Pujehun",7.23852,-11.30564,NA,"2013-11-15",11,16,16,14.2857142857143,14.2857142857143,14.2857142857143,0.1,-0.230435366047086,0.37393257249934
"SierraLeone","women_vitA","29","Western","Western Rural",8.33517,-13.0083325,NA,"2013-11-09",11,16,16,12.7037037037037,12.7037037037037,12.7037037037037,0,-0.479723429714015,0.272421294559855
"SierraLeone","women_vitA","3","Southern","Pujehun",7.4959,-11.7498,NA,"2013-11-30",11,17,17,14,14,14,0,-0.356447460864802,0.351969347923018
"SierraLeone","women_vitA","30","Western","Western Rural",8.37737619,-13.1333119,NA,"2013-11-24",11,10,10,8.21367521367521,8.21367521367521,8.21367521367521,0,-0.35278546672077,0.290441095980125
"SierraLeone","women_vitA","31","Eastern","Kailahun",7.994711667,-10.95162667,NA,"2013-11-19",11,19,19,11.465306122449,11.465306122449,11.465306122449,0,-0.299599135029158,0.288526303592054
"SierraLeone","women_vitA","32","Eastern","Kenema",7.581254091,-11.18653273,NA,"2013-11-21",11,18,18,16.030303030303,16.030303030303,16.030303030303,0,-0.148230962313007,0.320895425740337
"SierraLeone","women_vitA","33","Southern","Bo",8.30985,-11.62052,NA,"2013-11-18",11,14,14,11.4844720496894,11.4844720496894,11.4844720496894,0,-0.379571500105634,0.328899084654742
"SierraLeone","women_vitA","34","Eastern","Kenema",7.51971,-11.1152287,NA,"2013-11-03",11,12,12,9.6,9.6,9.6,0,-0.184370932069784,0.252949008679319
"SierraLeone","women_vitA","35","Eastern","Kono",8.621400435,-11.04688478,NA,"2013-11-29",11,7,7,6.76,6.76,6.76,0,-0.198451416073061,0.473404680439174
"SierraLeone","women_vitA","36","Eastern","Kono",8.64770087,-10.96195739,NA,"2013-11-28",11,3,3,2.66666666666667,2.66666666666667,2.66666666666667,0,-0.148383257714261,0.136745439033976
"SierraLeone","women_vitA","37","Northern","Bombali",9.302216,-12.145164,NA,"2013-11-24",11,12,12,10.5217391304348,10.5217391304348,10.5217391304348,0.0454545454545454,-0.208643721706655,0.278073620448408
"SierraLeone","women_vitA","38","Northern","Tonkolili",8.527432632,-12.02959947,NA,"2013-11-18",11,11,11,9.15126050420168,9.15126050420168,9.15126050420168,0.0909090909090909,-0.200300226947601,0.434126886580768
"SierraLeone","women_vitA","39","Northern","Kambia",8.92313,-13.0397675,NA,"2013-11-21",11,19,19,15.5845992015539,15.5845992015539,15.5845992015539,0,-0.429691681400768,0.211579974436778
"SierraLeone","women_vitA","4","Eastern","Kono",8.7471,-11.1418,NA,"2013-11-20",11,12,12,11.2666666666667,11.2666666666667,11.2666666666667,0,-0.241476541987893,0.32653096714949
"SierraLeone","women_vitA","40","Northern","Koinadugu",9.585,-11.55212667,NA,"2013-11-28",11,11,11,8.48409893992933,8.48409893992933,8.48409893992933,0,-0.0581835586968586,0.305845959350947
"SierraLeone","women_vitA","41","Western","Western Rural",8.3637,-13.108,NA,"2013-11-18",11,13,13,8.52786885245902,8.52786885245902,8.52786885245902,0.0392156862745098,-0.530297830137477,0.376485094882267
"SierraLeone","women_vitA","42","Western","Western Urban",8.4790177,-13.253133,NA,"2013-11-09",11,12,12,8.94160583941606,8.94160583941606,8.94160583941606,0,-0.268195904521372,0.111200390386935
"SierraLeone","women_vitA","43","Northern","Tonkolili",8.719721364,-11.94014091,NA,"2013-11-22",11,10,10,7.94117647058823,7.94117647058823,7.94117647058823,0.0444444444444444,-0.259015451933595,0.216139569957899
"SierraLeone","women_vitA","44","Eastern","Kenema",7.56127,-11.29470043,NA,"2013-11-14",11,6,6,6,6,6,0,-0.306239099816477,0.450077462206657
"SierraLeone","women_vitA","45","Eastern","Kenema",7.573734444,-11.45542056,NA,"2013-12-02",12,13,13,11.3076923076923,11.3076923076923,11.3076923076923,0,-0.448305976564567,0.227834040496574
"SierraLeone","women_vitA","46","Eastern","Kenema",7.574175,-11.44978625,NA,"2013-11-05",11,14,14,8.712,8.712,8.712,0,-0.315900535798686,0.410377356605433
"SierraLeone","women_vitA","47","Southern","Bonthe",7.5361111,-12.4958333,NA,"2013-11-29",11,14,14,12.0849673202614,12.0849673202614,12.0849673202614,0,-0.353220217675564,0.232907999118636
"SierraLeone","women_vitA","48","Southern","Moyamba",8.326808421,-12.21636526,NA,"2013-12-04",12,6,6,3.66666666666667,3.66666666666667,3.66666666666667,0,-0.401187338522224,0.586814355282518
"SierraLeone","women_vitA","49","Southern","Pujehun",7.359343333,-11.72392833,NA,"2013-11-25",11,18,18,15.1142857142857,15.1142857142857,15.1142857142857,0,-0.208418053049598,0.182977119536141
"SierraLeone","women_vitA","5","Eastern","Kenema",7.3752,-11.2864,NA,"2013-11-22",11,18,18,16,16,16,0,-0.265053851417498,0.313668975771721
"SierraLeone","women_vitA","50","Western","Western Urban",8.42828,-13.28003,NA,"2013-11-08",11,14,14,9.33179723502304,9.33179723502304,9.33179723502304,0.0444444444444444,-0.155912665187351,0.295003877301136
"SierraLeone","women_vitA","51","Western","Western Rural",8.213522174,-13.10116348,NA,"2013-11-17",11,11,11,7.71428571428571,7.71428571428571,7.71428571428571,0,-0.190505223100201,0.257154736413799
"SierraLeone","women_vitA","52","Western","Western Urban",8.485535294,-13.23975824,NA,"2013-12-03",12,18,18,15.2344827586207,15.2344827586207,15.2344827586207,0.0851063829787234,-0.326650826974212,0.429041683249238
"SierraLeone","women_vitA","53","Western","Western Urban",8.4775574,-13.2025238,NA,"2013-11-22",11,14,14,11.7647058823529,11.7647058823529,11.7647058823529,0,-0.194812800184147,0.320115653742616
"SierraLeone","women_vitA","54","Western","Western Urban",8.467121,-13.1951,NA,"2013-11-17",11,13,13,10.3764705882353,10.3764705882353,10.3764705882353,0,-0.293900671634996,0.310876083889485
"SierraLeone","women_vitA","55","Western","Western Urban",8.465295,-13.193862,NA,"2013-11-28",11,14,14,9.33333333333333,9.33333333333333,9.33333333333333,0,-0.129120595153915,0.275462824038475
"SierraLeone","women_vitA","56","Western","Western Rural",8.277641667,-13.11214167,NA,"2013-12-04",12,18,18,12.099730458221,12.099730458221,12.099730458221,0,-0.36994346192886,0.280576105786992
"SierraLeone","women_vitA","57","Western","Western Urban",8.4721055,-13.1955379,NA,"2013-11-13",11,12,12,9.38888888888889,9.38888888888889,9.38888888888889,0.0384615384615385,-0.286270629091217,0.425251999504645
"SierraLeone","women_vitA","58","Western","Western Rural",8.461325,-13.17132292,NA,"2013-11-29",11,19,19,15.1381381381381,15.1381381381381,15.1381381381381,0,-0.40028674476447,0.213478662650818
"SierraLeone","women_vitA","59","Western","Western Urban",8.4885907,-13.2648135,NA,"2013-11-12",11,11,11,11,11,11,0,-0.409713524235759,0.284508123903817
"SierraLeone","women_vitA","6","Eastern","Kono",8.5765,-10.879,NA,"2013-12-04",12,5,5,4.45454545454545,4.45454545454545,4.45454545454545,0,-0.404057957467722,0.285589472694927
"SierraLeone","women_vitA","60","Northern","Port Loko",8.766667,-12.7875,NA,"2013-11-12",11,12,12,8.56637168141593,8.56637168141593,8.56637168141593,0.136363636363636,-0.402432794416974,0.604128178420821
"SierraLeone","women_vitA","7","Eastern","Kono",8.614,-11.0762,NA,"2013-12-04",12,6,6,5.82758620689655,5.82758620689655,5.82758620689655,0,-0.383403381780282,0.311543806837079
"SierraLeone","women_vitA","8","Northern","Bombali",9.1502,-11.9595,NA,"2013-11-20",11,5,5,3.45714285714286,3.45714285714286,3.45714285714286,0,-0.488017051789137,0.217031852169198
"SierraLeone","women_vitA","9","Northern","Bombali",8.7646,-12.0816,NA,"2013-11-22",11,10,10,8.94771241830065,8.94771241830065,8.94771241830065,0,-0.118212607348995,0.130514225487391
"SierraLeone","child_iron","1","Eastern","Kailahun",7.8911,-10.6583,NA,"2013-11-19",11,9,9,7.53846153846154,7.53846153846154,7.53846153846154,0.285714285714286,-3.60535122169066,1.03060752676296
"SierraLeone","child_iron","10","Northern","Port Loko",8.490389,-13.079095,NA,"2013-11-23",11,7,7,6.23076923076923,6.23076923076923,6.23076923076923,0.111111111111111,-3.55258198662759,0.577464920048518
"SierraLeone","child_iron","11","Northern","Port Loko",8.759411,-12.824133,NA,"2013-11-11",11,9,9,6.73684210526316,6.73684210526316,6.73684210526316,0.0625,-4.46883606669865,0.998086155019338
"SierraLeone","child_iron","12","Northern","Kambia",9.1866,-12.89985,NA,"2013-11-12",11,8,8,7.25806451612903,7.25806451612903,7.25806451612903,0,-3.56137504519673,0.697848991737805
"SierraLeone","child_iron","13","Northern","Koinadugu",9.5308619,-11.5248055,NA,"2013-11-28",11,14,14,11.9189189189189,11.9189189189189,11.9189189189189,0.0952380952380952,-3.71755885271913,0.808736806051438
"SierraLeone","child_iron","14","Northern","Koinadugu",9.50678,-11.57144,NA,"2013-11-28",11,11,11,10.2857142857143,10.2857142857143,10.2857142857143,0.25,-3.04233246773031,0.814723407475639
"SierraLeone","child_iron","15","Northern","Port Loko",9.087961,-12.748478,NA,"2013-11-23",11,6,6,5.45161290322581,5.45161290322581,5.45161290322581,0,-3.29893518997452,0.527761299493356
"SierraLeone","child_iron","16","Northern","Port Loko",8.4889107,-12.6381274,NA,"2013-11-19",11,6,6,4.33333333333333,4.33333333333333,4.33333333333333,0,-4.00885281998226,0.844063530621644
"SierraLeone","child_iron","17","Northern","Port Loko",8.6058,-12.9622,NA,"2013-11-15",11,12,12,10.3142857142857,10.3142857142857,10.3142857142857,0,-3.75385060621572,0.626315194576499
"SierraLeone","child_iron","18","Northern","Tonkolili",8.556746111,-11.84418611,NA,"2013-11-21",11,14,14,11.1111111111111,11.1111111111111,11.1111111111111,0,-4.06149966804327,0.553400014067332
"SierraLeone","child_iron","19","Northern","Tonkolili",8.953627391,-11.83887522,NA,"2013-11-21",11,13,13,8.64705882352941,8.64705882352941,8.64705882352941,0,-4.17265966307296,0.873910031232355
"SierraLeone","child_iron","2","Eastern","Kailahun",8.0598,-10.7384,NA,"2013-11-28",11,5,5,4.26315789473684,4.26315789473684,4.26315789473684,0,-4.00135284053182,0.529337550163867
"SierraLeone","child_iron","20","Southern","Bo",7.890714,-11.9045135,NA,"2013-12-04",12,7,7,5.53846153846154,5.53846153846154,5.53846153846154,0,-4.54459672489915,0.513044561439376
"SierraLeone","child_iron","21","Southern","Bo",8.219030417,-11.48851458,NA,"2013-11-15",11,16,16,13.5641025641026,13.5641025641026,13.5641025641026,0,-3.95936319533708,0.578654161764856
"SierraLeone","child_iron","22","Southern","Bo",8.216133478,-11.63062696,NA,"2013-11-22",11,10,10,9,9,9,0.0833333333333333,-3.9563239411658,0.92968103060787
"SierraLeone","child_iron","23","Southern","Bonthe",7.5563225,-12.024399,NA,"2013-11-26",11,12,12,10.7560975609756,10.7560975609756,10.7560975609756,0,-4.12167187973686,0.70918219579648
"SierraLeone","child_iron","24","Southern","Bonthe",7.352934,-12.1364,NA,"2013-12-03",12,7,7,5.76923076923077,5.76923076923077,5.76923076923077,0,-4.21896294839797,0.774166734914265
"SierraLeone","child_iron","25","Southern","Bonthe",7.760902143,-12.280585,NA,"2013-11-29",11,9,9,7.34782608695652,7.34782608695652,7.34782608695652,0.0769230769230769,-3.80014781810782,0.761469031171367
"SierraLeone","child_iron","26","Southern","Moyamba",8.209591053,-12.85921684,NA,"2013-12-01",12,11,11,8.3968253968254,8.3968253968254,8.3968253968254,0.130434782608696,-3.53756162435889,0.975222692884994
"SierraLeone","child_iron","27","Southern","Pujehun",7.353529565,-11.6971287,NA,"2013-11-11",11,8,8,6.93954666466148,6.93954666466148,6.93954666466148,0,-4.20616588881474,0.605594152028881
"SierraLeone","child_iron","28","Southern","Pujehun",7.23852,-11.30564,NA,"2013-11-15",11,9,9,7.34782608695652,7.34782608695652,7.34782608695652,0,-3.97242893435252,0.624574717339684
"SierraLeone","child_iron","29","Western","Western Rural",8.33517,-13.0083325,NA,"2013-11-09",11,6,6,5.44444444444444,5.44444444444444,5.44444444444444,0,-3.89093852142447,0.699713445784016
"SierraLeone","child_iron","3","Southern","Pujehun",7.4959,-11.7498,NA,"2013-11-30",11,13,13,11.6551724137931,11.6551724137931,11.6551724137931,0,-3.94714045139173,0.765131868011556
"SierraLeone","child_iron","30","Western","Western Rural",8.37737619,-13.1333119,NA,"2013-11-24",11,8,8,6.76,6.76,6.76,0.153846153846154,-3.7723560452062,0.973801785334939
"SierraLeone","child_iron","31","Eastern","Kailahun",7.994711667,-10.95162667,NA,"2013-11-19",11,5,5,5,5,5,0,-4.35786498880525,1.00377503390467
"SierraLeone","child_iron","32","Eastern","Kenema",7.581254091,-11.18653273,NA,"2013-11-21",11,7,7,6.54545454545454,6.54545454545454,6.54545454545454,0,-3.90722631580126,1.04806597772398
"SierraLeone","child_iron","33","Southern","Bo",8.30985,-11.62052,NA,"2013-11-18",11,7,7,6.23076923076923,6.23076923076923,6.23076923076923,0,-4.20411308052446,0.438852332609755
"SierraLeone","child_iron","34","Eastern","Kenema",7.51971,-11.1152287,NA,"2013-11-03",11,3,3,2.66666666666667,2.66666666666667,2.66666666666667,0,-4.27024900459239,0.937010803941853
"SierraLeone","child_iron","35","Eastern","Kono",8.621400435,-11.04688478,NA,"2013-11-29",11,11,11,9.14285714285714,9.14285714285714,9.14285714285714,0,-3.53543599361534,0.622691012410452
"SierraLeone","child_iron","36","Eastern","Kono",8.64770087,-10.96195739,NA,"2013-11-28",11,9,9,7.25806451612903,7.25806451612903,7.25806451612903,0,-3.58118098924608,0.434343533016645
"SierraLeone","child_iron","37","Northern","Bombali",9.302216,-12.145164,NA,"2013-11-24",11,6,6,5.44444444444444,5.44444444444444,5.44444444444444,0.285714285714286,-3.26120655927534,1.26349671767716
"SierraLeone","child_iron","38","Northern","Tonkolili",8.527432632,-12.02959947,NA,"2013-11-18",11,5,5,4.48148148148148,4.48148148148148,4.48148148148148,0,-4.04979844489013,0.852255627711938
"SierraLeone","child_iron","39","Northern","Kambia",8.92313,-13.0397675,NA,"2013-11-21",11,18,18,15.0058808347692,15.0058808347692,15.0058808347692,0.0952364495559879,-3.87157536414254,0.791560851049301
"SierraLeone","child_iron","4","Eastern","Kono",8.7471,-11.1418,NA,"2013-11-20",11,8,8,6.53333333333333,6.53333333333333,6.53333333333333,0,-3.78212974641639,0.833190377230955
"SierraLeone","child_iron","40","Northern","Koinadugu",9.585,-11.55212667,NA,"2013-11-28",11,6,6,5.4,5.4,5.4,0.111111111111111,-3.69443147108939,0.658569688786624
"SierraLeone","child_iron","41","Western","Western Rural",8.3637,-13.108,NA,"2013-11-18",11,7,7,6.25,6.25,6.25,0.1,-3.70296723095772,0.786767130115063
"SierraLeone","child_iron","42","Western","Western Urban",8.4790177,-13.253133,NA,"2013-11-09",11,5,5,4,4,4,0,-3.32045924033022,0.537292814657249
"SierraLeone","child_iron","43","Northern","Tonkolili",8.719721364,-11.94014091,NA,"2013-11-22",11,8,8,7.11764705882353,7.11764705882353,7.11764705882353,0.181818181818182,-3.76148056324295,0.887118231235892
"SierraLeone","child_iron","44","Eastern","Kenema",7.56127,-11.29470043,NA,"2013-11-14",11,10,10,9,9,9,0.0833333333333333,-3.70154711090083,0.652020213974883
"SierraLeone","child_iron","45","Eastern","Kenema",7.573734444,-11.45542056,NA,"2013-12-02",12,4,4,3.6,3.6,3.6,0,-4.20813781526359,0.286619878181237
"SierraLeone","child_iron","46","Eastern","Kenema",7.574175,-11.44978625,NA,"2013-11-05",11,6,6,5.33333333333333,5.33333333333333,5.33333333333333,0,-4.31393062006888,0.580183337748743
"SierraLeone","child_iron","47","Southern","Bonthe",7.5361111,-12.4958333,NA,"2013-11-29",11,6,6,6,6,6,0,-3.68166191912521,0.942541613720532
"SierraLeone","child_iron","48","Southern","Moyamba",8.326808421,-12.21636526,NA,"2013-12-04",12,3,3,2.66666666666667,2.66666666666667,2.66666666666667,0,-3.70008049362487,0.445597493783477
"SierraLeone","child_iron","49","Southern","Pujehun",7.359343333,-11.72392833,NA,"2013-11-25",11,4,4,3.6,3.6,3.6,0,-4.86080180855132,0.357597838532388
"SierraLeone","child_iron","5","Eastern","Kenema",7.3752,-11.2864,NA,"2013-11-22",11,8,8,6.76,6.76,6.76,0.153846153846154,-3.19281199242177,1.1382815663308
"SierraLeone","child_iron","50","Western","Western Urban",8.42828,-13.28003,NA,"2013-11-08",11,3,3,2.66666666666667,2.66666666666667,2.66666666666667,0,-4.52348785834678,0.436262990204785
"SierraLeone","child_iron","51","Western","Western Rural",8.213522174,-13.10116348,NA,"2013-11-17",11,3,3,2.27272727272727,2.27272727272727,2.27272727272727,0.2,-3.33426009984642,0.765700494497468
"SierraLeone","child_iron","52","Western","Western Urban",8.485535294,-13.23975824,NA,"2013-12-03",12,6,6,5.44444444444444,5.44444444444444,5.44444444444444,0.142857142857143,-3.52134823306334,1.06337680477166
"SierraLeone","child_iron","53","Western","Western Urban",8.4775574,-13.2025238,NA,"2013-11-22",11,4,4,2.77777777777778,2.77777777777778,2.77777777777778,0,-4.15730796324282,1.23670315989101
"SierraLeone","child_iron","54","Western","Western Urban",8.467121,-13.1951,NA,"2013-11-17",11,9,9,8.06666666666667,8.06666666666667,8.06666666666667,0,-4.18842468930778,0.654044095780829
"SierraLeone","child_iron","55","Western","Western Urban",8.465295,-13.193862,NA,"2013-11-28",11,6,6,4.57142857142857,4.57142857142857,4.57142857142857,0,-3.34845888760444,0.724958168199797
"SierraLeone","child_iron","56","Western","Western Rural",8.277641667,-13.11214167,NA,"2013-12-04",12,9,9,6,6,6,0.0833333333333333,-3.55241424522017,0.643068065450595
"SierraLeone","child_iron","57","Western","Western Urban",8.4721055,-13.1955379,NA,"2013-11-13",11,3,3,2.66666666666667,2.66666666666667,2.66666666666667,0,-3.98006117327059,0.912191399278794
"SierraLeone","child_iron","58","Western","Western Rural",8.461325,-13.17132292,NA,"2013-11-29",11,9,9,8.33333333333333,8.33333333333333,8.33333333333333,0,-3.64997177369109,0.681229661443207
"SierraLeone","child_iron","59","Western","Western Urban",8.4885907,-13.2648135,NA,"2013-11-12",11,5,5,4.45454545454546,4.45454545454546,4.45454545454546,0,-3.69994016170415,0.797985914982314
"SierraLeone","child_iron","6","Eastern","Kono",8.5765,-10.879,NA,"2013-12-04",12,17,17,14.695652173913,14.695652173913,14.695652173913,0.115384615384615,-3.31228396298892,1.19545313622478
"SierraLeone","child_iron","60","Northern","Port Loko",8.766667,-12.7875,NA,"2013-11-12",11,7,7,6.23076923076923,6.23076923076923,6.23076923076923,0,-3.93372966597511,1.04908864127299
"SierraLeone","child_iron","7","Eastern","Kono",8.614,-11.0762,NA,"2013-12-04",12,9,9,8.06666666666667,8.06666666666667,8.06666666666667,0.181818181818182,-3.29945789005206,0.839060868530406
"SierraLeone","child_iron","8","Northern","Bombali",9.1502,-11.9595,NA,"2013-11-20",11,8,8,6.36842105263158,6.36842105263158,6.36842105263158,0,-3.98079784025086,0.540012045044344
"SierraLeone","child_iron","9","Northern","Bombali",8.7646,-12.0816,NA,"2013-11-22",11,12,12,8.64705882352941,8.64705882352941,8.64705882352941,0,-3.86870718162709,0.584425226543087
"SierraLeone","women_iron","1","Eastern","Kailahun",7.8911,-10.6583,NA,"2013-11-19",11,18,18,16.3333333333333,16.3333333333333,16.3333333333333,0.142857142857143,-3.35535459329063,0.648166260181754
"SierraLeone","women_iron","10","Northern","Port Loko",8.490389,-13.079095,NA,"2013-11-23",11,11,11,7.57894736842105,7.57894736842105,7.57894736842105,0.25,-3.30489986050926,0.733705259596167
"SierraLeone","women_iron","11","Northern","Port Loko",8.759411,-12.824133,NA,"2013-11-11",11,11,11,8.01818181818182,8.01818181818182,8.01818181818182,0.238095238095238,-3.35201217318784,0.619822544834145
"SierraLeone","women_iron","12","Northern","Kambia",9.1866,-12.89985,NA,"2013-11-12",11,7,7,5.55555555555556,5.55555555555556,5.55555555555556,0,-3.66899865091897,0.468550631093282
"SierraLeone","women_iron","13","Northern","Koinadugu",9.5308619,-11.5248055,NA,"2013-11-28",11,13,13,10.9408284023669,10.9408284023669,10.9408284023669,0.186046511627907,-3.39871360391584,0.747725480909348
"SierraLeone","women_iron","14","Northern","Koinadugu",9.50678,-11.57144,NA,"2013-11-28",11,15,15,12.448275862069,12.448275862069,12.448275862069,0.631578947368421,-2.77703268788407,0.904709091392651
"SierraLeone","women_iron","15","Northern","Port Loko",9.087961,-12.748478,NA,"2013-11-23",11,13,13,9.95854922279793,9.95854922279793,9.95854922279793,0.0967741935483871,-3.52143676852802,0.493994043267549
"SierraLeone","women_iron","16","Northern","Port Loko",8.4889107,-12.6381274,NA,"2013-11-19",11,19,19,15.8487804878049,15.8487804878049,15.8487804878049,0.175438596491228,-3.57980078532807,0.769137062813097
"SierraLeone","women_iron","17","Northern","Port Loko",8.6058,-12.9622,NA,"2013-11-15",11,14,14,8.98130841121495,8.98130841121495,8.98130841121495,0.0645161290322581,-3.51818777937035,0.727060930395851
"SierraLeone","women_iron","18","Northern","Tonkolili",8.556746111,-11.84418611,NA,"2013-11-21",11,18,18,15.1142857142857,15.1142857142857,15.1142857142857,0.304347826086957,-3.27370987682455,0.597299467712049
"SierraLeone","women_iron","19","Northern","Tonkolili",8.953627391,-11.83887522,NA,"2013-11-21",11,17,17,15.125,15.125,15.125,0,-3.90381886382291,0.548537832540763
"SierraLeone","women_iron","2","Eastern","Kailahun",8.0598,-10.7384,NA,"2013-11-28",11,15,15,12.8980891719745,12.8980891719745,12.8980891719745,0.133333333333333,-3.54475481517552,0.76172458960705
"SierraLeone","women_iron","20","Southern","Bo",7.890714,-11.9045135,NA,"2013-12-04",12,13,13,11.6363636363636,11.6363636363636,11.6363636363636,0.4375,-3.08735459595889,0.894864826698257
"SierraLeone","women_iron","21","Southern","Bo",8.219030417,-11.48851458,NA,"2013-11-15",11,16,16,11.5294117647059,11.5294117647059,11.5294117647059,0.107142857142857,-3.98556561834589,0.832371523548364
"SierraLeone","women_iron","22","Southern","Bo",8.216133478,-11.63062696,NA,"2013-11-22",11,15,15,12.5652173913043,12.5652173913043,12.5652173913043,0.294117647058824,-3.2003206374534,0.688082295329073
"SierraLeone","women_iron","23","Southern","Bonthe",7.5563225,-12.024399,NA,"2013-11-26",11,16,16,12.6,12.6,12.6,0,-3.67183173824208,0.390241247367987
"SierraLeone","women_iron","24","Southern","Bonthe",7.352934,-12.1364,NA,"2013-12-03",12,3,3,3,3,3,0,-3.5138266603643,0.304439971034377
"SierraLeone","women_iron","25","Southern","Bonthe",7.760902143,-12.280585,NA,"2013-11-29",11,7,7,6.39130434782609,6.39130434782609,6.39130434782609,0.285714285714286,-3.23554550361067,0.833919763510934
"SierraLeone","women_iron","26","Southern","Moyamba",8.209591053,-12.85921684,NA,"2013-12-01",12,17,17,13.6347826086956,13.6347826086956,13.6347826086956,0.142857142857143,-3.34304891277552,0.727965248495708
"SierraLeone","women_iron","27","Southern","Pujehun",7.353529565,-11.6971287,NA,"2013-11-11",11,13,13,10.915566302741,10.915566302741,10.915566302741,0.254175412476519,-3.33324628366052,1.07305264729544
"SierraLeone","women_iron","28","Southern","Pujehun",7.23852,-11.30564,NA,"2013-11-15",11,16,16,14.2857142857143,14.2857142857143,14.2857142857143,0.2,-3.51476009175581,0.779735653216634
"SierraLeone","women_iron","29","Western","Western Rural",8.33517,-13.0083325,NA,"2013-11-09",11,16,16,12.7037037037037,12.7037037037037,12.7037037037037,0.204081632653061,-3.46684118773299,0.903854548772899
"SierraLeone","women_iron","3","Southern","Pujehun",7.4959,-11.7498,NA,"2013-11-30",11,17,17,14,14,14,0.0952380952380952,-3.45641358314152,0.729523232826172
"SierraLeone","women_iron","30","Western","Western Rural",8.37737619,-13.1333119,NA,"2013-11-24",11,10,10,8.21367521367521,8.21367521367521,8.21367521367521,0,-3.84037922677125,0.513674853760289
"SierraLeone","women_iron","31","Eastern","Kailahun",7.994711667,-10.95162667,NA,"2013-11-19",11,19,19,11.465306122449,11.465306122449,11.465306122449,0.0754716981132075,-3.48594817611013,0.786604685518224
"SierraLeone","women_iron","32","Eastern","Kenema",7.581254091,-11.18653273,NA,"2013-11-21",11,18,18,16.030303030303,16.030303030303,16.030303030303,0.260869565217391,-3.37633540791208,0.672371506917653
"SierraLeone","women_iron","33","Southern","Bo",8.30985,-11.62052,NA,"2013-11-18",11,14,14,11.4844720496894,11.4844720496894,11.4844720496894,0.0697674418604651,-3.27283820300048,0.58380963043814
"SierraLeone","women_iron","34","Eastern","Kenema",7.51971,-11.1152287,NA,"2013-11-03",11,12,12,9.6,9.6,9.6,0.291666666666667,-3.55223351939547,1.13303522343479
"SierraLeone","women_iron","35","Eastern","Kono",8.621400435,-11.04688478,NA,"2013-11-29",11,7,7,6.76,6.76,6.76,0,-3.40151579078243,0.626909373520043
"SierraLeone","women_iron","36","Eastern","Kono",8.64770087,-10.96195739,NA,"2013-11-28",11,3,3,2.66666666666667,2.66666666666667,2.66666666666667,0.25,-3.49025186140457,0.877930533523985
"SierraLeone","women_iron","37","Northern","Bombali",9.302216,-12.145164,NA,"2013-11-24",11,12,12,10.5217391304348,10.5217391304348,10.5217391304348,0.227272727272727,-3.42739330642755,1.13971317558581
"SierraLeone","women_iron","38","Northern","Tonkolili",8.527432632,-12.02959947,NA,"2013-11-18",11,11,11,9.15126050420168,9.15126050420168,9.15126050420168,0.212121212121212,-3.73466444429041,0.893528623979245
"SierraLeone","women_iron","39","Northern","Kambia",8.92313,-13.0397675,NA,"2013-11-21",11,19,19,15.5845992015539,15.5845992015539,15.5845992015539,0.0615789910237243,-3.86676560725132,0.680088585339477
"SierraLeone","women_iron","4","Eastern","Kono",8.7471,-11.1418,NA,"2013-11-20",11,12,12,11.2666666666667,11.2666666666667,11.2666666666667,0.461538461538462,-3.266659417446,0.737768752321203
"SierraLeone","women_iron","40","Northern","Koinadugu",9.585,-11.55212667,NA,"2013-11-28",11,11,11,8.48409893992933,8.48409893992933,8.48409893992933,0.0816326530612245,-3.76876965486329,0.881708120099736
"SierraLeone","women_iron","41","Western","Western Rural",8.3637,-13.108,NA,"2013-11-18",11,13,13,8.52786885245902,8.52786885245902,8.52786885245902,0,-3.63831386037964,0.638255401709702
"SierraLeone","women_iron","42","Western","Western Urban",8.4790177,-13.253133,NA,"2013-11-09",11,12,12,8.94160583941606,8.94160583941606,8.94160583941606,0.285714285714286,-3.40748663939203,0.983676089909072
"SierraLeone","women_iron","43","Northern","Tonkolili",8.719721364,-11.94014091,NA,"2013-11-22",11,10,10,7.94117647058823,7.94117647058823,7.94117647058823,0,-3.56690253717806,0.407646461477722
"SierraLeone","women_iron","44","Eastern","Kenema",7.56127,-11.29470043,NA,"2013-11-14",11,6,6,6,6,6,0.5,-2.91089616040218,0.738163700939539
"SierraLeone","women_iron","45","Eastern","Kenema",7.573734444,-11.45542056,NA,"2013-12-02",12,13,13,11.3076923076923,11.3076923076923,11.3076923076923,0.0952380952380952,-3.65708511122987,0.573212230300628
"SierraLeone","women_iron","46","Eastern","Kenema",7.574175,-11.44978625,NA,"2013-11-05",11,14,14,8.712,8.712,8.712,0.121212121212121,-4.02431913606865,0.891081582694461
"SierraLeone","women_iron","47","Southern","Bonthe",7.5361111,-12.4958333,NA,"2013-11-29",11,14,14,12.0849673202614,12.0849673202614,12.0849673202614,0.209302325581395,-3.48774565302246,0.814670761675337
"SierraLeone","women_iron","48","Southern","Moyamba",8.326808421,-12.21636526,NA,"2013-12-04",12,6,6,3.66666666666667,3.66666666666667,3.66666666666667,0,-3.98619194534758,0.710492789486006
"SierraLeone","women_iron","49","Southern","Pujehun",7.359343333,-11.72392833,NA,"2013-11-25",11,18,18,15.1142857142857,15.1142857142857,15.1142857142857,0.0869565217391304,-3.84964384667663,0.866243047255524
"SierraLeone","women_iron","5","Eastern","Kenema",7.3752,-11.2864,NA,"2013-11-22",11,18,18,16,16,16,0.25,-3.22322891095149,0.981315067229359
"SierraLeone","women_iron","50","Western","Western Urban",8.42828,-13.28003,NA,"2013-11-08",11,14,14,9.33179723502304,9.33179723502304,9.33179723502304,0.2,-3.61346046787434,0.928843125861601
"SierraLeone","women_iron","51","Western","Western Rural",8.213522174,-13.10116348,NA,"2013-11-17",11,11,11,7.71428571428571,7.71428571428571,7.71428571428571,0.611111111111111,-2.90558122503231,0.919585228228207
"SierraLeone","women_iron","52","Western","Western Urban",8.485535294,-13.23975824,NA,"2013-12-03",12,18,18,15.2344827586207,15.2344827586207,15.2344827586207,0.0425531914893617,-3.67875729766534,0.559835881783038
"SierraLeone","women_iron","53","Western","Western Urban",8.4775574,-13.2025238,NA,"2013-11-22",11,14,14,11.7647058823529,11.7647058823529,11.7647058823529,0.1,-3.53297997517918,0.70186698411334
"SierraLeone","women_iron","54","Western","Western Urban",8.467121,-13.1951,NA,"2013-11-17",11,13,13,10.3764705882353,10.3764705882353,10.3764705882353,0.380952380952381,-2.98862787389069,0.959044768900133
"SierraLeone","women_iron","55","Western","Western Urban",8.465295,-13.193862,NA,"2013-11-28",11,14,14,9.33333333333333,9.33333333333333,9.33333333333333,0.25,-3.61857463087029,1.06498779120365
"SierraLeone","women_iron","56","Western","Western Rural",8.277641667,-13.11214167,NA,"2013-12-04",12,18,18,12.099730458221,12.099730458221,12.099730458221,0,-3.58119035744097,0.608993628019406
"SierraLeone","women_iron","57","Western","Western Urban",8.4721055,-13.1955379,NA,"2013-11-13",11,12,12,9.38888888888889,9.38888888888889,9.38888888888889,0.0769230769230769,-3.65317837480992,0.743631276526897
"SierraLeone","women_iron","58","Western","Western Rural",8.461325,-13.17132292,NA,"2013-11-29",11,19,19,15.1381381381381,15.1381381381381,15.1381381381381,0.183098591549296,-3.20129624692393,0.649863525930269
"SierraLeone","women_iron","59","Western","Western Urban",8.4885907,-13.2648135,NA,"2013-11-12",11,11,11,11,11,11,0.0909090909090909,-3.60226836969268,0.696694879636775
"SierraLeone","women_iron","6","Eastern","Kono",8.5765,-10.879,NA,"2013-12-04",12,5,5,4.45454545454545,4.45454545454545,4.45454545454545,0.142857142857143,-3.77964718588222,0.941402537978886
"SierraLeone","women_iron","60","Northern","Port Loko",8.766667,-12.7875,NA,"2013-11-12",11,12,12,8.56637168141593,8.56637168141593,8.56637168141593,0.340909090909091,-3.25441494454503,1.22035673081427
"SierraLeone","women_iron","7","Eastern","Kono",8.614,-11.0762,NA,"2013-12-04",12,6,6,5.82758620689655,5.82758620689655,5.82758620689655,0.384615384615385,-3.25618063914186,1.13193581813345
"SierraLeone","women_iron","8","Northern","Bombali",9.1502,-11.9595,NA,"2013-11-20",11,5,5,3.45714285714286,3.45714285714286,3.45714285714286,0.272727272727273,-3.13198344642577,0.688634868999164
"SierraLeone","women_iron","9","Northern","Bombali",8.7646,-12.0816,NA,"2013-11-22",11,10,10,8.94771241830065,8.94771241830065,8.94771241830065,0.108108108108108,-3.49894148700959,0.649264994853759
"SierraLeone","women_folate","1","Eastern","Kailahun",7.8911,-10.6583,NA,"2013-11-19",11,18,18,16.3333333333333,16.3333333333333,16.3333333333333,0.952380952380952,-2.02126577617457,0.472300703342567
"SierraLeone","women_folate","10","Northern","Port Loko",8.490389,-13.079095,NA,"2013-11-23",11,11,11,7.57894736842105,7.57894736842105,7.57894736842105,0.791666666666667,-2.17355991541306,0.186642956881495
"SierraLeone","women_folate","11","Northern","Port Loko",8.759411,-12.824133,NA,"2013-11-11",11,11,11,8.01818181818182,8.01818181818182,8.01818181818182,0.904761904761905,-2.00602631018542,0.295661049240448
"SierraLeone","women_folate","12","Northern","Kambia",9.1866,-12.89985,NA,"2013-11-12",11,8,8,6.54545454545455,6.54545454545455,6.54545454545455,0.75,-2.00072038734841,0.270217210687921
"SierraLeone","women_folate","13","Northern","Koinadugu",9.5308619,-11.5248055,NA,"2013-11-28",11,12,12,10.1878787878788,10.1878787878788,10.1878787878788,0.463414634146341,-2.29466586191004,0.221279211595658
"SierraLeone","women_folate","14","Northern","Koinadugu",9.50678,-11.57144,NA,"2013-11-28",11,15,15,12.448275862069,12.448275862069,12.448275862069,0.842105263157895,-2.09526681835595,0.30427425417435
"SierraLeone","women_folate","15","Northern","Port Loko",9.087961,-12.748478,NA,"2013-11-23",11,13,13,9.95854922279793,9.95854922279793,9.95854922279793,0.645161290322581,-2.15837666065603,0.27424399818923
"SierraLeone","women_folate","16","Northern","Port Loko",8.4889107,-12.6381274,NA,"2013-11-19",11,16,16,13.2651933701657,13.2651933701657,13.2651933701657,0.755102040816327,-2.07662042853034,0.35994287766226
"SierraLeone","women_folate","17","Northern","Port Loko",8.6058,-12.9622,NA,"2013-11-15",11,13,13,8.16504854368932,8.16504854368932,8.16504854368932,0.896551724137931,-2.10636927379939,0.149600244736445
"SierraLeone","women_folate","18","Northern","Tonkolili",8.556746111,-11.84418611,NA,"2013-11-21",11,18,18,15.1142857142857,15.1142857142857,15.1142857142857,0.869565217391304,-2.09672643456923,0.275033010232742
"SierraLeone","women_folate","19","Northern","Tonkolili",8.953627391,-11.83887522,NA,"2013-11-21",11,19,19,17,17,17,0.392156862745098,-2.64460183388549,0.633312933931855
"SierraLeone","women_folate","2","Eastern","Kailahun",8.0598,-10.7384,NA,"2013-11-28",11,16,16,13.7204968944099,13.7204968944099,13.7204968944099,0.25531914893617,-2.35245996326641,0.201208219109517
"SierraLeone","women_folate","20","Southern","Bo",7.890714,-11.9045135,NA,"2013-12-04",12,13,13,11.6363636363636,11.6363636363636,11.6363636363636,0.6875,-2.01979743134036,0.338398867185029
"SierraLeone","women_folate","21","Southern","Bo",8.219030417,-11.48851458,NA,"2013-11-15",11,17,17,12.1884057971014,12.1884057971014,12.1884057971014,0.758620689655172,-2.07558754942272,0.37472218305353
"SierraLeone","women_folate","22","Southern","Bo",8.216133478,-11.63062696,NA,"2013-11-22",11,16,16,13.5,13.5,13.5,1,-1.88579352400688,0.27201161078105
"SierraLeone","women_folate","23","Southern","Bonthe",7.5563225,-12.024399,NA,"2013-11-26",11,16,16,12.6,12.6,12.6,0.952380952380952,-1.91089569724955,0.270593820325063
"SierraLeone","women_folate","24","Southern","Bonthe",7.352934,-12.1364,NA,"2013-12-03",12,3,3,3,3,3,1,-1.74332957064007,0.102930599576199
"SierraLeone","women_folate","25","Southern","Bonthe",7.760902143,-12.280585,NA,"2013-11-29",11,8,8,7.24657534246575,7.24657534246575,7.24657534246575,1,-1.96250925187508,0.231698328892904
"SierraLeone","women_folate","26","Southern","Moyamba",8.209591053,-12.85921684,NA,"2013-12-01",12,17,17,13.6347826086956,13.6347826086956,13.6347826086956,0.857142857142857,-1.91719703650616,0.309672141514244
"SierraLeone","women_folate","27","Southern","Pujehun",7.353529565,-11.6971287,NA,"2013-11-11",11,6,6,5.20343887571185,5.20343887571185,5.20343887571185,1,-1.83677063832844,0.232850369179927
"SierraLeone","women_folate","29","Western","Western Rural",8.33517,-13.0083325,NA,"2013-11-09",11,16,16,12.7037037037037,12.7037037037037,12.7037037037037,0.673469387755102,-2.24852507382902,0.426137339209156
"SierraLeone","women_folate","3","Southern","Pujehun",7.4959,-11.7498,NA,"2013-11-30",11,17,17,14,14,14,0.904761904761905,-2.07551460546031,0.313100797929472
"SierraLeone","women_folate","30","Western","Western Rural",8.37737619,-13.1333119,NA,"2013-11-24",11,12,12,9.68789808917198,9.68789808917198,9.68789808917198,0.58974358974359,-2.09767846095434,0.3920024111342
"SierraLeone","women_folate","31","Eastern","Kailahun",7.994711667,-10.95162667,NA,"2013-11-19",11,19,19,11.465306122449,11.465306122449,11.465306122449,0.69811320754717,-2.18086372726605,0.341949608277603
"SierraLeone","women_folate","32","Eastern","Kenema",7.581254091,-11.18653273,NA,"2013-11-21",11,16,16,14.44,14.44,14.44,0.947368421052632,-1.83106512966153,0.22259913554894
"SierraLeone","women_folate","33","Southern","Bo",8.30985,-11.62052,NA,"2013-11-18",11,14,14,11.4844720496894,11.4844720496894,11.4844720496894,0.953488372093023,-2.02413600250199,0.237353826577872
"SierraLeone","women_folate","34","Eastern","Kenema",7.51971,-11.1152287,NA,"2013-11-03",11,13,13,10.2459016393443,10.2459016393443,10.2459016393443,0.84,-1.9300169591805,0.268572768249597
"SierraLeone","women_folate","35","Eastern","Kono",8.621400435,-11.04688478,NA,"2013-11-29",11,7,7,6.76,6.76,6.76,1,-1.64720188152629,0.19080861764399
"SierraLeone","women_folate","36","Eastern","Kono",8.64770087,-10.96195739,NA,"2013-11-28",11,3,3,2.66666666666667,2.66666666666667,2.66666666666667,0.75,-2.21505382809884,0.205205609244749
"SierraLeone","women_folate","37","Northern","Bombali",9.302216,-12.145164,NA,"2013-11-24",11,12,12,10.5217391304348,10.5217391304348,10.5217391304348,0.727272727272727,-2.14436498250035,0.316317107417993
"SierraLeone","women_folate","38","Northern","Tonkolili",8.527432632,-12.02959947,NA,"2013-11-18",11,11,11,9.15126050420168,9.15126050420168,9.15126050420168,0.939393939393939,-2.13741979695384,0.147860128335612
"SierraLeone","women_folate","39","Northern","Kambia",8.92313,-13.0397675,NA,"2013-11-21",11,19,19,15.5845992015539,15.5845992015539,15.5845992015539,0.938421008976276,-1.9401016769086,0.248654823547194
"SierraLeone","women_folate","4","Eastern","Kono",8.7471,-11.1418,NA,"2013-11-20",11,12,12,11.2666666666667,11.2666666666667,11.2666666666667,0.846153846153846,-2.08095483378982,0.217057817441197
"SierraLeone","women_folate","40","Northern","Koinadugu",9.585,-11.55212667,NA,"2013-11-28",11,11,11,8.48409893992933,8.48409893992933,8.48409893992933,0.816326530612245,-2.04544149578206,0.323649263979628
"SierraLeone","women_folate","41","Western","Western Rural",8.3637,-13.108,NA,"2013-11-18",11,13,13,8.52786885245902,8.52786885245902,8.52786885245902,0.803921568627451,-2.20402200493188,0.258905872114556
"SierraLeone","women_folate","42","Western","Western Urban",8.4790177,-13.253133,NA,"2013-11-09",11,12,12,8.94160583941606,8.94160583941606,8.94160583941606,1,-1.80475951726223,0.255404018708432
"SierraLeone","women_folate","43","Northern","Tonkolili",8.719721364,-11.94014091,NA,"2013-11-22",11,12,12,9.12927756653992,9.12927756653992,9.12927756653992,0.73469387755102,-2.15147125048722,0.406730421225268
"SierraLeone","women_folate","44","Eastern","Kenema",7.56127,-11.29470043,NA,"2013-11-14",11,15,15,14.2222222222222,14.2222222222222,14.2222222222222,0.9375,-1.93112940391036,0.301436165836635
"SierraLeone","women_folate","45","Eastern","Kenema",7.573734444,-11.45542056,NA,"2013-12-02",12,12,12,10.3142857142857,10.3142857142857,10.3142857142857,0.789473684210526,-1.8449012849693,0.552543148361894
"SierraLeone","women_folate","46","Eastern","Kenema",7.574175,-11.44978625,NA,"2013-11-05",11,17,17,10.125,10.125,10.125,0.861111111111111,-2.08194003252412,0.164316317309058
"SierraLeone","women_folate","47","Southern","Bonthe",7.5361111,-12.4958333,NA,"2013-11-29",11,14,14,12.0849673202614,12.0849673202614,12.0849673202614,1,-1.69392462896198,0.249112430011105
"SierraLeone","women_folate","48","Southern","Moyamba",8.326808421,-12.21636526,NA,"2013-12-04",12,17,17,12.3737373737374,12.3737373737374,12.3737373737374,0.914285714285714,-2.05261883601148,0.535060468525719
"SierraLeone","women_folate","49","Southern","Pujehun",7.359343333,-11.72392833,NA,"2013-11-25",11,18,18,15.1142857142857,15.1142857142857,15.1142857142857,0.91304347826087,-1.98002186915586,0.25821447529872
"SierraLeone","women_folate","5","Eastern","Kenema",7.3752,-11.2864,NA,"2013-11-22",11,17,17,15.125,15.125,15.125,0.727272727272727,-1.99609874372099,0.35909692448337
"SierraLeone","women_folate","50","Western","Western Urban",8.42828,-13.28003,NA,"2013-11-08",11,10,10,7.83870967741935,7.83870967741935,7.83870967741935,0.703703703703704,-2.33518029491593,0.506276596836067
"SierraLeone","women_folate","51","Western","Western Rural",8.213522174,-13.10116348,NA,"2013-11-17",11,10,10,6.81818181818182,6.81818181818182,6.81818181818182,0.866666666666667,-2.10252677819699,0.230027166772469
"SierraLeone","women_folate","52","Western","Western Urban",8.485535294,-13.23975824,NA,"2013-12-03",12,14,14,11.5714285714286,11.5714285714286,11.5714285714286,0.944444444444444,-1.71573252073268,0.587962392626599
"SierraLeone","women_folate","53","Western","Western Urban",8.4775574,-13.2025238,NA,"2013-11-22",11,14,14,11.7647058823529,11.7647058823529,11.7647058823529,0.6,-2.34418693100926,0.842300905269508
"SierraLeone","women_folate","54","Western","Western Urban",8.467121,-13.1951,NA,"2013-11-17",11,12,12,9.37662337662338,9.37662337662338,9.37662337662338,0.789473684210526,-1.87473999306361,0.349277953011069
"SierraLeone","women_folate","55","Western","Western Urban",8.465295,-13.193862,NA,"2013-11-28",11,14,14,9.33333333333333,9.33333333333333,9.33333333333333,0.714285714285714,-2.08870713007689,0.315585576243579
"SierraLeone","women_folate","56","Western","Western Rural",8.277641667,-13.11214167,NA,"2013-12-04",12,18,18,12.099730458221,12.099730458221,12.099730458221,0.805970149253731,-2.21344387371524,0.269638406482646
"SierraLeone","women_folate","57","Western","Western Urban",8.4721055,-13.1955379,NA,"2013-11-13",11,12,12,9.38888888888889,9.38888888888889,9.38888888888889,0.5,-2.33869855929411,0.609388239557062
"SierraLeone","women_folate","58","Western","Western Rural",8.461325,-13.17132292,NA,"2013-11-29",11,17,17,13.8123076923077,13.8123076923077,13.8123076923077,0.82089552238806,-2.04848815895173,0.247285064634348
"SierraLeone","women_folate","59","Western","Western Urban",8.4885907,-13.2648135,NA,"2013-11-12",11,11,11,11,11,11,0.727272727272727,-2.16485691150099,0.291960002909072
"SierraLeone","women_folate","6","Eastern","Kono",8.5765,-10.879,NA,"2013-12-04",12,4,4,3.6,3.6,3.6,1,-1.83907036342066,0.158772077659441
"SierraLeone","women_folate","60","Northern","Port Loko",8.766667,-12.7875,NA,"2013-11-12",11,12,12,8.56637168141593,8.56637168141593,8.56637168141593,0.681818181818182,-2.17859178223848,0.305058601186617
"SierraLeone","women_folate","7","Eastern","Kono",8.614,-11.0762,NA,"2013-12-04",12,6,6,5.82758620689655,5.82758620689655,5.82758620689655,1,-1.89007375031843,0.289565878347837
"SierraLeone","women_folate","8","Northern","Bombali",9.1502,-11.9595,NA,"2013-11-20",11,8,8,5.78571428571429,5.78571428571429,5.78571428571429,0.666666666666667,-1.99249751845008,0.53834823688266
"SierraLeone","women_folate","9","Northern","Bombali",8.7646,-12.0816,NA,"2013-11-22",11,9,9,8.22147651006711,8.22147651006711,8.22147651006711,0.885714285714286,-1.94224535275976,0.240326659858382
"SierraLeone","women_b12","1","Eastern","Kailahun",7.8911,-10.6583,NA,"2013-11-19",11,18,18,16.3333333333333,16.3333333333333,16.3333333333333,0,-6.04920249344522,0.401283673676917
"SierraLeone","women_b12","10","Northern","Port Loko",8.490389,-13.079095,NA,"2013-11-23",11,11,11,7.57894736842105,7.57894736842105,7.57894736842105,0,-6.03636631921543,0.389209857835905
"SierraLeone","women_b12","11","Northern","Port Loko",8.759411,-12.824133,NA,"2013-11-11",11,11,11,8.01818181818182,8.01818181818182,8.01818181818182,0,-5.9675369856288,0.318750364130524
"SierraLeone","women_b12","12","Northern","Kambia",9.1866,-12.89985,NA,"2013-11-12",11,8,8,6.54545454545455,6.54545454545455,6.54545454545455,0,-5.98966566014524,0.268212050379359
"SierraLeone","women_b12","13","Northern","Koinadugu",9.5308619,-11.5248055,NA,"2013-11-28",11,12,12,10.1878787878788,10.1878787878788,10.1878787878788,0,-5.74920774189799,0.462467053568314
"SierraLeone","women_b12","14","Northern","Koinadugu",9.50678,-11.57144,NA,"2013-11-28",11,15,15,12.448275862069,12.448275862069,12.448275862069,0,-5.61371809463948,0.336107910003559
"SierraLeone","women_b12","15","Northern","Port Loko",9.087961,-12.748478,NA,"2013-11-23",11,13,13,9.95854922279793,9.95854922279793,9.95854922279793,0,-6.19110066959834,0.294412475450673
"SierraLeone","women_b12","16","Northern","Port Loko",8.4889107,-12.6381274,NA,"2013-11-19",11,16,16,13.2651933701657,13.2651933701657,13.2651933701657,0,-6.36606850366954,0.308258915949494
"SierraLeone","women_b12","17","Northern","Port Loko",8.6058,-12.9622,NA,"2013-11-15",11,13,13,8.16504854368932,8.16504854368932,8.16504854368932,0,-6.19194566643719,0.335572117386873
"SierraLeone","women_b12","18","Northern","Tonkolili",8.556746111,-11.84418611,NA,"2013-11-21",11,18,18,15.1142857142857,15.1142857142857,15.1142857142857,0.0434782608695652,-5.95924719300567,0.509476074695291
"SierraLeone","women_b12","19","Northern","Tonkolili",8.953627391,-11.83887522,NA,"2013-11-21",11,19,19,17,17,17,0,-5.77711237272054,0.438861899845595
"SierraLeone","women_b12","2","Eastern","Kailahun",8.0598,-10.7384,NA,"2013-11-28",11,16,16,13.7204968944099,13.7204968944099,13.7204968944099,0,-6.35823551473728,0.42918988500856
"SierraLeone","women_b12","20","Southern","Bo",7.890714,-11.9045135,NA,"2013-12-04",12,13,13,11.6363636363636,11.6363636363636,11.6363636363636,0,-6.51123699466416,0.360665357732706
"SierraLeone","women_b12","21","Southern","Bo",8.219030417,-11.48851458,NA,"2013-11-15",11,17,17,12.1884057971014,12.1884057971014,12.1884057971014,0,-5.81340507810886,0.422916203151688
"SierraLeone","women_b12","22","Southern","Bo",8.216133478,-11.63062696,NA,"2013-11-22",11,16,16,13.5,13.5,13.5,0.0555555555555556,-6.06240274451135,0.597857363496503
"SierraLeone","women_b12","23","Southern","Bonthe",7.5563225,-12.024399,NA,"2013-11-26",11,16,16,12.6,12.6,12.6,0,-6.12172738976474,0.444326004296576
"SierraLeone","women_b12","24","Southern","Bonthe",7.352934,-12.1364,NA,"2013-12-03",12,3,3,3,3,3,0,-6.36481742618148,0.247093812660448
"SierraLeone","women_b12","25","Southern","Bonthe",7.760902143,-12.280585,NA,"2013-11-29",11,8,8,7.24657534246575,7.24657534246575,7.24657534246575,0,-6.24889427850858,0.364176404554428
"SierraLeone","women_b12","26","Southern","Moyamba",8.209591053,-12.85921684,NA,"2013-12-01",12,17,17,13.6347826086956,13.6347826086956,13.6347826086956,0,-6.41746859285639,0.41883732156668
"SierraLeone","women_b12","27","Southern","Pujehun",7.353529565,-11.6971287,NA,"2013-11-11",11,6,6,5.20343887571185,5.20343887571185,5.20343887571185,0,-6.1912156485878,0.319196146906372
"SierraLeone","women_b12","29","Western","Western Rural",8.33517,-13.0083325,NA,"2013-11-09",11,16,16,12.7037037037037,12.7037037037037,12.7037037037037,0,-6.26548819317786,0.382818552864484
"SierraLeone","women_b12","3","Southern","Pujehun",7.4959,-11.7498,NA,"2013-11-30",11,17,17,14,14,14,0,-6.02119384209056,0.472360600846958
"SierraLeone","women_b12","30","Western","Western Rural",8.37737619,-13.1333119,NA,"2013-11-24",11,12,12,9.68789808917198,9.68789808917198,9.68789808917198,0,-6.50037987431195,0.306577658338165
"SierraLeone","women_b12","31","Eastern","Kailahun",7.994711667,-10.95162667,NA,"2013-11-19",11,19,19,11.465306122449,11.465306122449,11.465306122449,0,-6.31042161537718,0.338566153417586
"SierraLeone","women_b12","32","Eastern","Kenema",7.581254091,-11.18653273,NA,"2013-11-21",11,16,16,14.44,14.44,14.44,0,-6.1402614570078,0.272799422973767
"SierraLeone","women_b12","33","Southern","Bo",8.30985,-11.62052,NA,"2013-11-18",11,14,14,11.4844720496894,11.4844720496894,11.4844720496894,0,-6.26872389748715,0.400227497142829
"SierraLeone","women_b12","34","Eastern","Kenema",7.51971,-11.1152287,NA,"2013-11-03",11,13,13,10.2459016393443,10.2459016393443,10.2459016393443,0,-6.33091851958376,0.300914704736441
"SierraLeone","women_b12","35","Eastern","Kono",8.621400435,-11.04688478,NA,"2013-11-29",11,7,7,6.76,6.76,6.76,0,-6.27006056483243,0.415129399060148
"SierraLeone","women_b12","36","Eastern","Kono",8.64770087,-10.96195739,NA,"2013-11-28",11,3,3,2.66666666666667,2.66666666666667,2.66666666666667,0,-6.41572341675239,0.36434825311229
"SierraLeone","women_b12","37","Northern","Bombali",9.302216,-12.145164,NA,"2013-11-24",11,12,12,10.5217391304348,10.5217391304348,10.5217391304348,0,-6.10477078243096,0.462850379324818
"SierraLeone","women_b12","38","Northern","Tonkolili",8.527432632,-12.02959947,NA,"2013-11-18",11,11,11,9.15126050420168,9.15126050420168,9.15126050420168,0,-6.21992994810562,0.412036382583534
"SierraLeone","women_b12","39","Northern","Kambia",8.92313,-13.0397675,NA,"2013-11-21",11,19,19,15.5845992015539,15.5845992015539,15.5845992015539,0,-6.01493047064856,0.302124983430704
"SierraLeone","women_b12","4","Eastern","Kono",8.7471,-11.1418,NA,"2013-11-20",11,12,12,11.2666666666667,11.2666666666667,11.2666666666667,0,-6.17027403088272,0.412049228475444
"SierraLeone","women_b12","40","Northern","Koinadugu",9.585,-11.55212667,NA,"2013-11-28",11,11,11,8.48409893992933,8.48409893992933,8.48409893992933,0,-6.13628625374032,0.430527675159407
"SierraLeone","women_b12","41","Western","Western Rural",8.3637,-13.108,NA,"2013-11-18",11,13,13,8.52786885245902,8.52786885245902,8.52786885245902,0,-6.54121916408655,0.393148841557057
"SierraLeone","women_b12","42","Western","Western Urban",8.4790177,-13.253133,NA,"2013-11-09",11,12,12,8.94160583941606,8.94160583941606,8.94160583941606,0.114285714285714,-6.10877921210383,0.572410682254688
"SierraLeone","women_b12","43","Northern","Tonkolili",8.719721364,-11.94014091,NA,"2013-11-22",11,12,12,9.12927756653992,9.12927756653992,9.12927756653992,0,-6.24928041398368,0.469876482685355
"SierraLeone","women_b12","44","Eastern","Kenema",7.56127,-11.29470043,NA,"2013-11-14",11,15,15,14.2222222222222,14.2222222222222,14.2222222222222,0,-6.20290701146408,0.424326627537556
"SierraLeone","women_b12","45","Eastern","Kenema",7.573734444,-11.45542056,NA,"2013-12-02",12,12,12,10.3142857142857,10.3142857142857,10.3142857142857,0,-6.3271446166342,0.355039002321262
"SierraLeone","women_b12","46","Eastern","Kenema",7.574175,-11.44978625,NA,"2013-11-05",11,17,17,10.125,10.125,10.125,0,-6.36229247671915,0.368435603474203
"SierraLeone","women_b12","47","Southern","Bonthe",7.5361111,-12.4958333,NA,"2013-11-29",11,14,14,12.0849673202614,12.0849673202614,12.0849673202614,0,-6.22911607593916,0.415964096126146
"SierraLeone","women_b12","48","Southern","Moyamba",8.326808421,-12.21636526,NA,"2013-12-04",12,17,17,12.3737373737374,12.3737373737374,12.3737373737374,0,-6.34322301279934,0.247503883874264
"SierraLeone","women_b12","49","Southern","Pujehun",7.359343333,-11.72392833,NA,"2013-11-25",11,18,18,15.1142857142857,15.1142857142857,15.1142857142857,0,-6.22525009345092,0.339463968263511
"SierraLeone","women_b12","5","Eastern","Kenema",7.3752,-11.2864,NA,"2013-11-22",11,17,17,15.1142857142857,15.1142857142857,15.1142857142857,0.0869565217391304,-5.99144571031454,0.477557154538379
"SierraLeone","women_b12","50","Western","Western Urban",8.42828,-13.28003,NA,"2013-11-08",11,11,11,8.6701030927835,8.6701030927835,8.6701030927835,0,-6.39286345075567,0.365922843941562
"SierraLeone","women_b12","51","Western","Western Rural",8.213522174,-13.10116348,NA,"2013-11-17",11,10,10,6.81818181818182,6.81818181818182,6.81818181818182,0,-6.79801884740279,0.318331663243949
"SierraLeone","women_b12","52","Western","Western Urban",8.485535294,-13.23975824,NA,"2013-12-03",12,14,14,11.5714285714286,11.5714285714286,11.5714285714286,0,-6.34355253611057,0.481277417480314
"SierraLeone","women_b12","53","Western","Western Urban",8.4775574,-13.2025238,NA,"2013-11-22",11,14,14,11.7647058823529,11.7647058823529,11.7647058823529,0,-6.27486156136395,0.273231134481908
"SierraLeone","women_b12","54","Western","Western Urban",8.467121,-13.1951,NA,"2013-11-17",11,13,13,10.3764705882353,10.3764705882353,10.3764705882353,0,-6.44368755026794,0.208409179247547
"SierraLeone","women_b12","55","Western","Western Urban",8.465295,-13.193862,NA,"2013-11-28",11,14,14,9.33333333333333,9.33333333333333,9.33333333333333,0,-6.68741261816369,0.239296039130806
"SierraLeone","women_b12","56","Western","Western Rural",8.277641667,-13.11214167,NA,"2013-12-04",12,18,18,12.099730458221,12.099730458221,12.099730458221,0,-6.19644737555454,0.375597507708782
"SierraLeone","women_b12","57","Western","Western Urban",8.4721055,-13.1955379,NA,"2013-11-13",11,12,12,9.38888888888889,9.38888888888889,9.38888888888889,0,-6.66010679327395,0.378717211697679
"SierraLeone","women_b12","58","Western","Western Rural",8.461325,-13.17132292,NA,"2013-11-29",11,17,17,13.8123076923077,13.8123076923077,13.8123076923077,0,-6.58603574280972,0.360214809776615
"SierraLeone","women_b12","59","Western","Western Urban",8.4885907,-13.2648135,NA,"2013-11-12",11,11,11,11,11,11,0,-6.29771122731805,0.440690723893329
"SierraLeone","women_b12","6","Eastern","Kono",8.5765,-10.879,NA,"2013-12-04",12,4,4,3.6,3.6,3.6,0,-5.81259582080024,0.48170614497656
"SierraLeone","women_b12","60","Northern","Port Loko",8.766667,-12.7875,NA,"2013-11-12",11,12,12,8.56637168141593,8.56637168141593,8.56637168141593,0,-6.41220417408188,0.487558347317433
"SierraLeone","women_b12","7","Eastern","Kono",8.614,-11.0762,NA,"2013-12-04",12,6,6,5.82758620689655,5.82758620689655,5.82758620689655,0,-6.52936445221013,0.415780731427746
"SierraLeone","women_b12","8","Northern","Bombali",9.1502,-11.9595,NA,"2013-11-20",11,8,8,5.78571428571429,5.78571428571429,5.78571428571429,0,-6.07334204077551,0.409575522737028
"SierraLeone","women_b12","9","Northern","Bombali",8.7646,-12.0816,NA,"2013-11-22",11,9,9,8.22147651006711,8.22147651006711,8.22147651006711,0,-6.52456938806882,0.543019586866922
