"country","outcome","Admin1","Admin2","y_prev","n_eff","cv","band"
"Gambia","child_vitA","Banjul","Banjul",0.0732972712183685,64.0128082370306,44.4419265820752,"unreliable"
"Gambia","child_vitA","Banjul","Kanifing",0.107981805291804,51.870855319815,39.9070715627478,"unreliable"
"Gambia","child_vitA","Lower River","Jarra East",0.213293120835692,27.2111274330174,36.8166934494191,"unreliable"
"Gambia","child_vitA","Lower River","Jarra West",0.0755206393695848,19.584835846319,79.0598184945446,"unreliable"
"Gambia","child_vitA","Lower River","Kiang Central",0.173913043478261,14.4324155107924,57.3690017406541,"unreliable"
"Gambia","child_vitA","Lower River","Kiang East",0.181818181818182,14.0426897994789,56.6084294126485,"unreliable"
"Gambia","child_vitA","Maccarthy Island","Fulladu West",0.286129198649575,34.2530921617822,26.9885050426255,"caution"
"Gambia","child_vitA","Maccarthy Island","Lower Saloum",0.180474806145845,23.4530335260272,44.0020946025474,"unreliable"
"Gambia","child_vitA","Maccarthy Island","Niamina Dankunku",0.382352941176471,17.9851144946317,29.9696290686349,"caution"
"Gambia","child_vitA","Maccarthy Island","Niamina East",0.25,16.1985307338566,43.0350998791245,"unreliable"
"Gambia","child_vitA","Maccarthy Island","Niani",0.307965738346523,28.4010110160228,28.1284432034768,"caution"
"Gambia","child_vitA","Maccarthy Island","Nianija",0.136160861272839,17.3244525662855,60.5146510749444,"unreliable"
"Gambia","child_vitA","Maccarthy Island","Sami",0.388888888888889,12.3396038217484,35.6859049494964,"unreliable"
"Gambia","child_vitA","Maccarthy Island","Upper Saloum",0.3,8.04601929641027,53.8515065656312,"unreliable"
"Gambia","child_vitA","North Bank","Central Baddibu",0.285714285714286,10.3643497109539,49.1132840651012,"unreliable"
"Gambia","child_vitA","North Bank","Jokadu",0.142857142857143,10.3643497109539,76.0859725046764,"unreliable"
"Gambia","child_vitA","North Bank","Lower Baddibu",0,6.72900071609932,38550.0100486555,"unreliable"
"Gambia","child_vitA","North Bank","Lower Nuimi",0,10.2044003998457,31304.4470736311,"unreliable"
"Gambia","child_vitA","North Bank","Upper Baddibu",0.0887310206459296,23.7445301075891,65.7663538771977,"unreliable"
"Gambia","child_vitA","North Bank","Upper Nuimi",0.222222222222222,7.40212411892429,68.7631622530864,"unreliable"
"Gambia","child_vitA","Upper River","Fulladu East",0.248995738340061,64.4329719916584,21.6357105078999,"caution"
"Gambia","child_vitA","Upper River","Kantora",0.533333333333333,10.8871770615672,28.349563961358,"caution"
"Gambia","child_vitA","Upper River","Sandu",0.266666666666667,10.8871770615672,50.2584052523708,"unreliable"
"Gambia","child_vitA","Upper River","Wuli",0.111111111111111,7.40212411892429,103.960129533743,"unreliable"
"Gambia","child_vitA","Western","Foni Bintang Karanai",0,11.8737104900817,29020.6112162184,"unreliable"
"Gambia","child_vitA","Western","Foni Brefet",0,9.25342293657622,32873.6991736351,"unreliable"
"Gambia","child_vitA","Western","Kombo Central",0.174231843559703,19.8012622480894,48.9236512816764,"unreliable"
"Gambia","child_vitA","Western","Kombo East",0.0555555555555556,12.3396038217484,117.374526288394,"unreliable"
"Gambia","child_vitA","Western","Kombo Saint Mary",0.141447690164046,32.9422049344682,42.9248828198811,"unreliable"
"Gambia","child_vitA","Western","Kombo South",0.0526315789473684,12.7885739840527,118.638375796255,"unreliable"
"Gambia","women_vitA","Banjul","Banjul",0,190.971410168559,7236.28403683907,"unreliable"
"Gambia","women_vitA","Banjul","Kanifing",0.0132270263647896,121.915646958318,78.2253994861339,"unreliable"
"Gambia","women_vitA","Lower River","Jarra East",0.144624661523268,41.3418164979335,37.8235603840237,"unreliable"
"Gambia","women_vitA","Lower River","Jarra West",0,59.1848887500634,12998.5337174515,"unreliable"
"Gambia","women_vitA","Lower River","Kiang Central",0,19,22941.5619162666,"unreliable"
"Gambia","women_vitA","Lower River","Kiang East",0,20,22360.6685946552,"unreliable"
"Gambia","women_vitA","Maccarthy Island","Fulladu West",0.0218873492044434,80.4289433047818,74.5403921323972,"unreliable"
"Gambia","women_vitA","Maccarthy Island","Lower Saloum",0.0138916672365152,20.8249368020693,184.626179339697,"unreliable"
"Gambia","women_vitA","Maccarthy Island","Niamina Dankunku",0,20,22360.6685946552,"unreliable"
"Gambia","women_vitA","Maccarthy Island","Niamina East",0.130434782608696,23,53.8381902058165,"unreliable"
"Gambia","women_vitA","Maccarthy Island","Niani",0.110890239857999,32.4655083299039,49.6958271837933,"unreliable"
"Gambia","women_vitA","Maccarthy Island","Nianija",0.0477098880449538,20.9998981050086,97.4926431842077,"unreliable"
"Gambia","women_vitA","Maccarthy Island","Sami",0.0526315789473684,19,97.3328526784575,"unreliable"
"Gambia","women_vitA","Maccarthy Island","Upper Saloum",0.0714285714285714,14,96.3624111659432,"unreliable"
"Gambia","women_vitA","North Bank","Central Baddibu",0.0606060606060606,33,68.5344416842342,"unreliable"
"Gambia","women_vitA","North Bank","Jokadu",0,12,28867.499025721,"unreliable"
"Gambia","women_vitA","North Bank","Lower Baddibu",0,22,21320.0609755226,"unreliable"
"Gambia","women_vitA","North Bank","Lower Nuimi",0,26.1981479297802,19537.2974158837,"unreliable"
"Gambia","women_vitA","North Bank","Upper Baddibu",0.030561624570692,36.1884112619072,93.6239859578268,"unreliable"
"Gambia","women_vitA","North Bank","Upper Nuimi",0,16,24999.9874999969,"unreliable"
"Gambia","women_vitA","Upper River","Fulladu East",0.0255321727132044,124.826058872475,55.2951749421458,"unreliable"
"Gambia","women_vitA","Upper River","Kantora",0.1875,16,52.0416499866533,"unreliable"
"Gambia","women_vitA","Upper River","Sandu",0,15,25819.8760647684,"unreliable"
"Gambia","women_vitA","Upper River","Wuli",0.0909090909090909,11,95.3462589245593,"unreliable"
"Gambia","women_vitA","Western","Foni Bintang Karanai",0,20,22360.6685946552,"unreliable"
"Gambia","women_vitA","Western","Foni Brefet",0.0625,16,96.8245836551854,"unreliable"
"Gambia","women_vitA","Western","Kombo Central",0,40.9619439038432,15624.6214306463,"unreliable"
"Gambia","women_vitA","Western","Kombo East",0,28,18898.2142013472,"unreliable"
"Gambia","women_vitA","Western","Kombo Saint Mary",0.00664540481338959,74.7269464715661,141.433670895805,"unreliable"
"Gambia","women_vitA","Western","Kombo South",0,28,18898.2142013472,"unreliable"
"Gambia","child_iron","Banjul","Banjul",0.441182643515898,44.977309535834,16.781431224489,"caution"
"Gambia","child_iron","Banjul","Kanifing",0.479908666579605,34.034171504936,17.8444398849303,"caution"
"Gambia","child_iron","Lower River","Jarra East",0.79854165129774,12.2444232844098,14.3540574758289,"unrestricted"
"Gambia","child_iron","Lower River","Jarra West",0.359107369139993,11.613278279342,39.2015341972387,"unreliable"
"Gambia","child_iron","Lower River","Kiang Central",0.652173913043478,6.73134162450402,28.148065172605,"caution"
"Gambia","child_iron","Lower River","Kiang East",0.772727272727273,6.65256451721637,21.0264518959949,"caution"
"Gambia","child_iron","Maccarthy Island","Fulladu West",0.732635337130024,16.1754420453767,15.0203479503278,"unrestricted"
"Gambia","child_iron","Maccarthy Island","Lower Saloum",0.64018087853175,11.7027986635267,21.9152234762155,"caution"
"Gambia","child_iron","Maccarthy Island","Niamina Dankunku",0.764705882352941,7.3509088264924,20.4591601254812,"caution"
"Gambia","child_iron","Maccarthy Island","Niamina East",0.714285714285714,7.05976640584403,23.80317173721,"caution"
"Gambia","child_iron","Maccarthy Island","Niani",0.662558323714245,15.4176678312865,18.1751481826585,"caution"
"Gambia","child_iron","Maccarthy Island","Nianija",0.590402153182099,10.4829418578265,25.7254676083661,"caution"
"Gambia","child_iron","Maccarthy Island","Sami",0.944444444444444,6.27709684627075,9.68046289596495,"unrestricted"
"Gambia","child_iron","Maccarthy Island","Upper Saloum",0.9,5.02837942486743,14.8649935446882,"unrestricted"
"Gambia","child_iron","North Bank","Central Baddibu",0.642857142857143,5.76573018144779,31.0410633411656,"caution"
"Gambia","child_iron","North Bank","Jokadu",0.785714285714286,5.76573018144779,21.7488915330735,"caution"
"Gambia","child_iron","North Bank","Lower Baddibu",0.625,4.52233295217464,36.4245636947882,"unreliable"
"Gambia","child_iron","North Bank","Lower Nuimi",0.574655145648432,7.30502854019231,31.8314178190015,"caution"
"Gambia","child_iron","North Bank","Upper Baddibu",0.707440350601493,12.3275659055246,18.3157047178201,"caution"
"Gambia","child_iron","North Bank","Upper Nuimi",0.444444444444444,4.79015049056837,51.0834743850702,"unreliable"
"Gambia","child_iron","Upper River","Fulladu East",0.604093377634168,29.3558246564453,14.9416033536944,"unrestricted"
"Gambia","child_iron","Upper River","Kantora",0.866666666666667,5.91017268578741,16.1340439797347,"unrestricted"
"Gambia","child_iron","Upper River","Sandu",0.466666666666667,5.91017268578741,43.9739915132973,"unreliable"
"Gambia","child_iron","Upper River","Wuli",0.777777777777778,4.79015049056837,24.4225720196946,"caution"
"Gambia","child_iron","Western","Foni Bintang Karanai",0.470588235294118,6.16453338711547,42.7194995805758,"unreliable"
"Gambia","child_iron","Western","Foni Brefet",0.666666666666667,5.43373390371823,30.3344286091015,"caution"
"Gambia","child_iron","Western","Kombo Central",0.359025837972549,11.1579096624487,40.0005524010796,"unreliable"
"Gambia","child_iron","Western","Kombo East",0.666666666666667,6.27709684627076,28.2231567331031,"caution"
"Gambia","child_iron","Western","Kombo Saint Mary",0.699274274059516,18.8108684482363,15.1201845609343,"unrestricted"
"Gambia","child_iron","Western","Kombo South",0.473684210526316,6.38135388170129,41.7274966176938,"unreliable"
"Gambia","women_iron","Banjul","Banjul",0.341679554197563,183.523044363638,10.2462246442336,"unrestricted"
"Gambia","women_iron","Banjul","Kanifing",0.300794478115473,117.075968306889,14.0907339774888,"unrestricted"
"Gambia","women_iron","Lower River","Jarra East",0.664604561556188,39.3548274768504,11.3239491502631,"unrestricted"
"Gambia","women_iron","Lower River","Jarra West",0.437857706397502,56.4307245776568,15.0833850676277,"unrestricted"
"Gambia","women_iron","Lower River","Kiang Central",0.473684210526316,18.1741629160361,24.7258674565699,"caution"
"Gambia","women_iron","Lower River","Kiang East",0.85,19.0846136493807,9.61600057065855,"unrestricted"
"Gambia","women_iron","Maccarthy Island","Fulladu West",0.496143900023372,75.0483872194878,11.6326523855261,"unrestricted"
"Gambia","women_iron","Maccarthy Island","Lower Saloum",0.487748530115695,20.2374197989013,22.7806468543607,"caution"
"Gambia","women_iron","Maccarthy Island","Niamina Dankunku",0.75,19.0846136493807,13.2159286829416,"unrestricted"
"Gambia","women_iron","Maccarthy Island","Niamina East",0.652173913043478,21.7898363381078,15.6448851681193,"unrestricted"
"Gambia","women_iron","Maccarthy Island","Niani",0.598938247168865,31.4595448021583,14.5894319597784,"unrestricted"
"Gambia","women_iron","Maccarthy Island","Nianija",0.476674958461976,20.5080672208104,23.1372757989499,"caution"
"Gambia","women_iron","Maccarthy Island","Sami",0.736842105263158,18.1741629160361,14.0182491943776,"unrestricted"
"Gambia","women_iron","Maccarthy Island","Upper Saloum",0.714285714285714,13.5551484685998,17.1782079707768,"caution"
"Gambia","women_iron","North Bank","Central Baddibu",0.454545454545455,30.5334321750115,19.8245259259699,"caution"
"Gambia","women_iron","North Bank","Jokadu",0.583333333333333,11.6757754631412,24.7339292922763,"caution"
"Gambia","women_iron","North Bank","Lower Baddibu",0.409090909090909,20.8924190394759,26.2939636060607,"caution"
"Gambia","women_iron","North Bank","Lower Nuimi",0.350435538566017,25.3656989136079,27.032339935764,"caution"
"Gambia","women_iron","North Bank","Upper Baddibu",0.543438159069387,34.6154779971798,15.5789998675058,"unrestricted"
"Gambia","women_iron","North Bank","Upper Nuimi",0.25,15.4162363121154,44.1134930415741,"unreliable"
"Gambia","women_iron","Upper River","Fulladu East",0.474229966064334,116.311025732485,9.76321775152511,"unrestricted"
"Gambia","women_iron","Upper River","Kantora",0.8125,15.4162363121154,12.2348816231707,"unrestricted"
"Gambia","women_iron","Upper River","Sandu",0.666666666666667,14.487961316475,18.577247336374,"caution"
"Gambia","women_iron","Upper River","Wuli",0.727272727272727,10.7291476057078,18.6953251921404,"caution"
"Gambia","women_iron","Western","Foni Bintang Karanai",0.35,19.0846136493807,31.1947112439441,"caution"
"Gambia","women_iron","Western","Foni Brefet",0.3125,15.4162363121154,37.7765385317564,"unreliable"
"Gambia","women_iron","Western","Kombo Central",0.367154654744198,39.04012158869,21.0120630353407,"caution"
"Gambia","women_iron","Western","Kombo East",0.428571428571429,26.2132950565122,22.5532202071524,"caution"
"Gambia","women_iron","Western","Kombo Saint Mary",0.363182132424259,70.7105708673432,15.74719520906,"unrestricted"
"Gambia","women_iron","Western","Kombo South",0.357142857142857,26.2132950565122,26.204473879695,"caution"
"Ghana","child_vitA","Ahafo","Asunafo North",0.105263157894737,15.218596382924,74.734677246395,"unreliable"
"Ghana","child_vitA","Ahafo","Tano North",0.128580345377627,29.0672594466915,48.2863455561587,"unreliable"
"Ghana","child_vitA","Ashanti","Adansi Asokwa",0,13.2553425710932,27466.5621754887,"unreliable"
"Ghana","child_vitA","Ashanti","Asante-Akim South",0,19.3294066916663,22745.2398568047,"unreliable"
"Ghana","child_vitA","Ashanti","Asokore-Mampong",0.166666666666667,14.5788116939756,58.5630839771754,"unreliable"
"Ghana","child_vitA","Ashanti","Asokwa",0,12.570642440232,28204.6715164356,"unreliable"
"Ghana","child_vitA","Ashanti","Atwima-Mponua",0.155781646299285,26.4928327047098,45.2277571693498,"unreliable"
"Ghana","child_vitA","Ashanti","Atwima-Nwabiagya South",0,9.66573845196082,32164.9042731263,"unreliable"
"Ghana","child_vitA","Ashanti","Bekwai",0.25,7.29508858851312,64.127652522354,"unreliable"
"Ghana","child_vitA","Ashanti","Kumasi",0.0736806851346825,20.5602912492117,78.1967855593044,"unreliable"
"Ghana","child_vitA","Ashanti","Kwadaso",0,9.66573845196082,32164.9042731263,"unreliable"
"Ghana","child_vitA","Ashanti","Obuasi",0.117647058823529,13.9245592114368,73.3905096427389,"unreliable"
"Ghana","child_vitA","Ashanti","Sekyere Kumawu",0.25,10.4180743475343,53.6620057115039,"unreliable"
"Ghana","child_vitA","Ashanti","Sekyere South",0,11.8699151735531,29025.2504070177,"unreliable"
"Ghana","child_vitA","Bono","Dormaa West",0.0625,13.2553425710932,106.377591072047,"unreliable"
"Ghana","child_vitA","Bono","Sunyani West",0,5.61261634531741,42210.1703146422,"unreliable"
"Ghana","child_vitA","Bono","Wenchi",0.0909090909090909,9.66573845196082,101.714409081579,"unreliable"
"Ghana","child_vitA","Bono East","Kintampo North",0.210526315789474,15.218596382924,49.6396069765815,"unreliable"
"Ghana","child_vitA","Bono East","Sene West",0.142857142857143,11.8699151735531,71.0970887022563,"unreliable"
"Ghana","child_vitA","Bono East","Techiman",0.0769230769230769,11.1525913735763,103.729605919454,"unreliable"
"Ghana","child_vitA","Central","Agona West",0.19047619047619,16.4566404482841,50.8187378680433,"unreliable"
"Ghana","child_vitA","Central","Asikuma-Odoben-Brakwa",0.105263157894737,15.218596382924,74.734677246395,"unreliable"
"Ghana","child_vitA","Central","Awutu Senya West",0.0833333333333333,10.4180743475343,102.754917849539,"unreliable"
"Ghana","child_vitA","Central","Mfantseman",0.333333333333333,5.61261634531741,59.6942251761653,"unreliable"
"Ghana","child_vitA","Central","Twifo-Atti-Morkwa",0.125,7.29508858851312,97.9566072745044,"unreliable"
"Ghana","child_vitA","Central","Twifo-Hemang-Lower Denkyira",0,5.61261634531741,42210.1703146422,"unreliable"
"Ghana","child_vitA","Eastern","Abuakwa South",0.222222222222222,14.5788116939756,48.997391394261,"unreliable"
"Ghana","child_vitA","Eastern","Akwapem North",0.143941267338307,18.8113160983575,56.2275977518839,"unreliable"
"Ghana","child_vitA","Eastern","Atiwa East",0.1,8.89492731532291,100.588898613117,"unreliable"
"Ghana","child_vitA","Eastern","Denkyembour",0.285714285714286,11.8699151735531,45.892973417945,"unreliable"
"Ghana","child_vitA","Eastern","Kwahu Afram Plains North",0.171082953764386,28.0206281006666,41.5827524161897,"unreliable"
"Ghana","child_vitA","Greater Accra","Ablekuma Central",0,5.61261634531741,42210.1703146422,"unreliable"
"Ghana","child_vitA","Greater Accra","Ablekuma North",0.201663631849032,9.4610206113092,64.6859812467396,"unreliable"
"Ghana","child_vitA","Greater Accra","Ashaiman",0,4.73836580316629,45939.4181381464,"unreliable"
"Ghana","child_vitA","Greater Accra","Ayawaso West",0,1.97276785110604,71197.0159964212,"unreliable"
"Ghana","child_vitA","Greater Accra","Ga East",0,5.61261634531741,42210.1703146422,"unreliable"
"Ghana","child_vitA","Greater Accra","La-Dade-Kotopon",0.153846153846154,11.1525913735763,70.2252751822829,"unreliable"
"Ghana","child_vitA","Greater Accra","Tema West",0.1,8.89492731532291,100.588898613117,"unreliable"
"Ghana","child_vitA","Greater Accra","Weija Gbawe",0.16551913397029,33.7587478000068,38.6447875685844,"unreliable"
"Ghana","child_vitA","North East","Chereponi",0.166666666666667,10.4180743475343,69.2773514815806,"unreliable"
"Ghana","child_vitA","North East","West Mamprusi",0.347826086956522,17.6422486858325,32.6004553547301,"caution"
"Ghana","child_vitA","North East","Yunyoo-Nasuan",0,8.89492731532291,33529.6161062185,"unreliable"
"Ghana","child_vitA","Northern","Gushegu",0.3,8.89492731532291,51.2173602185388,"unreliable"
"Ghana","child_vitA","Northern","Kpandai",0,2.91940099536558,58526.5476719144,"unreliable"
"Ghana","child_vitA","Northern","Nanumba South",0.0909090909090909,9.66573845196082,101.714409081579,"unreliable"
"Ghana","child_vitA","Northern","Sagnerigu",0.198303320823741,16.3985367039375,49.6520861997407,"unreliable"
"Ghana","child_vitA","Northern","Savelugu",0.352941176470588,13.9245592114368,36.2852391053106,"unreliable"
"Ghana","child_vitA","Northern","Tamale",0.36,18.7786832944845,30.7684889070894,"caution"
"Ghana","child_vitA","Northern","Tatale Sanguli",0.16,18.7786832944845,52.8745985385548,"unreliable"
"Ghana","child_vitA","Northern","Tolon",0.375,22.4101411214053,27.2710637823074,"caution"
"Ghana","child_vitA","Oti","Nkwanta South",0,11.8699151735531,29025.2504070177,"unreliable"
"Ghana","child_vitA","Savannah","Bole",0.25,3.84093868796875,88.377546363127,"unreliable"
"Ghana","child_vitA","Savannah","Central Gonja",0.177592150623177,23.8596678365473,44.0554400369513,"unreliable"
"Ghana","child_vitA","Savannah","North East Gonja",0.181818181818182,9.66573845196081,68.2320998992899,"unreliable"
"Ghana","child_vitA","Savannah","Sawla-Tuna-Kalba",0.277777777777778,14.5788116939756,42.2304404258019,"unreliable"
"Ghana","child_vitA","Upper East","Bawku West",0.222222222222222,8.10495192808335,65.7141357409582,"unreliable"
"Ghana","child_vitA","Upper East","Binduri",0.202698145025295,25.1254943215684,39.5666419255577,"unreliable"
"Ghana","child_vitA","Upper East","Builsa South",0.285714285714286,6.46457669138088,62.1870504141043,"unreliable"
"Ghana","child_vitA","Upper East","Kasena Nankana East",0.080254972736349,13.7910466929631,91.1589121795861,"unreliable"
"Ghana","child_vitA","Upper East","Talensi",0.384615384615385,11.1525913735763,37.8766966954707,"unreliable"
"Ghana","child_vitA","Upper West","Jirapa",0,8.10495192808335,35125.6654958143,"unreliable"
"Ghana","child_vitA","Upper West","Lambussie-Karni",0.142857142857143,11.8699151735531,71.0970887022563,"unreliable"
"Ghana","child_vitA","Upper West","Sissala East",0.176470588235294,13.9245592114368,57.8912147158379,"unreliable"
"Ghana","child_vitA","Upper West","Wa East",0,11.8699151735531,29025.2504070177,"unreliable"
"Ghana","child_vitA","Upper West","Wa Municipal",0.233615221987315,14.4045582300977,47.7224679180335,"unreliable"
"Ghana","child_vitA","Volta","Afadzato South",0.130434782608696,17.6422486858325,61.4720081362638,"unreliable"
"Ghana","child_vitA","Volta","Akatsi South",0.375,7.29508858851312,47.7979300924898,"unreliable"
"Ghana","child_vitA","Volta","Ho Municipal",0,1,99999.9499999875,"unreliable"
"Ghana","child_vitA","Volta","South Tongu",0,7.29508858851312,37024.0989342165,"unreliable"
"Ghana","child_vitA","Western","Effia Kwesimintsim",0,6.46457669138088,39330.5243899804,"unreliable"
"Ghana","child_vitA","Western","Ellembelle",0.166666666666667,14.5788116939756,58.5630839771754,"unreliable"
"Ghana","child_vitA","Western","Jomoro",0.25,7.29508858851312,64.127652522354,"unreliable"
"Ghana","child_vitA","Western","Mpohor",0,10.8839166029328,30311.4826696018,"unreliable"
"Ghana","child_vitA","Western","Prestea-Huni Valley",0.0555555555555556,14.5788116939756,107.984991256749,"unreliable"
"Ghana","child_vitA","Western North","Sefwi-Akontombra",0.0526315789473684,15.218596382924,108.754929947058,"unreliable"
"Ghana","women_vitA","Ahafo","Asunafo North",0,10.8176899174911,30404.1256463169,"unreliable"
"Ghana","women_vitA","Ahafo","Tano North",0,19.1743309432891,22837.0326816928,"unreliable"
"Ghana","women_vitA","Ashanti","Adansi Asokwa",0,11.9453403769081,28933.4697581046,"unreliable"
"Ghana","women_vitA","Ashanti","Asante-Akim South",0,14.9131494001051,25894.9512964897,"unreliable"
"Ghana","women_vitA","Ashanti","Asokore-Mampong",0,10.2237625198019,31274.7902959363,"unreliable"
"Ghana","women_vitA","Ashanti","Asokwa",0,9.60831256614786,32260.880878894,"unreliable"
"Ghana","women_vitA","Ashanti","Atwima-Mponua",0,25.9798857773093,19619.1941155437,"unreliable"
"Ghana","women_vitA","Ashanti","Atwima-Nwabiagya South",0,10.8176899174911,30404.1256463169,"unreliable"
"Ghana","women_vitA","Ashanti","Bekwai",0,10.8176899174911,30404.1256463169,"unreliable"
"Ghana","women_vitA","Ashanti","Kumasi",0,21.3480174386508,21643.1768626046,"unreliable"
"Ghana","women_vitA","Ashanti","Kwadaso",0.0666666666666667,11.3912043378814,110.861103357028,"unreliable"
"Ghana","women_vitA","Ashanti","Obuasi",0,5.39013430508518,43072.4910637678,"unreliable"
"Ghana","women_vitA","Ashanti","Sekyere Kumawu",0,11.3912043378814,29628.8613485391,"unreliable"
"Ghana","women_vitA","Ashanti","Sekyere South",0,10.2237625198019,31274.7902959363,"unreliable"
"Ghana","women_vitA","Bono","Dormaa West",0,7.62045598890372,36225.0758297009,"unreliable"
"Ghana","women_vitA","Bono","Sunyani West",0,6.90606109037967,38052.6209446902,"unreliable"
"Ghana","women_vitA","Bono","Wenchi",0,11.9453403769081,28933.4697581046,"unreliable"
"Ghana","women_vitA","Bono East","Kintampo North",0,11.3912043378814,29628.8613485391,"unreliable"
"Ghana","women_vitA","Bono East","Sene West",0,9.60831256614786,32260.880878894,"unreliable"
"Ghana","women_vitA","Bono East","Techiman",0,10.2237625198019,31274.7902959363,"unreliable"
"Ghana","women_vitA","Central","Agona West",0.0909090909090909,8.97014857677848,105.584503426301,"unreliable"
"Ghana","women_vitA","Central","Asikuma-Odoben-Brakwa",0,13.9865004909828,26739.0054889804,"unreliable"
"Ghana","women_vitA","Central","Awutu Senya West",0,8.97014857677848,33388.7349501163,"unreliable"
"Ghana","women_vitA","Central","Mfantseman",0,4.58498611228919,46701.4936268726,"unreliable"
"Ghana","women_vitA","Central","Twifo-Atti-Morkwa",0,7.62045598890372,36225.0758297009,"unreliable"
"Ghana","women_vitA","Central","Twifo-Hemang-Lower Denkyira",0,2.87010501125963,59027.024227473,"unreliable"
"Ghana","women_vitA","Eastern","Abuakwa South",0,8.30798947210833,34693.7954878596,"unreliable"
"Ghana","women_vitA","Eastern","Akwapem North",0,16.3914226750225,24699.6874767605,"unreliable"
"Ghana","women_vitA","Eastern","Atiwa East",0.133333333333333,11.3912043378814,75.539108860432,"unreliable"
"Ghana","women_vitA","Eastern","Denkyembour",0,11.3912043378814,29628.8613485391,"unreliable"
"Ghana","women_vitA","Eastern","Kwahu Afram Plains North",0,19.0516285231151,22910.4558487943,"unreliable"
"Ghana","women_vitA","Greater Accra","Ablekuma Central",0,11.9453403769081,28933.4697581046,"unreliable"
"Ghana","women_vitA","Greater Accra","Ablekuma North",0,13.788788890352,26930.0228311353,"unreliable"
"Ghana","women_vitA","Greater Accra","Ashaiman",0,10.2237625198019,31274.7902959363,"unreliable"
"Ghana","women_vitA","Greater Accra","Ayawaso West",0,7.62045598890372,36225.0758297009,"unreliable"
"Ghana","women_vitA","Greater Accra","Ga East",0,7.62045598890372,36225.0758297009,"unreliable"
"Ghana","women_vitA","Greater Accra","La-Dade-Kotopon",0,7.62045598890372,36225.0758297009,"unreliable"
"Ghana","women_vitA","Greater Accra","Tema West",0.0769230769230769,10.2237625198019,108.339105746814,"unreliable"
"Ghana","women_vitA","Greater Accra","Weija Gbawe",0.0421285208173838,27.7394998041932,90.5349368289454,"unreliable"
"Ghana","women_vitA","North East","Chereponi",0,6.16319922989151,40280.6694198101,"unreliable"
"Ghana","women_vitA","North East","West Mamprusi",0,11.3912043378814,29628.8613485391,"unreliable"
"Ghana","women_vitA","North East","Yunyoo-Nasuan",0.0833333333333333,9.60831256614786,106.997290780301,"unreliable"
"Ghana","women_vitA","Northern","Gushegu",0.111111111111111,7.62045598890372,102.460038302746,"unreliable"
"Ghana","women_vitA","Northern","Kpandai",0,5.39013430508519,43072.4910637678,"unreliable"
"Ghana","women_vitA","Northern","Nanumba South",0,8.30798947210833,34693.7954878596,"unreliable"
"Ghana","women_vitA","Northern","Sagnerigu",0.102927473989318,15.3164680794639,75.434289758347,"unreliable"
"Ghana","women_vitA","Northern","Savelugu",0,11.9453403769081,28933.4697581046,"unreliable"
"Ghana","women_vitA","Northern","Tamale",0,12.481063876493,28305.7052445122,"unreliable"
"Ghana","women_vitA","Northern","Tatale Sanguli",0,7.62045598890372,36225.0758297009,"unreliable"
"Ghana","women_vitA","Northern","Tolon",0,10.2237625198019,31274.7902959363,"unreliable"
"Ghana","women_vitA","Oti","Nkwanta South",0,7.62045598890372,36225.0758297009,"unreliable"
"Ghana","women_vitA","Savannah","Bole",0.2,4.58498611228919,93.4030339552738,"unreliable"
"Ghana","women_vitA","Savannah","Central Gonja",0,13.592157748852,27124.1151690584,"unreliable"
"Ghana","women_vitA","Savannah","North East Gonja",0,8.30798947210833,34693.7954878596,"unreliable"
"Ghana","women_vitA","Savannah","Sawla-Tuna-Kalba",0,7.62045598890372,36225.0758297009,"unreliable"
"Ghana","women_vitA","Upper East","Bawku West",0,8.97014857677848,33388.7349501163,"unreliable"
"Ghana","women_vitA","Upper East","Binduri",0,13.8034244960134,26915.7422544247,"unreliable"
"Ghana","women_vitA","Upper East","Builsa South",0,1.95574355535677,71506.2213507539,"unreliable"
"Ghana","women_vitA","Upper East","Kasena Nankana East",0.0975820379965458,9.76439828212482,97.318673501244,"unreliable"
"Ghana","women_vitA","Upper East","Talensi",0.166666666666667,9.60831256614786,72.1375587280185,"unreliable"
"Ghana","women_vitA","Upper West","Jirapa",0,6.90606109037967,38052.6209446902,"unreliable"
"Ghana","women_vitA","Upper West","Lambussie-Karni",0,6.16319922989151,40280.6694198101,"unreliable"
"Ghana","women_vitA","Upper West","Sissala East",0,6.16319922989151,40280.6694198101,"unreliable"
"Ghana","women_vitA","Upper West","Wa East",0.1,8.30798947210833,104.081438504311,"unreliable"
"Ghana","women_vitA","Upper West","Wa Municipal",0,16.2895761219441,24776.7815106783,"unreliable"
"Ghana","women_vitA","Volta","Afadzato South",0,12.9992775425134,27735.7666433939,"unreliable"
"Ghana","women_vitA","Volta","Akatsi South",0,6.90606109037967,38052.6209446902,"unreliable"
"Ghana","women_vitA","Volta","Ho Municipal",0,6.90606109037967,38052.6209446902,"unreliable"
"Ghana","women_vitA","Volta","South Tongu",0,9.60831256614786,32260.880878894,"unreliable"
"Ghana","women_vitA","Western","Effia Kwesimintsim",0,3.74571507868444,51669.2804071677,"unreliable"
"Ghana","women_vitA","Western","Ellembelle",0,8.30798947210833,34693.7954878596,"unreliable"
"Ghana","women_vitA","Western","Jomoro",0,4.58498611228919,46701.4936268726,"unreliable"
"Ghana","women_vitA","Western","Mpohor",0,6.77639731269831,38414.9570601146,"unreliable"
"Ghana","women_vitA","Western","Prestea-Huni Valley",0,12.481063876493,28305.7052445122,"unreliable"
"Ghana","women_vitA","Western North","Sefwi-Akontombra",0,6.16319922989151,40280.6694198101,"unreliable"
"Ghana","child_iron","Ahafo","Asunafo North",0,7.61013757981062,36249.6258810034,"unreliable"
"Ghana","child_iron","Ahafo","Tano North",0.172896872182537,13.7889557041408,58.9007161214979,"unreliable"
"Ghana","child_iron","Ashanti","Adansi Asokwa",0.125,7.11989307190604,99.1544669954911,"unreliable"
"Ghana","child_iron","Ashanti","Asante-Akim South",0.153846153846154,8.44510117961567,80.7009999787164,"unreliable"
"Ghana","child_iron","Ashanti","Asokore-Mampong",0.277777777777778,7.457982365297,59.0440307747863,"unreliable"
"Ghana","child_iron","Ashanti","Asokwa",0.4,6.93136328459815,46.5196350232973,"unreliable"
"Ghana","child_iron","Ashanti","Atwima-Mponua",0.0923449388978557,14.2301969954952,83.1090678967191,"unreliable"
"Ghana","child_iron","Ashanti","Atwima-Nwabiagya South",0.181818181818182,6.00606118582756,86.5588306513903,"unreliable"
"Ghana","child_iron","Ashanti","Bekwai",0,5.05676784039476,44469.6053405044,"unreliable"
"Ghana","child_iron","Ashanti","Kumasi",0.25,12.3690931005188,49.248351534541,"unreliable"
"Ghana","child_iron","Ashanti","Kwadaso",0.181818181818182,6.00606118582756,86.5588306513903,"unreliable"
"Ghana","child_iron","Ashanti","Obuasi",0.0588235294117647,7.29496927554999,148.097680877019,"unreliable"
"Ghana","child_iron","Ashanti","Sekyere Kumawu",0.166666666666667,6.2675246167886,89.3175862371056,"unreliable"
"Ghana","child_iron","Ashanti","Sekyere South",0,6.72776720606064,38553.5438841405,"unreliable"
"Ghana","child_iron","Bono","Dormaa West",0.25,7.11989307190604,64.9118357856912,"unreliable"
"Ghana","child_iron","Bono","Sunyani West",0.166666666666667,4.23806156183858,108.61789242872,"unreliable"
"Ghana","child_iron","Bono","Wenchi",0.0909090909090909,6.00606118582756,129.034286259601,"unreliable"
"Ghana","child_iron","Bono East","Kintampo North",0.421052631578947,7.61013757981062,42.5064753832335,"unreliable"
"Ghana","child_iron","Bono East","Sene West",0.214285714285714,6.72776720606064,73.8244529417352,"unreliable"
"Ghana","child_iron","Bono East","Techiman",0.153846153846154,6.50722364284187,91.9355499339738,"unreliable"
"Ghana","child_iron","Central","Agona West",0.19047619047619,7.88594269165366,73.4121015505408,"unreliable"
"Ghana","child_iron","Central","Asikuma-Odoben-Brakwa",0.157894736842105,7.61013757981063,83.7149668991762,"unreliable"
"Ghana","child_iron","Central","Awutu Senya West",0.166666666666667,6.2675246167886,89.3175862371056,"unreliable"
"Ghana","child_iron","Central","Mfantseman",0,4.23806156183858,48575.3739209706,"unreliable"
"Ghana","child_iron","Central","Twifo-Atti-Morkwa",0,5.05676784039476,44469.6053405044,"unreliable"
"Ghana","child_iron","Central","Twifo-Hemang-Lower Denkyira",0,4.23806156183858,48575.3739209706,"unreliable"
"Ghana","child_iron","Eastern","Abuakwa South",0.166666666666667,7.457982365297,81.879338641756,"unreliable"
"Ghana","child_iron","Eastern","Akwapem North",0.0965903069269728,11.498778848518,90.1882041488574,"unreliable"
"Ghana","child_iron","Eastern","Atiwa East",0.4,5.7197280975988,51.2103728167732,"unreliable"
"Ghana","child_iron","Eastern","Denkyembour",0.285714285714286,6.72776720606064,60.9585357518449,"unreliable"
"Ghana","child_iron","Eastern","Kwahu Afram Plains North",0.261923351650394,15.4503760449617,42.706511343997,"unreliable"
"Ghana","child_iron","Greater Accra","Ablekuma Central",0.166666666666667,4.23806156183858,108.61789242872,"unreliable"
"Ghana","child_iron","Greater Accra","Ablekuma North",0.201663631849032,7.49172439512504,72.6922763112853,"unreliable"
"Ghana","child_iron","Greater Accra","Ashaiman",0,3.75208258590771,51625.4188699678,"unreliable"
"Ghana","child_iron","Greater Accra","Ayawaso West",0,1.84646919354444,73591.6854742251,"unreliable"
"Ghana","child_iron","Greater Accra","Ga East",0.333333333333333,4.23806156183857,68.6959869443831,"unreliable"
"Ghana","child_iron","Greater Accra","La-Dade-Kotopon",0,6.50722364284187,39201.4306082104,"unreliable"
"Ghana","child_iron","Greater Accra","Tema West",0.1,5.7197280975988,125.439282938788,"unreliable"
"Ghana","child_iron","Greater Accra","Weija Gbawe",0.162653605501566,18.2894147403849,53.0543289574337,"unreliable"
"Ghana","child_iron","North East","Chereponi",0.166666666666667,6.2675246167886,89.3175862371056,"unreliable"
"Ghana","child_iron","North East","West Mamprusi",0.260869565217391,8.12932560575371,59.0366323783643,"unreliable"
"Ghana","child_iron","North East","Yunyoo-Nasuan",0.1,5.7197280975988,125.439282938788,"unreliable"
"Ghana","child_iron","Northern","Gushegu",0.4,5.7197280975988,51.2103728167732,"unreliable"
"Ghana","child_iron","Northern","Kpandai",0.666666666666667,2.57224441091256,44.0888616824314,"unreliable"
"Ghana","child_iron","Northern","Nanumba South",0.454545454545455,6.00606118582756,44.698787944003,"unreliable"
"Ghana","child_iron","Northern","Sagnerigu",0.279507682074777,10.5447934333808,49.4423112987799,"unreliable"
"Ghana","child_iron","Northern","Savelugu",0.705882352941177,7.29496927554999,23.8991604853597,"caution"
"Ghana","child_iron","Northern","Tamale",0.76,8.34568601672318,19.4521586930067,"caution"
"Ghana","child_iron","Northern","Tatale Sanguli",0.36,8.34568601672318,46.153826785814,"unreliable"
"Ghana","child_iron","Northern","Tolon",0.53125,8.94454923507455,31.4081198407768,"caution"
"Ghana","child_iron","Oti","Nkwanta South",0.0714285714285714,6.72776720606064,139.006848828562,"unreliable"
"Ghana","child_iron","Savannah","Bole",0.25,3.20142155408588,96.8030843519711,"unreliable"
"Ghana","child_iron","Savannah","Central Gonja",0.432776451869531,13.1560520006247,31.5633088077536,"caution"
"Ghana","child_iron","Savannah","North East Gonja",0.0909090909090909,6.00606118582756,129.034286259601,"unreliable"
"Ghana","child_iron","Savannah","Sawla-Tuna-Kalba",0.111111111111111,7.457982365297,103.570081366475,"unreliable"
"Ghana","child_iron","Upper East","Bawku West",0.333333333333333,5.40479987731646,60.8310326265608,"unreliable"
"Ghana","child_iron","Upper East","Binduri",0.669477234401349,13.8540197667642,18.8775174686624,"caution"
"Ghana","child_iron","Upper East","Builsa South",0.285714285714286,4.67012285642276,73.1654168895636,"unreliable"
"Ghana","child_iron","Upper East","Kasena Nankana East",0.390446202288611,8.56943012333821,42.6824606195612,"unreliable"
"Ghana","child_iron","Upper East","Talensi",0.538461538461539,6.50722364284187,36.2934905436699,"unreliable"
"Ghana","child_iron","Upper West","Jirapa",0.111111111111111,5.40479987731646,121.662065253122,"unreliable"
"Ghana","child_iron","Upper West","Lambussie-Karni",0.285714285714286,6.72776720606064,60.9585357518449,"unreliable"
"Ghana","child_iron","Upper West","Sissala East",0.529411764705882,7.29496927554999,34.9069581420471,"unreliable"
"Ghana","child_iron","Upper West","Wa East",0.357142857142857,6.72776720606064,51.7250328015986,"unreliable"
"Ghana","child_iron","Upper West","Wa Municipal",0.0502114164904863,9.9848693993582,137.638851963457,"unreliable"
"Ghana","child_iron","Volta","Afadzato South",0.0869565217391304,8.12932560575371,113.649463558792,"unreliable"
"Ghana","child_iron","Volta","Akatsi South",0.125,5.05676784039476,117.655575459967,"unreliable"
"Ghana","child_iron","Volta","Ho Municipal",0,1,99999.9499999875,"unreliable"
"Ghana","child_iron","Volta","South Tongu",0.25,5.05676784039476,77.0236543541267,"unreliable"
"Ghana","child_iron","Western","Effia Kwesimintsim",0,4.67012285642276,46273.8495284126,"unreliable"
"Ghana","child_iron","Western","Ellembelle",0.111111111111111,7.457982365297,103.570081366475,"unreliable"
"Ghana","child_iron","Western","Jomoro",0.125,5.05676784039476,117.655575459967,"unreliable"
"Ghana","child_iron","Western","Mpohor",0,8.03549074530684,35277.1571889551,"unreliable"
"Ghana","child_iron","Western","Prestea-Huni Valley",0,7.457982365297,36617.5351223571,"unreliable"
"Ghana","child_iron","Western North","Sefwi-Akontombra",0,7.61013757981062,36249.6258810034,"unreliable"
"Ghana","women_iron","Ahafo","Asunafo North",0.0714285714285714,10.4053436874998,111.774686745572,"unreliable"
"Ghana","women_iron","Ahafo","Tano North",0.0467951238694455,18.443448182055,105.092510575614,"unreliable"
"Ghana","women_iron","Ashanti","Adansi Asokwa",0.0625,11.4399246816332,114.507530050017,"unreliable"
"Ghana","women_iron","Ashanti","Asante-Akim South",0.136363636363636,14.1201704214913,66.9724526580095,"unreliable"
"Ghana","women_iron","Ashanti","Asokore-Mampong",0.153846153846154,9.85678481843972,74.6988140655579,"unreliable"
"Ghana","women_iron","Ashanti","Asokwa",0,9.28566576577695,32816.5754945288,"unreliable"
"Ghana","women_iron","Ashanti","Atwima-Mponua",0.0562944396132795,24.7797027557485,82.2502943020966,"unreliable"
"Ghana","women_iron","Ashanti","Atwima-Nwabiagya South",0.142857142857143,10.4053436874998,75.9359464804304,"unreliable"
"Ghana","women_iron","Ashanti","Bekwai",0.142857142857143,10.4053436874998,75.9359464804304,"unreliable"
"Ghana","women_iron","Ashanti","Kumasi",0.211255611510035,20.5342785927645,42.6406964498726,"unreliable"
"Ghana","women_iron","Ashanti","Kwadaso",0.2,10.932653231384,60.4877192227204,"unreliable"
"Ghana","women_iron","Ashanti","Obuasi",0,5.2962819466052,43452.4466011472,"unreliable"
"Ghana","women_iron","Ashanti","Sekyere Kumawu",0.133333333333333,10.932653231384,77.1070151623433,"unreliable"
"Ghana","women_iron","Ashanti","Sekyere South",0,9.85678481843972,31851.6654135383,"unreliable"
"Ghana","women_iron","Bono","Dormaa West",0.111111111111111,7.42211526899118,103.820029049969,"unreliable"
"Ghana","women_iron","Bono","Sunyani West",0,6.74525857965243,38503.5241426915,"unreliable"
"Ghana","women_iron","Bono","Wenchi",0,11.4399246816332,29565.7023437419,"unreliable"
"Ghana","women_iron","Bono East","Kintampo North",0.133333333333333,10.932653231384,77.1070151623433,"unreliable"
"Ghana","women_iron","Bono East","Sene West",0.0833333333333333,9.28566576577695,108.840322239898,"unreliable"
"Ghana","women_iron","Bono East","Techiman",0.0769230769230769,9.85678481843972,110.33746077261,"unreliable"
"Ghana","women_iron","Central","Agona West",0.181818181818182,8.69056558593698,71.9585222712601,"unreliable"
"Ghana","women_iron","Central","Asikuma-Odoben-Brakwa",0.15,13.2898598226759,65.2985643857777,"unreliable"
"Ghana","women_iron","Central","Awutu Senya West",0.0909090909090909,8.69056558593698,107.269431572647,"unreliable"
"Ghana","women_iron","Central","Mfantseman",0,4.51958541723665,47038.1771649426,"unreliable"
"Ghana","women_iron","Central","Twifo-Atti-Morkwa",0.111111111111111,7.42211526899118,103.820029049969,"unreliable"
"Ghana","women_iron","Central","Twifo-Hemang-Lower Denkyira",0.333333333333333,2.84860225680832,83.7913313296077,"unreliable"
"Ghana","women_iron","Eastern","Abuakwa South",0.2,8.06994144626524,70.4035897960312,"unreliable"
"Ghana","women_iron","Eastern","Akwapem North",0.169012696924735,15.900927841064,55.6065940219537,"unreliable"
"Ghana","women_iron","Eastern","Atiwa East",0.0666666666666667,10.932653231384,113.1621607194,"unreliable"
"Ghana","women_iron","Eastern","Denkyembour",0.266666666666667,10.932653231384,50.1537672715328,"unreliable"
"Ghana","women_iron","Eastern","Kwahu Afram Plains North",0.143179694482742,18.4895440784243,56.8906712783476,"unreliable"
"Ghana","women_iron","Greater Accra","Ablekuma Central",0.1875,11.4399246816332,61.5459480922854,"unreliable"
"Ghana","women_iron","Greater Accra","Ablekuma North",0.0602325761287162,13.4677271672599,107.633464437069,"unreliable"
"Ghana","women_iron","Greater Accra","Ashaiman",0.307692307692308,9.85678481843972,47.7775220090745,"unreliable"
"Ghana","women_iron","Greater Accra","Ayawaso West",0,7.42211526899118,36705.9049291426,"unreliable"
"Ghana","women_iron","Greater Accra","Ga East",0.333333333333333,7.42211526899118,51.9100145249847,"unreliable"
"Ghana","women_iron","Greater Accra","La-Dade-Kotopon",0.111111111111111,7.42211526899118,103.820029049969,"unreliable"
"Ghana","women_iron","Greater Accra","Tema West",0.153846153846154,9.85678481843972,74.6988140655579,"unreliable"
"Ghana","women_iron","Greater Accra","Weija Gbawe",0.0775338752872863,26.7024161286208,66.7504484652774,"unreliable"
"Ghana","women_iron","North East","Chereponi",0.142857142857143,6.03737527190739,99.6899870037667,"unreliable"
"Ghana","women_iron","North East","West Mamprusi",0.4,10.932653231384,37.0410119501006,"unreliable"
"Ghana","women_iron","North East","Yunyoo-Nasuan",0,9.28566576577695,32816.5754945288,"unreliable"
"Ghana","women_iron","Northern","Gushegu",0.222222222222222,7.42211526899118,68.6704944934301,"unreliable"
"Ghana","women_iron","Northern","Kpandai",0,5.2962819466052,43452.4466011472,"unreliable"
"Ghana","women_iron","Northern","Nanumba South",0.2,8.06994144626524,70.4035897960312,"unreliable"
"Ghana","women_iron","Northern","Sagnerigu",0.316334049122847,14.8776067879991,38.1138189959471,"unreliable"
"Ghana","women_iron","Northern","Savelugu",0.375,11.4399246816332,38.1691766833391,"unreliable"
"Ghana","women_iron","Northern","Tamale",0.117647058823529,11.9282789311334,79.294257836361,"unreliable"
"Ghana","women_iron","Northern","Tatale Sanguli",0,7.42211526899118,36705.9049291426,"unreliable"
"Ghana","women_iron","Northern","Tolon",0.230769230769231,9.85678481843972,58.1529478801547,"unreliable"
"Ghana","women_iron","Oti","Nkwanta South",0,7.42211526899118,36705.9049291426,"unreliable"
"Ghana","women_iron","Savannah","Bole",0,4.51958541723665,47038.1771649426,"unreliable"
"Ghana","women_iron","Savannah","Central Gonja",0.0734179756109801,13.2568252315679,97.5710474390882,"unreliable"
"Ghana","women_iron","Savannah","North East Gonja",0.1,8.06994144626524,105.605384694047,"unreliable"
"Ghana","women_iron","Savannah","Sawla-Tuna-Kalba",0,7.42211526899118,36705.9049291426,"unreliable"
"Ghana","women_iron","Upper East","Bawku West",0.181818181818182,8.69056558593697,71.9585222712602,"unreliable"
"Ghana","women_iron","Upper East","Binduri",0.24920936116382,13.4820219936978,47.2715380468796,"unreliable"
"Ghana","women_iron","Upper East","Builsa South",0.5,1.94822771782251,71.6440521065465,"unreliable"
"Ghana","women_iron","Upper East","Kasena Nankana East",0.420768566493955,9.5235005294493,38.0194746600595,"unreliable"
"Ghana","women_iron","Upper East","Talensi",0.25,9.28566576577695,56.8400045069529,"unreliable"
"Ghana","women_iron","Upper West","Jirapa",0,6.74525857965243,38503.5241426915,"unreliable"
"Ghana","women_iron","Upper West","Lambussie-Karni",0,6.03737527190739,40698.246421514,"unreliable"
"Ghana","women_iron","Upper West","Sissala East",0.142857142857143,6.03737527190739,99.6899870037667,"unreliable"
"Ghana","women_iron","Upper West","Wa East",0,8.06994144626524,35201.7772971138,"unreliable"
"Ghana","women_iron","Upper West","Wa Municipal",0.14502065167508,15.8228324590317,61.0408779386171,"unreliable"
"Ghana","women_iron","Volta","Afadzato South",0.166666666666667,12.398754802236,63.5032520522202,"unreliable"
"Ghana","women_iron","Volta","Akatsi South",0.25,6.74525857965243,66.6900934306517,"unreliable"
"Ghana","women_iron","Volta","Ho Municipal",0.125,6.74525857965243,101.870800416546,"unreliable"
"Ghana","women_iron","Volta","South Tongu",0.25,9.28566576577695,56.8400045069529,"unreliable"
"Ghana","women_iron","Western","Effia Kwesimintsim",0,3.70465689357984,51954.8130981433,"unreliable"
"Ghana","women_iron","Western","Ellembelle",0,8.06994144626524,35201.7772971138,"unreliable"
"Ghana","women_iron","Western","Jomoro",0,4.51958541723665,47038.1771649426,"unreliable"
"Ghana","women_iron","Western","Mpohor",0,6.70211868515657,38627.2442446205,"unreliable"
"Ghana","women_iron","Western","Prestea-Huni Valley",0.0588235294117647,11.9282789311334,115.816676526948,"unreliable"
"Ghana","women_iron","Western North","Sefwi-Akontombra",0,6.03737527190739,40698.246421514,"unreliable"
"Ghana","women_folate","Ahafo","Asunafo North",0.428571428571429,4.33592385531554,55.4534467098708,"unreliable"
"Ghana","women_folate","Ahafo","Tano North",0.443562231759657,7.20231193853676,41.734484788226,"unreliable"
"Ghana","women_folate","Ashanti","Adansi Asokwa",0.333333333333333,3.96821133184765,70.9933387877255,"unreliable"
"Ghana","women_folate","Ashanti","Asante-Akim South",0.8,5.20391747813589,21.9181958781028,"caution"
"Ghana","women_folate","Ashanti","Asokore-Mampong",0.375,4.65977051402451,59.8056356028998,"unreliable"
"Ghana","women_folate","Ashanti","Asokwa",0.666666666666667,3.96821133184765,35.4966693938627,"unreliable"
"Ghana","women_folate","Ashanti","Atwima-Mponua",0.376873414802859,9.31326519916641,42.1346512818317,"unreliable"
"Ghana","women_folate","Ashanti","Atwima-Nwabiagya South",0.8,3.54707285779214,26.5481919962067,"caution"
"Ghana","women_folate","Ashanti","Bekwai",0.333333333333333,3.96821133184765,70.9933387877255,"unreliable"
"Ghana","women_folate","Ashanti","Kumasi",0.738733962464214,8.55904247258619,20.3275414699938,"caution"
"Ghana","women_folate","Ashanti","Kwadaso",0.375,4.65977051402451,59.8056356028998,"unreliable"
"Ghana","women_folate","Ashanti","Obuasi",0,2.49002641031078,63372.0572876551,"unreliable"
"Ghana","women_folate","Ashanti","Sekyere Kumawu",0.714285714285714,4.33592385531554,30.3731036544069,"caution"
"Ghana","women_folate","Ashanti","Sekyere South",0.333333333333333,3.96821133184765,70.9933387877255,"unreliable"
"Ghana","women_folate","Bono","Dormaa West",0.6,3.54707285779214,43.3530159894311,"unreliable"
"Ghana","women_folate","Bono","Sunyani West",0.75,3.05995270303964,33.0051731728171,"caution"
"Ghana","women_folate","Bono","Wenchi",0.875,4.65977051402451,17.509297244281,"caution"
"Ghana","women_folate","Bono East","Kintampo North",1,3.96821133184765,0.0501998963765509,"unrestricted"
"Ghana","women_folate","Bono East","Sene West",0.714285714285714,4.33592385531554,30.3731036544069,"caution"
"Ghana","women_folate","Bono East","Techiman",0.625,4.65977051402451,35.8833813617399,"unreliable"
"Ghana","women_folate","Central","Agona West",0.2,3.54707285779214,106.192767984827,"unreliable"
"Ghana","women_folate","Central","Asikuma-Odoben-Brakwa",0.555555555555556,4.94715886552015,40.2130547411858,"unreliable"
"Ghana","women_folate","Central","Awutu Senya West",0.6,3.54707285779214,43.3530159894311,"unreliable"
"Ghana","women_folate","Central","Mfantseman",0,1.81421816524181,74242.9170605007,"unreliable"
"Ghana","women_folate","Central","Twifo-Atti-Morkwa",0.8,3.54707285779214,26.5481919962067,"caution"
"Ghana","women_folate","Central","Twifo-Hemang-Lower Denkyira",1,1.81421816524181,0.0742429913045595,"unrestricted"
"Ghana","women_folate","Eastern","Abuakwa South",0.75,3.05995270303964,33.0051731728171,"caution"
"Ghana","women_folate","Eastern","Akwapem North",0.243904024200743,7.09347363806503,66.1073123405687,"unreliable"
"Ghana","women_folate","Eastern","Atiwa East",0.777777777777778,4.94715886552015,24.0318967476977,"caution"
"Ghana","women_folate","Eastern","Denkyembour",0.571428571428571,4.33592385531554,41.5900850324032,"unreliable"
"Ghana","women_folate","Eastern","Kwahu Afram Plains North",0.78178148618062,6.7895275358281,20.2760488614875,"caution"
"Ghana","women_folate","Greater Accra","Ablekuma Central",0.714285714285714,4.33592385531554,30.3731036544069,"caution"
"Ghana","women_folate","Greater Accra","Ablekuma North",0.574815688587437,5.56382915178586,36.4617422260645,"unreliable"
"Ghana","women_folate","Greater Accra","Ashaiman",0.75,4.65977051402451,26.7458933291331,"caution"
"Ghana","women_folate","Greater Accra","Ayawaso West",0.4,3.54707285779214,65.0295239841467,"unreliable"
"Ghana","women_folate","Greater Accra","Ga East",0.333333333333333,2.49002641031078,89.6216677025317,"unreliable"
"Ghana","women_folate","Greater Accra","La-Dade-Kotopon",0.2,3.54707285779214,106.192767984827,"unreliable"
"Ghana","women_folate","Greater Accra","Tema West",0.833333333333333,3.96821133184765,22.450064926919,"caution"
"Ghana","women_folate","Greater Accra","Weija Gbawe",0.418907509945688,11.0593946334704,35.4158672087466,"unreliable"
"Ghana","women_folate","North East","Chereponi",0.333333333333333,2.49002641031078,89.6216677025317,"unreliable"
"Ghana","women_folate","North East","West Mamprusi",0.666666666666667,3.96821133184765,35.4966693938627,"unreliable"
"Ghana","women_folate","North East","Yunyoo-Nasuan",0.285714285714286,4.33592385531554,75.9327591360172,"unreliable"
"Ghana","women_folate","Northern","Gushegu",0.6,3.54707285779214,43.3530159894311,"unreliable"
"Ghana","women_folate","Northern","Kpandai",1,1.81421816524181,0.0742429913045595,"unrestricted"
"Ghana","women_folate","Northern","Nanumba South",0.75,3.05995270303964,33.0051731728171,"caution"
"Ghana","women_folate","Northern","Sagnerigu",0.606318992131621,6.10524193148715,32.6114573184053,"caution"
"Ghana","women_folate","Northern","Savelugu",0.625,4.65977051402451,35.8833813617399,"unreliable"
"Ghana","women_folate","Northern","Tamale",0.857142857142857,4.33592385531554,19.6057541043583,"caution"
"Ghana","women_folate","Northern","Tatale Sanguli",0.8,3.54707285779214,26.5481919962067,"caution"
"Ghana","women_folate","Northern","Tolon",0.375,4.65977051402451,59.8056356028998,"unreliable"
"Ghana","women_folate","Oti","Nkwanta South",1,3.05995270303964,0.0571666654320904,"unrestricted"
"Ghana","women_folate","Savannah","Bole",0.666666666666667,2.49002641031078,44.8108338512658,"unreliable"
"Ghana","women_folate","Savannah","Central Gonja",1,6.2106406481874,0.0401265680057221,"unrestricted"
"Ghana","women_folate","Savannah","North East Gonja",0.6,3.54707285779214,43.3530159894311,"unreliable"
"Ghana","women_folate","Savannah","Sawla-Tuna-Kalba",0.666666666666667,3.96821133184765,35.4966693938627,"unreliable"
"Ghana","women_folate","Upper East","Bawku West",1,3.54707285779214,0.0530964105413886,"unrestricted"
"Ghana","women_folate","Upper East","Binduri",0.878172588832487,6.11596562044937,15.0608697120964,"unrestricted"
"Ghana","women_folate","Upper East","Builsa South",1,1,0.100000050001475,"unrestricted"
"Ghana","women_folate","Upper East","Kasena Nankana East",0.233280881195909,4.56774439584386,84.825743737535,"unreliable"
"Ghana","women_folate","Upper East","Talensi",0.142857142857143,4.33592385531554,117.63452462615,"unreliable"
"Ghana","women_folate","Upper West","Jirapa",0.2,3.54707285779214,106.192767984827,"unreliable"
"Ghana","women_folate","Upper West","Lambussie-Karni",0,2.49002641031078,63372.0572876551,"unreliable"
"Ghana","women_folate","Upper West","Sissala East",0.75,3.05995270303964,33.0051731728171,"caution"
"Ghana","women_folate","Upper West","Wa East",0.333333333333333,2.49002641031078,89.6216677025317,"unreliable"
"Ghana","women_folate","Upper West","Wa Municipal",0.300632911392405,6.5002708590484,59.8230577425586,"unreliable"
"Ghana","women_folate","Volta","Afadzato South",0.7,5.20391747813589,28.6976547737929,"caution"
"Ghana","women_folate","Volta","Akatsi South",0.25,3.05995270303964,99.0155195184514,"unreliable"
"Ghana","women_folate","Volta","Ho Municipal",0.75,3.05995270303964,33.0051731728171,"caution"
"Ghana","women_folate","Volta","South Tongu",0.75,3.05995270303964,33.0051731728171,"caution"
"Ghana","women_folate","Western","Effia Kwesimintsim",0,1.81421816524181,74242.9170605007,"unreliable"
"Ghana","women_folate","Western","Ellembelle",0,3.05995270303964,57166.608264603,"unreliable"
"Ghana","women_folate","Western","Jomoro",0,1.81421816524181,74242.9170605007,"unreliable"
"Ghana","women_folate","Western","Mpohor",0.254884678747941,2.56926535429414,106.668306754288,"unreliable"
"Ghana","women_folate","Western","Prestea-Huni Valley",0,4.65977051402451,46325.2229772472,"unreliable"
"Ghana","women_folate","Western North","Sefwi-Akontombra",0,2.49002641031078,63372.0572876551,"unreliable"
"Ghana","women_b12","Ahafo","Asunafo North",0,7,37796.4284026943,"unreliable"
"Ghana","women_b12","Ahafo","Tano North",0.102145922746781,10.8900126574407,89.8417430649873,"unreliable"
"Ghana","women_b12","Ashanti","Adansi Asokwa",0,6,40824.8086339667,"unreliable"
"Ghana","women_b12","Ashanti","Asante-Akim South",0,10,31622.7607902915,"unreliable"
"Ghana","women_b12","Ashanti","Asokore-Mampong",0.125,8,93.5414346693485,"unreliable"
"Ghana","women_b12","Ashanti","Asokwa",0,6,40824.8086339667,"unreliable"
"Ghana","women_b12","Ashanti","Atwima-Mponua",0,15.9892255142373,25008.4093165013,"unreliable"
"Ghana","women_b12","Ashanti","Atwima-Nwabiagya South",0,5,44721.3371893104,"unreliable"
"Ghana","women_b12","Ashanti","Bekwai",0.166666666666667,6,91.2870929175276,"unreliable"
"Ghana","women_b12","Ashanti","Kumasi",0.130633018767893,13.8178850245845,69.399174079684,"unreliable"
"Ghana","women_b12","Ashanti","Kwadaso",0,8,35355.3213816534,"unreliable"
"Ghana","women_b12","Ashanti","Obuasi",0,3,57734.9980514419,"unreliable"
"Ghana","women_b12","Ashanti","Sekyere Kumawu",0,7,37796.4284026943,"unreliable"
"Ghana","women_b12","Ashanti","Sekyere South",0.166666666666667,6,91.2870929175276,"unreliable"
"Ghana","women_b12","Bono","Dormaa West",0,5,44721.3371893104,"unreliable"
"Ghana","women_b12","Bono","Sunyani West",0,4,49999.9749999938,"unreliable"
"Ghana","women_b12","Bono","Wenchi",0.125,8,93.5414346693485,"unreliable"
"Ghana","women_b12","Bono East","Kintampo North",0.166666666666667,6,91.2870929175276,"unreliable"
"Ghana","women_b12","Bono East","Sene West",0,7,37796.4284026943,"unreliable"
"Ghana","women_b12","Bono East","Techiman",0.25,8,61.2372435695794,"unreliable"
"Ghana","women_b12","Central","Agona West",0,4,49999.9749999938,"unreliable"
"Ghana","women_b12","Central","Asikuma-Odoben-Brakwa",0,9,33333.3166666625,"unreliable"
"Ghana","women_b12","Central","Awutu Senya West",0,5,44721.3371893104,"unreliable"
"Ghana","women_b12","Central","Mfantseman",0,2,70710.6427633069,"unreliable"
"Ghana","women_b12","Central","Twifo-Atti-Morkwa",0,5,44721.3371893104,"unreliable"
"Ghana","women_b12","Central","Twifo-Hemang-Lower Denkyira",0,2,70710.6427633069,"unreliable"
"Ghana","women_b12","Eastern","Abuakwa South",0.25,4,86.6025403784439,"unreliable"
"Ghana","women_b12","Eastern","Akwapem North",0,10.3622500048853,31065.0995596772,"unreliable"
"Ghana","women_b12","Eastern","Atiwa East",0.111111111111111,9,94.2809041582064,"unreliable"
"Ghana","women_b12","Eastern","Denkyembour",0,7,37796.4284026943,"unreliable"
"Ghana","women_b12","Eastern","Kwahu Afram Plains North",0,8.87533657508319,33566.6010651695,"unreliable"
"Ghana","women_b12","Greater Accra","Ablekuma Central",0,7,37796.4284026943,"unreliable"
"Ghana","women_b12","Greater Accra","Ablekuma North",0,6.9882146087054,37828.2861856947,"unreliable"
"Ghana","women_b12","Greater Accra","Ashaiman",0,8,35355.3213816534,"unreliable"
"Ghana","women_b12","Greater Accra","Ayawaso West",0.2,5,89.4427190999916,"unreliable"
"Ghana","women_b12","Greater Accra","Ga East",0,3,57734.9980514419,"unreliable"
"Ghana","women_b12","Greater Accra","La-Dade-Kotopon",0,5,44721.3371893104,"unreliable"
"Ghana","women_b12","Greater Accra","Tema West",0,6,40824.8086339667,"unreliable"
"Ghana","women_b12","Greater Accra","Weija Gbawe",0.0809729509307181,17.4769963156807,80.5862164943194,"unreliable"
"Ghana","women_b12","North East","Chereponi",1,3,0.0577350557873278,"unrestricted"
"Ghana","women_b12","North East","West Mamprusi",0.166666666666667,6,91.2870929175276,"unreliable"
"Ghana","women_b12","North East","Yunyoo-Nasuan",0.428571428571429,7,43.6435780471984,"unreliable"
"Ghana","women_b12","Northern","Gushegu",0.4,5,54.7722557505166,"unreliable"
"Ghana","women_b12","Northern","Kpandai",0.5,2,70.7106781186548,"unreliable"
"Ghana","women_b12","Northern","Nanumba South",0.25,4,86.6025403784439,"unreliable"
"Ghana","women_b12","Northern","Sagnerigu",0,8.29343006834827,34724.2352140857,"unreliable"
"Ghana","women_b12","Northern","Savelugu",0.25,8,61.2372435695794,"unreliable"
"Ghana","women_b12","Northern","Tamale",0.285714285714286,7,59.7614304667196,"unreliable"
"Ghana","women_b12","Northern","Tatale Sanguli",0.4,5,54.7722557505166,"unreliable"
"Ghana","women_b12","Northern","Tolon",0.25,8,61.2372435695794,"unreliable"
"Ghana","women_b12","Oti","Nkwanta South",0,4,49999.9749999938,"unreliable"
"Ghana","women_b12","Savannah","Bole",0,3,57734.9980514419,"unreliable"
"Ghana","women_b12","Savannah","Central Gonja",0,8.43660488370472,34428.3276818842,"unreliable"
"Ghana","women_b12","Savannah","North East Gonja",0.2,5,89.4427190999916,"unreliable"
"Ghana","women_b12","Savannah","Sawla-Tuna-Kalba",0.166666666666667,6,91.2870929175276,"unreliable"
"Ghana","women_b12","Upper East","Bawku West",0,5,44721.3371893104,"unreliable"
"Ghana","women_b12","Upper East","Binduri",0,7.99484987382191,35366.7071521618,"unreliable"
"Ghana","women_b12","Upper East","Builsa South",0,1,99999.9499999875,"unreliable"
"Ghana","women_b12","Upper East","Kasena Nankana East",0,6.20487593155759,40145.1635743451,"unreliable"
"Ghana","women_b12","Upper East","Talensi",0,6,40824.8086339667,"unreliable"
"Ghana","women_b12","Upper West","Jirapa",0,5,44721.3371893104,"unreliable"
"Ghana","women_b12","Upper West","Lambussie-Karni",0,3,57734.9980514419,"unreliable"
"Ghana","women_b12","Upper West","Sissala East",0.25,4,86.6025403784439,"unreliable"
"Ghana","women_b12","Upper West","Wa East",0,3,57734.9980514419,"unreliable"
"Ghana","women_b12","Upper West","Wa Municipal",0,8.83004185580381,33652.5828208764,"unreliable"
"Ghana","women_b12","Volta","Afadzato South",0.1,10,94.8683298050514,"unreliable"
"Ghana","women_b12","Volta","Akatsi South",0,4,49999.9749999938,"unreliable"
"Ghana","women_b12","Volta","Ho Municipal",0.25,4,86.6025403784439,"unreliable"
"Ghana","women_b12","Volta","South Tongu",0,4,49999.9749999938,"unreliable"
"Ghana","women_b12","Western","Effia Kwesimintsim",0,2,70710.6427633069,"unreliable"
"Ghana","women_b12","Western","Ellembelle",0,4,49999.9749999938,"unreliable"
"Ghana","women_b12","Western","Jomoro",0,2,70710.6427633069,"unreliable"
"Ghana","women_b12","Western","Mpohor",0.254884678747941,2.70081591437736,104.038094540953,"unreliable"
"Ghana","women_b12","Western","Prestea-Huni Valley",0,8,35355.3213816534,"unreliable"
"Ghana","women_b12","Western North","Sefwi-Akontombra",0,3,57734.9980514419,"unreliable"
"Malawi","child_vitA","Balaka","TA Kalembo",0.142857142857143,4.55086466287647,114.822940636407,"unreliable"
"Malawi","child_vitA","Balaka","TA Nsamala",0,4.14228941035844,49133.7106085199,"unreliable"
"Malawi","child_vitA","Blantyre","Blantyre City",0.113276277259165,6.84836902938075,106.913144358485,"unreliable"
"Malawi","child_vitA","Blantyre","TA Kuntaja",0.5,1.83537616962442,73.8137816357584,"unreliable"
"Malawi","child_vitA","Chikwawa","TA Kasisi",0,5.23999474313825,43685.2029033391,"unreliable"
"Malawi","child_vitA","Chikwawa","TA Lundu",0,4.91441514354116,45109.0688672453,"unreliable"
"Malawi","child_vitA","Chiradzulu","TA Kadewere",0,6.82179694968461,38286.9162760859,"unreliable"
"Malawi","child_vitA","Chiradzulu","TA Mpama",0,4.14228941035844,49133.7106085199,"unreliable"
"Malawi","child_vitA","Chiradzulu","TA Nchema",0.230769230769231,6.26102161802708,72.9653669600795,"unreliable"
"Malawi","child_vitA","Chitipa","Chitipa Boma",0,3.67977294771349,52130.1856646926,"unreliable"
"Malawi","child_vitA","Chitipa","Nyika N.P. - Chitipa",0.1,5.53325700057408,127.535424968192,"unreliable"
"Malawi","child_vitA","Chitipa","TA Mwabulambya",0,4.55086466287647,46876.2457827063,"unreliable"
"Malawi","child_vitA","Chitipa","TA Mwenemisuku",0.0593890980947765,9.79762144010894,127.142665326432,"unreliable"
"Malawi","child_vitA","Chitipa","TA Mwenewenya",0,6.64973730368117,38779.08328392,"unreliable"
"Malawi","child_vitA","Dedza","TA Kaphuka",0.1,5.53325700057408,127.535424968192,"unreliable"
"Malawi","child_vitA","Dedza","TA Pemba",0.125,6.82179694968461,101.297709582942,"unreliable"
"Malawi","child_vitA","Dedza","TA Tambala",0.166666666666667,7.12924136163059,83.7458592983501,"unreliable"
"Malawi","child_vitA","Dowa","SC Kayembe",0.125,4.91441514354116,119.347437770151,"unreliable"
"Malawi","child_vitA","Dowa","SC Mkukula",0,5.23999474313825,43685.2029033391,"unreliable"
"Malawi","child_vitA","Dowa","SC Mponela",0,4.55086466287647,46876.2457827063,"unreliable"
"Malawi","child_vitA","Dowa","TA Dzoole",0,2.54368839130718,62700.0415831556,"unreliable"
"Malawi","child_vitA","Karonga","Karonga Town",0.0909090909090909,5.79878617240105,131.3201749626,"unreliable"
"Malawi","child_vitA","Karonga","TA Kilupula",0.054774095456297,10.7501753371689,126.698778127558,"unreliable"
"Malawi","child_vitA","Karonga","TA Kyungu",0.120392538988681,18.6070731218683,62.6621992675618,"unreliable"
"Malawi","child_vitA","Karonga","TA Wasambo",0.133333333333333,6.64973730368117,98.8677006258367,"unreliable"
"Malawi","child_vitA","Kasungu","SC Kawamba",0,6.46342776811401,39334.019884032,"unreliable"
"Malawi","child_vitA","Kasungu","TA Kaluluma",0,4.91441514354116,45109.0688672453,"unreliable"
"Malawi","child_vitA","Kasungu","TA Mwase",0.111111111111111,5.23999474313825,123.560474622098,"unreliable"
"Malawi","child_vitA","Kasungu","TA Santhe",0.1,5.53325700057408,127.535424968192,"unreliable"
"Malawi","child_vitA","Lilongwe","Lilongwe City",0.2,5.53325700057408,85.023616645461,"unreliable"
"Malawi","child_vitA","Lilongwe","TA Chiseka",0,6.26102161802708,39964.757418284,"unreliable"
"Malawi","child_vitA","Lilongwe","TA Kabudula",0,4.91441514354116,45109.0688672453,"unreliable"
"Malawi","child_vitA","Lilongwe","TA Khongoni",0,4.91441514354116,45109.0688672453,"unreliable"
"Malawi","child_vitA","Machinga","TA Kawinga",0.277777777777778,7.12924136163059,60.3899979615989,"unreliable"
"Malawi","child_vitA","Mangochi","SC Chowe",0,5.53325700057408,42511.787066821,"unreliable"
"Malawi","child_vitA","Mangochi","TA Mponda",0.142857142857143,4.55086466287647,114.822940636407,"unreliable"
"Malawi","child_vitA","Mangochi","TA Nankumba",0.470588235294118,6.98118134280917,40.1431826586163,"unreliable"
"Malawi","child_vitA","Mchinji","SC Dambe",0.238095238095238,7.51638185362246,65.2485059123025,"unreliable"
"Malawi","child_vitA","Mchinji","SC Mduwa",0.142857142857143,6.46342776811401,96.348326422541,"unreliable"
"Malawi","child_vitA","Mchinji","TA Mlonyeni",0,6.04033861769448,40688.2620663253,"unreliable"
"Malawi","child_vitA","Mchinji","TA Zulu",0.166666666666667,6.04033861769448,90.9817653575234,"unreliable"
"Malawi","child_vitA","Mulanje","SC Juma",0.142857142857143,6.46342776811401,96.348326422541,"unreliable"
"Malawi","child_vitA","Mulanje","TA Mabuka",0,9.89165522536987,31795.4735482434,"unreliable"
"Malawi","child_vitA","Mwanza","Majete Game Reserve - Mwanza",0.0909090909090909,5.79878617240105,131.3201749626,"unreliable"
"Malawi","child_vitA","Mwanza","TA Nthache",0,3.67977294771349,52130.1856646926,"unreliable"
"Malawi","child_vitA","Mzimba","Mzimba Boma",0.166666666666667,4.14228941035844,109.866371840653,"unreliable"
"Malawi","child_vitA","Mzimba","Mzuzu City",0,7.20451372517718,37256.1047778518,"unreliable"
"Malawi","child_vitA","Mzimba","TA Chindi",0,11.6466515003874,29302.1334999176,"unreliable"
"Malawi","child_vitA","Mzimba","TA M'Mbelwa",0.105263157894737,7.26714250851623,108.150274099382,"unreliable"
"Malawi","child_vitA","Mzimba","TA Mabulabo",0.111111111111111,7.12924136163059,105.931063996311,"unreliable"
"Malawi","child_vitA","Mzimba","TA Mtwalo",0,6.46342776811401,39334.019884032,"unreliable"
"Malawi","child_vitA","Neno","TA Ngozi",0.00727907305799676,5.51984933661333,497.063573163757,"unreliable"
"Malawi","child_vitA","Neno","TA Symon",0,4.55086466287647,46876.2457827063,"unreliable"
"Malawi","child_vitA","Nkhata Bay","SC Malanda",0,4.55086466287647,46876.2457827063,"unreliable"
"Malawi","child_vitA","Nkhata Bay","TA Fukamapiri",0,6.04033861769448,40688.2620663253,"unreliable"
"Malawi","child_vitA","Nkhata Bay","TA Kabunduli",0.294117647058824,6.98118134280917,58.6328711257982,"unreliable"
"Malawi","child_vitA","Nkhata Bay","TA Musisya",0,6.26102161802708,39964.757418284,"unreliable"
"Malawi","child_vitA","Nkhata Bay","TA Timbiri",0.0540683861218703,16.0620637658658,104.365628774946,"unreliable"
"Malawi","child_vitA","Nkhotakota","Nkhotakota Boma",0.333333333333333,4.14228941035844,69.4855946550898,"unreliable"
"Malawi","child_vitA","Nkhotakota","TA Kanyenda",0.0666666666666667,6.64973730368117,145.098115970677,"unreliable"
"Malawi","child_vitA","Nkhotakota","TA Malenga Chanzi",0.111111111111111,5.23999474313825,123.560474622098,"unreliable"
"Malawi","child_vitA","Nkhotakota","TA Mwadzama",0.0526315789473684,7.26714250851623,157.381765959266,"unreliable"
"Malawi","child_vitA","Nsanje","Nsanje Boma",0,3.15187809446167,56326.7997168809,"unreliable"
"Malawi","child_vitA","Nsanje","SC Mbenje",0.1875,6.82179694968461,79.7006116866503,"unreliable"
"Malawi","child_vitA","Nsanje","TA Ndamera",0,5.53325700057408,42511.787066821,"unreliable"
"Malawi","child_vitA","Ntcheu","SC Goodson Ganya",0.0769230769230769,6.26102161802708,138.442049942309,"unreliable"
"Malawi","child_vitA","Ntcheu","SC Makwangwala",0.230769230769231,6.26102161802708,72.9653669600795,"unreliable"
"Malawi","child_vitA","Ntcheu","TA Njolomole",0.0666666666666667,6.64973730368117,145.098115970677,"unreliable"
"Malawi","child_vitA","Ntcheu","TA Phambala",0.153846153846154,6.26102161802708,93.725710878987,"unreliable"
"Malawi","child_vitA","Ntchisi","SC Chilooko",0,5.53325700057408,42511.787066821,"unreliable"
"Malawi","child_vitA","Ntchisi","SC Nthondo",0.0588235294117647,6.98118134280917,151.389422273695,"unreliable"
"Malawi","child_vitA","Ntchisi","TA Kalumo",0.0833333333333333,6.04033861769448,134.947766119552,"unreliable"
"Malawi","child_vitA","Phalombe","TA Mkhumba",0.0429703581094047,13.340379693978,129.20940089674,"unreliable"
"Malawi","child_vitA","Rumphi","Rumphi Boma",0,10.0556763719512,31535.0946612239,"unreliable"
"Malawi","child_vitA","Rumphi","SC Chapinduka",0,5.79878617240105,41527.0647978153,"unreliable"
"Malawi","child_vitA","Rumphi","SC Kachulu",0,5.23999474313825,43685.2029033391,"unreliable"
"Malawi","child_vitA","Rumphi","SC Mwankhunikira",0,3.67977294771349,52130.1856646926,"unreliable"
"Malawi","child_vitA","Rumphi","TA Chikulamayembe",0.0731055164815137,12.6985996179958,99.9222394226214,"unreliable"
"Malawi","child_vitA","Salima","SC Kambwiri",0.153846153846154,6.26102161802708,93.725710878987,"unreliable"
"Malawi","child_vitA","Salima","TA Karonga",0,4.55086466287647,46876.2457827063,"unreliable"
"Malawi","child_vitA","Salima","TA Khombedza",0.363636363636364,5.79878617240105,54.9351705343341,"unreliable"
"Malawi","child_vitA","Salima","TA Maganga",0.166666666666667,6.04033861769448,90.9817653575234,"unreliable"
"Malawi","child_vitA","Thyolo","SC Mbawela",0,5.79878617240105,41527.0647978153,"unreliable"
"Malawi","child_vitA","Thyolo","TA Bvumbwe",0,5.79878617240105,41527.0647978153,"unreliable"
"Malawi","child_vitA","Thyolo","TA Nchilamwela",0,1,99999.9499999875,"unreliable"
"Malawi","child_vitA","Zomba","SC Mbiza",0.357142857142857,6.46342776811401,52.7721517594968,"unreliable"
"Malawi","child_vitA","Zomba","TA Malemia",0.0865031819182787,11.8261321496575,94.4965850816867,"unreliable"
"Malawi","women_vitA","Balaka","TA Kalembo",0,4,49999.9749999938,"unreliable"
"Malawi","women_vitA","Balaka","TA Nsamala",0,5,44721.3371893104,"unreliable"
"Malawi","women_vitA","Blantyre","Blantyre City",0,9.99820262820271,31625.6030663641,"unreliable"
"Malawi","women_vitA","Blantyre","TA Kuntaja",0,2,70710.6427633069,"unreliable"
"Malawi","women_vitA","Chikwawa","TA Kasisi",0.166666666666667,6,91.2870929175276,"unreliable"
"Malawi","women_vitA","Chikwawa","TA Lundu",0,10,31622.7607902915,"unreliable"
"Malawi","women_vitA","Chiradzulu","TA Kadewere",0,9,33333.3166666625,"unreliable"
"Malawi","women_vitA","Chiradzulu","TA Mpama",0,8,35355.3213816534,"unreliable"
"Malawi","women_vitA","Chiradzulu","TA Nchema",0,11,30151.1193822054,"unreliable"
"Malawi","women_vitA","Chitipa","Chitipa Boma",0,3,57734.9980514419,"unreliable"
"Malawi","women_vitA","Chitipa","Nyika N.P. - Chitipa",0,4,49999.9749999938,"unreliable"
"Malawi","women_vitA","Chitipa","TA Mwabulambya",0,16,24999.9874999969,"unreliable"
"Malawi","women_vitA","Chitipa","TA Mwenemisuku",0,11.9647545595645,28909.9862962155,"unreliable"
"Malawi","women_vitA","Chitipa","TA Mwenewenya",0,7,37796.4284026943,"unreliable"
"Malawi","women_vitA","Dedza","TA Kaphuka",0.166666666666667,6,91.2870929175276,"unreliable"
"Malawi","women_vitA","Dedza","TA Pemba",0,8,35355.3213816534,"unreliable"
"Malawi","women_vitA","Dedza","TA Tambala",0.1,10,94.8683298050514,"unreliable"
"Malawi","women_vitA","Dowa","SC Kayembe",0,6,40824.8086339667,"unreliable"
"Malawi","women_vitA","Dowa","SC Mkukula",0,11,30151.1193822054,"unreliable"
"Malawi","women_vitA","Dowa","SC Mponela",0,10,31622.7607902915,"unreliable"
"Malawi","women_vitA","Dowa","TA Dzoole",0,8,35355.3213816534,"unreliable"
"Malawi","women_vitA","Karonga","Karonga Town",0,12,28867.499025721,"unreliable"
"Malawi","women_vitA","Karonga","TA Kilupula",0,7.9771410192831,35405.9415511412,"unreliable"
"Malawi","women_vitA","Karonga","TA Kyungu",0,19.8911025897783,22421.7937948439,"unreliable"
"Malawi","women_vitA","Karonga","TA Wasambo",0,6,40824.8086339667,"unreliable"
"Malawi","women_vitA","Kasungu","SC Kawamba",0,7,37796.4284026943,"unreliable"
"Malawi","women_vitA","Kasungu","TA Kaluluma",0,10,31622.7607902915,"unreliable"
"Malawi","women_vitA","Kasungu","TA Mwase",0,6,40824.8086339667,"unreliable"
"Malawi","women_vitA","Kasungu","TA Santhe",0.125,8,93.5414346693485,"unreliable"
"Malawi","women_vitA","Lilongwe","Lilongwe City",0,2,70710.6427633069,"unreliable"
"Malawi","women_vitA","Lilongwe","TA Chiseka",0,8,35355.3213816534,"unreliable"
"Malawi","women_vitA","Lilongwe","TA Kabudula",0,10,31622.7607902915,"unreliable"
"Malawi","women_vitA","Lilongwe","TA Khongoni",0,7,37796.4284026943,"unreliable"
"Malawi","women_vitA","Machinga","TA Kawinga",0,8,35355.3213816534,"unreliable"
"Malawi","women_vitA","Mangochi","SC Chowe",0,8,35355.3213816534,"unreliable"
"Malawi","women_vitA","Mangochi","TA Mponda",0,5,44721.3371893104,"unreliable"
"Malawi","women_vitA","Mangochi","TA Nankumba",0,11,30151.1193822054,"unreliable"
"Malawi","women_vitA","Mchinji","SC Dambe",0.0833333333333333,12,95.7427107756338,"unreliable"
"Malawi","women_vitA","Mchinji","SC Mduwa",0,6,40824.8086339667,"unreliable"
"Malawi","women_vitA","Mchinji","TA Mlonyeni",0,9,33333.3166666625,"unreliable"
"Malawi","women_vitA","Mchinji","TA Zulu",0,8,35355.3213816534,"unreliable"
"Malawi","women_vitA","Mulanje","SC Juma",0,4,49999.9749999938,"unreliable"
"Malawi","women_vitA","Mulanje","TA Mabuka",0,19.8617169144755,22438.3743359381,"unreliable"
"Malawi","women_vitA","Mwanza","Majete Game Reserve - Mwanza",0,11,30151.1193822054,"unreliable"
"Malawi","women_vitA","Mwanza","TA Nthache",0.1,10,94.8683298050514,"unreliable"
"Malawi","women_vitA","Mzimba","Mzimba Boma",0,8,35355.3213816534,"unreliable"
"Malawi","women_vitA","Mzimba","Mzuzu City",0,12.6232092884574,28145.8838735528,"unreliable"
"Malawi","women_vitA","Mzimba","TA Chindi",0,16.0981240484995,24923.6789328059,"unreliable"
"Malawi","women_vitA","Mzimba","TA M'Mbelwa",0,8,35355.3213816534,"unreliable"
"Malawi","women_vitA","Mzimba","TA Mabulabo",0,5,44721.3371893104,"unreliable"
"Malawi","women_vitA","Mzimba","TA Mtwalo",0,11,30151.1193822054,"unreliable"
"Malawi","women_vitA","Neno","TA Ngozi",0,9.73248581634984,32054.4177894398,"unreliable"
"Malawi","women_vitA","Neno","TA Symon",0,8,35355.3213816534,"unreliable"
"Malawi","women_vitA","Nkhata Bay","SC Malanda",0,5,44721.3371893104,"unreliable"
"Malawi","women_vitA","Nkhata Bay","TA Fukamapiri",0,5,44721.3371893104,"unreliable"
"Malawi","women_vitA","Nkhata Bay","TA Kabunduli",0,5,44721.3371893104,"unreliable"
"Malawi","women_vitA","Nkhata Bay","TA Musisya",0,4,49999.9749999938,"unreliable"
"Malawi","women_vitA","Nkhata Bay","TA Timbiri",0,21.7435552518332,21445.417459643,"unreliable"
"Malawi","women_vitA","Nkhotakota","Nkhotakota Boma",0,6,40824.8086339667,"unreliable"
"Malawi","women_vitA","Nkhotakota","TA Kanyenda",0,9,33333.3166666625,"unreliable"
"Malawi","women_vitA","Nkhotakota","TA Malenga Chanzi",0,7,37796.4284026943,"unreliable"
"Malawi","women_vitA","Nkhotakota","TA Mwadzama",0,9,33333.3166666625,"unreliable"
"Malawi","women_vitA","Nsanje","Nsanje Boma",0,6,40824.8086339667,"unreliable"
"Malawi","women_vitA","Nsanje","SC Mbenje",0.111111111111111,9,94.2809041582064,"unreliable"
"Malawi","women_vitA","Nsanje","TA Ndamera",0,4,49999.9749999938,"unreliable"
"Malawi","women_vitA","Ntcheu","SC Goodson Ganya",0,11,30151.1193822054,"unreliable"
"Malawi","women_vitA","Ntcheu","SC Makwangwala",0,11,30151.1193822054,"unreliable"
"Malawi","women_vitA","Ntcheu","TA Njolomole",0,9,33333.3166666625,"unreliable"
"Malawi","women_vitA","Ntcheu","TA Phambala",0,10,31622.7607902915,"unreliable"
"Malawi","women_vitA","Ntchisi","SC Chilooko",0,7,37796.4284026943,"unreliable"
"Malawi","women_vitA","Ntchisi","SC Nthondo",0.125,8,93.5414346693485,"unreliable"
"Malawi","women_vitA","Ntchisi","TA Kalumo",0,6,40824.8086339667,"unreliable"
"Malawi","women_vitA","Phalombe","TA Mkhumba",0,16.0937656311232,24927.0535451976,"unreliable"
"Malawi","women_vitA","Rumphi","Rumphi Boma",0,17.810628511587,23695.1880755876,"unreliable"
"Malawi","women_vitA","Rumphi","SC Chapinduka",0,8,35355.3213816534,"unreliable"
"Malawi","women_vitA","Rumphi","SC Kachulu",0,6,40824.8086339667,"unreliable"
"Malawi","women_vitA","Rumphi","SC Mwankhunikira",0,6,40824.8086339667,"unreliable"
"Malawi","women_vitA","Rumphi","TA Chikulamayembe",0,14.9664126150261,25848.8321056492,"unreliable"
"Malawi","women_vitA","Salima","SC Kambwiri",0,6,40824.8086339667,"unreliable"
"Malawi","women_vitA","Salima","TA Karonga",0,7,37796.4284026943,"unreliable"
"Malawi","women_vitA","Salima","TA Khombedza",0,3,57734.9980514419,"unreliable"
"Malawi","women_vitA","Salima","TA Maganga",0,10,31622.7607902915,"unreliable"
"Malawi","women_vitA","Thyolo","SC Mbawela",0,11,30151.1193822054,"unreliable"
"Malawi","women_vitA","Thyolo","TA Bvumbwe",0.0666666666666667,15,96.6091783079296,"unreliable"
"Malawi","women_vitA","Thyolo","TA Nchilamwela",0,2,70710.6427633069,"unreliable"
"Malawi","women_vitA","Zomba","SC Mbiza",0.142857142857143,7,92.5820099772551,"unreliable"
"Malawi","women_vitA","Zomba","TA Malemia",0,10.9825446430818,30175.0705525524,"unreliable"
"Malawi","child_iron","Balaka","TA Kalembo",0.571428571428571,3.43849261342614,46.7031941229408,"unreliable"
"Malawi","child_iron","Balaka","TA Nsamala",0.333333333333333,3.22035869950072,78.8066513196736,"unreliable"
"Malawi","child_iron","Blantyre","Blantyre City",0.443361861370418,5.60919917316065,47.3104286601788,"unreliable"
"Malawi","child_iron","Blantyre","TA Kuntaja",0,1.70556884789356,76571.1474676964,"unreliable"
"Malawi","child_iron","Chikwawa","TA Kasisi",0.111111111111111,3.77986982237315,145.4810985895,"unreliable"
"Malawi","child_iron","Chikwawa","TA Lundu",0.5,3.62252381257015,52.540521061518,"unreliable"
"Malawi","child_iron","Chiradzulu","TA Kadewere",0.1875,4.4575205028347,98.5971528271535,"unreliable"
"Malawi","child_iron","Chiradzulu","TA Mpama",0.166666666666667,3.22035869950072,124.604256470441,"unreliable"
"Malawi","child_iron","Chiradzulu","TA Nchema",0.153846153846154,4.23238864855261,113.995727440831,"unreliable"
"Malawi","child_iron","Chitipa","Chitipa Boma",0.6,2.95767474544686,47.4765512666754,"unreliable"
"Malawi","child_iron","Chitipa","Nyika N.P. - Chitipa",0.1,3.9159424504242,151.60136246153,"unreliable"
"Malawi","child_iron","Chitipa","TA Mwabulambya",0.142857142857143,3.43849261342614,132.096581069613,"unreliable"
"Malawi","child_iron","Chitipa","TA Mwenemisuku",0.0593890980947765,7.22204289558006,148.088593116134,"unreliable"
"Malawi","child_iron","Chitipa","TA Mwenewenya",0.266666666666667,4.39005952148274,79.1463958119365,"unreliable"
"Malawi","child_iron","Dedza","TA Kaphuka",0.1,3.9159424504242,151.60136246153,"unreliable"
"Malawi","child_iron","Dedza","TA Pemba",0,4.4575205028347,47364.5164756744,"unreliable"
"Malawi","child_iron","Dedza","TA Tambala",0.0555555555555556,4.57468393619304,192.771982443141,"unreliable"
"Malawi","child_iron","Dowa","SC Kayembe",0.125,3.62252381257015,139.009152482528,"unreliable"
"Malawi","child_iron","Dowa","SC Mkukula",0.111111111111111,3.77986982237315,145.4810985895,"unreliable"
"Malawi","child_iron","Dowa","SC Mponela",0.142857142857143,3.43849261342614,132.096581069613,"unreliable"
"Malawi","child_iron","Dowa","TA Dzoole",0,2.23005451219716,66964.1010743288,"unreliable"
"Malawi","child_iron","Karonga","Karonga Town",0.0909090909090909,4.03478279830104,157.430878781549,"unreliable"
"Malawi","child_iron","Karonga","TA Kilupula",0.164322286368891,7.67875874468098,81.3814950886972,"unreliable"
"Malawi","child_iron","Karonga","TA Kyungu",0.220424927439165,12.3753108145463,53.4589668091713,"unreliable"
"Malawi","child_iron","Karonga","TA Wasambo",0.133333333333333,4.39005952148274,121.680636847787,"unreliable"
"Malawi","child_iron","Kasungu","SC Kawamba",0.285714285714286,4.31541907493091,76.1129431917284,"unreliable"
"Malawi","child_iron","Kasungu","TA Kaluluma",0.125,3.62252381257015,139.009152482528,"unreliable"
"Malawi","child_iron","Kasungu","TA Mwase",0.111111111111111,3.77986982237315,145.4810985895,"unreliable"
"Malawi","child_iron","Kasungu","TA Santhe",0.2,3.9159424504242,101.067574974353,"unreliable"
"Malawi","child_iron","Lilongwe","Lilongwe City",0.6,3.9159424504242,41.260664704608,"unreliable"
"Malawi","child_iron","Lilongwe","TA Chiseka",0,4.23238864855261,48607.9171997515,"unreliable"
"Malawi","child_iron","Lilongwe","TA Kabudula",0.25,3.62252381257015,91.0028519346919,"unreliable"
"Malawi","child_iron","Lilongwe","TA Khongoni",0,3.62252381257015,52540.4947912509,"unreliable"
"Malawi","child_iron","Machinga","TA Kawinga",0.222222222222222,4.57468393619304,87.4688617713234,"unreliable"
"Malawi","child_iron","Mangochi","SC Chowe",0.3,3.9159424504242,77.1916354375997,"unreliable"
"Malawi","child_iron","Mangochi","TA Mponda",0.285714285714286,3.43849261342614,85.2679764289245,"unreliable"
"Malawi","child_iron","Mangochi","TA Nankumba",0.117647058823529,4.51879034704219,128.830750129062,"unreliable"
"Malawi","child_iron","Mchinji","SC Dambe",0.19047619047619,4.71636038757767,94.9272661174638,"unreliable"
"Malawi","child_iron","Mchinji","SC Mduwa",0.0714285714285714,4.31541907493091,173.564214718351,"unreliable"
"Malawi","child_iron","Mchinji","TA Mlonyeni",0.166666666666667,4.1394693856824,109.903788850097,"unreliable"
"Malawi","child_iron","Mchinji","TA Zulu",0.166666666666667,4.1394693856824,109.903788850097,"unreliable"
"Malawi","child_iron","Mulanje","SC Juma",0.285714285714286,4.31541907493091,76.1129431917284,"unreliable"
"Malawi","child_iron","Mulanje","TA Mabuka",0.206781780629792,7.1353447689344,73.3217334502173,"unreliable"
"Malawi","child_iron","Mwanza","Majete Game Reserve - Mwanza",0.0909090909090909,4.03478279830104,157.430878781549,"unreliable"
"Malawi","child_iron","Mwanza","TA Nthache",0,2.95767474544686,58146.633601882,"unreliable"
"Malawi","child_iron","Mzimba","Mzimba Boma",0.333333333333333,3.22035869950072,78.8066513196736,"unreliable"
"Malawi","child_iron","Mzimba","Mzuzu City",0.374391218396001,5.79073997253618,53.7182133149041,"unreliable"
"Malawi","child_iron","Mzimba","TA Chindi",0.267805863338109,7.9256918742334,58.7333118647365,"unreliable"
"Malawi","child_iron","Mzimba","TA M'Mbelwa",0.315789473684211,4.62587915572474,68.4382521173298,"unreliable"
"Malawi","child_iron","Mzimba","TA Mabulabo",0.0555555555555556,4.57468393619304,192.771982443141,"unreliable"
"Malawi","child_iron","Mzimba","TA Mtwalo",0.214285714285714,4.31541907493091,92.1773517623356,"unreliable"
"Malawi","child_iron","Neno","TA Ngozi",0.485441853884006,4.06880271194856,51.0405451166519,"unreliable"
"Malawi","child_iron","Neno","TA Symon",0.285714285714286,3.43849261342614,85.2679764289245,"unreliable"
"Malawi","child_iron","Nkhata Bay","SC Malanda",0.142857142857143,3.43849261342614,132.096581069613,"unreliable"
"Malawi","child_iron","Nkhata Bay","TA Fukamapiri",0,4.1394693856824,49150.4439954796,"unreliable"
"Malawi","child_iron","Nkhata Bay","TA Kabunduli",0.176470588235294,4.51879034704219,101.62306617068,"unreliable"
"Malawi","child_iron","Nkhata Bay","TA Musisya",0.153846153846154,4.23238864855261,113.995727440831,"unreliable"
"Malawi","child_iron","Nkhata Bay","TA Timbiri",0.0473807043972464,11.2369777694305,133.762436126683,"unreliable"
"Malawi","child_iron","Nkhotakota","Nkhotakota Boma",0.166666666666667,3.22035869950072,124.604256470441,"unreliable"
"Malawi","child_iron","Nkhotakota","TA Kanyenda",0.133333333333333,4.39005952148274,121.680636847787,"unreliable"
"Malawi","child_iron","Nkhotakota","TA Malenga Chanzi",0.222222222222222,3.77986982237315,96.226701832072,"unreliable"
"Malawi","child_iron","Nkhotakota","TA Mwadzama",0.315789473684211,4.62587915572474,68.4382521173298,"unreliable"
"Malawi","child_iron","Nsanje","Nsanje Boma",0.5,2.63524073121707,61.6012965082658,"unreliable"
"Malawi","child_iron","Nsanje","SC Mbenje",0.3125,4.4575205028347,70.2529662122746,"unreliable"
"Malawi","child_iron","Nsanje","TA Ndamera",0.1,3.9159424504242,151.60136246153,"unreliable"
"Malawi","child_iron","Ntcheu","SC Goodson Ganya",0.153846153846154,4.23238864855261,113.995727440831,"unreliable"
"Malawi","child_iron","Ntcheu","SC Makwangwala",0.307692307692308,4.23238864855261,72.9119122555925,"unreliable"
"Malawi","child_iron","Ntcheu","TA Njolomole",0.2,4.39005952148274,95.4541448789635,"unreliable"
"Malawi","child_iron","Ntcheu","TA Phambala",0.0769230769230769,4.23238864855261,168.382848671587,"unreliable"
"Malawi","child_iron","Ntchisi","SC Chilooko",0.2,3.9159424504242,101.067574974353,"unreliable"
"Malawi","child_iron","Ntchisi","SC Nthondo",0.117647058823529,4.51879034704219,128.830750129062,"unreliable"
"Malawi","child_iron","Ntchisi","TA Kalumo",0.0833333333333333,4.1394693856824,163.013662519234,"unreliable"
"Malawi","child_iron","Phalombe","TA Mkhumba",0.400512033528297,9.18699113023517,40.3641491107517,"unreliable"
"Malawi","child_iron","Rumphi","Rumphi Boma",0.400862445520816,7.32997832785329,45.1558727062914,"unreliable"
"Malawi","child_iron","Rumphi","SC Chapinduka",0.363636363636364,4.03478279830104,65.8580616093266,"unreliable"
"Malawi","child_iron","Rumphi","SC Kachulu",0.666666666666667,3.77986982237315,36.3702746473751,"unreliable"
"Malawi","child_iron","Rumphi","SC Mwankhunikira",0.2,2.95767474544686,116.293325350441,"unreliable"
"Malawi","child_iron","Rumphi","TA Chikulamayembe",0.37299931240732,8.52983900204666,44.3924971924121,"unreliable"
"Malawi","child_iron","Salima","SC Kambwiri",0.0769230769230769,4.23238864855261,168.382848671587,"unreliable"
"Malawi","child_iron","Salima","TA Karonga",0.142857142857143,3.43849261342614,132.096581069613,"unreliable"
"Malawi","child_iron","Salima","TA Khombedza",0.181818181818182,4.03478279830104,105.607844013921,"unreliable"
"Malawi","child_iron","Salima","TA Maganga",0.0833333333333333,4.1394693856824,163.013662519234,"unreliable"
"Malawi","child_iron","Thyolo","SC Mbawela",0.181818181818182,4.03478279830104,105.607844013921,"unreliable"
"Malawi","child_iron","Thyolo","TA Bvumbwe",0.181818181818182,4.03478279830104,105.607844013921,"unreliable"
"Malawi","child_iron","Thyolo","TA Nchilamwela",0,1,99999.9499999875,"unreliable"
"Malawi","child_iron","Zomba","SC Mbiza",0,4.31541907493091,48138.0279119415,"unreliable"
"Malawi","child_iron","Zomba","TA Malemia",0.214520152149098,8.16464327842351,66.967620550798,"unreliable"
"Malawi","women_iron","Balaka","TA Kalembo",0,4,49999.9749999938,"unreliable"
"Malawi","women_iron","Balaka","TA Nsamala",0.4,5,54.7722557505166,"unreliable"
"Malawi","women_iron","Blantyre","Blantyre City",0.0991222524989092,9.99820262820271,95.3424661814519,"unreliable"
"Malawi","women_iron","Blantyre","TA Kuntaja",0.5,2,70.7106781186548,"unreliable"
"Malawi","women_iron","Chikwawa","TA Kasisi",0,6,40824.8086339667,"unreliable"
"Malawi","women_iron","Chikwawa","TA Lundu",0.3,10,48.3045891539648,"unreliable"
"Malawi","women_iron","Chiradzulu","TA Kadewere",0.222222222222222,9,62.3609564462324,"unreliable"
"Malawi","women_iron","Chiradzulu","TA Mpama",0.25,8,61.2372435695794,"unreliable"
"Malawi","women_iron","Chiradzulu","TA Nchema",0,11,30151.1193822054,"unreliable"
"Malawi","women_iron","Chitipa","Chitipa Boma",0.666666666666667,3,40.8248290463863,"unreliable"
"Malawi","women_iron","Chitipa","Nyika N.P. - Chitipa",0.333333333333333,3,81.6496580927727,"unreliable"
"Malawi","women_iron","Chitipa","TA Mwabulambya",0.285714285714286,14,42.2577127364258,"unreliable"
"Malawi","women_iron","Chitipa","TA Mwenemisuku",0.0801351501888365,11.9647545595645,97.9486799110881,"unreliable"
"Malawi","women_iron","Chitipa","TA Mwenewenya",0,7,37796.4284026943,"unreliable"
"Malawi","women_iron","Dedza","TA Kaphuka",0.166666666666667,6,91.2870929175276,"unreliable"
"Malawi","women_iron","Dedza","TA Pemba",0,8,35355.3213816534,"unreliable"
"Malawi","women_iron","Dedza","TA Tambala",0.1,10,94.8683298050514,"unreliable"
"Malawi","women_iron","Dowa","SC Kayembe",0,6,40824.8086339667,"unreliable"
"Malawi","women_iron","Dowa","SC Mkukula",0.181818181818182,11,63.9602149066831,"unreliable"
"Malawi","women_iron","Dowa","SC Mponela",0.222222222222222,9,62.3609564462324,"unreliable"
"Malawi","women_iron","Dowa","TA Dzoole",0.25,8,61.2372435695794,"unreliable"
"Malawi","women_iron","Karonga","Karonga Town",0.166666666666667,12,64.5497224367902,"unreliable"
"Malawi","women_iron","Karonga","TA Kilupula",0,7.9771410192831,35405.9415511412,"unreliable"
"Malawi","women_iron","Karonga","TA Kyungu",0.120937511755849,19.8911025897783,60.4505046697797,"unreliable"
"Malawi","women_iron","Karonga","TA Wasambo",0.333333333333333,6,57.7350269189626,"unreliable"
"Malawi","women_iron","Kasungu","SC Kawamba",0,7,37796.4284026943,"unreliable"
"Malawi","women_iron","Kasungu","TA Kaluluma",0.1,10,94.8683298050514,"unreliable"
"Malawi","women_iron","Kasungu","TA Mwase",0.166666666666667,6,91.2870929175276,"unreliable"
"Malawi","women_iron","Kasungu","TA Santhe",0.125,8,93.5414346693485,"unreliable"
"Malawi","women_iron","Lilongwe","Lilongwe City",0,2,70710.6427633069,"unreliable"
"Malawi","women_iron","Lilongwe","TA Chiseka",0.125,8,93.5414346693485,"unreliable"
"Malawi","women_iron","Lilongwe","TA Kabudula",0,8,35355.3213816534,"unreliable"
"Malawi","women_iron","Lilongwe","TA Khongoni",0.166666666666667,6,91.2870929175276,"unreliable"
"Malawi","women_iron","Machinga","TA Kawinga",0.25,8,61.2372435695794,"unreliable"
"Malawi","women_iron","Mangochi","SC Chowe",0,8,35355.3213816534,"unreliable"
"Malawi","women_iron","Mangochi","TA Mponda",0.8,5,22.3606797749979,"caution"
"Malawi","women_iron","Mangochi","TA Nankumba",0.272727272727273,11,49.2365963917331,"unreliable"
"Malawi","women_iron","Mchinji","SC Dambe",0.0833333333333333,12,95.7427107756338,"unreliable"
"Malawi","women_iron","Mchinji","SC Mduwa",0,6,40824.8086339667,"unreliable"
"Malawi","women_iron","Mchinji","TA Mlonyeni",0.111111111111111,9,94.2809041582064,"unreliable"
"Malawi","women_iron","Mchinji","TA Zulu",0.125,8,93.5414346693485,"unreliable"
"Malawi","women_iron","Mulanje","SC Juma",0.333333333333333,3,81.6496580927727,"unreliable"
"Malawi","women_iron","Mulanje","TA Mabuka",0.133074783346271,19.8617169144755,57.2709701666898,"unreliable"
"Malawi","women_iron","Mwanza","Majete Game Reserve - Mwanza",0.0909090909090909,11,95.3462589245593,"unreliable"
"Malawi","women_iron","Mwanza","TA Nthache",0.222222222222222,9,62.3609564462324,"unreliable"
"Malawi","women_iron","Mzimba","Mzimba Boma",0.125,8,93.5414346693485,"unreliable"
"Malawi","women_iron","Mzimba","Mzuzu City",0.485331711922963,11.6491032140721,30.1715848562458,"caution"
"Malawi","women_iron","Mzimba","TA Chindi",0.271885085652374,15.1854064897552,41.9946591033739,"unreliable"
"Malawi","women_iron","Mzimba","TA M'Mbelwa",0.375,8,45.6435464587638,"unreliable"
"Malawi","women_iron","Mzimba","TA Mabulabo",0,5,44721.3371893104,"unreliable"
"Malawi","women_iron","Mzimba","TA Mtwalo",0.545454545454545,11,27.524094128159,"caution"
"Malawi","women_iron","Neno","TA Ngozi",0.106712199675426,9.73248581634984,92.7420679697278,"unreliable"
"Malawi","women_iron","Neno","TA Symon",0.375,8,45.6435464587638,"unreliable"
"Malawi","women_iron","Nkhata Bay","SC Malanda",0.2,5,89.4427190999916,"unreliable"
"Malawi","women_iron","Nkhata Bay","TA Fukamapiri",0,4,49999.9749999938,"unreliable"
"Malawi","women_iron","Nkhata Bay","TA Kabunduli",0,5,44721.3371893104,"unreliable"
"Malawi","women_iron","Nkhata Bay","TA Musisya",0,4,49999.9749999938,"unreliable"
"Malawi","women_iron","Nkhata Bay","TA Timbiri",0.147085130605434,21.7435552518332,51.6420150019868,"unreliable"
"Malawi","women_iron","Nkhotakota","Nkhotakota Boma",0.166666666666667,6,91.2870929175276,"unreliable"
"Malawi","women_iron","Nkhotakota","TA Kanyenda",0,7,37796.4284026943,"unreliable"
"Malawi","women_iron","Nkhotakota","TA Malenga Chanzi",0.333333333333333,6,57.7350269189626,"unreliable"
"Malawi","women_iron","Nkhotakota","TA Mwadzama",0.222222222222222,9,62.3609564462324,"unreliable"
"Malawi","women_iron","Nsanje","Nsanje Boma",0.333333333333333,6,57.7350269189626,"unreliable"
"Malawi","women_iron","Nsanje","SC Mbenje",0.222222222222222,9,62.3609564462324,"unreliable"
"Malawi","women_iron","Nsanje","TA Ndamera",0,3,57734.9980514419,"unreliable"
"Malawi","women_iron","Ntcheu","SC Goodson Ganya",0.2,10,63.2455532033676,"unreliable"
"Malawi","women_iron","Ntcheu","SC Makwangwala",0.0909090909090909,11,95.3462589245593,"unreliable"
"Malawi","women_iron","Ntcheu","TA Njolomole",0.111111111111111,9,94.2809041582064,"unreliable"
"Malawi","women_iron","Ntcheu","TA Phambala",0,10,31622.7607902915,"unreliable"
"Malawi","women_iron","Ntchisi","SC Chilooko",0,7,37796.4284026943,"unreliable"
"Malawi","women_iron","Ntchisi","SC Nthondo",0,8,35355.3213816534,"unreliable"
"Malawi","women_iron","Ntchisi","TA Kalumo",0,4,49999.9749999938,"unreliable"
"Malawi","women_iron","Phalombe","TA Mkhumba",0.143941898502595,14.2755958542897,64.5447444076973,"unreliable"
"Malawi","women_iron","Rumphi","Rumphi Boma",0.168166123250775,15.8316697880774,55.8966375659326,"unreliable"
"Malawi","women_iron","Rumphi","SC Chapinduka",0,8,35355.3213816534,"unreliable"
"Malawi","women_iron","Rumphi","SC Kachulu",0.5,6,40.8248290463863,"unreliable"
"Malawi","women_iron","Rumphi","SC Mwankhunikira",0.333333333333333,6,57.7350269189626,"unreliable"
"Malawi","women_iron","Rumphi","TA Chikulamayembe",0.268899842821955,14.9664126150261,42.6220473590856,"unreliable"
"Malawi","women_iron","Salima","SC Kambwiri",0,6,40824.8086339667,"unreliable"
"Malawi","women_iron","Salima","TA Karonga",0.285714285714286,7,59.7614304667196,"unreliable"
"Malawi","women_iron","Salima","TA Khombedza",0,3,57734.9980514419,"unreliable"
"Malawi","women_iron","Salima","TA Maganga",0.3,10,48.3045891539648,"unreliable"
"Malawi","women_iron","Thyolo","SC Mbawela",0.3,10,48.3045891539648,"unreliable"
"Malawi","women_iron","Thyolo","TA Bvumbwe",0.0666666666666667,15,96.6091783079296,"unreliable"
"Malawi","women_iron","Thyolo","TA Nchilamwela",0,2,70710.6427633069,"unreliable"
"Malawi","women_iron","Zomba","SC Mbiza",0,7,37796.4284026943,"unreliable"
"Malawi","women_iron","Zomba","TA Malemia",0.449251873670891,10.9825446430818,33.4102770497765,"unreliable"
"Malawi","women_folate","Balaka","TA Kalembo",0,2.89731868525721,58749.158351282,"unreliable"
"Malawi","women_folate","Balaka","TA Nsamala",0,3.31686158236623,54908.0611639396,"unreliable"
"Malawi","women_folate","Blantyre","Blantyre City",0.360732401781694,7.00125277107862,50.3107614915241,"unreliable"
"Malawi","women_folate","Blantyre","TA Kuntaja",0,1.77483978772664,75062.0126161652,"unreliable"
"Malawi","women_folate","Chikwawa","TA Kasisi",0.428571428571429,3.97462227127598,57.9190510110504,"unreliable"
"Malawi","women_folate","Chikwawa","TA Lundu",0.666666666666667,4.46672691418912,33.4572546167422,"unreliable"
"Malawi","women_folate","Chiradzulu","TA Kadewere",0.222222222222222,4.46672691418912,88.5195752668675,"unreliable"
"Malawi","women_folate","Chiradzulu","TA Mpama",0.25,4.23720751818451,84.143536320853,"unreliable"
"Malawi","women_folate","Chiradzulu","TA Nchema",0.181818181818182,4.84875681784309,96.3365424422791,"unreliable"
"Malawi","women_folate","Chitipa","Chitipa Boma",0,2.39287011057064,64645.7860239354,"unreliable"
"Malawi","women_folate","Chitipa","Nyika N.P. - Chitipa",0.25,2.89731868525721,101.756578044632,"unreliable"
"Malawi","women_folate","Chitipa","TA Mwabulambya",0,5.40331837622949,43019.9106334895,"unreliable"
"Malawi","women_folate","Chitipa","TA Mwenemisuku",0,7.32097613854396,36958.580894194,"unreliable"
"Malawi","women_folate","Chitipa","TA Mwenewenya",0,3.97462227127598,50159.3444589654,"unreliable"
"Malawi","women_folate","Dedza","TA Kaphuka",0.166666666666667,3.67127103298161,116.701591402342,"unreliable"
"Malawi","women_folate","Dedza","TA Pemba",0,4.46672691418912,47315.6795809091,"unreliable"
"Malawi","women_folate","Dedza","TA Tambala",0,4.84875681784309,45413.458917921,"unreliable"
"Malawi","women_folate","Dowa","SC Kayembe",0,3.67127103298161,52190.5121963327,"unreliable"
"Malawi","women_folate","Dowa","SC Mkukula",0.0909090909090909,4.84875681784309,143.610038412153,"unreliable"
"Malawi","women_folate","Dowa","SC Mponela",0,4.46672691418912,47315.6795809091,"unreliable"
"Malawi","women_folate","Dowa","TA Dzoole",0.375,4.23720751818451,62.7168890268833,"unreliable"
"Malawi","women_folate","Karonga","Karonga Town",0.416666666666667,5.00942393899882,52.8652298040827,"unreliable"
"Malawi","women_folate","Karonga","TA Kilupula",0.116361483170348,5.77807993252517,114.641252477491,"unreliable"
"Malawi","women_folate","Karonga","TA Kyungu",0.313007853582024,11.0020564324688,44.6643825741984,"unreliable"
"Malawi","women_folate","Karonga","TA Wasambo",0.333333333333333,3.67127103298161,73.808567079545,"unreliable"
"Malawi","women_folate","Kasungu","SC Kawamba",0,3.97462227127598,50159.3444589654,"unreliable"
"Malawi","women_folate","Kasungu","TA Kaluluma",0,4.66905619905311,46279.1349139199,"unreliable"
"Malawi","women_folate","Kasungu","TA Mwase",0.166666666666667,3.67127103298161,116.701591402342,"unreliable"
"Malawi","women_folate","Kasungu","TA Santhe",0,3.97462227127598,50159.3444589654,"unreliable"
"Malawi","women_folate","Lilongwe","Lilongwe City",0,1.77483978772664,75062.0126161652,"unreliable"
"Malawi","women_folate","Lilongwe","TA Chiseka",0.375,4.23720751818451,62.7168890268833,"unreliable"
"Malawi","women_folate","Lilongwe","TA Kabudula",0.125,4.23720751818451,128.531374810525,"unreliable"
"Malawi","women_folate","Lilongwe","TA Khongoni",0.166666666666667,3.67127103298161,116.701591402342,"unreliable"
"Malawi","women_folate","Machinga","TA Kawinga",0,4.23720751818451,48580.2690552588,"unreliable"
"Malawi","women_folate","Mangochi","SC Chowe",0,4.23720751818451,48580.2690552588,"unreliable"
"Malawi","women_folate","Mangochi","TA Mponda",0.2,3.31686158236623,109.816177235982,"unreliable"
"Malawi","women_folate","Mangochi","TA Nankumba",0.545454545454545,4.84875681784309,41.4566471677946,"unreliable"
"Malawi","women_folate","Mchinji","SC Dambe",0.0833333333333333,5.00942393899882,148.184387418955,"unreliable"
"Malawi","women_folate","Mchinji","SC Mduwa",0.166666666666667,3.67127103298161,116.701591402342,"unreliable"
"Malawi","women_folate","Mchinji","TA Mlonyeni",0,4.46672691418912,47315.6795809091,"unreliable"
"Malawi","women_folate","Mchinji","TA Zulu",0,4.23720751818451,48580.2690552588,"unreliable"
"Malawi","women_folate","Mulanje","SC Juma",0.4,3.31686158236623,67.2483999327991,"unreliable"
"Malawi","women_folate","Mulanje","TA Mabuka",0.17239048555191,9.16444823877649,72.3773919441,"unreliable"
"Malawi","women_folate","Mwanza","Majete Game Reserve - Mwanza",0,4.84875681784309,45413.458917921,"unreliable"
"Malawi","women_folate","Mwanza","TA Nthache",0.2,4.66905619905311,92.5583161070094,"unreliable"
"Malawi","women_folate","Mzimba","Mzimba Boma",0,4.23720751818451,48580.2690552588,"unreliable"
"Malawi","women_folate","Mzimba","Mzuzu City",0.441031694146442,7.43529081565271,41.2866562762093,"unreliable"
"Malawi","women_folate","Mzimba","TA Chindi",0,8.24924201450631,34817.1132665814,"unreliable"
"Malawi","women_folate","Mzimba","TA M'Mbelwa",0.125,4.23720751818451,128.531374810525,"unreliable"
"Malawi","women_folate","Mzimba","TA Mabulabo",0,3.67127103298161,52190.5121963327,"unreliable"
"Malawi","women_folate","Mzimba","TA Mtwalo",0.272727272727273,4.84875681784309,74.1599049491302,"unreliable"
"Malawi","women_folate","Neno","TA Ngozi",0.113310566828954,5.33402405920595,121.122011683999,"unreliable"
"Malawi","women_folate","Neno","TA Symon",0.444444444444444,4.46672691418912,52.9005644225446,"unreliable"
"Malawi","women_folate","Nkhata Bay","SC Malanda",0.2,3.31686158236623,109.816177235982,"unreliable"
"Malawi","women_folate","Nkhata Bay","TA Fukamapiri",0,3.31686158236623,54908.0611639396,"unreliable"
"Malawi","women_folate","Nkhata Bay","TA Kabunduli",0,3.31686158236623,54908.0611639396,"unreliable"
"Malawi","women_folate","Nkhata Bay","TA Musisya",0.5,2.89731868525721,58.7491877258832,"unreliable"
"Malawi","women_folate","Nkhata Bay","TA Timbiri",0.154621034565214,10.9426190334938,70.6855744226303,"unreliable"
"Malawi","women_folate","Nkhotakota","Nkhotakota Boma",0.666666666666667,3.67127103298161,36.9042835397724,"unreliable"
"Malawi","women_folate","Nkhotakota","TA Kanyenda",0.625,4.23720751818451,37.63013341613,"unreliable"
"Malawi","women_folate","Nkhotakota","TA Malenga Chanzi",0.333333333333333,3.67127103298161,73.808567079545,"unreliable"
"Malawi","women_folate","Nkhotakota","TA Mwadzama",0.444444444444444,4.46672691418912,52.9005644225446,"unreliable"
"Malawi","women_folate","Nsanje","Nsanje Boma",0.333333333333333,3.67127103298161,73.808567079545,"unreliable"
"Malawi","women_folate","Nsanje","SC Mbenje",0.444444444444444,4.46672691418912,52.9005644225446,"unreliable"
"Malawi","women_folate","Nsanje","TA Ndamera",0.333333333333333,2.39287011057064,91.4229930568266,"unreliable"
"Malawi","women_folate","Ntcheu","SC Goodson Ganya",0,4.84875681784309,45413.458917921,"unreliable"
"Malawi","women_folate","Ntcheu","SC Makwangwala",0.181818181818182,4.84875681784309,96.3365424422791,"unreliable"
"Malawi","women_folate","Ntcheu","TA Njolomole",0.111111111111111,4.46672691418912,133.829018466969,"unreliable"
"Malawi","women_folate","Ntcheu","TA Phambala",0.4,4.66905619905311,56.6801614783506,"unreliable"
"Malawi","women_folate","Ntchisi","SC Chilooko",0,3.97462227127598,50159.3444589654,"unreliable"
"Malawi","women_folate","Ntchisi","SC Nthondo",0,4.23720751818451,48580.2690552588,"unreliable"
"Malawi","women_folate","Ntchisi","TA Kalumo",0,3.67127103298161,52190.5121963327,"unreliable"
"Malawi","women_folate","Phalombe","TA Mkhumba",0.149261675482729,7.561082760045,86.8224120103086,"unreliable"
"Malawi","women_folate","Rumphi","Rumphi Boma",0.370228037831637,8.38883476912669,45.0304397337435,"unreliable"
"Malawi","women_folate","Rumphi","SC Chapinduka",0.5,4.23720751818451,48.5802933454116,"unreliable"
"Malawi","women_folate","Rumphi","SC Kachulu",0,3.67127103298161,52190.5121963327,"unreliable"
"Malawi","women_folate","Rumphi","SC Mwankhunikira",0.166666666666667,3.67127103298161,116.701591402342,"unreliable"
"Malawi","women_folate","Rumphi","TA Chikulamayembe",0.531100157178045,8.20255035300869,32.807820191923,"caution"
"Malawi","women_folate","Salima","SC Kambwiri",0.333333333333333,3.67127103298161,73.808567079545,"unreliable"
"Malawi","women_folate","Salima","TA Karonga",1,3.67127103298161,0.0521905643876475,"unrestricted"
"Malawi","women_folate","Salima","TA Khombedza",0.333333333333333,2.39287011057064,91.4229930568266,"unreliable"
"Malawi","women_folate","Salima","TA Maganga",0.555555555555556,4.46672691418912,42.3204515380356,"unreliable"
"Malawi","women_folate","Thyolo","SC Mbawela",0.153846153846154,5.15392945031349,103.302804021699,"unreliable"
"Malawi","women_folate","Thyolo","TA Bvumbwe",0.3125,5.51166487273727,63.1785913956652,"unreliable"
"Malawi","women_folate","Thyolo","TA Nchilamwela",0.5,1.77483978772664,75.0620501471997,"unreliable"
"Malawi","women_folate","Zomba","SC Mbiza",0.142857142857143,3.97462227127598,122.86486118941,"unreliable"
"Malawi","women_folate","Zomba","TA Malemia",0,6.99133161006892,37819.8526016931,"unreliable"
"Malawi","women_b12","Balaka","TA Kalembo",0,3.32226824655965,54863.3642421368,"unreliable"
"Malawi","women_b12","Balaka","TA Nsamala",0,3.93083121394103,50437.9683541715,"unreliable"
"Malawi","women_b12","Blantyre","Blantyre City",0,8.42126439855081,34459.6713685565,"unreliable"
"Malawi","women_b12","Blantyre","TA Kuntaja",0,1.87266110574595,73075.2294372741,"unreliable"
"Malawi","women_b12","Chikwawa","TA Kasisi",0.142857142857143,4.97161422495282,109.856792368157,"unreliable"
"Malawi","women_b12","Chikwawa","TA Lundu",0,6.20351206257161,40149.5763758281,"unreliable"
"Malawi","women_b12","Chiradzulu","TA Kadewere",0.111111111111111,5.82904878287983,117.151040046129,"unreliable"
"Malawi","women_b12","Chiradzulu","TA Mpama",0,5.42008248989636,42953.3296182373,"unreliable"
"Malawi","women_b12","Chiradzulu","TA Nchema",0,6.5476619402241,39080.1892921408,"unreliable"
"Malawi","women_b12","Chitipa","Chitipa Boma",0,2.64085018725133,61535.8069995051,"unreliable"
"Malawi","women_b12","Chitipa","Nyika N.P. - Chitipa",0,3.32226824655965,54863.3642421368,"unreliable"
"Malawi","women_b12","Chitipa","TA Mwabulambya",0.2,7.68448688477997,72.1477113049482,"unreliable"
"Malawi","women_b12","Chitipa","TA Mwenemisuku",0.0897296996223269,8.92895797977549,106.59005591418,"unreliable"
"Malawi","women_b12","Chitipa","TA Mwenewenya",0.285714285714286,4.97161422495282,70.9122545516061,"unreliable"
"Malawi","women_b12","Dedza","TA Kaphuka",0,4.47763032763816,47258.0356008417,"unreliable"
"Malawi","women_b12","Dedza","TA Pemba",0.111111111111111,5.82904878287983,117.151040046129,"unreliable"
"Malawi","women_b12","Dedza","TA Tambala",0.0909090909090909,6.5476619402241,123.582471344939,"unreliable"
"Malawi","women_b12","Dowa","SC Kayembe",0.166666666666667,4.47763032763816,105.672232922717,"unreliable"
"Malawi","women_b12","Dowa","SC Mkukula",0.272727272727273,6.5476619402241,63.8177137869474,"unreliable"
"Malawi","women_b12","Dowa","SC Mponela",0.222222222222222,5.82904878287983,77.4881294486568,"unreliable"
"Malawi","women_b12","Dowa","TA Dzoole",0.25,5.42008248989636,74.3973864517427,"unreliable"
"Malawi","women_b12","Karonga","Karonga Town",0.0833333333333333,6.86503610277082,126.58286757027,"unreliable"
"Malawi","women_b12","Karonga","TA Kilupula",0,6.62555057667318,38849.8007780266,"unreliable"
"Malawi","women_b12","Karonga","TA Kyungu",0,14.1272697979054,26605.4533277785,"unreliable"
"Malawi","women_b12","Karonga","TA Wasambo",0,4.47763032763816,47258.0356008417,"unreliable"
"Malawi","women_b12","Kasungu","SC Kawamba",0.142857142857143,4.97161422495282,109.856792368157,"unreliable"
"Malawi","women_b12","Kasungu","TA Kaluluma",0.1,6.20351206257161,120.448789351894,"unreliable"
"Malawi","women_b12","Kasungu","TA Mwase",0,4.47763032763816,47258.0356008417,"unreliable"
"Malawi","women_b12","Kasungu","TA Santhe",0,4.97161422495282,44848.8252557141,"unreliable"
"Malawi","women_b12","Lilongwe","Lilongwe City",0,1.87266110574595,73075.2294372741,"unreliable"
"Malawi","women_b12","Lilongwe","TA Chiseka",0.25,5.42008248989636,74.3973864517427,"unreliable"
"Malawi","women_b12","Lilongwe","TA Kabudula",0.333333333333333,5.82904878287983,58.5755200230647,"unreliable"
"Malawi","women_b12","Lilongwe","TA Khongoni",0.166666666666667,4.47763032763816,105.672232922717,"unreliable"
"Malawi","women_b12","Machinga","TA Kawinga",0,5.42008248989636,42953.3296182373,"unreliable"
"Malawi","women_b12","Mangochi","SC Chowe",0.25,5.42008248989636,74.3973864517427,"unreliable"
"Malawi","women_b12","Mangochi","TA Mponda",0,3.93083121394103,50437.9683541715,"unreliable"
"Malawi","women_b12","Mangochi","TA Nankumba",0,6.5476619402241,39080.1892921408,"unreliable"
"Malawi","women_b12","Mchinji","SC Dambe",0.166666666666667,6.86503610277082,85.3421519060787,"unreliable"
"Malawi","women_b12","Mchinji","SC Mduwa",0.333333333333333,4.47763032763816,66.8329882943234,"unreliable"
"Malawi","women_b12","Mchinji","TA Mlonyeni",0.222222222222222,5.82904878287983,77.4881294486568,"unreliable"
"Malawi","women_b12","Mchinji","TA Zulu",0.125,5.42008248989636,113.643884973998,"unreliable"
"Malawi","women_b12","Mulanje","SC Juma",0,3.93083121394103,50437.9683541715,"unreliable"
"Malawi","women_b12","Mulanje","TA Mabuka",0,12.3754832816886,28426.1929077923,"unreliable"
"Malawi","women_b12","Mwanza","Majete Game Reserve - Mwanza",0.636363636363636,6.5476619402241,29.5418610727439,"caution"
"Malawi","women_b12","Mwanza","TA Nthache",0.3,6.20351206257161,61.3295216189829,"unreliable"
"Malawi","women_b12","Mzimba","Mzimba Boma",0,5.42008248989636,42953.3296182373,"unreliable"
"Malawi","women_b12","Mzimba","Mzuzu City",0.0912778140974905,9.18723791738344,104.09754045584,"unreliable"
"Malawi","women_b12","Mzimba","TA Chindi",0.116006202334424,10.6610675797407,84.5441682672612,"unreliable"
"Malawi","women_b12","Mzimba","TA M'Mbelwa",0.625,5.42008248989636,33.2715226908837,"caution"
"Malawi","women_b12","Mzimba","TA Mabulabo",0.5,4.47763032763816,47.2580592298772,"unreliable"
"Malawi","women_b12","Mzimba","TA Mtwalo",0.181818181818182,6.5476619402241,82.9016420264113,"unreliable"
"Malawi","women_b12","Neno","TA Ngozi",0.213424399350852,6.74933016484672,73.8954783137384,"unreliable"
"Malawi","women_b12","Neno","TA Symon",0.111111111111111,5.82904878287983,117.151040046129,"unreliable"
"Malawi","women_b12","Nkhata Bay","SC Malanda",0,3.93083121394103,50437.9683541715,"unreliable"
"Malawi","women_b12","Nkhata Bay","TA Fukamapiri",0,3.93083121394103,50437.9683541715,"unreliable"
"Malawi","women_b12","Nkhata Bay","TA Kabunduli",0,3.93083121394103,50437.9683541715,"unreliable"
"Malawi","women_b12","Nkhata Bay","TA Musisya",0,3.32226824655965,54863.3642421368,"unreliable"
"Malawi","women_b12","Nkhata Bay","TA Timbiri",0,14.5086781667195,26253.4183563778,"unreliable"
"Malawi","women_b12","Nkhotakota","Nkhotakota Boma",0,4.47763032763816,47258.0356008417,"unreliable"
"Malawi","women_b12","Nkhotakota","TA Kanyenda",0,5.82904878287983,41419.1267102586,"unreliable"
"Malawi","women_b12","Nkhotakota","TA Malenga Chanzi",0,4.47763032763816,47258.0356008417,"unreliable"
"Malawi","women_b12","Nkhotakota","TA Mwadzama",0,5.82904878287983,41419.1267102586,"unreliable"
"Malawi","women_b12","Nsanje","Nsanje Boma",0,4.47763032763816,47258.0356008417,"unreliable"
"Malawi","women_b12","Nsanje","SC Mbenje",0,5.82904878287983,41419.1267102586,"unreliable"
"Malawi","women_b12","Nsanje","TA Ndamera",0,2.64085018725133,61535.8069995051,"unreliable"
"Malawi","women_b12","Ntcheu","SC Goodson Ganya",0.0909090909090909,6.5476619402241,123.582471344939,"unreliable"
"Malawi","women_b12","Ntcheu","SC Makwangwala",0.272727272727273,6.5476619402241,63.8177137869474,"unreliable"
"Malawi","women_b12","Ntcheu","TA Njolomole",0.444444444444444,5.82904878287983,46.3080146004208,"unreliable"
"Malawi","women_b12","Ntcheu","TA Phambala",0.1,6.20351206257161,120.448789351894,"unreliable"
"Malawi","women_b12","Ntchisi","SC Chilooko",0.285714285714286,4.97161422495282,70.9122545516061,"unreliable"
"Malawi","women_b12","Ntchisi","SC Nthondo",0.25,5.42008248989636,74.3973864517427,"unreliable"
"Malawi","women_b12","Ntchisi","TA Kalumo",0.166666666666667,4.47763032763816,105.672232922717,"unreliable"
"Malawi","women_b12","Phalombe","TA Mkhumba",0,10.1418665508708,31400.808983212,"unreliable"
"Malawi","women_b12","Rumphi","Rumphi Boma",0.0644978457564797,11.1417046326668,114.096933074355,"unreliable"
"Malawi","women_b12","Rumphi","SC Chapinduka",0,5.42008248989636,42953.3296182373,"unreliable"
"Malawi","women_b12","Rumphi","SC Kachulu",0,4.47763032763816,47258.0356008417,"unreliable"
"Malawi","women_b12","Rumphi","SC Mwankhunikira",0,4.47763032763816,47258.0356008417,"unreliable"
"Malawi","women_b12","Rumphi","TA Chikulamayembe",0,10.3789784057474,31040.054753619,"unreliable"
"Malawi","women_b12","Salima","SC Kambwiri",0.166666666666667,4.47763032763816,105.672232922717,"unreliable"
"Malawi","women_b12","Salima","TA Karonga",0,4.97161422495282,44848.8252557141,"unreliable"
"Malawi","women_b12","Salima","TA Khombedza",0.333333333333333,2.64085018725133,87.0248163426924,"unreliable"
"Malawi","women_b12","Salima","TA Maganga",0,6.20351206257161,40149.5763758281,"unreliable"
"Malawi","women_b12","Thyolo","SC Mbawela",0,7.15864236805376,37375.2795466223,"unreliable"
"Malawi","women_b12","Thyolo","TA Bvumbwe",0.0625,7.92085681098189,137.613027132958,"unreliable"
"Malawi","women_b12","Thyolo","TA Nchilamwela",0,1.87266110574595,73075.2294372741,"unreliable"
"Malawi","women_b12","Zomba","SC Mbiza",0.285714285714286,4.97161422495282,70.9122545516061,"unreliable"
"Malawi","women_b12","Zomba","TA Malemia",0.0869389052531686,8.40933100280935,111.753751696396,"unreliable"
"Malawi","child_zinc","Balaka","TA Kalembo",0.857142857142857,3.92272827318691,20.6124806985033,"caution"
"Malawi","child_zinc","Balaka","TA Nsamala",0.833333333333333,3.62816853031372,23.4785499877247,"caution"
"Malawi","child_zinc","Blantyre","Blantyre City",0.550142640185422,6.17332391236834,36.3948747339697,"unreliable"
"Malawi","child_zinc","Blantyre","TA Kuntaja",1,1,0.100000050001475,"unrestricted"
"Malawi","child_zinc","Chikwawa","TA Kasisi",0.7,4.59409247090427,30.5430034408691,"caution"
"Malawi","child_zinc","Chikwawa","TA Lundu",0.25,4.17707083636501,84.7470729585149,"unreliable"
"Malawi","child_zinc","Chiradzulu","TA Kadewere",0.875,5.40324997280767,16.2601089044158,"unrestricted"
"Malawi","child_zinc","Chiradzulu","TA Mpama",0.666666666666667,3.62816853031372,37.1228470596641,"unreliable"
"Malawi","child_zinc","Chiradzulu","TA Nchema",0.923076923076923,5.06044383181052,12.8326122722534,"unrestricted"
"Malawi","child_zinc","Chitipa","Chitipa Boma",0.6,3.28303387748348,45.0626459182119,"unreliable"
"Malawi","child_zinc","Chitipa","Nyika N.P. - Chitipa",0.8,4.59409247090427,23.3276042031799,"caution"
"Malawi","child_zinc","Chitipa","TA Mwabulambya",0.428571428571429,3.92272827318691,58.3008995159538,"unreliable"
"Malawi","child_zinc","Chitipa","TA Mwenemisuku",0.510665949389338,8.32761530881459,33.9214135043093,"unreliable"
"Malawi","child_zinc","Chitipa","TA Mwenewenya",0.666666666666667,5.29953801450429,30.7160945869269,"caution"
"Malawi","child_zinc","Dedza","TA Kaphuka",0.5,4.59409247090427,46.6552084063597,"unreliable"
"Malawi","child_zinc","Dedza","TA Pemba",0.6875,5.40324997280767,29.004215924619,"caution"
"Malawi","child_zinc","Dedza","TA Tambala",0.777777777777778,5.58542801545333,22.6171432281829,"caution"
"Malawi","child_zinc","Dowa","SC Kayembe",0.125,4.17707083636501,129.45329225278,"unreliable"
"Malawi","child_zinc","Dowa","SC Mkukula",0.555555555555556,4.39890634527742,42.6454435312609,"unreliable"
"Malawi","child_zinc","Dowa","SC Mponela",0.714285714285714,3.92272827318691,31.93271778773,"caution"
"Malawi","child_zinc","Dowa","TA Dzoole",0.333333333333333,2.3781386815824,91.7057167040784,"unreliable"
"Malawi","child_zinc","Karonga","Karonga Town",0.636363636363636,4.76715925039357,34.6219197675836,"unreliable"
"Malawi","child_zinc","Karonga","TA Kilupula",0.792534422080424,8.97355035852171,17.0797616555919,"caution"
"Malawi","child_zinc","Karonga","TA Kyungu",0.296716807464536,14.8945723040264,39.8914687723816,"unreliable"
"Malawi","child_zinc","Karonga","TA Wasambo",0.733333333333333,5.29953801450429,26.1947734783181,"caution"
"Malawi","child_zinc","Kasungu","SC Kawamba",0.571428571428571,5.18578056214801,38.0297581856968,"unreliable"
"Malawi","child_zinc","Kasungu","TA Kaluluma",0.375,4.17707083636501,63.1667386764578,"unreliable"
"Malawi","child_zinc","Kasungu","TA Mwase",0.666666666666667,4.39890634527742,33.7141833467196,"unreliable"
"Malawi","child_zinc","Kasungu","TA Santhe",0.4,4.59409247090427,57.1407272193948,"unreliable"
"Malawi","child_zinc","Lilongwe","Lilongwe City",0.7,4.59409247090427,30.5430034408691,"caution"
"Malawi","child_zinc","Lilongwe","TA Chiseka",0.833333333333333,4.92166505058223,20.1585351769094,"caution"
"Malawi","child_zinc","Lilongwe","TA Kabudula",0.428571428571429,3.92272827318691,58.3008995159538,"unreliable"
"Malawi","child_zinc","Lilongwe","TA Khongoni",0.375,4.17707083636501,63.1667386764578,"unreliable"
"Malawi","child_zinc","Machinga","TA Kawinga",0.388888888888889,5.58542801545333,53.0419025198264,"unreliable"
"Malawi","child_zinc","Mangochi","SC Chowe",0.9,4.59409247090427,15.5517361354532,"unrestricted"
"Malawi","child_zinc","Mangochi","TA Mponda",0.857142857142857,3.92272827318691,20.6124806985033,"caution"
"Malawi","child_zinc","Mangochi","TA Nankumba",0.3125,5.40324997280767,63.8092750341618,"unreliable"
"Malawi","child_zinc","Mchinji","SC Dambe",0.857142857142857,5.80927693308785,16.9380470433841,"caution"
"Malawi","child_zinc","Mchinji","SC Mduwa",0.714285714285714,5.18578056214801,27.7730085530305,"caution"
"Malawi","child_zinc","Mchinji","TA Mlonyeni",0.454545454545455,4.76715925039357,50.1719283028397,"unreliable"
"Malawi","child_zinc","Mchinji","TA Zulu",0.727272727272727,4.76715925039357,28.0469605618488,"caution"
"Malawi","child_zinc","Mulanje","SC Juma",0.928571428571429,5.18578056214801,12.179269935859,"unrestricted"
"Malawi","child_zinc","Mulanje","TA Mabuka",0.541689192299562,8.30391385280595,31.9200487897283,"caution"
"Malawi","child_zinc","Mwanza","Majete Game Reserve - Mwanza",0.6,4.59409247090427,38.0938181462632,"unreliable"
"Malawi","child_zinc","Mwanza","TA Nthache",0.5,3.62816853031372,52.4996337856792,"unreliable"
"Malawi","child_zinc","Mzimba","Mzimba Boma",0.666666666666667,3.62816853031372,37.1228470596641,"unreliable"
"Malawi","child_zinc","Mzimba","Mzuzu City",0.451983534492502,6.42775056141671,43.4316160333413,"unreliable"
"Malawi","child_zinc","Mzimba","TA Chindi",0.483441611857985,9.45052453847036,33.6248021376995,"unreliable"
"Malawi","child_zinc","Mzimba","TA M'Mbelwa",0.333333333333333,5.58542801545333,59.8393363485005,"unreliable"
"Malawi","child_zinc","Mzimba","TA Mabulabo",0.888888888888889,5.58542801545333,14.9598340871251,"unrestricted"
"Malawi","child_zinc","Mzimba","TA Mtwalo",0.142857142857143,5.18578056214801,107.564399599963,"unreliable"
"Malawi","child_zinc","Neno","TA Ngozi",0.759033088809115,4.60090860886549,26.2679721828527,"caution"
"Malawi","child_zinc","Neno","TA Symon",0.428571428571429,3.92272827318691,58.3008995159538,"unreliable"
"Malawi","child_zinc","Nkhata Bay","SC Malanda",0.428571428571429,3.92272827318691,58.3008995159538,"unreliable"
"Malawi","child_zinc","Nkhata Bay","TA Fukamapiri",0.75,4.92166505058223,26.0245570080355,"caution"
"Malawi","child_zinc","Nkhata Bay","TA Kabunduli",0.818181818181818,4.76715925039357,21.5905603071123,"caution"
"Malawi","child_zinc","Nkhata Bay","TA Musisya",0.384615384615385,5.06044383181052,56.2296897058464,"unreliable"
"Malawi","child_zinc","Nkhata Bay","TA Timbiri",0.763477595784406,13.0673472416331,15.397289586522,"unrestricted"
"Malawi","child_zinc","Nkhotakota","Nkhotakota Boma",1,3.62816853031372,0.0524996600362706,"unrestricted"
"Malawi","child_zinc","Nkhotakota","TA Kanyenda",0.666666666666667,5.29953801450429,30.7160945869269,"caution"
"Malawi","child_zinc","Nkhotakota","TA Malenga Chanzi",0.666666666666667,4.39890634527742,33.7141833467196,"unreliable"
"Malawi","child_zinc","Nkhotakota","TA Mwadzama",0.578947368421053,5.6658627076872,35.8274276419335,"unreliable"
"Malawi","child_zinc","Nsanje","Nsanje Boma",0.25,2.8730757921106,102.184985093712,"unreliable"
"Malawi","child_zinc","Nsanje","SC Mbenje",0.764705882352941,5.49819079024946,23.6563870110456,"caution"
"Malawi","child_zinc","Nsanje","TA Ndamera",0.6,4.59409247090427,38.0938181462632,"unreliable"
"Malawi","child_zinc","Ntcheu","SC Goodson Ganya",0.583333333333333,4.92166505058223,38.0960506238927,"unreliable"
"Malawi","child_zinc","Ntcheu","SC Makwangwala",0.333333333333333,4.92166505058223,63.7468854516591,"unreliable"
"Malawi","child_zinc","Ntcheu","TA Njolomole",0.0666666666666667,5.29953801450429,162.534295048292,"unreliable"
"Malawi","child_zinc","Ntcheu","TA Phambala",0.769230769230769,5.06044383181052,24.3481698660897,"caution"
"Malawi","child_zinc","Ntchisi","SC Chilooko",0.8,4.59409247090427,23.3276042031799,"caution"
"Malawi","child_zinc","Ntchisi","SC Nthondo",0.705882352941177,5.49819079024946,27.5286222325448,"caution"
"Malawi","child_zinc","Ntchisi","TA Kalumo",0.916666666666667,4.92166505058223,13.5908816437327,"unrestricted"
"Malawi","child_zinc","Phalombe","TA Mkhumba",0.688478699948951,10.6813131901535,20.5819393589775,"caution"
"Malawi","child_zinc","Rumphi","Rumphi Boma",0.347126637611102,8.49254139622258,47.0599723541764,"unreliable"
"Malawi","child_zinc","Rumphi","SC Chapinduka",0.181818181818182,4.76715925039357,97.1575213820053,"unreliable"
"Malawi","child_zinc","Rumphi","SC Kachulu",0.333333333333333,4.39890634527742,67.4283666934393,"unreliable"
"Malawi","child_zinc","Rumphi","SC Mwankhunikira",0.2,3.28303387748348,110.38048895933,"unreliable"
"Malawi","child_zinc","Rumphi","TA Chikulamayembe",0.380471042407071,10.2250743371726,39.9058682304345,"unreliable"
"Malawi","child_zinc","Salima","SC Kambwiri",0,5.06044383181052,44453.4506720075,"unreliable"
"Malawi","child_zinc","Salima","TA Karonga",0.714285714285714,3.92272827318691,31.93271778773,"caution"
"Malawi","child_zinc","Salima","TA Khombedza",0.636363636363636,4.76715925039357,34.6219197675836,"unreliable"
"Malawi","child_zinc","Salima","TA Maganga",0.454545454545455,4.76715925039357,50.1719283028397,"unreliable"
"Malawi","child_zinc","Thyolo","SC Mbawela",0.2,4.59409247090427,93.3104168127195,"unreliable"
"Malawi","child_zinc","Thyolo","TA Bvumbwe",0.727272727272727,4.76715925039357,28.0469605618488,"caution"
"Malawi","child_zinc","Thyolo","TA Nchilamwela",0,1,99999.9499999875,"unreliable"
"Malawi","child_zinc","Zomba","SC Mbiza",0.571428571428571,5.18578056214801,38.0297581856968,"unreliable"
"Malawi","child_zinc","Zomba","TA Malemia",0.868507424475984,9.67788308538764,12.50759074997,"unrestricted"
"Malawi","women_zinc","Balaka","TA Kalembo",1,2.65098857983962,0.0614180874893286,"unrestricted"
"Malawi","women_zinc","Balaka","TA Nsamala",0.8,2.9788594410474,28.9697667626413,"caution"
"Malawi","women_zinc","Blantyre","Blantyre City",0.907154934521129,6.23721902899766,12.8098245712013,"unrestricted"
"Malawi","women_zinc","Blantyre","TA Kuntaja",1,1.70995168080871,0.0764730299778756,"unrestricted"
"Malawi","women_zinc","Chikwawa","TA Kasisi",0.857142857142857,3.46922423626475,21.9183667212026,"caution"
"Malawi","women_zinc","Chikwawa","TA Lundu",0.3,3.95786733344831,76.7817093407838,"unreliable"
"Malawi","women_zinc","Chiradzulu","TA Kadewere",0.777777777777778,3.81843017445957,27.3541706006008,"caution"
"Malawi","women_zinc","Chiradzulu","TA Mpama",1,3.65736714447421,0.0522896744039558,"unrestricted"
"Malawi","women_zinc","Chiradzulu","TA Nchema",0.909090909090909,4.07976015455395,15.6560674599315,"unrestricted"
"Malawi","women_zinc","Chitipa","Chitipa Boma",1,2.24006410669871,0.0668143878110364,"unrestricted"
"Malawi","women_zinc","Chitipa","Nyika N.P. - Chitipa",1,2.24006410669871,0.0668143878110364,"unrestricted"
"Malawi","women_zinc","Chitipa","TA Mwabulambya",0.642857142857143,4.36802752128347,35.6632620250397,"unreliable"
"Malawi","women_zinc","Chitipa","TA Mwenemisuku",0.50959454943349,6.47401926964838,38.5547830150991,"unreliable"
"Malawi","women_zinc","Chitipa","TA Mwenewenya",0.714285714285714,3.46922423626475,33.9557877149138,"unreliable"
"Malawi","women_zinc","Dedza","TA Kaphuka",0.333333333333333,3.24654512756709,78.4881830958137,"unreliable"
"Malawi","women_zinc","Dedza","TA Pemba",0.666666666666667,3.81843017445957,36.1861663648121,"unreliable"
"Malawi","women_zinc","Dedza","TA Tambala",0.818181818181818,4.07976015455395,23.3386874004862,"caution"
"Malawi","women_zinc","Dowa","SC Kayembe",0.333333333333333,3.24654512756709,78.4881830958137,"unreliable"
"Malawi","women_zinc","Dowa","SC Mkukula",0.272727272727273,4.07976015455395,80.8475847192193,"unreliable"
"Malawi","women_zinc","Dowa","SC Mponela",0.777777777777778,3.81843017445957,27.3541706006008,"caution"
"Malawi","women_zinc","Dowa","TA Dzoole",0.125,3.65736714447421,138.345405434663,"unreliable"
"Malawi","women_zinc","Karonga","Karonga Town",1,4.18722386469294,0.0488694134956962,"unrestricted"
"Malawi","women_zinc","Karonga","TA Kilupula",0.739633779804418,5.28682743547242,25.803961357833,"caution"
"Malawi","women_zinc","Karonga","TA Kyungu",0.301688932306747,9.85809931292677,48.4560690059151,"unreliable"
"Malawi","women_zinc","Karonga","TA Wasambo",0.833333333333333,3.24654512756709,24.8201427991097,"caution"
"Malawi","women_zinc","Kasungu","SC Kawamba",0.428571428571429,3.46922423626475,61.9945029643836,"unreliable"
"Malawi","women_zinc","Kasungu","TA Kaluluma",0.4,3.95786733344831,61.56232498373,"unreliable"
"Malawi","women_zinc","Kasungu","TA Mwase",0.666666666666667,3.24654512756709,39.2440915479068,"unreliable"
"Malawi","women_zinc","Kasungu","TA Santhe",0.375,3.65736714447421,67.5056456278909,"unreliable"
"Malawi","women_zinc","Lilongwe","Lilongwe City",1,1.70995168080871,0.0764730299778756,"unrestricted"
"Malawi","women_zinc","Lilongwe","TA Chiseka",0.75,3.65736714447421,30.1894424977951,"caution"
"Malawi","women_zinc","Lilongwe","TA Kabudula",0.833333333333333,3.24654512756709,24.8201427991097,"caution"
"Malawi","women_zinc","Lilongwe","TA Khongoni",0.333333333333333,3.24654512756709,78.4881830958137,"unreliable"
"Malawi","women_zinc","Machinga","TA Kawinga",0.75,3.65736714447421,30.1894424977951,"caution"
"Malawi","women_zinc","Mangochi","SC Chowe",0.375,3.65736714447421,67.5056456278909,"unreliable"
"Malawi","women_zinc","Mangochi","TA Mponda",0.6,2.9788594410474,47.3074310239406,"unreliable"
"Malawi","women_zinc","Mangochi","TA Nankumba",0.363636363636364,4.07976015455395,65.4940290822278,"unreliable"
"Malawi","women_zinc","Mchinji","SC Dambe",1,4.18722386469294,0.0488694134956962,"unrestricted"
"Malawi","women_zinc","Mchinji","SC Mduwa",0.5,3.24654512756709,55.4995265100612,"unreliable"
"Malawi","women_zinc","Mchinji","TA Mlonyeni",0.777777777777778,3.81843017445957,27.3541706006008,"caution"
"Malawi","women_zinc","Mchinji","TA Zulu",0.375,3.65736714447421,67.5056456278909,"unreliable"
"Malawi","women_zinc","Mulanje","SC Juma",0.75,2.65098857983962,35.4597316146869,"unreliable"
"Malawi","women_zinc","Mulanje","TA Mabuka",0.473138640981174,7.710997306659,38.0013205910243,"unreliable"
"Malawi","women_zinc","Mwanza","Majete Game Reserve - Mwanza",1,4.07976015455395,0.0495088571297771,"unrestricted"
"Malawi","women_zinc","Mwanza","TA Nthache",0.777777777777778,3.81843017445957,27.3541706006008,"caution"
"Malawi","women_zinc","Mzimba","Mzimba Boma",0.625,3.65736714447421,40.5033873767346,"unreliable"
"Malawi","women_zinc","Mzimba","Mzuzu City",0.727997567884445,6.30322321336201,24.3466989685148,"caution"
"Malawi","women_zinc","Mzimba","TA Chindi",0.832561328514676,6.94232584638951,17.0203023438531,"caution"
"Malawi","women_zinc","Mzimba","TA M'Mbelwa",0.375,3.65736714447421,67.5056456278909,"unreliable"
"Malawi","women_zinc","Mzimba","TA Mabulabo",1,3.24654512756709,0.0554995542606432,"unrestricted"
"Malawi","women_zinc","Mzimba","TA Mtwalo",0.0909090909090909,4.07976015455395,156.560674599315,"unreliable"
"Malawi","women_zinc","Neno","TA Ngozi",0.880091066017518,4.62888743465325,17.1563009129727,"caution"
"Malawi","women_zinc","Neno","TA Symon",0.444444444444444,3.81843017445957,57.2153527512909,"unreliable"
"Malawi","women_zinc","Nkhata Bay","SC Malanda",0.4,2.9788594410474,70.9611465359109,"unreliable"
"Malawi","women_zinc","Nkhata Bay","TA Fukamapiri",1,2.9788594410474,0.0579395624959041,"unrestricted"
"Malawi","women_zinc","Nkhata Bay","TA Kabunduli",1,1.70995168080871,0.0764730299778756,"unrestricted"
"Malawi","women_zinc","Nkhata Bay","TA Musisya",1,2.65098857983962,0.0614180874893286,"unrestricted"
"Malawi","women_zinc","Nkhata Bay","TA Timbiri",0.599654396460158,9.69004261194248,26.248481088302,"caution"
"Malawi","women_zinc","Nkhotakota","Nkhotakota Boma",0.333333333333333,3.24654512756709,78.4881830958137,"unreliable"
"Malawi","women_zinc","Nkhotakota","TA Kanyenda",0.571428571428571,3.46922423626475,46.4958772232878,"unreliable"
"Malawi","women_zinc","Nkhotakota","TA Malenga Chanzi",0.333333333333333,3.24654512756709,78.4881830958137,"unreliable"
"Malawi","women_zinc","Nkhotakota","TA Mwadzama",0.5,3.95786733344831,50.2654278631771,"unreliable"
"Malawi","women_zinc","Nsanje","Nsanje Boma",0.333333333333333,3.24654512756709,78.4881830958137,"unreliable"
"Malawi","women_zinc","Nsanje","SC Mbenje",0.666666666666667,3.81843017445957,36.1861663648121,"unreliable"
"Malawi","women_zinc","Nsanje","TA Ndamera",0.666666666666667,2.24006410669871,47.2448830788731,"unreliable"
"Malawi","women_zinc","Ntcheu","SC Goodson Ganya",0.7,3.95786733344831,32.9064468603359,"caution"
"Malawi","women_zinc","Ntcheu","SC Makwangwala",0.636363636363636,4.07976015455395,37.4251594755588,"unreliable"
"Malawi","women_zinc","Ntcheu","TA Njolomole",0.333333333333333,3.81843017445957,72.3723327296243,"unreliable"
"Malawi","women_zinc","Ntcheu","TA Phambala",0.6,3.95786733344831,41.0415499891534,"unreliable"
"Malawi","women_zinc","Ntchisi","SC Chilooko",0.714285714285714,3.46922423626475,33.9557877149138,"unreliable"
"Malawi","women_zinc","Ntchisi","SC Nthondo",0.75,3.65736714447421,30.1894424977951,"caution"
"Malawi","women_zinc","Ntchisi","TA Kalumo",1,2.65098857983962,0.0614180874893286,"unrestricted"
"Malawi","women_zinc","Phalombe","TA Mkhumba",0.838383490993167,6.27561438421454,17.5264265435773,"caution"
"Malawi","women_zinc","Rumphi","Rumphi Boma",0.405276872084624,7.2377786156349,45.0276058810238,"unreliable"
"Malawi","women_zinc","Rumphi","SC Chapinduka",0.25,3.65736714447421,90.5683274933854,"unreliable"
"Malawi","women_zinc","Rumphi","SC Kachulu",0.333333333333333,3.24654512756709,78.4881830958137,"unreliable"
"Malawi","women_zinc","Rumphi","SC Mwankhunikira",0,3.24654512756709,55499.498760291,"unreliable"
"Malawi","women_zinc","Rumphi","TA Chikulamayembe",0.33779968564391,7.11820603726424,52.4783042972908,"unreliable"
"Malawi","women_zinc","Salima","SC Kambwiri",0.166666666666667,3.24654512756709,124.100713995548,"unreliable"
"Malawi","women_zinc","Salima","TA Karonga",0.571428571428571,3.46922423626475,46.4958772232878,"unreliable"
"Malawi","women_zinc","Salima","TA Khombedza",1,2.24006410669871,0.0668143878110364,"unrestricted"
"Malawi","women_zinc","Salima","TA Maganga",0.4,3.95786733344831,61.56232498373,"unreliable"
"Malawi","women_zinc","Thyolo","SC Mbawela",0.363636363636364,4.07976015455395,65.4940290822278,"unreliable"
"Malawi","women_zinc","Thyolo","TA Bvumbwe",0.8,4.44479778417392,23.7161397363794,"caution"
"Malawi","women_zinc","Thyolo","TA Nchilamwela",1,1.70995168080871,0.0764730299778756,"unrestricted"
"Malawi","women_zinc","Zomba","SC Mbiza",0.571428571428571,3.46922423626475,46.4958772232878,"unreliable"
"Malawi","women_zinc","Zomba","TA Malemia",0.818843515791139,6.22838054590573,18.8468561092086,"caution"
"SierraLeone","child_vitA","Eastern","Kailahun",0.0370382314794529,14.9127086727309,132.038668102799,"unreliable"
"SierraLeone","child_vitA","Eastern","Kenema",0.1373307144043,31.8433003124065,44.4149616937078,"unreliable"
"SierraLeone","child_vitA","Eastern","Kono",0.110818942217789,43.4902551260241,42.9528636404005,"unreliable"
"SierraLeone","child_vitA","Northern","Bombali",0.127659081740227,18.2880649596934,61.1270428108587,"unreliable"
"SierraLeone","child_vitA","Northern","Kambia",0.0696561599989386,21.3599022024654,79.0755732082699,"unreliable"
"SierraLeone","child_vitA","Northern","Koinadugu",0.149259550597387,26.0220453793359,46.8011755035727,"unreliable"
"SierraLeone","child_vitA","Northern","Port Loko",0.19171148088991,35.6225471259919,34.403027236106,"unreliable"
"SierraLeone","child_vitA","Northern","Tonkolili",0.0853298108021494,29.1222028069443,60.6694084034771,"unreliable"
"SierraLeone","child_vitA","Southern","Bo",0.228779264441756,32.1205930371144,32.3958397291504,"caution"
"SierraLeone","child_vitA","Southern","Bonthe",0.111526329552151,26.5616383952364,54.7653851661001,"unreliable"
"SierraLeone","child_vitA","Southern","Moyamba",0.0305285160822247,10.1085265711622,177.243673991317,"unreliable"
"SierraLeone","child_vitA","Southern","Pujehun",0.0374541606622702,27.7693254354885,96.2006509937952,"unreliable"
"SierraLeone","child_vitA","Western","Western Rural",0.10080199153594,32.5822697481205,52.324181623944,"unreliable"
"SierraLeone","child_vitA","Western","Western Urban",0.152542372881356,30.471478793178,42.6989289911011,"unreliable"
"SierraLeone","women_vitA","Eastern","Kailahun",0.0326298672048461,40.0246447524587,86.0646765976528,"unreliable"
"SierraLeone","women_vitA","Eastern","Kenema",0,59.4303960032804,12971.6574293922,"unreliable"
"SierraLeone","women_vitA","Eastern","Kono",0,28.5991769217145,18699.1995244,"unreliable"
"SierraLeone","women_vitA","Northern","Bombali",0.0151665692493716,20.853573837651,176.460484792377,"unreliable"
"SierraLeone","women_vitA","Northern","Kambia",0,20.853656212994,21898.2131152685,"unreliable"
"SierraLeone","women_vitA","Northern","Koinadugu",0,31.4439810079227,17833.2714479712,"unreliable"
"SierraLeone","women_vitA","Northern","Port Loko",0.0134047783908162,54.9134366613227,115.77115671119,"unreliable"
"SierraLeone","women_vitA","Northern","Tonkolili",0.0516758722472825,46.4254441400736,62.8718816953653,"unreliable"
"SierraLeone","women_vitA","Southern","Bo",0.0132562233766163,43.3913193001592,130.975740864001,"unreliable"
"SierraLeone","women_vitA","Southern","Bonthe",0,33.0334055278781,17398.9527373787,"unreliable"
"SierraLeone","women_vitA","Southern","Moyamba",0,17.300387392778,24042.0706392552,"unreliable"
"SierraLeone","women_vitA","Southern","Pujehun",0.0262760634580409,52.3204677832114,84.1592706201183,"unreliable"
"SierraLeone","women_vitA","Western","Western Rural",0.00526115895698939,61.2402945023535,175.70947898172,"unreliable"
"SierraLeone","women_vitA","Western","Western Urban",0.023598820058997,78.0183299389002,72.8233542349204,"unreliable"
"SierraLeone","child_iron","Eastern","Kailahun",0.148152925917811,15.1239429361643,61.6585328419829,"unreliable"
"SierraLeone","child_iron","Eastern","Kenema",0.0600915315124487,32.2943515757549,69.5941701218798,"unreliable"
"SierraLeone","child_iron","Eastern","Kono",0.0659677589017379,44.6222048398753,56.3299746654382,"unreliable"
"SierraLeone","child_iron","Northern","Bombali",0.0425453078436351,18.6604424665724,109.817692000269,"unreliable"
"SierraLeone","child_iron","Northern","Kambia",0.0596959960988812,22.0406552730492,84.5374785065313,"unreliable"
"SierraLeone","child_iron","Northern","Koinadugu",0.144279900132753,26.6670863635991,47.1601487616498,"unreliable"
"SierraLeone","child_iron","Northern","Port Loko",0.0259072617146139,36.2690443717002,101.817244694888,"unreliable"
"SierraLeone","child_iron","Northern","Tonkolili",0.0272995955838522,29.8183095398453,109.312526499128,"unreliable"
"SierraLeone","child_iron","Southern","Bo",0.0184507180396902,32.8883701598181,127.182759266769,"unreliable"
"SierraLeone","child_iron","Southern","Bonthe",0.0185877215920252,27.0907231238877,139.605447549994,"unreliable"
"SierraLeone","child_iron","Southern","Moyamba",0.114506861174491,10.2696090152008,86.7760526109869,"unreliable"
"SierraLeone","child_iron","Southern","Pujehun",0,28.3224662393141,18790.3231472754,"unreliable"
"SierraLeone","child_iron","Western","Western Rural",0.0887106685475689,33.1014781220021,55.707866122771,"unreliable"
"SierraLeone","child_iron","Western","Western Urban",0.0169491525423729,30.8053097345133,137.214878969553,"unreliable"
"SierraLeone","women_iron","Eastern","Kailahun",0.0925293996458737,28.7796003101499,58.3759593333014,"unreliable"
"SierraLeone","women_iron","Eastern","Kenema",0.139662082095339,45.7499021516102,36.6944338238381,"unreliable"
"SierraLeone","women_iron","Eastern","Kono",0.15760539803868,25.2205230060802,46.0357474980742,"unreliable"
"SierraLeone","women_iron","Northern","Bombali",0.11326263756308,17.5037453852976,66.8788312246544,"unreliable"
"SierraLeone","women_iron","Northern","Kambia",0,16.2024671904572,24843.2956357766,"unreliable"
"SierraLeone","women_iron","Northern","Koinadugu",0.269407181266543,24.4307312547319,33.3169227869147,"unreliable"
"SierraLeone","women_iron","Northern","Port Loko",0.12002174519039,42.4028625902337,41.5822909896113,"unreliable"
"SierraLeone","women_iron","Northern","Tonkolili",0.0375274265460776,35.412536826178,85.1022945894622,"unreliable"
"SierraLeone","women_iron","Southern","Bo",0.198938548716331,32.7989096614263,35.0383575866563,"unreliable"
"SierraLeone","women_iron","Southern","Bonthe",0.0410162345542777,27.1812758607193,92.7454930745679,"unreliable"
"SierraLeone","women_iron","Southern","Moyamba",0.113039065099922,13.8272196836453,75.3304455668543,"unreliable"
"SierraLeone","women_iron","Southern","Pujehun",0.135885460249415,38.5039608606716,40.6393223798676,"unreliable"
"SierraLeone","women_iron","Western","Western Rural",0.120725308347446,46.2907078977538,39.665799626168,"unreliable"
"SierraLeone","women_iron","Western","Western Urban",0.162241887905605,60.0590135818665,29.3216717615582,"caution"
"SierraLeone","women_folate","Eastern","Kailahun",0.616787954365285,18.9776067392453,18.0938469658696,"caution"
"SierraLeone","women_folate","Eastern","Kenema",0.838013898350445,32.7837464700787,7.67863413098513,"unrestricted"
"SierraLeone","women_folate","Eastern","Kono",0.938466628111649,20.1749522018326,5.70085090435535,"unrestricted"
"SierraLeone","women_folate","Northern","Bombali",0.760727103336935,13.8497137585055,15.069953420835,"unrestricted"
"SierraLeone","women_folate","Northern","Kambia",0.87154160897913,11.6598179628056,11.2432350736198,"unrestricted"
"SierraLeone","women_folate","Northern","Koinadugu",0.69577564420571,16.9428029368076,16.0645938199521,"unrestricted"
"SierraLeone","women_folate","Northern","Port Loko",0.780274889131643,28.6801917063308,9.90888996740638,"unrestricted"
"SierraLeone","women_folate","Northern","Tonkolili",0.690437680490269,25.2212628888755,13.3330156581677,"unrestricted"
"SierraLeone","women_folate","Southern","Bo",0.836362794547867,22.8540124307091,9.25257139515663,"unrestricted"
"SierraLeone","women_folate","Southern","Bonthe",0.97997447408034,20.6724084764389,3.14404710822958,"unrestricted"
"SierraLeone","women_folate","Southern","Moyamba",0.883218295457945,12.3120857269196,10.3630492287215,"unrestricted"
"SierraLeone","women_folate","Southern","Pujehun",0.925902343714761,17.5553241181062,6.75173235237877,"unrestricted"
"SierraLeone","women_folate","Western","Western Rural",0.758926669420034,32.0013581934026,9.96300782037556,"unrestricted"
"SierraLeone","women_folate","Western","Western Urban",0.73202614379085,40.2703717905362,9.53432819717636,"unrestricted"
"SierraLeone","women_b12","Eastern","Kailahun",0,40.9055046273123,15635.3967329843,"unreliable"
"SierraLeone","women_b12","Eastern","Kenema",0.0199566462511644,64.639452407923,87.1625706036304,"unreliable"
"SierraLeone","women_b12","Eastern","Kono",0,27.7278408513688,18990.734253113,"unreliable"
"SierraLeone","women_b12","Northern","Bombali",0,22.1711769908878,21237.5986103018,"unreliable"
"SierraLeone","women_b12","Northern","Kambia",0,21.7641728425407,21435.2572388208,"unreliable"
"SierraLeone","women_b12","Northern","Koinadugu",0,30.6465349451942,18063.7990709899,"unreliable"
"SierraLeone","women_b12","Northern","Port Loko",0,51.8773960035535,13883.8751172587,"unreliable"
"SierraLeone","women_b12","Northern","Tonkolili",0.0131527678274832,49.700713815477,122.866948842005,"unreliable"
"SierraLeone","women_b12","Southern","Bo",0.0129138457293378,45.0358388617815,130.277856633684,"unreliable"
"SierraLeone","women_b12","Southern","Bonthe",0,33.9292363769275,17167.7246918142,"unreliable"
"SierraLeone","women_b12","Southern","Moyamba",0,25.969183580501,19623.2363459791,"unreliable"
"SierraLeone","women_b12","Southern","Pujehun",0,32.9715477524509,17415.2661388641,"unreliable"
"SierraLeone","women_b12","Western","Western Rural",0,61.5824333789575,12742.9905196246,"unreliable"
"SierraLeone","women_b12","Western","Western Urban",0.0128205128205128,73.7454545454545,102.182784748772,"unreliable"
