"country","outcome","target","estimand","arm","rep","n_areas","predictor_tiers","n","spearman","pearson","mae","wmae","bias","rmse_sd","topk"
"Ghana","child_vitA","prev","infill","null_train_mean",1,75,"open,survey_public",75,-0.19335497273896,-0.213310004815244,14.2520671871185,12.4866185488917,-2.58288580049411e-16,1.00594224955625,0.210526315789474
"Ghana","child_vitA","prev","infill","spatial",1,75,"open,survey_public",75,0.247436918660004,0.236547455983878,15.3026069312479,14.0129005605022,-3.84065904698821,1.09677353636271,0.526315789473684
"Ghana","child_vitA","prev","infill","domain_index",1,75,"open,survey_public",75,0.224666912160387,0.441461703941186,21.7726562725747,21.6502174904722,2.37701731887912,1.46640573641763,0.526315789473684
"Ghana","child_vitA","prev","infill","domain_enet",1,75,"open,survey_public",75,0.294116143991928,0.339748553024085,14.0327617597506,12.8315419085526,-4.1746038608784,0.992861796342908,0.421052631578947
"Ghana","child_vitA","prev","infill","raw_enet",1,75,"open,survey_public",75,0.152036561109374,0.151726408224932,14.6267142574023,13.5089910084035,-6.04203367804809,1.06250238055179,0.315789473684211
"Ghana","child_vitA","prev","infill","spatial_plus_domain",1,75,"open,survey_public",75,0.24164117591745,0.258356724691184,15.1210484135807,13.8723855387069,-3.292380587301,1.07713301322516,0.473684210526316
"Ghana","child_vitA","prev","infill","region_mean_jk",1,75,"open,survey_public",75,0.259120060149215,0.258374019651237,15.9878251252209,15.4120513565489,-2.39368255818893,1.16259194634662,0.473684210526316
"Ghana","child_vitA","prev","infill","null_train_mean",2,75,"open,survey_public",75,-0.183545532182868,-0.205554615063567,14.2284429937182,12.4418802445259,-1.85091380879484e-16,1.0050457278359,0.210526315789474
"Ghana","child_vitA","prev","infill","spatial",2,75,"open,survey_public",75,0.217917079089206,0.237926981297575,15.6499687466823,14.8964828593048,-3.25827930696732,1.10202808313304,0.473684210526316
"Ghana","child_vitA","prev","infill","domain_index",2,75,"open,survey_public",75,0.242039900233891,0.427951034076482,21.5051712472733,21.3156152051159,2.91230397075531,1.48121212510198,0.526315789473684
"Ghana","child_vitA","prev","infill","domain_enet",2,75,"open,survey_public",75,0.200501370553226,0.234092929641079,14.1608197300797,13.1800198947764,-5.17107695580214,1.02223402074864,0.368421052631579
"Ghana","child_vitA","prev","infill","raw_enet",2,75,"open,survey_public",75,0.26418333995053,0.293377407531634,13.9973324387612,13.1969487776598,-5.75492501274741,1.0063739266375,0.368421052631579
"Ghana","child_vitA","prev","infill","spatial_plus_domain",2,75,"open,survey_public",75,0.228924718253812,0.249010031574093,15.4077183021954,14.6149709265511,-3.2301677461583,1.08791576016818,0.473684210526316
"Ghana","child_vitA","prev","infill","region_mean_jk",2,75,"open,survey_public",75,0.298423006211147,0.214908714882548,17.2929342316039,17.3400350144833,-1.85837438351875,1.25706203116291,0.263157894736842
"Ghana","child_vitA","prev","infill","null_train_mean",3,75,"open,survey_public",75,-0.173518104058863,-0.202409256041395,14.2470580530363,12.4931242347878,4.05550340127255e-16,1.00469136704438,0.263157894736842
"Ghana","child_vitA","prev","infill","spatial",3,75,"open,survey_public",75,0.263414371625965,0.285874750859902,15.0014038100678,14.1570388140711,-4.59957905782645,1.04402478308919,0.526315789473684
"Ghana","child_vitA","prev","infill","domain_index",3,75,"open,survey_public",75,0.279534226133511,0.449432827274734,21.6120429232143,21.4770628142479,2.64612571606219,1.45994976329374,0.578947368421053
"Ghana","child_vitA","prev","infill","domain_enet",3,75,"open,survey_public",75,0.263186529159427,0.282344498300863,14.4318766780476,13.3966429423829,-4.7999434479078,1.01882500449484,0.526315789473684
"Ghana","child_vitA","prev","infill","raw_enet",3,75,"open,survey_public",75,0.166310760418404,0.14391225023874,14.8491934533776,13.8111541024602,-5.69464151576213,1.06217697604976,0.473684210526316
"Ghana","child_vitA","prev","infill","spatial_plus_domain",3,75,"open,survey_public",75,0.314508044747057,0.328417246456907,14.5992792025578,13.8222352953353,-4.54186906352707,1.01819065263343,0.526315789473684
"Ghana","child_vitA","prev","infill","region_mean_jk",3,75,"open,survey_public",75,0.353866752474128,0.361023766812586,14.3074779735627,13.9455388112442,-2.90157094722528,1.0506883697352,0.473684210526316
"Ghana","child_vitA","prev","infill","null_train_mean",4,75,"open,survey_public",75,-0.214935741962361,-0.219241590300701,14.3728070237752,12.7094310438335,-2.58293097558463e-16,1.00664978132711,0.157894736842105
"Ghana","child_vitA","prev","infill","spatial",4,75,"open,survey_public",75,0.248462209759424,0.20739515681329,15.6239125674695,14.6036753926909,-3.9182059193322,1.10907195599966,0.473684210526316
"Ghana","child_vitA","prev","infill","domain_index",4,75,"open,survey_public",75,0.213730473766575,0.423024756564385,21.1025018399104,20.6205535672468,2.3111749076763,1.45638940716678,0.578947368421053
"Ghana","child_vitA","prev","infill","domain_enet",4,75,"open,survey_public",75,0.221163834237369,0.268462681329995,14.4564851867402,13.4699687076721,-4.7848809242959,1.01885667517264,0.421052631578947
"Ghana","child_vitA","prev","infill","raw_enet",4,75,"open,survey_public",75,0.298687233476841,0.330376040754191,13.821581754384,12.9755409043519,-5.10312505186508,0.980429446846164,0.473684210526316
"Ghana","child_vitA","prev","infill","spatial_plus_domain",4,75,"open,survey_public",75,0.258202475203913,0.220307449538537,15.4844458916654,14.4626547480766,-3.73095871457877,1.10287882937222,0.473684210526316
"Ghana","child_vitA","prev","infill","region_mean_jk",4,75,"open,survey_public",75,0.263087829771013,0.289080969628442,15.1297249024408,14.6304550370771,-2.93803075871632,1.04790550799233,0.315789473684211
"Ghana","child_vitA","prev","infill","null_train_mean",5,75,"open,survey_public",75,-0.142999844551023,-0.180302750981249,14.1623529515437,12.4385654707279,-7.76415245753078e-16,1.00235183802046,0.0526315789473684
"Ghana","child_vitA","prev","infill","spatial",5,75,"open,survey_public",75,0.332066154824623,0.304421762922152,14.3077999360883,13.2209817824342,-4.11122575026459,1.05193769481717,0.368421052631579
"Ghana","child_vitA","prev","infill","domain_index",5,75,"open,survey_public",75,0.270263885776256,0.417145139451291,21.20942684145,20.7587401250012,2.25234545913411,1.46904208877054,0.526315789473684
"Ghana","child_vitA","prev","infill","domain_enet",5,75,"open,survey_public",75,0.288989688494828,0.310555320070536,14.2593117397849,13.4028620134426,-4.70075859450544,1.00245305487095,0.368421052631579
"Ghana","child_vitA","prev","infill","raw_enet",5,75,"open,survey_public",75,0.333034485307408,0.312125874199746,13.9568232101383,13.1844130397152,-5.77149096587489,1.0011089575718,0.526315789473684
"Ghana","child_vitA","prev","infill","spatial_plus_domain",5,75,"open,survey_public",75,0.326740337169303,0.338847714171133,14.0657471675145,12.9472739815332,-3.79546731541626,1.01772426575816,0.526315789473684
"Ghana","child_vitA","prev","infill","region_mean_jk",5,75,"open,survey_public",75,0.30847040503809,0.223093544827615,15.7173751708329,15.2962866309544,-3.32068437158183,1.20114043284425,0.526315789473684
"Ghana","child_vitA","prev","infill","null_train_mean",6,75,"open,survey_public",75,-0.255481429594206,-0.284384048979931,14.339694771684,12.4231434964995,-2.58003976979134e-16,1.01565343307944,0.210526315789474
"Ghana","child_vitA","prev","infill","spatial",6,75,"open,survey_public",75,0.255283243601398,0.261824366078345,15.6695206603181,15.0222297474964,-3.98811801137822,1.09092602958131,0.473684210526316
"Ghana","child_vitA","prev","infill","domain_index",6,75,"open,survey_public",75,0.258529998749562,0.396086916958576,21.674687825277,21.3245711128742,2.26019838964223,1.49059676418252,0.473684210526316
"Ghana","child_vitA","prev","infill","domain_enet",6,75,"open,survey_public",75,0.182373654309316,0.17996637552996,15.0584486276378,14.1630854522054,-5.21736261974836,1.06847973546646,0.263157894736842
"Ghana","child_vitA","prev","infill","raw_enet",6,75,"open,survey_public",75,0.138485499192481,0.134767124349033,14.6493218110161,13.7550361698365,-5.68559989053577,1.0570558645798,0.315789473684211
"Ghana","child_vitA","prev","infill","spatial_plus_domain",6,75,"open,survey_public",75,0.247066674651881,0.249775430918888,15.8320429300148,15.2156554451686,-4.01319200812166,1.0967281462436,0.421052631578947
"Ghana","child_vitA","prev","infill","region_mean_jk",6,75,"open,survey_public",75,0.331312941958685,0.261349077054891,16.0125434959154,15.6145213640496,-2.69618825069636,1.20469240121966,0.473684210526316
"Ghana","child_vitA","prev","infill","null_train_mean",7,75,"open,survey_public",75,-0.199240637072614,-0.196764171017674,14.3035753645643,12.5530426684132,4.05545822618203e-16,1.00406878440155,0.157894736842105
"Ghana","child_vitA","prev","infill","spatial",7,75,"open,survey_public",75,0.311147368365625,0.28576073251358,14.4817314927855,13.5571084806948,-4.35766218366647,1.05354648091139,0.526315789473684
"Ghana","child_vitA","prev","infill","domain_index",7,75,"open,survey_public",75,0.309182227091737,0.437342059812472,21.649805276535,21.3709226586436,2.55485246744274,1.47907848829773,0.526315789473684
"Ghana","child_vitA","prev","infill","domain_enet",7,75,"open,survey_public",75,0.30915374678342,0.290048396469617,13.9448923366772,13.0780757770374,-4.24272580886234,1.01727295500533,0.421052631578947
"Ghana","child_vitA","prev","infill","raw_enet",7,75,"open,survey_public",75,0.270520208551111,0.29943652921624,13.8932308204961,13.0503361916526,-5.34022011202501,0.994675465567627,0.421052631578947
"Ghana","child_vitA","prev","infill","spatial_plus_domain",7,75,"open,survey_public",75,0.297718902994056,0.298827528871702,14.5644742962674,13.5292655650869,-3.9681980393668,1.04815947520722,0.578947368421053
"Ghana","child_vitA","prev","infill","region_mean_jk",7,75,"open,survey_public",75,0.285251363059367,0.285813263127316,15.3669428437756,14.8728178474252,-4.28635296165427,1.12369147239114,0.473684210526316
"Ghana","child_vitA","prev","infill","null_train_mean",8,75,"open,survey_public",75,-0.211229953307837,-0.255840674574694,14.3823534300812,12.6432088940235,-6.29415501200251e-16,1.01143160265154,0.0526315789473684
"Ghana","child_vitA","prev","infill","spatial",8,75,"open,survey_public",75,0.263798855788247,0.248553465366232,14.9292643506182,13.778311661655,-3.73177419386105,1.08080912596795,0.526315789473684
"Ghana","child_vitA","prev","infill","domain_index",8,75,"open,survey_public",75,0.254058590343758,0.433160137959444,21.7831154502822,21.2833334214803,3.0988465272487,1.47007846584315,0.526315789473684
"Ghana","child_vitA","prev","infill","domain_enet",8,75,"open,survey_public",75,0.168703106317051,0.219796603785584,14.8399924720677,13.707444148061,-4.78818040048101,1.02703490171243,0.421052631578947
"Ghana","child_vitA","prev","infill","raw_enet",8,75,"open,survey_public",75,0.20138426011106,0.21366955386237,14.1341996121496,13.1378379410652,-5.20181002483571,1.01825616164791,0.526315789473684
"Ghana","child_vitA","prev","infill","spatial_plus_domain",8,75,"open,survey_public",75,0.267629457256913,0.253447154853565,14.6606612838862,13.5097512871888,-3.47390962885754,1.07478289766406,0.526315789473684
"Ghana","child_vitA","prev","infill","region_mean_jk",8,75,"open,survey_public",75,0.331685805086234,0.303820871916223,14.9025221434745,14.5327513339884,-2.47055310691305,1.11657524130226,0.473684210526316
"Ghana","child_vitA","prev","infill","null_train_mean",9,75,"open,survey_public",75,-0.216461654937753,-0.253525781742768,14.3308057899925,12.6031024805853,-7.02784365714156e-16,1.01110804090427,0.210526315789474
"Ghana","child_vitA","prev","infill","spatial",9,75,"open,survey_public",75,0.334814504577234,0.297212474907644,14.2469201551808,13.1866313669434,-4.23655180122924,1.04973458428933,0.578947368421053
"Ghana","child_vitA","prev","infill","domain_index",9,75,"open,survey_public",75,0.304269373907016,0.449734677639453,20.5345543819428,20.397983533376,2.05686074981376,1.4168728320742,0.473684210526316
"Ghana","child_vitA","prev","infill","domain_enet",9,75,"open,survey_public",75,0.00978298590696496,0.0164029491642064,17.7457881764088,16.6170714474289,-4.15772249184912,1.26209521257612,0.210526315789474
"Ghana","child_vitA","prev","infill","raw_enet",9,75,"open,survey_public",75,0.143341391760567,0.174593883498263,14.6434228147429,13.6365343722299,-5.06702054460799,1.05760331481279,0.263157894736842
"Ghana","child_vitA","prev","infill","spatial_plus_domain",9,75,"open,survey_public",75,0.324433432195608,0.297783007435334,14.4149736057551,13.2917264937265,-3.82717824512743,1.05080476352171,0.473684210526316
"Ghana","child_vitA","prev","infill","region_mean_jk",9,75,"open,survey_public",75,0.345745757136909,0.249709013583382,16.1341754429237,15.9159064986359,-0.971617332039862,1.2792566060754,0.526315789473684
"Ghana","child_vitA","prev","infill","null_train_mean",10,75,"open,survey_public",75,-0.232156759827499,-0.244776638214697,14.2518537296882,12.4647285853132,3.32167923086194e-16,1.00991080107026,0.210526315789474
"Ghana","child_vitA","prev","infill","spatial",10,75,"open,survey_public",75,0.29501327370392,0.255527887047528,14.6546866987956,13.6407267249306,-4.08055564936419,1.07584096772632,0.473684210526316
"Ghana","child_vitA","prev","infill","domain_index",10,75,"open,survey_public",75,0.294671510004113,0.441073750001431,21.782483651972,21.5352844722411,2.96725140871064,1.48426584325036,0.526315789473684
"Ghana","child_vitA","prev","infill","domain_enet",10,75,"open,survey_public",75,0.169850888280926,0.188311436867438,14.377317483427,13.3447529627481,-5.77491231480011,1.04094742805035,0.368421052631579
"Ghana","child_vitA","prev","infill","raw_enet",10,75,"open,survey_public",75,0.209116663819185,0.222809077182961,13.8781155757999,12.8377694572656,-5.44913872471778,1.01860283804801,0.421052631578947
"Ghana","child_vitA","prev","infill","spatial_plus_domain",10,75,"open,survey_public",75,0.307331007051117,0.262171612625368,14.6225732718601,13.697790761876,-4.20954515638809,1.06855368420268,0.473684210526316
"Ghana","child_vitA","prev","infill","region_mean_jk",10,75,"open,survey_public",75,0.358460679850242,0.334999972392061,14.4020917856495,14.4542700905596,-2.63832404663832,1.04716630503401,0.421052631578947
"Ghana","child_vitA","prev","region","null_train_mean",1,75,"open,survey_public",75,-0.512716639827331,-0.553612897437177,14.548691959788,12.8289001260216,0.0105250901066283,1.02501443827838,0.263157894736842
"Ghana","child_vitA","prev","region","spatial",1,75,"open,survey_public",75,0.250683673808168,0.159390985514671,15.806754531353,14.6175795208225,-3.11173574794901,1.1762020679186,0.368421052631579
"Ghana","child_vitA","prev","region","domain_index",1,75,"open,survey_public",75,0.231801229393851,0.404241933619039,20.6998240471511,19.6490606959935,3.1597823416322,1.43066287455967,0.473684210526316
"Ghana","child_vitA","prev","region","domain_enet",1,75,"open,survey_public",75,0.0227130458829827,0.0949155194307632,15.1260127370191,13.4968635688768,-4.69648502639649,1.06095511910281,0.315789473684211
"Ghana","child_vitA","prev","region","raw_enet",1,75,"open,survey_public",75,-0.0422362972344368,-0.0316501501609999,14.7426101873813,13.4026945589708,-4.96907778200458,1.07431990831594,0.157894736842105
"Ghana","child_vitA","prev","region","spatial_plus_domain",1,75,"open,survey_public",75,0.222659050424023,0.136807339775419,16.2162990534306,15.03179772626,-3.57383733693144,1.18017560784569,0.368421052631579
"Ghana","child_vitA","level","infill","null_train_mean",1,75,"open,survey_public",75,-0.188137536325636,-0.232210665880861,0.104159220337182,0.0990443582147709,4.26669694945462e-18,1.00826249656291,0.263157894736842
"Ghana","child_vitA","level","infill","spatial",1,75,"open,survey_public",75,0.299288762446657,0.395668302391331,0.0990449183803155,0.0932825408707356,0.00402230479209093,0.925800974344631,0.631578947368421
"Ghana","child_vitA","level","infill","domain_index",1,75,"open,survey_public",75,0.247937411095306,0.400167161432439,0.121169063863182,0.120333656857932,-0.00128722458785338,1.09081771078157,0.631578947368421
"Ghana","child_vitA","level","infill","domain_enet",1,75,"open,survey_public",75,0.325718349928876,0.364835575712203,0.102016789891254,0.0985528506031494,-0.00552211425300952,0.937573406960781,0.631578947368421
"Ghana","child_vitA","level","infill","raw_enet",1,75,"open,survey_public",75,0.366600284495021,0.358428664987255,0.101093013044997,0.0996284932567463,-0.00205377603379646,0.931918362183908,0.526315789473684
"Ghana","child_vitA","level","infill","spatial_plus_domain",1,75,"open,survey_public",75,0.321820768136558,0.406966722009725,0.0980270333546192,0.0923214869516504,0.00386284488682401,0.918451483950636,0.631578947368421
"Ghana","child_vitA","level","infill","region_mean_jk",1,75,"open,survey_public",75,0.333779182553435,0.367951551554374,0.106619018952708,0.105918930034985,0.00113265550991328,0.987152992776486,0.578947368421053
"Ghana","child_vitA","level","infill","null_train_mean",2,75,"open,survey_public",75,-0.101472328620077,-0.0873018917051422,0.103327439521589,0.0985714408645199,-5.35884993787169e-18,0.995437926708921,0.105263157894737
"Ghana","child_vitA","level","infill","spatial",2,75,"open,survey_public",75,0.312546230440967,0.41234149968691,0.0998942684739492,0.0936137662995846,0.00132131777503153,0.916334755689566,0.631578947368421
"Ghana","child_vitA","level","infill","domain_index",2,75,"open,survey_public",75,0.248620199146515,0.40221131269586,0.117852737482595,0.114242046565925,0.004024489371964,1.06230721157294,0.631578947368421
"Ghana","child_vitA","level","infill","domain_enet",2,75,"open,survey_public",75,0.281877667140825,0.388922806008962,0.0985990580137566,0.0936562781032997,0.00210956536094124,0.915239887917428,0.631578947368421
"Ghana","child_vitA","level","infill","raw_enet",2,75,"open,survey_public",75,0.417923186344239,0.461383599176946,0.0966613382436396,0.0923767733235407,0.00183246407414925,0.881380547871589,0.631578947368421
"Ghana","child_vitA","level","infill","spatial_plus_domain",2,75,"open,survey_public",75,0.320369843527738,0.413442755101965,0.100076001460775,0.0940619500774783,0.000138363754990677,0.915556635523234,0.631578947368421
"Ghana","child_vitA","level","infill","region_mean_jk",2,75,"open,survey_public",75,0.390721538382387,0.38884991012235,0.107208734815924,0.105931550030921,0.00447004445154494,0.978667243252679,0.473684210526316
"Ghana","child_vitA","level","infill","null_train_mean",3,75,"open,survey_public",75,-0.216009763929434,-0.19985778354303,0.104309256441568,0.0994448176805352,-5.6324302860622e-19,1.00440783839951,0.105263157894737
"Ghana","child_vitA","level","infill","spatial",3,75,"open,survey_public",75,0.251977240398293,0.393036214773148,0.100544255939637,0.0965017352792898,-0.00874914873649587,0.926217556183415,0.578947368421053
"Ghana","child_vitA","level","infill","domain_index",3,75,"open,survey_public",75,0.287994310099573,0.439890472136278,0.117370016846278,0.116308266538907,-0.00086202577616808,1.0505270231887,0.631578947368421
"Ghana","child_vitA","level","infill","domain_enet",3,75,"open,survey_public",75,0.313371266002845,0.372736295870608,0.10021804583542,0.0986867206150342,-0.0026493679215087,0.939768317848875,0.631578947368421
"Ghana","child_vitA","level","infill","raw_enet",3,75,"open,survey_public",75,0.451778093883357,0.522230232214988,0.0930231131605751,0.0911436063950898,0.000927754289165177,0.853609693558532,0.631578947368421
"Ghana","child_vitA","level","infill","spatial_plus_domain",3,75,"open,survey_public",75,0.280199146514936,0.395791536348082,0.100771893252465,0.096746246705896,-0.00940283113357567,0.927083669464958,0.578947368421053
"Ghana","child_vitA","level","infill","region_mean_jk",3,75,"open,survey_public",75,0.391294775431126,0.468228658589731,0.0988238227627804,0.097170219151698,0.000544433598503797,0.905358531149179,0.631578947368421
"Ghana","child_vitA","level","infill","null_train_mean",4,75,"open,survey_public",75,-0.239526955970138,-0.246075575474642,0.104665168272769,0.100067660356454,-6.85410025900076e-18,1.01008597974417,0.157894736842105
"Ghana","child_vitA","level","infill","spatial",4,75,"open,survey_public",75,0.35126600284495,0.368704530094369,0.100969944508713,0.0933305349053904,-0.00316311763374944,0.942408812711896,0.526315789473684
"Ghana","child_vitA","level","infill","domain_index",4,75,"open,survey_public",75,0.213428165007112,0.371891836941147,0.120578171974434,0.116718161129762,0.000222513482961321,1.09260782320332,0.526315789473684
"Ghana","child_vitA","level","infill","domain_enet",4,75,"open,survey_public",75,0.249132290184922,0.25828640286889,0.109685301083775,0.106961082063486,-0.00400237044967229,0.995222935866078,0.368421052631579
"Ghana","child_vitA","level","infill","raw_enet",4,75,"open,survey_public",75,0.304125177809388,0.297804234365541,0.1042951446873,0.100989984158298,-0.00288267887875692,0.951537239779883,0.526315789473684
"Ghana","child_vitA","level","infill","spatial_plus_domain",4,75,"open,survey_public",75,0.35126600284495,0.368704530094371,0.100969944508714,0.0933305349053914,-0.00316311763375187,0.942408812711894,0.526315789473684
"Ghana","child_vitA","level","infill","region_mean_jk",4,75,"open,survey_public",75,0.323985494219035,0.340246281330081,0.109797952821288,0.107243482643362,0.000850956409053563,0.996534354786434,0.368421052631579
"Ghana","child_vitA","level","infill","null_train_mean",5,75,"open,survey_public",75,-0.214703253260506,-0.244557876860239,0.103914930131243,0.0990936236317937,-1.66406963440317e-18,1.00988138648371,0.105263157894737
"Ghana","child_vitA","level","infill","spatial",5,75,"open,survey_public",75,0.311123755334282,0.440986734778329,0.0969755374246119,0.0906205900257849,0.00430914817379386,0.901592749877781,0.578947368421053
"Ghana","child_vitA","level","infill","domain_index",5,75,"open,survey_public",75,0.258890469416785,0.412072549323136,0.118983385105062,0.116461617241107,0.00273619692013101,1.06484544009088,0.526315789473684
"Ghana","child_vitA","level","infill","domain_enet",5,75,"open,survey_public",75,0.303499288762447,0.329739576509963,0.102792259218678,0.0987443353980757,0.000201870904619871,0.948057925209277,0.578947368421053
"Ghana","child_vitA","level","infill","raw_enet",5,75,"open,survey_public",75,0.307311522048364,0.34726905901341,0.102121908838035,0.0990991217497021,0.000256790014767328,0.93836443458055,0.526315789473684
"Ghana","child_vitA","level","infill","spatial_plus_domain",5,75,"open,survey_public",75,0.333911806543385,0.453853717147568,0.0959422321864865,0.0901245178945082,0.00500889510492439,0.893789309513311,0.578947368421053
"Ghana","child_vitA","level","infill","region_mean_jk",5,75,"open,survey_public",75,0.417619505398357,0.436377348065589,0.100074209760037,0.0980331808571274,0.000680388808587373,0.92473503702159,0.578947368421053
"Ghana","child_vitA","level","infill","null_train_mean",6,75,"open,survey_public",75,-0.245624005758469,-0.235909380572961,0.105238811850606,0.100170563237921,1.12947213069583e-17,1.00873892190158,0.210526315789474
"Ghana","child_vitA","level","infill","spatial",6,75,"open,survey_public",75,0.382048364153627,0.491448760433947,0.0923903487602921,0.0872815515362153,-0.0001576491895064,0.867987036652615,0.631578947368421
"Ghana","child_vitA","level","infill","domain_index",6,75,"open,survey_public",75,0.282816500711238,0.427074539485465,0.117965653803805,0.116045503539005,0.00221418234618821,1.04955245224267,0.578947368421053
"Ghana","child_vitA","level","infill","domain_enet",6,75,"open,survey_public",75,0.310156472261735,0.379224346638055,0.098501587634239,0.0945983361270698,0.00168763214961056,0.91923311909046,0.578947368421053
"Ghana","child_vitA","level","infill","raw_enet",6,75,"open,survey_public",75,0.423897581792319,0.449049422438181,0.096316034167762,0.0931140470598569,-0.00144231357712967,0.889752079499666,0.631578947368421
"Ghana","child_vitA","level","infill","spatial_plus_domain",6,75,"open,survey_public",75,0.401194879089616,0.493360526572062,0.0923160984502118,0.0872597040873436,0.000311159203395931,0.866640383622274,0.631578947368421
"Ghana","child_vitA","level","infill","region_mean_jk",6,75,"open,survey_public",75,0.454278996285484,0.484359531909674,0.0947080292368468,0.0945210530733668,0.000872764000618802,0.891608984437435,0.631578947368421
"Ghana","child_vitA","level","infill","null_train_mean",7,75,"open,survey_public",75,-0.2051221750217,-0.215853934943175,0.104408743293752,0.0998566024142256,4.62443849128432e-18,1.00624337908359,0.105263157894737
"Ghana","child_vitA","level","infill","spatial",7,75,"open,survey_public",75,0.388847795163585,0.464532017226168,0.0953942184903694,0.0910093878273347,8.26747180720766e-05,0.881419158513289,0.578947368421053
"Ghana","child_vitA","level","infill","domain_index",7,75,"open,survey_public",75,0.311948790896159,0.447231659893747,0.116488461641268,0.114655703885701,0.00116297955698038,1.04044217769453,0.578947368421053
"Ghana","child_vitA","level","infill","domain_enet",7,75,"open,survey_public",75,0.340284495021337,0.398836209354347,0.0991778189834904,0.0973152879606426,0.00174941703092671,0.912061042546607,0.578947368421053
"Ghana","child_vitA","level","infill","raw_enet",7,75,"open,survey_public",75,0.441820768136558,0.464604175314899,0.0972376494623914,0.0969129541042115,0.00326157389201985,0.880180327681058,0.578947368421053
"Ghana","child_vitA","level","infill","spatial_plus_domain",7,75,"open,survey_public",75,0.396273115220484,0.469103252210922,0.0947289430294016,0.0907102986346502,0.000631555874393545,0.879092790995025,0.578947368421053
"Ghana","child_vitA","level","infill","region_mean_jk",7,75,"open,survey_public",75,0.388018102214422,0.447194637875566,0.0990210633394455,0.0984805413795436,-0.00377678348505935,0.914241547811115,0.526315789473684
"Ghana","child_vitA","level","infill","null_train_mean",8,75,"open,survey_public",75,-0.156345776715054,-0.156215541637273,0.103899807957489,0.098963555647595,5.00183119749031e-18,1.00010524228247,0.157894736842105
"Ghana","child_vitA","level","infill","spatial",8,75,"open,survey_public",75,0.37172119487909,0.457313506963054,0.0951555380849513,0.0880016181316683,0.00238532664027584,0.890026862580286,0.631578947368421
"Ghana","child_vitA","level","infill","domain_index",8,75,"open,survey_public",75,0.283413940256045,0.422768930462741,0.118991794950219,0.116435557151083,0.00374469699011411,1.05967328698121,0.578947368421053
"Ghana","child_vitA","level","infill","domain_enet",8,75,"open,survey_public",75,0.377069701280228,0.382276404230446,0.0989099884120372,0.0934059460101249,0.00836987544618687,0.925334779958048,0.526315789473684
"Ghana","child_vitA","level","infill","raw_enet",8,75,"open,survey_public",75,0.397951635846373,0.415396522123495,0.103027453843639,0.100639434513481,0.00621166486331247,0.91008543273212,0.526315789473684
"Ghana","child_vitA","level","infill","spatial_plus_domain",8,75,"open,survey_public",75,0.382873399715505,0.459790686077647,0.094836763228235,0.0878526247880138,0.00272051967332816,0.888672728157027,0.631578947368421
"Ghana","child_vitA","level","infill","region_mean_jk",8,75,"open,survey_public",75,0.475881522506083,0.475665515033482,0.0957759439417311,0.0927381422933334,0.00407905698988749,0.893208287871551,0.631578947368421
"Ghana","child_vitA","level","infill","null_train_mean",9,75,"open,survey_public",75,-0.209912714141103,-0.24291260564683,0.104957657604668,0.0994542194982653,-5.63965830054543e-19,1.00966097925331,0.105263157894737
"Ghana","child_vitA","level","infill","spatial",9,75,"open,survey_public",75,0.447368421052632,0.468523443382658,0.0950674614103686,0.0895332572596579,0.000352359062742534,0.882699740856758,0.631578947368421
"Ghana","child_vitA","level","infill","domain_index",9,75,"open,survey_public",75,0.339345661450925,0.453769192458214,0.114019082471569,0.111535105041463,0.000254717838115695,1.01486247395893,0.631578947368421
"Ghana","child_vitA","level","infill","domain_enet",9,75,"open,survey_public",75,0.364893314366999,0.378461984429916,0.100424238903762,0.0979721138958531,-0.00217943577665054,0.932470804760865,0.578947368421053
"Ghana","child_vitA","level","infill","raw_enet",9,75,"open,survey_public",75,0.426088193456614,0.468963587463186,0.0975990267135783,0.0953673077971042,-8.85583635503568e-05,0.878389034756432,0.578947368421053
"Ghana","child_vitA","level","infill","spatial_plus_domain",9,75,"open,survey_public",75,0.447368421052632,0.468523443382658,0.0950674614103685,0.0895332572596579,0.000352359062742351,0.882699740856758,0.631578947368421
"Ghana","child_vitA","level","infill","region_mean_jk",9,75,"open,survey_public",75,0.429896861069688,0.46063732434314,0.101725813530929,0.100061777335674,0.0103487968784221,0.934901204958192,0.578947368421053
"Ghana","child_vitA","level","infill","null_train_mean",10,75,"open,survey_public",75,-0.206428685690628,-0.161576066237572,0.104033961328429,0.0993974104548947,5.63965830054543e-19,1.00057781038858,0.157894736842105
"Ghana","child_vitA","level","infill","spatial",10,75,"open,survey_public",75,0.403413940256045,0.49504120916026,0.0918507646263748,0.0871164314015044,-0.00151901654299343,0.864355457318023,0.631578947368421
"Ghana","child_vitA","level","infill","domain_index",10,75,"open,survey_public",75,0.295419630156472,0.450494784522808,0.115468660259609,0.11379054830247,0.00208780646316559,1.03110416614789,0.631578947368421
"Ghana","child_vitA","level","infill","domain_enet",10,75,"open,survey_public",75,0.361308677098151,0.391485730848844,0.0968015145869849,0.0958735983207328,-0.00251026090788196,0.915407632417384,0.578947368421053
"Ghana","child_vitA","level","infill","raw_enet",10,75,"open,survey_public",75,0.399374110953058,0.434983525908834,0.0969284102607022,0.0958028801173059,-0.00508118294524763,0.895286892977314,0.578947368421053
"Ghana","child_vitA","level","infill","spatial_plus_domain",10,75,"open,survey_public",75,0.419089615931721,0.502102576130601,0.0913027443051231,0.0868062135137899,-0.0010423825878922,0.859874215939516,0.631578947368421
"Ghana","child_vitA","level","infill","region_mean_jk",10,75,"open,survey_public",75,0.490807188323681,0.498112097676864,0.0944604496840316,0.09367273138682,0.00101519047436035,0.879683672645618,0.526315789473684
"Ghana","child_vitA","level","region","null_train_mean",1,75,"open,survey_public",75,-0.573884932594131,-0.60173038599419,0.105705044682369,0.100580032911278,8.04597750524888e-05,1.0293565932925,0.0526315789473684
"Ghana","child_vitA","level","region","spatial",1,75,"open,survey_public",75,0.269416785206259,0.283126555195571,0.103270348314536,0.0937492753677253,0.0108851762414386,1.0190710585796,0.578947368421053
"Ghana","child_vitA","level","region","domain_index",1,75,"open,survey_public",75,0.278435277382646,0.392892797512535,0.115626603316525,0.111105916875146,0.00709763140922083,1.05808358911428,0.526315789473684
"Ghana","child_vitA","level","region","domain_enet",1,75,"open,survey_public",75,0.12352773826458,0.0948257089612517,0.111327500918535,0.102346445806582,0.00787110281050829,1.05981162156494,0.315789473684211
"Ghana","child_vitA","level","region","raw_enet",1,75,"open,survey_public",75,0.39823613086771,0.345939731386413,0.0977379104943972,0.0928331573549718,0.00499999964604022,0.9339945359862,0.578947368421053
"Ghana","child_vitA","level","region","spatial_plus_domain",1,75,"open,survey_public",75,0.261337126600284,0.285740310621171,0.103168091714122,0.0936208433892329,0.0103089487400653,1.01728426214255,0.578947368421053
"Ghana","women_vitA","prev","infill","null_train_mean",1,75,"open,survey_public",75,-0.139899688714026,-0.175553617576685,4.53994854806366,4.36265525980311,-4.63541603828073e-17,1.0018838515438,0.210526315789474
"Ghana","women_vitA","prev","infill","spatial",1,75,"open,survey_public",75,0.0985734890725564,0.0342837575246195,3.65619596729475,3.56786140944121,-1.79941900829328,1.0383644278348,0.263157894736842
"Ghana","women_vitA","prev","infill","domain_index",1,75,"open,survey_public",75,0.103892399756798,0.0013401299554194,4.32971129178183,4.28278538591297,-0.686127179732346,1.159819628095,0.315789473684211
"Ghana","women_vitA","prev","infill","domain_enet",1,75,"open,survey_public",75,-0.151371463188576,-0.16573985931803,3.61720243882052,3.53424078541604,-1.92895056919276,1.04599584980136,0.157894736842105
"Ghana","women_vitA","prev","infill","raw_enet",1,75,"open,survey_public",75,-0.0215900113362193,0.0343192164070611,3.63275717242838,3.56040535716577,-1.89409532932681,1.04196132231618,0.263157894736842
"Ghana","women_vitA","prev","infill","spatial_plus_domain",1,75,"open,survey_public",75,0.0985734890725564,0.0342837575246204,3.65619596729475,3.56786140944121,-1.79941900829328,1.0383644278348,0.263157894736842
"Ghana","women_vitA","prev","infill","region_mean_jk",1,75,"open,survey_public",75,-0.0613631732025762,-0.107304403954363,4.02256465862715,3.87368033458835,-1.49239599060674,1.08178570583239,0.157894736842105
"Ghana","women_vitA","prev","infill","null_train_mean",2,75,"open,survey_public",75,-0.18382819097023,-0.203523918135082,4.56894995683801,4.39644087856535,6.45642393715118e-17,1.00481633569629,0.157894736842105
"Ghana","women_vitA","prev","infill","spatial",2,75,"open,survey_public",75,0.0213670329549079,-0.029493419469138,3.68461478826603,3.56573712348953,-1.76989054609947,1.04336625587509,0.263157894736842
"Ghana","women_vitA","prev","infill","domain_index",2,75,"open,survey_public",75,0.0675556491029424,-0.0431738171154214,4.55689855273469,4.44952157432146,-0.324337132088131,1.19524119854347,0.263157894736842
"Ghana","women_vitA","prev","infill","domain_enet",2,75,"open,survey_public",75,-0.159979899620648,-0.179896830803419,3.63625462457359,3.55340948625875,-1.90847685106746,1.04646817012207,0.210526315789474
"Ghana","women_vitA","prev","infill","raw_enet",2,75,"open,survey_public",75,-0.0600524222770932,-0.044953298064678,3.62443608517714,3.53127756552932,-1.91409157582622,1.04532495442385,0.263157894736842
"Ghana","women_vitA","prev","infill","spatial_plus_domain",2,75,"open,survey_public",75,0.0213670329549079,-0.0294934194691379,3.68461478826603,3.56573712348953,-1.76989054609947,1.04336625587509,0.263157894736842
"Ghana","women_vitA","prev","infill","region_mean_jk",2,75,"open,survey_public",75,-0.172455312080392,-0.176812101628547,4.04629548567811,3.81526161470227,-1.5277103013615,1.09809589766283,0.105263157894737
"Ghana","women_vitA","prev","infill","null_train_mean",3,75,"open,survey_public",75,-0.146055275017443,-0.169593782648216,4.5355555767293,4.31639065183209,1.47939386435647e-16,1.00131393929893,0.105263157894737
"Ghana","women_vitA","prev","infill","spatial",3,75,"open,survey_public",75,0.146443685230729,0.0644817680446421,3.6723460437018,3.55714863472533,-1.75429161707421,1.03479433131795,0.263157894736842
"Ghana","women_vitA","prev","infill","domain_index",3,75,"open,survey_public",75,0.0613776703700435,0.000783170453190997,4.58145534285889,4.42119591592139,-0.132109870519783,1.21526340500801,0.263157894736842
"Ghana","women_vitA","prev","infill","domain_enet",3,75,"open,survey_public",75,-0.13312356635606,-0.0143359822211222,3.6276626152726,3.53368572135337,-1.9137183507821,1.04460393543021,0.210526315789474
"Ghana","women_vitA","prev","infill","raw_enet",3,75,"open,survey_public",75,-0.0966343982613346,0.0269806602846767,3.61139727831142,3.51411348429253,-1.91910078885012,1.0434867441504,0.210526315789474
"Ghana","women_vitA","prev","infill","spatial_plus_domain",3,75,"open,survey_public",75,0.146443685230729,0.0644817680446397,3.6723460437018,3.55714863472533,-1.75429161707421,1.03479433131795,0.263157894736842
"Ghana","women_vitA","prev","infill","region_mean_jk",3,75,"open,survey_public",75,-0.0735860421116701,-0.0512092434809336,3.86227996385423,3.73107406310837,-1.6154256524437,1.05238084083035,0.157894736842105
"Ghana","women_vitA","prev","infill","null_train_mean",4,75,"open,survey_public",75,-0.113598547235789,-0.18153938860282,4.53007474132937,4.33185486688373,-8.81366016049675e-17,1.00247571127813,0.263157894736842
"Ghana","women_vitA","prev","infill","spatial",4,75,"open,survey_public",75,0.137706780395446,0.00952487369828026,3.64931582814901,3.49828083325186,-1.76343310229721,1.0405984694208,0.263157894736842
"Ghana","women_vitA","prev","infill","domain_index",4,75,"open,survey_public",75,0.133265215803451,0.0683643313172763,4.10753443807421,3.88157007707049,-0.563299734334368,1.10634369729971,0.315789473684211
"Ghana","women_vitA","prev","infill","domain_enet",4,75,"open,survey_public",75,-0.240842939918916,-0.139927446093211,3.73817015076739,3.65344444182226,-1.81520939667441,1.05492087986165,0.157894736842105
"Ghana","women_vitA","prev","infill","raw_enet",4,75,"open,survey_public",75,-0.113598547235789,-0.179144423746699,3.61232453008757,3.52406693692686,-1.92956217262876,1.04580182337926,0.263157894736842
"Ghana","women_vitA","prev","infill","spatial_plus_domain",4,75,"open,survey_public",75,0.151762595914971,0.0231884865123892,3.65030577510499,3.49312161625235,-1.74576535010096,1.03845660584255,0.263157894736842
"Ghana","women_vitA","prev","infill","region_mean_jk",4,75,"open,survey_public",75,0.0592071502282673,-0.0136316663019243,3.68816225945805,3.46490162896165,-1.75773872089608,1.04959132046505,0.210526315789474
"Ghana","women_vitA","prev","infill","null_train_mean",5,75,"open,survey_public",75,-0.111080352838936,-0.141425683901126,4.52646440841823,4.31998725565839,-5.04786461473043e-17,0.998883049222379,0.210526315789474
"Ghana","women_vitA","prev","infill","spatial",5,75,"open,survey_public",75,0.155911711809551,0.0697940689876693,3.6233445361282,3.52732861569587,-1.7979242125812,1.03555261372677,0.263157894736842
"Ghana","women_vitA","prev","infill","domain_index",5,75,"open,survey_public",75,0.0902569792398078,-0.022149963788434,4.48465188639565,4.36307541866081,-0.383466885993991,1.17911373026024,0.210526315789474
"Ghana","women_vitA","prev","infill","domain_enet",5,75,"open,survey_public",75,-0.157371402110327,-0.0656803783303681,3.64137839633113,3.54835062231332,-1.89649721344207,1.0449611011305,0.210526315789474
"Ghana","women_vitA","prev","infill","raw_enet",5,75,"open,survey_public",75,-0.0820864441292244,-0.128320733325619,3.63584470360192,3.54269401314429,-1.91427211439571,1.04868280751169,0.263157894736842
"Ghana","women_vitA","prev","infill","spatial_plus_domain",5,75,"open,survey_public",75,0.155911711809551,0.0697940689876682,3.6233445361282,3.52732861569587,-1.7979242125812,1.03555261372677,0.263157894736842
"Ghana","women_vitA","prev","infill","region_mean_jk",5,75,"open,survey_public",75,-0.0137251060767897,-0.0981652889474425,3.7892299831672,3.65388665731461,-1.728528815884,1.05946730403118,0.157894736842105
"Ghana","women_vitA","prev","infill","null_train_mean",6,75,"open,survey_public",75,-0.238668868946128,-0.258313126736116,4.57333535947795,4.3465970253945,1.47939386435647e-16,1.01178031919888,0.0526315789473684
"Ghana","women_vitA","prev","infill","spatial",6,75,"open,survey_public",75,0.108187740000086,0.0803465208589306,3.63145676592529,3.52223472741763,-1.83630047217201,1.03656135446081,0.263157894736842
"Ghana","women_vitA","prev","infill","domain_index",6,75,"open,survey_public",75,0.0940770903497956,0.077466368435922,4.37532490353445,4.27715379964986,-0.111037124290241,1.16112897614983,0.421052631578947
"Ghana","women_vitA","prev","infill","domain_enet",6,75,"open,survey_public",75,-0.0904856430552257,-0.104708288926423,3.73165681875127,3.63758121599836,-1.82184879271955,1.05264800704393,0.157894736842105
"Ghana","women_vitA","prev","infill","raw_enet",6,75,"open,survey_public",75,-0.24118706334298,-0.235726482695137,3.63170192486735,3.53717210388254,-1.92624500925422,1.04815481084375,0.0526315789473684
"Ghana","women_vitA","prev","infill","spatial_plus_domain",6,75,"open,survey_public",75,0.108187740000086,0.0803465208425737,3.63145676593861,3.52223472742665,-1.8363004721454,1.03656135446079,0.263157894736842
"Ghana","women_vitA","prev","infill","region_mean_jk",6,75,"open,survey_public",75,-0.0406485346489943,-0.0103305561513254,3.80283386511183,3.64970967209951,-1.63428882166106,1.04344562856136,0.157894736842105
"Ghana","women_vitA","prev","infill","null_train_mean",7,75,"open,survey_public",75,-0.148573469414295,-0.289702092809185,4.55910963449317,4.35422218453832,-5.58364118830035e-17,1.01648724517205,0.105263157894737
"Ghana","women_vitA","prev","infill","spatial",7,75,"open,survey_public",75,0.0229389447035154,-0.101172750173735,3.77470361602167,3.64994451188861,-1.72255798741283,1.05648430664536,0.157894736842105
"Ghana","women_vitA","prev","infill","domain_index",7,75,"open,survey_public",75,0.126374393370602,-0.012061728840852,4.53127477428199,4.41614894158414,-0.108653599356771,1.27067670678121,0.421052631578947
"Ghana","women_vitA","prev","infill","domain_enet",7,75,"open,survey_public",75,-0.208259945964595,-0.210945727937313,3.64441358469194,3.55984577051856,-1.91508892953901,1.04933040866801,0.105263157894737
"Ghana","women_vitA","prev","infill","raw_enet",7,75,"open,survey_public",75,-0.156883715622227,-0.179766102314411,3.69774424539704,3.5979488103833,-1.87721385199983,1.05532966378007,0.0526315789473684
"Ghana","women_vitA","prev","infill","spatial_plus_domain",7,75,"open,survey_public",75,0.0325166395438676,-0.0985368851930467,3.76571331410918,3.6392090004372,-1.72524093860694,1.05628348867573,0.157894736842105
"Ghana","women_vitA","prev","infill","region_mean_jk",7,75,"open,survey_public",75,-0.00733122389789583,-0.123955038602161,3.89111954450977,3.71709634440198,-1.62922962512133,1.08793008815213,0.210526315789474
"Ghana","women_vitA","prev","infill","null_train_mean",8,75,"open,survey_public",75,-0.224678900074725,-0.223666618689262,4.56900281980543,4.35897443765768,5.58364118830035e-17,1.00718991080232,0.157894736842105
"Ghana","women_vitA","prev","infill","spatial",8,75,"open,survey_public",75,0.069931794769442,0.00936267638274599,3.67298092738054,3.56119559572903,-1.75881714731482,1.03923911307883,0.315789473684211
"Ghana","women_vitA","prev","infill","domain_index",8,75,"open,survey_public",75,0.170662092985437,0.0747086553515726,4.0489572450799,3.86668556396086,-0.545424450758654,1.11575818862948,0.315789473684211
"Ghana","women_vitA","prev","infill","domain_enet",8,75,"open,survey_public",75,-0.224678900074725,-0.220153475034478,3.62653245132769,3.53411638207809,-1.92706408715654,1.04752129078525,0.157894736842105
"Ghana","women_vitA","prev","infill","raw_enet",8,75,"open,survey_public",75,-0.0767762337589573,-0.0692392728378324,3.64362692405758,3.55566613190629,-1.87787935473108,1.04437405665731,0.263157894736842
"Ghana","women_vitA","prev","infill","spatial_plus_domain",8,75,"open,survey_public",75,0.069931794769442,0.00936267638755315,3.67298092739825,3.56119559574508,-1.75881714727479,1.03923911307641,0.315789473684211
"Ghana","women_vitA","prev","infill","region_mean_jk",8,75,"open,survey_public",75,0.0328230164801187,-0.0227963058937737,3.80240471415619,3.68345193747381,-1.61656790490665,1.04779286335048,0.210526315789474
"Ghana","women_vitA","prev","infill","null_train_mean",9,75,"open,survey_public",75,-0.179071601553953,-0.26428219698316,4.55598522589898,4.31131832139508,-4.39553630761832e-18,1.01263551481671,0.157894736842105
"Ghana","women_vitA","prev","infill","spatial",9,75,"open,survey_public",75,0.164776562949953,0.171955319866284,3.6043307447758,3.48995657264029,-1.82329431920005,1.02907908254595,0.315789473684211
"Ghana","women_vitA","prev","infill","domain_index",9,75,"open,survey_public",75,0.14832632372034,0.165230824226694,3.957365433827,3.8269003895578,-0.500327011564052,1.05481384858876,0.421052631578947
"Ghana","women_vitA","prev","infill","domain_enet",9,75,"open,survey_public",75,-0.0578373529123424,-0.0483214353776112,3.64529336591184,3.52143487789613,-1.85833164692653,1.04544893774499,0.157894736842105
"Ghana","women_vitA","prev","infill","raw_enet",9,75,"open,survey_public",75,-0.26870752995967,-0.16961483800871,3.6480833833642,3.54481796850832,-1.93557683690453,1.05110633024846,0.105263157894737
"Ghana","women_vitA","prev","infill","spatial_plus_domain",9,75,"open,survey_public",75,0.164776562949953,0.171955319866282,3.6043307447758,3.48995657264029,-1.82329431920005,1.02907908254595,0.315789473684211
"Ghana","women_vitA","prev","infill","region_mean_jk",9,75,"open,survey_public",75,0.0159268054078038,-0.0853475929962451,4.44324685190087,4.2529001924421,-0.879714091578137,1.2302318211691,0.210526315789474
"Ghana","women_vitA","prev","infill","null_train_mean",10,75,"open,survey_public",75,-0.0626750605438835,-0.121535017123942,4.51590816456078,4.31100816122734,3.22414621042877e-17,0.99742891409946,0.210526315789474
"Ghana","women_vitA","prev","infill","spatial",10,75,"open,survey_public",75,0.159731822919538,-0.0226897200209777,3.65451078431266,3.55239623900708,-1.83803308367533,1.04662476990627,0.263157894736842
"Ghana","women_vitA","prev","infill","domain_index",10,75,"open,survey_public",75,0.192705413553117,0.0358691826088467,4.45887052126966,4.41778441892469,-0.186698015130467,1.2543302689737,0.421052631578947
"Ghana","women_vitA","prev","infill","domain_enet",10,75,"open,survey_public",75,-0.086737807002696,-0.0974587145925168,3.61068317178992,3.5233693268096,-1.93009768447709,1.0449408551517,0.157894736842105
"Ghana","women_vitA","prev","infill","raw_enet",10,75,"open,survey_public",75,-0.0727807237332361,-0.00709065716046451,3.64012855163968,3.5627165724226,-1.90793784867374,1.04509002383527,0.105263157894737
"Ghana","women_vitA","prev","infill","spatial_plus_domain",10,75,"open,survey_public",75,0.159731822919538,-0.0226897200209775,3.65451078431266,3.55239623900708,-1.83803308367533,1.04662476990627,0.263157894736842
"Ghana","women_vitA","prev","infill","region_mean_jk",10,75,"open,survey_public",75,0.0234670748893497,-0.0144992989149865,3.71875783646968,3.58857406465747,-1.74010780282126,1.04405919825195,0.210526315789474
"Ghana","women_vitA","prev","region","null_train_mean",1,75,"open,survey_public",75,-0.3342528732687,-0.367434754930681,4.5616258200487,4.37519414428796,-0.0221113100876521,1.0083939900771,0.105263157894737
"Ghana","women_vitA","prev","region","spatial",1,75,"open,survey_public",75,0.057411334911348,0.029174745599177,3.64327158807196,3.53518388202021,-1.79814255606414,1.03883685865281,0.315789473684211
"Ghana","women_vitA","prev","region","domain_index",1,75,"open,survey_public",75,0.114402274820161,-0.016016036694112,3.87786400772565,3.79761923075572,-1.40701893458882,1.10204657544178,0.263157894736842
"Ghana","women_vitA","prev","region","domain_enet",1,75,"open,survey_public",75,-0.287114876365216,-0.267243573302808,3.62633817929966,3.54880553659063,-1.9606437293844,1.05131120886079,0.157894736842105
"Ghana","women_vitA","prev","region","raw_enet",1,75,"open,survey_public",75,-0.275062731577959,-0.184760314943161,3.60855807431235,3.53116893148138,-1.96115953903798,1.04882386891464,0.105263157894737
"Ghana","women_vitA","prev","region","spatial_plus_domain",1,75,"open,survey_public",75,0.057411334911348,0.0291747455991784,3.64327158807196,3.53518388202021,-1.79814255606414,1.03883685865281,0.315789473684211
"Ghana","women_vitA","level","infill","null_train_mean",1,75,"open,survey_public",75,-0.162878330059694,-0.179323216891031,0.136728008523493,0.133351791969935,4.04895301314712e-18,1.00225430885137,0.157894736842105
"Ghana","women_vitA","level","infill","spatial",1,75,"open,survey_public",75,0.412318634423898,0.448236637569226,0.1183645505358,0.116690938403697,0.00638131517629557,0.902085329871663,0.526315789473684
"Ghana","women_vitA","level","infill","domain_index",1,75,"open,survey_public",75,0.468193456614509,0.466659273331449,0.134014079600617,0.129992408054414,-0.00554900483293927,1.01001733220781,0.368421052631579
"Ghana","women_vitA","level","infill","domain_enet",1,75,"open,survey_public",75,0.346685633001422,0.337542019075487,0.127492742524238,0.124672449405938,0.00183184276231592,0.951415667076007,0.368421052631579
"Ghana","women_vitA","level","infill","raw_enet",1,75,"open,survey_public",75,0.467396870554765,0.436692957840896,0.118006060520914,0.116249989483345,-0.00292352793016762,0.893774906234124,0.473684210526316
"Ghana","women_vitA","level","infill","spatial_plus_domain",1,75,"open,survey_public",75,0.412318634423898,0.448236637569225,0.1183645505358,0.116690938403698,0.00638131517629493,0.902085329871664,0.526315789473684
"Ghana","women_vitA","level","infill","region_mean_jk",1,75,"open,survey_public",75,0.352205478120265,0.395028256558458,0.124603228848025,0.122563005278589,0.00150376470668102,0.952473761266818,0.368421052631579
"Ghana","women_vitA","level","infill","null_train_mean",2,75,"open,survey_public",75,-0.277415765369051,-0.239060268325116,0.137186642937752,0.133472789468327,-8.54062191339248e-18,1.00915053994265,0.105263157894737
"Ghana","women_vitA","level","infill","spatial",2,75,"open,survey_public",75,0.413627311522048,0.489982930714248,0.11536668044885,0.112759533017497,-0.000284823100237345,0.868149654775456,0.526315789473684
"Ghana","women_vitA","level","infill","domain_index",2,75,"open,survey_public",75,0.406315789473684,0.445939835133766,0.137780732771502,0.135116079121543,0.00119161142009148,1.01882204539752,0.421052631578947
"Ghana","women_vitA","level","infill","domain_enet",2,75,"open,survey_public",75,0.292091038406828,0.284806075370909,0.130962508526976,0.130069052292047,0.0107474407481846,0.98173746994468,0.315789473684211
"Ghana","women_vitA","level","infill","raw_enet",2,75,"open,survey_public",75,0.359914651493599,0.404274733837882,0.121244931667711,0.119500559054423,0.00067199941646393,0.910772303639981,0.368421052631579
"Ghana","women_vitA","level","infill","spatial_plus_domain",2,75,"open,survey_public",75,0.413627311522048,0.489982930714247,0.11536668044885,0.112759533017497,-0.00028482310023735,0.868149654775456,0.526315789473684
"Ghana","women_vitA","level","infill","region_mean_jk",2,75,"open,survey_public",75,0.277145321969587,0.31730070937267,0.132351466763459,0.131427067822228,3.04457900521747e-05,1.01470153731562,0.263157894736842
"Ghana","women_vitA","level","infill","null_train_mean",3,75,"open,survey_public",75,-0.16549135139755,-0.117636724265743,0.13563117809474,0.132369294206199,1.44113959770394e-17,0.997169483114045,0.157894736842105
"Ghana","women_vitA","level","infill","spatial",3,75,"open,survey_public",75,0.416614509246088,0.476648039946644,0.117614259510758,0.114333344040401,0.00627058283971977,0.885517488204852,0.526315789473684
"Ghana","women_vitA","level","infill","domain_index",3,75,"open,survey_public",75,0.455761024182077,0.488498701551995,0.136680607046197,0.133683778525584,0.0034335489078671,1.00961238878944,0.473684210526316
"Ghana","women_vitA","level","infill","domain_enet",3,75,"open,survey_public",75,0.306372688477952,0.302844924618288,0.13152477320317,0.128947268266875,0.00418773281743429,0.978311342491856,0.263157894736842
"Ghana","women_vitA","level","infill","raw_enet",3,75,"open,survey_public",75,0.429331436699858,0.409839174450471,0.123780114183622,0.123814688321962,0.00311576434216461,0.909497779828717,0.421052631578947
"Ghana","women_vitA","level","infill","spatial_plus_domain",3,75,"open,survey_public",75,0.42054054054054,0.479047927822325,0.11724959873434,0.113836441978508,0.00633988821561021,0.884785830895989,0.526315789473684
"Ghana","women_vitA","level","infill","region_mean_jk",3,75,"open,survey_public",75,0.324888494815232,0.370836283287525,0.129021905167522,0.126113911994092,-0.00148209601262928,0.993526916291707,0.421052631578947
"Ghana","women_vitA","level","infill","null_train_mean",4,75,"open,survey_public",75,-0.179427465199449,-0.19038871603501,0.136517669474748,0.132821273802182,3.3454865035661e-18,1.00338638157942,0.157894736842105
"Ghana","women_vitA","level","infill","spatial",4,75,"open,survey_public",75,0.459203413940256,0.524506656010841,0.111315219760613,0.106842797734335,-0.000444677858751319,0.848939995217726,0.526315789473684
"Ghana","women_vitA","level","infill","domain_index",4,75,"open,survey_public",75,0.483157894736842,0.521110021156457,0.129040686045863,0.125499979907344,-0.00212627361619821,0.962884838014174,0.473684210526316
"Ghana","women_vitA","level","infill","domain_enet",4,75,"open,survey_public",75,0.42054054054054,0.405362275502546,0.119278848075338,0.11542881665127,-0.0044608490939724,0.912608989976613,0.473684210526316
"Ghana","women_vitA","level","infill","raw_enet",4,75,"open,survey_public",75,0.430526315789474,0.497922652568554,0.113582749044238,0.112154369191374,-0.00182365932149719,0.861551190677621,0.473684210526316
"Ghana","women_vitA","level","infill","spatial_plus_domain",4,75,"open,survey_public",75,0.46176386913229,0.524868227410081,0.111473470912607,0.106899200614928,-0.000927786091185695,0.848716308521253,0.526315789473684
"Ghana","women_vitA","level","infill","region_mean_jk",4,75,"open,survey_public",75,0.354256398950153,0.425501965811971,0.123634886316929,0.120588648960776,-0.00553217656723647,0.947662024073894,0.421052631578947
"Ghana","women_vitA","level","infill","null_train_mean",5,75,"open,survey_public",75,-0.116279449534594,-0.115813070612293,0.135151364111238,0.131864329571661,3.3454865035661e-18,0.99705100021606,0.210526315789474
"Ghana","women_vitA","level","infill","spatial",5,75,"open,survey_public",75,0.46475106685633,0.525728744954518,0.114954890152447,0.11139914491678,0.00813719884320363,0.855584925949014,0.526315789473684
"Ghana","women_vitA","level","infill","domain_index",5,75,"open,survey_public",75,0.489160739687055,0.531148602631618,0.127843956828722,0.125717404752769,0.0036290834174186,0.950760929107226,0.473684210526316
"Ghana","women_vitA","level","infill","domain_enet",5,75,"open,survey_public",75,0.350355618776671,0.364101263828722,0.124705943926452,0.123435358325216,0.00551757277904261,0.939530551162623,0.421052631578947
"Ghana","women_vitA","level","infill","raw_enet",5,75,"open,survey_public",75,0.465832147937411,0.48261135942101,0.116980740337662,0.115356868078719,0.00224257277399479,0.870081549738833,0.421052631578947
"Ghana","women_vitA","level","infill","spatial_plus_domain",5,75,"open,survey_public",75,0.465120910384068,0.526552794489495,0.11486117471761,0.111307889186488,0.00800278530939753,0.854971899057909,0.526315789473684
"Ghana","women_vitA","level","infill","region_mean_jk",5,75,"open,survey_public",75,0.413891268025645,0.487473095552996,0.11486356952127,0.113342327166733,0.00595140852358477,0.896218649788317,0.473684210526316
"Ghana","women_vitA","level","infill","null_train_mean",6,75,"open,survey_public",75,-0.0879717183744871,-0.0589372682875615,0.135130172530074,0.131581203337902,4.04895301314712e-18,0.994280903744456,0.157894736842105
"Ghana","women_vitA","level","infill","spatial",6,75,"open,survey_public",75,0.424438122332859,0.487747082434241,0.116528889490881,0.113269107585672,0.00224770315019646,0.877273495554149,0.526315789473684
"Ghana","women_vitA","level","infill","domain_index",6,75,"open,survey_public",75,0.453371266002845,0.492609469067385,0.129498686590974,0.125747946616807,0.00712746244018353,0.974258490882345,0.473684210526316
"Ghana","women_vitA","level","infill","domain_enet",6,75,"open,survey_public",75,0.39027027027027,0.408720112072344,0.121138835321477,0.118801529378889,0.0072235098441062,0.909193438947004,0.473684210526316
"Ghana","women_vitA","level","infill","raw_enet",6,75,"open,survey_public",75,0.41049786628734,0.421839158743667,0.121656229502973,0.119478677925475,0.00591119846431447,0.902539092767108,0.526315789473684
"Ghana","women_vitA","level","infill","spatial_plus_domain",6,75,"open,survey_public",75,0.424438122332859,0.487747082434241,0.116528889490881,0.113269107585672,0.00224770315019647,0.877273495554149,0.526315789473684
"Ghana","women_vitA","level","infill","region_mean_jk",6,75,"open,survey_public",75,0.269459562512903,0.373103152910057,0.126917063693757,0.124559091507315,0.0112733926229755,0.967193364200006,0.421052631578947
"Ghana","women_vitA","level","infill","null_train_mean",7,75,"open,survey_public",75,-0.132828584674349,-0.0932685477484692,0.13548836338811,0.132022356058838,3.34404090066946e-18,0.995738230598872,0.105263157894737
"Ghana","women_vitA","level","infill","spatial",7,75,"open,survey_public",75,0.502162162162162,0.509471331671704,0.112272176904501,0.109967029922782,0.00189390133231182,0.860334513334179,0.526315789473684
"Ghana","women_vitA","level","infill","domain_index",7,75,"open,survey_public",75,0.484864864864865,0.517184682109183,0.127919484349403,0.124891595706681,-0.00115946827431428,0.970921119291002,0.473684210526316
"Ghana","women_vitA","level","infill","domain_enet",7,75,"open,survey_public",75,0.447453769559033,0.450329363793064,0.114430304915354,0.112177813549509,0.00126021990570017,0.886953853902134,0.421052631578947
"Ghana","women_vitA","level","infill","raw_enet",7,75,"open,survey_public",75,0.492233285917496,0.516941179388328,0.115212435554958,0.113555512309846,0.00113019274951468,0.853789667623655,0.421052631578947
"Ghana","women_vitA","level","infill","spatial_plus_domain",7,75,"open,survey_public",75,0.502844950213371,0.510760561386901,0.112190296802153,0.109796204759772,0.00187573141412981,0.859402948078406,0.526315789473684
"Ghana","women_vitA","level","infill","region_mean_jk",7,75,"open,survey_public",75,0.414514955785525,0.465239799001399,0.115581499891339,0.114871176658319,-0.00762788306066273,0.906980055326724,0.315789473684211
"Ghana","women_vitA","level","infill","null_train_mean",8,75,"open,survey_public",75,-0.272625226249648,-0.260193742886458,0.138479602092456,0.134577913359637,4.04895301314712e-18,1.01204772698542,0.105263157894737
"Ghana","women_vitA","level","infill","spatial",8,75,"open,survey_public",75,0.423812233285917,0.454271618571826,0.120271119330074,0.117478214508957,0.00451709582784725,0.899734037072805,0.526315789473684
"Ghana","women_vitA","level","infill","domain_index",8,75,"open,survey_public",75,0.47923186344239,0.505046158785238,0.129343794678584,0.124907531113233,-0.00193818962595198,0.974888226049908,0.473684210526316
"Ghana","women_vitA","level","infill","domain_enet",8,75,"open,survey_public",75,0.26674253200569,0.262637757114959,0.128759645482279,0.124016616464034,-1.85663152072622e-05,0.982247963590366,0.315789473684211
"Ghana","women_vitA","level","infill","raw_enet",8,75,"open,survey_public",75,0.421792318634424,0.453280100852632,0.116872617501011,0.113917616130332,-0.0012126746931644,0.885447524945805,0.368421052631579
"Ghana","women_vitA","level","infill","spatial_plus_domain",8,75,"open,survey_public",75,0.396813655761024,0.429759728900492,0.122490184298286,0.118656305858657,0.00585292418357191,0.918768567776246,0.526315789473684
"Ghana","women_vitA","level","infill","region_mean_jk",8,75,"open,survey_public",75,0.338982343937999,0.37223713889357,0.124981175128112,0.122191866471111,0.0102171957801184,0.955441039482255,0.421052631578947
"Ghana","women_vitA","level","infill","null_train_mean",9,75,"open,survey_public",75,-0.326627667232007,-0.354326099148391,0.139835938720155,0.135620626159127,-1.88783992778607e-17,1.02778657467642,0.105263157894737
"Ghana","women_vitA","level","infill","spatial",9,75,"open,survey_public",75,0.394196301564723,0.445865918707175,0.117981699906218,0.113657176052678,0.00621319183195376,0.905996143487108,0.526315789473684
"Ghana","women_vitA","level","infill","domain_index",9,75,"open,survey_public",75,0.458293029871977,0.470813400264857,0.133670222842298,0.129728395785966,0.00118347285339381,1.00737032885422,0.421052631578947
"Ghana","women_vitA","level","infill","domain_enet",9,75,"open,survey_public",75,0.258463726884779,0.233450352007489,0.132629837368071,0.129374330151317,0.00695310882782427,0.995688980455873,0.210526315789474
"Ghana","women_vitA","level","infill","raw_enet",9,75,"open,survey_public",75,0.335533428165007,0.312908546693857,0.127239456091084,0.125246911584319,0.00810334757788705,0.953995564778269,0.210526315789474
"Ghana","women_vitA","level","infill","spatial_plus_domain",9,75,"open,survey_public",75,0.396301564722617,0.445906536511601,0.118061026650213,0.113729081211553,0.00600791820926714,0.905945487852957,0.526315789473684
"Ghana","women_vitA","level","infill","region_mean_jk",9,75,"open,survey_public",75,0.204411254485653,0.26892554439418,0.142348533501624,0.140813035524697,0.0231005044368634,1.05165399991072,0.421052631578947
"Ghana","women_vitA","level","infill","null_train_mean",10,75,"open,survey_public",75,-0.14589369136363,-0.197849844751696,0.136111890212129,0.132729219536015,-8.53628510470254e-18,1.00418718277996,0.105263157894737
"Ghana","women_vitA","level","infill","spatial",10,75,"open,survey_public",75,0.456927453769559,0.46789689034317,0.117786435598637,0.114201255735886,-0.00511467251210858,0.887619913171772,0.526315789473684
"Ghana","women_vitA","level","infill","domain_index",10,75,"open,survey_public",75,0.49448079658606,0.51667050453442,0.128464695223768,0.125529429389667,-0.00275280860868917,0.964311960921255,0.421052631578947
"Ghana","women_vitA","level","infill","domain_enet",10,75,"open,survey_public",75,0.399914651493599,0.35741008801125,0.121611954481847,0.119293650472233,0.00198396887786157,0.932458735103259,0.368421052631579
"Ghana","women_vitA","level","infill","raw_enet",10,75,"open,survey_public",75,0.498378378378378,0.481014664528691,0.114846286289056,0.113053969810449,-0.00116760528745408,0.871239909577437,0.421052631578947
"Ghana","women_vitA","level","infill","spatial_plus_domain",10,75,"open,survey_public",75,0.454224751066856,0.467204419035297,0.117841115468742,0.114378647932392,-0.00562674210755934,0.888555209927789,0.526315789473684
"Ghana","women_vitA","level","infill","region_mean_jk",10,75,"open,survey_public",75,0.36704522494731,0.380957378180756,0.125285105573286,0.122562467061918,0.00124999610260364,0.956972304858414,0.473684210526316
"Ghana","women_vitA","level","region","null_train_mean",1,75,"open,survey_public",75,-0.551141540279032,-0.567124766263683,0.138633091126767,0.134990633660328,-7.47523201163909e-05,1.02774993915195,0.0526315789473684
"Ghana","women_vitA","level","region","spatial",1,75,"open,survey_public",75,0.506600284495021,0.478415053862425,0.116202584986493,0.112390850615161,-0.00529412822073339,0.883688870824103,0.526315789473684
"Ghana","women_vitA","level","region","domain_index",1,75,"open,survey_public",75,0.455448079658606,0.501448791236906,0.122477431389756,0.118946497587363,-0.0158963628564018,0.935875828427144,0.473684210526316
"Ghana","women_vitA","level","region","domain_enet",1,75,"open,survey_public",75,0.398918918918919,0.358685294288371,0.119086012158931,0.113851948588533,-0.000443300503587919,0.932845310551851,0.263157894736842
"Ghana","women_vitA","level","region","raw_enet",1,75,"open,survey_public",75,0.486571834992888,0.470711065102809,0.119826583625316,0.117428251160266,0.000967715673389143,0.879769735841194,0.421052631578947
"Ghana","women_vitA","level","region","spatial_plus_domain",1,75,"open,survey_public",75,0.504836415362731,0.480317963174389,0.115777767106147,0.111891966176862,-0.00615945218705605,0.882361583596684,0.526315789473684
"Ghana","child_iron","prev","infill","null_train_mean",1,75,"open,survey_public",75,-0.157146926834408,-0.180521783670738,14.7212072635126,14.5009865319331,1.1458209959551e-15,1.00237371780558,0.105263157894737
"Ghana","child_iron","prev","infill","spatial",1,75,"open,survey_public",75,0.522951382303694,0.540301023297509,13.3149640494153,13.070071749132,-3.87548063047885,0.887777539622654,0.578947368421053
"Ghana","child_iron","prev","infill","domain_index",1,75,"open,survey_public",75,0.517226002002174,0.59563216137818,16.1041105145081,15.7773411837438,2.20413916651398,1.14343319673733,0.473684210526316
"Ghana","child_iron","prev","infill","domain_enet",1,75,"open,survey_public",75,0.537728860139289,0.594248650843978,12.542079755284,12.4212511694091,-6.11058323093768,0.864643697232685,0.473684210526316
"Ghana","child_iron","prev","infill","raw_enet",1,75,"open,survey_public",75,0.516483558671303,0.510324495147334,13.3207310941303,13.3342988311152,-6.58091707085029,0.925612397486374,0.631578947368421
"Ghana","child_iron","prev","infill","spatial_plus_domain",1,75,"open,survey_public",75,0.520923940900163,0.541292242034359,13.2903672115239,13.0553299906045,-3.8721891532299,0.886987574224156,0.578947368421053
"Ghana","child_iron","prev","infill","region_mean_jk",1,75,"open,survey_public",75,0.507861608356273,0.5970715033203,13.7925914714534,14.4385776349423,-1.35415471295661,0.881392791398628,0.631578947368421
"Ghana","child_iron","prev","infill","null_train_mean",2,75,"open,survey_public",75,-0.214629043325993,-0.20427373595535,14.675606210843,14.2988583890623,-1.76002152666814e-17,1.00490077770062,0.157894736842105
"Ghana","child_iron","prev","infill","spatial",2,75,"open,survey_public",75,0.429603411203098,0.440693190382685,14.3154422084416,13.9843863589587,-3.7726401555162,0.977964514982119,0.578947368421053
"Ghana","child_iron","prev","infill","domain_index",2,75,"open,survey_public",75,0.457916202070715,0.545028989367973,16.6251143512284,16.2544192172264,2.29933706972483,1.21215501655869,0.526315789473684
"Ghana","child_iron","prev","infill","domain_enet",2,75,"open,survey_public",75,0.49702297674868,0.533348212993879,12.7409082159682,12.701365639484,-5.13300608237666,0.894426708906621,0.473684210526316
"Ghana","child_iron","prev","infill","raw_enet",2,75,"open,survey_public",75,0.394151742154033,0.429534112614857,14.1166185288151,14.0942526377285,-5.3803737165081,0.964491315823079,0.526315789473684
"Ghana","child_iron","prev","infill","spatial_plus_domain",2,75,"open,survey_public",75,0.413969267985729,0.411062206928661,14.7583326905315,14.5272255094978,-4.1922506207259,1.00460218964041,0.526315789473684
"Ghana","child_iron","prev","infill","region_mean_jk",2,75,"open,survey_public",75,0.492256889928831,0.651431365525929,12.8460082061065,13.2630249482035,-2.78184448937805,0.814323291909539,0.631578947368421
"Ghana","child_iron","prev","infill","null_train_mean",3,75,"open,survey_public",75,-0.184467324406454,-0.223150408422635,14.6827513061103,14.4389810884297,4.82578386973298e-16,1.0071263599068,0.105263157894737
"Ghana","child_iron","prev","infill","spatial",3,75,"open,survey_public",75,0.515155727329555,0.531632526375305,12.943547584086,13.0325452298738,-5.09588757688318,0.905312001239688,0.578947368421053
"Ghana","child_iron","prev","infill","domain_index",3,75,"open,survey_public",75,0.507674182995398,0.583943782160732,15.9196704789025,15.5641277207843,2.00316121782734,1.14750729893482,0.473684210526316
"Ghana","child_iron","prev","infill","domain_enet",3,75,"open,survey_public",75,0.507131628253608,0.510042719394702,12.9226539878244,12.9630519730308,-5.01423350140223,0.91435804626215,0.473684210526316
"Ghana","child_iron","prev","infill","raw_enet",3,75,"open,survey_public",75,0.482488220771255,0.556280440309399,12.9222559872873,12.7970976189007,-6.2668799140832,0.892806834017554,0.578947368421053
"Ghana","child_iron","prev","infill","spatial_plus_domain",3,75,"open,survey_public",75,0.515641171045893,0.531262050586404,13.0171080618138,13.1151534280014,-5.16994453926105,0.90703307383694,0.578947368421053
"Ghana","child_iron","prev","infill","region_mean_jk",3,75,"open,survey_public",75,0.495604105327939,0.649612311805095,12.3684590015382,13.024157081451,-2.88944205041876,0.801977348722307,0.578947368421053
"Ghana","child_iron","prev","infill","null_train_mean",4,75,"open,survey_public",75,-0.111248658913371,-0.18345208464775,14.6386839831101,14.4139835509324,4.82578386973298e-16,1.00266894190074,0.157894736842105
"Ghana","child_iron","prev","infill","spatial",4,75,"open,survey_public",75,0.463655860128598,0.445030376363251,14.1716251183224,14.3875390837614,-3.56194595372575,0.972280319979811,0.578947368421053
"Ghana","child_iron","prev","infill","domain_index",4,75,"open,survey_public",75,0.498150919501349,0.5648385083839,15.5717740553635,15.1462734821834,1.17033807535923,1.13076841785888,0.526315789473684
"Ghana","child_iron","prev","infill","domain_enet",4,75,"open,survey_public",75,0.509801568693469,0.514340158278446,13.4190567107692,13.7796790661894,-5.55860809171222,0.914113053650192,0.473684210526316
"Ghana","child_iron","prev","infill","raw_enet",4,75,"open,survey_public",75,0.46534063537942,0.455459893057098,13.8118810613934,14.1293755108346,-5.44895193623988,0.950431676753493,0.421052631578947
"Ghana","child_iron","prev","infill","spatial_plus_domain",4,75,"open,survey_public",75,0.449449492547519,0.433048722347688,14.3342946391929,14.5579901358234,-3.44709257336991,0.983289989037948,0.578947368421053
"Ghana","child_iron","prev","infill","region_mean_jk",4,75,"open,survey_public",75,0.511659119614568,0.630729594995317,12.5884091674582,13.2679945247821,-3.10313849220206,0.821769430105707,0.578947368421053
"Ghana","child_iron","prev","infill","null_train_mean",5,75,"open,survey_public",75,-0.122176817942189,-0.0883766445797149,14.6291270251435,14.3404044749139,7.03177389001682e-16,0.995490560498765,0.157894736842105
"Ghana","child_iron","prev","infill","spatial",5,75,"open,survey_public",75,0.558188885007315,0.562941690171966,12.780508891845,12.7768911906217,-5.26525560781021,0.874875684030821,0.631578947368421
"Ghana","child_iron","prev","infill","domain_index",5,75,"open,survey_public",75,0.502519912948394,0.570703368712447,15.8521161369065,15.6208185381944,1.48119154589688,1.14012861618607,0.526315789473684
"Ghana","child_iron","prev","infill","domain_enet",5,75,"open,survey_public",75,0.509487458053486,0.509071640702943,13.2604633643066,13.2933515043698,-5.41943143235794,0.913913969563599,0.473684210526316
"Ghana","child_iron","prev","infill","raw_enet",5,75,"open,survey_public",75,0.541455354550004,0.569982126877966,12.9057587229485,13.106459245833,-6.23096938499283,0.882933287489974,0.473684210526316
"Ghana","child_iron","prev","infill","spatial_plus_domain",5,75,"open,survey_public",75,0.558188885007315,0.562941690171966,12.780508891845,12.7768911906217,-5.26525560781024,0.874875684030821,0.631578947368421
"Ghana","child_iron","prev","infill","region_mean_jk",5,75,"open,survey_public",75,0.515111647446692,0.662367414666834,12.0035983263883,12.7146107304305,-3.32103569270456,0.789186881112854,0.631578947368421
"Ghana","child_iron","prev","infill","null_train_mean",6,75,"open,survey_public",75,-0.275389607526223,-0.270835429434828,14.7400244054469,14.4323262477802,1.12648605721244e-16,1.01359603996182,0.157894736842105
"Ghana","child_iron","prev","infill","spatial",6,75,"open,survey_public",75,0.46252791737593,0.484336540363226,13.8133898202486,13.7909276640597,-3.9940403403241,0.935526119684325,0.473684210526316
"Ghana","child_iron","prev","infill","domain_index",6,75,"open,survey_public",75,0.482531054040343,0.558214158970396,16.123062959011,15.6988086812893,1.93393237690661,1.16471585713936,0.473684210526316
"Ghana","child_iron","prev","infill","domain_enet",6,75,"open,survey_public",75,0.514027784576886,0.512440076238131,13.0532160463811,13.1029418711144,-5.96004721526707,0.914749405821057,0.473684210526316
"Ghana","child_iron","prev","infill","raw_enet",6,75,"open,survey_public",75,0.469581129019199,0.470429361870558,13.3206658906712,13.5061383421623,-6.50001733372485,0.94419806810511,0.473684210526316
"Ghana","child_iron","prev","infill","spatial_plus_domain",6,75,"open,survey_public",75,0.46252791737593,0.484336540358122,13.8133898203052,13.7909276641311,-3.99404034048569,0.935526119689405,0.473684210526316
"Ghana","child_iron","prev","infill","region_mean_jk",6,75,"open,survey_public",75,0.474014616713781,0.598558133059419,12.9206906343393,13.1148108862509,-1.50849298844035,0.832697010412561,0.631578947368421
"Ghana","child_iron","prev","infill","null_train_mean",7,75,"open,survey_public",75,-0.283476445207548,-0.293199468297453,14.974352853287,14.6856649034832,-7.95840534676777e-16,1.01704363565344,0.105263157894737
"Ghana","child_iron","prev","infill","spatial",7,75,"open,survey_public",75,0.550279007982272,0.577782539414959,12.4336690471755,12.3266258261615,-4.44456236091363,0.857178806352203,0.631578947368421
"Ghana","child_iron","prev","infill","domain_index",7,75,"open,survey_public",75,0.516726280529473,0.577626436045014,16.0876431775605,15.8176194059245,1.65721338795147,1.14861441948044,0.578947368421053
"Ghana","child_iron","prev","infill","domain_enet",7,75,"open,survey_public",75,0.553491503163923,0.520452035079824,12.8665471801163,12.9043850139982,-5.80760038683215,0.910542416739142,0.421052631578947
"Ghana","child_iron","prev","infill","raw_enet",7,75,"open,survey_public",75,0.474506954964397,0.529985133724015,12.8305971191228,12.752745022104,-6.31887798562403,0.909712349978264,0.526315789473684
"Ghana","child_iron","prev","infill","spatial_plus_domain",7,75,"open,survey_public",75,0.553891280342084,0.546470196180595,12.6834069375261,12.8042723610864,-4.59747615365135,0.883566918348131,0.631578947368421
"Ghana","child_iron","prev","infill","region_mean_jk",7,75,"open,survey_public",75,0.483469020543515,0.625156785431786,13.2019897916506,13.8464008851245,-3.22223518140932,0.85060888870759,0.578947368421053
"Ghana","child_iron","prev","infill","null_train_mean",8,75,"open,survey_public",75,-0.0756228604794231,-0.0860441468562005,14.5698080731692,14.2600366754642,4.26199874004052e-16,0.995377145612267,0.210526315789474
"Ghana","child_iron","prev","infill","spatial",8,75,"open,survey_public",75,0.526292377292611,0.519389065306883,13.6306996061382,13.4544457839067,-4.90312204666089,0.916948509865972,0.526315789473684
"Ghana","child_iron","prev","infill","domain_index",8,75,"open,survey_public",75,0.512128842980621,0.584015061357782,16.1954872770814,15.8862715256639,2.07138996228142,1.16059626077762,0.526315789473684
"Ghana","child_iron","prev","infill","domain_enet",8,75,"open,survey_public",75,0.535301641557597,0.572997144092839,12.7267385167955,12.8790957071012,-5.38913031963273,0.869027811530063,0.526315789473684
"Ghana","child_iron","prev","infill","raw_enet",8,75,"open,survey_public",75,0.505004242555537,0.548056952240383,13.1775700330536,13.156419487676,-6.45827810317502,0.901538680652938,0.578947368421053
"Ghana","child_iron","prev","infill","spatial_plus_domain",8,75,"open,survey_public",75,0.512928397336943,0.501168127272135,13.8100960180084,13.6204096709331,-4.64402806806826,0.932788573706672,0.526315789473684
"Ghana","child_iron","prev","infill","region_mean_jk",8,75,"open,survey_public",75,0.458423768520483,0.620812526730204,12.7742819661695,13.2854850856597,-2.87407790130413,0.833760345430655,0.578947368421053
"Ghana","child_iron","prev","infill","null_train_mean",9,75,"open,survey_public",75,-0.0594491851167719,-0.114109357053662,14.5592947294449,14.2800140659136,-4.05636172799243e-16,0.996941969898681,0.210526315789474
"Ghana","child_iron","prev","infill","spatial",9,75,"open,survey_public",75,0.535430141364863,0.508467870631389,13.6496569973094,13.7913027655365,-4.03118984349498,0.924694671155904,0.578947368421053
"Ghana","child_iron","prev","infill","domain_index",9,75,"open,survey_public",75,0.510900955933412,0.563919909740295,16.2898086486742,15.8560893288904,1.87286323745364,1.16617859797153,0.473684210526316
"Ghana","child_iron","prev","infill","domain_enet",9,75,"open,survey_public",75,0.505889463450037,0.522395219302359,13.2061191792713,13.1421648343986,-5.15089677718407,0.901532008820048,0.473684210526316
"Ghana","child_iron","prev","infill","raw_enet",9,75,"open,survey_public",75,0.452547765678267,0.498006162929153,13.1987861805075,12.7316368439523,-4.6773025337572,0.948901778944834,0.526315789473684
"Ghana","child_iron","prev","infill","spatial_plus_domain",9,75,"open,survey_public",75,0.535572918928492,0.507423992319293,13.6593584641541,13.8225210109857,-4.08144578129437,0.925678209635257,0.578947368421053
"Ghana","child_iron","prev","infill","region_mean_jk",9,75,"open,survey_public",75,0.556694931503255,0.688415266872399,11.5560404102107,11.826071102134,-2.51344497388185,0.748279939832606,0.684210526315789
"Ghana","child_iron","prev","infill","null_train_mean",10,75,"open,survey_public",75,-0.294841730597519,-0.293470030812484,14.9636212268365,14.7201248725297,-1.28947778380943e-16,1.01708694436778,0.105263157894737
"Ghana","child_iron","prev","infill","spatial",10,75,"open,survey_public",75,0.528576818310674,0.564260878156515,12.6666929305216,12.6279720238084,-5.01179671814182,0.87556400686039,0.631578947368421
"Ghana","child_iron","prev","infill","domain_index",10,75,"open,survey_public",75,0.51162912150792,0.592845037001642,16.1559552547647,15.8028485013738,2.20209934736285,1.14715752253331,0.473684210526316
"Ghana","child_iron","prev","infill","domain_enet",10,75,"open,survey_public",75,0.514327617460507,0.493719861744223,13.1796276278785,12.931068554645,-5.75620659957358,0.931256911815456,0.473684210526316
"Ghana","child_iron","prev","infill","raw_enet",10,75,"open,survey_public",75,0.489384377094532,0.562390282727891,12.8099736921655,12.8659863111475,-6.5260756286153,0.894709192766959,0.578947368421053
"Ghana","child_iron","prev","infill","spatial_plus_domain",10,75,"open,survey_public",75,0.522894271278243,0.537878703741966,12.8157301471997,12.7047583271784,-4.64310183486311,0.898046457388056,0.631578947368421
"Ghana","child_iron","prev","infill","region_mean_jk",10,75,"open,survey_public",75,0.480709391737722,0.644188289783265,12.6308155764674,13.3842361020327,-3.54583042476032,0.819383543362301,0.578947368421053
"Ghana","child_iron","prev","region","null_train_mean",1,75,"open,survey_public",75,-0.65144801882793,-0.732653478893389,15.4449082237968,15.1522789102584,-0.0420363506235266,1.05259501894724,0.0526315789473684
"Ghana","child_iron","prev","region","spatial",1,75,"open,survey_public",75,0.49258259451982,0.449160634844853,13.6537545859211,13.5428314790431,-4.79419991435256,0.961432137939329,0.473684210526316
"Ghana","child_iron","prev","region","domain_index",1,75,"open,survey_public",75,0.455431872463572,0.503300950883567,16.1531466801861,15.6028984851367,1.17928327239078,1.18459345333603,0.526315789473684
"Ghana","child_iron","prev","region","domain_enet",1,75,"open,survey_public",75,0.483873163138455,0.331554974914368,14.5888877861338,14.3886724303051,-7.12817793240539,1.04006744168474,0.421052631578947
"Ghana","child_iron","prev","region","raw_enet",1,75,"open,survey_public",75,0.343637040142117,0.23030848804896,14.9442436480076,14.8497797326319,-6.66046134578913,1.07523755907215,0.368421052631579
"Ghana","child_iron","prev","region","spatial_plus_domain",1,75,"open,survey_public",75,0.483673274549375,0.432352664613923,13.7313291495734,13.7304675939541,-5.12870034012338,0.971683484379514,0.473684210526316
"Ghana","child_iron","level","infill","null_train_mean",1,75,"open,survey_public",75,-0.144587180694702,-0.119851863004195,0.344824177226292,0.337635482776336,-7.10239159151804e-17,0.997315871225391,0.210526315789474
"Ghana","child_iron","level","infill","spatial",1,75,"open,survey_public",75,0.510355618776671,0.554845457916689,0.303404823710755,0.285780093846115,-0.00218555043137478,0.850612511028286,0.631578947368421
"Ghana","child_iron","level","infill","domain_index",1,75,"open,survey_public",75,0.534850640113798,0.585992382267061,0.325778765750264,0.308070215381704,-0.00358676834641132,0.90602373184845,0.578947368421053
"Ghana","child_iron","level","infill","domain_enet",1,75,"open,survey_public",75,0.530867709815078,0.541635643413795,0.303557731511398,0.292931308197291,-0.00785881981279734,0.840053280215542,0.578947368421053
"Ghana","child_iron","level","infill","raw_enet",1,75,"open,survey_public",75,0.488421052631579,0.482998348103258,0.319483682932589,0.306367866781373,-0.0188745443809316,0.89293633521023,0.578947368421053
"Ghana","child_iron","level","infill","spatial_plus_domain",1,75,"open,survey_public",75,0.506059743954481,0.553210631136296,0.303583896842092,0.285722601270948,-0.00226359119056256,0.852176994637219,0.631578947368421
"Ghana","child_iron","level","infill","region_mean_jk",1,75,"open,survey_public",75,0.389840653235528,0.522527476945139,0.317078302617197,0.316306723999142,0.0337698285111856,0.891483815825617,0.631578947368421
"Ghana","child_iron","level","infill","null_train_mean",2,75,"open,survey_public",75,-0.177685450974212,-0.210962267324005,0.345744445678137,0.336804843504791,-7.10239159151804e-17,1.005667432647,0.210526315789474
"Ghana","child_iron","level","infill","spatial",2,75,"open,survey_public",75,0.406657183499289,0.504802722003145,0.320891078472258,0.297133301452409,0.0288355671940172,0.88714480617323,0.631578947368421
"Ghana","child_iron","level","infill","domain_index",2,75,"open,survey_public",75,0.493285917496444,0.54522475234021,0.32980860644544,0.308496568309557,0.00562388291461437,0.942894085309208,0.631578947368421
"Ghana","child_iron","level","infill","domain_enet",2,75,"open,survey_public",75,0.447965860597439,0.459705966944031,0.31740035558686,0.298993719629749,0.0152654913060254,0.891971342262684,0.473684210526316
"Ghana","child_iron","level","infill","raw_enet",2,75,"open,survey_public",75,0.522275960170697,0.542498657918353,0.28452796655307,0.2696466018478,-0.000616537936562089,0.835277443144109,0.684210526315789
"Ghana","child_iron","level","infill","spatial_plus_domain",2,75,"open,survey_public",75,0.406657183499289,0.504802722003139,0.320891078472259,0.29713330145241,0.0288355671940117,0.887144806173234,0.631578947368421
"Ghana","child_iron","level","infill","region_mean_jk",2,75,"open,survey_public",75,0.402191583543234,0.558185325493224,0.30096818499951,0.292444704272345,0.0117692063202601,0.850350586646272,0.578947368421053
"Ghana","child_iron","level","infill","null_train_mean",3,75,"open,survey_public",75,-0.177249947417902,-0.226044698999024,0.347888821368189,0.341070925746502,1.7749112365036e-17,1.00748452145254,0.157894736842105
"Ghana","child_iron","level","infill","spatial",3,75,"open,survey_public",75,0.524864864864865,0.549928324871641,0.300386288907789,0.281419178620804,-0.0194357489087422,0.853157883103326,0.684210526315789
"Ghana","child_iron","level","infill","domain_index",3,75,"open,survey_public",75,0.515817923186344,0.56644655208527,0.323030347644954,0.302941914878406,-0.00419728033776517,0.921280252752153,0.526315789473684
"Ghana","child_iron","level","infill","domain_enet",3,75,"open,survey_public",75,0.490668563300142,0.513279588157453,0.304252600175181,0.290203260818032,-0.015567924710987,0.854109820345574,0.526315789473684
"Ghana","child_iron","level","infill","raw_enet",3,75,"open,survey_public",75,0.489928876244666,0.518726951336441,0.293617956519903,0.278941617577207,-0.0050726680671755,0.849776987353957,0.578947368421053
"Ghana","child_iron","level","infill","spatial_plus_domain",3,75,"open,survey_public",75,0.524864864864865,0.549928324871641,0.300386288907789,0.281419178620804,-0.0194357489087397,0.853157883103326,0.684210526315789
"Ghana","child_iron","level","infill","region_mean_jk",3,75,"open,survey_public",75,0.296957162299912,0.487069091490479,0.326615149386939,0.324621973014237,0.00754630744285337,0.907417555327813,0.578947368421053
"Ghana","child_iron","level","infill","null_train_mean",4,75,"open,survey_public",75,-0.229510374175023,-0.286206179936412,0.348603867501658,0.34137102683249,-7.10239159151804e-17,1.01593746074373,0.157894736842105
"Ghana","child_iron","level","infill","spatial",4,75,"open,survey_public",75,0.520739687055476,0.54284563349366,0.307325263445256,0.288680297585957,0.000552572743008799,0.856691248333709,0.684210526315789
"Ghana","child_iron","level","infill","domain_index",4,75,"open,survey_public",75,0.529815078236131,0.580361121541975,0.319426298862706,0.303034007737168,-0.0138727725078599,0.89383306162156,0.526315789473684
"Ghana","child_iron","level","infill","domain_enet",4,75,"open,survey_public",75,0.465832147937411,0.469034856402851,0.324995869548785,0.317065872527174,-0.00389631572260032,0.892864707404204,0.473684210526316
"Ghana","child_iron","level","infill","raw_enet",4,75,"open,survey_public",75,0.509359886201991,0.475266522227543,0.308339009902282,0.299646958204615,0.0043083048152631,0.882088443918976,0.526315789473684
"Ghana","child_iron","level","infill","spatial_plus_domain",4,75,"open,survey_public",75,0.515504978662873,0.536279236940263,0.309140877940338,0.29012269622405,0.00155127885579768,0.863852527166096,0.684210526315789
"Ghana","child_iron","level","infill","region_mean_jk",4,75,"open,survey_public",75,0.322733101357569,0.485461205345968,0.328642873399327,0.328807666831941,-0.00949850538360184,0.906673272531631,0.578947368421053
"Ghana","child_iron","level","infill","null_train_mean",5,75,"open,survey_public",75,-0.101907832176386,-0.117908344845986,0.343899566084208,0.336003572182661,1.06530814262632e-16,0.997187287492658,0.157894736842105
"Ghana","child_iron","level","infill","spatial",5,75,"open,survey_public",75,0.472005689900427,0.506228257376269,0.31644273082734,0.296346534922503,0.0004421625239228,0.883475433526388,0.684210526315789
"Ghana","child_iron","level","infill","domain_index",5,75,"open,survey_public",75,0.503897581792319,0.562058285753136,0.324674821870228,0.303522693370052,0.00111213270340632,0.916738432893948,0.578947368421053
"Ghana","child_iron","level","infill","domain_enet",5,75,"open,survey_public",75,0.475362731152205,0.495462171708002,0.307096100325411,0.294931256789161,0.00851893859765002,0.863043387290033,0.473684210526316
"Ghana","child_iron","level","infill","raw_enet",5,75,"open,survey_public",75,0.489615931721195,0.498181293125363,0.308636916702345,0.289639710278973,-0.0216653067013726,0.878907922372864,0.631578947368421
"Ghana","child_iron","level","infill","spatial_plus_domain",5,75,"open,survey_public",75,0.472005689900427,0.50622825737627,0.31644273082734,0.296346534922503,0.000442162523919247,0.883475433526386,0.684210526315789
"Ghana","child_iron","level","infill","region_mean_jk",5,75,"open,survey_public",75,0.268831528417124,0.447956805957127,0.335228048372542,0.330264726542414,-0.000504813620422884,0.944538382081851,0.631578947368421
"Ghana","child_iron","level","infill","null_train_mean",6,75,"open,survey_public",75,-0.246495012871088,-0.233873637449709,0.34904625683384,0.341508951141205,-7.10239159151804e-17,1.00847579748837,0.210526315789474
"Ghana","child_iron","level","infill","spatial",6,75,"open,survey_public",75,0.530810810810811,0.559629361195462,0.297106495349475,0.275503455206889,0.0191116205470718,0.834836622669496,0.631578947368421
"Ghana","child_iron","level","infill","domain_index",6,75,"open,survey_public",75,0.525263157894737,0.566767965727826,0.321347212601395,0.300402216120449,0.00770286861420802,0.909916217261725,0.578947368421053
"Ghana","child_iron","level","infill","domain_enet",6,75,"open,survey_public",75,0.538833570412518,0.518811309997534,0.310556419234109,0.302075657131133,0.00204346429826377,0.856448828628676,0.526315789473684
"Ghana","child_iron","level","infill","raw_enet",6,75,"open,survey_public",75,0.496557610241821,0.538612016994627,0.297720800025795,0.2814833890896,0.00723685470585695,0.837160562615715,0.578947368421053
"Ghana","child_iron","level","infill","spatial_plus_domain",6,75,"open,survey_public",75,0.534224751066856,0.557281806735417,0.298258738495783,0.276802913802343,0.019599340699301,0.837615419212306,0.631578947368421
"Ghana","child_iron","level","infill","region_mean_jk",6,75,"open,survey_public",75,0.369667327575,0.505748084878003,0.313985663852875,0.303812230221601,0.0478370751453439,0.884170653214593,0.578947368421053
"Ghana","child_iron","level","infill","null_train_mean",7,75,"open,survey_public",75,-0.28481932582631,-0.29826381728565,0.349648482849142,0.341900070032861,1.7749112365036e-17,1.01786059496189,0.105263157894737
"Ghana","child_iron","level","infill","spatial",7,75,"open,survey_public",75,0.599544807965861,0.649918089623771,0.27724001170493,0.260201009354298,0.0130796297736599,0.764570171268873,0.736842105263158
"Ghana","child_iron","level","infill","domain_index",7,75,"open,survey_public",75,0.539061166429587,0.590241934918089,0.317161754268768,0.299924493438063,-0.00220890651565175,0.889968009082213,0.578947368421053
"Ghana","child_iron","level","infill","domain_enet",7,75,"open,survey_public",75,0.478406827880512,0.471442801782131,0.313148172393608,0.296915921416705,-0.0129442034157938,0.879343830344617,0.578947368421053
"Ghana","child_iron","level","infill","raw_enet",7,75,"open,survey_public",75,0.489615931721195,0.530628360474414,0.29402610145659,0.275872494258126,-0.008318065997226,0.842281160867187,0.578947368421053
"Ghana","child_iron","level","infill","spatial_plus_domain",7,75,"open,survey_public",75,0.594310099573257,0.641213111232344,0.28021587994522,0.26411861653064,0.011580819940127,0.775195513563002,0.736842105263158
"Ghana","child_iron","level","infill","region_mean_jk",7,75,"open,survey_public",75,0.395417867980788,0.560732525656773,0.305532255555575,0.303650271936774,7.82973168594481e-05,0.854560955145339,0.578947368421053
"Ghana","child_iron","level","infill","null_train_mean",8,75,"open,survey_public",75,-0.0892782290434151,-0.0947798362764457,0.342490506424764,0.33494762162655,-7.10239159151804e-17,0.99581742920277,0.210526315789474
"Ghana","child_iron","level","infill","spatial",8,75,"open,survey_public",75,0.577155049786629,0.606432039385274,0.287492164234497,0.271035379496173,-0.00533760505475574,0.799556809033638,0.684210526315789
"Ghana","child_iron","level","infill","domain_index",8,75,"open,survey_public",75,0.562816500711237,0.603924691564605,0.319011119566265,0.303132191599773,-0.00379675760593514,0.886968722439671,0.578947368421053
"Ghana","child_iron","level","infill","domain_enet",8,75,"open,survey_public",75,0.575362731152205,0.574998669157122,0.291159407221312,0.285007164187239,0.00325018783314432,0.813165583973654,0.526315789473684
"Ghana","child_iron","level","infill","raw_enet",8,75,"open,survey_public",75,0.516301564722617,0.517549944569079,0.304033506119666,0.28828863951914,0.00087952286445797,0.861075272679277,0.578947368421053
"Ghana","child_iron","level","infill","spatial_plus_domain",8,75,"open,survey_public",75,0.577155049786629,0.606432039385273,0.287492164234498,0.271035379496174,-0.00533760505475521,0.79955680903364,0.684210526315789
"Ghana","child_iron","level","infill","region_mean_jk",8,75,"open,survey_public",75,0.27907739208563,0.515854912865266,0.310062760848597,0.304789184129113,0.0124612359652099,0.879406804645252,0.578947368421053
"Ghana","child_iron","level","infill","null_train_mean",9,75,"open,survey_public",75,-0.137183620237443,-0.151208581069429,0.344906443791635,0.337090265771108,-7.10239159151804e-17,0.99967805121728,0.157894736842105
"Ghana","child_iron","level","infill","spatial",9,75,"open,survey_public",75,0.555106685633001,0.580686978009517,0.299493970715695,0.275956689728943,0.00526044511578173,0.822251211415039,0.631578947368421
"Ghana","child_iron","level","infill","domain_index",9,75,"open,survey_public",75,0.555533428165007,0.590517024090855,0.318399856227161,0.301575887635114,-0.003381264032213,0.891330205764716,0.578947368421053
"Ghana","child_iron","level","infill","domain_enet",9,75,"open,survey_public",75,0.47049786628734,0.482811768269235,0.319617879933133,0.309928981262972,0.0125663573153031,0.888623697067569,0.578947368421053
"Ghana","child_iron","level","infill","raw_enet",9,75,"open,survey_public",75,0.481109530583215,0.467584413986784,0.311339511841653,0.292729946931509,0.0132224272699941,0.919054577910388,0.578947368421053
"Ghana","child_iron","level","infill","spatial_plus_domain",9,75,"open,survey_public",75,0.555106685633001,0.580686978009515,0.299493970715695,0.275956689728943,0.00526044511578591,0.822251211415041,0.631578947368421
"Ghana","child_iron","level","infill","region_mean_jk",9,75,"open,survey_public",75,0.442860220125479,0.566861772139414,0.299347172499431,0.292805828127201,0.00697915587783253,0.834813923196171,0.684210526315789
"Ghana","child_iron","level","infill","null_train_mean",10,75,"open,survey_public",75,-0.319659610331057,-0.342845116022593,0.356309928027242,0.349073775459457,-7.10239159151804e-17,1.02562317934214,0.210526315789474
"Ghana","child_iron","level","infill","spatial",10,75,"open,survey_public",75,0.560170697012802,0.621478489025182,0.279652544132351,0.260367024590237,-0.00841348971113736,0.788779497203148,0.684210526315789
"Ghana","child_iron","level","infill","domain_index",10,75,"open,survey_public",75,0.53302987197724,0.591554750677291,0.309119953729072,0.289695029158784,0.00414180528846168,0.885209071088406,0.578947368421053
"Ghana","child_iron","level","infill","domain_enet",10,75,"open,survey_public",75,0.49678520625889,0.518246611658513,0.309077835372515,0.298829880558813,0.00646427095814036,0.853796962618613,0.578947368421053
"Ghana","child_iron","level","infill","raw_enet",10,75,"open,survey_public",75,0.530839260312944,0.563398803500901,0.287067509745633,0.272914094898513,0.0010398767400923,0.821515713502667,0.631578947368421
"Ghana","child_iron","level","infill","spatial_plus_domain",10,75,"open,survey_public",75,0.560170697012802,0.621478489025182,0.279652544132351,0.260367024590237,-0.00841348971113639,0.788779497203148,0.684210526315789
"Ghana","child_iron","level","infill","region_mean_jk",10,75,"open,survey_public",75,0.387878559934433,0.565650315358435,0.306140455281672,0.30546600854873,0.00688200230190019,0.840751349790624,0.578947368421053
"Ghana","child_iron","level","region","null_train_mean",1,75,"open,survey_public",75,-0.556384520793882,-0.6790032635716,0.35718310424837,0.349832868941553,-0.00160511921733188,1.04321464539942,0.0526315789473684
"Ghana","child_iron","level","region","spatial",1,75,"open,survey_public",75,0.532517780938834,0.461042324635411,0.338005525753571,0.320900356031407,-0.115293755710211,0.988326932909573,0.578947368421053
"Ghana","child_iron","level","region","domain_index",1,75,"open,survey_public",75,0.505860597439545,0.53504551084045,0.322708617401812,0.301562206970705,-0.0113228781966637,0.922648463956718,0.578947368421053
"Ghana","child_iron","level","region","domain_enet",1,75,"open,survey_public",75,0.392972972972973,0.346694432194988,0.35402203730311,0.345810630754202,-0.020824336324906,0.978897915106991,0.263157894736842
"Ghana","child_iron","level","region","raw_enet",1,75,"open,survey_public",75,0.379658605974395,0.362046377210439,0.322196456796692,0.310122634307533,-0.0317625705151274,0.940406172682415,0.315789473684211
"Ghana","child_iron","level","region","spatial_plus_domain",1,75,"open,survey_public",75,0.532517780938834,0.461042324635344,0.338005525753584,0.320900356031417,-0.115293755710227,0.988326932909631,0.578947368421053
"Ghana","women_iron","prev","infill","null_train_mean",1,75,"open,survey_public",75,-0.15351678117869,-0.165412721488233,9.64106426369433,8.67869949247176,3.14707750600126e-16,1.00092568462668,0.105263157894737
"Ghana","women_iron","prev","infill","spatial",1,75,"open,survey_public",75,0.429976549629624,0.373641514981416,8.97180649449956,8.50260777425046,-4.20001873299716,0.994582684303197,0.368421052631579
"Ghana","women_iron","prev","infill","domain_index",1,75,"open,survey_public",75,0.175233716970258,0.0931632949196804,15.4995199856335,16.2751489137329,1.18539258639758,1.77500438858132,0.315789473684211
"Ghana","women_iron","prev","infill","domain_enet",1,75,"open,survey_public",75,0.0251357577363675,-0.000624590396823195,10.7770190052545,10.0410066746764,-6.10576855655708,1.19777281914938,0.315789473684211
"Ghana","women_iron","prev","infill","raw_enet",1,75,"open,survey_public",75,0.124083715834757,0.0836612877341133,10.5015848724103,9.93793503478589,-5.77366102225223,1.12892378513734,0.368421052631579
"Ghana","women_iron","prev","infill","spatial_plus_domain",1,75,"open,survey_public",75,0.429976549629624,0.373641514981414,8.97180649449956,8.50260777425046,-4.20001873299714,0.994582684303198,0.368421052631579
"Ghana","women_iron","prev","infill","region_mean_jk",1,75,"open,survey_public",75,0.268455271469935,0.270913595493691,9.9216467496647,9.38743830860783,-3.33217659821447,1.06784694110063,0.421052631578947
"Ghana","women_iron","prev","infill","null_train_mean",2,75,"open,survey_public",75,-0.216289066165672,-0.195051637459642,9.66836344240748,8.71235815195707,-7.34185571134767e-17,1.00388331995042,0.157894736842105
"Ghana","women_iron","prev","infill","spatial",2,75,"open,survey_public",75,0.499183724161765,0.469075070396452,8.66862122602095,8.23479917619233,-4.63331859878059,0.95931612325994,0.473684210526316
"Ghana","women_iron","prev","infill","domain_index",2,75,"open,survey_public",75,0.292425491723748,0.266553169805746,13.1094134231691,13.5709305220101,1.62500947578444,1.49676283554884,0.421052631578947
"Ghana","women_iron","prev","infill","domain_enet",2,75,"open,survey_public",75,0.0754942995731837,0.0213355895204303,10.6707193461136,10.0701029167142,-6.06465111375855,1.15037847243099,0.315789473684211
"Ghana","women_iron","prev","infill","raw_enet",2,75,"open,survey_public",75,0.113091141751066,0.0969404769340989,10.5271159566015,9.81316629998305,-6.35899378478183,1.13402376663018,0.263157894736842
"Ghana","women_iron","prev","infill","spatial_plus_domain",2,75,"open,survey_public",75,0.499183724161765,0.469075070396453,8.66862122602094,8.23479917619232,-4.63331859878059,0.95931612325994,0.473684210526316
"Ghana","women_iron","prev","infill","region_mean_jk",2,75,"open,survey_public",75,0.241833385847806,0.203375977865463,10.6474318244374,10.079831891727,-2.50681349230069,1.17607861863525,0.263157894736842
"Ghana","women_iron","prev","infill","null_train_mean",3,75,"open,survey_public",75,-0.15153449849489,-0.201665832953626,9.62817259651418,8.6984444954735,-8.36823376796729e-17,1.00460839221413,0.263157894736842
"Ghana","women_iron","prev","infill","spatial",3,75,"open,survey_public",75,0.546218704108868,0.548385275298407,8.05377244665375,7.57177529775665,-4.69989469411229,0.921043071507658,0.578947368421053
"Ghana","women_iron","prev","infill","domain_index",3,75,"open,survey_public",75,0.328151357495745,0.303132837947256,13.0097533048698,12.5169572873762,1.81732595959,1.43687354861617,0.473684210526316
"Ghana","women_iron","prev","infill","domain_enet",3,75,"open,survey_public",75,0.0979138884695973,0.097109265284263,10.4413008390981,9.7875036996677,-6.21099769543289,1.12093478474893,0.315789473684211
"Ghana","women_iron","prev","infill","raw_enet",3,75,"open,survey_public",75,0.230527515666104,0.215606946093898,10.3521120731549,10.0067037730965,-5.85840857494208,1.09767989112498,0.421052631578947
"Ghana","women_iron","prev","infill","spatial_plus_domain",3,75,"open,survey_public",75,0.546218704108868,0.548385275298398,8.05377244665372,7.5717752977566,-4.69989469411209,0.921043071507654,0.578947368421053
"Ghana","women_iron","prev","infill","region_mean_jk",3,75,"open,survey_public",75,0.370588277381757,0.32230268821288,9.36421049725796,8.87018610019829,-3.03269259794169,1.05401074700028,0.473684210526316
"Ghana","women_iron","prev","infill","null_train_mean",4,75,"open,survey_public",75,-0.212324500798073,-0.21434333696342,9.73801635994364,8.78052913626945,-7.34185571134767e-17,1.00606414723541,0.210526315789474
"Ghana","women_iron","prev","infill","spatial",4,75,"open,survey_public",75,0.492622711357886,0.498708334351875,8.73852716672938,8.22650700087066,-4.61480390150545,0.943879288849347,0.526315789473684
"Ghana","women_iron","prev","infill","domain_index",4,75,"open,survey_public",75,0.290353592943576,0.302290774331166,12.0726263184785,11.6908617802012,-0.0159974688850903,1.37273600832987,0.421052631578947
"Ghana","women_iron","prev","infill","domain_enet",4,75,"open,survey_public",75,0.00251793254534815,0.0961199604958594,11.0154411909127,10.273816186361,-5.47658159603339,1.15950746813347,0.368421052631579
"Ghana","women_iron","prev","infill","raw_enet",4,75,"open,survey_public",75,0.109419595769471,0.174633590471685,10.5274978440255,9.92742462252096,-6.1811650379954,1.11768332298665,0.315789473684211
"Ghana","women_iron","prev","infill","spatial_plus_domain",4,75,"open,survey_public",75,0.492622711357886,0.498708334351859,8.73852716672956,8.22650700087087,-4.61480390150577,0.943879288849366,0.526315789473684
"Ghana","women_iron","prev","infill","region_mean_jk",4,75,"open,survey_public",75,0.339378201908273,0.374287521586898,9.46145456606579,9.18544605628077,-3.46674179918739,1.0142199141188,0.421052631578947
"Ghana","women_iron","prev","infill","null_train_mean",5,75,"open,survey_public",75,-0.230825805846868,-0.235600260243311,9.70732801797103,8.71806948946462,-4.07515456564885e-16,1.00869882498419,0.157894736842105
"Ghana","women_iron","prev","infill","spatial",5,75,"open,survey_public",75,0.523053724691665,0.554470657350888,8.11563374226844,7.6931069546872,-3.45117490749656,0.880441940347693,0.526315789473684
"Ghana","women_iron","prev","infill","domain_index",5,75,"open,survey_public",75,0.344237349414026,0.337545822838491,11.9525496843139,12.406867672021,0.562471994764137,1.33152547291622,0.473684210526316
"Ghana","women_iron","prev","infill","domain_enet",5,75,"open,survey_public",75,0.105938590601832,0.0071798319423782,10.5794283255377,9.9556083981912,-6.27251252091953,1.13792268509834,0.368421052631579
"Ghana","women_iron","prev","infill","raw_enet",5,75,"open,survey_public",75,0.184820048551199,0.16432245632954,10.4305537345876,9.92564010867423,-5.88065422079581,1.11185488199969,0.368421052631579
"Ghana","women_iron","prev","infill","spatial_plus_domain",5,75,"open,survey_public",75,0.523053724691665,0.554470657350889,8.11563374226843,7.6931069546872,-3.45117490749655,0.880441940347692,0.526315789473684
"Ghana","women_iron","prev","infill","region_mean_jk",5,75,"open,survey_public",75,0.413012163513806,0.413910821760351,9.50478067987314,9.03855416176894,-2.62017946120902,1.00705205674255,0.421052631578947
"Ghana","women_iron","prev","infill","null_train_mean",6,75,"open,survey_public",75,-0.295800627149182,-0.299109945667823,9.82745868542097,8.80040026832106,3.88307008075683e-16,1.0179983881339,0.105263157894737
"Ghana","women_iron","prev","infill","spatial",6,75,"open,survey_public",75,0.515773302589116,0.525419491793146,8.03939184976458,7.530388083021,-4.28339020196673,0.918540475706767,0.631578947368421
"Ghana","women_iron","prev","infill","domain_index",6,75,"open,survey_public",75,0.345661779825395,0.38136485557639,12.0335464182659,12.0474893303847,0.981459543609922,1.28410455077172,0.473684210526316
"Ghana","women_iron","prev","infill","domain_enet",6,75,"open,survey_public",75,-0.136748931159764,-0.072742094961173,10.711081533517,10.0812722710899,-6.2606077894253,1.14818522412445,0.263157894736842
"Ghana","women_iron","prev","infill","raw_enet",6,75,"open,survey_public",75,-0.0740873933179294,0.0752966344291385,10.4902339750193,9.85787312860586,-5.81817179405752,1.11658314538673,0.315789473684211
"Ghana","women_iron","prev","infill","spatial_plus_domain",6,75,"open,survey_public",75,0.515773302589116,0.525419491793145,8.03939184976459,7.530388083021,-4.28339020196674,0.918540475706768,0.631578947368421
"Ghana","women_iron","prev","infill","region_mean_jk",6,75,"open,survey_public",75,0.366050416539447,0.398997186223799,8.97902654210218,8.6549984314303,-2.49141297192147,0.987694044929444,0.473684210526316
"Ghana","women_iron","prev","infill","null_train_mean",7,75,"open,survey_public",75,-0.204835877325942,-0.20429341443878,9.66631981610433,8.70537380197481,-3.51118873559431e-16,1.00490299791237,0.105263157894737
"Ghana","women_iron","prev","infill","spatial",7,75,"open,survey_public",75,0.476738154043233,0.486819994773247,8.51611709790377,8.03673789287006,-4.45100527965978,0.944645221987834,0.473684210526316
"Ghana","women_iron","prev","infill","domain_index",7,75,"open,survey_public",75,0.286166630825311,0.285582100516109,12.8404633332486,12.9746005879839,0.646181015080104,1.40425015191823,0.368421052631579
"Ghana","women_iron","prev","infill","domain_enet",7,75,"open,survey_public",75,-0.0536373956753636,-0.0150807453549102,10.6329742500329,9.86580730606702,-5.69253205978673,1.15360719366183,0.210526315789474
"Ghana","women_iron","prev","infill","raw_enet",7,75,"open,survey_public",75,0.0417051336694788,0.0261945612862427,10.7843406295478,10.0219880720411,-5.25131952635634,1.1472249084249,0.263157894736842
"Ghana","women_iron","prev","infill","spatial_plus_domain",7,75,"open,survey_public",75,0.476738154043233,0.486819994773248,8.51611709790375,8.03673789287004,-4.45100527965974,0.944645221987833,0.473684210526316
"Ghana","women_iron","prev","infill","region_mean_jk",7,75,"open,survey_public",75,0.250682258523568,0.290213785275819,9.82288849023801,9.32007660051902,-3.26186710627359,1.06236072131571,0.315789473684211
"Ghana","women_iron","prev","infill","null_train_mean",8,75,"open,survey_public",75,-0.196245985696144,-0.216267288256846,9.69942028111104,8.76391829027874,-1.11564403548758e-16,1.00629263703458,0.263157894736842
"Ghana","women_iron","prev","infill","spatial",8,75,"open,survey_public",75,0.551714991150714,0.483467713009703,8.40150101227846,7.96884179114905,-4.41917633137654,0.945725223763907,0.578947368421053
"Ghana","women_iron","prev","infill","domain_index",8,75,"open,survey_public",75,0.307288487834289,0.274456127539278,12.9670592819906,13.0082544631584,0.323765432942175,1.46193658858411,0.421052631578947
"Ghana","women_iron","prev","infill","domain_enet",8,75,"open,survey_public",75,0.098584967185193,0.218603634461667,10.0197070813956,9.26319800102035,-6.16329179360575,1.09969860044543,0.421052631578947
"Ghana","women_iron","prev","infill","raw_enet",8,75,"open,survey_public",75,0.284972411389517,0.342659381562335,9.90572957711727,9.37708681796326,-6.13922193862101,1.06588980562264,0.421052631578947
"Ghana","women_iron","prev","infill","spatial_plus_domain",8,75,"open,survey_public",75,0.551714991150714,0.483467713009704,8.40150101227845,7.96884179114903,-4.41917633137654,0.945725223763907,0.578947368421053
"Ghana","women_iron","prev","infill","region_mean_jk",8,75,"open,survey_public",75,0.409534448324352,0.407736600323142,8.93788445384387,8.52816217307144,-3.26162753612413,0.981948594207288,0.473684210526316
"Ghana","women_iron","prev","infill","null_train_mean",9,75,"open,survey_public",75,-0.220473885164804,-0.240879794491929,9.78036581518528,8.81069803678097,3.64653330679291e-17,1.00939064465181,0.105263157894737
"Ghana","women_iron","prev","infill","spatial",9,75,"open,survey_public",75,0.516478323701813,0.524214067954799,8.40986039226975,7.97473509473519,-4.48809863856644,0.926598218740879,0.526315789473684
"Ghana","women_iron","prev","infill","domain_index",9,75,"open,survey_public",75,0.323849289889693,0.316982369921646,13.2471194571172,13.482629160928,0.993424225442441,1.40428608689932,0.473684210526316
"Ghana","women_iron","prev","infill","domain_enet",9,75,"open,survey_public",75,0.129810213852177,0.125580161403787,10.4791744549139,9.90234743001732,-6.23497683293135,1.1238575619959,0.421052631578947
"Ghana","women_iron","prev","infill","raw_enet",9,75,"open,survey_public",75,0.0131457123793646,-0.0169444667873941,10.6785161972578,10.0729444611447,-6.04451218900829,1.13697356585508,0.315789473684211
"Ghana","women_iron","prev","infill","spatial_plus_domain",9,75,"open,survey_public",75,0.516478323701813,0.524214067954799,8.40986039226975,7.97473509473519,-4.48809863856643,0.926598218740879,0.526315789473684
"Ghana","women_iron","prev","infill","region_mean_jk",9,75,"open,survey_public",75,0.445244218874856,0.499947153741645,8.57322411524056,8.32917731082116,-3.02288338527373,0.912697301528641,0.421052631578947
"Ghana","women_iron","prev","infill","null_train_mean",10,75,"open,survey_public",75,-0.130610403499229,-0.195960565020391,9.60940780664306,8.67135358400428,2.78152067351156e-16,1.00398155762723,0.210526315789474
"Ghana","women_iron","prev","infill","spatial",10,75,"open,survey_public",75,0.382035113966195,0.310828972267041,9.33479468372379,8.75193302039722,-4.93570817589092,1.04797788242868,0.421052631578947
"Ghana","women_iron","prev","infill","domain_index",10,75,"open,survey_public",75,0.336726716335902,0.266575497281315,13.1802131284295,13.0125311606615,0.2027519228466,1.46366790314749,0.421052631578947
"Ghana","women_iron","prev","infill","domain_enet",10,75,"open,survey_public",75,0.0252808000299826,0.124509766300917,10.5423009729266,9.79738000920996,-6.32868927796032,1.12358638277325,0.368421052631579
"Ghana","women_iron","prev","infill","raw_enet",10,75,"open,survey_public",75,0.278483339515506,0.254334270283275,10.0821003520021,9.62006637813957,-6.20043380380338,1.09203774609799,0.473684210526316
"Ghana","women_iron","prev","infill","spatial_plus_domain",10,75,"open,survey_public",75,0.382035113966195,0.310828972267042,9.3347946837238,8.75193302039723,-4.93570817589097,1.04797788242868,0.421052631578947
"Ghana","women_iron","prev","infill","region_mean_jk",10,75,"open,survey_public",75,0.400198208522561,0.340533777565376,9.48557181958603,9.11845588014426,-3.74543812538184,1.03708053535613,0.421052631578947
"Ghana","women_iron","prev","region","null_train_mean",1,75,"open,survey_public",75,-0.572332767421751,-0.613508646868319,9.8179718278774,8.84239618999816,-0.0454503723495008,1.0228935963282,0.0526315789473684
"Ghana","women_iron","prev","region","spatial",1,75,"open,survey_public",75,0.405156928825478,0.360787967402611,9.17104144421553,8.63261544608813,-4.59806580094454,1.00449384809966,0.315789473684211
"Ghana","women_iron","prev","region","domain_index",1,75,"open,survey_public",75,0.127709538700058,0.103686989205971,12.2519116935203,11.6585590298442,-2.83082576653871,1.29561900451425,0.210526315789474
"Ghana","women_iron","prev","region","domain_enet",1,75,"open,survey_public",75,-0.275345775894174,-0.220082939621692,11.422298590332,10.6648646908574,-6.97764840061726,1.22400235954597,0.157894736842105
"Ghana","women_iron","prev","region","raw_enet",1,75,"open,survey_public",75,-0.189323154989727,-0.0709465768844852,11.1711596175098,10.6288493005436,-5.13607969291002,1.19475181681684,0.263157894736842
"Ghana","women_iron","prev","region","spatial_plus_domain",1,75,"open,survey_public",75,0.405156928825478,0.360787967402605,9.17104144421555,8.63261544608815,-4.59806580094455,1.00449384809966,0.315789473684211
"Ghana","women_iron","level","infill","null_train_mean",1,75,"open,survey_public",75,-0.13892563446268,-0.117922590120299,0.281159677772199,0.265236582152703,6.51486243424815e-17,0.99718822237647,0.210526315789474
"Ghana","women_iron","level","infill","spatial",1,75,"open,survey_public",75,0.528449502133713,0.506450678718643,0.233932238735572,0.220769498135633,-0.00326585827002834,0.864499316118247,0.578947368421053
"Ghana","women_iron","level","infill","domain_index",1,75,"open,survey_public",75,0.273684210526316,0.27514690828146,0.345672608667005,0.342927987821777,-0.0125032715936204,1.2284612279837,0.473684210526316
"Ghana","women_iron","level","infill","domain_enet",1,75,"open,survey_public",75,0.167539118065434,0.189306595789953,0.289217394856881,0.269369717983002,-0.0107118310238861,1.01406013967264,0.368421052631579
"Ghana","women_iron","level","infill","raw_enet",1,75,"open,survey_public",75,0.398719772403983,0.39561380051013,0.26415561595515,0.253357420685141,-0.0195783538107854,0.944439698980143,0.526315789473684
"Ghana","women_iron","level","infill","spatial_plus_domain",1,75,"open,survey_public",75,0.528449502133713,0.506450678718643,0.233932238735572,0.220769498135634,-0.00326585827002718,0.864499316118248,0.578947368421053
"Ghana","women_iron","level","infill","region_mean_jk",1,75,"open,survey_public",75,0.317686410131748,0.273908031298031,0.292983554963791,0.279027583434419,-0.00218021051350818,1.04334344728401,0.473684210526316
"Ghana","women_iron","level","infill","null_train_mean",2,75,"open,survey_public",75,-0.179427465199449,-0.187497965347388,0.282705496646474,0.266534459981046,-2.3711501512258e-17,1.00308422475727,0.105263157894737
"Ghana","women_iron","level","infill","spatial",2,75,"open,survey_public",75,0.584352773826458,0.564948254354854,0.219870201773986,0.21005090620072,-0.00252061914090779,0.821016065923938,0.631578947368421
"Ghana","women_iron","level","infill","domain_index",2,75,"open,survey_public",75,0.416386913229018,0.423593970759511,0.296022907884533,0.288003127400923,0.00789803137735538,1.03560717926891,0.526315789473684
"Ghana","women_iron","level","infill","domain_enet",2,75,"open,survey_public",75,0.186201991465149,0.199312291219839,0.280270893531728,0.256783453791077,0.00765071237435064,1.01212093691524,0.263157894736842
"Ghana","women_iron","level","infill","raw_enet",2,75,"open,survey_public",75,0.424153627311522,0.35828206428819,0.262626654010445,0.244197722200953,0.00307289543713245,0.957824106889598,0.473684210526316
"Ghana","women_iron","level","infill","spatial_plus_domain",2,75,"open,survey_public",75,0.586770981507823,0.565485135418622,0.220805745349697,0.210730839434568,-0.00453773484471883,0.820700106099589,0.631578947368421
"Ghana","women_iron","level","infill","region_mean_jk",2,75,"open,survey_public",75,0.312537384395177,0.291865604034153,0.304296377085052,0.2923996530679,0.0020451733605514,1.05519459470024,0.315789473684211
"Ghana","women_iron","level","infill","null_train_mean",3,75,"open,survey_public",75,-0.114101931753048,-0.145022808776702,0.280550592871982,0.264627361242956,6.51457331366882e-17,0.999169261450737,0.210526315789474
"Ghana","women_iron","level","infill","spatial",3,75,"open,survey_public",75,0.57425320056899,0.566461017936946,0.223189013081004,0.212285450951545,-0.00861696967331461,0.821021677675917,0.631578947368421
"Ghana","women_iron","level","infill","domain_index",3,75,"open,survey_public",75,0.403243243243243,0.415596155634824,0.306373082049821,0.295512196958232,0.0093751926725501,1.0664461527452,0.473684210526316
"Ghana","women_iron","level","infill","domain_enet",3,75,"open,survey_public",75,0.206628733997155,0.248089261399485,0.273850053784176,0.261246249357521,-0.00242614215075188,1.00554310882369,0.315789473684211
"Ghana","women_iron","level","infill","raw_enet",3,75,"open,survey_public",75,0.42927453769559,0.429455087645784,0.245836316179064,0.228818361877732,-0.0165039655491064,0.923738491743731,0.578947368421053
"Ghana","women_iron","level","infill","spatial_plus_domain",3,75,"open,survey_public",75,0.57425320056899,0.566461017936945,0.223189013081003,0.212285450951545,-0.00861696967331257,0.821021677675917,0.631578947368421
"Ghana","women_iron","level","infill","region_mean_jk",3,75,"open,survey_public",75,0.407871445008481,0.376319189296957,0.2737015400958,0.261297034385655,0.00740538075153913,0.976556413948868,0.578947368421053
"Ghana","women_iron","level","infill","null_train_mean",4,75,"open,survey_public",75,-0.228203863506095,-0.238607938641891,0.283470449295611,0.267230818473674,6.51486243424815e-17,1.00909112423963,0.157894736842105
"Ghana","women_iron","level","infill","spatial",4,75,"open,survey_public",75,0.462247510668563,0.464410262474858,0.2491773098244,0.233765800187811,-0.0180242314088095,0.892048102953778,0.473684210526316
"Ghana","women_iron","level","infill","domain_index",4,75,"open,survey_public",75,0.344238975817923,0.356535810290854,0.317035688571815,0.305136752580203,-0.0168095010298771,1.10046377317135,0.473684210526316
"Ghana","women_iron","level","infill","domain_enet",4,75,"open,survey_public",75,0.256159317211949,0.277961727622943,0.279062719084698,0.259375161817655,-0.0221936146175761,1.00838994429689,0.315789473684211
"Ghana","women_iron","level","infill","raw_enet",4,75,"open,survey_public",75,0.398833570412518,0.424092264069256,0.254256309548237,0.234841679166579,-0.0263228382290449,0.925776271112645,0.526315789473684
"Ghana","women_iron","level","infill","spatial_plus_domain",4,75,"open,survey_public",75,0.462247510668563,0.464410262474857,0.249177309824401,0.233765800187811,-0.0180242314088111,0.892048102953779,0.473684210526316
"Ghana","women_iron","level","infill","region_mean_jk",4,75,"open,survey_public",75,0.270474162865485,0.263733950827062,0.285391518190096,0.269169383002775,-0.0136293715586094,1.02211940069206,0.315789473684211
"Ghana","women_iron","level","infill","null_train_mean",5,75,"open,survey_public",75,-0.227332856393477,-0.206248830720342,0.283423174133277,0.265679381608431,-1.12480554384509e-16,1.00512465827029,0.105263157894737
"Ghana","women_iron","level","infill","spatial",5,75,"open,survey_public",75,0.618293029871977,0.597091098777255,0.221406407825407,0.215210148918558,0.0160277970994252,0.803712915148736,0.684210526315789
"Ghana","women_iron","level","infill","domain_index",5,75,"open,survey_public",75,0.449445234708393,0.455860203705067,0.287704739403807,0.280835988541196,-0.00406635672555138,1.01203607494685,0.526315789473684
"Ghana","women_iron","level","infill","domain_enet",5,75,"open,survey_public",75,0.289615931721195,0.279393460919873,0.27460282741782,0.253599608067,-0.00668807119731829,0.960339991073511,0.368421052631579
"Ghana","women_iron","level","infill","raw_enet",5,75,"open,survey_public",75,0.486088193456614,0.45164085742306,0.246468885806448,0.232070741794755,0.00331306452966567,0.910576932811686,0.526315789473684
"Ghana","women_iron","level","infill","spatial_plus_domain",5,75,"open,survey_public",75,0.603698435277383,0.590009834265627,0.223530945487922,0.215138598557753,0.0132107359452926,0.810348839851968,0.631578947368421
"Ghana","women_iron","level","infill","region_mean_jk",5,75,"open,survey_public",75,0.477015164916305,0.471665358767456,0.263352796721311,0.253759386488683,0.0142572597711945,0.907152251418257,0.526315789473684
"Ghana","women_iron","level","infill","null_train_mean",6,75,"open,survey_public",75,-0.308772021423324,-0.338775199029266,0.283784873726711,0.266442796736852,-2.37086103064647e-17,1.02487231368428,0.157894736842105
"Ghana","women_iron","level","infill","spatial",6,75,"open,survey_public",75,0.601137980085348,0.591341512086818,0.216379659089912,0.206577191941133,0.00573027859628815,0.801237808154658,0.684210526315789
"Ghana","women_iron","level","infill","domain_index",6,75,"open,survey_public",75,0.424580369843528,0.437264394288463,0.285885582842273,0.277166767193116,0.00136641940207144,1.01399314414101,0.526315789473684
"Ghana","women_iron","level","infill","domain_enet",6,75,"open,survey_public",75,0.340796586059744,0.379731040340072,0.256845699184149,0.243169245232093,-0.00936678345324501,0.919451256069114,0.368421052631579
"Ghana","women_iron","level","infill","raw_enet",6,75,"open,survey_public",75,0.448790896159317,0.434112936217346,0.238887347812454,0.223882079050982,-0.00982686754500409,0.902562901300708,0.526315789473684
"Ghana","women_iron","level","infill","spatial_plus_domain",6,75,"open,survey_public",75,0.60022759601707,0.591701308210084,0.216260932203519,0.206629328178042,0.00574470272548565,0.800984587458033,0.684210526315789
"Ghana","women_iron","level","infill","region_mean_jk",6,75,"open,survey_public",75,0.394498703609274,0.398936916813428,0.266294542637493,0.258952440270435,0.0343774501905531,0.951742568621636,0.578947368421053
"Ghana","women_iron","level","infill","null_train_mean",7,75,"open,survey_public",75,-0.0796971508046096,-0.112145106132555,0.278456313066422,0.261882336546419,-2.37086103064647e-17,0.996818257229987,0.157894736842105
"Ghana","women_iron","level","infill","spatial",7,75,"open,survey_public",75,0.592631578947368,0.579649238108086,0.221232035468475,0.208079748794388,-0.00855119726734297,0.810750410223335,0.684210526315789
"Ghana","women_iron","level","infill","domain_index",7,75,"open,survey_public",75,0.441820768136558,0.461193803202747,0.291445143561043,0.284406179997798,-0.00774946532623192,1.01905993933422,0.526315789473684
"Ghana","women_iron","level","infill","domain_enet",7,75,"open,survey_public",75,0.428449502133713,0.446149640451081,0.254921781612951,0.242469163006063,-0.00918010128525801,0.889463070128484,0.473684210526316
"Ghana","women_iron","level","infill","raw_enet",7,75,"open,survey_public",75,0.502105263157895,0.466074277135844,0.241026106093447,0.233665219806658,-0.00686918748177641,0.884587476549061,0.578947368421053
"Ghana","women_iron","level","infill","spatial_plus_domain",7,75,"open,survey_public",75,0.592631578947368,0.579649238108087,0.221232035468474,0.208079748794388,-0.00855119726734233,0.810750410223334,0.684210526315789
"Ghana","women_iron","level","infill","region_mean_jk",7,75,"open,survey_public",75,0.374058159489797,0.364497213894305,0.275130243404897,0.261607271334415,-0.0213616994584041,0.997308527867691,0.526315789473684
"Ghana","women_iron","level","infill","null_train_mean",8,75,"open,survey_public",75,-0.155039266046126,-0.15568141123627,0.280311026643998,0.264449661841636,-2.37086103064647e-17,1.00005901634262,0.157894736842105
"Ghana","women_iron","level","infill","spatial",8,75,"open,survey_public",75,0.610953058321479,0.611296037185387,0.213906431926353,0.206046810394568,-0.00518762439006199,0.786599378046657,0.631578947368421
"Ghana","women_iron","level","infill","domain_index",8,75,"open,survey_public",75,0.424381223328592,0.42579248268635,0.305520236201593,0.297084414951759,-0.0228617308015907,1.05142287256939,0.473684210526316
"Ghana","women_iron","level","infill","domain_enet",8,75,"open,survey_public",75,0.339317211948791,0.341958969566799,0.268474669864788,0.252735386951712,0.00619663276061947,0.974784597632382,0.473684210526316
"Ghana","women_iron","level","infill","raw_enet",8,75,"open,survey_public",75,0.47800853485064,0.445461835150488,0.24187540554379,0.225281617474244,-0.012416654191828,0.922206796845602,0.526315789473684
"Ghana","women_iron","level","infill","spatial_plus_domain",8,75,"open,survey_public",75,0.596130867709815,0.592198793293653,0.216281596865234,0.207922993162945,-0.0126559096654614,0.802551101077977,0.578947368421053
"Ghana","women_iron","level","infill","region_mean_jk",8,75,"open,survey_public",75,0.372563267066642,0.386716443782061,0.27363707461422,0.26546568938872,0.0134159377419538,0.963319420940516,0.578947368421053
"Ghana","women_iron","level","infill","null_train_mean",9,75,"open,survey_public",75,-0.224719835055621,-0.218854754277754,0.281437281676197,0.266099206427111,-2.3711501512258e-17,1.00660306257854,0.105263157894737
"Ghana","women_iron","level","infill","spatial",9,75,"open,survey_public",75,0.597894736842105,0.5970449824136,0.21466955220733,0.204881505358053,0.00250429776381106,0.796919810173134,0.631578947368421
"Ghana","women_iron","level","infill","domain_index",9,75,"open,survey_public",75,0.420142247510669,0.426380510155408,0.292254938945566,0.282356355056733,-0.0079967436638267,1.02833918769208,0.526315789473684
"Ghana","women_iron","level","infill","domain_enet",9,75,"open,survey_public",75,0.365177809388336,0.397079587961979,0.253843244903807,0.237619148878656,0.00410308828535078,0.914798413529841,0.473684210526316
"Ghana","women_iron","level","infill","raw_enet",9,75,"open,survey_public",75,0.484182076813656,0.470772822661359,0.235048139481297,0.22140889666835,0.00176465122557039,0.884308056873556,0.473684210526316
"Ghana","women_iron","level","infill","spatial_plus_domain",9,75,"open,survey_public",75,0.591152204836415,0.588984209423123,0.215389679651903,0.204684751517395,0.00500786348194318,0.803055511973646,0.631578947368421
"Ghana","women_iron","level","infill","region_mean_jk",9,75,"open,survey_public",75,0.444567797608129,0.393566019543323,0.279142090374943,0.273287868442641,0.0183085145776312,0.969544730340456,0.631578947368421
"Ghana","women_iron","level","infill","null_train_mean",10,75,"open,survey_public",75,-0.170717394073262,-0.202587977498415,0.28168177325405,0.266628202526257,6.51486243424815e-17,1.0047113589756,0.157894736842105
"Ghana","women_iron","level","infill","spatial",10,75,"open,survey_public",75,0.423015647226173,0.425527619642368,0.249508698259173,0.234991954044562,-0.0220719503225817,0.912941296242689,0.473684210526316
"Ghana","women_iron","level","infill","domain_index",10,75,"open,survey_public",75,0.424495021337127,0.418224159920151,0.305059207311583,0.292182615328295,-0.0153639932746664,1.05382206848565,0.473684210526316
"Ghana","women_iron","level","infill","domain_enet",10,75,"open,survey_public",75,0.337268847795164,0.336549228193776,0.264585685936675,0.246821204571364,0.00156506263563476,0.957716807759259,0.473684210526316
"Ghana","women_iron","level","infill","raw_enet",10,75,"open,survey_public",75,0.458605974395448,0.42945937610505,0.250532960182271,0.23692512329846,-0.00640227700138559,0.899138958107573,0.421052631578947
"Ghana","women_iron","level","infill","spatial_plus_domain",10,75,"open,survey_public",75,0.419317211948791,0.417980627940105,0.251150437006985,0.237235404093823,-0.0194687626663233,0.91749638315124,0.473684210526316
"Ghana","women_iron","level","infill","region_mean_jk",10,75,"open,survey_public",75,0.341914303098089,0.322261078185711,0.277731638449227,0.267639801588839,0.00393262610555097,0.985132286910589,0.473684210526316
"Ghana","women_iron","level","region","null_train_mean",1,75,"open,survey_public",75,-0.517355030966714,-0.560572839766748,0.285649106639227,0.269411283038767,-0.000395294322542981,1.024503862123,0.0526315789473684
"Ghana","women_iron","level","region","spatial",1,75,"open,survey_public",75,0.441650071123755,0.457438159670474,0.24096504849771,0.232503271878982,0.0136587835573387,0.891023445477609,0.473684210526316
"Ghana","women_iron","level","region","domain_index",1,75,"open,survey_public",75,0.305035561877667,0.321656097230069,0.306971130256942,0.293716495811023,-0.0391138851320423,1.07183639356677,0.315789473684211
"Ghana","women_iron","level","region","domain_enet",1,75,"open,survey_public",75,0.0946799431009957,-0.00247438797844435,0.365251503605208,0.341123268762802,0.015655304914586,1.39807380526038,0.263157894736842
"Ghana","women_iron","level","region","raw_enet",1,75,"open,survey_public",75,0.20076813655761,0.195090018375071,0.29115072542445,0.272328299226623,0.034836200525947,1.11301438784253,0.368421052631579
"Ghana","women_iron","level","region","spatial_plus_domain",1,75,"open,survey_public",75,0.377866287339972,0.350333571106453,0.263191289253608,0.248287864125094,-0.0101219856953446,0.974699912478655,0.473684210526316
"Ghana","women_folate","prev","infill","null_train_mean",1,75,"open,survey_public",75,-0.179989908947815,-0.170058952440013,25.8923758865584,23.6147994511768,-3.70074341541719e-16,1.00135772475222,0.105263157894737
"Ghana","women_folate","prev","infill","spatial",1,75,"open,survey_public",75,0.400910015347629,0.445410501931309,22.5225864782462,20.8806633400154,0.371703884268447,0.966960657104041,0.421052631578947
"Ghana","women_folate","prev","infill","domain_index",1,75,"open,survey_public",75,0.223429303611972,0.280585503309347,32.0903766860267,31.1130650345497,-3.97668719178076,1.37255787515257,0.210526315789474
"Ghana","women_folate","prev","infill","domain_enet",1,75,"open,survey_public",75,0.271573375501159,0.319247178136374,24.0093116722529,22.0942012244235,0.408273465996685,0.991787195031059,0.315789473684211
"Ghana","women_folate","prev","infill","raw_enet",1,75,"open,survey_public",75,0.386330173694567,0.434956926997543,22.3495443795227,19.7570849455373,0.545352298850612,0.956604364264815,0.368421052631579
"Ghana","women_folate","prev","infill","spatial_plus_domain",1,75,"open,survey_public",75,0.400910015347629,0.445410501931309,22.5225864782462,20.8806633400154,0.371703884268342,0.966960657104041,0.421052631578947
"Ghana","women_folate","prev","infill","region_mean_jk",1,75,"open,survey_public",75,0.277885853289797,0.362603811692826,24.5746115888696,23.4915269558718,1.85424486033431,1.04769189999293,0.263157894736842
"Ghana","women_folate","prev","infill","null_train_mean",2,75,"open,survey_public",75,-0.212497177351723,-0.233983426422797,25.8743337766542,23.580321512858,-3.70652582700378e-16,1.00848993153039,0.263157894736842
"Ghana","women_folate","prev","infill","spatial",2,75,"open,survey_public",75,0.287834293279798,0.33506369081753,26.0251083509928,23.9254121426468,-0.124151426515182,1.11206566983811,0.210526315789474
"Ghana","women_folate","prev","infill","domain_index",2,75,"open,survey_public",75,0.209034738539057,0.276040688202657,32.8801236662258,33.0366007243768,-3.34774823939047,1.39589843154006,0.210526315789474
"Ghana","women_folate","prev","infill","domain_enet",2,75,"open,survey_public",75,0.0298722855374557,0.105265841259713,27.7863131645674,25.0285790373707,-0.605431524285636,1.18540213512034,0.105263157894737
"Ghana","women_folate","prev","infill","raw_enet",2,75,"open,survey_public",75,0.16662065373015,0.22473000827859,26.2806753946554,24.4730418211089,-1.11985293410777,1.11916573823581,0.368421052631579
"Ghana","women_folate","prev","infill","spatial_plus_domain",2,75,"open,survey_public",75,0.268508520766062,0.311556246354369,26.5557448348112,24.4583975418945,-0.584279702051634,1.13429788066212,0.210526315789474
"Ghana","women_folate","prev","infill","region_mean_jk",2,75,"open,survey_public",75,0.0941535645994045,0.19753908160792,28.7594786819862,26.8571312663055,0.292867665022637,1.19844402843622,0.157894736842105
"Ghana","women_folate","prev","infill","null_train_mean",3,75,"open,survey_public",75,-0.264639708549939,-0.280329988136582,26.1464135448976,23.8482883648917,-3.70074341541719e-16,1.01502772741175,0.157894736842105
"Ghana","women_folate","prev","infill","spatial",3,75,"open,survey_public",75,0.382125820529706,0.435830342341256,23.3282059097974,21.9030453713926,0.48876863448859,0.984676032904184,0.368421052631579
"Ghana","women_folate","prev","infill","domain_index",3,75,"open,survey_public",75,0.260427611462752,0.281401199850512,32.8106747379373,32.5428070916768,-4.23666768026348,1.38544169844613,0.315789473684211
"Ghana","women_folate","prev","infill","domain_enet",3,75,"open,survey_public",75,0.0387513093398579,0.0526475087595365,31.2392073313749,29.3901999012021,-5.62681945330734,1.29464004552192,0.210526315789474
"Ghana","women_folate","prev","infill","raw_enet",3,75,"open,survey_public",75,0.254427500674933,0.291622256753277,26.4148987888731,24.9157914176963,-2.58835353364098,1.07669620799872,0.315789473684211
"Ghana","women_folate","prev","infill","spatial_plus_domain",3,75,"open,survey_public",75,0.382125820529706,0.435830342341256,23.3282059097974,21.9030453713927,0.488768634488292,0.984676032904184,0.368421052631579
"Ghana","women_folate","prev","infill","region_mean_jk",3,75,"open,survey_public",75,0.230103873142594,0.250928569106367,26.2952323560616,24.4148321660376,-0.450225560696685,1.13280696189902,0.210526315789474
"Ghana","women_folate","prev","infill","null_train_mean",4,75,"open,survey_public",75,-0.132428939068271,-0.149179034364022,25.8124749919706,23.3960868672411,1.85123906944658e-15,0.999508804338269,0.263157894736842
"Ghana","women_folate","prev","infill","spatial",4,75,"open,survey_public",75,0.4077937529023,0.440720286531298,22.6604610575594,20.5792708809722,1.24025665729481,0.99176617317872,0.368421052631579
"Ghana","women_folate","prev","infill","domain_index",4,75,"open,survey_public",75,0.196963256740285,0.214233623512358,34.8253792859846,33.5593664640751,-5.57958089634861,1.44325611652483,0.263157894736842
"Ghana","women_folate","prev","infill","domain_enet",4,75,"open,survey_public",75,0.166307108748364,0.213977314697751,25.5916015590094,22.7048079899106,-0.742870562209265,1.08833249246831,0.368421052631579
"Ghana","women_folate","prev","infill","raw_enet",4,75,"open,survey_public",75,0.206767230939024,0.271744310661174,24.6157933381169,21.7066466580189,-0.488571053227242,1.05941918375241,0.315789473684211
"Ghana","women_folate","prev","infill","spatial_plus_domain",4,75,"open,survey_public",75,0.4077937529023,0.440720286531297,22.6604610575594,20.5792708809722,1.24025665729465,0.991766173178721,0.368421052631579
"Ghana","women_folate","prev","infill","region_mean_jk",4,75,"open,survey_public",75,0.268305301918921,0.334509598433665,23.6115001485115,21.8657146627406,0.63731801648251,1.06014239971612,0.263157894736842
"Ghana","women_folate","prev","infill","null_train_mean",5,75,"open,survey_public",75,-0.210097311899086,-0.225842976192221,26.0054925820397,23.6385125930903,-2.59008670992304e-15,1.00745941325623,0.157894736842105
"Ghana","women_folate","prev","infill","spatial",5,75,"open,survey_public",75,0.367246685939484,0.419769081653782,23.4549828952627,22.0751304091277,0.513449025514344,0.993901310694048,0.315789473684211
"Ghana","women_folate","prev","infill","domain_index",5,75,"open,survey_public",75,0.242883344527348,0.285977865853154,32.3952608901632,32.4392888866165,-4.00269136278092,1.34673300418861,0.368421052631579
"Ghana","women_folate","prev","infill","domain_enet",5,75,"open,survey_public",75,-0.102637485342027,-0.105943495856701,29.9751024343997,27.5544956081809,4.1907772198823,1.25240201179707,0.157894736842105
"Ghana","women_folate","prev","infill","raw_enet",5,75,"open,survey_public",75,0.192473862682891,0.223733866824973,26.5524533190023,24.4087074827692,1.6359115409188,1.11880654400208,0.315789473684211
"Ghana","women_folate","prev","infill","spatial_plus_domain",5,75,"open,survey_public",75,0.367246685939484,0.419769081653781,23.4549828952627,22.0751304091277,0.513449025514436,0.993901310694049,0.315789473684211
"Ghana","women_folate","prev","infill","region_mean_jk",5,75,"open,survey_public",75,0.244198649459936,0.319805866922037,24.7147586923574,22.8934791165904,1.98259855796224,1.09364140033306,0.315789473684211
"Ghana","women_folate","prev","infill","null_train_mean",6,75,"open,survey_public",75,-0.233877796838857,-0.250808572027397,26.1481742878284,23.7510298874073,-3.70652582700378e-16,1.01073186763702,0.0526315789473684
"Ghana","women_folate","prev","infill","spatial",6,75,"open,survey_public",75,0.437780054796769,0.499102288056764,21.5468795678343,20.1837636498279,0.89312319451491,0.928477635933204,0.315789473684211
"Ghana","women_folate","prev","infill","domain_index",6,75,"open,survey_public",75,0.233491247118386,0.29883979927902,31.1699388971236,30.5235066210004,-1.49650768007807,1.33897597438004,0.210526315789474
"Ghana","women_folate","prev","infill","domain_enet",6,75,"open,survey_public",75,0.161504169709183,0.25197027482366,25.1533897343313,23.5799292625274,0.197120597360499,1.03760830344204,0.157894736842105
"Ghana","women_folate","prev","infill","raw_enet",6,75,"open,survey_public",75,0.381840779637173,0.454966168712245,22.6280019894946,21.1839891453818,-0.290298617908072,0.944132216596157,0.368421052631579
"Ghana","women_folate","prev","infill","spatial_plus_domain",6,75,"open,survey_public",75,0.437780054796769,0.499102288056764,21.5468795678343,20.1837636498279,0.893123194514909,0.928477635933204,0.315789473684211
"Ghana","women_folate","prev","infill","region_mean_jk",6,75,"open,survey_public",75,0.310016737790236,0.422113052290801,23.6438541720652,22.6561167557753,2.80517851307944,0.986104366852955,0.210526315789474
"Ghana","women_folate","prev","infill","null_train_mean",7,75,"open,survey_public",75,-0.308709965043828,-0.331011125070805,26.516173910166,24.15076540402,-3.70074341541719e-16,1.02346329157309,0.157894736842105
"Ghana","women_folate","prev","infill","spatial",7,75,"open,survey_public",75,0.416843801240222,0.460119101333188,22.1225447422843,20.4438792189064,2.36770871241107,0.955464837279039,0.368421052631579
"Ghana","women_folate","prev","infill","domain_index",7,75,"open,survey_public",75,0.274266346795228,0.29138578700033,31.6081952457975,31.2519468448132,-4.81862912098768,1.33500674891512,0.315789473684211
"Ghana","women_folate","prev","infill","domain_enet",7,75,"open,survey_public",75,0.0464189093489949,0.0701345545039453,27.2935863240731,25.2862072145828,-1.58485409797679,1.08475033141299,0.210526315789474
"Ghana","women_folate","prev","infill","raw_enet",7,75,"open,survey_public",75,0.207980087236685,0.282138625934941,26.355883661061,24.2665182154021,0.815371991443992,1.09267974562526,0.210526315789474
"Ghana","women_folate","prev","infill","spatial_plus_domain",7,75,"open,survey_public",75,0.416843801240222,0.460119101333188,22.1225447422843,20.4438792189064,2.36770871241103,0.955464837279038,0.368421052631579
"Ghana","women_folate","prev","infill","region_mean_jk",7,75,"open,survey_public",75,0.232688517427976,0.297373192071928,26.0739407985763,24.3888622521082,2.80647224560652,1.12312801714469,0.210526315789474
"Ghana","women_folate","prev","infill","null_train_mean",8,75,"open,survey_public",75,-0.0774502032442112,-0.0867882339308655,25.8298102270729,23.5099234852894,-3.70074341541719e-16,0.995412997858814,0.263157894736842
"Ghana","women_folate","prev","infill","spatial",8,75,"open,survey_public",75,0.463790036240403,0.509490600584155,21.5132801571587,20.0565756102294,1.21330009955941,0.921540355401044,0.368421052631579
"Ghana","women_folate","prev","infill","domain_index",8,75,"open,survey_public",75,0.286494601084893,0.313365524836119,32.3779460667782,31.7683507660844,-3.49969000002171,1.3628761049779,0.263157894736842
"Ghana","women_folate","prev","infill","domain_enet",8,75,"open,survey_public",75,0.238222925934434,0.265801980505961,25.143656904639,23.0482093981486,1.41076393846188,1.03979343926817,0.210526315789474
"Ghana","women_folate","prev","infill","raw_enet",8,75,"open,survey_public",75,0.369911818284668,0.427616625000238,23.1896510688663,21.8876488588198,1.78357975049488,0.932858799910442,0.421052631578947
"Ghana","women_folate","prev","infill","spatial_plus_domain",8,75,"open,survey_public",75,0.463790036240403,0.509490600584155,21.5132801571587,20.0565756102295,1.21330009955931,0.921540355401044,0.368421052631579
"Ghana","women_folate","prev","infill","region_mean_jk",8,75,"open,survey_public",75,0.395040476670848,0.470774480889896,21.6395518242477,20.7938858953573,1.43281404271527,0.930657834996944,0.368421052631579
"Ghana","women_folate","prev","infill","null_train_mean",9,75,"open,survey_public",75,-0.197007136702881,-0.175759774188198,25.9276412554872,23.5719855509299,-3.70652582700378e-16,1.00190391165034,0.0526315789473684
"Ghana","women_folate","prev","infill","spatial",9,75,"open,survey_public",75,0.44730042060737,0.499077997646085,21.6174432075601,19.9889283836446,-0.627751345256277,0.921368234896904,0.368421052631579
"Ghana","women_folate","prev","infill","domain_index",9,75,"open,survey_public",75,0.306034154268028,0.324145758035746,32.0451562793124,31.9707374230072,-3.6061501500325,1.34985694171869,0.315789473684211
"Ghana","women_folate","prev","infill","domain_enet",9,75,"open,survey_public",75,0.200098706558148,0.278105407572385,23.8860110700887,21.7918332999941,-2.36969441717713,1.00275212653532,0.263157894736842
"Ghana","women_folate","prev","infill","raw_enet",9,75,"open,survey_public",75,0.409917307551671,0.447674243929782,21.92227668015,20.5033834062131,-1.88254993026588,0.917728277069292,0.368421052631579
"Ghana","women_folate","prev","infill","spatial_plus_domain",9,75,"open,survey_public",75,0.44730042060737,0.499077997646085,21.6174432075601,19.9889283836446,-0.62775134525633,0.921368234896903,0.368421052631579
"Ghana","women_folate","prev","infill","region_mean_jk",9,75,"open,survey_public",75,0.328315077270714,0.419423593251679,22.6610747209589,21.8753163659864,-0.0893930014419901,0.977019786061717,0.421052631578947
"Ghana","women_folate","prev","infill","null_train_mean",10,75,"open,survey_public",75,-0.179771739361211,-0.171820968901996,25.9760251280828,23.7442724718054,-3.70652582700378e-16,1.00152464964092,0.105263157894737
"Ghana","women_folate","prev","infill","spatial",10,75,"open,survey_public",75,0.437979583421542,0.481480933469468,21.8918389044834,20.4560402490677,0.37497641411366,0.945320237527563,0.368421052631579
"Ghana","women_folate","prev","infill","domain_index",10,75,"open,survey_public",75,0.26235163748735,0.303726215161927,32.2658817272635,32.4580547244437,-4.09677978843773,1.34956743002227,0.263157894736842
"Ghana","women_folate","prev","infill","domain_enet",10,75,"open,survey_public",75,0.234374873885238,0.246127082282625,25.7090167820489,23.8392670922009,-0.316317679700957,1.06314274708803,0.263157894736842
"Ghana","women_folate","prev","infill","raw_enet",10,75,"open,survey_public",75,0.354833155069673,0.371902674948449,25.5867497981462,23.9491025006799,-3.32062355997291,1.04936364591248,0.315789473684211
"Ghana","women_folate","prev","infill","spatial_plus_domain",10,75,"open,survey_public",75,0.437979583421542,0.481480933469467,21.8918389044834,20.4560402490677,0.374976414113592,0.945320237527564,0.368421052631579
"Ghana","women_folate","prev","infill","region_mean_jk",10,75,"open,survey_public",75,0.26967773025002,0.356739001739953,23.8564268845548,22.6379859751007,-1.54146128391627,1.03584326163291,0.368421052631579
"Ghana","women_folate","prev","region","null_train_mean",1,75,"open,survey_public",75,-0.513946309887754,-0.583696750673118,26.4383716465557,24.0239159468216,0.0586793099250719,1.01987278438657,0.105263157894737
"Ghana","women_folate","prev","region","spatial",1,75,"open,survey_public",75,0.321554630866449,0.36302037763246,24.5937135117659,22.7745247089232,3.41003849137604,1.06075482113754,0.368421052631579
"Ghana","women_folate","prev","region","domain_index",1,75,"open,survey_public",75,0.152853178620808,0.225206263672432,34.7653582471485,34.270173902607,-3.75815918361707,1.41427043816383,0.210526315789474
"Ghana","women_folate","prev","region","domain_enet",1,75,"open,survey_public",75,-0.00686948551004469,-0.0360348585296782,31.7796554824018,28.9719656908311,-1.97435269682684,1.37295246403554,0.210526315789474
"Ghana","women_folate","prev","region","raw_enet",1,75,"open,survey_public",75,0.0874344799617004,0.0644754906570605,30.2028107845247,28.4101105275346,-3.94729926841008,1.29208293587553,0.315789473684211
"Ghana","women_folate","prev","region","spatial_plus_domain",1,75,"open,survey_public",75,0.321554630866449,0.36302037763246,24.5937135117659,22.7745247089231,3.41003849137603,1.06075482113753,0.368421052631579
"Ghana","women_folate","level","infill","null_train_mean",1,75,"open,survey_public",75,-0.222977820830383,-0.207887472296817,0.313346730811378,0.290827907556489,8.88756660858784e-18,1.00531199798781,0.157894736842105
"Ghana","women_folate","level","infill","spatial",1,75,"open,survey_public",75,0.566543385490754,0.641799717629794,0.239759672722001,0.233597202782801,-0.00396206329485267,0.761823379202892,0.578947368421053
"Ghana","women_folate","level","infill","domain_index",1,75,"open,survey_public",75,0.365633001422475,0.411602075472914,0.334896344677474,0.320581842675899,0.000596986754581206,1.06946845217123,0.368421052631579
"Ghana","women_folate","level","infill","domain_enet",1,75,"open,survey_public",75,0.192889288597256,0.381798659001699,0.289887958175224,0.279905248327167,-0.0083460673828235,0.922568292353655,0.315789473684211
"Ghana","women_folate","level","infill","raw_enet",1,75,"open,survey_public",75,0.422588904694168,0.562674790456602,0.259433914307556,0.251364838966574,-0.00862245085965101,0.821466642271102,0.473684210526316
"Ghana","women_folate","level","infill","spatial_plus_domain",1,75,"open,survey_public",75,0.566543385490754,0.641799717629794,0.239759672722001,0.233597202782801,-0.00396206329485338,0.761823379202892,0.578947368421053
"Ghana","women_folate","level","infill","region_mean_jk",1,75,"open,survey_public",75,0.404624376087988,0.488872028839161,0.290659652612099,0.287873261552548,0.00556036671792695,0.903848348659785,0.368421052631579
"Ghana","women_folate","level","infill","null_train_mean",2,75,"open,survey_public",75,-0.162442826503385,-0.192461539763966,0.313456847597823,0.290732651803246,-7.99389489788046e-17,1.00360583310714,0.157894736842105
"Ghana","women_folate","level","infill","spatial",2,75,"open,survey_public",75,0.490412517780939,0.574906675731527,0.264372070461718,0.252829368268711,-0.00571026539117646,0.830494571132656,0.473684210526316
"Ghana","women_folate","level","infill","domain_index",2,75,"open,survey_public",75,0.35072546230441,0.399260542380426,0.339932658256523,0.326263912248275,0.00233611740140379,1.1014485619433,0.421052631578947
"Ghana","women_folate","level","infill","domain_enet",2,75,"open,survey_public",75,0.148221906116643,0.266918444738508,0.322759003124779,0.303322606756698,-0.00253972390499206,1.01710817680169,0.368421052631579
"Ghana","women_folate","level","infill","raw_enet",2,75,"open,survey_public",75,0.303413940256045,0.426381361221203,0.303552871613983,0.29501612465346,-0.0248184280322604,0.946570935593018,0.421052631578947
"Ghana","women_folate","level","infill","spatial_plus_domain",2,75,"open,survey_public",75,0.487852062588905,0.573800088787472,0.265772344929616,0.25407726782904,-0.00709216915860694,0.831752057436719,0.473684210526316
"Ghana","women_folate","level","infill","region_mean_jk",2,75,"open,survey_public",75,0.254845618784666,0.385730932216208,0.336859466719611,0.330172603502551,0.00132345043730503,1.01311406989973,0.263157894736842
"Ghana","women_folate","level","infill","null_train_mean",3,75,"open,survey_public",75,-0.279157779594288,-0.272070836999711,0.317189751160183,0.295248492502221,8.89334902017443e-18,1.01377964891713,0.0526315789473684
"Ghana","women_folate","level","infill","spatial",3,75,"open,survey_public",75,0.513058321479374,0.607653423308325,0.24147063706216,0.233328182053303,-0.0148654534927989,0.791979743694703,0.578947368421053
"Ghana","women_folate","level","infill","domain_index",3,75,"open,survey_public",75,0.390526315789474,0.413962557111257,0.328522312445516,0.314349187873229,-0.00370872264875905,1.0713055328009,0.421052631578947
"Ghana","women_folate","level","infill","domain_enet",3,75,"open,survey_public",75,0.242674253200569,0.323909912875744,0.308205969952253,0.308357625148738,-0.0294482051907603,1.05547350272305,0.421052631578947
"Ghana","women_folate","level","infill","raw_enet",3,75,"open,survey_public",75,0.3475106685633,0.417328263720776,0.307913695337416,0.293426522825181,-0.0507725243740118,1.00300811905223,0.421052631578947
"Ghana","women_folate","level","infill","spatial_plus_domain",3,75,"open,survey_public",75,0.51647226173542,0.610207359687922,0.240994407646213,0.232528962628059,-0.0150588292796739,0.789808656300259,0.578947368421053
"Ghana","women_folate","level","infill","region_mean_jk",3,75,"open,survey_public",75,0.320392162123006,0.422397377502646,0.299660325725958,0.290857098164797,-0.0181438388156448,0.953493871820855,0.263157894736842
"Ghana","women_folate","level","infill","null_train_mean",4,75,"open,survey_public",75,-0.0405018307367688,-0.0706703256088961,0.31002208154534,0.286889396128678,9.77169734017735e-17,0.994705232894747,0.210526315789474
"Ghana","women_folate","level","infill","spatial",4,75,"open,survey_public",75,0.610697012802276,0.673852174745631,0.228107469802314,0.217393930200001,-0.00187961478985189,0.734201140181191,0.631578947368421
"Ghana","women_folate","level","infill","domain_index",4,75,"open,survey_public",75,0.405860597439545,0.432437248703532,0.323676526835311,0.310194067953547,-0.00413404816272161,1.04406794769843,0.421052631578947
"Ghana","women_folate","level","infill","domain_enet",4,75,"open,survey_public",75,0.36827880512091,0.511696875178713,0.263296775705738,0.252583714750477,-0.00597745599740123,0.853721127610735,0.526315789473684
"Ghana","women_folate","level","infill","raw_enet",4,75,"open,survey_public",75,0.451749644381223,0.539880150400413,0.263517525349555,0.25167984540607,-0.0043038676096589,0.836426941702153,0.473684210526316
"Ghana","women_folate","level","infill","spatial_plus_domain",4,75,"open,survey_public",75,0.597724039829303,0.662153967416401,0.232605010871636,0.221655408362086,-0.00318733919254876,0.744441974934513,0.578947368421053
"Ghana","women_folate","level","infill","region_mean_jk",4,75,"open,survey_public",75,0.484690269124432,0.541828089762614,0.275897004735465,0.268991623720335,0.0051159845376201,0.854534856604615,0.421052631578947
"Ghana","women_folate","level","infill","null_train_mean",5,75,"open,survey_public",75,-0.153297251820888,-0.219495543051238,0.313714600331617,0.29024655307478,8.89913143176102e-18,1.00668049524882,0.315789473684211
"Ghana","women_folate","level","infill","spatial",5,75,"open,survey_public",75,0.58873399715505,0.618350434514906,0.243621863437865,0.231109063052117,-0.00272464994475878,0.780759072179388,0.578947368421053
"Ghana","women_folate","level","infill","domain_index",5,75,"open,survey_public",75,0.380142247510669,0.408087805648439,0.333114448993634,0.317162244896987,-0.00812289110564531,1.06709562059584,0.473684210526316
"Ghana","women_folate","level","infill","domain_enet",5,75,"open,survey_public",75,0.232460881934566,0.20573604494661,0.305217391282027,0.292307030130147,0.00354422567602688,0.997253835188117,0.421052631578947
"Ghana","women_folate","level","infill","raw_enet",5,75,"open,survey_public",75,0.410640113798009,0.439240335083339,0.2742659092037,0.261242703743969,0.00432639003501922,0.911887388795597,0.526315789473684
"Ghana","women_folate","level","infill","spatial_plus_domain",5,75,"open,survey_public",75,0.58873399715505,0.618350434514906,0.243621863437865,0.231109063052117,-0.00272464994475948,0.780759072179388,0.578947368421053
"Ghana","women_folate","level","infill","region_mean_jk",5,75,"open,survey_public",75,0.406619782157491,0.490005860365809,0.284894778136477,0.275112219823306,0.0100175426333164,0.893672618287984,0.368421052631579
"Ghana","women_folate","level","infill","null_train_mean",6,75,"open,survey_public",75,-0.230381381287642,-0.229569001257726,0.315224857959556,0.291349607111089,9.7711190990187e-17,1.00792670159318,0.105263157894737
"Ghana","women_folate","level","infill","spatial",6,75,"open,survey_public",75,0.61724039829303,0.674429816676499,0.226588256044741,0.219821826406807,0.00597783286515562,0.73379865442554,0.631578947368421
"Ghana","women_folate","level","infill","domain_index",6,75,"open,survey_public",75,0.38972972972973,0.419202343720025,0.327634713412136,0.314550419562426,0.00505870653120154,1.04760890055557,0.473684210526316
"Ghana","women_folate","level","infill","domain_enet",6,75,"open,survey_public",75,0.20176386913229,0.309220501325142,0.307890924919797,0.301609759641119,0.000614582496289907,1.00541551411227,0.368421052631579
"Ghana","women_folate","level","infill","raw_enet",6,75,"open,survey_public",75,0.435590327169275,0.426101736306721,0.280601771816829,0.271615942790982,-0.00166871791702817,0.899438027831636,0.578947368421053
"Ghana","women_folate","level","infill","spatial_plus_domain",6,75,"open,survey_public",75,0.604950213371266,0.673581160021345,0.22936094995576,0.222581944313835,0.00667051882659075,0.734958619470637,0.578947368421053
"Ghana","women_folate","level","infill","region_mean_jk",6,75,"open,survey_public",75,0.452699464629435,0.544222175711687,0.272491424875464,0.2676570246594,0.00435322727593542,0.846042278583877,0.473684210526316
"Ghana","women_folate","level","infill","null_train_mean",7,75,"open,survey_public",75,-0.374968561982344,-0.363177723891766,0.320427170069414,0.296457668925406,8.89913143176102e-18,1.029499922042,0.0526315789473684
"Ghana","women_folate","level","infill","spatial",7,75,"open,survey_public",75,0.563300142247511,0.643028342261584,0.235733475956944,0.228219167895398,0.0040921462909643,0.760820995094644,0.578947368421053
"Ghana","women_folate","level","infill","domain_index",7,75,"open,survey_public",75,0.376500711237553,0.401023802663286,0.324985073993426,0.313290083559685,-0.00326723030934866,1.04462055523287,0.368421052631579
"Ghana","women_folate","level","infill","domain_enet",7,75,"open,survey_public",75,0.289871977240398,0.350321190578773,0.283267937935819,0.271066028906397,-0.0171940126607175,0.943271471826714,0.526315789473684
"Ghana","women_folate","level","infill","raw_enet",7,75,"open,survey_public",75,0.320170697012802,0.423609202102462,0.29041451131861,0.283872943682335,0.010988612720001,0.920151784195167,0.368421052631579
"Ghana","women_folate","level","infill","spatial_plus_domain",7,75,"open,survey_public",75,0.563300142247511,0.643028342261585,0.235733475956944,0.228219167895398,0.00409214629096359,0.760820995094643,0.578947368421053
"Ghana","women_folate","level","infill","region_mean_jk",7,75,"open,survey_public",75,0.366985691055405,0.446937503252759,0.31065370474585,0.298971526096221,0.0162107538441996,0.96222406684095,0.157894736842105
"Ghana","women_folate","level","infill","null_train_mean",8,75,"open,survey_public",75,-0.082745675698775,-0.131546578868002,0.31075817175468,0.287722465594431,-7.99389489788046e-17,0.998133591011372,0.210526315789474
"Ghana","women_folate","level","infill","spatial",8,75,"open,survey_public",75,0.62597439544808,0.682764120401124,0.226344190938222,0.218663719895682,0.00246584393502449,0.726216588192083,0.578947368421053
"Ghana","women_folate","level","infill","domain_index",8,75,"open,survey_public",75,0.403613086770981,0.436002263810303,0.333943885023507,0.315789698621121,0.00545766287142392,1.06275341543512,0.368421052631579
"Ghana","women_folate","level","infill","domain_enet",8,75,"open,survey_public",75,0.418435277382646,0.511286415408074,0.263873940264368,0.258383892264634,-0.0188285398359609,0.857266559618097,0.473684210526316
"Ghana","women_folate","level","infill","raw_enet",8,75,"open,survey_public",75,0.507197724039829,0.587255260521977,0.26062704314452,0.250966503676224,0.00352421751632548,0.80404096444812,0.526315789473684
"Ghana","women_folate","level","infill","spatial_plus_domain",8,75,"open,survey_public",75,0.62597439544808,0.682764120401124,0.226344190938222,0.218663719895682,0.00246584393502378,0.726216588192082,0.578947368421053
"Ghana","women_folate","level","infill","region_mean_jk",8,75,"open,survey_public",75,0.462093423136738,0.54024564202106,0.271084941347062,0.265594250757472,-0.003443181725031,0.853253195355386,0.368421052631579
"Ghana","women_folate","level","infill","null_train_mean",9,75,"open,survey_public",75,-0.140667648687918,-0.164025683003951,0.313120411138018,0.290307655787422,8.88756660858784e-18,1.0007989919893,0.157894736842105
"Ghana","women_folate","level","infill","spatial",9,75,"open,survey_public",75,0.571578947368421,0.648026286200163,0.235146000836838,0.226811009267329,-0.016372518729698,0.757745602701523,0.578947368421053
"Ghana","women_folate","level","infill","domain_index",9,75,"open,survey_public",75,0.397183499288762,0.441450294914091,0.331444219322576,0.317138160888713,-0.0047283293371167,1.05511872943361,0.473684210526316
"Ghana","women_folate","level","infill","domain_enet",9,75,"open,survey_public",75,0.393371266002845,0.502529623516674,0.258516223708629,0.25206488819699,0.00688705719923619,0.859996181604638,0.421052631578947
"Ghana","women_folate","level","infill","raw_enet",9,75,"open,survey_public",75,0.454850640113798,0.537441958486291,0.273835144889381,0.267398535648764,0.0311518296202691,0.860412988725018,0.421052631578947
"Ghana","women_folate","level","infill","spatial_plus_domain",9,75,"open,survey_public",75,0.571578947368421,0.648026286200164,0.235146000836838,0.226811009267329,-0.0163725187296983,0.757745602701523,0.578947368421053
"Ghana","women_folate","level","infill","region_mean_jk",9,75,"open,survey_public",75,0.452052678907082,0.532138079586139,0.275061091425729,0.272282489102898,-0.00800810477267318,0.856910653344708,0.421052631578947
"Ghana","women_folate","level","infill","null_train_mean",10,75,"open,survey_public",75,-0.173765918967427,-0.16127457552759,0.312802903574438,0.290634746032595,8.89913143176102e-18,1.00055081475236,0.105263157894737
"Ghana","women_folate","level","infill","spatial",10,75,"open,survey_public",75,0.573115220483641,0.63689048158752,0.240056742918069,0.232746397919333,-0.00403111621272719,0.767539001805113,0.473684210526316
"Ghana","women_folate","level","infill","domain_index",10,75,"open,survey_public",75,0.366230440967283,0.408454940045369,0.339124052000666,0.325485391018222,-0.00019081865666848,1.07837496768614,0.421052631578947
"Ghana","women_folate","level","infill","domain_enet",10,75,"open,survey_public",75,0.406429587482219,0.501103903710723,0.267125476652232,0.257293506517691,-0.00752374371818023,0.862252568140353,0.526315789473684
"Ghana","women_folate","level","infill","raw_enet",10,75,"open,survey_public",75,0.381706970128023,0.488510008561976,0.294527120948877,0.288102119163619,-0.032980001206223,0.899761880599702,0.421052631578947
"Ghana","women_folate","level","infill","spatial_plus_domain",10,75,"open,survey_public",75,0.573115220483641,0.636890481587519,0.24005674291807,0.232746397919334,-0.00403111621272683,0.767539001805114,0.473684210526316
"Ghana","women_folate","level","infill","region_mean_jk",10,75,"open,survey_public",75,0.343280423425114,0.471162404304998,0.28788656268815,0.285650128405893,-0.0233038576212374,0.902804474327935,0.473684210526316
"Ghana","women_folate","level","region","null_train_mean",1,75,"open,survey_public",75,-0.628443359259562,-0.647525245419727,0.320181872737862,0.295824202674176,0.0022791138970146,1.02990692841603,0
"Ghana","women_folate","level","region","spatial",1,75,"open,survey_public",75,0.446799431009957,0.510020273974974,0.267561678532805,0.254300483558686,0.0392314219525092,0.866095602657869,0.526315789473684
"Ghana","women_folate","level","region","domain_index",1,75,"open,survey_public",75,0.270753911806543,0.310611376858125,0.345170779042802,0.325547296729307,0.0273560014810333,1.12412887982832,0.368421052631579
"Ghana","women_folate","level","region","domain_enet",1,75,"open,survey_public",75,0.103157894736842,-0.0106848000391538,0.356606839782678,0.335852043310929,-0.00954185593126843,1.21131060941751,0.315789473684211
"Ghana","women_folate","level","region","raw_enet",1,75,"open,survey_public",75,0.22176386913229,0.187135879251937,0.317161876643335,0.295195295735904,0.0092514729792915,1.03562348883911,0.421052631578947
"Ghana","women_folate","level","region","spatial_plus_domain",1,75,"open,survey_public",75,0.447396870554765,0.497836152178908,0.268162372637574,0.255056317428928,0.0359782570400597,0.874330724917611,0.526315789473684
"Ghana","women_b12","prev","infill","null_train_mean",1,75,"open,survey_public",75,-0.158859301746971,-0.196195141247896,11.9413105040729,10.4171418279672,-2.77085935214879e-16,1.0040069834075,0.105263157894737
"Ghana","women_b12","prev","infill","spatial",1,75,"open,survey_public",75,0.352066803032309,0.362651175432111,9.81057719408026,8.7032172218561,-3.15252332600488,1.07951715954986,0.631578947368421
"Ghana","women_b12","prev","infill","domain_index",1,75,"open,survey_public",75,0.313064850789521,0.522365088496621,9.87153207956833,9.45408355468098,0.940022641676816,0.919601837251802,0.526315789473684
"Ghana","women_b12","prev","infill","domain_enet",1,75,"open,survey_public",75,0.254108756957659,0.143448894965302,9.95152822155722,9.26324394116584,-5.6093636644923,1.05239836160248,0.473684210526316
"Ghana","women_b12","prev","infill","raw_enet",1,75,"open,survey_public",75,0.272423472222951,0.384573743607428,9.42163640072137,8.56474178489604,-6.10662360552866,1.00758513538138,0.578947368421053
"Ghana","women_b12","prev","infill","spatial_plus_domain",1,75,"open,survey_public",75,0.352066803032309,0.362651175432109,9.81057719408032,8.70321722185615,-3.1525233260048,1.07951715954986,0.631578947368421
"Ghana","women_b12","prev","infill","region_mean_jk",1,75,"open,survey_public",75,0.268394861419541,0.608021629391757,8.38508270301932,7.93317394976564,-2.4008902293458,0.831755119793598,0.578947368421053
"Ghana","women_b12","prev","infill","null_train_mean",2,75,"open,survey_public",75,-0.174168018029065,-0.238258011079092,11.9374046533371,10.382884841855,5.65592133313271e-17,1.00904523435758,0.0526315789473684
"Ghana","women_b12","prev","infill","spatial",2,75,"open,survey_public",75,0.326885214699008,0.347459963566125,9.17842946515578,8.3458422053637,-4.81001050771714,0.993355768241122,0.473684210526316
"Ghana","women_b12","prev","infill","domain_index",2,75,"open,survey_public",75,0.302195454262843,0.564496045092421,9.78842347656968,9.38405368207754,0.914730098180779,0.876421892690445,0.578947368421053
"Ghana","women_b12","prev","infill","domain_enet",2,75,"open,survey_public",75,0.259062147684123,0.346164366335147,9.50536194390696,8.65124253389679,-6.03099727024286,1.01175547078923,0.473684210526316
"Ghana","women_b12","prev","infill","raw_enet",2,75,"open,survey_public",75,0.2503403996416,0.371228445870548,9.61675842762665,8.68755015313549,-6.2622272433485,1.01930650766162,0.526315789473684
"Ghana","women_b12","prev","infill","spatial_plus_domain",2,75,"open,survey_public",75,0.322114484096801,0.348871939934196,9.18745476755338,8.35939389524198,-4.78310642051747,0.992793484054269,0.473684210526316
"Ghana","women_b12","prev","infill","region_mean_jk",2,75,"open,survey_public",75,0.250880354654918,0.291554346669404,10.5142651140228,9.73622735882926,-1.9919870343705,1.10242506090065,0.473684210526316
"Ghana","women_b12","prev","infill","null_train_mean",3,75,"open,survey_public",75,-0.300904111839839,-0.351840586168762,12.1394931785969,10.5652603701528,2.2291196666302e-16,1.02731256908431,0.105263157894737
"Ghana","women_b12","prev","infill","spatial",3,75,"open,survey_public",75,0.311966435152587,0.331399603740685,9.18647145742097,8.29565288365727,-5.68970720405926,0.99946645684605,0.526315789473684
"Ghana","women_b12","prev","infill","domain_index",3,75,"open,survey_public",75,0.321934147201185,0.500002862579106,10.2863622238866,9.50486198269837,0.460508007027794,0.936335275637681,0.526315789473684
"Ghana","women_b12","prev","infill","domain_enet",3,75,"open,survey_public",75,0.318491351921241,0.0600777292171761,10.1792590041773,9.47832352894674,-5.57298351566068,1.12432669551669,0.526315789473684
"Ghana","women_b12","prev","infill","raw_enet",3,75,"open,survey_public",75,0.29655582770903,0.0765726122697467,9.9946356045683,9.24027466926876,-6.23243896152383,1.09102137925492,0.578947368421053
"Ghana","women_b12","prev","infill","spatial_plus_domain",3,75,"open,survey_public",75,0.311966435152587,0.331399603740684,9.18647145742097,8.29565288365727,-5.68970720405923,0.999466456846049,0.526315789473684
"Ghana","women_b12","prev","infill","region_mean_jk",3,75,"open,survey_public",75,0.257846180669109,0.409238891538361,9.76019616324819,9.19103490071706,-2.46566913639133,1.06511933822857,0.526315789473684
"Ghana","women_b12","prev","infill","null_train_mean",4,75,"open,survey_public",75,-0.403296837136465,-0.399070322566949,12.3901679990323,10.886653037425,5.728020777603e-16,1.03684828667118,0.105263157894737
"Ghana","women_b12","prev","infill","spatial",4,75,"open,survey_public",75,0.229732810751653,0.140490681989294,9.92293470614221,9.08254049256017,-5.60744709695317,1.0591642113873,0.315789473684211
"Ghana","women_b12","prev","infill","domain_index",4,75,"open,survey_public",75,0.264996870976216,0.351129254544372,10.7715334782964,10.0932711262259,-0.482964319801304,1.0222827272433,0.421052631578947
"Ghana","women_b12","prev","infill","domain_enet",4,75,"open,survey_public",75,0.206633293849556,0.223141381104855,9.68272282872779,8.86056779657621,-4.99934951173093,1.04321909978222,0.473684210526316
"Ghana","women_b12","prev","infill","raw_enet",4,75,"open,survey_public",75,0.127959675902892,0.0167051984320447,10.1822117456509,9.34504401869132,-6.30881921006269,1.09527814234707,0.315789473684211
"Ghana","women_b12","prev","infill","spatial_plus_domain",4,75,"open,survey_public",75,0.229732810751653,0.140490681989302,9.92293470614213,9.08254049256002,-5.60744709695342,1.0591642113873,0.315789473684211
"Ghana","women_b12","prev","infill","region_mean_jk",4,75,"open,survey_public",75,0.34601747912617,0.425906484936969,9.80075003073394,9.39487422498215,-2.04111817591682,1.04133269527432,0.631578947368421
"Ghana","women_b12","prev","infill","null_train_mean",5,75,"open,survey_public",75,-0.210055664395284,-0.177746169739261,11.8867280947259,10.354832050101,9.17596438646899e-17,1.00209838371404,0.210526315789474
"Ghana","women_b12","prev","infill","spatial",5,75,"open,survey_public",75,0.237257777577815,0.340954463320682,9.80195770660114,8.98483524823809,-3.14562526846808,1.02264447377674,0.421052631578947
"Ghana","women_b12","prev","infill","domain_index",5,75,"open,survey_public",75,0.317196205125453,0.526226855069396,9.81042092157941,9.55611181495331,1.16585867947407,0.926764022959934,0.526315789473684
"Ghana","women_b12","prev","infill","domain_enet",5,75,"open,survey_public",75,0.244258127980366,0.293517529751235,9.52697492939683,8.71150268232758,-5.73887562560887,1.01432306289493,0.421052631578947
"Ghana","women_b12","prev","infill","raw_enet",5,75,"open,survey_public",75,0.183149898864353,0.205669000786155,9.64095307667979,8.69926299610731,-5.75269541147439,1.03428813390012,0.421052631578947
"Ghana","women_b12","prev","infill","spatial_plus_domain",5,75,"open,survey_public",75,0.238470953057414,0.346679143793269,9.73168805923971,8.91262744683745,-3.05638811889271,1.01910531781292,0.421052631578947
"Ghana","women_b12","prev","infill","region_mean_jk",5,75,"open,survey_public",75,0.206115735099446,0.423616594885295,9.86999528638641,9.49817325487034,-2.48270914724423,1.09588845554302,0.473684210526316
"Ghana","women_b12","prev","infill","null_train_mean",6,75,"open,survey_public",75,-0.146060211084893,-0.222226934315848,11.8809033741046,10.2959419346197,-1.29128478743024e-16,1.00701302692807,0.157894736842105
"Ghana","women_b12","prev","infill","spatial",6,75,"open,survey_public",75,0.303244687110063,0.382130176375508,9.154658711209,8.30558148619792,-3.99617618922937,0.984271156305149,0.473684210526316
"Ghana","women_b12","prev","infill","domain_index",6,75,"open,survey_public",75,0.294358996435162,0.509255696139284,10.0540322538842,9.3969934177453,0.670668678074681,0.930420041138787,0.526315789473684
"Ghana","women_b12","prev","infill","domain_enet",6,75,"open,survey_public",75,0.253848771974494,0.378327718669236,9.50001305390963,8.65112654361212,-6.31924414465193,1.02283075185683,0.473684210526316
"Ghana","women_b12","prev","infill","raw_enet",6,75,"open,survey_public",75,0.114429594401454,0.256671249449379,9.63259872323065,8.69183742201193,-6.22094005671938,1.03440566131541,0.315789473684211
"Ghana","women_b12","prev","infill","spatial_plus_domain",6,75,"open,survey_public",75,0.303851274849863,0.39155896870485,9.17492504550454,8.35223607547373,-3.85951957049765,0.980514864767827,0.473684210526316
"Ghana","women_b12","prev","infill","region_mean_jk",6,75,"open,survey_public",75,0.107284348609124,0.436749572458571,9.56249768954592,9.11909824970044,-2.73731005688847,1.04454415444298,0.473684210526316
"Ghana","women_b12","prev","infill","null_train_mean",7,75,"open,survey_public",75,-0.194245022989187,-0.18866708681368,11.9272713621526,10.3335060599308,3.14707750600126e-16,1.00320588182118,0.105263157894737
"Ghana","women_b12","prev","infill","spatial",7,75,"open,survey_public",75,0.346525542057924,0.397845989459083,9.07906481260487,8.24109778397391,-4.75530413364361,0.962123353522453,0.578947368421053
"Ghana","women_b12","prev","infill","domain_index",7,75,"open,survey_public",75,0.330459164084854,0.563820165436061,9.86238127013122,9.47315187100815,1.29581821984932,0.905138372528223,0.578947368421053
"Ghana","women_b12","prev","infill","domain_enet",7,75,"open,survey_public",75,0.222125872609301,0.345179972174111,9.43209071141534,8.53583229415803,-6.14508250981884,1.01667974633656,0.473684210526316
"Ghana","women_b12","prev","infill","raw_enet",7,75,"open,survey_public",75,0.25591444914246,0.230816065099403,9.52336746200329,8.77899384384456,-4.9595022495662,1.02275849665662,0.578947368421053
"Ghana","women_b12","prev","infill","spatial_plus_domain",7,75,"open,survey_public",75,0.346525542057924,0.397845989459084,9.07906481260486,8.2410977839739,-4.7553041336436,0.962123353522453,0.578947368421053
"Ghana","women_b12","prev","infill","region_mean_jk",7,75,"open,survey_public",75,0.265206704962632,0.552265609474821,9.34316374714326,8.86638710594341,-1.11461764720922,0.897941686008428,0.526315789473684
"Ghana","women_b12","prev","infill","null_train_mean",8,75,"open,survey_public",75,-0.232893257537424,-0.234830254033179,11.9953439170194,10.3770850952993,0,1.00859916687593,0.105263157894737
"Ghana","women_b12","prev","infill","spatial",8,75,"open,survey_public",75,0.30372012074396,0.362064853990299,9.26569334226809,8.3447531625451,-5.34366712956277,0.987282125273411,0.526315789473684
"Ghana","women_b12","prev","infill","domain_index",8,75,"open,survey_public",75,0.368280729374518,0.589508328466451,9.65897910785648,9.20036704098428,1.03591760007859,0.86565289031443,0.578947368421053
"Ghana","women_b12","prev","infill","domain_enet",8,75,"open,survey_public",75,0.29512952680734,0.501323244465499,9.34349665424534,8.53222482663882,-6.04102550418654,0.986122077614692,0.526315789473684
"Ghana","women_b12","prev","infill","raw_enet",8,75,"open,survey_public",75,0.23860348107645,0.414339747551563,9.60192164820909,8.69592838328147,-6.48901039477047,1.02509620288696,0.473684210526316
"Ghana","women_b12","prev","infill","spatial_plus_domain",8,75,"open,survey_public",75,0.297850974504819,0.385057064561669,9.21379624548371,8.36110777822684,-5.24119582787741,0.974918370798962,0.578947368421053
"Ghana","women_b12","prev","infill","region_mean_jk",8,75,"open,survey_public",75,0.183843533501194,0.441983663853938,9.416225607342,8.92639594495209,-2.57852419245479,1.04036925025663,0.473684210526316
"Ghana","women_b12","prev","infill","null_train_mean",9,75,"open,survey_public",75,-0.280074219193712,-0.309681832354096,12.0651543435005,10.5167589771067,3.71050123496956e-16,1.01975131348909,0.105263157894737
"Ghana","women_b12","prev","infill","spatial",9,75,"open,survey_public",75,0.276636797875072,0.341032470639748,9.47391965186046,8.4867210227861,-4.10179817767554,1.05593928478844,0.526315789473684
"Ghana","women_b12","prev","infill","domain_index",9,75,"open,survey_public",75,0.311015567884793,0.494719694239415,10.1788899299471,9.40256832690561,0.898151213506163,0.946572515750266,0.473684210526316
"Ghana","women_b12","prev","infill","domain_enet",9,75,"open,survey_public",75,0.280899306316907,0.382712913496389,9.46662467957162,8.58095468658499,-6.36861469587951,1.02431484063543,0.473684210526316
"Ghana","women_b12","prev","infill","raw_enet",9,75,"open,survey_public",75,0.248438665106012,0.3038506518115,9.34678875302975,8.42819339181361,-5.9285153443381,1.01337162589247,0.473684210526316
"Ghana","women_b12","prev","infill","spatial_plus_domain",9,75,"open,survey_public",75,0.266800239932377,0.355128092265978,9.4305165195049,8.47638562885771,-4.04312533978009,1.04505830599736,0.526315789473684
"Ghana","women_b12","prev","infill","region_mean_jk",9,75,"open,survey_public",75,0.127878860902451,0.408754067891632,9.96989122827045,9.43856818684799,-2.8283104804822,1.11145077398622,0.473684210526316
"Ghana","women_b12","prev","infill","null_train_mean",10,75,"open,survey_public",75,-0.0860801587665262,-0.15509895988273,11.8285596179513,10.2659908175993,-5.65592133313271e-17,1.00000878653622,0.157894736842105
"Ghana","women_b12","prev","infill","spatial",10,75,"open,survey_public",75,0.358952393592195,0.374643696997064,9.09777133017693,8.42945573317844,-4.57558012803695,0.978451073513066,0.526315789473684
"Ghana","women_b12","prev","infill","domain_index",10,75,"open,survey_public",75,0.343427026305974,0.553638265074026,9.60049160729811,9.29342772033905,1.46485242294713,0.929292873348546,0.578947368421053
"Ghana","women_b12","prev","infill","domain_enet",10,75,"open,survey_public",75,0.33290190930729,0.512787092883385,9.19931173513501,8.39727732432212,-6.34049007892807,1.00058742510603,0.526315789473684
"Ghana","women_b12","prev","infill","raw_enet",10,75,"open,survey_public",75,0.310638499830323,0.501221578803745,9.07972186381278,8.27527444811139,-6.17434111638279,0.985226001653932,0.526315789473684
"Ghana","women_b12","prev","infill","spatial_plus_domain",10,75,"open,survey_public",75,0.363083747928128,0.394516175433926,9.01779257049449,8.37257168466863,-4.49883250547612,0.966638058485732,0.526315789473684
"Ghana","women_b12","prev","infill","region_mean_jk",10,75,"open,survey_public",75,0.332396206914201,0.480994070718465,9.12217274905352,8.64079060286734,-1.97936568606357,1.00481684607713,0.526315789473684
"Ghana","women_b12","prev","region","null_train_mean",1,75,"open,survey_public",75,-0.490501473753468,-0.652669168967803,12.2897305803514,10.7102824533506,0.0564456408892977,1.03414148006066,0.105263157894737
"Ghana","women_b12","prev","region","spatial",1,75,"open,survey_public",75,0.269013465469483,0.182081666651666,11.0819426535133,10.1198123282587,-2.73973786386355,1.15756499246705,0.421052631578947
"Ghana","women_b12","prev","region","domain_index",1,75,"open,survey_public",75,0.24822553968392,0.353523887709717,11.127346256106,10.1447441046334,1.30940420034748,1.05492923985204,0.473684210526316
"Ghana","women_b12","prev","region","domain_enet",1,75,"open,survey_public",75,0.0906110929154631,0.0356027301601047,10.1513913654229,9.22654454711032,-6.34181346802967,1.07191697689431,0.210526315789474
"Ghana","women_b12","prev","region","raw_enet",1,75,"open,survey_public",75,-0.0285915950867682,0.00902784985352965,10.1818095996089,9.22970983148331,-6.26492680959294,1.07395977858124,0.157894736842105
"Ghana","women_b12","prev","region","spatial_plus_domain",1,75,"open,survey_public",75,0.269013465469483,0.182081666651666,11.0819426535133,10.1198123282587,-2.73973786386356,1.15756499246705,0.421052631578947
"Ghana","women_b12","level","infill","null_train_mean",1,75,"open,survey_public",75,-0.0762131223541349,-0.123874141545401,0.285572528984264,0.248344777395157,-1.42110715556365e-16,0.997588608746296,0.210526315789474
"Ghana","women_b12","level","infill","spatial",1,75,"open,survey_public",75,0.568762446657183,0.573464775361464,0.224406445784287,0.199431280978453,0.00204408548924286,0.819861214039574,0.578947368421053
"Ghana","women_b12","level","infill","domain_index",1,75,"open,survey_public",75,0.574196301564723,0.588343221954374,0.266530214614673,0.260279359482678,0.00624372186036251,0.898350518795321,0.578947368421053
"Ghana","women_b12","level","infill","domain_enet",1,75,"open,survey_public",75,0.465064011379801,0.44787917143084,0.25151344618938,0.231738385460479,0.00517811971256028,0.908424929957197,0.631578947368421
"Ghana","women_b12","level","infill","raw_enet",1,75,"open,survey_public",75,0.531066856330014,0.544908998103242,0.236275568527477,0.216314250355421,0.00797567552427651,0.83359615475035,0.631578947368421
"Ghana","women_b12","level","infill","spatial_plus_domain",1,75,"open,survey_public",75,0.568762446657183,0.573464775361463,0.224406445784287,0.199431280978454,0.00204408548924707,0.819861214039575,0.578947368421053
"Ghana","women_b12","level","infill","region_mean_jk",1,75,"open,survey_public",75,0.559903266837653,0.624409352562212,0.234666755961838,0.216316484570739,0.0161907755287252,0.784394154992425,0.684210526315789
"Ghana","women_b12","level","infill","null_train_mean",2,75,"open,survey_public",75,-0.231252388400261,-0.283228390557415,0.293738220226764,0.255960860808228,3.55097895532452e-17,1.01547419215976,0.0526315789473684
"Ghana","women_b12","level","infill","spatial",2,75,"open,survey_public",75,0.477894736842105,0.462281745782917,0.259555117246206,0.232449107831569,-0.0259739635526762,0.916785502936212,0.578947368421053
"Ghana","women_b12","level","infill","domain_index",2,75,"open,survey_public",75,0.57624466571835,0.594163438353349,0.264628329560039,0.259193455355595,0.00380463967304195,0.885046032239878,0.578947368421053
"Ghana","women_b12","level","infill","domain_enet",2,75,"open,survey_public",75,0.485376955903272,0.424699626821211,0.268554427579878,0.245052615435449,-0.0329216590135513,0.919325381501149,0.526315789473684
"Ghana","women_b12","level","infill","raw_enet",2,75,"open,survey_public",75,0.475533428165007,0.49988005134543,0.262159263959281,0.248070750080624,-0.00736832854784687,0.878444471427836,0.631578947368421
"Ghana","women_b12","level","infill","spatial_plus_domain",2,75,"open,survey_public",75,0.477894736842105,0.462281745782917,0.259555117246207,0.232449107831571,-0.0259739635526757,0.916785502936213,0.578947368421053
"Ghana","women_b12","level","infill","region_mean_jk",2,75,"open,survey_public",75,0.479706888743149,0.486119032336579,0.264885070340468,0.249983918466864,-0.00561588216408322,0.90816104759288,0.736842105263158
"Ghana","women_b12","level","infill","null_train_mean",3,75,"open,survey_public",75,-0.317046588993201,-0.339807553057485,0.294740827733793,0.255727162196309,-1.42107824350572e-16,1.02506197751426,0.105263157894737
"Ghana","women_b12","level","infill","spatial",3,75,"open,survey_public",75,0.564836415362731,0.514308298728908,0.24297242278589,0.220921009899001,-0.0106032376057651,0.862024645877787,0.578947368421053
"Ghana","women_b12","level","infill","domain_index",3,75,"open,survey_public",75,0.586884779516358,0.58175046498406,0.26858285789428,0.261219171563739,-0.00166985131831448,0.901577865917904,0.631578947368421
"Ghana","women_b12","level","infill","domain_enet",3,75,"open,survey_public",75,0.521450924608819,0.505257800048063,0.251173946314611,0.230795736198054,-0.00321066078358328,0.866112261064175,0.578947368421053
"Ghana","women_b12","level","infill","raw_enet",3,75,"open,survey_public",75,0.505462304409673,0.460528760589802,0.26571081366994,0.244358976202077,-0.00257341213510323,0.886454434393997,0.526315789473684
"Ghana","women_b12","level","infill","spatial_plus_domain",3,75,"open,survey_public",75,0.564836415362731,0.514308298728907,0.242972422785891,0.220921009899001,-0.0106032376057605,0.862024645877787,0.578947368421053
"Ghana","women_b12","level","infill","region_mean_jk",3,75,"open,survey_public",75,0.566481003616872,0.561693124963789,0.247909932474457,0.228891490913519,0.0025101901200604,0.844866861014974,0.684210526315789
"Ghana","women_b12","level","infill","null_train_mean",4,75,"open,survey_public",75,-0.372355540644488,-0.423393919880429,0.298898045143002,0.26291272209441,-1.42096259527399e-16,1.04218870891459,0.157894736842105
"Ghana","women_b12","level","infill","spatial",4,75,"open,survey_public",75,0.493655761024182,0.407228699415117,0.260229896478824,0.23445530654971,-0.0163049700435096,0.935290910926752,0.473684210526316
"Ghana","women_b12","level","infill","domain_index",4,75,"open,survey_public",75,0.538862019914651,0.538156850718619,0.283390364366826,0.27813325232152,-0.00801986070650032,0.940208826103527,0.473684210526316
"Ghana","women_b12","level","infill","domain_enet",4,75,"open,survey_public",75,0.451408250355619,0.369867679272895,0.27555167595743,0.25356798879557,-0.0037147867713017,0.971640900827316,0.421052631578947
"Ghana","women_b12","level","infill","raw_enet",4,75,"open,survey_public",75,0.435618776671408,0.403002917637361,0.271148903818539,0.256644137489836,-0.0145341428102281,0.920589479948987,0.315789473684211
"Ghana","women_b12","level","infill","spatial_plus_domain",4,75,"open,survey_public",75,0.493911806543385,0.405648176645967,0.26238345131893,0.235928249276417,-0.0171530715508101,0.938707647214513,0.526315789473684
"Ghana","women_b12","level","infill","region_mean_jk",4,75,"open,survey_public",75,0.44065727465425,0.439389068432495,0.283332083084369,0.252821738424007,0.00599226530800286,0.948998018245411,0.631578947368421
"Ghana","women_b12","level","infill","null_train_mean",5,75,"open,survey_public",75,-0.234736416850735,-0.298610367582986,0.293993920054914,0.256537357501741,-1.42113606762158e-16,1.01791698621264,0.105263157894737
"Ghana","women_b12","level","infill","spatial",5,75,"open,survey_public",75,0.547880512091038,0.524645807662936,0.253927000005561,0.230060454951928,0.00171508537986641,0.8768897078567,0.578947368421053
"Ghana","women_b12","level","infill","domain_index",5,75,"open,survey_public",75,0.565177809388336,0.582445804852815,0.2650344884698,0.259735750277212,0.00338993851523028,0.895528984676014,0.631578947368421
"Ghana","women_b12","level","infill","domain_enet",5,75,"open,survey_public",75,0.495192034139402,0.500769430857587,0.249846016677436,0.226936698119274,0.00462930687078131,0.862387080352914,0.473684210526316
"Ghana","women_b12","level","infill","raw_enet",5,75,"open,survey_public",75,0.485035561877667,0.488866332747165,0.25002695171245,0.228349456806438,0.023399559316945,0.872245063675617,0.578947368421053
"Ghana","women_b12","level","infill","spatial_plus_domain",5,75,"open,survey_public",75,0.547880512091038,0.524645807662932,0.253927000005562,0.230060454951928,0.00171508537986499,0.876889707856704,0.578947368421053
"Ghana","women_b12","level","infill","region_mean_jk",5,75,"open,survey_public",75,0.450988652875499,0.499971937439867,0.277970191860417,0.257889843245265,0.0143442666337263,0.922731921552859,0.631578947368421
"Ghana","women_b12","level","infill","null_train_mean",6,75,"open,survey_public",75,-0.0757776187978255,-0.14506084720181,0.285091859734279,0.247000519773667,3.55094281525211e-17,0.999172326017199,0.210526315789474
"Ghana","women_b12","level","infill","spatial",6,75,"open,survey_public",75,0.562475106685633,0.548550659755255,0.232408446959697,0.211410030198138,0.00807514934974527,0.844251746715462,0.526315789473684
"Ghana","women_b12","level","infill","domain_index",6,75,"open,survey_public",75,0.551322901849218,0.566653795762355,0.27338090261304,0.265007471039403,0.00496536921424341,0.92251669941159,0.684210526315789
"Ghana","women_b12","level","infill","domain_enet",6,75,"open,survey_public",75,0.366714082503556,0.358127841907549,0.284352050231847,0.268390799163339,0.010125032220822,0.984038845315484,0.526315789473684
"Ghana","women_b12","level","infill","raw_enet",6,75,"open,survey_public",75,0.513285917496444,0.498445895067729,0.242866679175173,0.215467511276063,0.00849880095466546,0.861601704486839,0.473684210526316
"Ghana","women_b12","level","infill","spatial_plus_domain",6,75,"open,survey_public",75,0.537610241820768,0.528420316168923,0.234567487650297,0.212963713133964,0.0125698837772555,0.860168968688201,0.526315789473684
"Ghana","women_b12","level","infill","region_mean_jk",6,75,"open,survey_public",75,0.4481885499,0.532465657326194,0.262526115364838,0.24031848351323,-0.0044974108921576,0.87726055591513,0.684210526315789
"Ghana","women_b12","level","infill","null_train_mean",7,75,"open,survey_public",75,-0.27828677248167,-0.243677436261414,0.291115363496003,0.252883491404478,3.55094281525211e-17,1.00976326000206,0.0526315789473684
"Ghana","women_b12","level","infill","spatial",7,75,"open,survey_public",75,0.584580369843528,0.562997507727707,0.226144397077875,0.205875015203301,-0.00204508711882333,0.827935721978797,0.631578947368421
"Ghana","women_b12","level","infill","domain_index",7,75,"open,survey_public",75,0.574139402560455,0.582608608778316,0.266057367904367,0.256199142268075,0.00256411418070776,0.898236760451628,0.631578947368421
"Ghana","women_b12","level","infill","domain_enet",7,75,"open,survey_public",75,0.520625889046942,0.533305128132746,0.240997978417356,0.221567336126823,0.0100055448136043,0.84079021839933,0.631578947368421
"Ghana","women_b12","level","infill","raw_enet",7,75,"open,survey_public",75,0.539431009957326,0.539959202455584,0.244753787478232,0.219117372400532,-0.00528571867406207,0.838120253169283,0.526315789473684
"Ghana","women_b12","level","infill","spatial_plus_domain",7,75,"open,survey_public",75,0.57302987197724,0.54599591707643,0.228897965570318,0.208881997109336,0.000452554002819904,0.84381478997354,0.631578947368421
"Ghana","women_b12","level","infill","region_mean_jk",7,75,"open,survey_public",75,0.486093459256333,0.592885847797906,0.242544846794939,0.221999036336286,0.0137270017119535,0.810042448653185,0.526315789473684
"Ghana","women_b12","level","infill","null_train_mean",8,75,"open,survey_public",75,-0.268705694242864,-0.266655179770282,0.291592620490087,0.253131479174632,3.55094281525211e-17,1.01298071713396,0.157894736842105
"Ghana","women_b12","level","infill","spatial",8,75,"open,survey_public",75,0.570810810810811,0.544443465614533,0.231624366777166,0.205894547415251,-0.00819261056392893,0.838809668999689,0.526315789473684
"Ghana","women_b12","level","infill","domain_index",8,75,"open,survey_public",75,0.591322901849218,0.584642924723946,0.264221060795121,0.255241243701392,0.000439333656379368,0.899415579697496,0.578947368421053
"Ghana","women_b12","level","infill","domain_enet",8,75,"open,survey_public",75,0.550384068278805,0.537571369009284,0.237881146655867,0.219495715371482,-0.00125810797839929,0.838186382829835,0.684210526315789
"Ghana","women_b12","level","infill","raw_enet",8,75,"open,survey_public",75,0.556813655761024,0.53693867349119,0.238743586763444,0.214516627291849,-0.00510299743115,0.838664047581763,0.631578947368421
"Ghana","women_b12","level","infill","spatial_plus_domain",8,75,"open,survey_public",75,0.570810810810811,0.544443465614536,0.231624366777165,0.20589454741525,-0.00819261056392769,0.838809668999686,0.526315789473684
"Ghana","women_b12","level","infill","region_mean_jk",8,75,"open,survey_public",75,0.475468875569333,0.549101980005869,0.253682523237582,0.226431915234721,0.00698573412766578,0.855094086502238,0.684210526315789
"Ghana","women_b12","level","infill","null_train_mean",9,75,"open,survey_public",75,-0.166797862066478,-0.155508986507601,0.289393612033835,0.251428390069694,3.55094281525211e-17,1.00004412731521,0.157894736842105
"Ghana","women_b12","level","infill","spatial",9,75,"open,survey_public",75,0.533826458036984,0.573064879708372,0.231832857327356,0.208901765161259,-0.00925091300813772,0.831729496547443,0.473684210526316
"Ghana","women_b12","level","infill","domain_index",9,75,"open,survey_public",75,0.541735419630156,0.567798604185213,0.272819198351275,0.266608253872579,-0.00426077220330974,0.919389323708071,0.578947368421053
"Ghana","women_b12","level","infill","domain_enet",9,75,"open,survey_public",75,0.491550497866287,0.506155719087649,0.247317190038537,0.226179554706237,-0.0213621171797948,0.869109811520619,0.526315789473684
"Ghana","women_b12","level","infill","raw_enet",9,75,"open,survey_public",75,0.435192034139403,0.462651997259871,0.260839705367011,0.238742814775976,0.00347186636892407,0.888161978153872,0.578947368421053
"Ghana","women_b12","level","infill","spatial_plus_domain",9,75,"open,survey_public",75,0.533826458036984,0.573064879708369,0.231832857327358,0.208901765161261,-0.00925091300814163,0.831729496547447,0.473684210526316
"Ghana","women_b12","level","infill","region_mean_jk",9,75,"open,survey_public",75,0.425272172054176,0.489289531232209,0.291088854334648,0.264523570845368,-0.00824224303635712,0.959708204102361,0.684210526315789
"Ghana","women_b12","level","infill","null_train_mean",10,75,"open,survey_public",75,-0.226026345724549,-0.172734088511872,0.28969153041194,0.252526644812536,-1.42107824350572e-16,1.0016118199817,0.105263157894737
"Ghana","women_b12","level","infill","spatial",10,75,"open,survey_public",75,0.578862019914651,0.598425191405196,0.233303846945848,0.21538697861976,-0.00105313947313457,0.800208687170274,0.631578947368421
"Ghana","women_b12","level","infill","domain_index",10,75,"open,survey_public",75,0.557325746799431,0.576274444437962,0.272823413025395,0.266802193933657,0.00562127088004763,0.913925022686112,0.578947368421053
"Ghana","women_b12","level","infill","domain_enet",10,75,"open,survey_public",75,0.505917496443812,0.549168015836997,0.236935722940021,0.220599091782865,-0.00129734866146465,0.830379026474671,0.684210526315789
"Ghana","women_b12","level","infill","raw_enet",10,75,"open,survey_public",75,0.538947368421053,0.582485857723176,0.235133296925281,0.216756680642808,-0.00063594449102465,0.811069861880184,0.578947368421053
"Ghana","women_b12","level","infill","spatial_plus_domain",10,75,"open,survey_public",75,0.593371266002845,0.615614781380677,0.22962748698643,0.218702249024324,-0.0168835676876631,0.790445407421669,0.631578947368421
"Ghana","women_b12","level","infill","region_mean_jk",10,75,"open,survey_public",75,0.531847719814708,0.572628820316959,0.260461348219436,0.243454532158885,0.0113493102552425,0.850507595325849,0.631578947368421
"Ghana","women_b12","level","region","null_train_mean",1,75,"open,survey_public",75,-0.636657838267842,-0.663574409005407,0.299030879517307,0.261433838923401,0.0022818535452553,1.0393136318897,0.0526315789473684
"Ghana","women_b12","level","region","spatial",1,75,"open,survey_public",75,0.524125177809388,0.480788103741675,0.261635703574149,0.237284369740941,-0.00628200374244615,0.916662157291607,0.526315789473684
"Ghana","women_b12","level","region","domain_index",1,75,"open,survey_public",75,0.573285917496444,0.571960094651716,0.263857416765748,0.251446215358241,0.0138977240394086,0.886880707634028,0.526315789473684
"Ghana","women_b12","level","region","domain_enet",1,75,"open,survey_public",75,0.472005689900427,0.413581173027671,0.27700693744393,0.260145728256456,-0.0409693615688903,0.957355827818412,0.421052631578947
"Ghana","women_b12","level","region","raw_enet",1,75,"open,survey_public",75,0.510156472261735,0.421338836485127,0.274402472896055,0.258451609117095,-0.0376489360114673,0.923610769458006,0.473684210526316
"Ghana","women_b12","level","region","spatial_plus_domain",1,75,"open,survey_public",75,0.52076813655761,0.475964957003787,0.26238975683889,0.237804695183749,-0.00552795047771115,0.921605596700635,0.526315789473684
