outcome,label,obs_prevalence,boot_mean,ci_lo,ci_hi
women_vitA,VAD — women,0.41624365482233505,0.41440907838341573,0.35548060171694834,0.466027008740973
