Admin1,n,obs_prevalence,pred_prevalence,outcome,label
Region_A,77,0.5974025974025974,0.6332926254696136,child_vitA,VAD — children
Region_B,83,0.8192771084337349,0.774556111485257,child_vitA,VAD — children
Region_C,79,0.46835443037974683,0.48874313803784747,child_vitA,VAD — children
Region_D,64,0.734375,0.7319256241662246,child_vitA,VAD — children
