Admin1,boot_mean,ci_lo,ci_hi,outcome,obs_prevalence,pred_prevalence
Region_A,0.6132557977303079,0.5600022214409935,0.752678898302516,child_vitA,0.5974025974025974,0.6332926254696136
Region_B,0.7853085023380733,0.3896379063920934,0.8517553900061349,child_vitA,0.8192771084337349,0.774556111485257
Region_C,0.48804708731922536,0.43445874155946107,0.5517455650624893,child_vitA,0.46835443037974683,0.48874313803784747
Region_D,0.725263475028109,0.6394652560068165,0.8092369541705268,child_vitA,0.734375,0.7319256241662246
