outcome,model_type,boot_mean,ci_lo,ci_hi
child_vitA,binary_prob,0.605765236592241,0.5678126399569843,0.6456071940005298
