outcome,label,obs_prevalence,boot_mean,ci_lo,ci_hi
child_vitA,VAD — children,0.6534653465346535,0.6513989584795762,0.5293930933571608,0.6951374091667786
