Admin1,n,obs_prevalence,pred_prevalence,outcome,label
Region_A,44,0.3409090909090909,0.3498611397776627,women_vitA,VAD — women
Region_B,52,0.6730769230769231,0.6678301427535899,women_vitA,VAD — women
Region_C,55,0.23636363636363636,0.2583009347664139,women_vitA,VAD — women
Region_D,46,0.41304347826086957,0.4118892936675997,women_vitA,VAD — women
