Admin1,boot_mean,ci_lo,ci_hi,outcome,obs_prevalence,pred_prevalence
Region_A,0.3396903724487149,0.24815904007797926,0.4294639504586047,women_vitA,0.3409090909090909,0.3498611397776627
Region_B,0.655944940407061,0.5388876771431118,0.7355515871408894,women_vitA,0.6730769230769231,0.6678301427535899
Region_C,0.26049899076474126,0.1718628991595951,0.34492761212724443,women_vitA,0.23636363636363636,0.2583009347664139
Region_D,0.3968615360991633,0.23020525694336944,0.5144275182371902,women_vitA,0.41304347826086957,0.4118892936675997
