"unit","min_n","spatial","country","outcome","domain","n_pred","Q_obs","Q_ratio","Q_z","p_perm","q_bh"
"admin2",0,"S0_none","Malawi","child_vitA","Adult and maternal mortality",9,0.0109766095249421,0.904779730548239,-0.127738250126152,0.428285857071464,0.577687900235929
"admin2",0,"S0_none","Malawi","child_vitA","Adult nutrition",8,0.0221546799246918,1.89466091821902,1.63099132910125,0.0734632683658171,0.193675889328063
"admin2",0,"S0_none","Malawi","child_vitA","Agricultural production, land use",80,0.0195748495998444,1.63105806844565,1.33101813375514,0.0994502748625687,0.240338164251208
"admin2",0,"S0_none","Malawi","child_vitA","Built environment",12,0.0179830637644887,1.49796153026328,0.768218025530238,0.166416791604198,0.321739130434783
"admin2",0,"S0_none","Malawi","child_vitA","Climate and weather",41,0.0218786293256204,1.81788477237161,1.0733794146995,0.120939530234883,0.255693581780538
"admin2",0,"S0_none","Malawi","child_vitA","Dietary diversity",11,0.0202522334801824,1.6540439522517,0.906188650283588,0.12343828085957,0.255693581780538
"admin2",0,"S0_none","Malawi","child_vitA","Ecosystem productivity/greenness",16,0.0543722001316237,4.61982409751741,4.46621611523799,0.00599700149925037,0.0434782608695652
"admin2",0,"S0_none","Malawi","child_vitA","Education, employment, SES",8,0.00784990079093958,0.660861651730019,-0.40129406861532,0.562218890554723,0.693802035152636
"admin2",0,"S0_none","Malawi","child_vitA","Fertility, reproductive health",23,0.00842085787410727,0.732762259089314,-0.571892092543483,0.687656171914043,0.813960366755398
"admin2",0,"S0_none","Malawi","child_vitA","Food fortification and supplementation",6,0.00577715430802705,0.490637269443228,-0.744783335273273,0.771114442778611,0.876953680022734
"admin2",0,"S0_none","Malawi","child_vitA","Healthcare access",6,0.0465363876971033,3.95528573172929,2.98355720040296,0.0184907546226887,0.0630861040068201
"admin2",0,"S0_none","Malawi","child_vitA","Household assets and characteristics",12,0.0149081629955661,1.2559674170531,0.294688517486897,0.23888055972014,0.386212299255778
"admin2",0,"S0_none","Malawi","child_vitA","Infant and child morbidity/mortality",37,0.0133297549648252,1.14232859022572,0.412783193094012,0.277861069465267,0.402898550724638
"admin2",0,"S0_none","Malawi","child_vitA","Malaria incidence and treatment",23,0.0224043270969112,1.88137597957648,1.52058175567587,0.0819590204897551,0.206679269061122
"admin2",0,"S0_none","Malawi","child_vitA","Ruralness, population density, built environment",9,0.00835634764436249,0.704046157688025,-0.257388554404442,0.445777111444278,0.587615283267457
"admin2",0,"S0_none","Malawi","child_vitA","Soil characteristics",45,0.0256493411101717,2.17131426968037,2.30174724743176,0.0344827586206897,0.0952380952380952
"admin2",0,"S0_none","Malawi","child_vitA","Water and sanitation",8,0.00635607511144103,0.533967843261129,-0.741005246072306,0.768115942028985,0.876953680022734
"admin2",0,"S0_none","Malawi","child_zinc","Adult and maternal mortality",9,0.0129537665752386,1.10334567520473,0.140861004647453,0.32583708145927,0.780901216058637
"admin2",0,"S0_none","Malawi","child_zinc","Adult nutrition",8,0.00336423211744567,0.295970803339989,-1.30137332850293,0.95952023988006,0.95952023988006
"admin2",0,"S0_none","Malawi","child_zinc","Agricultural production, land use",80,0.00919682835920716,0.779259163172795,-0.480513130769998,0.638680659670165,0.81984007996002
"admin2",0,"S0_none","Malawi","child_zinc","Built environment",12,0.00956699682964776,0.814126984228825,-0.290627941247371,0.519240379810095,0.780901216058637
"admin2",0,"S0_none","Malawi","child_zinc","Climate and weather",41,0.0114982021942112,0.981865999411088,-0.0236272679194733,0.374312843578211,0.780901216058637
"admin2",0,"S0_none","Malawi","child_zinc","Dietary diversity",11,0.00535319182421642,0.455558939214889,-0.804913415969662,0.828585707146427,0.939063801432617
"admin2",0,"S0_none","Malawi","child_zinc","Ecosystem productivity/greenness",16,0.017235525913516,1.52488494992856,0.647055366780398,0.174912543728136,0.780901216058637
"admin2",0,"S0_none","Malawi","child_zinc","Education, employment, SES",8,0.0155838634839582,1.32418086566749,0.352505863836353,0.242378810594703,0.780901216058637
"admin2",0,"S0_none","Malawi","child_zinc","Fertility, reproductive health",23,0.0108161593553355,0.928744626254531,-0.151444040607917,0.477261369315342,0.780901216058637
"admin2",0,"S0_none","Malawi","child_zinc","Food fortification and supplementation",6,0.00695735037522667,0.601423187081216,-0.595388638269687,0.675162418790605,0.81984007996002
"admin2",0,"S0_none","Malawi","child_zinc","Healthcare access",6,0.019298580804103,1.64977895287554,0.651154391393146,0.172913543228386,0.780901216058637
"admin2",0,"S0_none","Malawi","child_zinc","Household assets and characteristics",12,0.00758147201862831,0.640170998599767,-0.402902043059789,0.551224387806097,0.780901216058637
"admin2",0,"S0_none","Malawi","child_zinc","Infant and child morbidity/mortality",37,0.00710959111718493,0.602608438537683,-1.19985864993844,0.915542228885557,0.95952023988006
"admin2",0,"S0_none","Malawi","child_zinc","Malaria incidence and treatment",23,0.0233278160340828,1.99559576031311,1.71730398585205,0.0619690154922539,0.780901216058637
"admin2",0,"S0_none","Malawi","child_zinc","Ruralness, population density, built environment",9,0.0100000076063098,0.846345380716985,-0.134195626560114,0.374812593703148,0.780901216058637
"admin2",0,"S0_none","Malawi","child_zinc","Soil characteristics",45,0.0108551019701327,0.931627857518145,-0.132937063795883,0.457771114442779,0.780901216058637
"admin2",0,"S0_none","Malawi","child_zinc","Water and sanitation",8,0.0158003619895608,1.34297526845659,0.525546635803713,0.238380809595202,0.780901216058637
"admin2",0,"S0_none","Gambia","child_vitA","Adult and maternal mortality",9,0.0492938910657946,1.42211568134689,0.692443981709541,0.214392803598201,0.386212299255778
"admin2",0,"S0_none","Gambia","child_vitA","Adult nutrition",9,0.118608257610146,3.43517244165743,3.86762063889644,0.00749625187406297,0.0483091787439614
"admin2",0,"S0_none","Gambia","child_vitA","Agricultural production, land use",81,0.143655701891273,4.27159865887696,6.15121474365536,0.000999500249875062,0.00966183574879227
"admin2",0,"S0_none","Gambia","child_vitA","Built environment",12,0.0970966705593129,2.85869147588824,3.19978704948041,0.0119940029985007,0.0535117056856187
"admin2",0,"S0_none","Gambia","child_vitA","Climate and weather",41,0.236224487493554,7.00878921229443,7.85840589114794,0.000499750124937531,0.0072463768115942
"admin2",0,"S0_none","Gambia","child_vitA","Dietary diversity",11,0.042873986567346,1.23672476582035,0.341974562373554,0.254872563718141,0.386473429951691
"admin2",0,"S0_none","Gambia","child_vitA","Ecosystem productivity/greenness",16,0.065743756483567,1.94099031722261,1.21051248826179,0.107446276861569,0.249275362318841
"admin2",0,"S0_none","Gambia","child_vitA","Education, employment, SES",9,0.251882472030853,7.2999305951213,7.78262462656537,0.000499750124937531,0.0072463768115942
"admin2",0,"S0_none","Gambia","child_vitA","Fertility, reproductive health",23,0.129951862485076,3.76439333724973,5.46465320123844,0.000999500249875062,0.00966183574879227
"admin2",0,"S0_none","Gambia","child_vitA","Food fortification and supplementation",6,0.0343517532483474,0.98816787269641,-0.0143254594548951,0.370314842578711,0.523860021208908
"admin2",0,"S0_none","Gambia","child_vitA","Healthcare access",6,0.0448278780264037,1.32199110542546,0.369133386041669,0.239880059970015,0.386212299255778
"admin2",0,"S0_none","Gambia","child_vitA","Household assets and characteristics",12,0.137101457420572,3.99016220879491,3.30352061989146,0.0149925037481259,0.0561594202898551
"admin2",0,"S0_none","Gambia","child_vitA","Infant and child morbidity/mortality",37,0.0350817179905141,1.01857799194847,0.0516757434868165,0.423288355822089,0.577687900235929
"admin2",0,"S0_none","Gambia","child_vitA","Malaria incidence and treatment",23,0.177915527909368,5.14350057600063,6.03108815963124,0.000499750124937531,0.0072463768115942
"admin2",0,"S0_none","Gambia","child_vitA","Ruralness, population density, built environment",9,0.164252326524222,4.73069116424401,3.38683886654364,0.0149925037481259,0.0561594202898551
"admin2",0,"S0_none","Gambia","child_vitA","Soil characteristics",45,0.183396506168878,5.43620139041092,6.9627966448814,0.000499750124937531,0.0072463768115942
"admin2",0,"S0_none","Gambia","child_vitA","Water and sanitation",9,0.049203439185947,1.42479419805772,0.749773942178486,0.187406296851574,0.350631136044881
"admin2",0,"S0_none","Malawi","women_folate","Adult and maternal mortality",9,0.00647896261953478,0.552210113341577,-0.603066095678579,0.703148425787106,0.739207319417215
"admin2",0,"S0_none","Malawi","women_folate","Adult nutrition",8,0.0239712055093016,2.06170313386131,1.84996099525207,0.0529735132433783,0.189530234882559
"admin2",0,"S0_none","Malawi","women_folate","Agricultural production, land use",80,0.0428306313238174,3.72527302815524,5.9907589804279,0.000999500249875062,0.0204897551224388
"admin2",0,"S0_none","Malawi","women_folate","Built environment",12,0.0513663570479246,4.46776201952964,5.55733686054283,0.00199900049975012,0.0204897551224388
"admin2",0,"S0_none","Malawi","women_folate","Climate and weather",41,0.0777238691158702,6.72107294404232,7.78232640669901,0.000499750124937531,0.0204897551224388
"admin2",0,"S0_none","Malawi","women_folate","Dietary diversity",11,0.0170406178333032,1.47304959381678,0.708502527924363,0.166916541729135,0.311071736858843
"admin2",0,"S0_none","Malawi","women_folate","Ecosystem productivity/greenness",16,0.0284504317004421,2.45136769453309,1.79566562677295,0.055472263868066,0.189530234882559
"admin2",0,"S0_none","Malawi","women_folate","Education, employment, SES",8,0.0286422522295947,2.43243584711172,1.63036505464288,0.0709645177411294,0.193969681825754
"admin2",0,"S0_none","Malawi","women_folate","Fertility, reproductive health",23,0.0191390840828643,1.65711230215069,1.39525588074008,0.0939530234882559,0.214004109056583
"admin2",0,"S0_none","Malawi","women_folate","Food fortification and supplementation",6,0.0228013112821266,1.93811202604578,1.43543173111153,0.088455772113943,0.21333450921598
"admin2",0,"S0_none","Malawi","women_folate","Healthcare access",6,0.0327499173891361,2.7713248969993,1.79036311079344,0.063968015992004,0.193969681825754
"admin2",0,"S0_none","Malawi","women_folate","Household assets and characteristics",12,0.0327253226067006,2.81848551800466,2.13977318574327,0.0414792603698151,0.189530234882559
"admin2",0,"S0_none","Malawi","women_folate","Infant and child morbidity/mortality",37,0.0212563404817409,1.84277643811172,2.57620060139312,0.0164917541229385,0.0995216677375598
"admin2",0,"S0_none","Malawi","women_folate","Malaria incidence and treatment",23,0.0245480036740352,2.1094947960131,1.92973758695441,0.0539730134932534,0.189530234882559
"admin2",0,"S0_none","Malawi","women_folate","Ruralness, population density, built environment",9,0.0148146194874385,1.34378154422742,0.298311855502923,0.236381809095452,0.421376268387545
"admin2",0,"S0_none","Malawi","women_folate","Soil characteristics",45,0.0435239270562924,3.77016143355219,5.53101508826638,0.00149925037481259,0.0204897551224388
"admin2",0,"S0_none","Malawi","women_folate","Water and sanitation",8,0.00797099953074633,0.690785802574267,-0.454461553974668,0.613193403298351,0.661603408821905
"admin2",0,"S0_none","Malawi","women_b12","Adult and maternal mortality",9,0.0416808322262442,3.564224523206,3.44491039724336,0.0124937531234383,0.0499750124937531
"admin2",0,"S0_none","Malawi","women_b12","Adult nutrition",8,0.0173384315948943,1.48600088720723,0.885063273814128,0.16391804097951,0.187334903976583
"admin2",0,"S0_none","Malawi","women_b12","Agricultural production, land use",80,0.019634401900109,1.70768278597455,1.56497994164569,0.0729635182408796,0.110062615750948
"admin2",0,"S0_none","Malawi","women_b12","Built environment",12,0.0318108082068349,2.77106367485936,2.88648662321027,0.0199900049975013,0.0586373479926703
"admin2",0,"S0_none","Malawi","women_b12","Climate and weather",41,0.0271941861862541,2.41079741153769,1.89430029123034,0.0569715142428786,0.110062615750948
"admin2",0,"S0_none","Malawi","women_b12","Dietary diversity",11,0.0336709289900211,2.9079101466594,2.7919993406979,0.0219890054972514,0.0586373479926703
"admin2",0,"S0_none","Malawi","women_b12","Ecosystem productivity/greenness",16,0.0064604747685367,0.564086087923418,-0.564658792229819,0.681159420289855,0.681159420289855
"admin2",0,"S0_none","Malawi","women_b12","Education, employment, SES",8,0.0277107965437924,2.42502616323855,1.59443262611982,0.0734632683658171,0.110062615750948
"admin2",0,"S0_none","Malawi","women_b12","Fertility, reproductive health",23,0.0318836119138444,2.78027899022337,3.83290252810475,0.00749625187406297,0.0359820089955022
"admin2",0,"S0_none","Malawi","women_b12","Food fortification and supplementation",6,0.0189563068706301,1.63494170289518,0.958432639797092,0.156421789105447,0.187334903976583
"admin2",0,"S0_none","Malawi","women_b12","Healthcare access",6,0.0293501415875491,2.48538145730104,1.4657761219062,0.0779610194902549,0.110062615750948
"admin2",0,"S0_none","Malawi","women_b12","Household assets and characteristics",12,0.0604320731981494,5.17112172874105,4.77412142633643,0.00449775112443778,0.0359820089955022
"admin2",0,"S0_none","Malawi","women_b12","Infant and child morbidity/mortality",37,0.0137150620052901,1.18126639016021,0.539013924133426,0.262868565717141,0.286765708055063
"admin2",0,"S0_none","Malawi","women_b12","Malaria incidence and treatment",23,0.0327139954454925,2.85437479861025,3.11074224731025,0.0149925037481259,0.0514028699935746
"admin2",0,"S0_none","Malawi","women_b12","Ruralness, population density, built environment",9,0.0358239896048269,3.10840519050146,1.89577546475536,0.0544727636181909,0.110062615750948
"admin2",0,"S0_none","Malawi","women_b12","Soil characteristics",45,0.0327145427649323,2.82089149739944,3.61332508719939,0.00699650174912544,0.0359820089955022
"admin2",0,"S0_none","Malawi","women_b12","Water and sanitation",8,0.020680990239502,1.77283050742817,1.23315954184189,0.103948025987006,0.131302769667798
"admin2",0,"S0_none","Malawi","child_iron","Adult and maternal mortality",9,0.0105486438233577,0.937573692820753,-0.0874678248020919,0.418290854572714,0.509057971014493
"admin2",0,"S0_none","Malawi","child_iron","Adult nutrition",8,0.0254646419196488,2.17917033099043,2.09980461961015,0.04047976011994,0.0939130434782608
"admin2",0,"S0_none","Malawi","child_iron","Agricultural production, land use",80,0.0173245692934647,1.49040369542143,1.07672807195489,0.122438780609695,0.205383022774327
"admin2",0,"S0_none","Malawi","child_iron","Built environment",12,0.030200514506336,2.60616677285574,2.62700072144839,0.0204897551224388,0.0540184453227931
"admin2",0,"S0_none","Malawi","child_iron","Climate and weather",41,0.00873435017357485,0.76189972351703,-0.31106978725903,0.511244377811094,0.570234113712375
"admin2",0,"S0_none","Malawi","child_iron","Dietary diversity",11,0.0246262741593131,2.12943313625238,1.66477713982864,0.0684657671164418,0.132367149758454
"admin2",0,"S0_none","Malawi","child_iron","Ecosystem productivity/greenness",16,0.0158748696431892,1.34755078169079,0.450095906070053,0.23688155922039,0.335100742311771
"admin2",0,"S0_none","Malawi","child_iron","Education, employment, SES",8,0.0836835655285575,7.3109328037443,6.98678834323892,0.000999500249875062,0.0072463768115942
"admin2",0,"S0_none","Malawi","child_iron","Fertility, reproductive health",23,0.0333270556598514,2.82697429570687,3.91700142880169,0.00649675162418791,0.0235507246376812
"admin2",0,"S0_none","Malawi","child_iron","Food fortification and supplementation",6,0.0145847051261864,1.2547565360121,0.347504403893847,0.272363818090955,0.344675488342785
"admin2",0,"S0_none","Malawi","child_iron","Healthcare access",6,0.0509531806691297,4.23885693063948,3.20791576507618,0.0189905047476262,0.0524499654934438
"admin2",0,"S0_none","Malawi","child_iron","Household assets and characteristics",12,0.0987171144950543,8.55191120305436,8.56337167883271,0.000499750124937531,0.00579710144927536
"admin2",0,"S0_none","Malawi","child_iron","Infant and child morbidity/mortality",37,0.0136153561584734,1.16514588369146,0.497966488414958,0.263868065967017,0.344675488342785
"admin2",0,"S0_none","Malawi","child_iron","Malaria incidence and treatment",23,0.0144078118330374,1.23633891413572,0.417494444737008,0.272363818090955,0.344675488342785
"admin2",0,"S0_none","Malawi","child_iron","Ruralness, population density, built environment",9,0.0362026358348355,3.18960985538969,1.95511934820791,0.0499750124937531,0.111482720178372
"admin2",0,"S0_none","Malawi","child_iron","Soil characteristics",45,0.0161665372900812,1.36163805125687,0.701397075829347,0.20039980009995,0.298030471943515
"admin2",0,"S0_none","Malawi","child_iron","Water and sanitation",8,0.0476558849774178,4.08154373446952,4.75600685250229,0.00349825087456272,0.0156075808249721
"admin2",0,"S0_none","Malawi","women_iron","Adult and maternal mortality",9,0.00931739533912866,0.789571852611892,-0.279127318975218,0.51824087956022,0.613427979887607
"admin2",0,"S0_none","Malawi","women_iron","Adult nutrition",8,0.0118335050474419,1.02094806549974,0.038503617096596,0.411794102948526,0.530756843800322
"admin2",0,"S0_none","Malawi","women_iron","Agricultural production, land use",80,0.0112547351029308,0.973909839474436,-0.056648640004982,0.425787106446777,0.536862003780718
"admin2",0,"S0_none","Malawi","women_iron","Built environment",12,0.0131117404632815,1.14485245296246,0.228490778559316,0.310344827586207,0.45
"admin2",0,"S0_none","Malawi","women_iron","Climate and weather",41,0.0101963804141161,0.89451063115025,-0.145544171622421,0.435782108945527,0.53777366635831
"admin2",0,"S0_none","Malawi","women_iron","Dietary diversity",11,0.0134607558216979,1.15828156373539,0.235343149737304,0.291854072963518,0.445461479786423
"admin2",0,"S0_none","Malawi","women_iron","Ecosystem productivity/greenness",16,0.00246210404923872,0.209935373992711,-1.00714694765871,0.966016991504248,0.966016991504248
"admin2",0,"S0_none","Malawi","women_iron","Education, employment, SES",8,0.0488007209352776,4.2186981973382,3.55693818876634,0.0149925037481259,0.051150895140665
"admin2",0,"S0_none","Malawi","women_iron","Fertility, reproductive health",23,0.0235110762494294,1.99191920159164,2.11348061708025,0.0399800099950025,0.0966183574879227
"admin2",0,"S0_none","Malawi","women_iron","Food fortification and supplementation",6,0.00735882336639199,0.635529859733294,-0.525297033327803,0.660169915042479,0.722450095706864
"admin2",0,"S0_none","Malawi","women_iron","Healthcare access",6,0.0657173332139959,5.65516252155771,4.83583168864137,0.00349825087456272,0.0202898550724638
"admin2",0,"S0_none","Malawi","women_iron","Household assets and characteristics",12,0.0472810659375375,4.0073156169289,3.4866680907238,0.0129935032483758,0.0471014492753623
"admin2",0,"S0_none","Malawi","women_iron","Infant and child morbidity/mortality",37,0.0148830830553529,1.28108806662712,0.863695591954309,0.176411794102949,0.298136645962733
"admin2",0,"S0_none","Malawi","women_iron","Malaria incidence and treatment",23,0.0249857792788735,2.1189301200153,1.92919423628124,0.0544727636181909,0.121516164994426
"admin2",0,"S0_none","Malawi","women_iron","Ruralness, population density, built environment",9,0.0247020246138229,2.1474051029238,1.03965903650741,0.124937531234383,0.233754090696587
"admin2",0,"S0_none","Malawi","women_iron","Soil characteristics",45,0.0137214624650301,1.18312304286868,0.362093679531825,0.278860569715142,0.438699569134352
"admin2",0,"S0_none","Malawi","women_iron","Water and sanitation",8,0.0238186066406863,2.04724405190789,1.6620539926653,0.0659670164917541,0.136645962732919
"admin2",0,"S0_none","Gambia","child_iron","Adult and maternal mortality",9,0.0108090345453105,0.30987684407377,-1.05492116896171,0.903548225887057,0.923468090516146
"admin2",0,"S0_none","Gambia","child_iron","Adult nutrition",9,0.0611013793996874,1.72972749232245,1.15974105673972,0.111444277861069,0.203776899429073
"admin2",0,"S0_none","Gambia","child_iron","Agricultural production, land use",81,0.116215914539358,3.36574243721236,4.31991826780809,0.00399800099950025,0.0165631469979296
"admin2",0,"S0_none","Gambia","child_iron","Built environment",12,0.103922348489718,2.99083737483885,3.30659441664996,0.0109945027486257,0.0318840579710145
"admin2",0,"S0_none","Gambia","child_iron","Climate and weather",41,0.175119523670153,5.07603447518757,5.33400169551493,0.00249875062468766,0.0144927536231884
"admin2",0,"S0_none","Gambia","child_iron","Dietary diversity",11,0.147250698564467,4.22088147336138,4.848631903668,0.00349825087456272,0.0156075808249721
"admin2",0,"S0_none","Gambia","child_iron","Ecosystem productivity/greenness",16,0.0654396995200685,1.86157978287568,1.05962951846775,0.115942028985507,0.203776899429073
"admin2",0,"S0_none","Gambia","child_iron","Education, employment, SES",9,0.255341558827293,7.31783082541492,7.70453281614751,0.000999500249875062,0.0072463768115942
"admin2",0,"S0_none","Gambia","child_iron","Fertility, reproductive health",23,0.128020957595248,3.66929907570915,5.14914911738354,0.00199900049975012,0.0128824476650564
"admin2",0,"S0_none","Gambia","child_iron","Food fortification and supplementation",6,0.00775544301413006,0.223365134359472,-0.948862079885854,0.907546226886557,0.923468090516146
"admin2",0,"S0_none","Gambia","child_iron","Healthcare access",6,0.0586803356811042,1.69530203068097,0.847870650049256,0.15392303848076,0.241284763023893
"admin2",0,"S0_none","Gambia","child_iron","Household assets and characteristics",12,0.155112424287442,4.39874649575602,3.83192366535351,0.0104947526236882,0.0318840579710145
"admin2",0,"S0_none","Gambia","child_iron","Infant and child morbidity/mortality",37,0.0344810815460824,0.988061019857685,-0.0332459764613006,0.444777611194403,0.521159420289855
"admin2",0,"S0_none","Gambia","child_iron","Malaria incidence and treatment",23,0.139550852283533,3.97172132165816,4.33863686300001,0.00349825087456272,0.0156075808249721
"admin2",0,"S0_none","Gambia","child_iron","Ruralness, population density, built environment",9,0.19284621118423,5.29301135639679,3.9350206827604,0.00899550224887556,0.0289855072463768
"admin2",0,"S0_none","Gambia","child_iron","Soil characteristics",45,0.108494867308406,3.1598206203908,3.47742215014353,0.00749625187406297,0.0255754475703325
"admin2",0,"S0_none","Gambia","child_iron","Water and sanitation",9,0.0710057014088901,2.04300569956402,1.76510275287288,0.0599700149925037,0.119940029985007
"admin2",0,"S0_none","Malawi","women_vitA","Adult and maternal mortality",9,0.00336939409375627,0.28913103369936,-0.9540066418951,0.905047476261869,0.96231884057971
"admin2",0,"S0_none","Malawi","women_vitA","Adult nutrition",8,0.00532437709560684,0.447792680386425,-1.01053318133869,0.871564217891054,0.96231884057971
"admin2",0,"S0_none","Malawi","women_vitA","Agricultural production, land use",80,0.00779825841387348,0.673138308835903,-0.736368717950199,0.772113943028486,0.913930789707187
"admin2",0,"S0_none","Malawi","women_vitA","Built environment",12,0.00346906507966067,0.296167514840721,-1.14075608013381,0.944027986006997,0.977743271221532
"admin2",0,"S0_none","Malawi","women_vitA","Climate and weather",41,0.0230008217104238,1.97821370446145,1.33422260070892,0.103948025987006,0.542443064182195
"admin2",0,"S0_none","Malawi","women_vitA","Dietary diversity",11,0.0203725367306399,1.72630342204468,1.04186774788889,0.124937531234383,0.542443064182195
"admin2",0,"S0_none","Malawi","women_vitA","Ecosystem productivity/greenness",16,0.00505061642481726,0.443550519160459,-0.685427833537221,0.771114442778611,0.913930789707187
"admin2",0,"S0_none","Malawi","women_vitA","Education, employment, SES",8,0.0113011374961527,0.986861970876387,-0.0155034402042268,0.380809595202399,0.788819875776398
"admin2",0,"S0_none","Malawi","women_vitA","Fertility, reproductive health",23,0.0142948053599231,1.24417008865832,0.547388149941627,0.244377811094453,0.745995423340961
"admin2",0,"S0_none","Malawi","women_vitA","Food fortification and supplementation",6,0.0084337356224292,0.740191600807304,-0.381992982886829,0.576711644177911,0.899257688229056
"admin2",0,"S0_none","Malawi","women_vitA","Healthcare access",6,0.00688559645055804,0.610164715728337,-0.41199557977382,0.548225887056472,0.883252818035427
"admin2",0,"S0_none","Malawi","women_vitA","Household assets and characteristics",12,0.0113199038574303,0.983319077871495,-0.0196151914226891,0.35232383808096,0.785953177257525
"admin2",0,"S0_none","Malawi","women_vitA","Infant and child morbidity/mortality",37,0.0108974691884857,0.928202336555083,-0.212068150367149,0.532733633183408,0.882815734989648
"admin2",0,"S0_none","Malawi","women_vitA","Malaria incidence and treatment",23,0.00787709615079733,0.670504695977437,-0.568333905500414,0.668665667166417,0.900527009222661
"admin2",0,"S0_none","Malawi","women_vitA","Ruralness, population density, built environment",9,0.0081869500450273,0.676472934608148,-0.286305235742745,0.457771114442779,0.804567413263065
"admin2",0,"S0_none","Malawi","women_vitA","Soil characteristics",45,0.00863019792747853,0.746385134257759,-0.512733415469998,0.635182408795602,0.899257688229056
"admin2",0,"S0_none","Malawi","women_vitA","Water and sanitation",8,0.0062436878203197,0.538057473699348,-0.720380374565688,0.75712143928036,0.913930789707187
"admin2",0,"S0_none","Malawi","women_zinc","Adult and maternal mortality",9,0.00726970630016211,0.626509140455484,-0.513172395326562,0.640179910044978,0.966922788605697
"admin2",0,"S0_none","Malawi","women_zinc","Adult nutrition",8,0.00570613194976331,0.495980019594219,-0.909747015979897,0.847076461769115,0.966922788605697
"admin2",0,"S0_none","Malawi","women_zinc","Agricultural production, land use",80,0.0067685509819602,0.581057696436842,-0.98320536963895,0.870564717641179,0.966922788605697
"admin2",0,"S0_none","Malawi","women_zinc","Built environment",12,0.0056066430496594,0.485634280640728,-0.816716409111045,0.817091454272864,0.966922788605697
"admin2",0,"S0_none","Malawi","women_zinc","Climate and weather",41,0.00631754778926349,0.538731921631532,-0.64785798440292,0.701649175412294,0.966922788605697
"admin2",0,"S0_none","Malawi","women_zinc","Dietary diversity",11,0.00969538274361502,0.827970805095073,-0.24626576044522,0.487756121939031,0.966922788605697
"admin2",0,"S0_none","Malawi","women_zinc","Ecosystem productivity/greenness",16,0.00336504113760967,0.290104921433426,-0.892064561283929,0.910044977511244,0.966922788605697
"admin2",0,"S0_none","Malawi","women_zinc","Education, employment, SES",8,0.00321131266819366,0.288330697019771,-0.810656049653837,0.857571214392804,0.966922788605697
"admin2",0,"S0_none","Malawi","women_zinc","Fertility, reproductive health",23,0.0111145463464881,0.957120116989752,-0.0896388392034719,0.450774612693653,0.966922788605697
"admin2",0,"S0_none","Malawi","women_zinc","Food fortification and supplementation",6,0.0197912382101823,1.72553168161384,1.04562548163583,0.139430284857571,0.966922788605697
"admin2",0,"S0_none","Malawi","women_zinc","Healthcare access",6,0.000740209718605926,0.0641780072265748,-0.961969850972545,0.992003998000999,0.992003998000999
"admin2",0,"S0_none","Malawi","women_zinc","Household assets and characteristics",12,0.00721278822165079,0.640276670148489,-0.432843003190965,0.571714142928536,0.966922788605697
"admin2",0,"S0_none","Malawi","women_zinc","Infant and child morbidity/mortality",37,0.0112822171160819,0.968513902181357,-0.0958460054360272,0.472263868065967,0.966922788605697
"admin2",0,"S0_none","Malawi","women_zinc","Malaria incidence and treatment",23,0.00880742156893726,0.759987392315293,-0.413369632919275,0.592203898050975,0.966922788605697
"admin2",0,"S0_none","Malawi","women_zinc","Ruralness, population density, built environment",9,0.0054557687173037,0.460124932086798,-0.474931191226796,0.594202898550725,0.966922788605697
"admin2",0,"S0_none","Malawi","women_zinc","Soil characteristics",45,0.00582725444637834,0.499854221232093,-1.00194328222614,0.875062468765617,0.966922788605697
"admin2",0,"S0_none","Malawi","women_zinc","Water and sanitation",8,0.0105165306151136,0.903228871581869,-0.148937019030351,0.461769115442279,0.966922788605697
"admin2",0,"S0_none","Gambia","women_iron","Adult and maternal mortality",9,0.0402922961201284,1.16545397162299,0.266444515242568,0.320339830084958,0.453163662071403
"admin2",0,"S0_none","Gambia","women_iron","Adult nutrition",9,0.118966653824322,3.40538029663142,3.91460193677133,0.00499750124937531,0.0241545893719807
"admin2",0,"S0_none","Gambia","women_iron","Agricultural production, land use",81,0.177965277191118,5.2797375781785,7.851342327751,0.000499750124937531,0.0041407867494824
"admin2",0,"S0_none","Gambia","women_iron","Built environment",12,0.146877800550064,4.32910359730212,5.63713752435832,0.000999500249875062,0.00644122383252818
"admin2",0,"S0_none","Gambia","women_iron","Climate and weather",41,0.309851297185532,9.23844053704881,10.676829987671,0.000499750124937531,0.0041407867494824
"admin2",0,"S0_none","Gambia","women_iron","Dietary diversity",11,0.0709010184896898,2.05089283276159,1.49999083648954,0.0814592703648176,0.162918540729635
"admin2",0,"S0_none","Gambia","women_iron","Ecosystem productivity/greenness",16,0.0933954844509728,2.76692294818422,2.23303847177212,0.039480259870065,0.0966183574879227
"admin2",0,"S0_none","Gambia","women_iron","Education, employment, SES",9,0.337005792318385,9.72513326533495,10.4948472516895,0.000499750124937531,0.0041407867494824
"admin2",0,"S0_none","Gambia","women_iron","Fertility, reproductive health",23,0.185930120676625,5.35712891967768,8.56877754319836,0.000499750124937531,0.0041407867494824
"admin2",0,"S0_none","Gambia","women_iron","Food fortification and supplementation",6,0.0349293401492188,0.996858489374071,-0.00384877645815296,0.367816091954023,0.496124031007752
"admin2",0,"S0_none","Gambia","women_iron","Healthcare access",6,0.121266324336001,3.56436138176767,2.9821816808528,0.0199900049975013,0.061022120518688
"admin2",0,"S0_none","Gambia","women_iron","Household assets and characteristics",12,0.217915831202401,6.52648204544936,6.23095799295173,0.000499750124937531,0.0041407867494824
"admin2",0,"S0_none","Gambia","women_iron","Infant and child morbidity/mortality",37,0.0480279828289991,1.39563805075014,1.13537074285902,0.124437781109445,0.233754090696587
"admin2",0,"S0_none","Gambia","women_iron","Malaria incidence and treatment",23,0.221762397465388,6.50144321095296,8.09506104896044,0.000499750124937531,0.0041407867494824
"admin2",0,"S0_none","Gambia","women_iron","Ruralness, population density, built environment",9,0.278366344649536,8.21274705116475,6.75276178560619,0.000999500249875062,0.00644122383252818
"admin2",0,"S0_none","Gambia","women_iron","Soil characteristics",45,0.237564958796886,7.0050536364069,9.65986812930785,0.000499750124937531,0.0041407867494824
"admin2",0,"S0_none","Gambia","women_iron","Water and sanitation",9,0.0769382773786166,2.24007495975073,2.22133615655385,0.0339830084957521,0.0938578329882678
"admin2",0,"S0_none","Gambia","women_vitA","Adult and maternal mortality",9,0.033112868762253,0.94684566413275,-0.0844058437772968,0.440779610194903,0.804567413263065
"admin2",0,"S0_none","Gambia","women_vitA","Adult nutrition",9,0.0928229822350925,2.7147001936474,2.79088613332005,0.0224887556221889,0.186335403726708
"admin2",0,"S0_none","Gambia","women_vitA","Agricultural production, land use",81,0.0864316076350764,2.5123222670877,2.79799755786549,0.0209895052473763,0.186335403726708
"admin2",0,"S0_none","Gambia","women_vitA","Built environment",12,0.0556300705886817,1.62894510481699,1.08832584429084,0.130934532733633,0.542443064182195
"admin2",0,"S0_none","Gambia","women_vitA","Climate and weather",41,0.173951622553097,5.05361801190577,5.20128734435414,0.00349825087456272,0.0676328502415459
"admin2",0,"S0_none","Gambia","women_vitA","Dietary diversity",11,0.0351055682376412,1.02495595950142,0.038177514433528,0.36631684157921,0.786902844873859
"admin2",0,"S0_none","Gambia","women_vitA","Ecosystem productivity/greenness",16,0.0931623562122438,2.74002469235591,2.18092281251892,0.0399800099950025,0.289855072463768
"admin2",0,"S0_none","Gambia","women_vitA","Education, employment, SES",9,0.173603234415311,5.00529642691647,4.62033209869266,0.00349825087456272,0.0676328502415459
"admin2",0,"S0_none","Gambia","women_vitA","Fertility, reproductive health",23,0.0921697435873208,2.67217034415721,3.14462268108233,0.0134932533733133,0.156521739130435
"admin2",0,"S0_none","Gambia","women_vitA","Food fortification and supplementation",6,0.0400067293833468,1.14576290994761,0.171104209380174,0.307346326836582,0.785953177257525
"admin2",0,"S0_none","Gambia","women_vitA","Healthcare access",6,0.0898954191841209,2.61761320935403,1.88698192394049,0.0574712643678161,0.37037037037037
"admin2",0,"S0_none","Gambia","women_vitA","Household assets and characteristics",12,0.058597059477014,1.71638879093248,0.793776514209817,0.154422788605697,0.571184995737425
"admin2",0,"S0_none","Gambia","women_vitA","Infant and child morbidity/mortality",37,0.0271265082738308,0.785998600038587,-0.582319507386786,0.683158420789605,0.900527009222661
"admin2",0,"S0_none","Gambia","women_vitA","Malaria incidence and treatment",23,0.128625006130622,3.71410509533168,3.84767705843133,0.00699650174912544,0.101449275362319
"admin2",0,"S0_none","Gambia","women_vitA","Ruralness, population density, built environment",9,0.0341973125971952,1.01028994137193,0.00932556829104411,0.32383808095952,0.785953177257525
"admin2",0,"S0_none","Gambia","women_vitA","Soil characteristics",45,0.144915715263033,4.17436399399064,4.9949892231323,0.00249875062468766,0.0676328502415459
"admin2",0,"S0_none","Gambia","women_vitA","Water and sanitation",9,0.0574442330420056,1.69810602708287,1.23868050541007,0.114442778610695,0.542443064182195
"admin2",0,"S0_none","Ghana","women_iron","Agricultural production, land use",64,0.0454928044471354,3.3845293905813,3.61842546389229,0.00749625187406297,0.0334448160535117
"admin2",0,"S0_none","Ghana","women_iron","Built environment",10,0.0437578461139723,3.32545226693641,3.43503378138537,0.0104947526236882,0.0405797101449275
"admin2",0,"S0_none","Ghana","women_iron","Climate and weather",41,0.0634907897946251,4.63004209945371,4.66987629146329,0.00449775112443778,0.0237154150197628
"admin2",0,"S0_none","Ghana","women_iron","Ecosystem productivity/greenness",14,0.053442885106568,3.98660948750292,3.25923584675488,0.0164917541229385,0.0531400966183575
"admin2",0,"S0_none","Ghana","women_iron","Malaria incidence and treatment",23,0.0353801772616277,2.66061954328414,2.29241852022858,0.0324837581209395,0.0938578329882678
"admin2",0,"S0_none","Ghana","women_iron","Ruralness, population density, built environment",9,0.0156009747325239,1.19165837243779,0.160979211867508,0.279860069965017,0.438699569134352
"admin2",0,"S0_none","Ghana","women_iron","Soil characteristics",38,0.047028497625383,3.47015816067334,3.76418474093068,0.00949525237381309,0.0393374741200828
"admin2",0,"S0_none","Ghana","women_vitA","Agricultural production, land use",64,0.0231813499704419,1.69984673129049,1.12359277097282,0.12343828085957,0.542443064182195
"admin2",0,"S0_none","Ghana","women_vitA","Built environment",10,0.00852879593288003,0.623836619558847,-0.580809825484103,0.670664667666167,0.900527009222661
"admin2",0,"S0_none","Ghana","women_vitA","Climate and weather",41,0.0221147297884607,1.59670232429672,0.829946586840035,0.161419290354823,0.571184995737425
"admin2",0,"S0_none","Ghana","women_vitA","Ecosystem productivity/greenness",14,0.0209170542255211,1.53856706965212,0.606908866711331,0.196901549225387,0.634460547504026
"admin2",0,"S0_none","Ghana","women_vitA","Malaria incidence and treatment",23,0.0162757758341049,1.19676999731574,0.2804403515584,0.287856071964018,0.785953177257525
"admin2",0,"S0_none","Ghana","women_vitA","Ruralness, population density, built environment",9,0.00500417313195844,0.366405643628006,-0.546821147994403,0.620689655172414,0.899257688229056
"admin2",0,"S0_none","Ghana","women_vitA","Soil characteristics",38,0.0200249778299492,1.46451126050289,0.752628570733172,0.167416291854073,0.571184995737425
"admin2",0,"S0_none","Ghana","women_folate","Agricultural production, land use",64,0.0406516507233573,3.01592895267049,3.05549660052437,0.0169915042478761,0.0995216677375598
"admin2",0,"S0_none","Ghana","women_folate","Built environment",10,0.0214071318907447,1.59081211292018,0.887095408597075,0.152423788105947,0.297589300587801
"admin2",0,"S0_none","Ghana","women_folate","Climate and weather",41,0.0299571788781478,2.18348535017554,1.50533259265572,0.0794602698650675,0.203616941529235
"admin2",0,"S0_none","Ghana","women_folate","Ecosystem productivity/greenness",14,0.0143467330534671,1.07491222631023,0.0801241658061612,0.31784107946027,0.501210932995041
"admin2",0,"S0_none","Ghana","women_folate","Malaria incidence and treatment",23,0.0325451771216872,2.4538857745069,1.86197940941186,0.055472263868066,0.189530234882559
"admin2",0,"S0_none","Ghana","women_folate","Ruralness, population density, built environment",9,0.0413780823893643,3.10326651982941,1.72776330869201,0.0704647676161919,0.193969681825754
"admin2",0,"S0_none","Ghana","women_folate","Soil characteristics",38,0.0449221836523716,3.27215064454718,3.62764806965375,0.00849575212393803,0.0696651674162918
"admin2",0,"S0_none","Ghana","women_b12","Agricultural production, land use",64,0.0480124892659999,3.56846009010905,4.0927240574232,0.00549725137431284,0.0359820089955022
"admin2",0,"S0_none","Ghana","women_b12","Built environment",10,0.0264734429708526,1.9465036237513,1.39936652288238,0.0969515242378811,0.129268698983841
"admin2",0,"S0_none","Ghana","women_b12","Climate and weather",41,0.0291069266037737,2.15533040151196,1.5590524805184,0.0749625187406297,0.110062615750948
"admin2",0,"S0_none","Ghana","women_b12","Ecosystem productivity/greenness",14,0.0153653833153264,1.14046231625744,0.148652053510333,0.294852573713143,0.307672250831106
"admin2",0,"S0_none","Ghana","women_b12","Malaria incidence and treatment",23,0.0332306726775362,2.49043156365603,1.99861846117155,0.0509745127436282,0.110062615750948
"admin2",0,"S0_none","Ghana","women_b12","Ruralness, population density, built environment",9,0.0421360438778605,3.21566230661951,1.80396032241952,0.0634682658670665,0.110062615750948
"admin2",0,"S0_none","Ghana","women_b12","Soil characteristics",38,0.0516579338799936,3.85768562795912,4.50269184819034,0.00549725137431284,0.0359820089955022
"admin2",0,"S0_none","Ghana","child_iron","Agricultural production, land use",64,0.145582949236901,10.6692896548172,14.6063070549174,0.000499750124937531,0.00579710144927536
"admin2",0,"S0_none","Ghana","child_iron","Built environment",10,0.0787584021711394,5.77132535978298,6.9913118836001,0.000499750124937531,0.00579710144927536
"admin2",0,"S0_none","Ghana","child_iron","Climate and weather",41,0.13981636233978,10.2234306501677,12.2073557442494,0.000499750124937531,0.00579710144927536
"admin2",0,"S0_none","Ghana","child_iron","Ecosystem productivity/greenness",14,0.0644862890369938,4.76541812987135,4.05878301091826,0.00599700149925037,0.0231884057971014
"admin2",0,"S0_none","Ghana","child_iron","Malaria incidence and treatment",23,0.0907359832357385,6.65257951735149,7.46679822622787,0.000999500249875062,0.0072463768115942
"admin2",0,"S0_none","Ghana","child_iron","Ruralness, population density, built environment",9,0.0550868868847871,4.09995824512076,2.50384723810653,0.0379810094952524,0.0917874396135266
"admin2",0,"S0_none","Ghana","child_iron","Soil characteristics",38,0.130803222247051,9.5936803693545,13.5153736440657,0.000499750124937531,0.00579710144927536
"admin2",0,"S0_none","Ghana","child_vitA","Agricultural production, land use",64,0.0415550511125861,3.08124100056114,3.35354820990636,0.0119940029985007,0.0535117056856187
"admin2",0,"S0_none","Ghana","child_vitA","Built environment",10,0.0545291334007733,4.02937140949566,4.61746920646261,0.00199900049975012,0.0165631469979296
"admin2",0,"S0_none","Ghana","child_vitA","Climate and weather",41,0.0479895087587934,3.52103788983073,3.42800972338688,0.0104947526236882,0.0535117056856187
"admin2",0,"S0_none","Ghana","child_vitA","Ecosystem productivity/greenness",14,0.0270267198545051,1.92326529706782,0.997941543680269,0.132433783108446,0.264867566216892
"admin2",0,"S0_none","Ghana","child_vitA","Malaria incidence and treatment",23,0.0448894211689472,3.26723941954602,3.15548847040387,0.0154922538730635,0.0561594202898551
"admin2",0,"S0_none","Ghana","child_vitA","Ruralness, population density, built environment",9,0.0587986805258394,4.27667274715615,2.74667450176152,0.0249875062468766,0.07627765064836
"admin2",0,"S0_none","Ghana","child_vitA","Soil characteristics",38,0.0422071093916346,3.11784118587149,3.43624872246684,0.00949525237381309,0.0535117056856187
"admin2",0,"S0_none","SierraLeone","women_folate","Adult and maternal mortality",9,0.0221245865479477,0.290064170839607,-0.785541215011406,0.831084457771114,0.851861569215392
"admin2",0,"S0_none","SierraLeone","women_folate","Adult nutrition",9,0.021187529062653,0.275914506878494,-1.37919997252347,0.973513243378311,0.973513243378311
"admin2",0,"S0_none","SierraLeone","women_folate","Agricultural production, land use",91,0.0974385147128279,1.25465866128001,0.534705757465269,0.272863568215892,0.447496251874063
"admin2",0,"S0_none","SierraLeone","women_folate","Built environment",13,0.101202505475445,1.31368463465475,0.517726254355043,0.254872563718141,0.435407296351824
"admin2",0,"S0_none","SierraLeone","women_folate","Climate and weather",41,0.0729323915905809,0.93734290478421,-0.100068734951653,0.415792103948026,0.581226053639847
"admin2",0,"S0_none","SierraLeone","women_folate","Dietary diversity",11,0.0624250614685747,0.828360158073895,-0.245151124295175,0.468265867066467,0.588614783517332
"admin2",0,"S0_none","SierraLeone","women_folate","Ecosystem productivity/greenness",16,0.0553886036155828,0.715243673174816,-0.365081867023678,0.532233883058471,0.623473977297066
"admin2",0,"S0_none","SierraLeone","women_folate","Education, employment, SES",9,0.0471791634286848,0.603952172209493,-0.438598697129122,0.567716141929036,0.646565606085846
"admin2",0,"S0_none","SierraLeone","women_folate","Fertility, reproductive health",23,0.0735436208757128,0.950628747967802,-0.0917571523067423,0.440279860069965,0.582305621382857
"admin2",0,"S0_none","SierraLeone","women_folate","Food fortification and supplementation",6,0.0741491409453398,0.961733187996775,-0.0561429302419951,0.425287356321839,0.581226053639847
"admin2",0,"S0_none","SierraLeone","women_folate","Healthcare access",6,0.0568834884919817,0.73782605466514,-0.299360370531858,0.47376311844078,0.588614783517332
"admin2",0,"S0_none","SierraLeone","women_folate","Household assets and characteristics",12,0.0569669211081303,0.727130539269853,-0.336448728484153,0.515742128935532,0.621924331951671
"admin2",0,"S0_none","SierraLeone","women_folate","Infant and child morbidity/mortality",37,0.109572305222555,1.42867250283015,1.04245458178453,0.133433283358321,0.273538230884558
"admin2",0,"S0_none","SierraLeone","women_folate","Malaria incidence and treatment",23,0.0794420203400255,1.02735598943871,0.0411806707752246,0.397801099450275,0.581226053639847
"admin2",0,"S0_none","SierraLeone","women_folate","Ruralness, population density, built environment",9,0.0764131886618335,0.969355019681383,-0.0311311068066318,0.35632183908046,0.541081311196254
"admin2",0,"S0_none","SierraLeone","women_folate","Soil characteristics",45,0.125781105368944,1.64460050101437,1.21777863147747,0.114942528735632,0.248033877797943
"admin2",0,"S0_none","SierraLeone","women_folate","Water and sanitation",8,0.0584936622416573,0.751222770550124,-0.426052588948087,0.602198900549725,0.661603408821905
"admin2",0,"S0_none","SierraLeone","child_vitA","Adult and maternal mortality",9,0.0451870765671981,0.589172917578466,-0.434882261751651,0.551224387806097,0.693802035152636
"admin2",0,"S0_none","SierraLeone","child_vitA","Adult nutrition",9,0.0669713675566252,0.864856553524948,-0.258894615876933,0.531234382808596,0.684702093397746
"admin2",0,"S0_none","SierraLeone","child_vitA","Agricultural production, land use",91,0.0346646784093104,0.447558365880621,-1.18398719971501,0.915542228885557,0.92703648175912
"admin2",0,"S0_none","SierraLeone","child_vitA","Built environment",13,0.0358480183647774,0.473760980945453,-0.885013160301191,0.827086456771614,0.922519509476031
"admin2",0,"S0_none","SierraLeone","child_vitA","Climate and weather",41,0.0281663844776692,0.368280974904019,-1.00906433055693,0.92703648175912,0.92703648175912
"admin2",0,"S0_none","SierraLeone","child_vitA","Dietary diversity",11,0.0990423461756421,1.272109015799,0.397535949617261,0.246376811594203,0.386212299255778
"admin2",0,"S0_none","SierraLeone","child_vitA","Ecosystem productivity/greenness",16,0.0196914313592837,0.25842917894401,-0.945434599571213,0.91304347826087,0.92703648175912
"admin2",0,"S0_none","SierraLeone","child_vitA","Education, employment, SES",9,0.163316981198809,2.08204119620168,1.28383548838043,0.11544227886057,0.255693581780538
"admin2",0,"S0_none","SierraLeone","child_vitA","Fertility, reproductive health",23,0.0588728277618609,0.762086999994761,-0.453974422954175,0.616691654172913,0.745169082125604
"admin2",0,"S0_none","SierraLeone","child_vitA","Food fortification and supplementation",6,0.110746473286239,1.37907295696994,0.5786014369945,0.225387306346827,0.386212299255778
"admin2",0,"S0_none","SierraLeone","child_vitA","Healthcare access",6,0.262419295863472,3.46548196240541,2.84091191445521,0.023488255872064,0.0756843800322061
"admin2",0,"S0_none","SierraLeone","child_vitA","Household assets and characteristics",12,0.245961775678377,3.18826052447018,2.74300227957436,0.0264867566216892,0.0768115942028985
"admin2",0,"S0_none","SierraLeone","child_vitA","Infant and child morbidity/mortality",37,0.0411449005292343,0.526225618482977,-1.13117094363272,0.913543228385807,0.92703648175912
"admin2",0,"S0_none","SierraLeone","child_vitA","Malaria incidence and treatment",23,0.0263689045109064,0.342616333644322,-1.00640382737341,0.87856071964018,0.92703648175912
"admin2",0,"S0_none","SierraLeone","child_vitA","Ruralness, population density, built environment",9,0.10464375786075,1.37314816406023,0.385997573770404,0.24287856071964,0.386212299255778
"admin2",0,"S0_none","SierraLeone","child_vitA","Soil characteristics",45,0.034117941087125,0.438041698063897,-1.07784358944464,0.889555222388806,0.92703648175912
"admin2",0,"S0_none","SierraLeone","child_vitA","Water and sanitation",8,0.0940646062304572,1.2152756717343,0.367078658799115,0.259870064967516,0.386473429951691
"admin2",0,"S0_none","SierraLeone","child_iron","Adult and maternal mortality",9,0.0109281870566287,0.146132103333017,-0.917502820739565,0.952023988005997,0.952023988005997
"admin2",0,"S0_none","SierraLeone","child_iron","Adult nutrition",9,0.126998519741536,1.65310746699755,1.24462195601156,0.113943028485757,0.203776899429073
"admin2",0,"S0_none","SierraLeone","child_iron","Agricultural production, land use",91,0.122177773673041,1.58029383560033,1.21924255982845,0.123938030984508,0.205383022774327
"admin2",0,"S0_none","SierraLeone","child_iron","Built environment",13,0.128486269201943,1.65977058005192,1.06669880520654,0.146426786606697,0.235909822866345
"admin2",0,"S0_none","SierraLeone","child_iron","Climate and weather",41,0.172739100164759,2.24714107932688,1.91367041066525,0.0569715142428786,0.118012422360248
"admin2",0,"S0_none","SierraLeone","child_iron","Dietary diversity",11,0.0898435628669074,1.18510959347361,0.273381379646719,0.27336331834083,0.344675488342785
"admin2",0,"S0_none","SierraLeone","child_iron","Ecosystem productivity/greenness",16,0.236630568300149,3.09006442787872,2.59086818399329,0.0299850074962519,0.0756143667296786
"admin2",0,"S0_none","SierraLeone","child_iron","Education, employment, SES",9,0.107613796269931,1.38379155477993,0.440605286722309,0.23488255872064,0.335100742311771
"admin2",0,"S0_none","SierraLeone","child_iron","Fertility, reproductive health",23,0.110603519542276,1.43527051668965,0.818705314516168,0.169415292353823,0.258581235697941
"admin2",0,"S0_none","SierraLeone","child_iron","Food fortification and supplementation",6,0.0485675466214195,0.626282311362956,-0.558858926680481,0.655172413793103,0.716981132075472
"admin2",0,"S0_none","SierraLeone","child_iron","Healthcare access",6,0.206563467217106,2.79342066234231,2.06837037598561,0.056471764117941,0.118012422360248
"admin2",0,"S0_none","SierraLeone","child_iron","Household assets and characteristics",12,0.0949384622811791,1.22425260361042,0.281623868054842,0.268865567216392,0.344675488342785
"admin2",0,"S0_none","SierraLeone","child_iron","Infant and child morbidity/mortality",37,0.0516103735901421,0.672643410746097,-0.803364984235799,0.783108445777111,0.841116478797638
"admin2",0,"S0_none","SierraLeone","child_iron","Malaria incidence and treatment",23,0.073648390488701,0.948058452167066,-0.0766491320595859,0.421289355322339,0.509057971014493
"admin2",0,"S0_none","SierraLeone","child_iron","Ruralness, population density, built environment",9,0.0630263229630064,0.784708799886019,-0.229673554108374,0.449275362318841,0.521159420289855
"admin2",0,"S0_none","SierraLeone","child_iron","Soil characteristics",45,0.0713497829684531,0.926255692826916,-0.140292301077246,0.476761619190405,0.542199488491049
"admin2",0,"S0_none","SierraLeone","child_iron","Water and sanitation",8,0.0317815830491418,0.411020037632841,-0.993297316212692,0.881559220389805,0.923468090516146
"admin2",0,"S0_none","SierraLeone","women_iron","Adult and maternal mortality",9,0.142990674123897,1.84274207929986,0.925716313005711,0.153423288355822,0.278079710144928
"admin2",0,"S0_none","SierraLeone","women_iron","Adult nutrition",9,0.0272707214515088,0.353444711313236,-1.28563742128484,0.948525737131434,0.965166539537249
"admin2",0,"S0_none","SierraLeone","women_iron","Agricultural production, land use",91,0.140050244117489,1.83982518032801,1.78643850399095,0.0604697651174413,0.129898013955985
"admin2",0,"S0_none","SierraLeone","women_iron","Built environment",13,0.178421827999006,2.37110355783531,2.32554521545396,0.0379810094952524,0.0966183574879227
"admin2",0,"S0_none","SierraLeone","women_iron","Climate and weather",41,0.112574537053409,1.47583349778403,0.759777462166686,0.179910044977511,0.298136645962733
"admin2",0,"S0_none","SierraLeone","women_iron","Dietary diversity",11,0.0808590109671591,1.06320752835988,0.090201348943004,0.330834582708646,0.456866804692892
"admin2",0,"S0_none","SierraLeone","women_iron","Ecosystem productivity/greenness",16,0.0649910840525393,0.851676598188543,-0.18700112405257,0.454272863568216,0.548913043478261
"admin2",0,"S0_none","SierraLeone","women_iron","Education, employment, SES",9,0.0695813790962323,0.901392763061229,-0.112000841819432,0.395302348825587,0.521080368906456
"admin2",0,"S0_none","SierraLeone","women_iron","Fertility, reproductive health",23,0.0484343151591337,0.631965740520099,-0.706165135398462,0.748625687156422,0.798945981554677
"admin2",0,"S0_none","SierraLeone","women_iron","Food fortification and supplementation",6,0.184284248565788,2.40163456035983,2.08418931556008,0.0439780109945027,0.102028985507246
"admin2",0,"S0_none","SierraLeone","women_iron","Healthcare access",6,0.039951212122693,0.534341273558221,-0.523389792441943,0.633183408295852,0.706243032329989
"admin2",0,"S0_none","SierraLeone","women_iron","Household assets and characteristics",12,0.122479999770545,1.60457752078654,0.760178077304077,0.174412793603198,0.298136645962733
"admin2",0,"S0_none","SierraLeone","women_iron","Infant and child morbidity/mortality",37,0.0529276974586748,0.686272153892106,-0.75650587844694,0.757621189405297,0.798945981554677
"admin2",0,"S0_none","SierraLeone","women_iron","Malaria incidence and treatment",23,0.0577393642707753,0.753575623574884,-0.374852846130452,0.563718140929535,0.647911338448423
"admin2",0,"S0_none","SierraLeone","women_iron","Ruralness, population density, built environment",9,0.0423034115492986,0.560631967127199,-0.468521420411074,0.569715142428786,0.647911338448423
"admin2",0,"S0_none","SierraLeone","women_iron","Soil characteristics",45,0.0920428505312026,1.191183857938,0.361784728505872,0.302348825587206,0.449646971386102
"admin2",0,"S0_none","SierraLeone","women_iron","Water and sanitation",8,0.0278150703265979,0.360893451013732,-1.12272334909174,0.924037981009495,0.95703933747412
"admin2",0,"S0_none","SierraLeone","women_vitA","Adult and maternal mortality",9,0.0394280469708611,0.509753948527099,-0.539966994950682,0.63568215892054,0.899257688229056
"admin2",0,"S0_none","SierraLeone","women_vitA","Adult nutrition",9,0.0340016743072738,0.437497953690281,-1.12605629131644,0.905047476261869,0.96231884057971
"admin2",0,"S0_none","SierraLeone","women_vitA","Agricultural production, land use",91,0.0353104107405448,0.450274490721944,-1.18703534002801,0.912543728135932,0.96231884057971
"admin2",0,"S0_none","SierraLeone","women_vitA","Built environment",13,0.0157028865990918,0.201327586687767,-1.35491701829282,0.987006496751624,0.995502248875562
"admin2",0,"S0_none","SierraLeone","women_vitA","Climate and weather",41,0.0375797368603042,0.475810686209324,-0.835443841058888,0.820589705147426,0.933219664677465
"admin2",0,"S0_none","SierraLeone","women_vitA","Dietary diversity",11,0.0668693805343372,0.866760983853449,-0.193924886342372,0.448775612193903,0.804567413263065
"admin2",0,"S0_none","SierraLeone","women_vitA","Ecosystem productivity/greenness",16,0.00865141820390864,0.109781812065442,-1.13368526967387,0.995502248875562,0.995502248875562
"admin2",0,"S0_none","SierraLeone","women_vitA","Education, employment, SES",9,0.100761759613511,1.25582032061633,0.293368101888308,0.266866566716642,0.773913043478261
"admin2",0,"S0_none","SierraLeone","women_vitA","Fertility, reproductive health",23,0.073803919018107,0.94674441339846,-0.100578912278,0.444777611194403,0.804567413263065
"admin2",0,"S0_none","SierraLeone","women_vitA","Food fortification and supplementation",6,0.066206486708492,0.839985725218127,-0.236899493490204,0.492753623188406,0.840579710144927
"admin2",0,"S0_none","SierraLeone","women_vitA","Healthcare access",6,0.0635139646602557,0.795276352780342,-0.229029628676829,0.448775612193903,0.804567413263065
"admin2",0,"S0_none","SierraLeone","women_vitA","Household assets and characteristics",12,0.0389174873732365,0.500525082203813,-0.628839102872361,0.703148425787106,0.906280193236715
"admin2",0,"S0_none","SierraLeone","women_vitA","Infant and child morbidity/mortality",37,0.0640644972186473,0.812247555810441,-0.453078362050506,0.622688655672164,0.899257688229056
"admin2",0,"S0_none","SierraLeone","women_vitA","Malaria incidence and treatment",23,0.0338560860010399,0.435266247864364,-0.873325135683322,0.80759620189905,0.933219664677465
"admin2",0,"S0_none","SierraLeone","women_vitA","Ruralness, population density, built environment",9,0.081238179226662,1.05561041077193,0.0583670488947415,0.332333833083458,0.785953177257525
"admin2",0,"S0_none","SierraLeone","women_vitA","Soil characteristics",45,0.0493690025975576,0.631199457265954,-0.700393414283742,0.739130434782609,0.913930789707187
"admin2",0,"S0_none","SierraLeone","women_vitA","Water and sanitation",8,0.0853007069126053,1.09723316817222,0.170500672151308,0.344327836081959,0.785953177257525
"admin2",0,"S1_latlon","Malawi","child_vitA","Adult and maternal mortality",9,0.0104302693648115,0.859852314691077,-0.180695931847697,0.458270864567716,0.938405797101449
"admin2",0,"S1_latlon","Malawi","child_vitA","Adult nutrition",8,0.0191736149709034,1.66748247070447,1.28559158549986,0.104947526236882,0.557413600891862
"admin2",0,"S1_latlon","Malawi","child_vitA","Agricultural production, land use",80,0.0188744934203131,1.58845969985102,1.33949851796934,0.0979510244877561,0.557413600891862
"admin2",0,"S1_latlon","Malawi","child_vitA","Built environment",12,0.0148127977899229,1.23362466026929,0.366395721120669,0.263368315842079,0.782608695652174
"admin2",0,"S1_latlon","Malawi","child_vitA","Climate and weather",41,0.0215492033890996,1.82040227083707,1.0863942984985,0.12143928035982,0.557413600891862
"admin2",0,"S1_latlon","Malawi","child_vitA","Dietary diversity",11,0.017621846260263,1.43899837248078,0.660410688627727,0.178910544727636,0.648550724637681
"admin2",0,"S1_latlon","Malawi","child_vitA","Ecosystem productivity/greenness",16,0.061596266267669,5.26720120284994,5.3795384924324,0.00299850074962519,0.115942028985507
"admin2",0,"S1_latlon","Malawi","child_vitA","Education, employment, SES",8,0.00405996302562028,0.350921077621068,-0.772655904269499,0.813593203398301,0.943768115942029
"admin2",0,"S1_latlon","Malawi","child_vitA","Fertility, reproductive health",23,0.00879002757950137,0.767473324294015,-0.49754323724658,0.643178410794603,0.938405797101449
"admin2",0,"S1_latlon","Malawi","child_vitA","Food fortification and supplementation",6,0.00705222578406005,0.599570157166736,-0.584638898962254,0.681159420289855,0.938405797101449
"admin2",0,"S1_latlon","Malawi","child_vitA","Healthcare access",6,0.0510025190111399,4.45209430245754,3.70687454824737,0.00949525237381309,0.183574879227053
"admin2",0,"S1_latlon","Malawi","child_vitA","Household assets and characteristics",12,0.0186803846099982,1.59947604990004,0.697025662679387,0.167416291854073,0.647342995169082
"admin2",0,"S1_latlon","Malawi","child_vitA","Infant and child morbidity/mortality",37,0.0161934855161153,1.39156000286203,1.15938758639938,0.12343828085957,0.557413600891862
"admin2",0,"S1_latlon","Malawi","child_vitA","Malaria incidence and treatment",23,0.0268439023175407,2.27045256152898,2.1904248943705,0.0384807596201899,0.318840579710145
"admin2",0,"S1_latlon","Malawi","child_vitA","Ruralness, population density, built environment",9,0.0040394515412951,0.335052939951896,-0.592851377210872,0.702148925537231,0.938405797101449
"admin2",0,"S1_latlon","Malawi","child_vitA","Soil characteristics",45,0.0271083497194479,2.31869340591598,2.65106657055438,0.0209895052473763,0.231884057971014
"admin2",0,"S1_latlon","Malawi","child_vitA","Water and sanitation",8,0.00796590706492588,0.671364745154487,-0.539653650967433,0.655672163918041,0.938405797101449
"admin2",0,"S1_latlon","Malawi","child_zinc","Adult and maternal mortality",9,0.0141838633340258,1.20575444061097,0.271197522520061,0.290854572713643,0.701607529568549
"admin2",0,"S1_latlon","Malawi","child_zinc","Adult nutrition",8,0.00223089085937297,0.194929995303608,-1.54569531247197,0.987006496751624,0.987006496751624
"admin2",0,"S1_latlon","Malawi","child_zinc","Agricultural production, land use",80,0.00723292035599672,0.615514520837103,-0.906265373289359,0.841079460269865,0.953223388305847
"admin2",0,"S1_latlon","Malawi","child_zinc","Built environment",12,0.0108031739850491,0.916258525522168,-0.132229303231361,0.454272863568216,0.701607529568549
"admin2",0,"S1_latlon","Malawi","child_zinc","Climate and weather",41,0.014711710590382,1.27193875539676,0.367317781053966,0.247876061969015,0.701607529568549
"admin2",0,"S1_latlon","Malawi","child_zinc","Dietary diversity",11,0.00301520771936881,0.259750281816588,-1.15868283473368,0.969015492253873,0.987006496751624
"admin2",0,"S1_latlon","Malawi","child_zinc","Ecosystem productivity/greenness",16,0.0193175545876177,1.70903462833482,0.875294048683231,0.137931034482759,0.701607529568549
"admin2",0,"S1_latlon","Malawi","child_zinc","Education, employment, SES",8,0.0106446748839055,0.895715756658022,-0.114880643110245,0.408295852073963,0.701607529568549
"admin2",0,"S1_latlon","Malawi","child_zinc","Fertility, reproductive health",23,0.0115986126650704,0.99422473263227,-0.0122109433149064,0.428785607196402,0.701607529568549
"admin2",0,"S1_latlon","Malawi","child_zinc","Food fortification and supplementation",6,0.0119006408437778,1.03582229953657,0.0529072651631154,0.383808095952024,0.701607529568549
"admin2",0,"S1_latlon","Malawi","child_zinc","Healthcare access",6,0.0176007093969635,1.46640865112666,0.478390388696862,0.207396301849075,0.701607529568549
"admin2",0,"S1_latlon","Malawi","child_zinc","Household assets and characteristics",12,0.00869979410611398,0.733984104875672,-0.299788252847849,0.495252373813093,0.701607529568549
"admin2",0,"S1_latlon","Malawi","child_zinc","Infant and child morbidity/mortality",37,0.00851728448274043,0.728203971620755,-0.838635181192243,0.788605697151424,0.953223388305847
"admin2",0,"S1_latlon","Malawi","child_zinc","Malaria incidence and treatment",23,0.0271335378392671,2.31483338601581,2.26080738115634,0.0339830084957521,0.577711144427786
"admin2",0,"S1_latlon","Malawi","child_zinc","Ruralness, population density, built environment",9,0.00497899284422479,0.421993755494526,-0.512522651697038,0.625187406296852,0.817552762080498
"admin2",0,"S1_latlon","Malawi","child_zinc","Soil characteristics",45,0.0113081083679349,0.97111442021922,-0.0573997255408676,0.414292853573213,0.701607529568549
"admin2",0,"S1_latlon","Malawi","child_zinc","Water and sanitation",8,0.0132976747723612,1.13796347537982,0.220212005987159,0.322838580709645,0.701607529568549
"admin2",0,"S1_latlon","Gambia","child_vitA","Adult and maternal mortality",9,0.00576750443925552,0.169079557558473,-1.35799844400659,0.975012493753123,0.975012493753123
"admin2",0,"S1_latlon","Gambia","child_vitA","Adult nutrition",9,0.0355743265695026,1.02485204495556,0.0454936412397583,0.400299850074962,0.935652173913043
"admin2",0,"S1_latlon","Gambia","child_vitA","Agricultural production, land use",81,0.0273418570702088,0.794837065132944,-0.46085323343288,0.628685657171414,0.938405797101449
"admin2",0,"S1_latlon","Gambia","child_vitA","Built environment",12,0.0115659531937702,0.334639989089842,-1.21863190186618,0.946026986506747,0.975012493753123
"admin2",0,"S1_latlon","Gambia","child_vitA","Climate and weather",41,0.0145131086645501,0.417587333191494,-1.40496351255724,0.974512743628186,0.975012493753123
"admin2",0,"S1_latlon","Gambia","child_vitA","Dietary diversity",11,0.0257211210623602,0.735237881644209,-0.386930422594006,0.561219390304848,0.938405797101449
"admin2",0,"S1_latlon","Gambia","child_vitA","Ecosystem productivity/greenness",16,0.0264341648173978,0.768999582670286,-0.308902067267965,0.503748125937031,0.938405797101449
"admin2",0,"S1_latlon","Gambia","child_vitA","Education, employment, SES",9,0.0447666850404135,1.30763037980326,0.412774647978054,0.24087956021989,0.776167471819646
"admin2",0,"S1_latlon","Gambia","child_vitA","Fertility, reproductive health",23,0.0246979424643681,0.710979440296353,-0.655074052226678,0.729635182408796,0.938405797101449
"admin2",0,"S1_latlon","Gambia","child_vitA","Food fortification and supplementation",6,0.0107132065040877,0.308780804764696,-0.838725100409222,0.854072963518241,0.952619843924192
"admin2",0,"S1_latlon","Gambia","child_vitA","Healthcare access",6,0.011990550931478,0.351463574162055,-0.730134818800146,0.804597701149425,0.943768115942029
"admin2",0,"S1_latlon","Gambia","child_vitA","Household assets and characteristics",12,0.0117159639560164,0.329402726402816,-0.787581478205247,0.834582708645677,0.949133276499005
"admin2",0,"S1_latlon","Gambia","child_vitA","Infant and child morbidity/mortality",37,0.0275756113407542,0.80071644950682,-0.570813892995531,0.678660669665167,0.938405797101449
"admin2",0,"S1_latlon","Gambia","child_vitA","Malaria incidence and treatment",23,0.0116236651597492,0.334104725385378,-0.937380928803506,0.903048475762119,0.975012493753123
"admin2",0,"S1_latlon","Gambia","child_vitA","Ruralness, population density, built environment",9,0.0151393650591733,0.424284172445552,-0.552090975724434,0.634682658670665,0.938405797101449
"admin2",0,"S1_latlon","Gambia","child_vitA","Soil characteristics",45,0.0128546580643577,0.374478065438162,-1.08031737436089,0.949025487256372,0.975012493753123
"admin2",0,"S1_latlon","Gambia","child_vitA","Water and sanitation",9,0.0227317976467322,0.663962380695097,-0.56365200016078,0.667166416791604,0.938405797101449
"admin2",0,"S1_latlon","Malawi","women_folate","Adult and maternal mortality",9,0.00531105921044324,0.452537958556026,-0.716478985203999,0.776111944027986,0.795514742628686
"admin2",0,"S1_latlon","Malawi","women_folate","Adult nutrition",8,0.0199281049454864,1.73336117201884,1.34864083655999,0.0989505247376312,0.270464767616192
"admin2",0,"S1_latlon","Malawi","women_folate","Agricultural production, land use",80,0.0301605839758704,2.64645783427271,3.91908585834326,0.00649675162418791,0.122938530734633
"admin2",0,"S1_latlon","Malawi","women_folate","Built environment",12,0.0371092685057631,3.26708799541356,3.58244579155365,0.00899550224887556,0.122938530734633
"admin2",0,"S1_latlon","Malawi","women_folate","Climate and weather",41,0.0612297865303379,5.32257846608507,5.94734059888271,0.00199900049975012,0.0819590204897551
"admin2",0,"S1_latlon","Malawi","women_folate","Dietary diversity",11,0.0186407848112695,1.59527566891091,0.917639901698396,0.136931534232884,0.30632183908046
"admin2",0,"S1_latlon","Malawi","women_folate","Ecosystem productivity/greenness",16,0.0247052993965193,2.14630148985112,1.43107888586806,0.0844577711144428,0.270464767616192
"admin2",0,"S1_latlon","Malawi","women_folate","Education, employment, SES",8,0.0199490417830469,1.772814119065,0.904356209377583,0.146926536731634,0.30632183908046
"admin2",0,"S1_latlon","Malawi","women_folate","Fertility, reproductive health",23,0.0183737882043401,1.60056064797313,1.28589398239666,0.0979510244877561,0.270464767616192
"admin2",0,"S1_latlon","Malawi","women_folate","Food fortification and supplementation",6,0.0155486283223864,1.3149982408231,0.479742096367021,0.253873063468266,0.337089519756251
"admin2",0,"S1_latlon","Malawi","women_folate","Healthcare access",6,0.0262381832739774,2.28354428827984,1.34386846696301,0.0934532733633183,0.270464767616192
"admin2",0,"S1_latlon","Malawi","women_folate","Household assets and characteristics",12,0.0230271033537365,2.01974907893908,1.23261743626427,0.0924537731134433,0.270464767616192
"admin2",0,"S1_latlon","Malawi","women_folate","Infant and child morbidity/mortality",37,0.0191610919046836,1.65839091510589,2.03501911193446,0.0364817591204398,0.249292020656338
"admin2",0,"S1_latlon","Malawi","women_folate","Malaria incidence and treatment",23,0.0190130295453271,1.65571917035199,1.13709808377387,0.11344327836082,0.273598494870212
"admin2",0,"S1_latlon","Malawi","women_folate","Ruralness, population density, built environment",9,0.012145264095293,1.09900777483131,0.0874858887332108,0.291354322838581,0.351339036364171
"admin2",0,"S1_latlon","Malawi","women_folate","Soil characteristics",45,0.0234690697691187,2.02919387010424,2.17807730295158,0.0339830084957521,0.249292020656338
"admin2",0,"S1_latlon","Malawi","women_folate","Water and sanitation",8,0.0123141837489342,1.0712638736576,0.112184239681583,0.351824087956022,0.400688544616581
"admin2",0,"S1_latlon","Malawi","women_b12","Adult and maternal mortality",9,0.0394049128076244,3.38352481237631,3.11894450945204,0.0199900049975013,0.117941029485257
"admin2",0,"S1_latlon","Malawi","women_b12","Adult nutrition",8,0.00566555500015384,0.485234238578964,-0.981364669166533,0.862068965517241,0.862068965517241
"admin2",0,"S1_latlon","Malawi","women_b12","Agricultural production, land use",80,0.0135450114723761,1.17318954511936,0.414987271574842,0.270364817591204,0.369148758953856
"admin2",0,"S1_latlon","Malawi","women_b12","Built environment",12,0.0296524358678976,2.59435043106762,2.56549614323772,0.0289855072463768,0.117941029485257
"admin2",0,"S1_latlon","Malawi","women_b12","Climate and weather",41,0.00709440408737253,0.625968691568016,-0.516581713231429,0.627686156921539,0.684748534823497
"admin2",0,"S1_latlon","Malawi","women_b12","Dietary diversity",11,0.0325903663681297,2.7660332664491,2.64306294878776,0.0289855072463768,0.117941029485257
"admin2",0,"S1_latlon","Malawi","women_b12","Ecosystem productivity/greenness",16,0.00655850330588902,0.563044190247025,-0.555323626667242,0.672663668165917,0.701909914607913
"admin2",0,"S1_latlon","Malawi","women_b12","Education, employment, SES",8,0.0263631770675584,2.30453579693948,1.54250160790582,0.0809595202398801,0.15499942336524
"admin2",0,"S1_latlon","Malawi","women_b12","Fertility, reproductive health",23,0.0258691987770397,2.2122120623678,2.49166830289824,0.0264867566216892,0.117941029485257
"admin2",0,"S1_latlon","Malawi","women_b12","Food fortification and supplementation",6,0.0246523508108003,2.14941250014748,1.71142942704276,0.0709645177411294,0.15499942336524
"admin2",0,"S1_latlon","Malawi","women_b12","Healthcare access",6,0.0147343439254823,1.26744582101329,0.279758896884956,0.259370314842579,0.369148758953856
"admin2",0,"S1_latlon","Malawi","women_b12","Household assets and characteristics",12,0.0267464915204012,2.28944315431494,1.49722568822238,0.0794602698650675,0.15499942336524
"admin2",0,"S1_latlon","Malawi","women_b12","Infant and child morbidity/mortality",37,0.0180581504123104,1.55308539937827,1.64286904181454,0.0704647676161919,0.15499942336524
"admin2",0,"S1_latlon","Malawi","women_b12","Malaria incidence and treatment",23,0.021461273277864,1.87209779172498,1.47620506651467,0.0794602698650675,0.15499942336524
"admin2",0,"S1_latlon","Malawi","women_b12","Ruralness, population density, built environment",9,0.0441596273733888,3.77819990928982,2.5064778874922,0.0294852573713143,0.117941029485257
"admin2",0,"S1_latlon","Malawi","women_b12","Soil characteristics",45,0.0109348898593752,0.94652061933028,-0.114866670559938,0.453773113443278,0.518597843935175
"admin2",0,"S1_latlon","Malawi","women_b12","Water and sanitation",8,0.0230619481392793,1.98488246394494,1.65444307381891,0.0649675162418791,0.15499942336524
"admin2",0,"S1_latlon","Malawi","child_iron","Adult and maternal mortality",9,0.00706045248788736,0.631028494059493,-0.504969539743973,0.637181409295352,0.782004830917874
"admin2",0,"S1_latlon","Malawi","child_iron","Adult nutrition",8,0.0179445185439487,1.53486375121121,1.00095779005604,0.147426286856572,0.413358538122243
"admin2",0,"S1_latlon","Malawi","child_iron","Agricultural production, land use",80,0.0262067052830383,2.26483302211541,2.96626829008181,0.0149925037481259,0.124223602484472
"admin2",0,"S1_latlon","Malawi","child_iron","Built environment",12,0.038316830463052,3.30430803760071,3.74179353434484,0.00449775112443778,0.0652173913043478
"admin2",0,"S1_latlon","Malawi","child_iron","Climate and weather",41,0.00927588265176436,0.81159585758889,-0.248870283059473,0.473263368315842,0.703827573392791
"admin2",0,"S1_latlon","Malawi","child_iron","Dietary diversity",11,0.0208758495318473,1.81776899859356,1.29703779755562,0.102948525737131,0.398067632850242
"admin2",0,"S1_latlon","Malawi","child_iron","Ecosystem productivity/greenness",16,0.0224387999465203,1.8877300119053,1.0992223990308,0.119940029985007,0.413358538122243
"admin2",0,"S1_latlon","Malawi","child_iron","Education, employment, SES",8,0.0720208411893544,6.37386778843481,5.94594084029029,0.00149925037481259,0.0386473429951691
"admin2",0,"S1_latlon","Malawi","child_iron","Fertility, reproductive health",23,0.0304036493945637,2.58454007673765,3.39983608099704,0.00899550224887556,0.0966183574879227
"admin2",0,"S1_latlon","Malawi","child_iron","Food fortification and supplementation",6,0.0172380837891595,1.47272180052284,0.664348904590655,0.196901549225387,0.475845410628019
"admin2",0,"S1_latlon","Malawi","child_iron","Healthcare access",6,0.0283687360903681,2.37359991713176,1.37467264010217,0.0814592703648176,0.360248447204969
"admin2",0,"S1_latlon","Malawi","child_iron","Household assets and characteristics",12,0.074000054369311,6.34388068119057,6.0736652198345,0.00149925037481259,0.0386473429951691
"admin2",0,"S1_latlon","Malawi","child_iron","Infant and child morbidity/mortality",37,0.0115906072420237,0.998565680235325,-0.00441572322894412,0.440279860069965,0.698785742264003
"admin2",0,"S1_latlon","Malawi","child_iron","Malaria incidence and treatment",23,0.01759288377947,1.50488106976306,0.891085716866063,0.16391804097951,0.413358538122243
"admin2",0,"S1_latlon","Malawi","child_iron","Ruralness, population density, built environment",9,0.051255844046607,4.44443438672697,3.14052894717422,0.0214892553723138,0.138486312399356
"admin2",0,"S1_latlon","Malawi","child_iron","Soil characteristics",45,0.019442275357301,1.66908096193494,1.3504061974489,0.0869565217391304,0.360248447204969
"admin2",0,"S1_latlon","Malawi","child_iron","Water and sanitation",8,0.0347704687440423,2.94035008159683,3.12576632271099,0.00999500249875063,0.0966183574879227
"admin2",0,"S1_latlon","Malawi","women_iron","Adult and maternal mortality",9,0.00729414637497541,0.617168038839867,-0.489949937913414,0.635182408795602,0.695105277549904
"admin2",0,"S1_latlon","Malawi","women_iron","Adult nutrition",8,0.00526172823142772,0.455717478094923,-1.04533794419985,0.874062968515742,0.889397406559878
"admin2",0,"S1_latlon","Malawi","women_iron","Agricultural production, land use",80,0.0208592533264421,1.81030688275503,1.91437428720648,0.0514742628685657,0.257004830917874
"admin2",0,"S1_latlon","Malawi","women_iron","Built environment",12,0.0208155507671146,1.82148285213133,1.29490831932038,0.0994502748625687,0.274672187715666
"admin2",0,"S1_latlon","Malawi","women_iron","Climate and weather",41,0.00579693236518799,0.505860304476538,-0.699785136722532,0.763618190904548,0.790890269151139
"admin2",0,"S1_latlon","Malawi","women_iron","Dietary diversity",11,0.0213336696405814,1.84129448496359,1.33999794932902,0.0979510244877561,0.274672187715666
"admin2",0,"S1_latlon","Malawi","women_iron","Ecosystem productivity/greenness",16,0.00887125187675327,0.752024342080915,-0.31861245915259,0.51624187906047,0.598840579710145
"admin2",0,"S1_latlon","Malawi","women_iron","Education, employment, SES",8,0.0328998147382726,2.87793363081642,2.136781972204,0.0414792603698151,0.257004830917874
"admin2",0,"S1_latlon","Malawi","women_iron","Fertility, reproductive health",23,0.0181800420503211,1.54339835031586,1.14964347204065,0.112443778110945,0.296442687747036
"admin2",0,"S1_latlon","Malawi","women_iron","Food fortification and supplementation",6,0.00995263103787515,0.86090454598594,-0.201191231477331,0.484757621189405,0.598639455782313
"admin2",0,"S1_latlon","Malawi","women_iron","Healthcare access",6,0.0377786078597163,3.22299787443475,2.2812632759776,0.0434782608695652,0.257004830917874
"admin2",0,"S1_latlon","Malawi","women_iron","Household assets and characteristics",12,0.0268455823618521,2.26733340826177,1.50964071118461,0.0769615192403798,0.274672187715666
"admin2",0,"S1_latlon","Malawi","women_iron","Infant and child morbidity/mortality",37,0.0155241436659244,1.33677447217249,1.03520400079438,0.138930534732634,0.335748792270531
"admin2",0,"S1_latlon","Malawi","women_iron","Malaria incidence and treatment",23,0.0233573742262261,1.98684005908137,1.72709270473976,0.0659670164917541,0.257004830917874
"admin2",0,"S1_latlon","Malawi","women_iron","Ruralness, population density, built environment",9,0.0375413723794733,3.25377762251995,2.07394224632298,0.0444777611194403,0.257004830917874
"admin2",0,"S1_latlon","Malawi","women_iron","Soil characteristics",45,0.0165759179488321,1.42767608613914,0.885416739513445,0.145427286356822,0.337391304347826
"admin2",0,"S1_latlon","Malawi","women_iron","Water and sanitation",8,0.0104682554401058,0.897967694910893,-0.166674181910928,0.471764117941029,0.598639455782313
"admin2",0,"S1_latlon","Gambia","child_iron","Adult and maternal mortality",9,0.0202708894032634,0.589061741288449,-0.634374637700682,0.689155422288856,0.815734989648033
"admin2",0,"S1_latlon","Gambia","child_iron","Adult nutrition",9,0.0180243348574553,0.519441363948705,-0.882681385161712,0.816091954022989,0.893081761006289
"admin2",0,"S1_latlon","Gambia","child_iron","Agricultural production, land use",81,0.0325230358661483,0.94612458512569,-0.117792831412724,0.445777111444278,0.698785742264003
"admin2",0,"S1_latlon","Gambia","child_iron","Built environment",12,0.0206270388540209,0.601118667821094,-0.73756660676856,0.762118940529735,0.850055741360089
"admin2",0,"S1_latlon","Gambia","child_iron","Climate and weather",41,0.0186226817997681,0.538649850375183,-1.08313087035585,0.904047976011994,0.936335403726708
"admin2",0,"S1_latlon","Gambia","child_iron","Dietary diversity",11,0.148158951678993,4.33073930942567,4.95110667828458,0.00199900049975012,0.0386473429951691
"admin2",0,"S1_latlon","Gambia","child_iron","Ecosystem productivity/greenness",16,0.0128267268477449,0.374050033777126,-0.845833486666552,0.870064967516242,0.928590250329381
"admin2",0,"S1_latlon","Gambia","child_iron","Education, employment, SES",9,0.0939351395464085,2.67706635059047,2.19922993300661,0.0364817591204398,0.211594202898551
"admin2",0,"S1_latlon","Gambia","child_iron","Fertility, reproductive health",23,0.0494664266418436,1.43742189110088,1.00641833587163,0.148925537231384,0.413358538122243
"admin2",0,"S1_latlon","Gambia","child_iron","Food fortification and supplementation",6,0.079225571886716,2.31816047401545,1.65966048432105,0.0729635182408796,0.360248447204969
"admin2",0,"S1_latlon","Gambia","child_iron","Healthcare access",6,0.0189834163695648,0.557724422027982,-0.52797216945121,0.636681659170415,0.782004830917874
"admin2",0,"S1_latlon","Gambia","child_iron","Household assets and characteristics",12,0.041610894280054,1.18886347444273,0.220814884582805,0.270864567716142,0.561076604554866
"admin2",0,"S1_latlon","Gambia","child_iron","Infant and child morbidity/mortality",37,0.0283489750753487,0.824194497137798,-0.481768149528565,0.647176411794103,0.782004830917874
"admin2",0,"S1_latlon","Gambia","child_iron","Malaria incidence and treatment",23,0.0276983035859788,0.808141930926784,-0.276829054507675,0.496751624187906,0.720289855072464
"admin2",0,"S1_latlon","Gambia","child_iron","Ruralness, population density, built environment",9,0.0450584874240452,1.26872285358408,0.257873989984471,0.254872563718141,0.551798174986581
"admin2",0,"S1_latlon","Gambia","child_iron","Soil characteristics",45,0.0164441158298178,0.482751907352829,-0.895035792435375,0.88055972013993,0.928590250329381
"admin2",0,"S1_latlon","Gambia","child_iron","Water and sanitation",9,0.0279259621289218,0.809083797002064,-0.310183731300982,0.538730634682659,0.742837883383889
"admin2",0,"S1_latlon","Malawi","women_vitA","Adult and maternal mortality",9,0.00854734470912501,0.719692073730352,-0.377744916683648,0.555222388805597,0.957048748353096
"admin2",0,"S1_latlon","Malawi","women_vitA","Adult nutrition",8,0.00947448874806693,0.797037736149026,-0.39113614984995,0.577711144427786,0.957048748353096
"admin2",0,"S1_latlon","Malawi","women_vitA","Agricultural production, land use",80,0.00773525151799192,0.662883612181906,-0.798864538306537,0.794602698650675,0.957048748353096
"admin2",0,"S1_latlon","Malawi","women_vitA","Built environment",12,0.0081987981470509,0.69376729987184,-0.490048589297887,0.63568215892054,0.957048748353096
"admin2",0,"S1_latlon","Malawi","women_vitA","Climate and weather",41,0.00478603560670664,0.405749162127465,-0.775395458788532,0.850074962518741,0.957048748353096
"admin2",0,"S1_latlon","Malawi","women_vitA","Dietary diversity",11,0.0072640762222079,0.617945087078743,-0.574904555831033,0.694652673663168,0.957048748353096
"admin2",0,"S1_latlon","Malawi","women_vitA","Ecosystem productivity/greenness",16,0.00288346499953691,0.253322730770178,-0.931856804711171,0.948025987006497,0.95752123938031
"admin2",0,"S1_latlon","Malawi","women_vitA","Education, employment, SES",8,0.00452293073750391,0.39348341021645,-0.696067707882281,0.776111944027986,0.957048748353096
"admin2",0,"S1_latlon","Malawi","women_vitA","Fertility, reproductive health",23,0.012435372547098,1.07697261261116,0.168690437620075,0.353323338330835,0.957048748353096
"admin2",0,"S1_latlon","Malawi","women_vitA","Food fortification and supplementation",6,0.0178730458432382,1.55953014158133,0.808699716782001,0.168915542228886,0.957048748353096
"admin2",0,"S1_latlon","Malawi","women_vitA","Healthcare access",6,0.0107212295826018,0.954474407282855,-0.0494335216061101,0.369815092453773,0.957048748353096
"admin2",0,"S1_latlon","Malawi","women_vitA","Household assets and characteristics",12,0.00425684393687227,0.367717428954166,-0.740666284522641,0.826586706646677,0.957048748353096
"admin2",0,"S1_latlon","Malawi","women_vitA","Infant and child morbidity/mortality",37,0.0116462093407047,0.985941679378699,-0.04239275679334,0.451774112943528,0.957048748353096
"admin2",0,"S1_latlon","Malawi","women_vitA","Malaria incidence and treatment",23,0.00755687186951496,0.634946418760848,-0.635552800415536,0.717641179410295,0.957048748353096
"admin2",0,"S1_latlon","Malawi","women_vitA","Ruralness, population density, built environment",9,0.00182443809479035,0.150657148922522,-0.764555103037648,0.907546226886557,0.957048748353096
"admin2",0,"S1_latlon","Malawi","women_vitA","Soil characteristics",45,0.00620606105727525,0.533299271635386,-0.976709947177628,0.885057471264368,0.957048748353096
"admin2",0,"S1_latlon","Malawi","women_vitA","Water and sanitation",8,0.00648417458070715,0.557211592826634,-0.725454479698743,0.750124937531234,0.957048748353096
"admin2",0,"S1_latlon","Malawi","women_zinc","Adult and maternal mortality",9,0.006519806511704,0.558016611462359,-0.584247116820126,0.674662668665667,0.855416041979011
"admin2",0,"S1_latlon","Malawi","women_zinc","Adult nutrition",8,0.00638919997604108,0.561426859976995,-0.829787650122044,0.805097451274363,0.855416041979011
"admin2",0,"S1_latlon","Malawi","women_zinc","Agricultural production, land use",80,0.00787928926969686,0.67348177483337,-0.774233250110917,0.782108945527236,0.855416041979011
"admin2",0,"S1_latlon","Malawi","women_zinc","Built environment",12,0.00822147234346814,0.713216032870156,-0.445722228713367,0.600199900049975,0.855416041979011
"admin2",0,"S1_latlon","Malawi","women_zinc","Climate and weather",41,0.0103347185707026,0.878761773780918,-0.15713790285762,0.430284857571214,0.855416041979011
"admin2",0,"S1_latlon","Malawi","women_zinc","Dietary diversity",11,0.01091150305796,0.936288430874937,-0.100445187072328,0.432783608195902,0.855416041979011
"admin2",0,"S1_latlon","Malawi","women_zinc","Ecosystem productivity/greenness",16,0.00475733753093868,0.409008253252613,-0.722925836589445,0.802598700649675,0.855416041979011
"admin2",0,"S1_latlon","Malawi","women_zinc","Education, employment, SES",8,0.00824060610979637,0.728591880344486,-0.306260135253942,0.498250874562719,0.855416041979011
"admin2",0,"S1_latlon","Malawi","women_zinc","Fertility, reproductive health",23,0.0121892268504815,1.04602026210914,0.0941193680543196,0.377311344327836,0.855416041979011
"admin2",0,"S1_latlon","Malawi","women_zinc","Food fortification and supplementation",6,0.029621837029422,2.58355959009358,2.30420480251329,0.031984007996002,0.543728135932034
"admin2",0,"S1_latlon","Malawi","women_zinc","Healthcare access",6,0.00215558669618106,0.180563325598463,-0.862770362705389,0.918040979510245,0.918040979510245
"admin2",0,"S1_latlon","Malawi","women_zinc","Household assets and characteristics",12,0.00758720402995162,0.663274689250515,-0.397442058665996,0.571714142928536,0.855416041979011
"admin2",0,"S1_latlon","Malawi","women_zinc","Infant and child morbidity/mortality",37,0.0125262063349472,1.0795065260204,0.241798180069392,0.348825587206397,0.855416041979011
"admin2",0,"S1_latlon","Malawi","women_zinc","Malaria incidence and treatment",23,0.00998834107910632,0.864435516779003,-0.228601083533595,0.496751624187906,0.855416041979011
"admin2",0,"S1_latlon","Malawi","women_zinc","Ruralness, population density, built environment",9,0.00379909945192911,0.322918068095518,-0.590073948051366,0.695152423788106,0.855416041979011
"admin2",0,"S1_latlon","Malawi","women_zinc","Soil characteristics",45,0.00785968225405979,0.670235406897155,-0.675727480095893,0.728135932033983,0.855416041979011
"admin2",0,"S1_latlon","Malawi","women_zinc","Water and sanitation",8,0.00963139681638833,0.821400165294248,-0.28914591867813,0.529235382308846,0.855416041979011
"admin2",0,"S1_latlon","Gambia","women_iron","Adult and maternal mortality",9,0.0298118144199128,0.874449358067178,-0.197926372932938,0.494252873563218,0.598639455782313
"admin2",0,"S1_latlon","Gambia","women_iron","Adult nutrition",9,0.0223553139071289,0.644627108196617,-0.634389634608852,0.698150924537731,0.749865807836822
"admin2",0,"S1_latlon","Gambia","women_iron","Agricultural production, land use",81,0.0303828000641913,0.899335315962988,-0.223584694885023,0.501249375312344,0.598639455782313
"admin2",0,"S1_latlon","Gambia","women_iron","Built environment",12,0.03021924550914,0.884602042096635,-0.214878539700142,0.505747126436782,0.598639455782313
"admin2",0,"S1_latlon","Gambia","women_iron","Climate and weather",41,0.040785448955142,1.20200004849764,0.483448269978905,0.249875062468766,0.426257459505541
"admin2",0,"S1_latlon","Gambia","women_iron","Dietary diversity",11,0.0414800665923088,1.19110883495804,0.267062697886005,0.266866566716642,0.442236024844721
"admin2",0,"S1_latlon","Gambia","women_iron","Ecosystem productivity/greenness",16,0.0302759937288144,0.896470273962057,-0.1365153264233,0.419790104947526,0.570273003033367
"admin2",0,"S1_latlon","Gambia","women_iron","Education, employment, SES",9,0.0799925835046777,2.31101996865664,1.74437693456727,0.0664667666166917,0.257004830917874
"admin2",0,"S1_latlon","Gambia","women_iron","Fertility, reproductive health",23,0.0571024919753999,1.64753206036626,1.47467067941846,0.088455772113943,0.274672187715666
"admin2",0,"S1_latlon","Gambia","women_iron","Food fortification and supplementation",6,0.0311951066037763,0.915131668177103,-0.105813392304933,0.422788605697151,0.570273003033367
"admin2",0,"S1_latlon","Gambia","women_iron","Healthcare access",6,0.047268761585153,1.41870194281063,0.507849753284513,0.223388305847076,0.39262187088274
"admin2",0,"S1_latlon","Gambia","women_iron","Household assets and characteristics",12,0.0382764504190104,1.11484305347352,0.134527448337987,0.303848075962019,0.476302389345868
"admin2",0,"S1_latlon","Gambia","women_iron","Infant and child morbidity/mortality",37,0.0306423574649752,0.891782035283078,-0.299899089610122,0.565717141429285,0.630992196209587
"admin2",0,"S1_latlon","Gambia","women_iron","Malaria incidence and treatment",23,0.0324161408335714,0.946013312322948,-0.0767969251240177,0.40679660169915,0.570273003033367
"admin2",0,"S1_latlon","Gambia","women_iron","Ruralness, population density, built environment",9,0.069461405676533,2.03966910751989,0.985883994326533,0.137431284357821,0.335748792270531
"admin2",0,"S1_latlon","Gambia","women_iron","Soil characteristics",45,0.0112716674355528,0.336228994710907,-1.14440787311125,0.970014992503748,0.970014992503748
"admin2",0,"S1_latlon","Gambia","women_iron","Water and sanitation",9,0.0291121369147167,0.863112933529224,-0.228289783897703,0.493753123438281,0.598639455782313
"admin2",0,"S1_latlon","Gambia","women_vitA","Adult and maternal mortality",9,0.0132985653459463,0.386945162786489,-0.976447300814839,0.867066466766617,0.957048748353096
"admin2",0,"S1_latlon","Gambia","women_vitA","Adult nutrition",9,0.0429375910070185,1.24955487004361,0.458589531353166,0.266866566716642,0.957048748353096
"admin2",0,"S1_latlon","Gambia","women_vitA","Agricultural production, land use",81,0.0197478960490842,0.569663685378294,-0.943032382686785,0.861569215392304,0.957048748353096
"admin2",0,"S1_latlon","Gambia","women_vitA","Built environment",12,0.0313033566445322,0.903775160324035,-0.180572437055086,0.492253873063468,0.957048748353096
"admin2",0,"S1_latlon","Gambia","women_vitA","Climate and weather",41,0.0251610954226807,0.718903077190036,-0.679192357606565,0.717641179410295,0.957048748353096
"admin2",0,"S1_latlon","Gambia","women_vitA","Dietary diversity",11,0.0219555508206473,0.649345415344196,-0.512151885800211,0.650174912543728,0.957048748353096
"admin2",0,"S1_latlon","Gambia","women_vitA","Ecosystem productivity/greenness",16,0.0180635582805216,0.519527742393278,-0.683755764150443,0.739630184907546,0.957048748353096
"admin2",0,"S1_latlon","Gambia","women_vitA","Education, employment, SES",9,0.0297690822147969,0.872151624304835,-0.174924874510462,0.451274362818591,0.957048748353096
"admin2",0,"S1_latlon","Gambia","women_vitA","Fertility, reproductive health",23,0.0234471462941884,0.684220949905613,-0.712999199237663,0.759620189905047,0.957048748353096
"admin2",0,"S1_latlon","Gambia","women_vitA","Food fortification and supplementation",6,0.0163664454733757,0.473744174662001,-0.663338547983727,0.710644677661169,0.957048748353096
"admin2",0,"S1_latlon","Gambia","women_vitA","Healthcare access",6,0.110950932831686,3.24950362030157,2.54041673264208,0.0309845077461269,0.957048748353096
"admin2",0,"S1_latlon","Gambia","women_vitA","Household assets and characteristics",12,0.0483314690978579,1.41900254351041,0.48441405943225,0.217391304347826,0.957048748353096
"admin2",0,"S1_latlon","Gambia","women_vitA","Infant and child morbidity/mortality",37,0.030266971991712,0.879618545939722,-0.338373606979716,0.583708145927036,0.957048748353096
"admin2",0,"S1_latlon","Gambia","women_vitA","Malaria incidence and treatment",23,0.0404314405267683,1.19890254245754,0.288255401272696,0.27936031984008,0.957048748353096
"admin2",0,"S1_latlon","Gambia","women_vitA","Ruralness, population density, built environment",9,0.0649191048556962,1.91861159339552,0.889184252585656,0.145927036481759,0.957048748353096
"admin2",0,"S1_latlon","Gambia","women_vitA","Soil characteristics",45,0.0209479846010501,0.594684319129537,-0.674749504209677,0.744627686156922,0.957048748353096
"admin2",0,"S1_latlon","Gambia","women_vitA","Water and sanitation",9,0.0460584928515534,1.32334217371681,0.546209141520916,0.233883058470765,0.957048748353096
"admin2",0,"S1_latlon","Ghana","women_iron","Agricultural production, land use",64,0.019261425239139,1.44392331200315,0.850224916623567,0.152423788105947,0.340022296544036
"admin2",0,"S1_latlon","Ghana","women_iron","Built environment",10,0.0249898030972261,1.89087886855665,1.39348982383515,0.0944527736131934,0.274672187715666
"admin2",0,"S1_latlon","Ghana","women_iron","Climate and weather",41,0.0266598944826038,1.96954454783476,1.43199664353047,0.0894552723638181,0.274672187715666
"admin2",0,"S1_latlon","Ghana","women_iron","Ecosystem productivity/greenness",14,0.0210002043069328,1.57125969877645,0.577702863258327,0.172913543228386,0.342995169082126
"admin2",0,"S1_latlon","Ghana","women_iron","Malaria incidence and treatment",23,0.0383446769948055,2.87540828174188,2.51724492924199,0.031984007996002,0.257004830917874
"admin2",0,"S1_latlon","Ghana","women_iron","Ruralness, population density, built environment",9,0.0519254626096893,3.89035727284424,2.4892887577081,0.0329835082458771,0.257004830917874
"admin2",0,"S1_latlon","Ghana","women_iron","Soil characteristics",38,0.0189321783171218,1.42250788160933,0.83783117882893,0.164417791104448,0.342650103519669
"admin2",0,"S1_latlon","Ghana","women_vitA","Agricultural production, land use",64,0.00677927843306283,0.502801010229835,-0.92542954874736,0.870564717641179,0.957048748353096
"admin2",0,"S1_latlon","Ghana","women_vitA","Built environment",10,0.00343252330740671,0.249184933752882,-1.14663251017043,0.95752123938031,0.95752123938031
"admin2",0,"S1_latlon","Ghana","women_vitA","Climate and weather",41,0.00550955321072458,0.402638132921393,-0.903073855338512,0.891054472763618,0.957048748353096
"admin2",0,"S1_latlon","Ghana","women_vitA","Ecosystem productivity/greenness",14,0.0156399162515112,1.13689725389377,0.141056727361163,0.293353323338331,0.957048748353096
"admin2",0,"S1_latlon","Ghana","women_vitA","Malaria incidence and treatment",23,0.00878456091780555,0.651175124298902,-0.46430373062434,0.612693653173413,0.957048748353096
"admin2",0,"S1_latlon","Ghana","women_vitA","Ruralness, population density, built environment",9,0.00463238350753684,0.337449947374624,-0.577512578419961,0.657671164417791,0.957048748353096
"admin2",0,"S1_latlon","Ghana","women_vitA","Soil characteristics",38,0.00529662503309092,0.390081747277911,-1.19702714603718,0.95552223888056,0.95752123938031
"admin2",0,"S1_latlon","Ghana","women_folate","Agricultural production, land use",64,0.0171347584185181,1.25911163899332,0.479755760432623,0.227386306846577,0.337089519756251
"admin2",0,"S1_latlon","Ghana","women_folate","Built environment",10,0.018572998101546,1.39269124153072,0.612536221521147,0.212393803098451,0.337089519756251
"admin2",0,"S1_latlon","Ghana","women_folate","Climate and weather",41,0.0189320813101095,1.3791990505869,0.541220692508513,0.2023988005997,0.337089519756251
"admin2",0,"S1_latlon","Ghana","women_folate","Ecosystem productivity/greenness",14,0.0517868198969097,3.8524319847153,2.97037687142184,0.0239880059970015,0.245877061469265
"admin2",0,"S1_latlon","Ghana","women_folate","Malaria incidence and treatment",23,0.0282982211212326,2.14063619861067,1.52726050678815,0.0814592703648176,0.270464767616192
"admin2",0,"S1_latlon","Ghana","women_folate","Ruralness, population density, built environment",9,0.0306148276505344,2.3670632562948,1.2050775651316,0.109445277361319,0.273598494870212
"admin2",0,"S1_latlon","Ghana","women_folate","Soil characteristics",38,0.0159240781689936,1.15224117740024,0.288281755070798,0.288855572213893,0.351339036364171
"admin2",0,"S1_latlon","Ghana","women_b12","Agricultural production, land use",64,0.0192560452842019,1.37065341067778,0.698784785064876,0.187406296851574,0.321267937459841
"admin2",0,"S1_latlon","Ghana","women_b12","Built environment",10,0.0145394438302141,1.02876226462652,0.0441260542214438,0.379810094952524,0.455772113943028
"admin2",0,"S1_latlon","Ghana","women_b12","Climate and weather",41,0.0523174449311192,3.68415677799518,3.80963769207733,0.00949525237381309,0.117941029485257
"admin2",0,"S1_latlon","Ghana","women_b12","Ecosystem productivity/greenness",14,0.0214787296476872,1.488796397579,0.50068034766047,0.208895552223888,0.334232883558221
"admin2",0,"S1_latlon","Ghana","women_b12","Malaria incidence and treatment",23,0.0159443892850711,1.16913991182244,0.222489407614566,0.276861569215392,0.369148758953856
"admin2",0,"S1_latlon","Ghana","women_b12","Ruralness, population density, built environment",9,0.0134126417920616,0.985734175855782,-0.0122947692922505,0.322838580709645,0.407796101949025
"admin2",0,"S1_latlon","Ghana","women_b12","Soil characteristics",38,0.0239418833628184,1.75432263052329,1.47653006361525,0.0839580209895052,0.15499942336524
"admin2",0,"S1_latlon","Ghana","child_iron","Agricultural production, land use",64,0.0166586789628686,1.23482521256843,0.449812487379079,0.248375812093953,0.551798174986581
"admin2",0,"S1_latlon","Ghana","child_iron","Built environment",10,0.0111797626876732,0.820399979086326,-0.280110143169149,0.521739130434783,0.738069989395546
"admin2",0,"S1_latlon","Ghana","child_iron","Climate and weather",41,0.0216839995789978,1.60717539563618,0.915750855662887,0.146926536731634,0.413358538122243
"admin2",0,"S1_latlon","Ghana","child_iron","Ecosystem productivity/greenness",14,0.0124372652971691,0.935863791257752,-0.0676268884352143,0.364817591204398,0.646790890269151
"admin2",0,"S1_latlon","Ghana","child_iron","Malaria incidence and treatment",23,0.0291493142013609,2.12511691090858,1.52581039430938,0.0789605197401299,0.360248447204969
"admin2",0,"S1_latlon","Ghana","child_iron","Ruralness, population density, built environment",9,0.00560883676665225,0.407640637210489,-0.506447376411387,0.60119940029985,0.782004830917874
"admin2",0,"S1_latlon","Ghana","child_iron","Soil characteristics",38,0.00906725391431656,0.667910016693352,-0.636309141667823,0.706146926536732,0.819130434782609
"admin2",0,"S1_latlon","Ghana","child_vitA","Agricultural production, land use",64,0.0124389292423584,0.92724809714365,-0.141235691144495,0.466766616691654,0.938405797101449
"admin2",0,"S1_latlon","Ghana","child_vitA","Built environment",10,0.0235022971352188,1.73837810758188,1.15063436302276,0.124937531234383,0.557413600891862
"admin2",0,"S1_latlon","Ghana","child_vitA","Climate and weather",41,0.0076756860229309,0.571613347357127,-0.664062809998169,0.72863568215892,0.938405797101449
"admin2",0,"S1_latlon","Ghana","child_vitA","Ecosystem productivity/greenness",14,0.00888753757479245,0.645361968806643,-0.365563093195573,0.508245877061469,0.938405797101449
"admin2",0,"S1_latlon","Ghana","child_vitA","Malaria incidence and treatment",23,0.0120108997765065,0.885598443877677,-0.157097271153659,0.429785107446277,0.938405797101449
"admin2",0,"S1_latlon","Ghana","child_vitA","Ruralness, population density, built environment",9,0.012376715319153,0.886887861614615,-0.0993058589710069,0.368315842078961,0.928796471329553
"admin2",0,"S1_latlon","Ghana","child_vitA","Soil characteristics",38,0.0105914856660468,0.782405234422035,-0.431977113279503,0.606196901549225,0.938405797101449
"admin2",0,"S1_latlon","SierraLeone","women_folate","Adult and maternal mortality",9,0.0180713299996754,0.240314234306521,-0.83252098039733,0.866566716641679,0.866566716641679
"admin2",0,"S1_latlon","SierraLeone","women_folate","Adult nutrition",9,0.0539285046683922,0.702823887149944,-0.568527368310151,0.682658670664668,0.71766680762183
"admin2",0,"S1_latlon","SierraLeone","women_folate","Agricultural production, land use",91,0.104572558113128,1.3556631391637,0.713144405091933,0.177911044477761,0.317145774938618
"admin2",0,"S1_latlon","SierraLeone","women_folate","Built environment",13,0.11354904137061,1.46764497017173,0.900182561759298,0.168915542228886,0.317145774938618
"admin2",0,"S1_latlon","SierraLeone","women_folate","Climate and weather",41,0.088979191769244,1.15638148220921,0.366175917371276,0.309345327336332,0.362375954879703
"admin2",0,"S1_latlon","SierraLeone","women_folate","Dietary diversity",11,0.0701905388846548,0.924552360790861,-0.100290735821994,0.409795102448776,0.442147347378942
"admin2",0,"S1_latlon","SierraLeone","women_folate","Ecosystem productivity/greenness",16,0.101203056876146,1.31090423079355,0.538419390295496,0.227386306846577,0.337089519756251
"admin2",0,"S1_latlon","SierraLeone","women_folate","Education, employment, SES",9,0.105077240867774,1.32359630923128,0.354987525923261,0.241879060469765,0.337089519756251
"admin2",0,"S1_latlon","SierraLeone","women_folate","Fertility, reproductive health",23,0.138267640675341,1.78579351965383,1.34274812426162,0.0984507746126937,0.270464767616192
"admin2",0,"S1_latlon","SierraLeone","women_folate","Food fortification and supplementation",6,0.101934569997298,1.32740283763005,0.431379996926238,0.246376811594203,0.337089519756251
"admin2",0,"S1_latlon","SierraLeone","women_folate","Healthcare access",6,0.0748649476332114,0.946201785685379,-0.065951465736137,0.3968015992004,0.439699069384227
"admin2",0,"S1_latlon","SierraLeone","women_folate","Household assets and characteristics",12,0.0947262448192389,1.21218149041411,0.260044417068013,0.271864067966017,0.348325837081459
"admin2",0,"S1_latlon","SierraLeone","women_folate","Infant and child morbidity/mortality",37,0.126086024869498,1.64236784646903,1.63901410994559,0.0664667666166917,0.270464767616192
"admin2",0,"S1_latlon","SierraLeone","women_folate","Malaria incidence and treatment",23,0.124892376188964,1.6236959205856,0.952605066255744,0.149425287356322,0.30632183908046
"admin2",0,"S1_latlon","SierraLeone","women_folate","Ruralness, population density, built environment",9,0.189300108677854,2.44625918480331,1.5156219847087,0.0894552723638181,0.270464767616192
"admin2",0,"S1_latlon","SierraLeone","women_folate","Soil characteristics",45,0.0944436619607301,1.23300227237451,0.420867388412893,0.254872563718141,0.337089519756251
"admin2",0,"S1_latlon","SierraLeone","women_folate","Water and sanitation",8,0.11203981999174,1.44744366918051,0.812921682589891,0.173413293353323,0.317145774938618
"admin2",0,"S1_latlon","SierraLeone","child_vitA","Adult and maternal mortality",9,0.0503152184822905,0.650222999477236,-0.364922328808245,0.510744627686157,0.938405797101449
"admin2",0,"S1_latlon","SierraLeone","child_vitA","Adult nutrition",9,0.0979841778224985,1.25401432272734,0.486803052544051,0.269865067466267,0.782608695652174
"admin2",0,"S1_latlon","SierraLeone","child_vitA","Agricultural production, land use",91,0.0493946446172931,0.635008492301291,-0.726152857735654,0.76311844077961,0.938405797101449
"admin2",0,"S1_latlon","SierraLeone","child_vitA","Built environment",13,0.0449109233756563,0.580566484141488,-0.777756285124805,0.776611694152924,0.938405797101449
"admin2",0,"S1_latlon","SierraLeone","child_vitA","Climate and weather",41,0.0673897139318647,0.880068993022332,-0.283111795488702,0.549725137431284,0.938405797101449
"admin2",0,"S1_latlon","SierraLeone","child_vitA","Dietary diversity",11,0.0928324125596702,1.18191660510903,0.252237813560443,0.28735632183908,0.793650793650794
"admin2",0,"S1_latlon","SierraLeone","child_vitA","Ecosystem productivity/greenness",16,0.0431859595557866,0.565079397701042,-0.749769749805444,0.764117941029485,0.938405797101449
"admin2",0,"S1_latlon","SierraLeone","child_vitA","Education, employment, SES",9,0.205968079895008,2.56630962865671,1.81719894614215,0.0664667666166917,0.481884057971014
"admin2",0,"S1_latlon","SierraLeone","child_vitA","Fertility, reproductive health",23,0.0884424639726987,1.12955984165697,0.227471375816069,0.320839580209895,0.845849802371542
"admin2",0,"S1_latlon","SierraLeone","child_vitA","Food fortification and supplementation",6,0.24505127224066,3.13541252774753,2.99295709651231,0.0179910044977511,0.231884057971014
"admin2",0,"S1_latlon","SierraLeone","child_vitA","Healthcare access",6,0.345117474574546,4.49831366673432,4.33150825904844,0.00399800099950025,0.115942028985507
"admin2",0,"S1_latlon","SierraLeone","child_vitA","Household assets and characteristics",12,0.257306702203629,3.28636095420934,2.85946482457111,0.0239880059970015,0.231884057971014
"admin2",0,"S1_latlon","SierraLeone","child_vitA","Infant and child morbidity/mortality",37,0.108851095617028,1.40472308016407,1.02961541362263,0.152923538230885,0.633540372670808
"admin2",0,"S1_latlon","SierraLeone","child_vitA","Malaria incidence and treatment",23,0.018589581972158,0.239118002374529,-1.16636777538706,0.96151924037981,0.975012493753123
"admin2",0,"S1_latlon","SierraLeone","child_vitA","Ruralness, population density, built environment",9,0.109528692907841,1.40223139772917,0.423819868714432,0.234382808595702,0.776167471819646
"admin2",0,"S1_latlon","SierraLeone","child_vitA","Soil characteristics",45,0.0469607211759969,0.603038483735806,-0.709644852382052,0.739630184907546,0.938405797101449
"admin2",0,"S1_latlon","SierraLeone","child_vitA","Water and sanitation",8,0.0795043358307658,1.02236284501191,0.0401131290396299,0.403298350824588,0.935652173913043
"admin2",0,"S1_latlon","SierraLeone","child_iron","Adult and maternal mortality",9,0.135995470391881,1.81093622432463,0.868078608039606,0.154422788605697,0.413358538122243
"admin2",0,"S1_latlon","SierraLeone","child_iron","Adult nutrition",9,0.124747095812575,1.62254999315331,1.20233653541288,0.137431284357821,0.413358538122243
"admin2",0,"S1_latlon","SierraLeone","child_iron","Agricultural production, land use",91,0.065551526806501,0.846367179890084,-0.318542573430036,0.550724637681159,0.742837883383889
"admin2",0,"S1_latlon","SierraLeone","child_iron","Built environment",13,0.0291041960232153,0.372676092451452,-1.16917639446586,0.942028985507246,0.942028985507246
"admin2",0,"S1_latlon","SierraLeone","child_iron","Climate and weather",41,0.108076951722848,1.41354272486378,1.00099345910415,0.161419290354823,0.413358538122243
"admin2",0,"S1_latlon","SierraLeone","child_iron","Dietary diversity",11,0.0739556837286562,0.956409472335188,-0.0577406621611092,0.380809595202399,0.646790890269151
"admin2",0,"S1_latlon","SierraLeone","child_iron","Ecosystem productivity/greenness",16,0.193001570752789,2.50962133708748,2.71134364999403,0.0174912543728136,0.126811594202899
"admin2",0,"S1_latlon","SierraLeone","child_iron","Education, employment, SES",9,0.0766779722430229,0.974328171480158,-0.0281970002779255,0.354822588705647,0.646790890269151
"admin2",0,"S1_latlon","SierraLeone","child_iron","Fertility, reproductive health",23,0.0575436577223665,0.732312198135406,-0.474128005525514,0.624687656171914,0.782004830917874
"admin2",0,"S1_latlon","SierraLeone","child_iron","Food fortification and supplementation",6,0.0806656941128157,1.04106329246907,0.0544967495529096,0.359320339830085,0.646790890269151
"admin2",0,"S1_latlon","SierraLeone","child_iron","Healthcare access",6,0.0798348610793504,1.04083796962262,0.049183449835804,0.345827086456772,0.646790890269151
"admin2",0,"S1_latlon","SierraLeone","child_iron","Household assets and characteristics",12,0.0968341673278078,1.24149731733409,0.304401541405093,0.256871564217891,0.551798174986581
"admin2",0,"S1_latlon","SierraLeone","child_iron","Infant and child morbidity/mortality",37,0.0812751437748518,1.0518501282245,0.130721620542331,0.390304847576212,0.646790890269151
"admin2",0,"S1_latlon","SierraLeone","child_iron","Malaria incidence and treatment",23,0.0429377783019646,0.551144233441951,-0.744180356149761,0.759620189905047,0.850055741360089
"admin2",0,"S1_latlon","SierraLeone","child_iron","Ruralness, population density, built environment",9,0.0121960877453467,0.153356098848885,-0.903444517232566,0.929535232383808,0.942028985507246
"admin2",0,"S1_latlon","SierraLeone","child_iron","Soil characteristics",45,0.0803588617299577,1.03707542928366,0.0681575101709205,0.379810094952524,0.646790890269151
"admin2",0,"S1_latlon","SierraLeone","child_iron","Water and sanitation",8,0.0716053582279054,0.91990629387895,-0.141199531120504,0.470764617691154,0.703827573392791
"admin2",0,"S1_latlon","SierraLeone","women_iron","Adult and maternal mortality",9,0.081914295131653,1.04904825870675,0.0508384430674025,0.32183908045977,0.491228070175439
"admin2",0,"S1_latlon","SierraLeone","women_iron","Adult nutrition",9,0.0914208546193628,1.19520335389519,0.376613971640742,0.301349325337331,0.476302389345868
"admin2",0,"S1_latlon","SierraLeone","women_iron","Agricultural production, land use",91,0.138623914098317,1.81316669296167,1.70751587856511,0.0659670164917541,0.257004830917874
"admin2",0,"S1_latlon","SierraLeone","women_iron","Built environment",13,0.148618582481249,1.95221455186924,1.88634335171116,0.0579710144927536,0.257004830917874
"admin2",0,"S1_latlon","SierraLeone","women_iron","Climate and weather",41,0.0845057904456704,1.10788748566286,0.253133305166626,0.339830084957521,0.505388331475288
"admin2",0,"S1_latlon","SierraLeone","women_iron","Dietary diversity",11,0.194242302253539,2.54790008713421,2.05122126156803,0.0514742628685657,0.257004830917874
"admin2",0,"S1_latlon","SierraLeone","women_iron","Ecosystem productivity/greenness",16,0.113508274627404,1.48910197686712,0.835995779447931,0.165417291354323,0.342650103519669
"admin2",0,"S1_latlon","SierraLeone","women_iron","Education, employment, SES",9,0.244957342193788,3.17149149383876,2.3773874975169,0.0409795102448776,0.257004830917874
"admin2",0,"S1_latlon","SierraLeone","women_iron","Fertility, reproductive health",23,0.100575723285447,1.31520128349962,0.541343625819835,0.222388805597201,0.39262187088274
"admin2",0,"S1_latlon","SierraLeone","women_iron","Food fortification and supplementation",6,0.19409767497728,2.52121970059375,2.04059166126042,0.0499750124937531,0.257004830917874
"admin2",0,"S1_latlon","SierraLeone","women_iron","Healthcare access",6,0.180302061078229,2.44451954264826,1.81113340172111,0.0604697651174413,0.257004830917874
"admin2",0,"S1_latlon","SierraLeone","women_iron","Household assets and characteristics",12,0.286339694890857,3.79243639407679,3.43184185288235,0.0139930034982509,0.257004830917874
"admin2",0,"S1_latlon","SierraLeone","women_iron","Infant and child morbidity/mortality",37,0.0555533419392996,0.719689481026924,-0.721797033777417,0.746626686656672,0.787351778656126
"admin2",0,"S1_latlon","SierraLeone","women_iron","Malaria incidence and treatment",23,0.0601081236701332,0.792588025287254,-0.326638753124486,0.528735632183908,0.601307189542484
"admin2",0,"S1_latlon","SierraLeone","women_iron","Ruralness, population density, built environment",9,0.0679265427763858,0.904273539904497,-0.100006044124549,0.389305347326337,0.564492753623188
"admin2",0,"S1_latlon","SierraLeone","women_iron","Soil characteristics",45,0.103050788641364,1.32824605078366,0.581305629007374,0.216891554222889,0.39262187088274
"admin2",0,"S1_latlon","SierraLeone","women_iron","Water and sanitation",8,0.113600520607473,1.47868601347719,0.874898732798194,0.177411294352824,0.342995169082126
"admin2",0,"S1_latlon","SierraLeone","women_vitA","Adult and maternal mortality",9,0.0452873417355906,0.599289877516965,-0.44374171870724,0.552223888055972,0.957048748353096
"admin2",0,"S1_latlon","SierraLeone","women_vitA","Adult nutrition",9,0.0393353019684409,0.506717791337808,-0.935732933151567,0.835582208895552,0.957048748353096
"admin2",0,"S1_latlon","SierraLeone","women_vitA","Agricultural production, land use",91,0.0633377607193227,0.821951174373143,-0.36641737504108,0.568215892053973,0.957048748353096
"admin2",0,"S1_latlon","SierraLeone","women_vitA","Built environment",13,0.0363912637028436,0.473985432321449,-1.00580757070545,0.881059470264868,0.957048748353096
"admin2",0,"S1_latlon","SierraLeone","women_vitA","Climate and weather",41,0.0890008964021251,1.1600486891018,0.367401249267913,0.314342828585707,0.957048748353096
"admin2",0,"S1_latlon","SierraLeone","women_vitA","Dietary diversity",11,0.0741612767372213,0.980091763707713,-0.0265451132940222,0.377311344327836,0.957048748353096
"admin2",0,"S1_latlon","SierraLeone","women_vitA","Ecosystem productivity/greenness",16,0.0343827860176988,0.453416488543845,-0.958437895042177,0.868565717141429,0.957048748353096
"admin2",0,"S1_latlon","SierraLeone","women_vitA","Education, employment, SES",9,0.119889407231059,1.50174042557757,0.543257096225805,0.212393803098451,0.957048748353096
"admin2",0,"S1_latlon","SierraLeone","women_vitA","Fertility, reproductive health",23,0.096146124919336,1.24261998417415,0.416782798867583,0.24487756121939,0.957048748353096
"admin2",0,"S1_latlon","SierraLeone","women_vitA","Food fortification and supplementation",6,0.0932725096434661,1.19683578869088,0.262794923070184,0.292353823088456,0.957048748353096
"admin2",0,"S1_latlon","SierraLeone","women_vitA","Healthcare access",6,0.0923749014963275,1.18500789481372,0.227428288992505,0.301349325337331,0.957048748353096
"admin2",0,"S1_latlon","SierraLeone","women_vitA","Household assets and characteristics",12,0.0551741054394163,0.70818834150322,-0.363633106141657,0.527236381809095,0.957048748353096
"admin2",0,"S1_latlon","SierraLeone","women_vitA","Infant and child morbidity/mortality",37,0.0969623159944866,1.26173115961911,0.677283396514356,0.229885057471264,0.957048748353096
"admin2",0,"S1_latlon","SierraLeone","women_vitA","Malaria incidence and treatment",23,0.0659512570296007,0.859749442356933,-0.215181010468802,0.47976011994003,0.957048748353096
"admin2",0,"S1_latlon","SierraLeone","women_vitA","Ruralness, population density, built environment",9,0.108952290186657,1.41104677473845,0.431948723776436,0.23488255872064,0.957048748353096
"admin2",0,"S1_latlon","SierraLeone","women_vitA","Soil characteristics",45,0.0796437577382231,1.02669315457324,0.0487563453372782,0.382808595702149,0.957048748353096
"admin2",0,"S1_latlon","SierraLeone","women_vitA","Water and sanitation",8,0.123351662307572,1.60186953559028,1.08533675904355,0.129435282358821,0.957048748353096
"admin2",0,"S2_mem","Malawi","child_vitA","Adult and maternal mortality",9,0.0129243508125135,1.07653925389535,0.103528792108629,0.345327336331834,0.813702239789196
"admin2",0,"S2_mem","Malawi","child_vitA","Adult nutrition",8,0.0122790474174303,1.06002579293715,0.113173676669852,0.379810094952524,0.813702239789196
"admin2",0,"S2_mem","Malawi","child_vitA","Agricultural production, land use",80,0.0100529278582284,0.849241789864527,-0.337295185128485,0.56471764117941,0.813702239789196
"admin2",0,"S2_mem","Malawi","child_vitA","Built environment",12,0.0145360304795437,1.21856164384674,0.339480321112775,0.285857071464268,0.813702239789196
"admin2",0,"S2_mem","Malawi","child_vitA","Climate and weather",41,0.0177360045472644,1.50452323957165,0.669718188059924,0.193903048475762,0.813702239789196
"admin2",0,"S2_mem","Malawi","child_vitA","Dietary diversity",11,0.0155167474498081,1.28260055217675,0.432369779647736,0.240379810094953,0.813702239789196
"admin2",0,"S2_mem","Malawi","child_vitA","Ecosystem productivity/greenness",16,0.0414422191382301,3.60987168429158,3.65729271028352,0.0109945027486257,0.318840579710145
"admin2",0,"S2_mem","Malawi","child_vitA","Education, employment, SES",8,0.0138034547858453,1.17322900204194,0.198016439639598,0.298350824587706,0.813702239789196
"admin2",0,"S2_mem","Malawi","child_vitA","Fertility, reproductive health",23,0.0114706221832906,0.98467389801677,-0.0338464477747333,0.44527736131934,0.813702239789196
"admin2",0,"S2_mem","Malawi","child_vitA","Food fortification and supplementation",6,0.00737166074403278,0.633005878356802,-0.548102918905875,0.663168415792104,0.813702239789196
"admin2",0,"S2_mem","Malawi","child_vitA","Healthcare access",6,0.0212990725529213,1.85590399842655,0.970410248990684,0.130934532733633,0.813702239789196
"admin2",0,"S2_mem","Malawi","child_vitA","Household assets and characteristics",12,0.00712714092521782,0.60376051727576,-0.453282332493862,0.591204397801099,0.813702239789196
"admin2",0,"S2_mem","Malawi","child_vitA","Infant and child morbidity/mortality",37,0.0100355143297322,0.863873280822473,-0.412345654600393,0.621689155422289,0.813702239789196
"admin2",0,"S2_mem","Malawi","child_vitA","Malaria incidence and treatment",23,0.00697989820654249,0.592399971299561,-0.737891196830239,0.75312343828086,0.813702239789196
"admin2",0,"S2_mem","Malawi","child_vitA","Ruralness, population density, built environment",9,0.00781281470212736,0.65192218771315,-0.315701887060979,0.466266866566717,0.813702239789196
"admin2",0,"S2_mem","Malawi","child_vitA","Soil characteristics",45,0.0077963255546878,0.670111969347012,-0.644451055257785,0.724137931034483,0.813702239789196
"admin2",0,"S2_mem","Malawi","child_vitA","Water and sanitation",8,0.0135751474999468,1.15222014872258,0.253061710120228,0.306346826586707,0.813702239789196
"admin2",0,"S2_mem","Malawi","child_zinc","Adult and maternal mortality",9,0.0106417925736451,0.893981167264944,-0.138900325246565,0.422788605697151,0.972013993003498
"admin2",0,"S2_mem","Malawi","child_zinc","Adult nutrition",8,0.0039510268768573,0.345786295681257,-1.28028417796736,0.941029485257371,0.972013993003498
"admin2",0,"S2_mem","Malawi","child_zinc","Agricultural production, land use",80,0.0078553251016587,0.665197365073023,-0.743406136005686,0.75912043978011,0.972013993003498
"admin2",0,"S2_mem","Malawi","child_zinc","Built environment",12,0.00278848593964457,0.236232911824273,-1.12533606667459,0.972013993003498,0.972013993003498
"admin2",0,"S2_mem","Malawi","child_zinc","Climate and weather",41,0.00976730885621654,0.8221594114659,-0.225972781398508,0.457771114442779,0.972013993003498
"admin2",0,"S2_mem","Malawi","child_zinc","Dietary diversity",11,0.00685712296678488,0.596106112037232,-0.646647389876949,0.72863568215892,0.972013993003498
"admin2",0,"S2_mem","Malawi","child_zinc","Ecosystem productivity/greenness",16,0.00493262110464764,0.432161995132572,-0.781126229950771,0.823088455772114,0.972013993003498
"admin2",0,"S2_mem","Malawi","child_zinc","Education, employment, SES",8,0.00715983644857537,0.601808410924426,-0.440011350455653,0.598700649675162,0.972013993003498
"admin2",0,"S2_mem","Malawi","child_zinc","Fertility, reproductive health",23,0.00927130018324433,0.795817480518648,-0.441963120828679,0.624187906046976,0.972013993003498
"admin2",0,"S2_mem","Malawi","child_zinc","Food fortification and supplementation",6,0.0232985617028403,2.02653632941717,1.50737712598384,0.0844577711144428,0.972013993003498
"admin2",0,"S2_mem","Malawi","child_zinc","Healthcare access",6,0.00518708306225582,0.43551334182035,-0.617874741266433,0.717641179410295,0.972013993003498
"admin2",0,"S2_mem","Malawi","child_zinc","Household assets and characteristics",12,0.00254887567621051,0.217539890944304,-0.912603911513973,0.96751624187906,0.972013993003498
"admin2",0,"S2_mem","Malawi","child_zinc","Infant and child morbidity/mortality",37,0.00689582320649295,0.593430781984081,-1.26844202024169,0.928535732133933,0.972013993003498
"admin2",0,"S2_mem","Malawi","child_zinc","Malaria incidence and treatment",23,0.00442479120198217,0.369303283556113,-1.14661209932525,0.931534232883558,0.972013993003498
"admin2",0,"S2_mem","Malawi","child_zinc","Ruralness, population density, built environment",9,0.00141439628286273,0.118121196624544,-0.754376899621762,0.940529735132434,0.972013993003498
"admin2",0,"S2_mem","Malawi","child_zinc","Soil characteristics",45,0.00650720664283271,0.55689382618909,-0.829069445448356,0.839080459770115,0.972013993003498
"admin2",0,"S2_mem","Malawi","child_zinc","Water and sanitation",8,0.00714772850079346,0.607559066429391,-0.673201137182931,0.721639180409795,0.972013993003498
"admin2",0,"S2_mem","Gambia","child_vitA","Adult and maternal mortality",9,0.0191004852728329,0.549334844319153,-0.727730808817614,0.740129935032484,0.813702239789196
"admin2",0,"S2_mem","Gambia","child_vitA","Adult nutrition",9,0.0292682220329209,0.845375744477349,-0.281816275014923,0.542728635682159,0.813702239789196
"admin2",0,"S2_mem","Gambia","child_vitA","Agricultural production, land use",81,0.0323242852150785,0.946482921573796,-0.11454907656353,0.458270864567716,0.813702239789196
"admin2",0,"S2_mem","Gambia","child_vitA","Built environment",12,0.0152860043967767,0.444565558428615,-1.02024339532958,0.88455772113943,0.88455772113943
"admin2",0,"S2_mem","Gambia","child_vitA","Climate and weather",41,0.031646612768891,0.917579942283071,-0.147221677235429,0.456271864067966,0.813702239789196
"admin2",0,"S2_mem","Gambia","child_vitA","Dietary diversity",11,0.0255453128555018,0.736697656857737,-0.415611464193688,0.593703148425787,0.813702239789196
"admin2",0,"S2_mem","Gambia","child_vitA","Ecosystem productivity/greenness",16,0.0524906718662606,1.55922361548112,0.702305829357847,0.173913043478261,0.813702239789196
"admin2",0,"S2_mem","Gambia","child_vitA","Education, employment, SES",9,0.0647092621412354,1.88918271194617,1.13991366610529,0.108945527236382,0.813702239789196
"admin2",0,"S2_mem","Gambia","child_vitA","Fertility, reproductive health",23,0.0487129203376463,1.41020234103683,0.981998888776829,0.150424787606197,0.813702239789196
"admin2",0,"S2_mem","Gambia","child_vitA","Food fortification and supplementation",6,0.0217636149501859,0.624957042022326,-0.496025031869432,0.64767616191904,0.813702239789196
"admin2",0,"S2_mem","Gambia","child_vitA","Healthcare access",6,0.0167118205498481,0.492343210961522,-0.581615745526552,0.691654172913543,0.813702239789196
"admin2",0,"S2_mem","Gambia","child_vitA","Household assets and characteristics",12,0.0168784252686365,0.473175919759849,-0.666501101438926,0.732133933033483,0.813702239789196
"admin2",0,"S2_mem","Gambia","child_vitA","Infant and child morbidity/mortality",37,0.0309393905958869,0.897771834346387,-0.311956784263013,0.579210394802599,0.813702239789196
"admin2",0,"S2_mem","Gambia","child_vitA","Malaria incidence and treatment",23,0.0146233672842897,0.418475860233342,-0.936623795061452,0.873063468265867,0.88455772113943
"admin2",0,"S2_mem","Gambia","child_vitA","Ruralness, population density, built environment",9,0.0149312006523273,0.418541417892571,-0.603859049621925,0.707646176911544,0.813702239789196
"admin2",0,"S2_mem","Gambia","child_vitA","Soil characteristics",45,0.0239140124551206,0.691864513367241,-0.576989870099585,0.677661169415292,0.813702239789196
"admin2",0,"S2_mem","Gambia","child_vitA","Water and sanitation",9,0.0295090343517128,0.86348310751045,-0.233539902456408,0.503748125937031,0.813702239789196
"admin2",0,"S2_mem","Malawi","women_folate","Adult and maternal mortality",9,0.00790931664615098,0.679344761712689,-0.431944505521726,0.593703148425787,0.674500587544066
"admin2",0,"S2_mem","Malawi","women_folate","Adult nutrition",8,0.0172265249090467,1.50175649913142,0.932956271063133,0.165417291354323,0.405697151424288
"admin2",0,"S2_mem","Malawi","women_folate","Agricultural production, land use",80,0.0389456812058877,3.3955520500997,5.36540797577132,0.000999500249875062,0.0204897551224388
"admin2",0,"S2_mem","Malawi","women_folate","Built environment",12,0.0430044460952717,3.80006641409325,4.40350414484073,0.00399800099950025,0.0546393469931701
"admin2",0,"S2_mem","Malawi","women_folate","Climate and weather",41,0.0896945968868514,7.82015839891425,8.73206234704049,0.000499750124937531,0.0204897551224388
"admin2",0,"S2_mem","Malawi","women_folate","Dietary diversity",11,0.022544612993579,1.91511369043012,1.38266130754385,0.0904547726136932,0.370864567716142
"admin2",0,"S2_mem","Malawi","women_folate","Ecosystem productivity/greenness",16,0.0436404322917172,3.77588354204683,3.67294381393046,0.00999500249875063,0.0819590204897551
"admin2",0,"S2_mem","Malawi","women_folate","Education, employment, SES",8,0.021579726805038,1.91086843353178,1.06914631964248,0.120439780109945,0.405697151424288
"admin2",0,"S2_mem","Malawi","women_folate","Fertility, reproductive health",23,0.015708776230457,1.36703105230482,0.799878774021784,0.183908045977011,0.405697151424288
"admin2",0,"S2_mem","Malawi","women_folate","Food fortification and supplementation",6,0.0197707834781904,1.64722076294545,0.99724650997883,0.154422788605697,0.405697151424288
"admin2",0,"S2_mem","Malawi","women_folate","Healthcare access",6,0.0101940670330421,0.879438347977693,-0.130202305852112,0.408295852073963,0.577245859828706
"admin2",0,"S2_mem","Malawi","women_folate","Household assets and characteristics",12,0.0261729328023847,2.27416563291561,1.49529266261126,0.0784607696151924,0.357432394913654
"admin2",0,"S2_mem","Malawi","women_folate","Infant and child morbidity/mortality",37,0.0158358093041172,1.35160580865691,1.11124024605177,0.12743628185907,0.405697151424288
"admin2",0,"S2_mem","Malawi","women_folate","Malaria incidence and treatment",23,0.0340700279515766,2.98593377312243,3.56020214666416,0.00949525237381309,0.0819590204897551
"admin2",0,"S2_mem","Malawi","women_folate","Ruralness, population density, built environment",9,0.0157845078570894,1.43627436796872,0.385406023791736,0.216891554222889,0.423454939197068
"admin2",0,"S2_mem","Malawi","women_folate","Soil characteristics",45,0.0305212783063835,2.6276612515559,3.11333528778459,0.0144927536231884,0.0990338164251208
"admin2",0,"S2_mem","Malawi","women_folate","Water and sanitation",8,0.0096931903326206,0.838638458847926,-0.271373095030509,0.52623688155922,0.616448918397944
"admin2",0,"S2_mem","Malawi","women_b12","Adult and maternal mortality",9,0.0486061730931273,4.17030341610501,4.16231763706312,0.00599700149925037,0.0239880059970015
"admin2",0,"S2_mem","Malawi","women_b12","Adult nutrition",8,0.0146770270178159,1.26153521377044,0.489303255945375,0.275862068965517,0.315270935960591
"admin2",0,"S2_mem","Malawi","women_b12","Agricultural production, land use",80,0.025962569425345,2.24136283037991,2.81626983103468,0.0214892553723138,0.0573046809928369
"admin2",0,"S2_mem","Malawi","women_b12","Built environment",12,0.0544138756600488,4.76880646212249,5.90844513810621,0.00149925037481259,0.0239880059970015
"admin2",0,"S2_mem","Malawi","women_b12","Climate and weather",41,0.0210522325988441,1.83608653338136,1.06501386836104,0.118440779610195,0.174971337860482
"admin2",0,"S2_mem","Malawi","women_b12","Dietary diversity",11,0.048713248820375,4.07067058074533,4.69396804480749,0.00249875062468766,0.0239880059970015
"admin2",0,"S2_mem","Malawi","women_b12","Ecosystem productivity/greenness",16,0.00481296116285702,0.416128942893944,-0.787544463866441,0.819590204897551,0.828085957021489
"admin2",0,"S2_mem","Malawi","women_b12","Education, employment, SES",8,0.0244078826851062,2.13574661528357,1.3347336942856,0.0934532733633183,0.16391804097951
"admin2",0,"S2_mem","Malawi","women_b12","Fertility, reproductive health",23,0.0315771646918708,2.73641480298664,3.67793778886596,0.00549725137431284,0.0239880059970015
"admin2",0,"S2_mem","Malawi","women_b12","Food fortification and supplementation",6,0.0188737360391832,1.62665606165017,0.914902771749442,0.154922538730635,0.20656338497418
"admin2",0,"S2_mem","Malawi","women_b12","Healthcare access",6,0.0248313024841109,2.10940442208884,1.21520969960938,0.102448775612194,0.16391804097951
"admin2",0,"S2_mem","Malawi","women_b12","Household assets and characteristics",12,0.0514333612262355,4.50299996886369,4.26939637968634,0.00699650174912544,0.0239880059970015
"admin2",0,"S2_mem","Malawi","women_b12","Infant and child morbidity/mortality",37,0.0175380440438766,1.49646442073368,1.52138992765847,0.079960019990005,0.16391804097951
"admin2",0,"S2_mem","Malawi","women_b12","Malaria incidence and treatment",23,0.0364468707980291,3.17002321224587,3.86982985605353,0.00649675162418791,0.0239880059970015
"admin2",0,"S2_mem","Malawi","women_b12","Ruralness, population density, built environment",9,0.0780068242722998,6.75865959481391,5.23375659441245,0.00549725137431284,0.0239880059970015
"admin2",0,"S2_mem","Malawi","women_b12","Soil characteristics",45,0.0190082191923471,1.64357818137794,1.30510396121348,0.0994502748625687,0.16391804097951
"admin2",0,"S2_mem","Malawi","women_b12","Water and sanitation",8,0.0193289039331618,1.66777172054817,1.1061318243226,0.123938030984508,0.174971337860482
"admin2",0,"S2_mem","Malawi","child_iron","Adult and maternal mortality",9,0.00578754260555899,0.519678356126973,-0.677391653405534,0.736631684157921,0.806125239267159
"admin2",0,"S2_mem","Malawi","child_iron","Adult nutrition",8,0.0175601291597474,1.50973816548912,0.955739143402881,0.155422288855572,0.3756038647343
"admin2",0,"S2_mem","Malawi","child_iron","Agricultural production, land use",80,0.041019010233365,3.52105792749636,5.61566220247708,0.00149925037481259,0.036231884057971
"admin2",0,"S2_mem","Malawi","child_iron","Built environment",12,0.0713623157737315,6.05108642188531,7.82565238208068,0.000999500249875062,0.036231884057971
"admin2",0,"S2_mem","Malawi","child_iron","Climate and weather",41,0.00920660001147961,0.791336191891897,-0.25915244425289,0.47576211894053,0.685111989459816
"admin2",0,"S2_mem","Malawi","child_iron","Dietary diversity",11,0.028417828882683,2.48151055318194,2.29042899401815,0.0334832583708146,0.159420289855072
"admin2",0,"S2_mem","Malawi","child_iron","Ecosystem productivity/greenness",16,0.0434561489873882,3.68546014790529,3.59247583092008,0.00899550224887556,0.0652173913043478
"admin2",0,"S2_mem","Malawi","child_iron","Education, employment, SES",8,0.0534588031770001,4.69672563939509,4.35026783486654,0.00649675162418791,0.0538302277432712
"admin2",0,"S2_mem","Malawi","child_iron","Fertility, reproductive health",23,0.027583357773703,2.3638043348995,2.97225220198718,0.0134932533733133,0.0782608695652174
"admin2",0,"S2_mem","Malawi","child_iron","Food fortification and supplementation",6,0.0269554034139357,2.28934999714315,1.82743637628801,0.0549725137431284,0.18925831202046
"admin2",0,"S2_mem","Malawi","child_iron","Healthcare access",6,0.0198983486099945,1.65186492991416,0.726629496155913,0.170414792603698,0.39536231884058
"admin2",0,"S2_mem","Malawi","child_iron","Household assets and characteristics",12,0.0705205077909877,6.05895215930691,5.90469850005543,0.00249875062468766,0.036231884057971
"admin2",0,"S2_mem","Malawi","child_iron","Infant and child morbidity/mortality",37,0.0121033216874501,1.04506766989435,0.13901389806096,0.387806096951524,0.624798711755233
"admin2",0,"S2_mem","Malawi","child_iron","Malaria incidence and treatment",23,0.0241651591231315,2.06369818353199,1.8277959716043,0.055472263868066,0.18925831202046
"admin2",0,"S2_mem","Malawi","child_iron","Ruralness, population density, built environment",9,0.091139511622426,7.61129237693783,5.94358598949881,0.00399800099950025,0.0386473429951691
"admin2",0,"S2_mem","Malawi","child_iron","Soil characteristics",45,0.0258208951645546,2.18223163759101,2.28268084708671,0.0359820089955022,0.159420289855072
"admin2",0,"S2_mem","Malawi","child_iron","Water and sanitation",8,0.0412955749290802,3.51589946813566,4.22575050115197,0.00349825087456272,0.0386473429951691
"admin2",0,"S2_mem","Malawi","women_iron","Adult and maternal mortality",9,0.00989316129222931,0.862166519085853,-0.182768653337258,0.458770614692654,0.596723377441714
"admin2",0,"S2_mem","Malawi","women_iron","Adult nutrition",8,0.00632045266260528,0.532642904964779,-0.8641872190953,0.817091454272864,0.817091454272864
"admin2",0,"S2_mem","Malawi","women_iron","Agricultural production, land use",80,0.0324749336054921,2.79010069603293,4.08674260991485,0.00599700149925037,0.231884057971014
"admin2",0,"S2_mem","Malawi","women_iron","Built environment",12,0.0398145196078229,3.39131802854332,3.67908109989772,0.0079960019990005,0.231884057971014
"admin2",0,"S2_mem","Malawi","women_iron","Climate and weather",41,0.00816551217800946,0.694332587130598,-0.382555981928832,0.546726636681659,0.615942028985507
"admin2",0,"S2_mem","Malawi","women_iron","Dietary diversity",11,0.0193245400753563,1.63923671428056,1.01508558551569,0.134432783608196,0.383712905452036
"admin2",0,"S2_mem","Malawi","women_iron","Ecosystem productivity/greenness",16,0.0191386919352367,1.623192337187,0.817713762420404,0.150924537731134,0.391934467548834
"admin2",0,"S2_mem","Malawi","women_iron","Education, employment, SES",8,0.0324844996596807,2.7352896618237,1.95667904745068,0.047976011994003,0.298773690078038
"admin2",0,"S2_mem","Malawi","women_iron","Fertility, reproductive health",23,0.0174027185228632,1.4678491082296,0.993182441510698,0.138930534732634,0.383712905452036
"admin2",0,"S2_mem","Malawi","women_iron","Food fortification and supplementation",6,0.0117060433532908,1.01818427071001,0.0270943185331089,0.390804597701149,0.581196581196581
"admin2",0,"S2_mem","Malawi","women_iron","Healthcare access",6,0.0328088417454581,2.80721411494658,1.92339620181117,0.0449775112443778,0.298773690078038
"admin2",0,"S2_mem","Malawi","women_iron","Household assets and characteristics",12,0.0312808817087566,2.57638965700611,1.81724894705568,0.0559720139930035,0.298773690078038
"admin2",0,"S2_mem","Malawi","women_iron","Infant and child morbidity/mortality",37,0.0176317714251349,1.52393895432915,1.65912255715538,0.0669665167416292,0.298773690078038
"admin2",0,"S2_mem","Malawi","women_iron","Malaria incidence and treatment",23,0.0245173895577739,2.0855711167454,1.94732077756048,0.0499750124937531,0.298773690078038
"admin2",0,"S2_mem","Malawi","women_iron","Ruralness, population density, built environment",9,0.061141760640122,5.21691688740586,3.82330402047007,0.0119940029985007,0.231884057971014
"admin2",0,"S2_mem","Malawi","women_iron","Soil characteristics",45,0.0211611236003017,1.82781426053603,1.64035192843567,0.0614692653673163,0.298773690078038
"admin2",0,"S2_mem","Malawi","women_iron","Water and sanitation",8,0.0154160431806971,1.3230930643995,0.538055540891221,0.228385807096452,0.437587657784011
"admin2",0,"S2_mem","Gambia","child_iron","Adult and maternal mortality",9,0.00984959393208532,0.284296650153095,-1.0990102182122,0.919540229885057,0.919540229885057
"admin2",0,"S2_mem","Gambia","child_iron","Adult nutrition",9,0.0271260258097276,0.777164387956334,-0.405224908495298,0.611194402798601,0.745507246376812
"admin2",0,"S2_mem","Gambia","child_iron","Agricultural production, land use",81,0.0341307744939602,0.981692250048706,-0.0399751704430651,0.426786606696652,0.661327231121282
"admin2",0,"S2_mem","Gambia","child_iron","Built environment",12,0.0150978312387556,0.435683499346156,-1.04612758911953,0.887556221889055,0.903127383676583
"admin2",0,"S2_mem","Gambia","child_iron","Climate and weather",41,0.0301768668220353,0.864620837606299,-0.249461585707669,0.512743628185907,0.685111989459816
"admin2",0,"S2_mem","Gambia","child_iron","Dietary diversity",11,0.119068590495115,3.46667261001928,3.7462672543256,0.0104947526236882,0.0676328502415459
"admin2",0,"S2_mem","Gambia","child_iron","Ecosystem productivity/greenness",16,0.0118906341931581,0.341253768204744,-0.862363151043879,0.880059970014992,0.903127383676583
"admin2",0,"S2_mem","Gambia","child_iron","Education, employment, SES",9,0.117225672851999,3.3482540718901,3.06096734729431,0.0189905047476262,0.100131752305665
"admin2",0,"S2_mem","Gambia","child_iron","Fertility, reproductive health",23,0.0519212493604034,1.50114555161155,1.18166524984184,0.122438780609695,0.354413702239789
"admin2",0,"S2_mem","Gambia","child_iron","Food fortification and supplementation",6,0.0746643767106331,2.13504634120916,1.56265178122151,0.0784607696151924,0.252818035426731
"admin2",0,"S2_mem","Gambia","child_iron","Healthcare access",6,0.0256387703101872,0.750447864101905,-0.29643414036768,0.493253373313343,0.685111989459816
"admin2",0,"S2_mem","Gambia","child_iron","Household assets and characteristics",12,0.0384250650826272,1.09554087530645,0.119964313115998,0.316341829085457,0.555994729907773
"admin2",0,"S2_mem","Gambia","child_iron","Infant and child morbidity/mortality",37,0.029594411297342,0.859870434218044,-0.425522680461641,0.622688655672164,0.745507246376812
"admin2",0,"S2_mem","Gambia","child_iron","Malaria incidence and treatment",23,0.0214755581108355,0.622965948419566,-0.594107777617545,0.700649675162419,0.78149386845039
"admin2",0,"S2_mem","Gambia","child_iron","Ruralness, population density, built environment",9,0.0174828673883685,0.486361848054127,-0.534303812065381,0.636681659170415,0.745507246376812
"admin2",0,"S2_mem","Gambia","child_iron","Soil characteristics",45,0.0191760114151448,0.548712833432649,-0.852811705911585,0.825087456271864,0.882213438735178
"admin2",0,"S2_mem","Gambia","child_iron","Water and sanitation",9,0.0274811340242121,0.800286577375264,-0.346863162178072,0.561219390304848,0.723349436392915
"admin2",0,"S2_mem","Malawi","women_vitA","Adult and maternal mortality",9,0.0118379099815791,0.995963973316467,-0.00537766072012173,0.396301849075462,0.924402663533098
"admin2",0,"S2_mem","Malawi","women_vitA","Adult nutrition",8,0.00754577450830399,0.640735317625636,-0.661334223355818,0.721639180409795,0.971777269260107
"admin2",0,"S2_mem","Malawi","women_vitA","Agricultural production, land use",80,0.00988388871636815,0.842467032907468,-0.355996079662297,0.569715142428786,0.924402663533098
"admin2",0,"S2_mem","Malawi","women_vitA","Built environment",12,0.00991281942494045,0.842212935398406,-0.248758080925307,0.503248375812094,0.924402663533098
"admin2",0,"S2_mem","Malawi","women_vitA","Climate and weather",41,0.00814871080965375,0.70102812015186,-0.379587752002085,0.543728135932034,0.924402663533098
"admin2",0,"S2_mem","Malawi","women_vitA","Dietary diversity",11,0.012449788905943,1.05207653101593,0.0808021932741461,0.354822588705647,0.924402663533098
"admin2",0,"S2_mem","Malawi","women_vitA","Ecosystem productivity/greenness",16,0.00719492729564778,0.651280747397958,-0.480602744051598,0.620689655172414,0.93719806763285
"admin2",0,"S2_mem","Malawi","women_vitA","Education, employment, SES",8,0.00643469788663653,0.54343823800796,-0.51015047470404,0.630184907546227,0.93719806763285
"admin2",0,"S2_mem","Malawi","women_vitA","Fertility, reproductive health",23,0.0154808882054257,1.33101855723468,0.71630570381264,0.195402298850575,0.856884057971015
"admin2",0,"S2_mem","Malawi","women_vitA","Food fortification and supplementation",6,0.0230780289504385,2.00154412993169,1.47180012658507,0.0854572713643178,0.856884057971015
"admin2",0,"S2_mem","Malawi","women_vitA","Healthcare access",6,0.0100834527977119,0.877757203663182,-0.139170280877061,0.401799100449775,0.924402663533098
"admin2",0,"S2_mem","Malawi","women_vitA","Household assets and characteristics",12,0.00356861396017793,0.301840198392607,-0.802344099039225,0.901549225387306,0.971777269260107
"admin2",0,"S2_mem","Malawi","women_vitA","Infant and child morbidity/mortality",37,0.0115803269174641,0.987132234030429,-0.0393170273865568,0.450274862568716,0.924402663533098
"admin2",0,"S2_mem","Malawi","women_vitA","Malaria incidence and treatment",23,0.00901794359972844,0.771636240918888,-0.393113214209501,0.576711644177911,0.924402663533098
"admin2",0,"S2_mem","Malawi","women_vitA","Ruralness, population density, built environment",9,0.00269491220001229,0.222904516836377,-0.693726261850247,0.818590704647676,0.971777269260107
"admin2",0,"S2_mem","Malawi","women_vitA","Soil characteristics",45,0.00576747221636955,0.498198154013916,-0.99778598581342,0.900549725137431,0.971777269260107
"admin2",0,"S2_mem","Malawi","women_vitA","Water and sanitation",8,0.00544693139879937,0.468032581858438,-0.912011060789054,0.839080459770115,0.971777269260107
"admin2",0,"S2_mem","Malawi","women_zinc","Adult and maternal mortality",9,0.00768653453399536,0.67103682431575,-0.439212800558877,0.602698650674663,0.928868898883891
"admin2",0,"S2_mem","Malawi","women_zinc","Adult nutrition",8,0.00460611674765439,0.401475374882016,-1.13017078401347,0.917541229385307,0.940029985007496
"admin2",0,"S2_mem","Malawi","women_zinc","Agricultural production, land use",80,0.00815309954798759,0.704073665959169,-0.679943850845866,0.743628185907046,0.928868898883891
"admin2",0,"S2_mem","Malawi","women_zinc","Built environment",12,0.013455464102294,1.16039051432354,0.239231829802081,0.301849075462269,0.920373146759953
"admin2",0,"S2_mem","Malawi","women_zinc","Climate and weather",41,0.0102859604393101,0.888846466158231,-0.149176040976835,0.430784607696152,0.928868898883891
"admin2",0,"S2_mem","Malawi","women_zinc","Dietary diversity",11,0.0129026601512478,1.10007551954199,0.158102017260946,0.324837581209395,0.920373146759953
"admin2",0,"S2_mem","Malawi","women_zinc","Ecosystem productivity/greenness",16,0.00508788423907985,0.443914048589555,-0.759275750743929,0.803098450774613,0.928868898883891
"admin2",0,"S2_mem","Malawi","women_zinc","Education, employment, SES",8,0.00902141809410903,0.778846742567327,-0.256942179393413,0.472763618190905,0.928868898883891
"admin2",0,"S2_mem","Malawi","women_zinc","Fertility, reproductive health",23,0.0137529179449579,1.18523836609261,0.377268474694953,0.273863068465767,0.920373146759953
"admin2",0,"S2_mem","Malawi","women_zinc","Food fortification and supplementation",6,0.032619466917085,2.79781322225792,2.64198267978351,0.0224887556221889,0.382308845577211
"admin2",0,"S2_mem","Malawi","women_zinc","Healthcare access",6,0.00210774068320343,0.176248368398784,-0.927854751587799,0.940029985007496,0.940029985007496
"admin2",0,"S2_mem","Malawi","women_zinc","Household assets and characteristics",12,0.00788630972868835,0.687465082686145,-0.383216599104198,0.539230384807596,0.928868898883891
"admin2",0,"S2_mem","Malawi","women_zinc","Infant and child morbidity/mortality",37,0.0173412283168747,1.49754750760344,1.55897008120325,0.0784607696151924,0.666916541729136
"admin2",0,"S2_mem","Malawi","women_zinc","Malaria incidence and treatment",23,0.0159566355535668,1.36865976911392,0.64499387199432,0.215392303848076,0.920373146759953
"admin2",0,"S2_mem","Malawi","women_zinc","Ruralness, population density, built environment",9,0.00267737181228526,0.220818214289365,-0.686018995317555,0.819590204897551,0.928868898883891
"admin2",0,"S2_mem","Malawi","women_zinc","Soil characteristics",45,0.00833929761660362,0.721687932899481,-0.56275998799787,0.681159420289855,0.928868898883891
"admin2",0,"S2_mem","Malawi","women_zinc","Water and sanitation",8,0.00836291594044263,0.720317613383503,-0.482284054704185,0.63968015992004,0.928868898883891
"admin2",0,"S2_mem","Gambia","women_iron","Adult and maternal mortality",9,0.0286149194247356,0.819436848473278,-0.282953530540177,0.526736631684158,0.615942028985507
"admin2",0,"S2_mem","Gambia","women_iron","Adult nutrition",9,0.0266262796438285,0.767327529957191,-0.431463090025193,0.610194902548726,0.655394524959742
"admin2",0,"S2_mem","Gambia","women_iron","Agricultural production, land use",81,0.0437300446843958,1.30152242847645,0.655732399778854,0.221389305347326,0.437587657784011
"admin2",0,"S2_mem","Gambia","women_iron","Built environment",12,0.0404633465897262,1.19299118540039,0.353054275503761,0.293353323338331,0.50383631713555
"admin2",0,"S2_mem","Gambia","women_iron","Climate and weather",41,0.0463416007685473,1.361924736887,0.638585253117424,0.184907546226887,0.428985507246377
"admin2",0,"S2_mem","Gambia","women_iron","Dietary diversity",11,0.0281141634455704,0.813723320782053,-0.274332110592972,0.498750624687656,0.615338164251208
"admin2",0,"S2_mem","Gambia","women_iron","Ecosystem productivity/greenness",16,0.0372155867441902,1.10800417504791,0.132329608059619,0.295352323838081,0.50383631713555
"admin2",0,"S2_mem","Gambia","women_iron","Education, employment, SES",9,0.102810303769259,2.92844572118737,2.47491597504293,0.0309845077461269,0.298773690078038
"admin2",0,"S2_mem","Gambia","women_iron","Fertility, reproductive health",23,0.0684836034057042,1.97640478463379,2.32822475880337,0.024487756121939,0.298773690078038
"admin2",0,"S2_mem","Gambia","women_iron","Food fortification and supplementation",6,0.0160338685485186,0.473223721333992,-0.725651483839,0.75912043978011,0.777015001271294
"admin2",0,"S2_mem","Gambia","women_iron","Healthcare access",6,0.037381466033577,1.09591815933969,0.112450989729909,0.320839580209895,0.516908212560387
"admin2",0,"S2_mem","Gambia","women_iron","Household assets and characteristics",12,0.0237740695905027,0.68862948942647,-0.376395128455922,0.552223888055972,0.615942028985507
"admin2",0,"S2_mem","Gambia","women_iron","Infant and child morbidity/mortality",37,0.0317352418980821,0.921613212913954,-0.235355420687632,0.547726136931534,0.615942028985507
"admin2",0,"S2_mem","Gambia","women_iron","Malaria incidence and treatment",23,0.0534138629420962,1.55212252968483,0.878133744414868,0.155422288855572,0.391934467548834
"admin2",0,"S2_mem","Gambia","women_iron","Ruralness, population density, built environment",9,0.0189030434146521,0.553041166825368,-0.457037236371431,0.574212893553223,0.628383921246924
"admin2",0,"S2_mem","Gambia","women_iron","Soil characteristics",45,0.0407960554074058,1.20584096080795,0.399570562169232,0.282358820589705,0.50383631713555
"admin2",0,"S2_mem","Gambia","women_iron","Water and sanitation",9,0.0313277191668651,0.926386569742771,-0.126811170260231,0.456771614192904,0.596723377441714
"admin2",0,"S2_mem","Gambia","women_vitA","Adult and maternal mortality",9,0.00959595748471049,0.277295913444568,-1.15855179144027,0.923538230884558,0.971777269260107
"admin2",0,"S2_mem","Gambia","women_vitA","Adult nutrition",9,0.057818392738052,1.6635483036874,1.2021847473452,0.114942528735632,0.856884057971015
"admin2",0,"S2_mem","Gambia","women_vitA","Agricultural production, land use",81,0.0175154910793795,0.497451362174924,-1.0727795288797,0.907046476761619,0.971777269260107
"admin2",0,"S2_mem","Gambia","women_vitA","Built environment",12,0.0317503549287255,0.907080173612482,-0.174161799400098,0.486756621689155,0.924402663533098
"admin2",0,"S2_mem","Gambia","women_vitA","Climate and weather",41,0.0384117696135562,1.11303620830048,0.197198450520875,0.305347326336832,0.924402663533098
"admin2",0,"S2_mem","Gambia","women_vitA","Dietary diversity",11,0.0200883755215891,0.577846242540527,-0.64807080432431,0.715142428785607,0.971777269260107
"admin2",0,"S2_mem","Gambia","women_vitA","Ecosystem productivity/greenness",16,0.0148062912204247,0.429684716178658,-0.709813973356726,0.798600699650175,0.971777269260107
"admin2",0,"S2_mem","Gambia","women_vitA","Education, employment, SES",9,0.0483448389631543,1.36874219029934,0.485527911034527,0.229385307346327,0.856884057971015
"admin2",0,"S2_mem","Gambia","women_vitA","Fertility, reproductive health",23,0.036114689735799,1.04878491503013,0.120941878281778,0.392303848075962,0.924402663533098
"admin2",0,"S2_mem","Gambia","women_vitA","Food fortification and supplementation",6,0.0662720405514594,1.90447396655607,1.26891760221209,0.095952023988006,0.856884057971015
"admin2",0,"S2_mem","Gambia","women_vitA","Healthcare access",6,0.126560844167081,3.63878996135781,3.0624196587436,0.0189905047476262,0.856884057971015
"admin2",0,"S2_mem","Gambia","women_vitA","Household assets and characteristics",12,0.0684449502145168,1.97764694229892,1.20956417930304,0.108445777111444,0.856884057971015
"admin2",0,"S2_mem","Gambia","women_vitA","Infant and child morbidity/mortality",37,0.0274857565809047,0.793666153610709,-0.616044542940995,0.702648675662169,0.971777269260107
"admin2",0,"S2_mem","Gambia","women_vitA","Malaria incidence and treatment",23,0.0453855265886643,1.31862102467509,0.500243217346953,0.230884557721139,0.856884057971015
"admin2",0,"S2_mem","Gambia","women_vitA","Ruralness, population density, built environment",9,0.0688363038584366,1.95850227110275,0.976297100985177,0.129935032483758,0.856884057971015
"admin2",0,"S2_mem","Gambia","women_vitA","Soil characteristics",45,0.0331227644093048,0.939857572589532,-0.112518457994174,0.450274862568716,0.924402663533098
"admin2",0,"S2_mem","Gambia","women_vitA","Water and sanitation",9,0.0517788350688258,1.49161298833132,0.859656864776189,0.159420289855072,0.856884057971015
"admin2",0,"S2_mem","Ghana","women_iron","Agricultural production, land use",64,0.0152055404758027,1.13955997669341,0.264247405878314,0.305847076461769,0.506832298136646
"admin2",0,"S2_mem","Ghana","women_iron","Built environment",10,0.0122028246088572,0.91245508286721,-0.146502118664664,0.464767616191904,0.596723377441714
"admin2",0,"S2_mem","Ghana","women_iron","Climate and weather",41,0.0119711563908291,0.895536247274178,-0.164116093700956,0.44727636181909,0.596723377441714
"admin2",0,"S2_mem","Ghana","women_iron","Ecosystem productivity/greenness",14,0.0197432862215832,1.47151364028373,0.512670017296545,0.19640179910045,0.437587657784011
"admin2",0,"S2_mem","Ghana","women_iron","Malaria incidence and treatment",23,0.0197998221817376,1.48696396189951,0.804126100255866,0.169415292353823,0.409420289855072
"admin2",0,"S2_mem","Ghana","women_iron","Ruralness, population density, built environment",9,0.0189809799494399,1.41796008023391,0.393181298104755,0.226386806596702,0.437587657784011
"admin2",0,"S2_mem","Ghana","women_iron","Soil characteristics",38,0.0198453985144727,1.49463794482217,1.11875431607749,0.12543728135932,0.383712905452036
"admin2",0,"S2_mem","Ghana","women_vitA","Agricultural production, land use",64,0.00568833713791577,0.414707817369732,-1.0636810460226,0.942028985507246,0.971777269260107
"admin2",0,"S2_mem","Ghana","women_vitA","Built environment",10,0.00255238632405002,0.186260633475704,-1.34779313365516,0.988005997001499,0.988005997001499
"admin2",0,"S2_mem","Ghana","women_vitA","Climate and weather",41,0.00585459314140818,0.42163596010028,-0.899948246720152,0.892553723138431,0.971777269260107
"admin2",0,"S2_mem","Ghana","women_vitA","Ecosystem productivity/greenness",14,0.0100275167409923,0.715416279274206,-0.307392753782828,0.488255872063968,0.924402663533098
"admin2",0,"S2_mem","Ghana","women_vitA","Malaria incidence and treatment",23,0.00477722529326277,0.34803694038964,-1.04327940981649,0.935032483758121,0.971777269260107
"admin2",0,"S2_mem","Ghana","women_vitA","Ruralness, population density, built environment",9,0.0040250957049543,0.296340828830864,-0.653562345083371,0.746126936531734,0.971777269260107
"admin2",0,"S2_mem","Ghana","women_vitA","Soil characteristics",38,0.00867576341723447,0.633933311133459,-0.770624459212321,0.781109445277361,0.971777269260107
"admin2",0,"S2_mem","Ghana","women_folate","Agricultural production, land use",64,0.00994274520456763,0.74896140699406,-0.47879030074794,0.626186906546727,0.67562271495831
"admin2",0,"S2_mem","Ghana","women_folate","Built environment",10,0.0114095342046811,0.845227266388929,-0.249898546303267,0.507246376811594,0.611679454390452
"admin2",0,"S2_mem","Ghana","women_folate","Climate and weather",41,0.0112718584498759,0.829946843045284,-0.266312676479243,0.487256371814093,0.605379128617509
"admin2",0,"S2_mem","Ghana","women_folate","Ecosystem productivity/greenness",14,0.00210070790463197,0.160555938799864,-0.908752198126896,0.975012493753123,0.975012493753123
"admin2",0,"S2_mem","Ghana","women_folate","Malaria incidence and treatment",23,0.0258292142493771,1.94963824222002,1.59107215929272,0.0759620189905048,0.357432394913654
"admin2",0,"S2_mem","Ghana","women_folate","Ruralness, population density, built environment",9,0.0233827402415225,1.78249241116171,0.723104393820478,0.169415292353823,0.405697151424288
"admin2",0,"S2_mem","Ghana","women_folate","Soil characteristics",38,0.0170280247945434,1.25386460690337,0.536684129108036,0.235882058970515,0.439598382626868
"admin2",0,"S2_mem","Ghana","women_b12","Agricultural production, land use",64,0.0253554493333142,1.87364307564007,1.66367266421664,0.0684657671164418,0.16391804097951
"admin2",0,"S2_mem","Ghana","women_b12","Built environment",10,0.0202479543799973,1.4899806660968,0.79998013384839,0.181909045477261,0.218290854572714
"admin2",0,"S2_mem","Ghana","women_b12","Climate and weather",41,0.0204073063751932,1.49153530850418,0.80368226199394,0.171914042978511,0.217154580604435
"admin2",0,"S2_mem","Ghana","women_b12","Ecosystem productivity/greenness",14,0.0100340536665809,0.738523604925605,-0.277545511732518,0.465267366316842,0.507564399618373
"admin2",0,"S2_mem","Ghana","women_b12","Malaria incidence and treatment",23,0.0382640443166341,2.82824653098724,2.92934868656141,0.0169915042478761,0.0509745127436282
"admin2",0,"S2_mem","Ghana","women_b12","Ruralness, population density, built environment",9,0.0029358022269504,0.216989964740539,-0.719415622193442,0.828085957021489,0.828085957021489
"admin2",0,"S2_mem","Ghana","women_b12","Soil characteristics",38,0.0220078415292201,1.62910564284082,1.37929120614534,0.0889555222388806,0.16391804097951
"admin2",0,"S2_mem","Ghana","child_iron","Agricultural production, land use",64,0.0209199102879188,1.55632250680244,1.04992435742559,0.117941029485257,0.354413702239789
"admin2",0,"S2_mem","Ghana","child_iron","Built environment",10,0.011969463107274,0.886084955730721,-0.188994999336603,0.479260369815092,0.685111989459816
"admin2",0,"S2_mem","Ghana","child_iron","Climate and weather",41,0.0181898636118303,1.35103341313629,0.556855123774918,0.206896551724138,0.444444444444444
"admin2",0,"S2_mem","Ghana","child_iron","Ecosystem productivity/greenness",14,0.0381106861418374,2.81925186207661,1.94320921911682,0.0514742628685657,0.18925831202046
"admin2",0,"S2_mem","Ghana","child_iron","Malaria incidence and treatment",23,0.0213349276262017,1.58562021228833,0.998461026763358,0.134432783608196,0.354413702239789
"admin2",0,"S2_mem","Ghana","child_iron","Ruralness, population density, built environment",9,0.00299436118084573,0.216564198250053,-0.729491889135732,0.836581709145427,0.882213438735178
"admin2",0,"S2_mem","Ghana","child_iron","Soil characteristics",38,0.0109493340350001,0.81431484038213,-0.403895158977116,0.596701649175412,0.745507246376812
"admin2",0,"S2_mem","Ghana","child_vitA","Agricultural production, land use",64,0.0136396100509468,1.00329320239357,0.00631552894626137,0.401299350324838,0.813702239789196
"admin2",0,"S2_mem","Ghana","child_vitA","Built environment",10,0.0169456101632949,1.24456625114503,0.399287947106441,0.283858070964518,0.813702239789196
"admin2",0,"S2_mem","Ghana","child_vitA","Climate and weather",41,0.0074531633217243,0.555050139043571,-0.706063072581486,0.771614192903548,0.813702239789196
"admin2",0,"S2_mem","Ghana","child_vitA","Ecosystem productivity/greenness",14,0.00791349498488045,0.577157592348601,-0.453332771069706,0.592703648175912,0.813702239789196
"admin2",0,"S2_mem","Ghana","child_vitA","Malaria incidence and treatment",23,0.0102589163418827,0.761268077054586,-0.3946028300051,0.576711644177911,0.813702239789196
"admin2",0,"S2_mem","Ghana","child_vitA","Ruralness, population density, built environment",9,0.0190684961742822,1.38453356176104,0.3443585218398,0.23288355822089,0.813702239789196
"admin2",0,"S2_mem","Ghana","child_vitA","Soil characteristics",38,0.0177493027565087,1.30156332118649,0.665225546172656,0.209395302348826,0.813702239789196
"admin2",0,"S2_mem","SierraLeone","women_folate","Adult and maternal mortality",9,0.0217701634202478,0.288262639560731,-0.756314896129329,0.812093953023488,0.832396301849075
"admin2",0,"S2_mem","SierraLeone","women_folate","Adult nutrition",9,0.054298934615847,0.70376430160219,-0.566843304448366,0.674662668665667,0.709260754238266
"admin2",0,"S2_mem","SierraLeone","women_folate","Agricultural production, land use",91,0.0930153282165691,1.20226012859709,0.413866371945814,0.261369315342329,0.446505913709812
"admin2",0,"S2_mem","SierraLeone","women_folate","Built environment",13,0.111118393916223,1.42921189498258,0.790781617922657,0.197901049475262,0.405697151424288
"admin2",0,"S2_mem","SierraLeone","women_folate","Climate and weather",41,0.0624706350357611,0.803002936743882,-0.415910763990863,0.608695652173913,0.674500587544066
"admin2",0,"S2_mem","SierraLeone","women_folate","Dietary diversity",11,0.0945258105239688,1.24069870219781,0.323714196037813,0.252373813093453,0.446505913709812
"admin2",0,"S2_mem","SierraLeone","women_folate","Ecosystem productivity/greenness",16,0.0840820290012751,1.08159737149446,0.112162097564306,0.328335832083958,0.517760350593934
"admin2",0,"S2_mem","SierraLeone","women_folate","Education, employment, SES",9,0.0719979641590915,0.914516831669968,-0.0925763226632465,0.379810094952524,0.576748662705684
"admin2",0,"S2_mem","SierraLeone","women_folate","Fertility, reproductive health",23,0.118234802605415,1.52680386107306,0.915245649151098,0.150424787606197,0.405697151424288
"admin2",0,"S2_mem","SierraLeone","women_folate","Food fortification and supplementation",6,0.118586500293484,1.5585421789581,0.734286518499653,0.181409295352324,0.405697151424288
"admin2",0,"S2_mem","SierraLeone","women_folate","Healthcare access",6,0.0614783971006992,0.778440731467585,-0.263121200465134,0.470264867566217,0.602526861569215
"admin2",0,"S2_mem","SierraLeone","women_folate","Household assets and characteristics",12,0.0630389401812265,0.805616420566811,-0.231322553881526,0.443778110944528,0.586932340281472
"admin2",0,"S2_mem","SierraLeone","women_folate","Infant and child morbidity/mortality",37,0.125172332839186,1.63354395900413,1.68481332589761,0.0669665167416292,0.357432394913654
"admin2",0,"S2_mem","SierraLeone","women_folate","Malaria incidence and treatment",23,0.0740195828952285,0.955951427567091,-0.0638832557828539,0.400299850074962,0.577245859828706
"admin2",0,"S2_mem","SierraLeone","women_folate","Ruralness, population density, built environment",9,0.126618412142439,1.6226482589849,0.639084971126695,0.19640179910045,0.405697151424288
"admin2",0,"S2_mem","SierraLeone","women_folate","Soil characteristics",45,0.0918141749051484,1.20135292938301,0.384097645036028,0.275862068965517,0.452413793103448
"admin2",0,"S2_mem","SierraLeone","women_folate","Water and sanitation",8,0.0753906439200234,0.970765892276687,-0.0501732030444534,0.439780109945027,0.586932340281472
"admin2",0,"S2_mem","SierraLeone","child_vitA","Adult and maternal mortality",9,0.0541796761421006,0.706704051750815,-0.300662370071219,0.466766616691654,0.813702239789196
"admin2",0,"S2_mem","SierraLeone","child_vitA","Adult nutrition",9,0.0861443752270642,1.10449620406733,0.198953043640644,0.36031984007996,0.813702239789196
"admin2",0,"S2_mem","SierraLeone","child_vitA","Agricultural production, land use",91,0.0521809110099436,0.676217192876543,-0.663714689126386,0.71464267866067,0.813702239789196
"admin2",0,"S2_mem","SierraLeone","child_vitA","Built environment",13,0.0446261742445909,0.582391496875643,-0.766446425444793,0.760619690154923,0.813702239789196
"admin2",0,"S2_mem","SierraLeone","child_vitA","Climate and weather",41,0.064956661873343,0.854279619040637,-0.318820140101608,0.56071964017991,0.813702239789196
"admin2",0,"S2_mem","SierraLeone","child_vitA","Dietary diversity",11,0.102440865743145,1.31103365162415,0.430307052228011,0.23488255872064,0.813702239789196
"admin2",0,"S2_mem","SierraLeone","child_vitA","Ecosystem productivity/greenness",16,0.043716489218608,0.573313009241089,-0.579706223521043,0.660669665167416,0.813702239789196
"admin2",0,"S2_mem","SierraLeone","child_vitA","Education, employment, SES",9,0.191758696226406,2.41684570517185,1.61000596830518,0.0854572713643178,0.813702239789196
"admin2",0,"S2_mem","SierraLeone","child_vitA","Fertility, reproductive health",23,0.0805660005220481,1.03574325427689,0.0625474568145356,0.375812093953024,0.813702239789196
"admin2",0,"S2_mem","SierraLeone","child_vitA","Food fortification and supplementation",6,0.212065688062444,2.7056962169081,2.32389554863123,0.0354822588705647,0.514492753623188
"admin2",0,"S2_mem","SierraLeone","child_vitA","Healthcare access",6,0.320220337633964,4.21703432584729,3.8544031701184,0.00599700149925037,0.318840579710145
"admin2",0,"S2_mem","SierraLeone","child_vitA","Household assets and characteristics",12,0.266119701925744,3.4355397575783,2.98878247326306,0.0174912543728136,0.338164251207729
"admin2",0,"S2_mem","SierraLeone","child_vitA","Infant and child morbidity/mortality",37,0.082744597787998,1.06517916473756,0.17134078604807,0.380809595202399,0.813702239789196
"admin2",0,"S2_mem","SierraLeone","child_vitA","Malaria incidence and treatment",23,0.0337391706339238,0.436971246625616,-0.8167712458888,0.812093953023488,0.841097308488613
"admin2",0,"S2_mem","SierraLeone","child_vitA","Ruralness, population density, built environment",9,0.116418933664563,1.49762637076321,0.5141090074272,0.212393803098451,0.813702239789196
"admin2",0,"S2_mem","SierraLeone","child_vitA","Soil characteristics",45,0.0581320946373618,0.751491258250615,-0.463670326276654,0.617691154422789,0.813702239789196
"admin2",0,"S2_mem","SierraLeone","child_vitA","Water and sanitation",8,0.100342745002911,1.29405990436134,0.497585357748468,0.239880059970015,0.813702239789196
"admin2",0,"S2_mem","SierraLeone","child_iron","Adult and maternal mortality",9,0.0834378250692459,1.11809902133202,0.123405087911768,0.300849575212394,0.545289855072464
"admin2",0,"S2_mem","SierraLeone","child_iron","Adult nutrition",9,0.119115653032559,1.55988714547251,1.07991211407866,0.143928035982009,0.362948960302457
"admin2",0,"S2_mem","SierraLeone","child_iron","Agricultural production, land use",91,0.0951027524318117,1.22908876439072,0.500061870557352,0.254372813593203,0.491787439613527
"admin2",0,"S2_mem","SierraLeone","child_iron","Built environment",13,0.0919253614385608,1.1820870852417,0.334113349113136,0.300349825087456,0.545289855072464
"admin2",0,"S2_mem","SierraLeone","child_iron","Climate and weather",41,0.146297360771585,1.91900529632505,2.09883394304359,0.0384807596201899,0.159420289855072
"admin2",0,"S2_mem","SierraLeone","child_iron","Dietary diversity",11,0.103732322717676,1.36514333967836,0.485033147825292,0.217891054472764,0.447776111944028
"admin2",0,"S2_mem","SierraLeone","child_iron","Ecosystem productivity/greenness",16,0.308649201996369,4.11141366565799,4.53823738580112,0.00249875062468766,0.036231884057971
"admin2",0,"S2_mem","SierraLeone","child_iron","Education, employment, SES",9,0.112791272358031,1.44095947375445,0.480429952390794,0.223888055972014,0.447776111944028
"admin2",0,"S2_mem","SierraLeone","child_iron","Fertility, reproductive health",23,0.0833148771346408,1.0683187740928,0.121577450352914,0.349825087456272,0.596760443307758
"admin2",0,"S2_mem","SierraLeone","child_iron","Food fortification and supplementation",6,0.0795608637994795,1.02496722525537,0.0325733453964141,0.373313343328336,0.618633540372671
"admin2",0,"S2_mem","SierraLeone","child_iron","Healthcare access",6,0.149422631839002,1.97531570035374,1.12665953272115,0.128435782108946,0.354413702239789
"admin2",0,"S2_mem","SierraLeone","child_iron","Household assets and characteristics",12,0.121425929323837,1.56541941668485,0.700740694396255,0.178910544727636,0.399108138238573
"admin2",0,"S2_mem","SierraLeone","child_iron","Infant and child morbidity/mortality",37,0.0711102779592735,0.922800622048169,-0.19907390728224,0.519740129935032,0.685111989459816
"admin2",0,"S2_mem","SierraLeone","child_iron","Malaria incidence and treatment",23,0.0458248467082756,0.587973207295801,-0.637328238933894,0.696151924037981,0.78149386845039
"admin2",0,"S2_mem","SierraLeone","child_iron","Ruralness, population density, built environment",9,0.037611080318845,0.470670961802197,-0.563780870844441,0.642678660669665,0.745507246376812
"admin2",0,"S2_mem","SierraLeone","child_iron","Soil characteristics",45,0.0742960068066363,0.958500044745475,-0.0815776333285044,0.43328335832084,0.661327231121282
"admin2",0,"S2_mem","SierraLeone","child_iron","Water and sanitation",8,0.0676762176644919,0.875917134022753,-0.206448553441427,0.501249375312344,0.685111989459816
"admin2",0,"S2_mem","SierraLeone","women_iron","Adult and maternal mortality",9,0.0691935903659531,0.88694752967433,-0.113360098530742,0.378810594702649,0.578184591914569
"admin2",0,"S2_mem","SierraLeone","women_iron","Adult nutrition",9,0.0724582381124627,0.944255866318684,-0.107282196390369,0.473263368315842,0.596723377441714
"admin2",0,"S2_mem","SierraLeone","women_iron","Agricultural production, land use",91,0.11334765592995,1.49037732188379,1.06576464074072,0.133433283358321,0.383712905452036
"admin2",0,"S2_mem","SierraLeone","women_iron","Built environment",13,0.11993603498863,1.5920286583126,1.1451253929327,0.137931034482759,0.383712905452036
"admin2",0,"S2_mem","SierraLeone","women_iron","Climate and weather",41,0.0821179223323416,1.08654702817865,0.193697337344128,0.355322338830585,0.556991774383079
"admin2",0,"S2_mem","SierraLeone","women_iron","Dietary diversity",11,0.174826974938642,2.3048089570919,1.75842834921968,0.0649675162418791,0.298773690078038
"admin2",0,"S2_mem","SierraLeone","women_iron","Ecosystem productivity/greenness",16,0.045990254228838,0.606660375500614,-0.554100124563571,0.655672163918041,0.691436100131752
"admin2",0,"S2_mem","SierraLeone","women_iron","Education, employment, SES",9,0.183301880671879,2.3777914483942,1.50584954910258,0.0869565217391304,0.336231884057971
"admin2",0,"S2_mem","SierraLeone","women_iron","Fertility, reproductive health",23,0.0724849420476653,0.951700617169577,-0.0837015586393275,0.427786106946527,0.596723377441714
"admin2",0,"S2_mem","SierraLeone","women_iron","Food fortification and supplementation",6,0.166973959239543,2.15916145609562,1.52003954225724,0.0764617691154423,0.316770186335404
"admin2",0,"S2_mem","SierraLeone","women_iron","Healthcare access",6,0.135835746439989,1.85238652785939,1.0099081769479,0.131934032983508,0.383712905452036
"admin2",0,"S2_mem","SierraLeone","women_iron","Household assets and characteristics",12,0.225275062131159,2.99057620537842,2.42684403764643,0.0379810094952524,0.298773690078038
"admin2",0,"S2_mem","SierraLeone","women_iron","Infant and child morbidity/mortality",37,0.0547211374652364,0.707227672172186,-0.767598729748961,0.763618190904548,0.777015001271294
"admin2",0,"S2_mem","SierraLeone","women_iron","Malaria incidence and treatment",23,0.0611755057685745,0.81011588172712,-0.284983918559668,0.509245377311344,0.615338164251208
"admin2",0,"S2_mem","SierraLeone","women_iron","Ruralness, population density, built environment",9,0.058063709151209,0.772416541097899,-0.235534837867815,0.454272863568216,0.596723377441714
"admin2",0,"S2_mem","SierraLeone","women_iron","Soil characteristics",45,0.0999103393814514,1.2918631902652,0.554598945105244,0.233883058470765,0.437587657784011
"admin2",0,"S2_mem","SierraLeone","women_iron","Water and sanitation",8,0.103990619138189,1.35501828681835,0.615505305381532,0.226386806596702,0.437587657784011
"admin2",0,"S2_mem","SierraLeone","women_vitA","Adult and maternal mortality",9,0.0420859198409922,0.556359957488479,-0.485221437516537,0.589705147426287,0.924402663533098
"admin2",0,"S2_mem","SierraLeone","women_vitA","Adult nutrition",9,0.05387414773795,0.690961430250311,-0.601786181732598,0.689655172413793,0.971777269260107
"admin2",0,"S2_mem","SierraLeone","women_vitA","Agricultural production, land use",91,0.067270618822209,0.871478503252921,-0.273758363722924,0.523238380809595,0.924402663533098
"admin2",0,"S2_mem","SierraLeone","women_vitA","Built environment",13,0.0254825702024718,0.331610370226365,-1.26946467258547,0.955022488755622,0.971777269260107
"admin2",0,"S2_mem","SierraLeone","women_vitA","Climate and weather",41,0.0951864561237768,1.22988080441126,0.493453478908194,0.265367316341829,0.90537084398977
"admin2",0,"S2_mem","SierraLeone","women_vitA","Dietary diversity",11,0.0805778700996658,1.05842161457683,0.0800064366989697,0.31984007996002,0.924402663533098
"admin2",0,"S2_mem","SierraLeone","women_vitA","Ecosystem productivity/greenness",16,0.0360750182002812,0.470832466812333,-0.745808592236139,0.777611194402799,0.971777269260107
"admin2",0,"S2_mem","SierraLeone","women_vitA","Education, employment, SES",9,0.11751405175078,1.47029268948706,0.503484111779067,0.220889555222389,0.856884057971015
"admin2",0,"S2_mem","SierraLeone","women_vitA","Fertility, reproductive health",23,0.110801583754102,1.42523609656886,0.736167314787452,0.183408295852074,0.856884057971015
"admin2",0,"S2_mem","SierraLeone","women_vitA","Food fortification and supplementation",6,0.106781882631466,1.37353210332754,0.491181191629642,0.226886556721639,0.856884057971015
"admin2",0,"S2_mem","SierraLeone","women_vitA","Healthcare access",6,0.0863333243780416,1.09915279566613,0.117066500580375,0.322838580709645,0.924402663533098
"admin2",0,"S2_mem","SierraLeone","women_vitA","Household assets and characteristics",12,0.052111448542049,0.666673806996963,-0.4095052255505,0.558220889555222,0.924402663533098
"admin2",0,"S2_mem","SierraLeone","women_vitA","Infant and child morbidity/mortality",37,0.0982583272236266,1.27081653093275,0.711955880945279,0.222388805597201,0.856884057971015
"admin2",0,"S2_mem","SierraLeone","women_vitA","Malaria incidence and treatment",23,0.0753560025777366,0.973785125564257,-0.0390170966975459,0.4007996001999,0.924402663533098
"admin2",0,"S2_mem","SierraLeone","women_vitA","Ruralness, population density, built environment",9,0.109196554619292,1.40752522414737,0.426786263914786,0.236381809095452,0.856884057971015
"admin2",0,"S2_mem","SierraLeone","women_vitA","Soil characteristics",45,0.0755543866093089,0.970700258587035,-0.05613117023892,0.437781109445277,0.924402663533098
"admin2",0,"S2_mem","SierraLeone","women_vitA","Water and sanitation",8,0.116208446167717,1.51052327172247,0.869431544562442,0.16591704147926,0.856884057971015
"admin2",0,"S3_blockperm","Malawi","child_vitA","Adult and maternal mortality",9,0.0109766095249421,1.06323338373954,0.131016371475468,0.388805597201399,0.688601645123384
"admin2",0,"S3_blockperm","Malawi","child_vitA","Adult nutrition",8,0.0221546799246918,1.47236521519563,1.24330911430945,0.112443778110945,0.589940323955669
"admin2",0,"S3_blockperm","Malawi","child_vitA","Agricultural production, land use",80,0.0195748495998444,1.31947571905714,1.20961301471313,0.121939030484758,0.589940323955669
"admin2",0,"S3_blockperm","Malawi","child_vitA","Built environment",12,0.0179830637644887,1.22740522399241,0.691321442223642,0.222888555722139,0.646502835538752
"admin2",0,"S3_blockperm","Malawi","child_vitA","Climate and weather",41,0.0218786293256204,1.20246157484815,0.639363466188628,0.250374812593703,0.646502835538752
"admin2",0,"S3_blockperm","Malawi","child_vitA","Dietary diversity",11,0.0202522334801824,1.43195248594193,0.702965033977423,0.209895052473763,0.646502835538752
"admin2",0,"S3_blockperm","Malawi","child_vitA","Ecosystem productivity/greenness",16,0.0543722001316237,2.41567890805204,2.6882363770186,0.0119940029985007,0.376811594202899
"admin2",0,"S3_blockperm","Malawi","child_vitA","Education, employment, SES",8,0.00784990079093958,0.541991234565456,-0.67810362856616,0.704647676161919,0.868450390189521
"admin2",0,"S3_blockperm","Malawi","child_vitA","Fertility, reproductive health",23,0.00842085787410727,0.67022691397954,-0.71187682938534,0.72863568215892,0.868450390189521
"admin2",0,"S3_blockperm","Malawi","child_vitA","Food fortification and supplementation",6,0.00577715430802705,0.585614500980729,-0.722869018579646,0.742128935532234,0.868450390189521
"admin2",0,"S3_blockperm","Malawi","child_vitA","Healthcare access",6,0.0465363876971033,1.43843439536952,0.900827886106528,0.172913543228386,0.589940323955669
"admin2",0,"S3_blockperm","Malawi","child_vitA","Household assets and characteristics",12,0.0149081629955661,0.914572647181375,-0.155146967083624,0.43928035982009,0.688601645123384
"admin2",0,"S3_blockperm","Malawi","child_vitA","Infant and child morbidity/mortality",37,0.0133297549648252,0.969588166682936,-0.130467525061206,0.513743128435782,0.783315659243549
"admin2",0,"S3_blockperm","Malawi","child_vitA","Malaria incidence and treatment",23,0.0224043270969112,1.12638132223684,0.421769700992211,0.310344827586207,0.673663168415792
"admin2",0,"S3_blockperm","Malawi","child_vitA","Ruralness, population density, built environment",9,0.00835634764436249,0.557572526383879,-0.483356974784925,0.590204897551224,0.815044858523119
"admin2",0,"S3_blockperm","Malawi","child_vitA","Soil characteristics",45,0.0256493411101717,1.61301409000907,2.24341516230159,0.0269865067466267,0.521739130434783
"admin2",0,"S3_blockperm","Malawi","child_vitA","Water and sanitation",8,0.00635607511144103,1.14228621126634,0.254770403953414,0.329335332333833,0.673663168415792
"admin2",0,"S3_blockperm","Malawi","child_zinc","Adult and maternal mortality",9,0.0129537665752386,0.951388732940437,-0.0886018864377169,0.474262868565717,0.783733133433283
"admin2",0,"S3_blockperm","Malawi","child_zinc","Adult nutrition",8,0.00336423211744567,0.36831712358784,-1.14420909516467,0.940029985007496,0.966016991504248
"admin2",0,"S3_blockperm","Malawi","child_zinc","Agricultural production, land use",80,0.00919682835920716,0.783973132252265,-0.898598954388989,0.821089455272364,0.930568049308679
"admin2",0,"S3_blockperm","Malawi","child_zinc","Built environment",12,0.00956699682964776,0.859903219395329,-0.303806587096382,0.553223388305847,0.783733133433283
"admin2",0,"S3_blockperm","Malawi","child_zinc","Climate and weather",41,0.0114982021942112,1.03586291431436,0.102574782341347,0.400299850074962,0.783733133433283
"admin2",0,"S3_blockperm","Malawi","child_zinc","Dietary diversity",11,0.00535319182421642,0.689214667785973,-0.507645093442074,0.639180409795102,0.835851305116672
"admin2",0,"S3_blockperm","Malawi","child_zinc","Ecosystem productivity/greenness",16,0.017235525913516,1.49211029879465,0.696282471050583,0.201899050474763,0.657004830917874
"admin2",0,"S3_blockperm","Malawi","child_zinc","Education, employment, SES",8,0.0155838634839582,2.33681124670501,1.67875157308556,0.0614692653673163,0.628685657171414
"admin2",0,"S3_blockperm","Malawi","child_zinc","Fertility, reproductive health",23,0.0108161593553355,1.22069260918929,0.524878489112514,0.231884057971014,0.657004830917874
"admin2",0,"S3_blockperm","Malawi","child_zinc","Food fortification and supplementation",6,0.00695735037522667,0.579218914772079,-0.84128636736424,0.7936031984008,0.930568049308679
"admin2",0,"S3_blockperm","Malawi","child_zinc","Healthcare access",6,0.019298580804103,1.65847297192748,0.785267973749176,0.186906546726637,0.657004830917874
"admin2",0,"S3_blockperm","Malawi","child_zinc","Household assets and characteristics",12,0.00758147201862831,0.785126753994094,-0.322825658225098,0.514742628685657,0.783733133433283
"admin2",0,"S3_blockperm","Malawi","child_zinc","Infant and child morbidity/mortality",37,0.00710959111718493,0.648214988632561,-1.58352543060978,0.966016991504248,0.966016991504248
"admin2",0,"S3_blockperm","Malawi","child_zinc","Malaria incidence and treatment",23,0.0233278160340828,1.55659432968884,1.57515329464932,0.0739630184907546,0.628685657171414
"admin2",0,"S3_blockperm","Malawi","child_zinc","Ruralness, population density, built environment",9,0.0100000076063098,0.739225500887874,-0.281768818513438,0.47976011994003,0.783733133433283
"admin2",0,"S3_blockperm","Malawi","child_zinc","Soil characteristics",45,0.0108551019701327,1.10252141231762,0.341642557630473,0.315342328835582,0.765831370029271
"admin2",0,"S3_blockperm","Malawi","child_zinc","Water and sanitation",8,0.0158003619895608,1.52602957335733,0.900371366745882,0.166916541729135,0.657004830917874
"admin2",0,"S3_blockperm","Gambia","child_vitA","Adult and maternal mortality",9,0.0492938910657946,0.908268705685901,-0.238409011761037,0.547226386806597,0.783315659243549
"admin2",0,"S3_blockperm","Gambia","child_vitA","Adult nutrition",9,0.118608257610146,1.12120777090382,0.389246805423855,0.327336331834083,0.673663168415792
"admin2",0,"S3_blockperm","Gambia","child_vitA","Agricultural production, land use",81,0.143655701891273,1.13049825701107,1.06131376811665,0.145927036481759,0.589940323955669
"admin2",0,"S3_blockperm","Gambia","child_vitA","Built environment",12,0.0970966705593129,0.960266961911922,-0.20994113968418,0.553723138430785,0.783315659243549
"admin2",0,"S3_blockperm","Gambia","child_vitA","Climate and weather",41,0.236224487493554,1.02154587057184,0.158150499378736,0.414792603698151,0.688601645123384
"admin2",0,"S3_blockperm","Gambia","child_vitA","Dietary diversity",11,0.042873986567346,1.07258822225712,0.149094687052097,0.336831584207896,0.673663168415792
"admin2",0,"S3_blockperm","Gambia","child_vitA","Ecosystem productivity/greenness",16,0.065743756483567,0.746096584103683,-1.18129327290882,0.893053473263368,0.929035482258871
"admin2",0,"S3_blockperm","Gambia","child_vitA","Education, employment, SES",9,0.251882472030853,1.33053346732235,1.28090190892513,0.109945027486257,0.589940323955669
"admin2",0,"S3_blockperm","Gambia","child_vitA","Fertility, reproductive health",23,0.129951862485076,1.28838698405404,1.02419578037746,0.160419790104948,0.589940323955669
"admin2",0,"S3_blockperm","Gambia","child_vitA","Food fortification and supplementation",6,0.0343517532483474,0.363095772165142,-1.35520272144083,0.929035482258871,0.929035482258871
"admin2",0,"S3_blockperm","Gambia","child_vitA","Healthcare access",6,0.0448278780264037,0.690768899960549,-0.492706734711998,0.620689655172414,0.837209302325581
"admin2",0,"S3_blockperm","Gambia","child_vitA","Household assets and characteristics",12,0.137101457420572,1.02074572870438,0.0555985124395244,0.430784607696152,0.688601645123384
"admin2",0,"S3_blockperm","Gambia","child_vitA","Infant and child morbidity/mortality",37,0.0350817179905141,0.818267438349719,-0.795665194986897,0.778610694652674,0.868450390189521
"admin2",0,"S3_blockperm","Gambia","child_vitA","Malaria incidence and treatment",23,0.177915527909368,1.02447196562878,0.148616110580837,0.414792603698151,0.688601645123384
"admin2",0,"S3_blockperm","Gambia","child_vitA","Ruralness, population density, built environment",9,0.164252326524222,1.18632117290785,0.458040829116063,0.294352823588206,0.673663168415792
"admin2",0,"S3_blockperm","Gambia","child_vitA","Soil characteristics",45,0.183396506168878,1.07091003709851,0.58675902637694,0.28335832083958,0.673663168415792
"admin2",0,"S3_blockperm","Gambia","child_vitA","Water and sanitation",9,0.049203439185947,0.578459741822994,-1.28786439939879,0.91704147926037,0.929035482258871
"admin2",0,"S3_blockperm","Malawi","women_folate","Adult and maternal mortality",9,0.00647896261953478,0.55089668347069,-1.04492950384235,0.857071464267866,0.901023847050834
"admin2",0,"S3_blockperm","Malawi","women_folate","Adult nutrition",8,0.0239712055093016,0.909991142596034,-0.339528319496212,0.616191904047976,0.896125466678426
"admin2",0,"S3_blockperm","Malawi","women_folate","Agricultural production, land use",80,0.0428306313238174,0.939697852756621,-0.543624623400896,0.709145427286357,0.896125466678426
"admin2",0,"S3_blockperm","Malawi","women_folate","Built environment",12,0.0513663570479246,1.08470885800115,0.590274818276326,0.266866566716642,0.832629139975467
"admin2",0,"S3_blockperm","Malawi","women_folate","Climate and weather",41,0.0777238691158702,0.846970978103826,-0.885945550232837,0.815092453773113,0.901023847050834
"admin2",0,"S3_blockperm","Malawi","women_folate","Dietary diversity",11,0.0170406178333032,0.817137558964135,-0.673049784357595,0.735632183908046,0.896125466678426
"admin2",0,"S3_blockperm","Malawi","women_folate","Ecosystem productivity/greenness",16,0.0284504317004421,0.822916781971456,-0.956808169837828,0.854072963518241,0.901023847050834
"admin2",0,"S3_blockperm","Malawi","women_folate","Education, employment, SES",8,0.0286422522295947,0.964439633966402,-0.135982008495846,0.51824087956022,0.859750124937531
"admin2",0,"S3_blockperm","Malawi","women_folate","Fertility, reproductive health",23,0.0191390840828643,0.818037175905964,-0.705284142301472,0.743128435782109,0.896125466678426
"admin2",0,"S3_blockperm","Malawi","women_folate","Food fortification and supplementation",6,0.0228013112821266,1.24504055030996,0.569809802389661,0.252373813093453,0.832629139975467
"admin2",0,"S3_blockperm","Malawi","women_folate","Healthcare access",6,0.0327499173891361,2.22112599562917,1.94028910241142,0.0524737631184408,0.454872563718141
"admin2",0,"S3_blockperm","Malawi","women_folate","Household assets and characteristics",12,0.0327253226067006,1.49193926716251,0.807501402569867,0.186406796601699,0.832629139975467
"admin2",0,"S3_blockperm","Malawi","women_folate","Infant and child morbidity/mortality",37,0.0212563404817409,1.3943268246588,1.71426888115179,0.055472263868066,0.454872563718141
"admin2",0,"S3_blockperm","Malawi","women_folate","Malaria incidence and treatment",23,0.0245480036740352,1.04062539340441,0.243835409804953,0.370814592703648,0.832629139975467
"admin2",0,"S3_blockperm","Malawi","women_folate","Ruralness, population density, built environment",9,0.0148146194874385,1.2877968605468,0.320789518674665,0.264367816091954,0.832629139975467
"admin2",0,"S3_blockperm","Malawi","women_folate","Soil characteristics",45,0.0435239270562924,1.04686286585187,0.466609633747056,0.307846076961519,0.832629139975467
"admin2",0,"S3_blockperm","Malawi","women_folate","Water and sanitation",8,0.00797099953074633,1.0134821192546,0.0316345373452001,0.44327836081959,0.832629139975467
"admin2",0,"S3_blockperm","Malawi","women_b12","Adult and maternal mortality",9,0.0416808322262442,2.07116800153116,2.10365484409492,0.04047976011994,0.145641464981795
"admin2",0,"S3_blockperm","Malawi","women_b12","Adult nutrition",8,0.0173384315948943,1.21612196635695,0.439642879148601,0.263368315842079,0.526736631684158
"admin2",0,"S3_blockperm","Malawi","women_b12","Agricultural production, land use",80,0.019634401900109,1.09100125361681,0.40615897843417,0.337831084457771,0.561319340329835
"admin2",0,"S3_blockperm","Malawi","women_b12","Built environment",12,0.0318108082068349,1.67086513323868,2.2214686812703,0.0189905047476262,0.119940029985007
"admin2",0,"S3_blockperm","Malawi","women_b12","Climate and weather",41,0.0271941861862541,0.789654584722182,-0.841793542468934,0.786606696651674,0.934441869974104
"admin2",0,"S3_blockperm","Malawi","women_b12","Dietary diversity",11,0.0336709289900211,1.88126277372533,1.69264393263784,0.0644677661169415,0.193403298350825
"admin2",0,"S3_blockperm","Malawi","women_b12","Ecosystem productivity/greenness",16,0.0064604747685367,0.632158090376468,-1.17844150387187,0.937031484257871,0.937031484257871
"admin2",0,"S3_blockperm","Malawi","women_b12","Education, employment, SES",8,0.0277107965437924,3.54682401256164,2.77535019695219,0.0199900049975013,0.119940029985007
"admin2",0,"S3_blockperm","Malawi","women_b12","Fertility, reproductive health",23,0.0318836119138444,1.27957543729703,1.38861192194812,0.0924537731134433,0.229085457271364
"admin2",0,"S3_blockperm","Malawi","women_b12","Food fortification and supplementation",6,0.0189563068706301,1.20774368978415,0.384772281745607,0.316841579210395,0.561319340329835
"admin2",0,"S3_blockperm","Malawi","women_b12","Healthcare access",6,0.0293501415875491,2.72405558187831,2.27902322105276,0.0424787606196902,0.145641464981795
"admin2",0,"S3_blockperm","Malawi","women_b12","Household assets and characteristics",12,0.0604320731981494,3.0610138844783,2.89164000631594,0.0149925037481259,0.119940029985007
"admin2",0,"S3_blockperm","Malawi","women_b12","Infant and child morbidity/mortality",37,0.0137150620052901,1.07326958874793,0.248159498494074,0.350824587706147,0.561319340329835
"admin2",0,"S3_blockperm","Malawi","women_b12","Malaria incidence and treatment",23,0.0327139954454925,1.74261387447704,2.79654412531956,0.0119940029985007,0.119940029985007
"admin2",0,"S3_blockperm","Malawi","women_b12","Ruralness, population density, built environment",9,0.0358239896048269,3.01929172771901,2.51537828562369,0.031984007996002,0.145641464981795
"admin2",0,"S3_blockperm","Malawi","women_b12","Soil characteristics",45,0.0327145427649323,0.949172291174923,-0.241221474239498,0.56471764117941,0.742365659275625
"admin2",0,"S3_blockperm","Malawi","women_b12","Water and sanitation",8,0.020680990239502,1.7921007623509,1.39835805676488,0.0954522738630685,0.229085457271364
"admin2",0,"S3_blockperm","Malawi","child_iron","Adult and maternal mortality",9,0.0105486438233577,1.34552658134711,0.626526793948488,0.238380809595202,0.343584305408271
"admin2",0,"S3_blockperm","Malawi","child_iron","Adult nutrition",8,0.0254646419196488,1.47159072148667,0.915011071212389,0.171414292853573,0.276167471819646
"admin2",0,"S3_blockperm","Malawi","child_iron","Agricultural production, land use",80,0.0173245692934647,1.23262626816256,1.01909787339283,0.153423288355822,0.276167471819646
"admin2",0,"S3_blockperm","Malawi","child_iron","Built environment",12,0.030200514506336,2.72906499402133,3.53538169677765,0.0109945027486257,0.0740740740740741
"admin2",0,"S3_blockperm","Malawi","child_iron","Climate and weather",41,0.00873435017357485,0.819713444201981,-0.401220645661213,0.584707646176912,0.664961636828644
"admin2",0,"S3_blockperm","Malawi","child_iron","Dietary diversity",11,0.0246262741593131,2.38784725006184,2.75103245543994,0.0184907546226887,0.0893719806763285
"admin2",0,"S3_blockperm","Malawi","child_iron","Ecosystem productivity/greenness",16,0.0158748696431892,2.19538656629429,3.02137196034397,0.0129935032483758,0.0753623188405797
"admin2",0,"S3_blockperm","Malawi","child_iron","Education, employment, SES",8,0.0836835655285575,3.09110270708474,2.76940525470159,0.0204897551224388,0.0914158305462653
"admin2",0,"S3_blockperm","Malawi","child_iron","Fertility, reproductive health",23,0.0333270556598514,2.66473923799433,3.5257752487433,0.00949525237381309,0.0740740740740741
"admin2",0,"S3_blockperm","Malawi","child_iron","Food fortification and supplementation",6,0.0145847051261864,1.50570820456346,0.818889675782836,0.182408795602199,0.278413424866514
"admin2",0,"S3_blockperm","Malawi","child_iron","Healthcare access",6,0.0509531806691297,2.65775693387286,2.02470110826218,0.0509745127436282,0.140786749482402
"admin2",0,"S3_blockperm","Malawi","child_iron","Household assets and characteristics",12,0.0987171144950543,3.67755627745522,3.2038706173596,0.0109945027486257,0.0740740740740741
"admin2",0,"S3_blockperm","Malawi","child_iron","Infant and child morbidity/mortality",37,0.0136153561584734,1.11953971626269,0.500298702585797,0.272363818090955,0.367374452308729
"admin2",0,"S3_blockperm","Malawi","child_iron","Malaria incidence and treatment",23,0.0144078118330374,1.79648721198564,2.11197918891205,0.0344827586206897,0.125
"admin2",0,"S3_blockperm","Malawi","child_iron","Ruralness, population density, built environment",9,0.0362026358348355,3.14837194220143,2.78024654625457,0.0264867566216892,0.109730848861284
"admin2",0,"S3_blockperm","Malawi","child_iron","Soil characteristics",45,0.0161665372900812,1.14363193461278,0.461958030626078,0.265367316341829,0.366459627329193
"admin2",0,"S3_blockperm","Malawi","child_iron","Water and sanitation",8,0.0476558849774178,2.80794412444409,3.12679609783256,0.00999500249875063,0.0740740740740741
"admin2",0,"S3_blockperm","Malawi","women_iron","Adult and maternal mortality",9,0.00931739533912866,0.579918076965593,-0.710759999436901,0.738130934532734,0.82329988851728
"admin2",0,"S3_blockperm","Malawi","women_iron","Adult nutrition",8,0.0118335050474419,1.24039413546679,0.419835592380077,0.280359820089955,0.447316882099491
"admin2",0,"S3_blockperm","Malawi","women_iron","Agricultural production, land use",80,0.0112547351029308,1.21099666106236,0.701963827687746,0.214892553723138,0.40036231884058
"admin2",0,"S3_blockperm","Malawi","women_iron","Built environment",12,0.0131117404632815,1.48027698538304,0.827274598228123,0.16591704147926,0.356107660455487
"admin2",0,"S3_blockperm","Malawi","women_iron","Climate and weather",41,0.0101963804141161,1.03747594255347,0.0914465753414278,0.417291354322839,0.568924839905629
"admin2",0,"S3_blockperm","Malawi","women_iron","Dietary diversity",11,0.0134607558216979,1.26860433281469,0.484872159785683,0.24087956021989,0.401656314699793
"admin2",0,"S3_blockperm","Malawi","women_iron","Ecosystem productivity/greenness",16,0.00246210404923872,0.372781939123826,-0.990212777233126,0.918540729635182,0.918540729635182
"admin2",0,"S3_blockperm","Malawi","women_iron","Education, employment, SES",8,0.0488007209352776,2.3032437523109,2.16482247013848,0.0409795102448776,0.196209587513935
"admin2",0,"S3_blockperm","Malawi","women_iron","Fertility, reproductive health",23,0.0235110762494294,2.1293586720688,2.92465376640066,0.0079960019990005,0.154589371980676
"admin2",0,"S3_blockperm","Malawi","women_iron","Food fortification and supplementation",6,0.00735882336639199,0.932573781874696,-0.117408237844338,0.470764617691154,0.620553359683794
"admin2",0,"S3_blockperm","Malawi","women_iron","Healthcare access",6,0.0657173332139959,3.94327029764741,3.73772793943551,0.00499750124937531,0.144927536231884
"admin2",0,"S3_blockperm","Malawi","women_iron","Household assets and characteristics",12,0.0472810659375375,1.94483737845365,1.34128470688732,0.105447276361819,0.339774557165862
"admin2",0,"S3_blockperm","Malawi","women_iron","Infant and child morbidity/mortality",37,0.0148830830553529,1.2410768641287,0.867798774485537,0.184407796101949,0.368815592203898
"admin2",0,"S3_blockperm","Malawi","women_iron","Malaria incidence and treatment",23,0.0249857792788735,2.32138583661995,2.73957917161884,0.0174912543728136,0.188405797101449
"admin2",0,"S3_blockperm","Malawi","women_iron","Ruralness, population density, built environment",9,0.0247020246138229,1.95503558772579,1.12354216995538,0.113943028485757,0.347826086956522
"admin2",0,"S3_blockperm","Malawi","women_iron","Soil characteristics",45,0.0137214624650301,1.00570118856725,0.0194107885215204,0.421789105447276,0.568924839905629
"admin2",0,"S3_blockperm","Malawi","women_iron","Water and sanitation",8,0.0238186066406863,1.42964526880334,0.901384356713415,0.170914542728636,0.356107660455487
"admin2",0,"S3_blockperm","Gambia","child_iron","Adult and maternal mortality",9,0.0108090345453105,0.227498142311658,-1.56237900648802,0.978010994502749,0.978010994502749
"admin2",0,"S3_blockperm","Gambia","child_iron","Adult nutrition",9,0.0611013793996874,0.750835422403875,-0.528459255118345,0.658170914542729,0.734113712374582
"admin2",0,"S3_blockperm","Gambia","child_iron","Agricultural production, land use",81,0.116215914539358,1.28531512367304,1.8141220620313,0.0509745127436282,0.140786749482402
"admin2",0,"S3_blockperm","Gambia","child_iron","Built environment",12,0.103922348489718,1.33475180976842,1.17871608968242,0.120439780109945,0.249482401656315
"admin2",0,"S3_blockperm","Gambia","child_iron","Climate and weather",41,0.175119523670153,1.32281222120271,1.62773145426409,0.0644677661169415,0.1699604743083
"admin2",0,"S3_blockperm","Gambia","child_iron","Dietary diversity",11,0.147250698564467,3.62724223094569,4.68854832859756,0.00249875062468766,0.0740740740740741
"admin2",0,"S3_blockperm","Gambia","child_iron","Ecosystem productivity/greenness",16,0.0654396995200685,1.06259734137902,0.185546437954468,0.387806096951524,0.499684940138626
"admin2",0,"S3_blockperm","Gambia","child_iron","Education, employment, SES",9,0.255341558827293,1.98870963691842,2.99633576846594,0.00549725137431284,0.0740740740740741
"admin2",0,"S3_blockperm","Gambia","child_iron","Fertility, reproductive health",23,0.128020957595248,1.74806188827326,2.12837176036532,0.0299850074962519,0.115942028985507
"admin2",0,"S3_blockperm","Gambia","child_iron","Food fortification and supplementation",6,0.00775544301413006,0.178255480710187,-1.21838416214054,0.950024987506247,0.978010994502749
"admin2",0,"S3_blockperm","Gambia","child_iron","Healthcare access",6,0.0586803356811042,1.00639352053571,0.0102451215141364,0.396301849075462,0.499684940138626
"admin2",0,"S3_blockperm","Gambia","child_iron","Household assets and characteristics",12,0.155112424287442,1.41860511376219,0.759020808248363,0.201399300349825,0.29951690821256
"admin2",0,"S3_blockperm","Gambia","child_iron","Infant and child morbidity/mortality",37,0.0344810815460824,0.742740789171213,-1.02408765865957,0.861069465267366,0.908036890645586
"admin2",0,"S3_blockperm","Gambia","child_iron","Malaria incidence and treatment",23,0.139550852283533,1.28110767170397,0.996938404202188,0.15992003998001,0.276167471819646
"admin2",0,"S3_blockperm","Gambia","child_iron","Ruralness, population density, built environment",9,0.19284621118423,1.47059019398865,0.826074184342139,0.181409295352324,0.278413424866514
"admin2",0,"S3_blockperm","Gambia","child_iron","Soil characteristics",45,0.108494867308406,1.21746513043857,1.27399509759707,0.106946526736632,0.240802675585284
"admin2",0,"S3_blockperm","Gambia","child_iron","Water and sanitation",9,0.0710057014088901,1.12505559089247,0.292342303016389,0.333333333333333,0.439393939393939
"admin2",0,"S3_blockperm","Malawi","women_vitA","Adult and maternal mortality",9,0.00336939409375627,0.403192142776148,-1.10982346668105,0.885557221389305,0.990004997501249
"admin2",0,"S3_blockperm","Malawi","women_vitA","Adult nutrition",8,0.00532437709560684,0.345212023921809,-1.64716896572833,0.984007996001999,0.990004997501249
"admin2",0,"S3_blockperm","Malawi","women_vitA","Agricultural production, land use",80,0.00779825841387348,0.709334163721256,-1.41572392011345,0.937531234382809,0.990004997501249
"admin2",0,"S3_blockperm","Malawi","women_vitA","Built environment",12,0.00346906507966067,0.445675370157992,-1.18206605119814,0.923538230884558,0.990004997501249
"admin2",0,"S3_blockperm","Malawi","women_vitA","Climate and weather",41,0.0230008217104238,0.858760621318402,-0.688040516568139,0.749125437281359,0.971014492753623
"admin2",0,"S3_blockperm","Malawi","women_vitA","Dietary diversity",11,0.0203725367306399,1.09350614350287,0.134167002916486,0.347826086956522,0.971014492753623
"admin2",0,"S3_blockperm","Malawi","women_vitA","Ecosystem productivity/greenness",16,0.00505061642481726,0.834352756007233,-0.45370446233187,0.621689155422289,0.971014492753623
"admin2",0,"S3_blockperm","Malawi","women_vitA","Education, employment, SES",8,0.0113011374961527,0.289823770946245,-1.06012492355033,0.87656171914043,0.990004997501249
"admin2",0,"S3_blockperm","Malawi","women_vitA","Fertility, reproductive health",23,0.0142948053599231,1.01481947182284,0.031779876880149,0.398300849575212,0.971014492753623
"admin2",0,"S3_blockperm","Malawi","women_vitA","Food fortification and supplementation",6,0.0084337356224292,1.01834330410406,0.0319650136335085,0.401799100449775,0.971014492753623
"admin2",0,"S3_blockperm","Malawi","women_vitA","Healthcare access",6,0.00688559645055804,0.395553442380855,-0.77534378960112,0.743628185907046,0.971014492753623
"admin2",0,"S3_blockperm","Malawi","women_vitA","Household assets and characteristics",12,0.0113199038574303,0.372356693397125,-0.907956644164742,0.770114942528736,0.971014492753623
"admin2",0,"S3_blockperm","Malawi","women_vitA","Infant and child morbidity/mortality",37,0.0108974691884857,0.594727296777893,-1.31409629957305,0.912543728135932,0.990004997501249
"admin2",0,"S3_blockperm","Malawi","women_vitA","Malaria incidence and treatment",23,0.00787709615079733,0.942325973689616,-0.193147872503948,0.513243378310845,0.971014492753623
"admin2",0,"S3_blockperm","Malawi","women_vitA","Ruralness, population density, built environment",9,0.0081869500450273,1.00147017372118,0.00152542127896578,0.32383808095952,0.971014492753623
"admin2",0,"S3_blockperm","Malawi","women_vitA","Soil characteristics",45,0.00863019792747853,0.721023739272768,-1.63667952236141,0.96751624187906,0.990004997501249
"admin2",0,"S3_blockperm","Malawi","women_vitA","Water and sanitation",8,0.0062436878203197,0.321592973211242,-1.30023584786829,0.931034482758621,0.990004997501249
"admin2",0,"S3_blockperm","Malawi","women_zinc","Adult and maternal mortality",9,0.00726970630016211,0.542685452886886,-0.871999489158766,0.809595202398801,0.996501749125437
"admin2",0,"S3_blockperm","Malawi","women_zinc","Adult nutrition",8,0.00570613194976331,0.503759680611322,-1.0912846201962,0.892553723138431,0.996501749125437
"admin2",0,"S3_blockperm","Malawi","women_zinc","Agricultural production, land use",80,0.0067685509819602,0.533045311029384,-1.77911333238521,0.989505247376312,0.996501749125437
"admin2",0,"S3_blockperm","Malawi","women_zinc","Built environment",12,0.0056066430496594,0.699812406670683,-0.522891673159987,0.675662168915542,0.996501749125437
"admin2",0,"S3_blockperm","Malawi","women_zinc","Climate and weather",41,0.00631754778926349,0.524103696342557,-1.38042816637596,0.948525737131434,0.996501749125437
"admin2",0,"S3_blockperm","Malawi","women_zinc","Dietary diversity",11,0.00969538274361502,1.06894447936207,0.135964959266152,0.359320339830085,0.996501749125437
"admin2",0,"S3_blockperm","Malawi","women_zinc","Ecosystem productivity/greenness",16,0.00336504113760967,0.294601778507246,-1.34877077454919,0.962018990504748,0.996501749125437
"admin2",0,"S3_blockperm","Malawi","women_zinc","Education, employment, SES",8,0.00321131266819366,0.447461668850756,-0.743291901138064,0.796601699150425,0.996501749125437
"admin2",0,"S3_blockperm","Malawi","women_zinc","Fertility, reproductive health",23,0.0111145463464881,0.967937157982718,-0.0875494984088348,0.482758620689655,0.996501749125437
"admin2",0,"S3_blockperm","Malawi","women_zinc","Food fortification and supplementation",6,0.0197912382101823,1.37692276456172,0.866036495284543,0.173913043478261,0.996501749125437
"admin2",0,"S3_blockperm","Malawi","women_zinc","Healthcare access",6,0.000740209718605926,0.069936645566207,-1.32777101155109,0.996501749125437,0.996501749125437
"admin2",0,"S3_blockperm","Malawi","women_zinc","Household assets and characteristics",12,0.00721278822165079,0.8224033607333,-0.242597407124075,0.471264367816092,0.996501749125437
"admin2",0,"S3_blockperm","Malawi","women_zinc","Infant and child morbidity/mortality",37,0.0112822171160819,1.18471359446949,0.705990608349437,0.216891554222889,0.996501749125437
"admin2",0,"S3_blockperm","Malawi","women_zinc","Malaria incidence and treatment",23,0.00880742156893726,0.92778065349773,-0.155407884197597,0.47776111944028,0.996501749125437
"admin2",0,"S3_blockperm","Malawi","women_zinc","Ruralness, population density, built environment",9,0.0054557687173037,0.796922455309248,-0.20003097779055,0.414792603698151,0.996501749125437
"admin2",0,"S3_blockperm","Malawi","women_zinc","Soil characteristics",45,0.00582725444637834,0.53324993310598,-1.62352148729995,0.980509745127436,0.996501749125437
"admin2",0,"S3_blockperm","Malawi","women_zinc","Water and sanitation",8,0.0105165306151136,0.590583102290656,-0.76958025730125,0.773113443278361,0.996501749125437
"admin2",0,"S3_blockperm","Gambia","women_iron","Adult and maternal mortality",9,0.0402922961201284,0.603796991228744,-1.19639639229335,0.888555722138931,0.918540729635182
"admin2",0,"S3_blockperm","Gambia","women_iron","Adult nutrition",9,0.118966653824322,1.06185032942626,0.21060146910268,0.391304347826087,0.55355249204666
"admin2",0,"S3_blockperm","Gambia","women_iron","Agricultural production, land use",81,0.177965277191118,1.16661911836204,1.79967892538131,0.0414792603698151,0.196209587513935
"admin2",0,"S3_blockperm","Gambia","women_iron","Built environment",12,0.146877800550064,1.05316573827583,0.342302539864694,0.343328335832084,0.510590858416945
"admin2",0,"S3_blockperm","Gambia","women_iron","Climate and weather",41,0.309851297185532,1.17853517427539,1.61521383122855,0.0594702648675662,0.246376811594203
"admin2",0,"S3_blockperm","Gambia","women_iron","Dietary diversity",11,0.0709010184896898,1.35689292190528,0.99903837906115,0.150424787606197,0.348985507246377
"admin2",0,"S3_blockperm","Gambia","women_iron","Ecosystem productivity/greenness",16,0.0933954844509728,0.730792212779556,-1.1589531758483,0.888055972013993,0.918540729635182
"admin2",0,"S3_blockperm","Gambia","women_iron","Education, employment, SES",9,0.337005792318385,1.67001901933613,3.2113828656583,0.000999500249875062,0.0579710144927536
"admin2",0,"S3_blockperm","Gambia","women_iron","Fertility, reproductive health",23,0.185930120676625,1.45655335408388,2.17372398204056,0.0229885057471264,0.19047619047619
"admin2",0,"S3_blockperm","Gambia","women_iron","Food fortification and supplementation",6,0.0349293401492188,0.49535823494787,-1.10299016955088,0.871064467766117,0.918540729635182
"admin2",0,"S3_blockperm","Gambia","women_iron","Healthcare access",6,0.121266324336001,1.38175761068073,0.820496075385835,0.19640179910045,0.379710144927536
"admin2",0,"S3_blockperm","Gambia","women_iron","Household assets and characteristics",12,0.217915831202401,1.30193704883095,0.949471987631857,0.171914042978511,0.356107660455487
"admin2",0,"S3_blockperm","Gambia","women_iron","Infant and child morbidity/mortality",37,0.0480279828289991,0.974859814147885,-0.129773683839532,0.531234382808596,0.661732963305581
"admin2",0,"S3_blockperm","Gambia","women_iron","Malaria incidence and treatment",23,0.221762397465388,1.14214877866896,1.03238526501018,0.150424787606197,0.348985507246377
"admin2",0,"S3_blockperm","Gambia","women_iron","Ruralness, population density, built environment",9,0.278366344649536,1.3507436839643,1.11491752003132,0.137931034482759,0.347826086956522
"admin2",0,"S3_blockperm","Gambia","women_iron","Soil characteristics",45,0.237564958796886,1.07065630172331,0.73729102584272,0.23688155922039,0.401656314699793
"admin2",0,"S3_blockperm","Gambia","women_iron","Water and sanitation",9,0.0769382773786166,0.878319912219327,-0.425943403242577,0.642678660669665,0.730889457232168
"admin2",0,"S3_blockperm","Gambia","women_vitA","Adult and maternal mortality",9,0.033112868762253,0.837264948055589,-0.347279404335452,0.590204897551224,0.971014492753623
"admin2",0,"S3_blockperm","Gambia","women_vitA","Adult nutrition",9,0.0928229822350925,1.47702203278181,0.952046158913485,0.185407296351824,0.971014492753623
"admin2",0,"S3_blockperm","Gambia","women_vitA","Agricultural production, land use",81,0.0864316076350764,1.2691111779365,1.42859623342047,0.0824587706146927,0.768115942028985
"admin2",0,"S3_blockperm","Gambia","women_vitA","Built environment",12,0.0556300705886817,0.935624256745298,-0.213034908224803,0.539730134932534,0.971014492753623
"admin2",0,"S3_blockperm","Gambia","women_vitA","Climate and weather",41,0.173951622553097,1.54463431507323,2.50180011369751,0.0119940029985007,0.376811594202899
"admin2",0,"S3_blockperm","Gambia","women_vitA","Dietary diversity",11,0.0351055682376412,0.95661631394163,-0.0799908804167152,0.451774112943528,0.971014492753623
"admin2",0,"S3_blockperm","Gambia","women_vitA","Ecosystem productivity/greenness",16,0.0931623562122438,1.73139941424502,1.47253575173083,0.105947026486757,0.768115942028985
"admin2",0,"S3_blockperm","Gambia","women_vitA","Education, employment, SES",9,0.173603234415311,1.7168673867508,1.93321125590249,0.0409795102448776,0.768115942028985
"admin2",0,"S3_blockperm","Gambia","women_vitA","Fertility, reproductive health",23,0.0921697435873208,1.44396777977069,1.36575524115097,0.0949525237381309,0.768115942028985
"admin2",0,"S3_blockperm","Gambia","women_vitA","Food fortification and supplementation",6,0.0400067293833468,0.53942326874812,-0.809613364232413,0.770114942528736,0.971014492753623
"admin2",0,"S3_blockperm","Gambia","women_vitA","Healthcare access",6,0.0898954191841209,2.01931520021861,1.5355750854306,0.0784607696151924,0.768115942028985
"admin2",0,"S3_blockperm","Gambia","women_vitA","Household assets and characteristics",12,0.058597059477014,0.828536059529483,-0.297678682036347,0.529735132433783,0.971014492753623
"admin2",0,"S3_blockperm","Gambia","women_vitA","Infant and child morbidity/mortality",37,0.0271265082738308,0.878636072050923,-0.440127248117066,0.620189905047476,0.971014492753623
"admin2",0,"S3_blockperm","Gambia","women_vitA","Malaria incidence and treatment",23,0.128625006130622,1.35864276243961,1.58839556113887,0.0769615192403798,0.768115942028985
"admin2",0,"S3_blockperm","Gambia","women_vitA","Ruralness, population density, built environment",9,0.0341973125971952,0.558464334836493,-0.569612757396239,0.647176411794103,0.971014492753623
"admin2",0,"S3_blockperm","Gambia","women_vitA","Soil characteristics",45,0.144915715263033,1.53192547151602,2.61938626171641,0.0129935032483758,0.376811594202899
"admin2",0,"S3_blockperm","Gambia","women_vitA","Water and sanitation",9,0.0574442330420056,1.06242592002759,0.135734532810899,0.391804097951024,0.971014492753623
"admin2",0,"S3_blockperm","Ghana","women_iron","Agricultural production, land use",64,0.0454928044471354,1.26444603975739,1.1723771000142,0.128435782108946,0.347826086956522
"admin2",0,"S3_blockperm","Ghana","women_iron","Built environment",10,0.0437578461139723,1.08629670439113,0.294415153526307,0.368815592203898,0.534782608695652
"admin2",0,"S3_blockperm","Ghana","women_iron","Climate and weather",41,0.0634907897946251,1.34175746931727,1.50308253971767,0.0764617691154423,0.277173913043478
"admin2",0,"S3_blockperm","Ghana","women_iron","Ecosystem productivity/greenness",14,0.053442885106568,1.79213641978609,2.04990626292232,0.0374812593703148,0.196209587513935
"admin2",0,"S3_blockperm","Ghana","women_iron","Malaria incidence and treatment",23,0.0353801772616277,1.652136078248,2.02724723049474,0.0439780109945027,0.196209587513935
"admin2",0,"S3_blockperm","Ghana","women_iron","Ruralness, population density, built environment",9,0.0156009747325239,0.855783817687578,-0.22390399089418,0.520739630184908,0.661732963305581
"admin2",0,"S3_blockperm","Ghana","women_iron","Soil characteristics",38,0.047028497625383,1.13356437101208,0.757881202934245,0.220889555222389,0.40036231884058
"admin2",0,"S3_blockperm","Ghana","women_vitA","Agricultural production, land use",64,0.0231813499704419,0.989814547650512,-0.0295698666606741,0.377311344327836,0.971014492753623
"admin2",0,"S3_blockperm","Ghana","women_vitA","Built environment",10,0.00852879593288003,0.464087342883783,-0.989926121198296,0.897051474262869,0.990004997501249
"admin2",0,"S3_blockperm","Ghana","women_vitA","Climate and weather",41,0.0221147297884607,0.781993871780129,-0.656268223931815,0.697651174412794,0.971014492753623
"admin2",0,"S3_blockperm","Ghana","women_vitA","Ecosystem productivity/greenness",14,0.0209170542255211,1.02482353426861,0.0479188634154319,0.390804597701149,0.971014492753623
"admin2",0,"S3_blockperm","Ghana","women_vitA","Malaria incidence and treatment",23,0.0162757758341049,0.955042647109426,-0.153776825495425,0.511244377811094,0.971014492753623
"admin2",0,"S3_blockperm","Ghana","women_vitA","Ruralness, population density, built environment",9,0.00500417313195844,0.388449523574116,-0.659349348615028,0.689655172413793,0.971014492753623
"admin2",0,"S3_blockperm","Ghana","women_vitA","Soil characteristics",38,0.0200249778299492,0.839144403808638,-0.58986322329587,0.698650674662669,0.971014492753623
"admin2",0,"S3_blockperm","Ghana","women_folate","Agricultural production, land use",64,0.0406516507233573,1.02552929829603,0.139403669579197,0.423288355822089,0.832629139975467
"admin2",0,"S3_blockperm","Ghana","women_folate","Built environment",10,0.0214071318907447,0.959835071920701,-0.113049568327839,0.501249375312344,0.859750124937531
"admin2",0,"S3_blockperm","Ghana","women_folate","Climate and weather",41,0.0299571788781478,0.872934325539104,-0.676025051297199,0.733633183408296,0.896125466678426
"admin2",0,"S3_blockperm","Ghana","women_folate","Ecosystem productivity/greenness",14,0.0143467330534671,1.06487483740069,0.154449407434888,0.339830084957521,0.832629139975467
"admin2",0,"S3_blockperm","Ghana","women_folate","Malaria incidence and treatment",23,0.0325451771216872,1.45515585433873,2.17020072957263,0.031984007996002,0.454872563718141
"admin2",0,"S3_blockperm","Ghana","women_folate","Ruralness, population density, built environment",9,0.0413780823893643,3.38833690652713,2.80164120272119,0.0194902548725637,0.454872563718141
"admin2",0,"S3_blockperm","Ghana","women_folate","Soil characteristics",38,0.0449221836523716,0.893949067068045,-0.574007513091094,0.701149425287356,0.896125466678426
"admin2",0,"S3_blockperm","Ghana","women_b12","Agricultural production, land use",64,0.0480124892659999,0.936335438334009,-0.382158914838171,0.587706146926537,0.742365659275625
"admin2",0,"S3_blockperm","Ghana","women_b12","Built environment",10,0.0264734429708526,0.729628433519904,-1.01107134708097,0.856571714142929,0.934441869974104
"admin2",0,"S3_blockperm","Ghana","women_b12","Climate and weather",41,0.0291069266037737,0.802451773247026,-1.20656546533729,0.904047976011994,0.937031484257871
"admin2",0,"S3_blockperm","Ghana","women_b12","Ecosystem productivity/greenness",14,0.0153653833153264,0.991488652959617,-0.0322956288754431,0.442278860569715,0.624393685510186
"admin2",0,"S3_blockperm","Ghana","women_b12","Malaria incidence and treatment",23,0.0332306726775362,1.19733401589007,0.80059377185043,0.182408795602199,0.397982826768434
"admin2",0,"S3_blockperm","Ghana","women_b12","Ruralness, population density, built environment",9,0.0421360438778605,1.07340252623357,0.146388762991447,0.384807596201899,0.577211394302849
"admin2",0,"S3_blockperm","Ghana","women_b12","Soil characteristics",38,0.0516579338799936,0.870058329451389,-0.98487475250082,0.837081459270365,0.934441869974104
"admin2",0,"S3_blockperm","Ghana","child_iron","Agricultural production, land use",64,0.145582949236901,1.21447138353216,2.50182468158032,0.00399800099950025,0.0740740740740741
"admin2",0,"S3_blockperm","Ghana","child_iron","Built environment",10,0.0787584021711394,1.12001544782613,0.665355301366539,0.24287856071964,0.343584305408271
"admin2",0,"S3_blockperm","Ghana","child_iron","Climate and weather",41,0.13981636233978,1.18995447232007,2.29393872165211,0.0179910044977511,0.0893719806763285
"admin2",0,"S3_blockperm","Ghana","child_iron","Ecosystem productivity/greenness",14,0.0644862890369938,1.35823669326569,2.94674293839286,0.00299850074962519,0.0740740740740741
"admin2",0,"S3_blockperm","Ghana","child_iron","Malaria incidence and treatment",23,0.0907359832357385,1.13527953429747,1.3793867556458,0.0859570214892554,0.216761184625079
"admin2",0,"S3_blockperm","Ghana","child_iron","Ruralness, population density, built environment",9,0.0550868868847871,1.00330949431915,0.00835833959552721,0.458270864567716,0.553743961352657
"admin2",0,"S3_blockperm","Ghana","child_iron","Soil characteristics",38,0.130803222247051,1.00044416309774,0.00560608788129112,0.498250874562719,0.577971014492754
"admin2",0,"S3_blockperm","Ghana","child_vitA","Agricultural production, land use",64,0.0415550511125861,1.03697147699086,0.270878151328491,0.381809095452274,0.688601645123384
"admin2",0,"S3_blockperm","Ghana","child_vitA","Built environment",10,0.0545291334007733,1.33847299943293,1.12681358933956,0.140429785107446,0.589940323955669
"admin2",0,"S3_blockperm","Ghana","child_vitA","Climate and weather",41,0.0479895087587934,1.31420391148168,1.57472887233317,0.0729635182408796,0.589940323955669
"admin2",0,"S3_blockperm","Ghana","child_vitA","Ecosystem productivity/greenness",14,0.0270267198545051,1.27953446806726,1.02742831337308,0.139930034982509,0.589940323955669
"admin2",0,"S3_blockperm","Ghana","child_vitA","Malaria incidence and treatment",23,0.0448894211689472,1.1289634248302,0.50869617830737,0.251874062968516,0.646502835538752
"admin2",0,"S3_blockperm","Ghana","child_vitA","Ruralness, population density, built environment",9,0.0587986805258394,1.13935564803612,0.281241951453267,0.349325337331334,0.67536231884058
"admin2",0,"S3_blockperm","Ghana","child_vitA","Soil characteristics",38,0.0422071093916346,1.09464406092156,0.615438649198126,0.256371814092954,0.646502835538752
"admin2",0,"S3_blockperm","SierraLeone","women_folate","Adult and maternal mortality",9,0.0221245865479477,0.379266792627786,-0.851036445657803,0.802098950524738,0.901023847050834
"admin2",0,"S3_blockperm","SierraLeone","women_folate","Adult nutrition",9,0.021187529062653,0.277154558311056,-1.17809192721989,0.956021989005497,0.956021989005497
"admin2",0,"S3_blockperm","SierraLeone","women_folate","Agricultural production, land use",91,0.0974385147128279,1.05856623335698,0.16088854243141,0.382808595702149,0.832629139975467
"admin2",0,"S3_blockperm","SierraLeone","women_folate","Built environment",13,0.101202505475445,1.56431685062226,1.97423341944306,0.0354822588705647,0.454872563718141
"admin2",0,"S3_blockperm","SierraLeone","women_folate","Climate and weather",41,0.0729323915905809,1.02019974250031,0.0576873411043654,0.401299350324838,0.832629139975467
"admin2",0,"S3_blockperm","SierraLeone","women_folate","Dietary diversity",11,0.0624250614685747,0.716763067611771,-0.395097583606733,0.565217391304348,0.891304347826087
"admin2",0,"S3_blockperm","SierraLeone","women_folate","Ecosystem productivity/greenness",16,0.0553886036155828,0.999562120560957,-0.00109517781497135,0.446776611694153,0.832629139975467
"admin2",0,"S3_blockperm","SierraLeone","women_folate","Education, employment, SES",9,0.0471791634286848,0.785652316571701,-0.305710713385559,0.52423788105947,0.859750124937531
"admin2",0,"S3_blockperm","SierraLeone","women_folate","Fertility, reproductive health",23,0.0735436208757128,1.09676484316043,0.251869822809817,0.375812093953024,0.832629139975467
"admin2",0,"S3_blockperm","SierraLeone","women_folate","Food fortification and supplementation",6,0.0741491409453398,0.862797007768795,-0.342863315197316,0.594202898550725,0.896125466678426
"admin2",0,"S3_blockperm","SierraLeone","women_folate","Healthcare access",6,0.0568834884919817,1.34234157499476,0.512357282127338,0.23488255872064,0.832629139975467
"admin2",0,"S3_blockperm","SierraLeone","women_folate","Household assets and characteristics",12,0.0569669211081303,0.489869708102133,-0.968546367821271,0.844577711144428,0.901023847050834
"admin2",0,"S3_blockperm","SierraLeone","women_folate","Infant and child morbidity/mortality",37,0.109572305222555,1.06536309886819,0.274834791495859,0.36031984007996,0.832629139975467
"admin2",0,"S3_blockperm","SierraLeone","women_folate","Malaria incidence and treatment",23,0.0794420203400255,0.697542090365978,-0.734653078518325,0.72863568215892,0.896125466678426
"admin2",0,"S3_blockperm","SierraLeone","women_folate","Ruralness, population density, built environment",9,0.0764131886618335,0.942969255932941,-0.0871830174950942,0.438280859570215,0.832629139975467
"admin2",0,"S3_blockperm","SierraLeone","women_folate","Soil characteristics",45,0.125781105368944,1.05081542098627,0.148689124333901,0.3928035982009,0.832629139975467
"admin2",0,"S3_blockperm","SierraLeone","women_folate","Water and sanitation",8,0.0584936622416573,0.549374060446416,-1.16210859707774,0.938530734632684,0.956021989005497
"admin2",0,"S3_blockperm","SierraLeone","child_vitA","Adult and maternal mortality",9,0.0451870765671981,0.439249873623095,-0.639406518213377,0.666166916541729,0.868450390189521
"admin2",0,"S3_blockperm","SierraLeone","child_vitA","Adult nutrition",9,0.0669713675566252,0.998852986912705,-0.00254078598285422,0.431784107946027,0.688601645123384
"admin2",0,"S3_blockperm","SierraLeone","child_vitA","Agricultural production, land use",91,0.0346646784093104,0.667701793476754,-0.830142865691945,0.778610694652674,0.868450390189521
"admin2",0,"S3_blockperm","SierraLeone","child_vitA","Built environment",13,0.0358480183647774,0.603144766630354,-0.704489598539664,0.748125937031484,0.868450390189521
"admin2",0,"S3_blockperm","SierraLeone","child_vitA","Climate and weather",41,0.0281663844776692,0.564096234923971,-0.867601153586568,0.83608195902049,0.90552871712292
"admin2",0,"S3_blockperm","SierraLeone","child_vitA","Dietary diversity",11,0.0990423461756421,1.26064617657965,0.396439029643564,0.250874562718641,0.646502835538752
"admin2",0,"S3_blockperm","SierraLeone","child_vitA","Ecosystem productivity/greenness",16,0.0196914313592837,0.422836892502526,-0.741035327378792,0.754122938530735,0.868450390189521
"admin2",0,"S3_blockperm","SierraLeone","child_vitA","Education, employment, SES",9,0.163316981198809,2.48585639057293,2.39689273941258,0.0359820089955022,0.521739130434783
"admin2",0,"S3_blockperm","SierraLeone","child_vitA","Fertility, reproductive health",23,0.0588728277618609,0.895833764208269,-0.279483285049389,0.553223388305847,0.783315659243549
"admin2",0,"S3_blockperm","SierraLeone","child_vitA","Food fortification and supplementation",6,0.110746473286239,1.57124223416909,0.88160804673028,0.160419790104948,0.589940323955669
"admin2",0,"S3_blockperm","SierraLeone","child_vitA","Healthcare access",6,0.262419295863472,2.73394789499692,2.12545136861276,0.0474762618690655,0.550724637681159
"admin2",0,"S3_blockperm","SierraLeone","child_vitA","Household assets and characteristics",12,0.245961775678377,3.75463361710547,3.33951637205878,0.0129935032483758,0.376811594202899
"admin2",0,"S3_blockperm","SierraLeone","child_vitA","Infant and child morbidity/mortality",37,0.0411449005292343,0.527829905901627,-1.29805075194094,0.911044477761119,0.929035482258871
"admin2",0,"S3_blockperm","SierraLeone","child_vitA","Malaria incidence and treatment",23,0.0263689045109064,0.540282244048715,-0.906588922777909,0.778610694652674,0.868450390189521
"admin2",0,"S3_blockperm","SierraLeone","child_vitA","Ruralness, population density, built environment",9,0.10464375786075,1.68934578850767,0.841605125660241,0.16791604197901,0.589940323955669
"admin2",0,"S3_blockperm","SierraLeone","child_vitA","Soil characteristics",45,0.034117941087125,0.523353304005073,-1.00326975264026,0.843078460769615,0.90552871712292
"admin2",0,"S3_blockperm","SierraLeone","child_vitA","Water and sanitation",8,0.0940646062304572,1.43296137349064,0.873504405062013,0.16191904047976,0.589940323955669
"admin2",0,"S3_blockperm","SierraLeone","child_iron","Adult and maternal mortality",9,0.0109281870566287,0.130034549457621,-0.976558309421084,0.966016991504248,0.978010994502749
"admin2",0,"S3_blockperm","SierraLeone","child_iron","Adult nutrition",9,0.126998519741536,1.77177191611864,1.35517347643614,0.112943528235882,0.242619431025228
"admin2",0,"S3_blockperm","SierraLeone","child_iron","Agricultural production, land use",91,0.122177773673041,1.47616151397639,1.12792632809634,0.142428785607196,0.27536231884058
"admin2",0,"S3_blockperm","SierraLeone","child_iron","Built environment",13,0.128486269201943,1.59441160484012,1.02522503823081,0.150924537731134,0.276167471819646
"admin2",0,"S3_blockperm","SierraLeone","child_iron","Climate and weather",41,0.172739100164759,1.75458937378541,1.46127274701131,0.095952023988006,0.231884057971014
"admin2",0,"S3_blockperm","SierraLeone","child_iron","Dietary diversity",11,0.0898435628669074,1.40318165447832,0.796350241382183,0.170914542728636,0.276167471819646
"admin2",0,"S3_blockperm","SierraLeone","child_iron","Ecosystem productivity/greenness",16,0.236630568300149,2.00070382418222,1.93149753229801,0.0484757621189405,0.140786749482402
"admin2",0,"S3_blockperm","SierraLeone","child_iron","Education, employment, SES",9,0.107613796269931,2.82556975338955,2.92675967873988,0.0114942528735632,0.0740740740740741
"admin2",0,"S3_blockperm","SierraLeone","child_iron","Fertility, reproductive health",23,0.110603519542276,1.84292273467764,2.13765839426514,0.0389805097451274,0.127214170692432
"admin2",0,"S3_blockperm","SierraLeone","child_iron","Food fortification and supplementation",6,0.0485675466214195,0.57894274596616,-0.64979734555401,0.725637181409295,0.794093519278097
"admin2",0,"S3_blockperm","SierraLeone","child_iron","Healthcare access",6,0.206563467217106,2.16514966407964,1.42293234441561,0.107946026986507,0.240802675585284
"admin2",0,"S3_blockperm","SierraLeone","child_iron","Household assets and characteristics",12,0.0949384622811791,2.2367317903165,2.14053003128489,0.039480259870065,0.127214170692432
"admin2",0,"S3_blockperm","SierraLeone","child_iron","Infant and child morbidity/mortality",37,0.0516103735901421,0.957833100526808,-0.128981144103951,0.484757621189405,0.573794735285418
"admin2",0,"S3_blockperm","SierraLeone","child_iron","Malaria incidence and treatment",23,0.073648390488701,1.48263610030362,1.00532382927763,0.166416791604198,0.276167471819646
"admin2",0,"S3_blockperm","SierraLeone","child_iron","Ruralness, population density, built environment",9,0.0630263229630064,1.73723611285132,0.98409922621271,0.134932533733133,0.269865067466267
"admin2",0,"S3_blockperm","SierraLeone","child_iron","Soil characteristics",45,0.0713497829684531,1.02965475402446,0.0703127601321512,0.412293853073463,0.508788159111933
"admin2",0,"S3_blockperm","SierraLeone","child_iron","Water and sanitation",8,0.0317815830491418,0.659087959466013,-0.705238973114134,0.764117941029485,0.820719269994632
"admin2",0,"S3_blockperm","SierraLeone","women_iron","Adult and maternal mortality",9,0.142990674123897,1.96493787113999,1.08647546464934,0.133933033483258,0.347826086956522
"admin2",0,"S3_blockperm","SierraLeone","women_iron","Adult nutrition",9,0.0272707214515088,0.436896905833328,-1.07307472329798,0.888055972013993,0.918540729635182
"admin2",0,"S3_blockperm","SierraLeone","women_iron","Agricultural production, land use",91,0.140050244117489,2.43007985724189,2.86245924426435,0.0194902548725637,0.188405797101449
"admin2",0,"S3_blockperm","SierraLeone","women_iron","Built environment",13,0.178421827999006,2.64663875810454,3.01971055057209,0.0169915042478761,0.188405797101449
"admin2",0,"S3_blockperm","SierraLeone","women_iron","Climate and weather",41,0.112574537053409,2.10668765251636,2.13509942466194,0.0424787606196902,0.196209587513935
"admin2",0,"S3_blockperm","SierraLeone","women_iron","Dietary diversity",11,0.0808590109671591,1.15352259052459,0.206244949893961,0.28535732133933,0.447316882099491
"admin2",0,"S3_blockperm","SierraLeone","women_iron","Ecosystem productivity/greenness",16,0.0649910840525393,1.69469281556489,1.11743536740431,0.126436781609195,0.347826086956522
"admin2",0,"S3_blockperm","SierraLeone","women_iron","Education, employment, SES",9,0.0695813790962323,1.10949625551915,0.130922938063316,0.319340329835082,0.487414187643021
"admin2",0,"S3_blockperm","SierraLeone","women_iron","Fertility, reproductive health",23,0.0484343151591337,0.820353267665414,-0.443849121597309,0.619190404797601,0.719420289855072
"admin2",0,"S3_blockperm","SierraLeone","women_iron","Food fortification and supplementation",6,0.184284248565788,2.76213161789133,2.4701270151538,0.0274862568715642,0.196209587513935
"admin2",0,"S3_blockperm","SierraLeone","women_iron","Healthcare access",6,0.039951212122693,0.682861641599611,-0.479859866573881,0.620189905047476,0.719420289855072
"admin2",0,"S3_blockperm","SierraLeone","women_iron","Household assets and characteristics",12,0.122479999770545,2.05364567272568,1.58413464006953,0.0819590204897551,0.279624893435635
"admin2",0,"S3_blockperm","SierraLeone","women_iron","Infant and child morbidity/mortality",37,0.0529276974586748,0.907974009007506,-0.283836552005456,0.536231884057971,0.661732963305581
"admin2",0,"S3_blockperm","SierraLeone","women_iron","Malaria incidence and treatment",23,0.0577393642707753,1.30092675486342,0.522290541614705,0.242378810594703,0.401656314699793
"admin2",0,"S3_blockperm","SierraLeone","women_iron","Ruralness, population density, built environment",9,0.0423034115492986,0.596624951724551,-0.461414863078485,0.580209895052474,0.701086956521739
"admin2",0,"S3_blockperm","SierraLeone","women_iron","Soil characteristics",45,0.0920428505312026,1.73285092814797,1.59259096455178,0.0764617691154423,0.277173913043478
"admin2",0,"S3_blockperm","SierraLeone","women_iron","Water and sanitation",8,0.0278150703265979,0.467386493102772,-1.07592228531311,0.904047976011994,0.918540729635182
"admin2",0,"S3_blockperm","SierraLeone","women_vitA","Adult and maternal mortality",9,0.0394280469708611,0.51426452663645,-0.531217583680189,0.618190904547726,0.971014492753623
"admin2",0,"S3_blockperm","SierraLeone","women_vitA","Adult nutrition",9,0.0340016743072738,0.531925958163251,-0.859111270716132,0.79560219890055,0.981806968855997
"admin2",0,"S3_blockperm","SierraLeone","women_vitA","Agricultural production, land use",91,0.0353104107405448,0.703806878363485,-0.689292769142912,0.717641179410295,0.971014492753623
"admin2",0,"S3_blockperm","SierraLeone","women_vitA","Built environment",13,0.0157028865990918,0.280258629585646,-1.22104587307957,0.990004997501249,0.990004997501249
"admin2",0,"S3_blockperm","SierraLeone","women_vitA","Climate and weather",41,0.0375797368603042,0.696962094960175,-0.648971524396591,0.719640179910045,0.971014492753623
"admin2",0,"S3_blockperm","SierraLeone","women_vitA","Dietary diversity",11,0.0668693805343372,0.898805571520212,-0.139297506313546,0.419790104947526,0.971014492753623
"admin2",0,"S3_blockperm","SierraLeone","women_vitA","Ecosystem productivity/greenness",16,0.00865141820390864,0.212913033914979,-1.18355609020723,0.971014492753623,0.990004997501249
"admin2",0,"S3_blockperm","SierraLeone","women_vitA","Education, employment, SES",9,0.100761759613511,1.79415631558348,1.08312280355887,0.12343828085957,0.79549114331723
"admin2",0,"S3_blockperm","SierraLeone","women_vitA","Fertility, reproductive health",23,0.073803919018107,1.29172054252335,0.704618096632968,0.228385807096452,0.971014492753623
"admin2",0,"S3_blockperm","SierraLeone","women_vitA","Food fortification and supplementation",6,0.066206486708492,1.04739082822845,0.0745923232322421,0.395802098950525,0.971014492753623
"admin2",0,"S3_blockperm","SierraLeone","women_vitA","Healthcare access",6,0.0635139646602557,1.08439821063164,0.102652227856645,0.32183908045977,0.971014492753623
"admin2",0,"S3_blockperm","SierraLeone","women_vitA","Household assets and characteristics",12,0.0389174873732365,0.687685101218731,-0.482419974119143,0.625687156421789,0.971014492753623
"admin2",0,"S3_blockperm","SierraLeone","women_vitA","Infant and child morbidity/mortality",37,0.0640644972186473,0.962615424046275,-0.104717901111081,0.469765117441279,0.971014492753623
"admin2",0,"S3_blockperm","SierraLeone","women_vitA","Malaria incidence and treatment",23,0.0338560860010399,0.707642119431664,-0.514628857516375,0.604697651174413,0.971014492753623
"admin2",0,"S3_blockperm","SierraLeone","women_vitA","Ruralness, population density, built environment",9,0.081238179226662,1.38356652262158,0.488653997884271,0.248875562218891,0.971014492753623
"admin2",0,"S3_blockperm","SierraLeone","women_vitA","Soil characteristics",45,0.0493690025975576,0.908966895062687,-0.199377854666797,0.499750124937531,0.971014492753623
"admin2",0,"S3_blockperm","SierraLeone","women_vitA","Water and sanitation",8,0.0853007069126053,1.49097695903033,0.908699056963465,0.165417291354323,0.959420289855072
"admin2",15,"S0_none","Malawi","child_vitA","Adult and maternal mortality",9,0.0509148974047628,1.38900163203619,0.494110311262027,0.224387806096952,0.406702898550725
"admin2",15,"S0_none","Malawi","child_vitA","Adult nutrition",9,0.092130786534303,2.42761460086808,2.82478604702357,0.0134932533733133,0.0602006688963211
"admin2",15,"S0_none","Malawi","child_vitA","Agricultural production, land use",80,0.0147957498251898,0.393901009416812,-1.40710931475834,0.988005997001499,0.988005997001499
"admin2",15,"S0_none","Malawi","child_vitA","Built environment",12,0.0569253218686587,1.49455434178138,0.840185626150073,0.169415292353823,0.327536231884058
"admin2",15,"S0_none","Malawi","child_vitA","Climate and weather",41,0.0106221988427139,0.28036106274012,-1.00742549546233,0.926036981509245,0.945842868039664
"admin2",15,"S0_none","Malawi","child_vitA","Dietary diversity",11,0.0285488168474377,0.768840446392305,-0.373100000493996,0.561719140429785,0.751102709514808
"admin2",15,"S0_none","Malawi","child_vitA","Ecosystem productivity/greenness",16,0.0152707143527398,0.409183790989472,-0.746490045772572,0.813593203398301,0.923242082662373
"admin2",15,"S0_none","Malawi","child_vitA","Education, employment, SES",9,0.0649705708578808,1.69416836136375,1.01570521189055,0.147926036981509,0.295852073963018
"admin2",15,"S0_none","Malawi","child_vitA","Fertility, reproductive health",23,0.0406349736876054,1.09129622011029,0.204013737491865,0.341329335332334,0.535056795926361
"admin2",15,"S0_none","Malawi","child_vitA","Food fortification and supplementation",6,0.0507595249482044,1.36387316881764,0.554509810634634,0.232383808095952,0.408432147562582
"admin2",15,"S0_none","Malawi","child_vitA","Healthcare access",6,0.139586768239913,3.65879733766869,2.67361924667783,0.0304847576211894,0.0982286634460548
"admin2",15,"S0_none","Malawi","child_vitA","Household assets and characteristics",12,0.12162773850967,3.19728378921163,2.86112649194836,0.0219890054972514,0.0750213128729753
"admin2",15,"S0_none","Malawi","child_vitA","Infant and child morbidity/mortality",37,0.0384646199026891,1.02657564816069,0.0778099436637409,0.418290854572714,0.622073578595318
"admin2",15,"S0_none","Malawi","child_vitA","Malaria incidence and treatment",23,0.0623651694656291,1.67019942368198,1.27739337259308,0.105447276361819,0.235228539576366
"admin2",15,"S0_none","Malawi","child_vitA","Ruralness, population density, built environment",9,0.0931497011387761,2.41503453965926,1.36008958897513,0.0834582708645677,0.2117202268431
"admin2",15,"S0_none","Malawi","child_vitA","Soil characteristics",45,0.0339566294170997,0.905699403289005,-0.209089331158808,0.495752123938031,0.701307882644044
"admin2",15,"S0_none","Malawi","child_vitA","Water and sanitation",8,0.0529277784779856,1.44258037010148,0.769226820719379,0.190404797601199,0.356241234221599
"admin2",15,"S0_none","Malawi","child_zinc","Adult and maternal mortality",9,0.0130799415802936,0.358870437939864,-0.841988204667809,0.841579210394803,0.971514242878561
"admin2",15,"S0_none","Malawi","child_zinc","Adult nutrition",9,0.0232557892950629,0.604714568542643,-0.796292465007758,0.794602698650675,0.971514242878561
"admin2",15,"S0_none","Malawi","child_zinc","Agricultural production, land use",80,0.0163859737630703,0.430933222901629,-1.39829090898838,0.971514242878561,0.971514242878561
"admin2",15,"S0_none","Malawi","child_zinc","Built environment",12,0.0146217672907626,0.385822760032966,-1.0641041640228,0.909545227386307,0.971514242878561
"admin2",15,"S0_none","Malawi","child_zinc","Climate and weather",41,0.0147031645165215,0.38630246421535,-0.859687659955544,0.853573213393303,0.971514242878561
"admin2",15,"S0_none","Malawi","child_zinc","Dietary diversity",11,0.0598541462522511,1.57260505860729,0.962995842253433,0.144927536231884,0.971514242878561
"admin2",15,"S0_none","Malawi","child_zinc","Ecosystem productivity/greenness",16,0.0111948275151694,0.29475889917739,-0.900835577273646,0.918040979510245,0.971514242878561
"admin2",15,"S0_none","Malawi","child_zinc","Education, employment, SES",9,0.0471341842920286,1.24371549033335,0.356471297148416,0.261869065467266,0.971514242878561
"admin2",15,"S0_none","Malawi","child_zinc","Fertility, reproductive health",23,0.0309613252965867,0.80408573095384,-0.436073135569692,0.622188905547226,0.971514242878561
"admin2",15,"S0_none","Malawi","child_zinc","Food fortification and supplementation",6,0.0185353848338679,0.487941998291441,-0.755681113348642,0.771114442778611,0.971514242878561
"admin2",15,"S0_none","Malawi","child_zinc","Healthcare access",6,0.0137358786224913,0.358706792235342,-0.674608298300318,0.751124437781109,0.971514242878561
"admin2",15,"S0_none","Malawi","child_zinc","Household assets and characteristics",12,0.0537855277339259,1.39352587889339,0.538544571839051,0.216891554222889,0.971514242878561
"admin2",15,"S0_none","Malawi","child_zinc","Infant and child morbidity/mortality",37,0.0284199693701205,0.746188670207599,-0.762163257387664,0.76711644177911,0.971514242878561
"admin2",15,"S0_none","Malawi","child_zinc","Malaria incidence and treatment",23,0.018936542458929,0.499568548029214,-1.00413007649551,0.862068965517241,0.971514242878561
"admin2",15,"S0_none","Malawi","child_zinc","Ruralness, population density, built environment",9,0.020417645597799,0.554289528890304,-0.44086538380427,0.561219390304848,0.971514242878561
"admin2",15,"S0_none","Malawi","child_zinc","Soil characteristics",45,0.0293464744131967,0.775212858396026,-0.522400511998739,0.656171914042978,0.971514242878561
"admin2",15,"S0_none","Malawi","child_zinc","Water and sanitation",8,0.0477092570313362,1.24587758916952,0.439756580603322,0.256871564217891,0.971514242878561
"admin2",15,"S0_none","Gambia","child_vitA","Adult and maternal mortality",9,0.0425381395194246,0.918897698394049,-0.130051459335157,0.469765117441279,0.681159420289855
"admin2",15,"S0_none","Gambia","child_vitA","Adult nutrition",9,0.138907778148523,2.89182593598795,2.79237219874103,0.0219890054972514,0.0750213128729753
"admin2",15,"S0_none","Gambia","child_vitA","Agricultural production, land use",80,0.235677778773419,4.91684807331649,6.95190979617815,0.000999500249875062,0.0115942028985507
"admin2",15,"S0_none","Gambia","child_vitA","Built environment",12,0.175222667356338,3.66659180535987,4.71020381054273,0.00249875062468766,0.0144927536231884
"admin2",15,"S0_none","Gambia","child_vitA","Climate and weather",41,0.312099098440054,6.42807550234287,7.16063542547569,0.000999500249875062,0.0115942028985507
"admin2",15,"S0_none","Gambia","child_vitA","Dietary diversity",11,0.0913952309985862,1.87769114714591,1.34664318890001,0.0939530234882559,0.227053140096618
"admin2",15,"S0_none","Gambia","child_vitA","Ecosystem productivity/greenness",16,0.12596877957713,2.66759420820921,2.34372073706888,0.039480259870065,0.114492753623188
"admin2",15,"S0_none","Gambia","child_vitA","Education, employment, SES",9,0.33632916345772,7.17930223159577,7.56140045976451,0.000499750124937531,0.00966183574879227
"admin2",15,"S0_none","Gambia","child_vitA","Fertility, reproductive health",23,0.16323503546213,3.45329639519258,5.08639147354383,0.00149925037481259,0.0128824476650564
"admin2",15,"S0_none","Gambia","child_vitA","Food fortification and supplementation",6,0.0276684253748756,0.568019324146806,-0.626846606254631,0.693653173413293,0.85599753314832
"admin2",15,"S0_none","Gambia","child_vitA","Healthcare access",6,0.0878224142244909,1.84924613912662,1.06976683162796,0.128935532233883,0.267080745341615
"admin2",15,"S0_none","Gambia","child_vitA","Household assets and characteristics",12,0.175710005586082,3.6403163380988,2.99605958424513,0.0199900049975013,0.0750213128729753
"admin2",15,"S0_none","Gambia","child_vitA","Infant and child morbidity/mortality",37,0.0539086785783194,1.13371960305976,0.357373685121474,0.299850074962519,0.483091787439614
"admin2",15,"S0_none","Gambia","child_vitA","Malaria incidence and treatment",23,0.237994628173217,4.90191470318519,5.81143479369752,0.000499750124937531,0.00966183574879227
"admin2",15,"S0_none","Gambia","child_vitA","Ruralness, population density, built environment",9,0.181043562923979,3.71739165796673,2.49413256873638,0.0339830084957521,0.10373760488177
"admin2",15,"S0_none","Gambia","child_vitA","Soil characteristics",45,0.254948823732661,5.29912814896931,6.73797146442078,0.000499750124937531,0.00966183574879227
"admin2",15,"S0_none","Gambia","child_vitA","Water and sanitation",9,0.0909722751752735,1.89576788225418,1.67385877914067,0.0704647676161919,0.194616977225673
"admin2",15,"S0_none","Malawi","women_folate","Adult and maternal mortality",9,0.0260674611145447,0.311188404507505,-0.970155275608586,0.892053973013493,0.956834082958521
"admin2",15,"S0_none","Malawi","women_folate","Adult nutrition",9,0.0483124849768961,0.575633248112889,-1.00037490601612,0.873063468265867,0.956834082958521
"admin2",15,"S0_none","Malawi","women_folate","Agricultural production, land use",80,0.0846986566444013,1.02336126184472,0.0620297294839462,0.394302848575712,0.703731467599534
"admin2",15,"S0_none","Malawi","women_folate","Built environment",12,0.0873176781759716,1.0438849847804,0.0915794074071919,0.387306346826587,0.703731467599534
"admin2",15,"S0_none","Malawi","women_folate","Climate and weather",41,0.191810729111898,2.34628779120831,2.23293764846509,0.039480259870065,0.624437781109445
"admin2",15,"S0_none","Malawi","women_folate","Dietary diversity",11,0.0391384236360846,0.467093078018241,-1.10152420883486,0.900549725137431,0.956834082958521
"admin2",15,"S0_none","Malawi","women_folate","Ecosystem productivity/greenness",16,0.121257046826972,1.48877543919498,0.696104643728151,0.188905547226387,0.64567716141929
"admin2",15,"S0_none","Malawi","women_folate","Education, employment, SES",9,0.170265018442207,2.05430990787644,1.59205653307188,0.0774612693653173,0.624437781109445
"admin2",15,"S0_none","Malawi","women_folate","Fertility, reproductive health",23,0.122396854520866,1.45669991998934,1.07348348382246,0.135932033983008,0.624437781109445
"admin2",15,"S0_none","Malawi","women_folate","Food fortification and supplementation",6,0.0198431902220607,0.235216629730507,-1.2601208075102,0.954522738630685,0.978510744627686
"admin2",15,"S0_none","Malawi","women_folate","Healthcare access",6,0.156939026448339,1.83442892755113,0.972209937485975,0.146926536731634,0.624437781109445
"admin2",15,"S0_none","Malawi","women_folate","Household assets and characteristics",12,0.267555233112731,3.17341995359208,2.77362781991188,0.0254872563718141,0.624437781109445
"admin2",15,"S0_none","Malawi","women_folate","Infant and child morbidity/mortality",37,0.0828950782759844,0.987324396338894,-0.0422359771887963,0.468265867066467,0.703731467599534
"admin2",15,"S0_none","Malawi","women_folate","Malaria incidence and treatment",23,0.0699264937854763,0.842314267337971,-0.329689729882841,0.56271864067966,0.708608658633646
"admin2",15,"S0_none","Malawi","women_folate","Ruralness, population density, built environment",9,0.114959098020102,1.35914716226258,0.348258876287235,0.249875062468766,0.657440510513974
"admin2",15,"S0_none","Malawi","women_folate","Soil characteristics",45,0.108613874024549,1.31280825779137,0.731638684536019,0.189905047476262,0.64567716141929
"admin2",15,"S0_none","Malawi","women_folate","Water and sanitation",8,0.141166888204337,1.70664258303188,1.37281296016321,0.0979510244877561,0.624437781109445
"admin2",15,"S0_none","Malawi","child_iron","Adult and maternal mortality",9,0.00692031040690785,0.182576499486922,-1.08917335063786,0.951524237881059,0.968217645563183
"admin2",15,"S0_none","Malawi","child_iron","Adult nutrition",9,0.0261031797601352,0.696904780679093,-0.61412686240794,0.704647676161919,0.801364023870418
"admin2",15,"S0_none","Malawi","child_iron","Agricultural production, land use",80,0.0555712412075186,1.48388315291035,1.13417347380867,0.120939530234883,0.278860569715142
"admin2",15,"S0_none","Malawi","child_iron","Built environment",12,0.0693406952143348,1.84131771825631,1.44963726384548,0.0824587706146927,0.217391304347826
"admin2",15,"S0_none","Malawi","child_iron","Climate and weather",41,0.0600000499801129,1.60870676042256,0.890491180211368,0.15792103948026,0.294384057971015
"admin2",15,"S0_none","Malawi","child_iron","Dietary diversity",11,0.0389457011167377,1.06174822067797,0.0974634432485065,0.346826586706647,0.502898550724638
"admin2",15,"S0_none","Malawi","child_iron","Ecosystem productivity/greenness",16,0.0284830896086955,0.762285364263071,-0.300776228393808,0.494752623688156,0.63768115942029
"admin2",15,"S0_none","Malawi","child_iron","Education, employment, SES",9,0.0751831273059004,2.02599876212818,1.50655560066225,0.0794602698650675,0.217391304347826
"admin2",15,"S0_none","Malawi","child_iron","Fertility, reproductive health",23,0.0511306812600491,1.38272363015387,0.869555147989493,0.169915042478761,0.298638559508125
"admin2",15,"S0_none","Malawi","child_iron","Food fortification and supplementation",6,0.0702559331952558,1.85372507220436,1.25399605275113,0.104947526236882,0.264650283553875
"admin2",15,"S0_none","Malawi","child_iron","Healthcare access",6,0.0512879408094918,1.34444887535165,0.348755153319817,0.237381309345327,0.404944586530264
"admin2",15,"S0_none","Malawi","child_iron","Household assets and characteristics",12,0.131213704474032,3.51961381178721,3.30356435205393,0.0174912543728136,0.101449275362319
"admin2",15,"S0_none","Malawi","child_iron","Infant and child morbidity/mortality",37,0.0254126098539704,0.688208789510466,-0.920623251690118,0.828085957021489,0.873254281949934
"admin2",15,"S0_none","Malawi","child_iron","Malaria incidence and treatment",23,0.0427731068009784,1.1434978155534,0.280987891662645,0.322838580709645,0.492753623188406
"admin2",15,"S0_none","Malawi","child_iron","Ruralness, population density, built environment",9,0.0757988460525444,2.00549278939484,0.976973475501864,0.135432283858071,0.278860569715142
"admin2",15,"S0_none","Malawi","child_iron","Soil characteristics",45,0.0533925415829814,1.41538087446627,0.973484517550218,0.154922538730635,0.294384057971015
"admin2",15,"S0_none","Malawi","child_iron","Water and sanitation",8,0.0406813684555381,1.07566033520857,0.130326276045466,0.361819090454773,0.511841640155532
"admin2",15,"S0_none","Malawi","women_iron","Adult and maternal mortality",9,0.123994750686211,1.40654197051782,0.552082058131253,0.219390304847576,0.424154589371981
"admin2",15,"S0_none","Malawi","women_iron","Adult nutrition",9,0.0783678112238638,0.861859398360155,-0.398248068831432,0.626686656671664,0.764270925761609
"admin2",15,"S0_none","Malawi","women_iron","Agricultural production, land use",80,0.0509782041942927,0.562328982958571,-1.2140894347717,0.928035982008996,0.940029985007496
"admin2",15,"S0_none","Malawi","women_iron","Built environment",12,0.0371335419252523,0.405312401487183,-1.23730655883575,0.938030984507746,0.940029985007496
"admin2",15,"S0_none","Malawi","women_iron","Climate and weather",41,0.0656245715884394,0.71555129138233,-0.482471826944706,0.618190904547726,0.764270925761609
"admin2",15,"S0_none","Malawi","women_iron","Dietary diversity",11,0.0837951467531254,0.912228087115469,-0.180264169274286,0.508245877061469,0.685540950455005
"admin2",15,"S0_none","Malawi","women_iron","Ecosystem productivity/greenness",16,0.0860668303110577,0.93580958575709,-0.0968947146916444,0.418290854572714,0.622073578595318
"admin2",15,"S0_none","Malawi","women_iron","Education, employment, SES",9,0.142080290025809,1.54533036431543,0.857147296224228,0.173913043478261,0.359820089955023
"admin2",15,"S0_none","Malawi","women_iron","Fertility, reproductive health",23,0.0666873950209151,0.729477958735229,-0.652558738178731,0.721639180409795,0.837101449275362
"admin2",15,"S0_none","Malawi","women_iron","Food fortification and supplementation",6,0.102629565763647,1.13660090200736,0.226261536177239,0.332333833083458,0.535840188014101
"admin2",15,"S0_none","Malawi","women_iron","Healthcare access",6,0.116752666023869,1.29499572094788,0.351506554836757,0.263368315842079,0.492753623188406
"admin2",15,"S0_none","Malawi","women_iron","Household assets and characteristics",12,0.097487521443141,1.0479298675446,0.0609196812244246,0.341829085457271,0.535840188014101
"admin2",15,"S0_none","Malawi","women_iron","Infant and child morbidity/mortality",37,0.105457302647747,1.16230226294709,0.500709983453675,0.277861069465267,0.492753623188406
"admin2",15,"S0_none","Malawi","women_iron","Malaria incidence and treatment",23,0.0702676196934242,0.76879249770666,-0.487869218338582,0.639180409795102,0.764270925761609
"admin2",15,"S0_none","Malawi","women_iron","Ruralness, population density, built environment",9,0.0159459760382397,0.166259218374419,-0.829462997849675,0.887556221889055,0.940029985007496
"admin2",15,"S0_none","Malawi","women_iron","Soil characteristics",45,0.0474283805544058,0.524946343498415,-1.11126160121773,0.920039980009995,0.940029985007496
"admin2",15,"S0_none","Malawi","women_iron","Water and sanitation",8,0.191870319578125,2.08384923469701,2.2085562542698,0.0289855072463768,0.138238573021182
"admin2",15,"S0_none","Gambia","child_iron","Adult and maternal mortality",9,0.0226690441272143,0.483199904332437,-0.822765134313742,0.799100449775112,0.85829307568438
"admin2",15,"S0_none","Gambia","child_iron","Adult nutrition",9,0.0538457482078019,1.13995642698533,0.196317338046537,0.311344327836082,0.488053270661966
"admin2",15,"S0_none","Gambia","child_iron","Agricultural production, land use",80,0.114680432170374,2.45860209003561,2.51691673090229,0.0304847576211894,0.110507246376812
"admin2",15,"S0_none","Gambia","child_iron","Built environment",12,0.0857246121682118,1.83868422452097,1.41273094864984,0.0819590204897551,0.217391304347826
"admin2",15,"S0_none","Gambia","child_iron","Climate and weather",41,0.163059860432305,3.45081074470102,3.29061506543409,0.0119940029985007,0.0772946859903382
"admin2",15,"S0_none","Gambia","child_iron","Dietary diversity",11,0.133057308063503,2.78076533653852,2.68485545812092,0.0294852573713143,0.110507246376812
"admin2",15,"S0_none","Gambia","child_iron","Ecosystem productivity/greenness",16,0.0764662983742228,1.63028071649413,0.849353190405156,0.162418790604698,0.294384057971015
"admin2",15,"S0_none","Gambia","child_iron","Education, employment, SES",9,0.204189803232908,4.36436849731962,3.97393334629374,0.0104947526236882,0.0760869565217391
"admin2",15,"S0_none","Gambia","child_iron","Fertility, reproductive health",23,0.133527898655123,2.86596732754956,3.75086432833318,0.00649675162418791,0.0538302277432712
"admin2",15,"S0_none","Gambia","child_iron","Food fortification and supplementation",6,0.0379464084587801,0.805638361619432,-0.266342075126471,0.516741629185407,0.651543793320731
"admin2",15,"S0_none","Gambia","child_iron","Healthcare access",6,0.0868391435675426,1.8898035529873,1.08203255158313,0.126436781609195,0.278860569715142
"admin2",15,"S0_none","Gambia","child_iron","Household assets and characteristics",12,0.119349196074193,2.53642018980921,1.66500008302506,0.0679660169915042,0.207475209763539
"admin2",15,"S0_none","Gambia","child_iron","Infant and child morbidity/mortality",37,0.0450982504200646,0.946851745440488,-0.142915438662719,0.489255372313843,0.63768115942029
"admin2",15,"S0_none","Gambia","child_iron","Malaria incidence and treatment",23,0.120060006925421,2.53450020618926,2.24071562209796,0.0359820089955022,0.122383252818035
"admin2",15,"S0_none","Gambia","child_iron","Ruralness, population density, built environment",9,0.20087706218598,4.27183369008862,2.90469722070338,0.0219890054972514,0.106280193236715
"admin2",15,"S0_none","Gambia","child_iron","Soil characteristics",45,0.131706796236656,2.79166479553972,2.8729101666434,0.0194902548725637,0.102766798418972
"admin2",15,"S0_none","Gambia","child_iron","Water and sanitation",9,0.0567113422658041,1.20048398963165,0.355142040557125,0.284857571214393,0.458937198067633
"admin2",15,"S0_none","Malawi","women_zinc","Adult and maternal mortality",9,0.0156028126669411,0.187163567467017,-1.13709873572406,0.963018490754623,0.963018490754623
"admin2",15,"S0_none","Malawi","women_zinc","Adult nutrition",9,0.0613091759762572,0.734710458587665,-0.616723670675452,0.698650674662669,0.919501787567755
"admin2",15,"S0_none","Malawi","women_zinc","Agricultural production, land use",80,0.0456769061276849,0.548910788731457,-1.22474244057661,0.933033483258371,0.963018490754623
"admin2",15,"S0_none","Malawi","women_zinc","Built environment",12,0.0294531747712531,0.350536298455272,-1.37611341605826,0.95952023988006,0.963018490754623
"admin2",15,"S0_none","Malawi","women_zinc","Climate and weather",41,0.0951570353445122,1.15141375875108,0.253098110350755,0.32383808095952,0.68815592203898
"admin2",15,"S0_none","Malawi","women_zinc","Dietary diversity",11,0.0568789296598973,0.681781327231198,-0.623631373009208,0.703148425787106,0.919501787567755
"admin2",15,"S0_none","Malawi","women_zinc","Ecosystem productivity/greenness",16,0.111873351777618,1.33857120158942,0.483761960593239,0.238380809595202,0.68815592203898
"admin2",15,"S0_none","Malawi","women_zinc","Education, employment, SES",9,0.0483450734224257,0.589478930186423,-0.614785641918814,0.683658170914543,0.919501787567755
"admin2",15,"S0_none","Malawi","women_zinc","Fertility, reproductive health",23,0.0922793849545241,1.11928752021567,0.28061217009963,0.316841579210395,0.68815592203898
"admin2",15,"S0_none","Malawi","women_zinc","Food fortification and supplementation",6,0.188725615173653,2.27591786289514,2.09208585238832,0.0424787606196902,0.68815592203898
"admin2",15,"S0_none","Malawi","women_zinc","Healthcare access",6,0.0999318354995563,1.16822327050457,0.198813784648471,0.306846576711644,0.68815592203898
"admin2",15,"S0_none","Malawi","women_zinc","Household assets and characteristics",12,0.118212271945059,1.4104268467568,0.528792144498648,0.214392803598201,0.68815592203898
"admin2",15,"S0_none","Malawi","women_zinc","Infant and child morbidity/mortality",37,0.0939461317191774,1.13165205845873,0.421867902278617,0.28535732133933,0.68815592203898
"admin2",15,"S0_none","Malawi","women_zinc","Malaria incidence and treatment",23,0.0437333938329731,0.521391276541685,-1.00755360258925,0.863068465767116,0.963018490754623
"admin2",15,"S0_none","Malawi","women_zinc","Ruralness, population density, built environment",9,0.0360893021562373,0.419953314049965,-0.56009872893479,0.625687156421789,0.919501787567755
"admin2",15,"S0_none","Malawi","women_zinc","Soil characteristics",45,0.069400026200678,0.831949212799367,-0.394386728369001,0.573213393303348,0.919501787567755
"admin2",15,"S0_none","Malawi","women_zinc","Water and sanitation",8,0.135908108612897,1.62920525263922,1.17451371772265,0.12543728135932,0.68815592203898
"admin2",15,"S0_none","Gambia","women_iron","Adult and maternal mortality",9,0.0351887000935578,0.892599026036171,-0.171407398525803,0.488255872063968,0.674258109040718
"admin2",15,"S0_none","Gambia","women_iron","Adult nutrition",9,0.112903597077878,2.90965068649989,2.96481277246342,0.0149925037481259,0.0869565217391304
"admin2",15,"S0_none","Gambia","women_iron","Agricultural production, land use",81,0.173015415973433,4.47462263626881,6.36265417622501,0.000499750124937531,0.00483091787439614
"admin2",15,"S0_none","Gambia","women_iron","Built environment",12,0.134910791628317,3.50069480876122,4.33594770346963,0.00299850074962519,0.0193236714975845
"admin2",15,"S0_none","Gambia","women_iron","Climate and weather",41,0.313721195442201,8.07291621049062,8.92257372279473,0.000499750124937531,0.00483091787439614
"admin2",15,"S0_none","Gambia","women_iron","Dietary diversity",11,0.0577785796441759,1.50996212135608,0.771738201571816,0.162418790604698,0.359820089955023
"admin2",15,"S0_none","Gambia","women_iron","Ecosystem productivity/greenness",16,0.0980523377620166,2.57373163981573,2.06830976953776,0.0474762618690655,0.172101449275362
"admin2",15,"S0_none","Gambia","women_iron","Education, employment, SES",9,0.334311896443405,8.50835967907306,9.50133727546444,0.000499750124937531,0.00483091787439614
"admin2",15,"S0_none","Gambia","women_iron","Fertility, reproductive health",23,0.173347941852333,4.43318822567446,6.79450151914208,0.000499750124937531,0.00483091787439614
"admin2",15,"S0_none","Gambia","women_iron","Food fortification and supplementation",6,0.0402198577184138,1.05074464841337,0.0607784090872736,0.337831084457771,0.535840188014101
"admin2",15,"S0_none","Gambia","women_iron","Healthcare access",6,0.12792555604714,3.24208016054458,2.68882634707408,0.0284857571214393,0.138238573021182
"admin2",15,"S0_none","Gambia","women_iron","Household assets and characteristics",12,0.201938244440327,5.3380868433265,4.8937321527054,0.00249875062468766,0.0181159420289855
"admin2",15,"S0_none","Gambia","women_iron","Infant and child morbidity/mortality",37,0.049479181991714,1.28888631923043,0.822583397205627,0.178910544727636,0.359820089955023
"admin2",15,"S0_none","Gambia","women_iron","Malaria incidence and treatment",23,0.214541118521316,5.55877685012876,6.41196822885529,0.000499750124937531,0.00483091787439614
"admin2",15,"S0_none","Gambia","women_iron","Ruralness, population density, built environment",9,0.269245484107389,7.10995190278796,5.37738704084546,0.00199900049975012,0.0165631469979296
"admin2",15,"S0_none","Gambia","women_iron","Soil characteristics",45,0.256096019340907,6.58046969600921,8.75372519476228,0.000499750124937531,0.00483091787439614
"admin2",15,"S0_none","Gambia","women_iron","Water and sanitation",9,0.0766234500970233,1.95552510363968,1.76752776393052,0.0594702648675662,0.199847444698703
"admin2",15,"S0_none","Gambia","women_vitA","Adult and maternal mortality",9,0.0199699464352728,0.509958557646001,-0.80295307376375,0.777111444277861,0.94273552878733
"admin2",15,"S0_none","Gambia","women_vitA","Adult nutrition",9,0.0686858906215461,1.76124524644095,1.24383123321936,0.114442778610695,0.432339385862624
"admin2",15,"S0_none","Gambia","women_vitA","Agricultural production, land use",81,0.0759843371638252,1.97585380323453,1.8004088488203,0.0589705147426287,0.325265938459342
"admin2",15,"S0_none","Gambia","women_vitA","Built environment",12,0.0457378739769059,1.19583210828974,0.341808773364224,0.282358820589705,0.757821089455272
"admin2",15,"S0_none","Gambia","women_vitA","Climate and weather",41,0.14131174864623,3.65850847184181,3.49445444493801,0.0144927536231884,0.192570381475929
"admin2",15,"S0_none","Gambia","women_vitA","Dietary diversity",11,0.0413803032908284,1.05870720140279,0.0854903988566265,0.334332833583208,0.757821089455272
"admin2",15,"S0_none","Gambia","women_vitA","Ecosystem productivity/greenness",16,0.081326306890453,2.12931380377565,1.46750352024944,0.0894552723638181,0.380184907546227
"admin2",15,"S0_none","Gambia","women_vitA","Education, employment, SES",9,0.153720747832438,3.99112649045241,3.69052699160058,0.0104947526236882,0.192570381475929
"admin2",15,"S0_none","Gambia","women_vitA","Fertility, reproductive health",23,0.0725093445872343,1.86432736298651,1.69067755992902,0.0669665167416292,0.325265938459342
"admin2",15,"S0_none","Gambia","women_vitA","Food fortification and supplementation",6,0.0202481266417486,0.537793916751903,-0.5556440520691,0.670164917541229,0.9227693845385
"admin2",15,"S0_none","Gambia","women_vitA","Healthcare access",6,0.096947524250605,2.50253801919414,1.75522737041699,0.0654672663668166,0.325265938459342
"admin2",15,"S0_none","Gambia","women_vitA","Household assets and characteristics",12,0.0559803823771825,1.46010525858148,0.509447062951672,0.207396301849075,0.705147426286857
"admin2",15,"S0_none","Gambia","women_vitA","Infant and child morbidity/mortality",37,0.025007559040073,0.641277442587211,-1.00382623106223,0.868065967016492,0.95417916041979
"admin2",15,"S0_none","Gambia","women_vitA","Malaria incidence and treatment",23,0.100191663725678,2.61947106111101,2.39796201726207,0.0314842578710645,0.267616191904048
"admin2",15,"S0_none","Gambia","women_vitA","Ruralness, population density, built environment",9,0.0259883449153687,0.669892107702573,-0.295305978606144,0.447776111944028,0.761219390304848
"admin2",15,"S0_none","Gambia","women_vitA","Soil characteristics",45,0.112343316013352,2.91980905035027,3.0167190987938,0.0169915042478761,0.192570381475929
"admin2",15,"S0_none","Gambia","women_vitA","Water and sanitation",9,0.041803880883639,1.07579527437691,0.142300596618382,0.360819590204898,0.761219390304848
"admin2",15,"S0_none","Ghana","women_iron","Agricultural production, land use",64,0.085216179157578,2.04545924310263,1.75521824822831,0.063968015992004,0.199847444698703
"admin2",15,"S0_none","Ghana","women_iron","Built environment",10,0.0752528836301232,1.79520678320564,1.24803304589993,0.117941029485257,0.297416509136736
"admin2",15,"S0_none","Ghana","women_iron","Climate and weather",41,0.1137723566851,2.70395558163177,2.33088576069165,0.0309845077461269,0.138238573021182
"admin2",15,"S0_none","Ghana","women_iron","Ecosystem productivity/greenness",14,0.102778891983782,2.43981471751911,1.52599745149931,0.0809595202398801,0.234782608695652
"admin2",15,"S0_none","Ghana","women_iron","Malaria incidence and treatment",23,0.0811323003581325,1.96647176013913,1.41244830606754,0.0969515242378811,0.255599472990777
"admin2",15,"S0_none","Ghana","women_iron","Ruralness, population density, built environment",9,0.0274417699040251,0.673055144284557,-0.282534475374211,0.459770114942529,0.650406504065041
"admin2",15,"S0_none","Ghana","women_iron","Soil characteristics",38,0.0795802955440064,1.87436183576426,1.44599702758953,0.0859570214892554,0.237405106970324
"admin2",15,"S0_none","Ghana","child_iron","Agricultural production, land use",64,0.225475023745663,7.21789638800021,9.86866658267433,0.000499750124937531,0.0072463768115942
"admin2",15,"S0_none","Ghana","child_iron","Built environment",10,0.143275025043402,4.55843371255641,5.33072931556156,0.000999500249875062,0.0115942028985507
"admin2",15,"S0_none","Ghana","child_iron","Climate and weather",41,0.227954111669218,7.22582623236107,8.14833751019439,0.000499750124937531,0.0072463768115942
"admin2",15,"S0_none","Ghana","child_iron","Ecosystem productivity/greenness",16,0.152272326503664,4.92360871269666,4.67147955990605,0.00449775112443778,0.0434782608695652
"admin2",15,"S0_none","Ghana","child_iron","Malaria incidence and treatment",23,0.158052438626919,5.06390066800439,6.07709311565602,0.000499750124937531,0.0072463768115942
"admin2",15,"S0_none","Ghana","child_iron","Ruralness, population density, built environment",9,0.0107370784661911,0.343864705371782,-0.57212231704643,0.666166916541729,0.788524105294292
"admin2",15,"S0_none","Ghana","child_iron","Soil characteristics",45,0.195784977645449,6.20292055736502,8.39328459672876,0.000499750124937531,0.0072463768115942
"admin2",15,"S0_none","Ghana","child_vitA","Agricultural production, land use",64,0.139942061981725,4.5193652443413,5.38264729014073,0.00399800099950025,0.0210803689064559
"admin2",15,"S0_none","Ghana","child_vitA","Built environment",10,0.135386534322163,4.35246050506542,4.96162170215894,0.00199900049975012,0.0128824476650564
"admin2",15,"S0_none","Ghana","child_vitA","Climate and weather",41,0.186648962958213,6.10597565358016,6.52269247894788,0.00199900049975012,0.0128824476650564
"admin2",15,"S0_none","Ghana","child_vitA","Ecosystem productivity/greenness",16,0.135813915263364,4.28460887876936,3.9763613224247,0.00849575212393803,0.0410628019323671
"admin2",15,"S0_none","Ghana","child_vitA","Malaria incidence and treatment",23,0.0970556339107787,3.08468782558553,3.03805799311528,0.0184907546226887,0.0750213128729753
"admin2",15,"S0_none","Ghana","child_vitA","Ruralness, population density, built environment",9,0.0677949017812223,2.14025158460104,0.948113361656913,0.12343828085957,0.265163714439077
"admin2",15,"S0_none","Ghana","child_vitA","Soil characteristics",45,0.136686526940633,4.39254853196961,5.42832292768855,0.00199900049975012,0.0128824476650564
"admin2",15,"S0_none","SierraLeone","women_folate","Adult and maternal mortality",9,0.0221245865479477,0.285423351316041,-0.782888753189928,0.830084957521239,0.956834082958521
"admin2",15,"S0_none","SierraLeone","women_folate","Adult nutrition",9,0.021187529062653,0.278836579986937,-1.40562332511085,0.978510744627686,0.978510744627686
"admin2",15,"S0_none","SierraLeone","women_folate","Agricultural production, land use",91,0.0974385147128279,1.27167391352626,0.580641513801697,0.251374312843578,0.657440510513974
"admin2",15,"S0_none","SierraLeone","women_folate","Built environment",13,0.101202505475445,1.30473222732125,0.510874495559342,0.250374812593703,0.657440510513974
"admin2",15,"S0_none","SierraLeone","women_folate","Climate and weather",41,0.0729323915905809,0.946070683689612,-0.0860243802553994,0.422788605697151,0.703731467599534
"admin2",15,"S0_none","SierraLeone","women_folate","Dietary diversity",11,0.0624250614685747,0.80609963349285,-0.276809322324717,0.496751624187906,0.703731467599534
"admin2",15,"S0_none","SierraLeone","women_folate","Ecosystem productivity/greenness",16,0.0553886036155828,0.720252376677273,-0.358549524285009,0.534232883558221,0.708608658633646
"admin2",15,"S0_none","SierraLeone","women_folate","Education, employment, SES",9,0.0471791634286848,0.636225803181234,-0.400030249031586,0.556221889055472,0.708608658633646
"admin2",15,"S0_none","SierraLeone","women_folate","Fertility, reproductive health",23,0.0735436208757128,0.969573134799093,-0.0573158468947152,0.427286356821589,0.703731467599534
"admin2",15,"S0_none","SierraLeone","women_folate","Food fortification and supplementation",6,0.0741491409453398,0.97763197318652,-0.0340024670473939,0.421789105447276,0.703731467599534
"admin2",15,"S0_none","SierraLeone","women_folate","Healthcare access",6,0.0568834884919817,0.746214527229464,-0.286586187079218,0.471764117941029,0.703731467599534
"admin2",15,"S0_none","SierraLeone","women_folate","Household assets and characteristics",12,0.0569669211081303,0.761429369600121,-0.288240926875573,0.480759620189905,0.703731467599534
"admin2",15,"S0_none","SierraLeone","women_folate","Infant and child morbidity/mortality",37,0.109572305222555,1.42935575753765,1.04208225694366,0.142928535732134,0.624437781109445
"admin2",15,"S0_none","SierraLeone","women_folate","Malaria incidence and treatment",23,0.0794420203400255,1.04427830858092,0.0682011735990759,0.386806596701649,0.703731467599534
"admin2",15,"S0_none","SierraLeone","women_folate","Ruralness, population density, built environment",9,0.0764131886618335,0.99952185839907,-0.000483924956656739,0.338330834582709,0.703731467599534
"admin2",15,"S0_none","SierraLeone","women_folate","Soil characteristics",45,0.125781105368944,1.63551223498334,1.2224909835191,0.120939530234883,0.624437781109445
"admin2",15,"S0_none","SierraLeone","women_folate","Water and sanitation",8,0.0584936622416573,0.772251178714988,-0.391074759016712,0.586706646676662,0.712429499535946
"admin2",15,"S0_none","SierraLeone","child_vitA","Adult and maternal mortality",9,0.0452010368220588,0.532548546019279,-0.491663494779763,0.586706646676662,0.751102709514808
"admin2",15,"S0_none","SierraLeone","child_vitA","Adult nutrition",9,0.0864579834931143,1.02975054122684,0.0561682258640704,0.3928035982009,0.59954233409611
"admin2",15,"S0_none","SierraLeone","child_vitA","Agricultural production, land use",91,0.0426116861886298,0.512101263679935,-1.00186998230328,0.857071464267866,0.923242082662373
"admin2",15,"S0_none","SierraLeone","child_vitA","Built environment",13,0.0443807199447155,0.532301095989236,-0.759621847462095,0.770614692653673,0.912156166814552
"admin2",15,"S0_none","SierraLeone","child_vitA","Climate and weather",41,0.0365155213423327,0.442078486293565,-0.847469193117778,0.854072963518241,0.923242082662373
"admin2",15,"S0_none","SierraLeone","child_vitA","Dietary diversity",11,0.0612040612283812,0.736547418618902,-0.395096640368359,0.570714642678661,0.751102709514808
"admin2",15,"S0_none","SierraLeone","child_vitA","Ecosystem productivity/greenness",16,0.0355110577770945,0.433372075126746,-0.685701069478521,0.751624187906047,0.908212560386473
"admin2",15,"S0_none","SierraLeone","child_vitA","Education, employment, SES",9,0.112149227189513,1.32522911253184,0.372762723622601,0.24687656171914,0.421142369991475
"admin2",15,"S0_none","SierraLeone","child_vitA","Fertility, reproductive health",23,0.042677379746668,0.510341176405358,-0.928494839547823,0.849075462268866,0.923242082662373
"admin2",15,"S0_none","SierraLeone","child_vitA","Food fortification and supplementation",6,0.0656735275890569,0.786472274725814,-0.330419536590983,0.556221889055472,0.751102709514808
"admin2",15,"S0_none","SierraLeone","child_vitA","Healthcare access",6,0.189458785795059,2.2720896787755,1.48663346897514,0.0839580209895052,0.2117202268431
"admin2",15,"S0_none","SierraLeone","child_vitA","Household assets and characteristics",12,0.173511615776776,2.04980796824851,1.34348138880244,0.102948525737131,0.235228539576366
"admin2",15,"S0_none","SierraLeone","child_vitA","Infant and child morbidity/mortality",37,0.0413424477121332,0.499147199378511,-1.22608916680871,0.929535232383808,0.945842868039664
"admin2",15,"S0_none","SierraLeone","child_vitA","Malaria incidence and treatment",23,0.0299760348870692,0.360563891809739,-0.960822288655721,0.859570214892554,0.923242082662373
"admin2",15,"S0_none","SierraLeone","child_vitA","Ruralness, population density, built environment",9,0.045842720105408,0.544595796048955,-0.495401369188696,0.595702148925537,0.751102709514808
"admin2",15,"S0_none","SierraLeone","child_vitA","Soil characteristics",45,0.0374682084705052,0.451347139414078,-1.07520971453807,0.890554722638681,0.939130434782609
"admin2",15,"S0_none","SierraLeone","child_vitA","Water and sanitation",8,0.100677912892342,1.19973534003421,0.330054010020904,0.274362818590705,0.454658385093168
"admin2",15,"S0_none","SierraLeone","child_iron","Adult and maternal mortality",9,0.00595726832648281,0.0699765997854206,-0.981295851409971,0.991504247876062,0.991504247876062
"admin2",15,"S0_none","SierraLeone","child_iron","Adult nutrition",9,0.140010852095861,1.67316680816869,1.27382162622114,0.116441779110445,0.278860569715142
"admin2",15,"S0_none","SierraLeone","child_iron","Agricultural production, land use",91,0.165224587007554,1.98769622206464,2.13144194936738,0.0299850074962519,0.110507246376812
"admin2",15,"S0_none","SierraLeone","child_iron","Built environment",13,0.136303052239465,1.66747996175691,1.14959702402744,0.139430284857571,0.278860569715142
"admin2",15,"S0_none","SierraLeone","child_iron","Climate and weather",41,0.202152898626584,2.43311534051629,2.29923935886072,0.0379810094952524,0.122383252818035
"admin2",15,"S0_none","SierraLeone","child_iron","Dietary diversity",11,0.0601521156517527,0.709237939675794,-0.451729022072448,0.602698650674663,0.728260869565217
"admin2",15,"S0_none","SierraLeone","child_iron","Ecosystem productivity/greenness",16,0.260661698270646,3.16223800995033,2.75506651404006,0.0254872563718141,0.110507246376812
"admin2",15,"S0_none","SierraLeone","child_iron","Education, employment, SES",9,0.0683767819934435,0.794767545114777,-0.240577470152948,0.453773113443278,0.612066059993259
"admin2",15,"S0_none","SierraLeone","child_iron","Fertility, reproductive health",23,0.104305506107474,1.24219486653286,0.462581195480123,0.260369815092454,0.431469979296066
"admin2",15,"S0_none","SierraLeone","child_iron","Food fortification and supplementation",6,0.0491315758353291,0.590912112359389,-0.634315178866863,0.694152923538231,0.801364023870418
"admin2",15,"S0_none","SierraLeone","child_iron","Healthcare access",6,0.155704583505506,1.83727079767839,0.994698286323326,0.132933533233383,0.278860569715142
"admin2",15,"S0_none","SierraLeone","child_iron","Household assets and characteristics",12,0.057098458821083,0.684985989099536,-0.408157728615019,0.543228385807096,0.670366944187481
"admin2",15,"S0_none","SierraLeone","child_iron","Infant and child morbidity/mortality",37,0.0542547587287298,0.648692127888047,-0.857941167317636,0.797101449275362,0.85829307568438
"admin2",15,"S0_none","SierraLeone","child_iron","Malaria incidence and treatment",23,0.0818415918518677,0.994086241240918,-0.00892763859579397,0.413293353323338,0.570738440303658
"admin2",15,"S0_none","SierraLeone","child_iron","Ruralness, population density, built environment",9,0.0259639187658444,0.321446961968125,-0.736663290827508,0.786606696651674,0.85829307568438
"admin2",15,"S0_none","SierraLeone","child_iron","Soil characteristics",45,0.0928815212638614,1.11864695775792,0.229755502216592,0.344327836081959,0.502898550724638
"admin2",15,"S0_none","SierraLeone","child_iron","Water and sanitation",8,0.0279570525928747,0.337076542863532,-1.12056209642707,0.942028985507246,0.968217645563183
"admin2",15,"S0_none","SierraLeone","women_iron","Adult and maternal mortality",9,0.142990674123897,1.83226317585105,0.924539507486782,0.144427786106947,0.349033816425121
"admin2",15,"S0_none","SierraLeone","women_iron","Adult nutrition",9,0.0272707214515088,0.351488809378599,-1.22973347134279,0.940029985007496,0.940029985007496
"admin2",15,"S0_none","SierraLeone","women_iron","Agricultural production, land use",91,0.140050244117489,1.82184626867013,1.69984534526728,0.0654672663668166,0.199847444698703
"admin2",15,"S0_none","SierraLeone","women_iron","Built environment",13,0.178421827999006,2.35035151567527,2.2236060794437,0.0409795102448776,0.158454106280193
"admin2",15,"S0_none","SierraLeone","women_iron","Climate and weather",41,0.112574537053409,1.47161623019753,0.741613473186994,0.179910044977511,0.359820089955023
"admin2",15,"S0_none","SierraLeone","women_iron","Dietary diversity",11,0.0808590109671591,1.06509977459511,0.0927720768250367,0.323338330834583,0.535840188014101
"admin2",15,"S0_none","SierraLeone","women_iron","Ecosystem productivity/greenness",16,0.0649910840525393,0.843370393648544,-0.201906598122346,0.459270364817591,0.650406504065041
"admin2",15,"S0_none","SierraLeone","women_iron","Education, employment, SES",9,0.0695813790962323,0.908299889340083,-0.104110416555841,0.391804097951024,0.598016781083143
"admin2",15,"S0_none","SierraLeone","women_iron","Fertility, reproductive health",23,0.0484343151591337,0.624522589032981,-0.700261992407142,0.739130434782609,0.840579710144927
"admin2",15,"S0_none","SierraLeone","women_iron","Food fortification and supplementation",6,0.184284248565788,2.4554200910102,2.18048356118933,0.0409795102448776,0.158454106280193
"admin2",15,"S0_none","SierraLeone","women_iron","Healthcare access",6,0.039951212122693,0.506433313551281,-0.57234390244192,0.64567716141929,0.764270925761609
"admin2",15,"S0_none","SierraLeone","women_iron","Household assets and characteristics",12,0.122479999770545,1.59605386707511,0.755669689157457,0.178410794602699,0.359820089955023
"admin2",15,"S0_none","SierraLeone","women_iron","Infant and child morbidity/mortality",37,0.0529276974586748,0.699113698292536,-0.729216603932283,0.75712143928036,0.844481605351171
"admin2",15,"S0_none","SierraLeone","women_iron","Malaria incidence and treatment",23,0.0577393642707753,0.75874773404117,-0.364402855279513,0.554222888555722,0.730566534914361
"admin2",15,"S0_none","SierraLeone","women_iron","Ruralness, population density, built environment",9,0.0423034115492986,0.549908401529893,-0.460175608417323,0.567716141929036,0.731723027375201
"admin2",15,"S0_none","SierraLeone","women_iron","Soil characteristics",45,0.0920428505312026,1.21768072181244,0.404085227923733,0.280359820089955,0.492753623188406
"admin2",15,"S0_none","SierraLeone","women_iron","Water and sanitation",8,0.0278150703265979,0.368360346666822,-1.12243740585209,0.932033983008496,0.940029985007496
"admin2",15,"S0_none","SierraLeone","women_vitA","Adult and maternal mortality",9,0.0394280469708611,0.51289075915651,-0.527160419662689,0.621189405297351,0.918279990439563
"admin2",15,"S0_none","SierraLeone","women_vitA","Adult nutrition",9,0.0340016743072738,0.446695397021446,-1.0893957036597,0.892053973013493,0.95417916041979
"admin2",15,"S0_none","SierraLeone","women_vitA","Agricultural production, land use",91,0.0353104107405448,0.464394385441271,-1.16162919015511,0.898050974512744,0.95417916041979
"admin2",15,"S0_none","SierraLeone","women_vitA","Built environment",13,0.0157028865990918,0.206165660726445,-1.36347500087815,0.987006496751624,0.995002498750625
"admin2",15,"S0_none","SierraLeone","women_vitA","Climate and weather",41,0.0375797368603042,0.50343824573253,-0.795711176433912,0.799100449775112,0.94273552878733
"admin2",15,"S0_none","SierraLeone","women_vitA","Dietary diversity",11,0.0668693805343372,0.888689144766052,-0.161495643976063,0.426286856571714,0.761219390304848
"admin2",15,"S0_none","SierraLeone","women_vitA","Ecosystem productivity/greenness",16,0.00865141820390864,0.116293373850236,-1.15586526763822,0.995002498750625,0.995002498750625
"admin2",15,"S0_none","SierraLeone","women_vitA","Education, employment, SES",9,0.100761759613511,1.32049799199481,0.366025096745988,0.250374812593703,0.757821089455272
"admin2",15,"S0_none","SierraLeone","women_vitA","Fertility, reproductive health",23,0.073803919018107,0.969008348584353,-0.0596725166317799,0.434282858570715,0.761219390304848
"admin2",15,"S0_none","SierraLeone","women_vitA","Food fortification and supplementation",6,0.066206486708492,0.855358630131234,-0.221398583205259,0.508245877061469,0.822874277147141
"admin2",15,"S0_none","SierraLeone","women_vitA","Healthcare access",6,0.0635139646602557,0.84824199845846,-0.168114816762062,0.411794102948526,0.761219390304848
"admin2",15,"S0_none","SierraLeone","women_vitA","Household assets and characteristics",12,0.0389174873732365,0.50148042935942,-0.641735005010492,0.704147926036982,0.9227693845385
"admin2",15,"S0_none","SierraLeone","women_vitA","Infant and child morbidity/mortality",37,0.0640644972186473,0.835403278592755,-0.400066643949931,0.603698150924538,0.918279990439563
"admin2",15,"S0_none","SierraLeone","women_vitA","Malaria incidence and treatment",23,0.0338560860010399,0.444488485172101,-0.872427189114977,0.804097951024488,0.94273552878733
"admin2",15,"S0_none","SierraLeone","women_vitA","Ruralness, population density, built environment",9,0.081238179226662,1.06580466409746,0.0704033806409954,0.324837581209395,0.757821089455272
"admin2",15,"S0_none","SierraLeone","women_vitA","Soil characteristics",45,0.0493690025975576,0.647214955562079,-0.664583545332938,0.705647176411794,0.9227693845385
"admin2",15,"S0_none","SierraLeone","women_vitA","Water and sanitation",8,0.0853007069126053,1.10868237303647,0.193055360530456,0.329835082458771,0.757821089455272
"admin2",15,"S1_latlon","Malawi","child_vitA","Adult and maternal mortality",9,0.0567736041514186,1.55134865692538,0.673673922793801,0.188905547226387,0.576659038901602
"admin2",15,"S1_latlon","Malawi","child_vitA","Adult nutrition",9,0.100174557477922,2.63873898484184,3.29504389531301,0.00649675162418791,0.318840579710145
"admin2",15,"S1_latlon","Malawi","child_vitA","Agricultural production, land use",80,0.021348647764081,0.569339316617065,-1.02436191617268,0.887556221889055,0.929606625258799
"admin2",15,"S1_latlon","Malawi","child_vitA","Built environment",12,0.0740023891916771,1.93453881058545,1.57496458041385,0.0759620189905048,0.489855072463768
"admin2",15,"S1_latlon","Malawi","child_vitA","Climate and weather",41,0.014806127223607,0.391256237041741,-0.832252181348181,0.84407796101949,0.916800858829845
"admin2",15,"S1_latlon","Malawi","child_vitA","Dietary diversity",11,0.0304153073653768,0.825910516084991,-0.289607558083224,0.537731134432784,0.765355417529331
"admin2",15,"S1_latlon","Malawi","child_vitA","Ecosystem productivity/greenness",16,0.0155653177271044,0.421716934046906,-0.719260506153679,0.781109445277361,0.888320545609548
"admin2",15,"S1_latlon","Malawi","child_vitA","Education, employment, SES",9,0.076386848654213,2.00140999031785,1.48343948458767,0.0844577711144428,0.489855072463768
"admin2",15,"S1_latlon","Malawi","child_vitA","Fertility, reproductive health",23,0.0417129896280592,1.11833829306987,0.255910658082673,0.316841579210395,0.634876110331931
"admin2",15,"S1_latlon","Malawi","child_vitA","Food fortification and supplementation",6,0.0649276421403497,1.74736030873579,1.12626078547709,0.122938530734633,0.525149190110827
"admin2",15,"S1_latlon","Malawi","child_vitA","Healthcare access",6,0.170829625624107,4.50803152807744,3.53486390574509,0.0144927536231884,0.318840579710145
"admin2",15,"S1_latlon","Malawi","child_vitA","Household assets and characteristics",12,0.131787090458745,3.49200676437444,3.25032642504165,0.0164917541229385,0.318840579710145
"admin2",15,"S1_latlon","Malawi","child_vitA","Infant and child morbidity/mortality",37,0.0422400288313536,1.14147148403165,0.411871628222107,0.289855072463768,0.634876110331931
"admin2",15,"S1_latlon","Malawi","child_vitA","Malaria incidence and treatment",23,0.0742394345237344,2.00278018753896,2.01415781575862,0.0419790104947526,0.443064182194617
"admin2",15,"S1_latlon","Malawi","child_vitA","Ruralness, population density, built environment",9,0.123009144765159,3.24447012854536,2.27665711333745,0.0384807596201899,0.443064182194617
"admin2",15,"S1_latlon","Malawi","child_vitA","Soil characteristics",45,0.0444181951815781,1.18886186696198,0.427531269735846,0.258370814592704,0.634876110331931
"admin2",15,"S1_latlon","Malawi","child_vitA","Water and sanitation",8,0.0528257047809408,1.44491348455116,0.785947651441546,0.188905547226387,0.576659038901602
"admin2",15,"S1_latlon","Malawi","child_zinc","Adult and maternal mortality",9,0.013613724667727,0.370232397638771,-0.80336353460584,0.822088955522239,0.898425787106447
"admin2",15,"S1_latlon","Malawi","child_zinc","Adult nutrition",9,0.0265669532408739,0.681793386317756,-0.651622079838648,0.721139430284858,0.898425787106447
"admin2",15,"S1_latlon","Malawi","child_zinc","Agricultural production, land use",80,0.0254034263436305,0.654010582323027,-0.891576287515719,0.829585207396302,0.898425787106447
"admin2",15,"S1_latlon","Malawi","child_zinc","Built environment",12,0.0182275384331994,0.470936833099476,-0.897826097087141,0.845577211394303,0.898425787106447
"admin2",15,"S1_latlon","Malawi","child_zinc","Climate and weather",41,0.0235588959903475,0.605623886190888,-0.538411378077907,0.64767616191904,0.898425787106447
"admin2",15,"S1_latlon","Malawi","child_zinc","Dietary diversity",11,0.0544639012018251,1.40987298930301,0.71371912609967,0.196901549225387,0.898425787106447
"admin2",15,"S1_latlon","Malawi","child_zinc","Ecosystem productivity/greenness",16,0.00918921979039232,0.236850647365982,-0.966563059706286,0.958520739630185,0.958520739630185
"admin2",15,"S1_latlon","Malawi","child_zinc","Education, employment, SES",9,0.0435168005440708,1.1264923325536,0.187050348718555,0.321339330334833,0.898425787106447
"admin2",15,"S1_latlon","Malawi","child_zinc","Fertility, reproductive health",23,0.0322791928039967,0.832859669185519,-0.360163558769615,0.575712143928036,0.898425787106447
"admin2",15,"S1_latlon","Malawi","child_zinc","Food fortification and supplementation",6,0.0252502602945548,0.651475188925455,-0.527794610066335,0.644177911044478,0.898425787106447
"admin2",15,"S1_latlon","Malawi","child_zinc","Healthcare access",6,0.0124335335062944,0.320931736891941,-0.709278115030352,0.780609695152424,0.898425787106447
"admin2",15,"S1_latlon","Malawi","child_zinc","Household assets and characteristics",12,0.0486387333185926,1.25765266908952,0.352089703341171,0.251374312843578,0.898425787106447
"admin2",15,"S1_latlon","Malawi","child_zinc","Infant and child morbidity/mortality",37,0.0314931576445964,0.819310490205261,-0.523279112623863,0.659170414792604,0.898425787106447
"admin2",15,"S1_latlon","Malawi","child_zinc","Malaria incidence and treatment",23,0.0241898585319682,0.625402108700054,-0.7745021454927,0.768115942028985,0.898425787106447
"admin2",15,"S1_latlon","Malawi","child_zinc","Ruralness, population density, built environment",9,0.0235084324705362,0.618115844914105,-0.371484388605431,0.520739630184908,0.898425787106447
"admin2",15,"S1_latlon","Malawi","child_zinc","Soil characteristics",45,0.0386910662980589,0.997049180588014,-0.0072330078077656,0.423788105947026,0.898425787106447
"admin2",15,"S1_latlon","Malawi","child_zinc","Water and sanitation",8,0.0422472240060357,1.09220443752221,0.166617078295217,0.361819090454773,0.898425787106447
"admin2",15,"S1_latlon","Gambia","child_vitA","Adult and maternal mortality",9,0.0305623722199077,0.641674400347094,-0.583252625758878,0.679660169915043,0.856962822936358
"admin2",15,"S1_latlon","Gambia","child_vitA","Adult nutrition",9,0.0825268605673366,1.74722251391548,1.23279224808449,0.11544227886057,0.525149190110827
"admin2",15,"S1_latlon","Gambia","child_vitA","Agricultural production, land use",80,0.0762883043640419,1.61215990644419,1.51708154233185,0.0814592703648176,0.489855072463768
"admin2",15,"S1_latlon","Gambia","child_vitA","Built environment",12,0.0635949471590373,1.35722721567152,0.643147052413468,0.209395302348826,0.607246376811594
"admin2",15,"S1_latlon","Gambia","child_vitA","Climate and weather",41,0.0390280680469225,0.834263359272793,-0.3901864444278,0.587706146926537,0.792719919110212
"admin2",15,"S1_latlon","Gambia","child_vitA","Dietary diversity",11,0.0561750218622539,1.17834809835095,0.27185590308148,0.295852073963018,0.634876110331931
"admin2",15,"S1_latlon","Gambia","child_vitA","Ecosystem productivity/greenness",16,0.0518490899562016,1.08867300499068,0.129949339363325,0.322338830584708,0.634876110331931
"admin2",15,"S1_latlon","Gambia","child_vitA","Education, employment, SES",9,0.0501974662861696,1.05213418949848,0.0689304215060513,0.339330334832584,0.634876110331931
"admin2",15,"S1_latlon","Gambia","child_vitA","Fertility, reproductive health",23,0.0331222824971011,0.70534968150621,-0.673596672505802,0.739630184907546,0.888320545609548
"admin2",15,"S1_latlon","Gambia","child_vitA","Food fortification and supplementation",6,0.038259470684501,0.816898183600025,-0.25602001596564,0.507246376811594,0.75436640654032
"admin2",15,"S1_latlon","Gambia","child_vitA","Healthcare access",6,0.0462985970320009,1.00049219467254,0.000591546120437981,0.361819090454773,0.655797101449275
"admin2",15,"S1_latlon","Gambia","child_vitA","Household assets and characteristics",12,0.007099377120069,0.153644543444652,-0.96473733501609,0.979510244877561,0.979510244877561
"admin2",15,"S1_latlon","Gambia","child_vitA","Infant and child morbidity/mortality",37,0.0558998265914582,1.18798853783907,0.518958985170118,0.255372313843078,0.634876110331931
"admin2",15,"S1_latlon","Gambia","child_vitA","Malaria incidence and treatment",23,0.0345796211732142,0.758863275479306,-0.369543887721693,0.549725137431284,0.765355417529331
"admin2",15,"S1_latlon","Gambia","child_vitA","Ruralness, population density, built environment",9,0.00932702804429894,0.203667312006158,-0.774671934234328,0.897551224387806,0.929606625258799
"admin2",15,"S1_latlon","Gambia","child_vitA","Soil characteristics",45,0.0203589883407848,0.429662741616229,-1.11506549764184,0.944527736131934,0.961098398169337
"admin2",15,"S1_latlon","Gambia","child_vitA","Water and sanitation",9,0.0273304960653057,0.566311829691754,-0.752083858964515,0.769115442278861,0.888320545609548
"admin2",15,"S1_latlon","Malawi","women_folate","Adult and maternal mortality",9,0.05515886266774,0.657632175809171,-0.469487979662601,0.616191904047976,0.722431887504523
"admin2",15,"S1_latlon","Malawi","women_folate","Adult nutrition",9,0.0660672352934136,0.785367287820271,-0.488815211197254,0.654672663668166,0.725701665296384
"admin2",15,"S1_latlon","Malawi","women_folate","Agricultural production, land use",80,0.104896075939082,1.26964349815142,0.757797124647493,0.215892053973014,0.403934396438145
"admin2",15,"S1_latlon","Malawi","women_folate","Built environment",12,0.0913776340111999,1.09394853637076,0.176770578480656,0.367816091954023,0.463175819497659
"admin2",15,"S1_latlon","Malawi","women_folate","Climate and weather",41,0.274440717026421,3.36119954258776,3.43419119351676,0.00899550224887556,0.229385307346327
"admin2",15,"S1_latlon","Malawi","women_folate","Dietary diversity",11,0.0582544798351854,0.693069548129664,-0.625432506084727,0.702148925537231,0.737843199612315
"admin2",15,"S1_latlon","Malawi","women_folate","Ecosystem productivity/greenness",16,0.154258174556335,1.90272856477251,1.16858573988477,0.114942528735632,0.355276907001045
"admin2",15,"S1_latlon","Malawi","women_folate","Education, employment, SES",9,0.230714940232055,2.80208045323514,2.6934382144628,0.0214892553723138,0.229385307346327
"admin2",15,"S1_latlon","Malawi","women_folate","Fertility, reproductive health",23,0.153928555750865,1.83535425774122,1.88928102954615,0.0539730134932534,0.229385307346327
"admin2",15,"S1_latlon","Malawi","women_folate","Food fortification and supplementation",6,0.0477783633079741,0.569794647225207,-0.674656817053845,0.716141929035482,0.737843199612315
"admin2",15,"S1_latlon","Malawi","women_folate","Healthcare access",6,0.232806684767611,2.77037600431291,2.07957819590399,0.0504747626186907,0.229385307346327
"admin2",15,"S1_latlon","Malawi","women_folate","Household assets and characteristics",12,0.302149243956943,3.60964896714317,3.11155239394223,0.0169915042478761,0.229385307346327
"admin2",15,"S1_latlon","Malawi","women_folate","Infant and child morbidity/mortality",37,0.100851518765701,1.20656402206591,0.610695139646651,0.256371814092954,0.403934396438145
"admin2",15,"S1_latlon","Malawi","women_folate","Malaria incidence and treatment",23,0.0930156194386999,1.12569326604944,0.262168793130987,0.337831084457771,0.459450274862569
"admin2",15,"S1_latlon","Malawi","women_folate","Ruralness, population density, built environment",9,0.102883492113017,1.24308098114381,0.248725142713456,0.28735632183908,0.414875895385641
"admin2",15,"S1_latlon","Malawi","women_folate","Soil characteristics",45,0.144939748004009,1.75238113571809,1.94957093296767,0.0474762618690655,0.229385307346327
"admin2",15,"S1_latlon","Malawi","women_folate","Water and sanitation",8,0.170005035839601,2.05794470613473,1.94192734804637,0.0509745127436282,0.229385307346327
"admin2",15,"S1_latlon","Malawi","child_iron","Adult and maternal mortality",9,0.0136409360528209,0.357897143392986,-0.833526448427789,0.826086956521739,0.904019688269073
"admin2",15,"S1_latlon","Malawi","child_iron","Adult nutrition",9,0.0287382838783556,0.777659762692689,-0.466498985401858,0.634682658670665,0.805678793256433
"admin2",15,"S1_latlon","Malawi","child_iron","Agricultural production, land use",80,0.0542919282561085,1.46116064911727,1.13820887788491,0.128435782108946,0.543768115942029
"admin2",15,"S1_latlon","Malawi","child_iron","Built environment",12,0.0534425623128599,1.42123557789753,0.736429323884445,0.198900549725137,0.543768115942029
"admin2",15,"S1_latlon","Malawi","child_iron","Climate and weather",41,0.0613223914436874,1.6647325572036,0.940638663691088,0.145427286356822,0.543768115942029
"admin2",15,"S1_latlon","Malawi","child_iron","Dietary diversity",11,0.0446090783293158,1.19917885507422,0.315739597589142,0.274862568715642,0.574440052700922
"admin2",15,"S1_latlon","Malawi","child_iron","Ecosystem productivity/greenness",16,0.0291712167433218,0.771585194350851,-0.274779696863339,0.473263368315842,0.686231884057971
"admin2",15,"S1_latlon","Malawi","child_iron","Education, employment, SES",9,0.109898810873566,2.91194958578201,2.83253710021524,0.0179910044977511,0.347826086956522
"admin2",15,"S1_latlon","Malawi","child_iron","Fertility, reproductive health",23,0.0545250202919542,1.47096865580336,1.04673750109567,0.138430784607696,0.543768115942029
"admin2",15,"S1_latlon","Malawi","child_iron","Food fortification and supplementation",6,0.0520658011123749,1.42131674226865,0.620597103065799,0.209895052473763,0.543768115942029
"admin2",15,"S1_latlon","Malawi","child_iron","Healthcare access",6,0.07123922574776,1.85901013135676,0.828726149917277,0.142428785607196,0.543768115942029
"admin2",15,"S1_latlon","Malawi","child_iron","Household assets and characteristics",12,0.165200086416496,4.44989555664446,4.5446084315812,0.00399800099950025,0.231884057971014
"admin2",15,"S1_latlon","Malawi","child_iron","Infant and child morbidity/mortality",37,0.0217942514836846,0.595326613039048,-1.19678864720953,0.922038980509745,0.954968944099379
"admin2",15,"S1_latlon","Malawi","child_iron","Malaria incidence and treatment",23,0.0532529785578974,1.43976669072137,0.897517959166445,0.160919540229885,0.543768115942029
"admin2",15,"S1_latlon","Malawi","child_iron","Ruralness, population density, built environment",9,0.0483983847930832,1.29528467747202,0.299751442528466,0.260369815092454,0.574440052700922
"admin2",15,"S1_latlon","Malawi","child_iron","Soil characteristics",45,0.0598289752184197,1.60884056893819,1.39298301674026,0.087456271864068,0.543768115942029
"admin2",15,"S1_latlon","Malawi","child_iron","Water and sanitation",8,0.0494062346331379,1.31067809172151,0.536760595833726,0.231384307846077,0.543768115942029
"admin2",15,"S1_latlon","Malawi","women_iron","Adult and maternal mortality",9,0.175522529713158,1.96826080958351,1.30758160725833,0.113943028485757,0.493913043478261
"admin2",15,"S1_latlon","Malawi","women_iron","Adult nutrition",9,0.101823547456314,1.10361724027543,0.236513802344045,0.369315342328836,0.577639751552795
"admin2",15,"S1_latlon","Malawi","women_iron","Agricultural production, land use",80,0.0723110209923419,0.78773161830651,-0.604781070895588,0.697651174412794,0.763467322942302
"admin2",15,"S1_latlon","Malawi","women_iron","Built environment",12,0.040266424133536,0.437230567034413,-1.06431064399586,0.892053973013493,0.892053973013493
"admin2",15,"S1_latlon","Malawi","women_iron","Climate and weather",41,0.131818948221082,1.42715955734537,0.653011236315645,0.211894052973513,0.493913043478261
"admin2",15,"S1_latlon","Malawi","women_iron","Dietary diversity",11,0.0819548777923407,0.888847100488108,-0.232341198184098,0.528235882058971,0.645962732919255
"admin2",15,"S1_latlon","Malawi","women_iron","Ecosystem productivity/greenness",16,0.088494096716319,0.949466908540481,-0.0682468428300598,0.3968015992004,0.577639751552795
"admin2",15,"S1_latlon","Malawi","women_iron","Education, employment, SES",9,0.141619497572744,1.51559061574695,0.778946022538812,0.19240379810095,0.493913043478261
"admin2",15,"S1_latlon","Malawi","women_iron","Fertility, reproductive health",23,0.0959815706385664,1.04181930192738,0.0947517919796551,0.389305347326337,0.577639751552795
"admin2",15,"S1_latlon","Malawi","women_iron","Food fortification and supplementation",6,0.116335007875135,1.28542566725708,0.451305556059181,0.270364817591204,0.560041407867495
"admin2",15,"S1_latlon","Malawi","women_iron","Healthcare access",6,0.140896102950852,1.53167814847145,0.611678931724161,0.197901049475262,0.493913043478261
"admin2",15,"S1_latlon","Malawi","women_iron","Household assets and characteristics",12,0.0843946191405577,0.895254246858901,-0.124180746987376,0.405297351324338,0.577639751552795
"admin2",15,"S1_latlon","Malawi","women_iron","Infant and child morbidity/mortality",37,0.12346239877063,1.34096460122494,0.944870200894135,0.157421289355322,0.493913043478261
"admin2",15,"S1_latlon","Malawi","women_iron","Malaria incidence and treatment",23,0.0911575275516635,0.98688742877393,-0.0268598778342845,0.446276861569215,0.578421900161031
"admin2",15,"S1_latlon","Malawi","women_iron","Ruralness, population density, built environment",9,0.024352717769671,0.257127206883089,-0.765438106661131,0.777611194402799,0.805383022774327
"admin2",15,"S1_latlon","Malawi","women_iron","Soil characteristics",45,0.0953285694764227,1.0344470653173,0.0870159470407989,0.410294852573713,0.577639751552795
"admin2",15,"S1_latlon","Malawi","women_iron","Water and sanitation",8,0.188530020791559,2.00741690680524,1.94268572350917,0.0474762618690655,0.457971014492754
"admin2",15,"S1_latlon","Gambia","child_iron","Adult and maternal mortality",9,0.0463484198535712,0.981389892248519,-0.031305827330924,0.436281859070465,0.648829431438127
"admin2",15,"S1_latlon","Gambia","child_iron","Adult nutrition",9,0.0317222563341455,0.678793316834653,-0.529035116259603,0.652173913043478,0.805678793256433
"admin2",15,"S1_latlon","Gambia","child_iron","Agricultural production, land use",80,0.0365900122063967,0.775371393215762,-0.537188088561279,0.662168915542229,0.805678793256433
"admin2",15,"S1_latlon","Gambia","child_iron","Built environment",12,0.0139927267496601,0.29880138521198,-1.21979019117213,0.956521739130435,0.964017991004498
"admin2",15,"S1_latlon","Gambia","child_iron","Climate and weather",41,0.0254935095121661,0.541100085015276,-1.06084624912444,0.906046976511744,0.954968944099379
"admin2",15,"S1_latlon","Gambia","child_iron","Dietary diversity",11,0.111318410517463,2.30963649118772,1.96700133520949,0.0474762618690655,0.521739130434783
"admin2",15,"S1_latlon","Gambia","child_iron","Ecosystem productivity/greenness",16,0.0212185719972348,0.443584198501265,-0.763615914232972,0.820589705147426,0.904019688269073
"admin2",15,"S1_latlon","Gambia","child_iron","Education, employment, SES",9,0.0559797677456627,1.17922054319767,0.249489218562996,0.296351824087956,0.574440052700922
"admin2",15,"S1_latlon","Gambia","child_iron","Fertility, reproductive health",23,0.0784224105509687,1.64897523153007,1.48255107364365,0.0844577711144428,0.543768115942029
"admin2",15,"S1_latlon","Gambia","child_iron","Food fortification and supplementation",6,0.153106270254782,3.30758045620591,3.17948034717376,0.015992003998001,0.347826086956522
"admin2",15,"S1_latlon","Gambia","child_iron","Healthcare access",6,0.0854457523903025,1.84309484226491,1.0148684493578,0.132933533233383,0.543768115942029
"admin2",15,"S1_latlon","Gambia","child_iron","Household assets and characteristics",12,0.0323702764779438,0.689276668940419,-0.356615798510214,0.530234882558721,0.732229123533471
"admin2",15,"S1_latlon","Gambia","child_iron","Infant and child morbidity/mortality",37,0.0499821734611562,1.04425958080711,0.118622991712308,0.372313843078461,0.616977225672878
"admin2",15,"S1_latlon","Gambia","child_iron","Malaria incidence and treatment",23,0.0270837844738644,0.568573111924373,-0.632057044936825,0.71664167916042,0.831304347826087
"admin2",15,"S1_latlon","Gambia","child_iron","Ruralness, population density, built environment",9,0.0520733398772634,1.10806681018904,0.104320047897626,0.309345327336332,0.574440052700922
"admin2",15,"S1_latlon","Gambia","child_iron","Soil characteristics",45,0.0342134103700222,0.726770427910785,-0.549417515688907,0.659170414792604,0.805678793256433
"admin2",15,"S1_latlon","Gambia","child_iron","Water and sanitation",9,0.0212284174042827,0.447003573085195,-0.961533519013957,0.873063468265867,0.937734836285561
"admin2",15,"S1_latlon","Malawi","women_zinc","Adult and maternal mortality",9,0.0473189665026831,0.567559261796414,-0.590311488724688,0.669165417291354,0.758387472930202
"admin2",15,"S1_latlon","Malawi","women_zinc","Adult nutrition",9,0.0731123377662714,0.878534136449763,-0.277880259985801,0.55272363818091,0.671164417791104
"admin2",15,"S1_latlon","Malawi","women_zinc","Agricultural production, land use",80,0.0911308929070041,1.0964285111186,0.264584424513458,0.354822588705647,0.671164417791104
"admin2",15,"S1_latlon","Malawi","women_zinc","Built environment",12,0.0899200667584459,1.07609535213702,0.141360169805309,0.371814092953523,0.671164417791104
"admin2",15,"S1_latlon","Malawi","women_zinc","Climate and weather",41,0.148315599703395,1.82257263049593,1.20389429137784,0.115942028985507,0.492753623188406
"admin2",15,"S1_latlon","Malawi","women_zinc","Dietary diversity",11,0.0474809103864324,0.564357078304729,-0.867097279110831,0.794602698650675,0.794602698650675
"admin2",15,"S1_latlon","Malawi","women_zinc","Ecosystem productivity/greenness",16,0.0960670753980574,1.16269375102479,0.206494401746857,0.301849075462269,0.671164417791104
"admin2",15,"S1_latlon","Malawi","women_zinc","Education, employment, SES",9,0.0451750058002454,0.546599217432489,-0.687565726057588,0.720139930034983,0.765148675662169
"admin2",15,"S1_latlon","Malawi","women_zinc","Fertility, reproductive health",23,0.0751882026597631,0.902533969287538,-0.224158044413563,0.521739130434783,0.671164417791104
"admin2",15,"S1_latlon","Malawi","women_zinc","Food fortification and supplementation",6,0.184532552331238,2.21326623506405,1.94918328631729,0.0464767616191904,0.467266366816592
"admin2",15,"S1_latlon","Malawi","women_zinc","Healthcare access",6,0.0771807038049998,0.929353021929101,-0.0856477758851347,0.398300849575212,0.671164417791104
"admin2",15,"S1_latlon","Malawi","women_zinc","Household assets and characteristics",12,0.0910278164416477,1.09022228465224,0.10844589989251,0.324337831084458,0.671164417791104
"admin2",15,"S1_latlon","Malawi","women_zinc","Infant and child morbidity/mortality",37,0.12546097851582,1.50996285513726,1.48882575588063,0.0824587706146927,0.467266366816592
"admin2",15,"S1_latlon","Malawi","women_zinc","Malaria incidence and treatment",23,0.0774640445937626,0.931384125439028,-0.148928529134833,0.497251374312844,0.671164417791104
"admin2",15,"S1_latlon","Malawi","women_zinc","Ruralness, population density, built environment",9,0.0522141399948754,0.625100925911681,-0.385066357977953,0.516741629185407,0.671164417791104
"admin2",15,"S1_latlon","Malawi","women_zinc","Soil characteristics",45,0.137172556334093,1.65965485039543,1.74507695045011,0.0649675162418791,0.467266366816592
"admin2",15,"S1_latlon","Malawi","women_zinc","Water and sanitation",8,0.131895504571062,1.57837171399382,1.04532026933555,0.150424787606197,0.511444277861069
"admin2",15,"S1_latlon","Gambia","women_iron","Adult and maternal mortality",9,0.0371345205436152,0.952136774059555,-0.0776771855386071,0.448775612193903,0.578421900161031
"admin2",15,"S1_latlon","Gambia","women_iron","Adult nutrition",9,0.0218645507310143,0.571851962932148,-0.758106389637678,0.760619690154923,0.802108036890646
"admin2",15,"S1_latlon","Gambia","women_iron","Agricultural production, land use",81,0.0304017636556361,0.791250839413252,-0.445015849791098,0.607696151924038,0.691105427678318
"admin2",15,"S1_latlon","Gambia","women_iron","Built environment",12,0.0362218319913812,0.954328082304727,-0.0814501882854148,0.44327836081959,0.578421900161031
"admin2",15,"S1_latlon","Gambia","women_iron","Climate and weather",41,0.0558850737148469,1.42162532985621,0.984759742793934,0.152923538230885,0.493913043478261
"admin2",15,"S1_latlon","Gambia","women_iron","Dietary diversity",11,0.0248186405274648,0.639635988542368,-0.520669802328965,0.647176411794103,0.721850613154961
"admin2",15,"S1_latlon","Gambia","women_iron","Ecosystem productivity/greenness",16,0.040344501080342,1.03930611078057,0.0534570563246505,0.341329335332334,0.577639751552795
"admin2",15,"S1_latlon","Gambia","women_iron","Education, employment, SES",9,0.0620128629606247,1.59718345869905,0.841135481497795,0.161419290354823,0.493913043478261
"admin2",15,"S1_latlon","Gambia","women_iron","Fertility, reproductive health",23,0.0540499921320027,1.38757228102424,0.840481509191003,0.174912543728136,0.493913043478261
"admin2",15,"S1_latlon","Gambia","women_iron","Food fortification and supplementation",6,0.0388462161650619,1.00631983807222,0.00773607384068089,0.365317341329335,0.577639751552795
"admin2",15,"S1_latlon","Gambia","women_iron","Healthcare access",6,0.0433697834697189,1.08592554818675,0.0978281534820716,0.319340329835082,0.577639751552795
"admin2",15,"S1_latlon","Gambia","women_iron","Household assets and characteristics",12,0.0250448762341166,0.649686224334664,-0.404861216333468,0.545727136431784,0.645962732919255
"admin2",15,"S1_latlon","Gambia","women_iron","Infant and child morbidity/mortality",37,0.0358340709215617,0.923211482832421,-0.212029866309727,0.521739130434783,0.645962732919255
"admin2",15,"S1_latlon","Gambia","women_iron","Malaria incidence and treatment",23,0.0347865251409251,0.894026227477996,-0.142930082950324,0.418290854572714,0.577639751552795
"admin2",15,"S1_latlon","Gambia","women_iron","Ruralness, population density, built environment",9,0.0634351701682617,1.67083472709263,0.615438007541842,0.186406796601699,0.493913043478261
"admin2",15,"S1_latlon","Gambia","women_iron","Soil characteristics",45,0.0206562321837133,0.535391515007731,-0.779291448770963,0.823588205897052,0.838037121789982
"admin2",15,"S1_latlon","Gambia","women_iron","Water and sanitation",9,0.0316940975945437,0.81802357442346,-0.323877285029296,0.563218390804598,0.653333333333333
"admin2",15,"S1_latlon","Gambia","women_vitA","Adult and maternal mortality",9,0.0139262188484606,0.356589904601823,-1.06971770673294,0.888055972013993,0.91496675904472
"admin2",15,"S1_latlon","Gambia","women_vitA","Adult nutrition",9,0.0354516403976309,0.909181649120735,-0.168198772128437,0.503248375812094,0.883558220889555
"admin2",15,"S1_latlon","Gambia","women_vitA","Agricultural production, land use",81,0.0183857527150233,0.479780236392948,-1.16313041263279,0.939530234882559,0.939530234882559
"admin2",15,"S1_latlon","Gambia","women_vitA","Built environment",12,0.0322357313077919,0.841290107682313,-0.289141271386621,0.549225387306347,0.883558220889555
"admin2",15,"S1_latlon","Gambia","women_vitA","Climate and weather",41,0.0295068489841591,0.775147507467732,-0.542668012147778,0.664167916041979,0.91496675904472
"admin2",15,"S1_latlon","Gambia","women_vitA","Dietary diversity",11,0.0279218865877989,0.706827999227712,-0.434375821240294,0.597701149425287,0.883558220889555
"admin2",15,"S1_latlon","Gambia","women_vitA","Ecosystem productivity/greenness",16,0.0170741570116213,0.447426099825421,-0.786360683290729,0.813593203398301,0.91496675904472
"admin2",15,"S1_latlon","Gambia","women_vitA","Education, employment, SES",9,0.0341250016445453,0.886937100776069,-0.150252884072805,0.431284357821089,0.883558220889555
"admin2",15,"S1_latlon","Gambia","women_vitA","Fertility, reproductive health",23,0.0214924438343783,0.559685723352023,-0.955208354615946,0.860569715142429,0.91496675904472
"admin2",15,"S1_latlon","Gambia","women_vitA","Food fortification and supplementation",6,0.0179486175230097,0.479163762830078,-0.665167566512379,0.721639180409795,0.91496675904472
"admin2",15,"S1_latlon","Gambia","women_vitA","Healthcare access",6,0.113744553469694,2.91940131573911,2.16975926101768,0.0459770114942529,0.883558220889555
"admin2",15,"S1_latlon","Gambia","women_vitA","Household assets and characteristics",12,0.0512869543861198,1.32151674648604,0.364511512720511,0.235382308845577,0.883558220889555
"admin2",15,"S1_latlon","Gambia","women_vitA","Infant and child morbidity/mortality",37,0.0286351156014238,0.743266498837935,-0.738213704018033,0.754122938530735,0.91496675904472
"admin2",15,"S1_latlon","Gambia","women_vitA","Malaria incidence and treatment",23,0.0302786894290728,0.797616112743024,-0.283441266615789,0.496251874062969,0.883558220889555
"admin2",15,"S1_latlon","Gambia","women_vitA","Ruralness, population density, built environment",9,0.0610042895090555,1.57953522996226,0.526659577852004,0.188905547226387,0.883558220889555
"admin2",15,"S1_latlon","Gambia","women_vitA","Soil characteristics",45,0.0191288358660751,0.502916127547703,-0.86182942164014,0.851074462768616,0.91496675904472
"admin2",15,"S1_latlon","Gambia","women_vitA","Water and sanitation",9,0.0472169964193209,1.21830460650243,0.391644709397054,0.271364317841079,0.883558220889555
"admin2",15,"S1_latlon","Ghana","women_iron","Agricultural production, land use",64,0.0638707678177049,1.55233041911021,1.06148166381741,0.130934532733633,0.493913043478261
"admin2",15,"S1_latlon","Ghana","women_iron","Built environment",10,0.0617656453859689,1.48119261086354,0.762617695860967,0.188405797101449,0.493913043478261
"admin2",15,"S1_latlon","Ghana","women_iron","Climate and weather",41,0.0458107675917255,1.10951022883657,0.17507351974389,0.323338330834583,0.577639751552795
"admin2",15,"S1_latlon","Ghana","women_iron","Ecosystem productivity/greenness",14,0.0496337974907267,1.24149478413011,0.238395944155553,0.266866566716642,0.560041407867495
"admin2",15,"S1_latlon","Ghana","women_iron","Malaria incidence and treatment",23,0.07098852040295,1.75396141973248,1.07048274911667,0.123938030984508,0.493913043478261
"admin2",15,"S1_latlon","Ghana","women_iron","Ruralness, population density, built environment",9,0.118167491769648,2.88077299237672,1.63741551370751,0.0789605197401299,0.457971014492754
"admin2",15,"S1_latlon","Ghana","women_iron","Soil characteristics",38,0.0867292971305368,2.06136275940475,2.15400480779165,0.0419790104947526,0.457971014492754
"admin2",15,"S1_latlon","Ghana","child_iron","Agricultural production, land use",64,0.0573293503753495,1.83366978290589,1.72239002450719,0.0659670164917541,0.543768115942029
"admin2",15,"S1_latlon","Ghana","child_iron","Built environment",10,0.0347678708569993,1.11947919285075,0.178108167730974,0.326836581709145,0.574440052700922
"admin2",15,"S1_latlon","Ghana","child_iron","Climate and weather",41,0.0405446029290901,1.29768574180613,0.549596194666552,0.233383308345827,0.543768115942029
"admin2",15,"S1_latlon","Ghana","child_iron","Ecosystem productivity/greenness",16,0.0321322439088042,1.03730787000082,0.0449725761839973,0.320339830084958,0.574440052700922
"admin2",15,"S1_latlon","Ghana","child_iron","Malaria incidence and treatment",23,0.0727735540499754,2.33568364253645,1.92589057638939,0.0539730134932534,0.521739130434783
"admin2",15,"S1_latlon","Ghana","child_iron","Ruralness, population density, built environment",9,0.0180615998929979,0.574377855194344,-0.366403754493274,0.495252373813093,0.700600919052669
"admin2",15,"S1_latlon","Ghana","child_iron","Soil characteristics",45,0.0318310143159371,1.01974505327652,0.044633077332239,0.392303848075962,0.623580101840971
"admin2",15,"S1_latlon","Ghana","child_vitA","Agricultural production, land use",64,0.0264261084469541,0.833687097627378,-0.343176995115045,0.554222888555722,0.765355417529331
"admin2",15,"S1_latlon","Ghana","child_vitA","Built environment",10,0.0393229462510686,1.21585017630208,0.312314764037125,0.273863068465767,0.634876110331931
"admin2",15,"S1_latlon","Ghana","child_vitA","Climate and weather",41,0.0494600445693293,1.56731064937256,1.07535609896986,0.130434782608696,0.525149190110827
"admin2",15,"S1_latlon","Ghana","child_vitA","Ecosystem productivity/greenness",16,0.054796314595395,1.69549156372992,0.852493642394744,0.146426786606697,0.525149190110827
"admin2",15,"S1_latlon","Ghana","child_vitA","Malaria incidence and treatment",23,0.0523583145175658,1.62263129018813,0.886067656558933,0.15192403798101,0.525149190110827
"admin2",15,"S1_latlon","Ghana","child_vitA","Ruralness, population density, built environment",9,0.0236649939006911,0.725478045002603,-0.233422292026184,0.430784607696152,0.696435566000783
"admin2",15,"S1_latlon","Ghana","child_vitA","Soil characteristics",45,0.0316211468404563,1.01399296636576,0.031287115208456,0.390804597701149,0.676044330775789
"admin2",15,"S1_latlon","SierraLeone","women_folate","Adult and maternal mortality",9,0.0180713299996754,0.230884621511696,-0.792038822502046,0.864067966016992,0.864067966016992
"admin2",15,"S1_latlon","SierraLeone","women_folate","Adult nutrition",9,0.0539285046683922,0.704318107322269,-0.571055845855579,0.661669165417291,0.725701665296384
"admin2",15,"S1_latlon","SierraLeone","women_folate","Agricultural production, land use",91,0.104572558113128,1.35273485520063,0.717717964070192,0.182408795602199,0.403934396438145
"admin2",15,"S1_latlon","SierraLeone","women_folate","Built environment",13,0.11354904137061,1.46949515455037,0.911466298515709,0.16391804097951,0.403934396438145
"admin2",15,"S1_latlon","SierraLeone","women_folate","Climate and weather",41,0.088979191769244,1.15452500360989,0.368094496823922,0.292853573213393,0.414875895385641
"admin2",15,"S1_latlon","SierraLeone","women_folate","Dietary diversity",11,0.0701905388846548,0.916316534051936,-0.114384814037313,0.408295852073963,0.495787820375526
"admin2",15,"S1_latlon","SierraLeone","women_folate","Ecosystem productivity/greenness",16,0.101203056876146,1.30365383432994,0.537297853104358,0.24087956021989,0.403934396438145
"admin2",15,"S1_latlon","SierraLeone","women_folate","Education, employment, SES",9,0.105077240867774,1.39295499816746,0.431069797478335,0.235882058970515,0.403934396438145
"admin2",15,"S1_latlon","SierraLeone","women_folate","Fertility, reproductive health",23,0.138267640675341,1.82271649228368,1.45333860659891,0.0964517741129435,0.327936031984008
"admin2",15,"S1_latlon","SierraLeone","women_folate","Food fortification and supplementation",6,0.101934569997298,1.33546903354265,0.463723609393435,0.241879060469765,0.403934396438145
"admin2",15,"S1_latlon","SierraLeone","women_folate","Healthcare access",6,0.0748649476332114,1.00145831212975,0.00172674927424383,0.357821089455272,0.463175819497659
"admin2",15,"S1_latlon","SierraLeone","women_folate","Household assets and characteristics",12,0.0947262448192389,1.2580006956224,0.319229251260536,0.258370814592704,0.403934396438145
"admin2",15,"S1_latlon","SierraLeone","women_folate","Infant and child morbidity/mortality",37,0.126086024869498,1.64001568857694,1.6944059281144,0.0534732633683158,0.229385307346327
"admin2",15,"S1_latlon","SierraLeone","women_folate","Malaria incidence and treatment",23,0.124892376188964,1.61859096372942,0.998319206799483,0.141929035482259,0.402132267199733
"admin2",15,"S1_latlon","SierraLeone","women_folate","Ruralness, population density, built environment",9,0.189300108677854,2.49001449106484,1.56381939517132,0.0809595202398801,0.305847076461769
"admin2",15,"S1_latlon","SierraLeone","women_folate","Soil characteristics",45,0.0944436619607301,1.22575047483487,0.416675294107198,0.261369315342329,0.403934396438145
"admin2",15,"S1_latlon","SierraLeone","women_folate","Water and sanitation",8,0.11203981999174,1.46886881691445,0.853411044483982,0.174912543728136,0.403934396438145
"admin2",15,"S1_latlon","SierraLeone","child_vitA","Adult and maternal mortality",9,0.0339637428931653,0.406165068342211,-0.612919879425004,0.679660169915043,0.856962822936358
"admin2",15,"S1_latlon","SierraLeone","child_vitA","Adult nutrition",9,0.0947304338897907,1.12841123182194,0.232951288297737,0.329335332333833,0.634876110331931
"admin2",15,"S1_latlon","SierraLeone","child_vitA","Agricultural production, land use",91,0.0795343815040677,0.951467754508343,-0.0987380366888044,0.442778610694653,0.696435566000783
"admin2",15,"S1_latlon","SierraLeone","child_vitA","Built environment",13,0.0961144004458926,1.14960071263811,0.283226775781294,0.302848575712144,0.634876110331931
"admin2",15,"S1_latlon","SierraLeone","child_vitA","Climate and weather",41,0.0794811380892502,0.941013219591985,-0.142735293903383,0.488755622188906,0.745995423340961
"admin2",15,"S1_latlon","SierraLeone","child_vitA","Dietary diversity",11,0.0490676922980418,0.588170363475162,-0.579063550539724,0.679660169915043,0.856962822936358
"admin2",15,"S1_latlon","SierraLeone","child_vitA","Ecosystem productivity/greenness",16,0.0432751866730812,0.514771872590783,-0.976719843795833,0.853573213393303,0.916800858829845
"admin2",15,"S1_latlon","SierraLeone","child_vitA","Education, employment, SES",9,0.0979814918792679,1.16075895587947,0.177560214525274,0.286856571714143,0.634876110331931
"admin2",15,"S1_latlon","SierraLeone","child_vitA","Fertility, reproductive health",23,0.0427205061025193,0.515677665573773,-0.875650709525402,0.848575712143928,0.916800858829845
"admin2",15,"S1_latlon","SierraLeone","child_vitA","Food fortification and supplementation",6,0.197568837352095,2.3458293817088,1.89502895691229,0.0534732633683158,0.443064182194617
"admin2",15,"S1_latlon","SierraLeone","child_vitA","Healthcare access",6,0.201427314190147,2.42729093715087,2.04193033793078,0.0509745127436282,0.443064182194617
"admin2",15,"S1_latlon","SierraLeone","child_vitA","Household assets and characteristics",12,0.166611340350643,1.98722876288128,1.27634868582909,0.106946526736632,0.525149190110827
"admin2",15,"S1_latlon","SierraLeone","child_vitA","Infant and child morbidity/mortality",37,0.119573829295356,1.4402167957813,1.05244747118438,0.15392303848076,0.525149190110827
"admin2",15,"S1_latlon","SierraLeone","child_vitA","Malaria incidence and treatment",23,0.0483567511286083,0.576124623081325,-0.68343360602729,0.733133433283358,0.888320545609548
"admin2",15,"S1_latlon","SierraLeone","child_vitA","Ruralness, population density, built environment",9,0.031701729935776,0.377903909137283,-0.701389052842506,0.752123938030985,0.888320545609548
"admin2",15,"S1_latlon","SierraLeone","child_vitA","Soil characteristics",45,0.0789019304452252,0.944838434795691,-0.103759999252467,0.444277861069465,0.696435566000783
"admin2",15,"S1_latlon","SierraLeone","child_vitA","Water and sanitation",8,0.0850799730466186,1.02114454521081,0.0368492038027789,0.396301849075462,0.676044330775789
"admin2",15,"S1_latlon","SierraLeone","child_iron","Adult and maternal mortality",9,0.109736700322937,1.35367380015155,0.364779371580698,0.231884057971014,0.543768115942029
"admin2",15,"S1_latlon","SierraLeone","child_iron","Adult nutrition",9,0.118609094715967,1.40404237863331,0.784533268525196,0.20039980009995,0.543768115942029
"admin2",15,"S1_latlon","SierraLeone","child_iron","Agricultural production, land use",91,0.127211172543785,1.51744144332881,1.06544209447981,0.126936531734133,0.543768115942029
"admin2",15,"S1_latlon","SierraLeone","child_iron","Built environment",13,0.0575677438132787,0.698349223098855,-0.567993527294807,0.680659670164918,0.805678793256433
"admin2",15,"S1_latlon","SierraLeone","child_iron","Climate and weather",41,0.106054164297458,1.263465304838,0.659219720641257,0.234382808595702,0.543768115942029
"admin2",15,"S1_latlon","SierraLeone","child_iron","Dietary diversity",11,0.046463790292496,0.544684373362534,-0.682883008770176,0.731634182908546,0.832054560954817
"admin2",15,"S1_latlon","SierraLeone","child_iron","Ecosystem productivity/greenness",16,0.172192046374482,2.0843374900153,2.12692672498343,0.0449775112443778,0.521739130434783
"admin2",15,"S1_latlon","SierraLeone","child_iron","Education, employment, SES",9,0.0459370355884056,0.540051952609035,-0.543975577074275,0.636181909045477,0.805678793256433
"admin2",15,"S1_latlon","SierraLeone","child_iron","Fertility, reproductive health",23,0.0972787033321044,1.16413454229791,0.31928427225577,0.300349825087456,0.574440052700922
"admin2",15,"S1_latlon","SierraLeone","child_iron","Food fortification and supplementation",6,0.0492510605351324,0.581667234713571,-0.616118249957793,0.675162418790605,0.805678793256433
"admin2",15,"S1_latlon","SierraLeone","child_iron","Healthcare access",6,0.017362169952637,0.209992836615905,-1.16335820802307,0.964017991004498,0.964017991004498
"admin2",15,"S1_latlon","SierraLeone","child_iron","Household assets and characteristics",12,0.0774846270342985,0.939730979672507,-0.0806402491480436,0.397801099450275,0.623580101840971
"admin2",15,"S1_latlon","SierraLeone","child_iron","Infant and child morbidity/mortality",37,0.0847114010200172,1.00648419472044,0.0160275218239226,0.423288355822089,0.646071700991609
"admin2",15,"S1_latlon","SierraLeone","child_iron","Malaria incidence and treatment",23,0.125944474742863,1.51831941042082,0.851811376109828,0.171914042978511,0.543768115942029
"admin2",15,"S1_latlon","SierraLeone","child_iron","Ruralness, population density, built environment",9,0.0933585030592583,1.1395730381133,0.159795819354165,0.307846076961519,0.574440052700922
"admin2",15,"S1_latlon","SierraLeone","child_iron","Soil characteristics",45,0.118415580741232,1.41186745257305,0.779926490037335,0.188905547226387,0.543768115942029
"admin2",15,"S1_latlon","SierraLeone","child_iron","Water and sanitation",8,0.0893716409233879,1.07570536829657,0.131704561857775,0.357821089455272,0.610400682011935
"admin2",15,"S1_latlon","SierraLeone","women_iron","Adult and maternal mortality",9,0.081914295131653,1.02297881062707,0.0240377730319726,0.334332833583208,0.577639751552795
"admin2",15,"S1_latlon","SierraLeone","women_iron","Adult nutrition",9,0.0914208546193628,1.17612734473128,0.331091728634433,0.310844577711144,0.577639751552795
"admin2",15,"S1_latlon","SierraLeone","women_iron","Agricultural production, land use",91,0.138623914098317,1.78688023130041,1.54688728891438,0.0774612693653173,0.457971014492754
"admin2",15,"S1_latlon","SierraLeone","women_iron","Built environment",13,0.148618582481249,1.93225618434337,1.76305303800157,0.0609695152423788,0.457971014492754
"admin2",15,"S1_latlon","SierraLeone","women_iron","Climate and weather",41,0.0845057904456704,1.08488953539562,0.193580730968536,0.367316341829085,0.577639751552795
"admin2",15,"S1_latlon","SierraLeone","women_iron","Dietary diversity",11,0.194242302253539,2.53949157111991,2.10335845484037,0.0429785107446277,0.457971014492754
"admin2",15,"S1_latlon","SierraLeone","women_iron","Ecosystem productivity/greenness",16,0.113508274627404,1.45667174481284,0.812648172649175,0.172413793103448,0.493913043478261
"admin2",15,"S1_latlon","SierraLeone","women_iron","Education, employment, SES",9,0.244957342193788,3.10159732632297,2.28937730663849,0.0424787606196902,0.457971014492754
"admin2",15,"S1_latlon","SierraLeone","women_iron","Fertility, reproductive health",23,0.100575723285447,1.27582419350646,0.47490545564919,0.23688155922039,0.528428093645485
"admin2",15,"S1_latlon","SierraLeone","women_iron","Food fortification and supplementation",6,0.19409767497728,2.52697297648487,2.12976350260608,0.0409795102448776,0.457971014492754
"admin2",15,"S1_latlon","SierraLeone","women_iron","Healthcare access",6,0.180302061078229,2.30028845551305,1.63062368112838,0.0709645177411294,0.457971014492754
"admin2",15,"S1_latlon","SierraLeone","women_iron","Household assets and characteristics",12,0.286339694890857,3.68824247475634,3.31219725769426,0.0124937531234383,0.457971014492754
"admin2",15,"S1_latlon","SierraLeone","women_iron","Infant and child morbidity/mortality",37,0.0555533419392996,0.723466659625245,-0.714719937912641,0.760119940029985,0.802108036890646
"admin2",15,"S1_latlon","SierraLeone","women_iron","Malaria incidence and treatment",23,0.0601081236701332,0.771507690258169,-0.356591580397009,0.543728135932034,0.645962732919255
"admin2",15,"S1_latlon","SierraLeone","women_iron","Ruralness, population density, built environment",9,0.0679265427763858,0.865958291160739,-0.144840983338945,0.412793603198401,0.577639751552795
"admin2",15,"S1_latlon","SierraLeone","women_iron","Soil characteristics",45,0.103050788641364,1.34516866341082,0.597522532076663,0.212893553223388,0.493913043478261
"admin2",15,"S1_latlon","SierraLeone","women_iron","Water and sanitation",8,0.113600520607473,1.48182625382045,0.86033816168904,0.164417791104448,0.493913043478261
"admin2",15,"S1_latlon","SierraLeone","women_vitA","Adult and maternal mortality",9,0.0452873417355906,0.579647830553487,-0.446503017090649,0.561219390304848,0.883558220889555
"admin2",15,"S1_latlon","SierraLeone","women_vitA","Adult nutrition",9,0.0393353019684409,0.507461572975875,-0.952425320388858,0.828585707146427,0.91496675904472
"admin2",15,"S1_latlon","SierraLeone","women_vitA","Agricultural production, land use",91,0.0633377607193227,0.814162112223188,-0.394821397080817,0.581209395302349,0.883558220889555
"admin2",15,"S1_latlon","SierraLeone","women_vitA","Built environment",13,0.0363912637028436,0.468678265119093,-1.05045635381586,0.87456271864068,0.91496675904472
"admin2",15,"S1_latlon","SierraLeone","women_vitA","Climate and weather",41,0.0890008964021251,1.14483312791841,0.346598903262712,0.31784107946027,0.883558220889555
"admin2",15,"S1_latlon","SierraLeone","women_vitA","Dietary diversity",11,0.0741612767372213,0.987402483434777,-0.0175083887899682,0.375312343828086,0.883558220889555
"admin2",15,"S1_latlon","SierraLeone","women_vitA","Ecosystem productivity/greenness",16,0.0343827860176988,0.447908564430902,-0.965807535879425,0.877561219390305,0.91496675904472
"admin2",15,"S1_latlon","SierraLeone","women_vitA","Education, employment, SES",9,0.119889407231059,1.55638760957869,0.620842712546472,0.1944027986007,0.883558220889555
"admin2",15,"S1_latlon","SierraLeone","women_vitA","Fertility, reproductive health",23,0.096146124919336,1.24393318036243,0.443510984356762,0.249375312343828,0.883558220889555
"admin2",15,"S1_latlon","SierraLeone","women_vitA","Food fortification and supplementation",6,0.0932725096434661,1.19737175869787,0.282155830935458,0.292853573213393,0.883558220889555
"admin2",15,"S1_latlon","SierraLeone","women_vitA","Healthcare access",6,0.0923749014963275,1.21305071369549,0.268621825062251,0.28135932033983,0.883558220889555
"admin2",15,"S1_latlon","SierraLeone","women_vitA","Household assets and characteristics",12,0.0551741054394163,0.70586494497889,-0.389921128675374,0.535232383808096,0.883558220889555
"admin2",15,"S1_latlon","SierraLeone","women_vitA","Infant and child morbidity/mortality",37,0.0969623159944866,1.26425584092017,0.705924478989221,0.222888555722139,0.883558220889555
"admin2",15,"S1_latlon","SierraLeone","women_vitA","Malaria incidence and treatment",23,0.0659512570296007,0.845551728577951,-0.249945057181079,0.494252873563218,0.883558220889555
"admin2",15,"S1_latlon","SierraLeone","women_vitA","Ruralness, population density, built environment",9,0.108952290186657,1.40346893381461,0.437992436232398,0.234382808595702,0.883558220889555
"admin2",15,"S1_latlon","SierraLeone","women_vitA","Soil characteristics",45,0.0796437577382231,1.03699807694988,0.0672329118208304,0.374312843578211,0.883558220889555
"admin2",15,"S1_latlon","SierraLeone","women_vitA","Water and sanitation",8,0.123351662307572,1.59927312984474,1.11056741185666,0.133433283358321,0.883558220889555
"admin2",15,"S2_mem","Malawi","child_vitA","Adult and maternal mortality",9,0.0552965275246002,1.4887829225544,0.666038147517124,0.1984007996002,0.6768968456948
"admin2",15,"S2_mem","Malawi","child_vitA","Adult nutrition",9,0.0832064878496177,2.22161102030546,2.5509644299824,0.0164917541229385,0.582608695652174
"admin2",15,"S2_mem","Malawi","child_vitA","Agricultural production, land use",80,0.0241443654714514,0.645554858489134,-0.781831838253726,0.777611194402799,0.88597210828548
"admin2",15,"S2_mem","Malawi","child_vitA","Built environment",12,0.0708626394497599,1.88104002062187,1.49014809028583,0.0834582708645677,0.582608695652174
"admin2",15,"S2_mem","Malawi","child_vitA","Climate and weather",41,0.0151463857029895,0.406463096813711,-0.78190256637067,0.794602698650675,0.88597210828548
"admin2",15,"S2_mem","Malawi","child_vitA","Dietary diversity",11,0.0202865678803553,0.553818694785002,-0.757228743016524,0.774612693653173,0.88597210828548
"admin2",15,"S2_mem","Malawi","child_vitA","Ecosystem productivity/greenness",16,0.0115493996716756,0.313091612585971,-0.807563001413531,0.87856071964018,0.909937888198758
"admin2",15,"S2_mem","Malawi","child_vitA","Education, employment, SES",9,0.04676686077397,1.24259754368732,0.368045455341351,0.28135932033983,0.710681696188943
"admin2",15,"S2_mem","Malawi","child_vitA","Fertility, reproductive health",23,0.0409411370591333,1.11183245549877,0.249773550098186,0.330834582708646,0.710681696188943
"admin2",15,"S2_mem","Malawi","child_vitA","Food fortification and supplementation",6,0.0436588206796901,1.19308726440974,0.299454598795733,0.296351824087956,0.710681696188943
"admin2",15,"S2_mem","Malawi","child_vitA","Healthcare access",6,0.102493487941146,2.71819681253789,1.95366897565335,0.0594702648675662,0.582608695652174
"admin2",15,"S2_mem","Malawi","child_vitA","Household assets and characteristics",12,0.0609672335812374,1.63977542154576,0.915596088021425,0.139930034982509,0.624303232998885
"admin2",15,"S2_mem","Malawi","child_vitA","Infant and child morbidity/mortality",37,0.030107331416569,0.810510005548619,-0.522907311177239,0.667666166916542,0.88597210828548
"admin2",15,"S2_mem","Malawi","child_vitA","Malaria incidence and treatment",23,0.0613595850906058,1.67048591546072,1.39699785414537,0.0794602698650675,0.582608695652174
"admin2",15,"S2_mem","Malawi","child_vitA","Ruralness, population density, built environment",9,0.0847598444461409,2.25829804008998,1.32163410877484,0.100449775112444,0.582608695652174
"admin2",15,"S2_mem","Malawi","child_vitA","Soil characteristics",45,0.050797576607294,1.36456649445399,0.801660693520654,0.172413793103448,0.659420289855072
"admin2",15,"S2_mem","Malawi","child_vitA","Water and sanitation",8,0.0710546466142491,1.91930775087888,1.69120612233797,0.072463768115942,0.582608695652174
"admin2",15,"S2_mem","Malawi","child_zinc","Adult and maternal mortality",9,0.0111219051267478,0.293844857853911,-0.954174807055671,0.894552723638181,0.937531234382809
"admin2",15,"S2_mem","Malawi","child_zinc","Adult nutrition",9,0.0316767088915773,0.80954498976063,-0.40128044788551,0.608195902048976,0.910744627686157
"admin2",15,"S2_mem","Malawi","child_zinc","Agricultural production, land use",80,0.0289997403061731,0.747747131804502,-0.617318917208005,0.696651674162919,0.910744627686157
"admin2",15,"S2_mem","Malawi","child_zinc","Built environment",12,0.0223230917689312,0.572922371786775,-0.739504435322934,0.760619690154923,0.910744627686157
"admin2",15,"S2_mem","Malawi","child_zinc","Climate and weather",41,0.020399081468035,0.525644061249714,-0.618294928450503,0.680659670164918,0.910744627686157
"admin2",15,"S2_mem","Malawi","child_zinc","Dietary diversity",11,0.0593958535503089,1.53478941297092,0.943143101909365,0.15192403798101,0.910744627686157
"admin2",15,"S2_mem","Malawi","child_zinc","Ecosystem productivity/greenness",16,0.0102154738011647,0.263237611074761,-0.915444208821165,0.937531234382809,0.937531234382809
"admin2",15,"S2_mem","Malawi","child_zinc","Education, employment, SES",9,0.051511058475719,1.33041315187228,0.512071824144026,0.232383808095952,0.910744627686157
"admin2",15,"S2_mem","Malawi","child_zinc","Fertility, reproductive health",23,0.0434530884728279,1.11158571323499,0.251295983009474,0.316341829085457,0.910744627686157
"admin2",15,"S2_mem","Malawi","child_zinc","Food fortification and supplementation",6,0.0284061259553439,0.737558598781439,-0.41678071217317,0.598700649675162,0.910744627686157
"admin2",15,"S2_mem","Malawi","child_zinc","Healthcare access",6,0.0172329255676736,0.440607812597953,-0.655760719992986,0.727636181909045,0.910744627686157
"admin2",15,"S2_mem","Malawi","child_zinc","Household assets and characteristics",12,0.0747730901072735,1.90863636714608,1.29993154265361,0.0944527736131934,0.910744627686157
"admin2",15,"S2_mem","Malawi","child_zinc","Infant and child morbidity/mortality",37,0.0343974179900509,0.893342778440358,-0.300605515222997,0.560219890054973,0.910744627686157
"admin2",15,"S2_mem","Malawi","child_zinc","Malaria incidence and treatment",23,0.0229296297972673,0.594772043931671,-0.841586337773606,0.80359820089955,0.910744627686157
"admin2",15,"S2_mem","Malawi","child_zinc","Ruralness, population density, built environment",9,0.0321840166001827,0.83449338616918,-0.167006545891405,0.407796101949025,0.910744627686157
"admin2",15,"S2_mem","Malawi","child_zinc","Soil characteristics",45,0.0362286230798173,0.93192531630916,-0.159770277609066,0.495252373813093,0.910744627686157
"admin2",15,"S2_mem","Malawi","child_zinc","Water and sanitation",8,0.0420644451327327,1.08207389223686,0.149976149605602,0.359820089955023,0.910744627686157
"admin2",15,"S2_mem","Gambia","child_vitA","Adult and maternal mortality",9,0.0237267050565264,0.497894105425275,-0.802165735717653,0.784107946026987,0.88597210828548
"admin2",15,"S2_mem","Gambia","child_vitA","Adult nutrition",9,0.0535062238717255,1.12996237193151,0.210671400899706,0.330834582708646,0.710681696188943
"admin2",15,"S2_mem","Gambia","child_vitA","Agricultural production, land use",80,0.0528803327842429,1.10408874154391,0.240623839230916,0.330334832583708,0.710681696188943
"admin2",15,"S2_mem","Gambia","child_vitA","Built environment",12,0.0492648174384017,1.03229707702545,0.0602931397497556,0.404297851074463,0.77119016249451
"admin2",15,"S2_mem","Gambia","child_vitA","Climate and weather",41,0.0450094762916339,0.951785574536101,-0.0937941102165826,0.438780609695152,0.77119016249451
"admin2",15,"S2_mem","Gambia","child_vitA","Dietary diversity",11,0.0800031822405712,1.68249324384226,1.07017957794872,0.124437781109445,0.613526570048309
"admin2",15,"S2_mem","Gambia","child_vitA","Ecosystem productivity/greenness",16,0.0779300584056597,1.61416654994318,0.87060682932106,0.153423288355822,0.635610766045549
"admin2",15,"S2_mem","Gambia","child_vitA","Education, employment, SES",9,0.0997419003124402,2.07337028031391,1.43080506304362,0.0919540229885057,0.582608695652174
"admin2",15,"S2_mem","Gambia","child_vitA","Fertility, reproductive health",23,0.0637986535312894,1.34688877294167,0.851094200795945,0.181909045477261,0.659420289855072
"admin2",15,"S2_mem","Gambia","child_vitA","Food fortification and supplementation",6,0.0428777348442203,0.926717000561949,-0.103876632100082,0.438280859570215,0.77119016249451
"admin2",15,"S2_mem","Gambia","child_vitA","Healthcare access",6,0.065452735613632,1.39166566074237,0.484454354653757,0.230884557721139,0.710681696188943
"admin2",15,"S2_mem","Gambia","child_vitA","Household assets and characteristics",12,0.00991547093997938,0.21232971800374,-0.945796281893612,0.952523738130934,0.952523738130934
"admin2",15,"S2_mem","Gambia","child_vitA","Infant and child morbidity/mortality",37,0.0658888056046464,1.38614183903533,1.16284824200395,0.126936531734133,0.613526570048309
"admin2",15,"S2_mem","Gambia","child_vitA","Malaria incidence and treatment",23,0.0436325223580115,0.936990032020562,-0.105178953769359,0.438780609695152,0.77119016249451
"admin2",15,"S2_mem","Gambia","child_vitA","Ruralness, population density, built environment",9,0.0269014936009783,0.569316360832414,-0.436856984711601,0.55472263868066,0.88597210828548
"admin2",15,"S2_mem","Gambia","child_vitA","Soil characteristics",45,0.0306501918941581,0.642602882092067,-0.659807071135378,0.734132933533233,0.88597210828548
"admin2",15,"S2_mem","Gambia","child_vitA","Water and sanitation",9,0.0363285253914158,0.757758298091443,-0.432656475370714,0.614692653673163,0.88597210828548
"admin2",15,"S2_mem","Malawi","women_folate","Adult and maternal mortality",9,0.0332696521021448,0.40052730254182,-0.8647306061998,0.831584207896052,0.831584207896052
"admin2",15,"S2_mem","Malawi","women_folate","Adult nutrition",9,0.0732979797819625,0.869972462303356,-0.301817683373671,0.575212393803098,0.673429951690821
"admin2",15,"S2_mem","Malawi","women_folate","Agricultural production, land use",80,0.112366642047913,1.37477759351533,1.02309890904123,0.145427286356822,0.448314304386268
"admin2",15,"S2_mem","Malawi","women_folate","Built environment",12,0.0909094046555746,1.10586368447889,0.199942692641966,0.351324337831084,0.570788679734207
"admin2",15,"S2_mem","Malawi","women_folate","Climate and weather",41,0.24520027294556,3.03232865237641,2.97699194979806,0.0154922538730635,0.407796101949025
"admin2",15,"S2_mem","Malawi","women_folate","Dietary diversity",11,0.0699127110562756,0.833142933723666,-0.321640830207827,0.56471764117941,0.673429951690821
"admin2",15,"S2_mem","Malawi","women_folate","Ecosystem productivity/greenness",16,0.139663643781485,1.73016392226274,0.971537212639283,0.146426786606697,0.448314304386268
"admin2",15,"S2_mem","Malawi","women_folate","Education, employment, SES",9,0.186411355867416,2.24458835924928,1.8933838562049,0.0539730134932534,0.407796101949025
"admin2",15,"S2_mem","Malawi","women_folate","Fertility, reproductive health",23,0.130939951999451,1.56047301506643,1.27561119959601,0.105947026486757,0.448314304386268
"admin2",15,"S2_mem","Malawi","women_folate","Food fortification and supplementation",6,0.0485017622901147,0.577911543264044,-0.668158761049272,0.717641179410295,0.762493753123438
"admin2",15,"S2_mem","Malawi","women_folate","Healthcare access",6,0.181280349703284,2.15823100439525,1.40333346993202,0.0929535232383808,0.448314304386268
"admin2",15,"S2_mem","Malawi","women_folate","Household assets and characteristics",12,0.247025169468943,2.95314589460395,2.27083384052065,0.0454772613693153,0.407796101949025
"admin2",15,"S2_mem","Malawi","women_folate","Infant and child morbidity/mortality",37,0.0851829059795874,1.02324659572035,0.0685689348473867,0.437781109445277,0.570788679734207
"admin2",15,"S2_mem","Malawi","women_folate","Malaria incidence and treatment",23,0.0822879308868073,0.994147448887785,-0.0128060960508567,0.441779110444778,0.570788679734207
"admin2",15,"S2_mem","Malawi","women_folate","Ruralness, population density, built environment",9,0.0937530146594084,1.1569514878106,0.155347037943717,0.305347326336832,0.570788679734207
"admin2",15,"S2_mem","Malawi","women_folate","Soil characteristics",45,0.146538190466184,1.78632876096604,2.04245785031919,0.0424787606196902,0.407796101949025
"admin2",15,"S2_mem","Malawi","women_folate","Water and sanitation",8,0.13132065503346,1.58481693499341,1.13776569066264,0.139430284857571,0.448314304386268
"admin2",15,"S2_mem","Malawi","child_iron","Adult and maternal mortality",9,0.0302984124846182,0.795954407896998,-0.275863674647294,0.51624187906047,0.745341614906832
"admin2",15,"S2_mem","Malawi","child_iron","Adult nutrition",9,0.0124333471070635,0.337763450148147,-1.3842814125186,0.954522738630685,0.971268751589118
"admin2",15,"S2_mem","Malawi","child_iron","Agricultural production, land use",80,0.0628037178030238,1.69358289949536,1.59491802703983,0.0749625187406297,0.354037267080745
"admin2",15,"S2_mem","Malawi","child_iron","Built environment",12,0.0507283691472045,1.37418338329636,0.649229463007054,0.224887556221889,0.62111801242236
"admin2",15,"S2_mem","Malawi","child_iron","Climate and weather",41,0.0594790272817,1.60725310040847,0.82405768610449,0.181409295352324,0.618925831202046
"admin2",15,"S2_mem","Malawi","child_iron","Dietary diversity",11,0.0391714380421276,1.05194290174863,0.0839701818515121,0.373313343328336,0.676630434782609
"admin2",15,"S2_mem","Malawi","child_iron","Ecosystem productivity/greenness",16,0.0378125043638974,1.00919287861445,0.0106765272418225,0.340829585207396,0.65825151940159
"admin2",15,"S2_mem","Malawi","child_iron","Education, employment, SES",9,0.0811559160686705,2.15453922644259,1.74513009942453,0.0669665167416292,0.354037267080745
"admin2",15,"S2_mem","Malawi","child_iron","Fertility, reproductive health",23,0.0444866685606045,1.22086977886079,0.504004600312194,0.253873063468266,0.640201638311279
"admin2",15,"S2_mem","Malawi","child_iron","Food fortification and supplementation",6,0.0424046307036861,1.14902355371758,0.226127714091734,0.320339830084958,0.648675662168916
"admin2",15,"S2_mem","Malawi","child_iron","Healthcare access",6,0.0443071686586028,1.17682636591462,0.204396111955478,0.293353323338331,0.643048845947397
"admin2",15,"S2_mem","Malawi","child_iron","Household assets and characteristics",12,0.0798747375893049,2.17083312509373,1.70804712256546,0.0684657671164418,0.354037267080745
"admin2",15,"S2_mem","Malawi","child_iron","Infant and child morbidity/mortality",37,0.0395651020867016,1.07530744962455,0.20475949400491,0.351824087956022,0.65825151940159
"admin2",15,"S2_mem","Malawi","child_iron","Malaria incidence and treatment",23,0.0532386355531394,1.42360700702049,0.84651744623195,0.173913043478261,0.618925831202046
"admin2",15,"S2_mem","Malawi","child_iron","Ruralness, population density, built environment",9,0.022911263625848,0.612278354626383,-0.380739170548034,0.525237381309345,0.745341614906832
"admin2",15,"S2_mem","Malawi","child_iron","Soil characteristics",45,0.0899725399254017,2.43018741283591,3.09363307359221,0.0119940029985007,0.231884057971014
"admin2",15,"S2_mem","Malawi","child_iron","Water and sanitation",8,0.02920306549764,0.784516452513877,-0.384305349845878,0.594702648675662,0.783926218708827
"admin2",15,"S2_mem","Malawi","women_iron","Adult and maternal mortality",9,0.197624543597436,2.21359607472548,1.66271870247371,0.0769615192403798,0.430323299888517
"admin2",15,"S2_mem","Malawi","women_iron","Adult nutrition",9,0.109056153272222,1.18823467662386,0.438057681259484,0.298350824587706,0.580588493631972
"admin2",15,"S2_mem","Malawi","women_iron","Agricultural production, land use",80,0.0675698671418253,0.737281921735708,-0.695051529548803,0.740629685157421,0.785770750988142
"admin2",15,"S2_mem","Malawi","women_iron","Built environment",12,0.0337730664398544,0.365674223642778,-1.18421291888154,0.932533733133433,0.932533733133433
"admin2",15,"S2_mem","Malawi","women_iron","Climate and weather",41,0.0987170377973902,1.0661894058678,0.0995265420792874,0.363818090954523,0.590177133655395
"admin2",15,"S2_mem","Malawi","women_iron","Dietary diversity",11,0.0889577786947365,0.978451064842939,-0.0432777934713081,0.464267866066967,0.616887208569628
"admin2",15,"S2_mem","Malawi","women_iron","Ecosystem productivity/greenness",16,0.0749940971673856,0.812491495337534,-0.24586369967477,0.471264367816092,0.616887208569628
"admin2",15,"S2_mem","Malawi","women_iron","Education, employment, SES",9,0.110366262090072,1.19586578196523,0.297464196675294,0.320339830084958,0.580588493631972
"admin2",15,"S2_mem","Malawi","women_iron","Fertility, reproductive health",23,0.087524316752115,0.952315578888323,-0.110838342334391,0.48375812093953,0.616887208569628
"admin2",15,"S2_mem","Malawi","women_iron","Food fortification and supplementation",6,0.13540411960908,1.50165822373844,0.786692613751295,0.177411294352824,0.492753623188406
"admin2",15,"S2_mem","Malawi","women_iron","Healthcare access",6,0.0996508522656025,1.08166346062374,0.0961276464703103,0.326836581709145,0.580588493631972
"admin2",15,"S2_mem","Malawi","women_iron","Household assets and characteristics",12,0.0498362290758249,0.528970199306581,-0.564645704528587,0.652673663168416,0.772552499260574
"admin2",15,"S2_mem","Malawi","women_iron","Infant and child morbidity/mortality",37,0.134732267567796,1.47368333643082,1.29804936167727,0.116441779110445,0.4824016563147
"admin2",15,"S2_mem","Malawi","women_iron","Malaria incidence and treatment",23,0.103272773896761,1.11863829818284,0.255206012694618,0.330334832583708,0.580588493631972
"admin2",15,"S2_mem","Malawi","women_iron","Ruralness, population density, built environment",9,0.013893185285778,0.144876510876231,-0.826261878796853,0.894052973513243,0.909738113399441
"admin2",15,"S2_mem","Malawi","women_iron","Soil characteristics",45,0.0869401504107293,0.946837979404932,-0.128550619256752,0.489255372313843,0.616887208569628
"admin2",15,"S2_mem","Malawi","women_iron","Water and sanitation",8,0.148464287654857,1.59684748518789,1.24550721833858,0.125937031484258,0.48695652173913
"admin2",15,"S2_mem","Gambia","child_iron","Adult and maternal mortality",9,0.0387627483174229,0.817023721355699,-0.300149498227229,0.535232383808096,0.745341614906832
"admin2",15,"S2_mem","Gambia","child_iron","Adult nutrition",9,0.0413378965898324,0.883056116059793,-0.198342762790376,0.484757621189405,0.745341614906832
"admin2",15,"S2_mem","Gambia","child_iron","Agricultural production, land use",80,0.0306186103780968,0.646257991300447,-0.840448393298776,0.802598700649675,0.878315559201531
"admin2",15,"S2_mem","Gambia","child_iron","Built environment",12,0.00924411821404934,0.196952333805514,-1.51415757029105,0.994502748625687,0.994502748625687
"admin2",15,"S2_mem","Gambia","child_iron","Climate and weather",41,0.0276597457546895,0.580974722166972,-0.76256648000476,0.792103948025987,0.878315559201531
"admin2",15,"S2_mem","Gambia","child_iron","Dietary diversity",11,0.0875524669421585,1.8359732525573,1.29726998876899,0.0979510244877561,0.378743961352657
"admin2",15,"S2_mem","Gambia","child_iron","Ecosystem productivity/greenness",16,0.0165481503153987,0.345630578133755,-0.915084132184146,0.906546726636682,0.955994729907773
"admin2",15,"S2_mem","Gambia","child_iron","Education, employment, SES",9,0.0572106059212405,1.19897473439334,0.276900984950941,0.299350324837581,0.643048845947397
"admin2",15,"S2_mem","Gambia","child_iron","Fertility, reproductive health",23,0.0769209717098867,1.61297008895379,1.50339527847734,0.0794602698650675,0.354037267080745
"admin2",15,"S2_mem","Gambia","child_iron","Food fortification and supplementation",6,0.103995150602535,2.24903068129773,1.67693213863875,0.0669665167416292,0.354037267080745
"admin2",15,"S2_mem","Gambia","child_iron","Healthcare access",6,0.141351710141955,3.04271132727256,2.55099398254904,0.0324837581209395,0.354037267080745
"admin2",15,"S2_mem","Gambia","child_iron","Household assets and characteristics",12,0.022001261507496,0.47053467289907,-0.647738882088996,0.730634682658671,0.86483288967761
"admin2",15,"S2_mem","Gambia","child_iron","Infant and child morbidity/mortality",37,0.0560165771564296,1.16810089421788,0.517684875533513,0.27936031984008,0.643048845947397
"admin2",15,"S2_mem","Gambia","child_iron","Malaria incidence and treatment",23,0.0155889180127992,0.332219608496854,-1.15596668551118,0.947526236881559,0.971268751589118
"admin2",15,"S2_mem","Gambia","child_iron","Ruralness, population density, built environment",9,0.0225223166082354,0.48169118253703,-0.548130814845834,0.63968015992004,0.794942954054887
"admin2",15,"S2_mem","Gambia","child_iron","Soil characteristics",45,0.025314353827275,0.53473723195181,-0.880254343216042,0.848575712143928,0.911433172302738
"admin2",15,"S2_mem","Gambia","child_iron","Water and sanitation",9,0.0270203608277174,0.565996672708307,-0.811080265156358,0.801099450274863,0.878315559201531
"admin2",15,"S2_mem","Malawi","women_zinc","Adult and maternal mortality",9,0.036067212079942,0.43148564685727,-0.803962862390551,0.789105447276362,0.815092453773113
"admin2",15,"S2_mem","Malawi","women_zinc","Adult nutrition",9,0.0774645998067737,0.935339917539453,-0.152228559452702,0.501249375312344,0.685728564289284
"admin2",15,"S2_mem","Malawi","women_zinc","Agricultural production, land use",80,0.0810754955348895,0.977834856738232,-0.0576782227891331,0.459770114942529,0.685728564289284
"admin2",15,"S2_mem","Malawi","women_zinc","Built environment",12,0.083179062774182,1.00940798084346,0.0176685443934512,0.414292853573213,0.685728564289284
"admin2",15,"S2_mem","Malawi","women_zinc","Climate and weather",41,0.104813941329632,1.29560659977035,0.444669982927178,0.264867566216892,0.685728564289284
"admin2",15,"S2_mem","Malawi","women_zinc","Dietary diversity",11,0.04447235272656,0.528425152066623,-0.891922516612012,0.815092453773113,0.815092453773113
"admin2",15,"S2_mem","Malawi","women_zinc","Ecosystem productivity/greenness",16,0.0846243253644346,1.02367981163609,0.0299455851931364,0.346326836581709,0.685728564289284
"admin2",15,"S2_mem","Malawi","women_zinc","Education, employment, SES",9,0.0790419188423978,0.944127495853284,-0.0849072079267947,0.445777111444278,0.685728564289284
"admin2",15,"S2_mem","Malawi","women_zinc","Fertility, reproductive health",23,0.072448741880357,0.866850784891384,-0.308016987692115,0.56471764117941,0.685728564289284
"admin2",15,"S2_mem","Malawi","women_zinc","Food fortification and supplementation",6,0.192339959368423,2.30853724019236,2.12118333050885,0.0389805097451274,0.467266366816592
"admin2",15,"S2_mem","Malawi","women_zinc","Healthcare access",6,0.0690497743340503,0.824452146929889,-0.216555638419123,0.454772613693153,0.685728564289284
"admin2",15,"S2_mem","Malawi","women_zinc","Household assets and characteristics",12,0.0791778091413955,0.946357485195549,-0.062711100742638,0.377811094452774,0.685728564289284
"admin2",15,"S2_mem","Malawi","women_zinc","Infant and child morbidity/mortality",37,0.125714620716104,1.51126958098439,1.43525937667062,0.0824587706146927,0.467266366816592
"admin2",15,"S2_mem","Malawi","women_zinc","Malaria incidence and treatment",23,0.0587656771434754,0.712227858979691,-0.663688087128729,0.729635182408796,0.815092453773113
"admin2",15,"S2_mem","Malawi","women_zinc","Ruralness, population density, built environment",9,0.0460737519933289,0.557221589918571,-0.436942567117117,0.540729635182409,0.685728564289284
"admin2",15,"S2_mem","Malawi","women_zinc","Soil characteristics",45,0.133037289764231,1.60901073025376,1.59171572825655,0.0694652673663168,0.467266366816592
"admin2",15,"S2_mem","Malawi","women_zinc","Water and sanitation",8,0.110717485189504,1.33950921530202,0.648976577843365,0.229385307346327,0.685728564289284
"admin2",15,"S2_mem","Gambia","women_iron","Adult and maternal mortality",9,0.0395093860810825,1.03484233659869,0.0567449291433764,0.404297851074463,0.601263470828688
"admin2",15,"S2_mem","Gambia","women_iron","Adult nutrition",9,0.0252696951162803,0.660899707485797,-0.600273747712931,0.686656671664168,0.780903665814152
"admin2",15,"S2_mem","Gambia","women_iron","Agricultural production, land use",81,0.0535118281879315,1.39892690455514,0.842401896656309,0.165417291354323,0.492753623188406
"admin2",15,"S2_mem","Gambia","women_iron","Built environment",12,0.0549764852254489,1.44348372572774,0.80929874339364,0.192903548225887,0.508563899868248
"admin2",15,"S2_mem","Gambia","women_iron","Climate and weather",41,0.050052180916104,1.27389608722844,0.504177325293374,0.231384307846077,0.536811594202898
"admin2",15,"S2_mem","Gambia","women_iron","Dietary diversity",11,0.021234934896538,0.55705361990048,-0.666082906859404,0.733633183408296,0.785770750988142
"admin2",15,"S2_mem","Gambia","women_iron","Ecosystem productivity/greenness",16,0.0374322774851508,0.968335952089667,-0.0405592222683194,0.36631684157921,0.590177133655395
"admin2",15,"S2_mem","Gambia","women_iron","Education, employment, SES",9,0.0999585614954971,2.55095362979209,2.02654558461004,0.0529735132433783,0.430323299888517
"admin2",15,"S2_mem","Gambia","women_iron","Fertility, reproductive health",23,0.0658087377007899,1.69433031687176,1.61515483732683,0.0654672663668166,0.430323299888517
"admin2",15,"S2_mem","Gambia","women_iron","Food fortification and supplementation",6,0.0300100561744749,0.793929938801721,-0.28288308226268,0.524737631184408,0.634057971014493
"admin2",15,"S2_mem","Gambia","women_iron","Healthcare access",6,0.0413778753268174,1.05842837343206,0.0666594589417325,0.320839580209895,0.580588493631972
"admin2",15,"S2_mem","Gambia","women_iron","Household assets and characteristics",12,0.0185899127071671,0.494510056910227,-0.620223556428735,0.708145927036482,0.785770750988142
"admin2",15,"S2_mem","Gambia","women_iron","Infant and child morbidity/mortality",37,0.0455193633174358,1.18592092541989,0.552037686090123,0.258370814592704,0.563607085346216
"admin2",15,"S2_mem","Gambia","women_iron","Malaria incidence and treatment",23,0.0769292350504445,2.03285668416437,1.57465801227539,0.0754622688655672,0.430323299888517
"admin2",15,"S2_mem","Gambia","women_iron","Ruralness, population density, built environment",9,0.0125540251382699,0.343568200893934,-0.65359331935534,0.745127436281859,0.785770750988142
"admin2",15,"S2_mem","Gambia","women_iron","Soil characteristics",45,0.0544992937596702,1.40763623044329,0.728484569976923,0.178410794602699,0.492753623188406
"admin2",15,"S2_mem","Gambia","women_iron","Water and sanitation",9,0.041461920706482,1.06311913656964,0.111501471313105,0.365817091454273,0.590177133655395
"admin2",15,"S2_mem","Gambia","women_vitA","Adult and maternal mortality",9,0.00664441112235523,0.16912160018007,-1.35562109797582,0.979510244877561,0.979510244877561
"admin2",15,"S2_mem","Gambia","women_vitA","Adult nutrition",9,0.0450120195177617,1.15092559803566,0.280897427829903,0.320839580209895,0.693465767116442
"admin2",15,"S2_mem","Gambia","women_vitA","Agricultural production, land use",81,0.0170892352689412,0.447332107153878,-1.22755364356148,0.949025487256372,0.979510244877561
"admin2",15,"S2_mem","Gambia","women_vitA","Built environment",12,0.0342267654344196,0.904113262870073,-0.17843667782306,0.490754622688656,0.806442932379964
"admin2",15,"S2_mem","Gambia","women_vitA","Climate and weather",41,0.0300515233495924,0.779996390583153,-0.412949787787675,0.600199900049975,0.806442932379964
"admin2",15,"S2_mem","Gambia","women_vitA","Dietary diversity",11,0.0278237746413549,0.701581104689114,-0.465399957809696,0.616691654172913,0.806442932379964
"admin2",15,"S2_mem","Gambia","women_vitA","Ecosystem productivity/greenness",16,0.0113581868139696,0.294198396900186,-0.915933079658271,0.918540729635182,0.979510244877561
"admin2",15,"S2_mem","Gambia","women_vitA","Education, employment, SES",9,0.04203335832995,1.09767602509595,0.126564392590324,0.315342328835582,0.693465767116442
"admin2",15,"S2_mem","Gambia","women_vitA","Fertility, reproductive health",23,0.0346844794981856,0.903154805573765,-0.224148596876396,0.530234882558721,0.806442932379964
"admin2",15,"S2_mem","Gambia","women_vitA","Food fortification and supplementation",6,0.0843565591053792,2.2290636338551,1.62379448044818,0.0759620189905048,0.693465767116442
"admin2",15,"S2_mem","Gambia","women_vitA","Healthcare access",6,0.131177785957893,3.36304913654489,2.7896830168473,0.0269865067466267,0.693465767116442
"admin2",15,"S2_mem","Gambia","women_vitA","Household assets and characteristics",12,0.076057755439602,1.96780955305455,1.18025410312279,0.114442778610695,0.693465767116442
"admin2",15,"S2_mem","Gambia","women_vitA","Infant and child morbidity/mortality",37,0.0286961629704532,0.739712036405757,-0.802426211766035,0.787106446776612,0.900549725137431
"admin2",15,"S2_mem","Gambia","women_vitA","Malaria incidence and treatment",23,0.035739996512304,0.940309419381313,-0.0932135046477326,0.426786606696652,0.766406270548936
"admin2",15,"S2_mem","Gambia","women_vitA","Ruralness, population density, built environment",9,0.0717172857408511,1.86517914219623,0.84633191968493,0.146926536731634,0.693465767116442
"admin2",15,"S2_mem","Gambia","women_vitA","Soil characteristics",45,0.0217390727469661,0.571828865356182,-0.791919596948013,0.794602698650675,0.900549725137431
"admin2",15,"S2_mem","Gambia","women_vitA","Water and sanitation",9,0.058873905606085,1.51294068846019,0.924853970822783,0.142928535732134,0.693465767116442
"admin2",15,"S2_mem","Ghana","women_iron","Agricultural production, land use",64,0.0870952229967155,2.10786382644466,2.10399458702731,0.0454772613693153,0.430323299888517
"admin2",15,"S2_mem","Ghana","women_iron","Built environment",10,0.0923093768066144,2.2232828108135,1.95574844539347,0.0544727636181909,0.430323299888517
"admin2",15,"S2_mem","Ghana","women_iron","Climate and weather",41,0.0512093465621002,1.23317731742226,0.358017814070402,0.262368815592204,0.563607085346216
"admin2",15,"S2_mem","Ghana","women_iron","Ecosystem productivity/greenness",14,0.0951212546743918,2.32200862076662,1.29771889306857,0.0964517741129435,0.430323299888517
"admin2",15,"S2_mem","Ghana","women_iron","Malaria incidence and treatment",23,0.169819724794889,4.18296685523786,4.35571703292663,0.00649675162418791,0.376811594202899
"admin2",15,"S2_mem","Ghana","women_iron","Ruralness, population density, built environment",9,0.185151245534024,4.49318748723873,3.03376635118056,0.0224887556221889,0.430323299888517
"admin2",15,"S2_mem","Ghana","women_iron","Soil characteristics",38,0.0492567304526942,1.1820434884514,0.354880501259066,0.286856571714143,0.580588493631972
"admin2",15,"S2_mem","Ghana","child_iron","Agricultural production, land use",64,0.0704363459449112,2.26129227918823,2.42578646461174,0.0334832583708146,0.354037267080745
"admin2",15,"S2_mem","Ghana","child_iron","Built environment",10,0.034905657341636,1.11726997138509,0.174938867291817,0.324337831084458,0.648675662168916
"admin2",15,"S2_mem","Ghana","child_iron","Climate and weather",41,0.0587125916170704,1.89891329901792,1.46766245300604,0.0854572713643178,0.354037267080745
"admin2",15,"S2_mem","Ghana","child_iron","Ecosystem productivity/greenness",16,0.0233842044407245,0.738799037281172,-0.297797296637686,0.497751124437781,0.745341614906832
"admin2",15,"S2_mem","Ghana","child_iron","Malaria incidence and treatment",23,0.0726379219400941,2.35950474175235,2.14324775465881,0.0389805097451274,0.354037267080745
"admin2",15,"S2_mem","Ghana","child_iron","Ruralness, population density, built environment",9,0.0464597287965064,1.46812532751926,0.425042948717444,0.218390804597701,0.62111801242236
"admin2",15,"S2_mem","Ghana","child_iron","Soil characteristics",45,0.0628365342188383,2.03744449822962,2.03143829939601,0.0509745127436282,0.354037267080745
"admin2",15,"S2_mem","Ghana","child_vitA","Agricultural production, land use",64,0.0167932429705395,0.53494482531506,-0.919946968745919,0.856071964017991,0.902766798418972
"admin2",15,"S2_mem","Ghana","child_vitA","Built environment",10,0.0224236651881171,0.705243997800718,-0.456389478413253,0.600199900049975,0.88597210828548
"admin2",15,"S2_mem","Ghana","child_vitA","Climate and weather",41,0.0181043622535222,0.57853446156147,-0.720935244278378,0.766116941529235,0.88597210828548
"admin2",15,"S2_mem","Ghana","child_vitA","Ecosystem productivity/greenness",16,0.0141247512226533,0.44491837803842,-0.64525909201189,0.713643178410795,0.88597210828548
"admin2",15,"S2_mem","Ghana","child_vitA","Malaria incidence and treatment",23,0.0365982366240156,1.15210136507998,0.237215400677938,0.306846576711644,0.710681696188943
"admin2",15,"S2_mem","Ghana","child_vitA","Ruralness, population density, built environment",9,0.00653776095298634,0.201441748119212,-0.733140328312553,0.837081459270365,0.899087493290392
"admin2",15,"S2_mem","Ghana","child_vitA","Soil characteristics",45,0.0157396191617021,0.49833914192245,-0.990703999460748,0.904547726136932,0.920416984490211
"admin2",15,"S2_mem","SierraLeone","women_folate","Adult and maternal mortality",9,0.0217701634202478,0.278173688733483,-0.731672691123855,0.819590204897551,0.831584207896052
"admin2",15,"S2_mem","SierraLeone","women_folate","Adult nutrition",9,0.054298934615847,0.70771280426765,-0.569429784076583,0.673163418290855,0.738308265222228
"admin2",15,"S2_mem","SierraLeone","women_folate","Agricultural production, land use",91,0.0930153282165691,1.20050671707842,0.409987605874778,0.252873563218391,0.537356321839081
"admin2",15,"S2_mem","SierraLeone","women_folate","Built environment",13,0.111118393916223,1.43353005959324,0.811065671034363,0.195402298850575,0.474548440065681
"admin2",15,"S2_mem","SierraLeone","women_folate","Climate and weather",41,0.0624706350357611,0.816859544311963,-0.395090840663497,0.594202898550725,0.673429951690821
"admin2",15,"S2_mem","SierraLeone","women_folate","Dietary diversity",11,0.0945258105239688,1.23779322152494,0.327616374742463,0.250874562718641,0.537356321839081
"admin2",15,"S2_mem","SierraLeone","women_folate","Ecosystem productivity/greenness",16,0.0840820290012751,1.10140816631882,0.138702881638635,0.32183908045977,0.570788679734207
"admin2",15,"S2_mem","SierraLeone","women_folate","Education, employment, SES",9,0.0719979641590915,0.950798429519968,-0.053393419916674,0.362818590704648,0.570788679734207
"admin2",15,"S2_mem","SierraLeone","women_folate","Fertility, reproductive health",23,0.118234802605415,1.55302656737274,0.961814881161973,0.146926536731634,0.448314304386268
"admin2",15,"S2_mem","SierraLeone","women_folate","Food fortification and supplementation",6,0.118586500293484,1.54873206054734,0.74915208843195,0.170914542728636,0.448314304386268
"admin2",15,"S2_mem","SierraLeone","women_folate","Healthcare access",6,0.0614783971006992,0.816150777445488,-0.211403388772474,0.453273363318341,0.570788679734207
"admin2",15,"S2_mem","SierraLeone","women_folate","Household assets and characteristics",12,0.0630389401812265,0.837589467100244,-0.194794400503371,0.43928035982009,0.570788679734207
"admin2",15,"S2_mem","SierraLeone","women_folate","Infant and child morbidity/mortality",37,0.125172332839186,1.63820294712672,1.74229177510827,0.0599700149925037,0.407796101949025
"admin2",15,"S2_mem","SierraLeone","women_folate","Malaria incidence and treatment",23,0.0740195828952285,0.961310587365721,-0.0574824284930709,0.408295852073963,0.570788679734207
"admin2",15,"S2_mem","SierraLeone","women_folate","Ruralness, population density, built environment",9,0.126618412142439,1.67075466231516,0.681462946955561,0.171414292853573,0.448314304386268
"admin2",15,"S2_mem","SierraLeone","women_folate","Soil characteristics",45,0.0918141749051484,1.18600248171302,0.361237173452074,0.283858070964518,0.567716141929036
"admin2",15,"S2_mem","SierraLeone","women_folate","Water and sanitation",8,0.0753906439200234,0.992101949457503,-0.0134993474028525,0.411794102948526,0.570788679734207
"admin2",15,"S2_mem","SierraLeone","child_vitA","Adult and maternal mortality",9,0.0385733916268988,0.460259337184418,-0.56144741669096,0.645177411294353,0.88597210828548
"admin2",15,"S2_mem","SierraLeone","child_vitA","Adult nutrition",9,0.0980699228706939,1.16395623019447,0.304146278340119,0.320839580209895,0.710681696188943
"admin2",15,"S2_mem","SierraLeone","child_vitA","Agricultural production, land use",91,0.0709484282907154,0.841748608376144,-0.335574725048124,0.555722138930535,0.88597210828548
"admin2",15,"S2_mem","SierraLeone","child_vitA","Built environment",13,0.0879777711315332,1.04559507881595,0.0871738459367683,0.372313843078461,0.77119016249451
"admin2",15,"S2_mem","SierraLeone","child_vitA","Climate and weather",41,0.0815873266198816,0.962297592558745,-0.0913695134343429,0.474262868565717,0.809036658141517
"admin2",15,"S2_mem","SierraLeone","child_vitA","Dietary diversity",11,0.0531290965654701,0.636291089071786,-0.538811644543797,0.654672663668166,0.88597210828548
"admin2",15,"S2_mem","SierraLeone","child_vitA","Ecosystem productivity/greenness",16,0.0420663827892479,0.503496582527321,-0.810808586839469,0.809595202398801,0.88597210828548
"admin2",15,"S2_mem","SierraLeone","child_vitA","Education, employment, SES",9,0.114308772417815,1.35868032323647,0.387003051886569,0.239380309845077,0.710681696188943
"admin2",15,"S2_mem","SierraLeone","child_vitA","Fertility, reproductive health",23,0.051435262335524,0.61684152434941,-0.742381942021634,0.767616191904048,0.88597210828548
"admin2",15,"S2_mem","SierraLeone","child_vitA","Food fortification and supplementation",6,0.1797260359473,2.1301731791491,1.5760121521837,0.0779610194902549,0.582608695652174
"admin2",15,"S2_mem","SierraLeone","child_vitA","Healthcare access",6,0.219229763131164,2.63239478628003,2.32921330100905,0.0324837581209395,0.582608695652174
"admin2",15,"S2_mem","SierraLeone","child_vitA","Household assets and characteristics",12,0.188797542383104,2.25061865051842,1.59650066421134,0.0769615192403798,0.582608695652174
"admin2",15,"S2_mem","SierraLeone","child_vitA","Infant and child morbidity/mortality",37,0.0884628587709744,1.06282902175977,0.156927320807367,0.401799100449775,0.77119016249451
"admin2",15,"S2_mem","SierraLeone","child_vitA","Malaria incidence and treatment",23,0.0490104246488513,0.580235543531179,-0.721562731255365,0.756121939030485,0.88597210828548
"admin2",15,"S2_mem","SierraLeone","child_vitA","Ruralness, population density, built environment",9,0.0366108825452182,0.43513512524026,-0.633253486968006,0.704647676161919,0.88597210828548
"admin2",15,"S2_mem","SierraLeone","child_vitA","Soil characteristics",45,0.0704510202615618,0.83775160311583,-0.335338170377684,0.580209895052474,0.88597210828548
"admin2",15,"S2_mem","SierraLeone","child_vitA","Water and sanitation",8,0.100182542324694,1.1956422322082,0.332812595546565,0.294852573713143,0.710681696188943
"admin2",15,"S2_mem","SierraLeone","child_iron","Adult and maternal mortality",9,0.0559059140355367,0.677343042485938,-0.34679279809814,0.500249875062469,0.745341614906832
"admin2",15,"S2_mem","SierraLeone","child_iron","Adult nutrition",9,0.117775996753572,1.39184137891628,0.767442127509158,0.221389305347326,0.62111801242236
"admin2",15,"S2_mem","SierraLeone","child_iron","Agricultural production, land use",91,0.163163532497496,1.94741517140729,2.01309860882851,0.0524737631184408,0.354037267080745
"admin2",15,"S2_mem","SierraLeone","child_iron","Built environment",13,0.111682094478748,1.36182382722811,0.692999704743038,0.197901049475262,0.62111801242236
"admin2",15,"S2_mem","SierraLeone","child_iron","Climate and weather",41,0.19461122842514,2.30292988158893,3.14529376535259,0.00699650174912544,0.202898550724638
"admin2",15,"S2_mem","SierraLeone","child_iron","Dietary diversity",11,0.0440930673699007,0.517021682564677,-0.73879975723633,0.773113443278361,0.878315559201531
"admin2",15,"S2_mem","SierraLeone","child_iron","Ecosystem productivity/greenness",16,0.343421078261924,4.18451524933243,4.89343165017577,0.00199900049975012,0.115942028985507
"admin2",15,"S2_mem","SierraLeone","child_iron","Education, employment, SES",9,0.0566863682469212,0.663002100127561,-0.381034648924525,0.515742128935532,0.745341614906832
"admin2",15,"S2_mem","SierraLeone","child_iron","Fertility, reproductive health",23,0.0969514497079995,1.15362671944327,0.305249498643495,0.292853573213393,0.643048845947397
"admin2",15,"S2_mem","SierraLeone","child_iron","Food fortification and supplementation",6,0.0658514080152991,0.776690207826238,-0.320829584093431,0.539730134932534,0.745341614906832
"admin2",15,"S2_mem","SierraLeone","child_iron","Healthcare access",6,0.0632237203241389,0.755436531737365,-0.34393307033924,0.55472263868066,0.748230535894843
"admin2",15,"S2_mem","SierraLeone","child_iron","Household assets and characteristics",12,0.0656539209609076,0.790039527689372,-0.275385160282599,0.489755122438781,0.745341614906832
"admin2",15,"S2_mem","SierraLeone","child_iron","Infant and child morbidity/mortality",37,0.0678672143882804,0.804973684862873,-0.491767597160653,0.644177911044478,0.794942954054887
"admin2",15,"S2_mem","SierraLeone","child_iron","Malaria incidence and treatment",23,0.0829522235640011,0.998907436022207,-0.00191300682928434,0.410294852573713,0.721124286341678
"admin2",15,"S2_mem","SierraLeone","child_iron","Ruralness, population density, built environment",9,0.0381500000463786,0.466265995341286,-0.624416427607253,0.692153923038481,0.836352657004831
"admin2",15,"S2_mem","SierraLeone","child_iron","Soil characteristics",45,0.104857267501811,1.25912280369578,0.526460214410398,0.237881059470265,0.627140974967062
"admin2",15,"S2_mem","SierraLeone","child_iron","Water and sanitation",8,0.0613302843753703,0.736870977111721,-0.452840810802839,0.616191904047976,0.794202898550725
"admin2",15,"S2_mem","SierraLeone","women_iron","Adult and maternal mortality",9,0.0691935903659531,0.857295504582947,-0.146663431184048,0.392303848075962,0.598779557589626
"admin2",15,"S2_mem","SierraLeone","women_iron","Adult nutrition",9,0.0724582381124627,0.92828915874255,-0.134626719157165,0.459770114942529,0.616887208569628
"admin2",15,"S2_mem","SierraLeone","women_iron","Agricultural production, land use",91,0.11334765592995,1.45858352485734,0.929378802149685,0.152423788105947,0.492753623188406
"admin2",15,"S2_mem","SierraLeone","women_iron","Built environment",13,0.11993603498863,1.54619192280453,1.01374370616377,0.148425787106447,0.492753623188406
"admin2",15,"S2_mem","SierraLeone","women_iron","Climate and weather",41,0.0821179223323416,1.05173303390175,0.107907039491843,0.384307846076962,0.598779557589626
"admin2",15,"S2_mem","SierraLeone","women_iron","Dietary diversity",11,0.174826974938642,2.27159649172695,1.78948374400964,0.0659670164917541,0.430323299888517
"admin2",15,"S2_mem","SierraLeone","women_iron","Ecosystem productivity/greenness",16,0.045990254228838,0.58852441037662,-0.573481306974075,0.674662668665667,0.780903665814152
"admin2",15,"S2_mem","SierraLeone","women_iron","Education, employment, SES",9,0.183301880671879,2.29802573218876,1.38717952874242,0.0949525237381309,0.430323299888517
"admin2",15,"S2_mem","SierraLeone","women_iron","Fertility, reproductive health",23,0.0724849420476653,0.913719707667563,-0.148115468431239,0.450774612693653,0.616887208569628
"admin2",15,"S2_mem","SierraLeone","women_iron","Food fortification and supplementation",6,0.166973959239543,2.13304337086168,1.55600804718886,0.0824587706146927,0.430323299888517
"admin2",15,"S2_mem","SierraLeone","women_iron","Healthcare access",6,0.135835746439989,1.73222300968023,0.880749565758175,0.164417791104448,0.492753623188406
"admin2",15,"S2_mem","SierraLeone","women_iron","Household assets and characteristics",12,0.225275062131159,2.86885053764678,2.2766432406516,0.0414792603698151,0.430323299888517
"admin2",15,"S2_mem","SierraLeone","women_iron","Infant and child morbidity/mortality",37,0.0547211374652364,0.707769232095665,-0.767540094583063,0.769115442278861,0.796583850931677
"admin2",15,"S2_mem","SierraLeone","women_iron","Malaria incidence and treatment",23,0.0611755057685745,0.788574531680555,-0.309439810098836,0.52023988005997,0.634057971014493
"admin2",15,"S2_mem","SierraLeone","women_iron","Ruralness, population density, built environment",9,0.058063709151209,0.735406891729593,-0.281225030591415,0.480759620189905,0.616887208569628
"admin2",15,"S2_mem","SierraLeone","women_iron","Soil characteristics",45,0.0999103393814514,1.30442594098357,0.566967080597111,0.217391304347826,0.531400966183575
"admin2",15,"S2_mem","SierraLeone","women_iron","Water and sanitation",8,0.103990619138189,1.34726802693621,0.59185809201613,0.219890054972514,0.531400966183575
"admin2",15,"S2_mem","SierraLeone","women_vitA","Adult and maternal mortality",9,0.0420859198409922,0.54030319773054,-0.483393705343032,0.581709145427286,0.806442932379964
"admin2",15,"S2_mem","SierraLeone","women_vitA","Adult nutrition",9,0.05387414773795,0.698123148635349,-0.593539559186759,0.673663168415792,0.848316582449516
"admin2",15,"S2_mem","SierraLeone","women_vitA","Agricultural production, land use",91,0.067270618822209,0.86848360404078,-0.285064741435588,0.538230884557721,0.806442932379964
"admin2",15,"S2_mem","SierraLeone","women_vitA","Built environment",13,0.0254825702024718,0.329105664599052,-1.30130528871859,0.958020989505247,0.979510244877561
"admin2",15,"S2_mem","SierraLeone","women_vitA","Climate and weather",41,0.0951864561237768,1.25169994463993,0.546225174023749,0.247376311844078,0.693465767116442
"admin2",15,"S2_mem","SierraLeone","women_vitA","Dietary diversity",11,0.0805778700996658,1.08056845666304,0.112437602509368,0.326336831584208,0.693465767116442
"admin2",15,"S2_mem","SierraLeone","women_vitA","Ecosystem productivity/greenness",16,0.0360750182002812,0.479207029497028,-0.72008566550276,0.776111944027986,0.900549725137431
"admin2",15,"S2_mem","SierraLeone","women_vitA","Education, employment, SES",9,0.11751405175078,1.52336568934705,0.57079583075345,0.197901049475262,0.693465767116442
"admin2",15,"S2_mem","SierraLeone","women_vitA","Fertility, reproductive health",23,0.110801583754102,1.43734201745126,0.78259961614817,0.178410794602699,0.693465767116442
"admin2",15,"S2_mem","SierraLeone","women_vitA","Food fortification and supplementation",6,0.106781882631466,1.36824460452887,0.511451998877916,0.228385807096452,0.693465767116442
"admin2",15,"S2_mem","SierraLeone","women_vitA","Healthcare access",6,0.0863333243780416,1.13868390380556,0.167561254481456,0.305847076461769,0.693465767116442
"admin2",15,"S2_mem","SierraLeone","women_vitA","Household assets and characteristics",12,0.052111448542049,0.669346987013596,-0.421830654635077,0.55272363818091,0.806442932379964
"admin2",15,"S2_mem","SierraLeone","women_vitA","Infant and child morbidity/mortality",37,0.0982583272236266,1.28369778371892,0.768946107810388,0.199900049975012,0.693465767116442
"admin2",15,"S2_mem","SierraLeone","women_vitA","Malaria incidence and treatment",23,0.0753560025777366,0.976301331842256,-0.0364792659167903,0.403798100949525,0.766406270548936
"admin2",15,"S2_mem","SierraLeone","women_vitA","Ruralness, population density, built environment",9,0.109196554619292,1.4115989684975,0.44066703399767,0.230384807596202,0.693465767116442
"admin2",15,"S2_mem","SierraLeone","women_vitA","Soil characteristics",45,0.0755543866093089,0.981071545057048,-0.036926674457042,0.428285857071464,0.766406270548936
"admin2",15,"S2_mem","SierraLeone","women_vitA","Water and sanitation",8,0.116208446167717,1.50788333878673,0.876101088737497,0.162918540729635,0.693465767116442
"admin2",15,"S3_blockperm","Malawi","child_vitA","Adult and maternal mortality",9,0.0509148974047628,1.82862363278337,1.84847019224012,0.0589705147426287,0.538302277432712
"admin2",15,"S3_blockperm","Malawi","child_vitA","Adult nutrition",9,0.092130786534303,1.81928146129723,1.75454884963623,0.0389805097451274,0.538302277432712
"admin2",15,"S3_blockperm","Malawi","child_vitA","Agricultural production, land use",80,0.0147957498251898,0.883057660441404,-0.774027718311456,0.778110944527736,0.884848484848485
"admin2",15,"S3_blockperm","Malawi","child_vitA","Built environment",12,0.0569253218686587,1.28014501215821,1.07130758017059,0.185907046476762,0.634271099744246
"admin2",15,"S3_blockperm","Malawi","child_vitA","Climate and weather",41,0.0106221988427139,0.6401942671413,-0.98284940699005,0.826586706646677,0.884848484848485
"admin2",15,"S3_blockperm","Malawi","child_vitA","Dietary diversity",11,0.0285488168474377,0.602867239912662,-0.771759640942753,0.719640179910045,0.870748299319728
"admin2",15,"S3_blockperm","Malawi","child_vitA","Ecosystem productivity/greenness",16,0.0152707143527398,1.24359163045037,0.71512334552395,0.209895052473763,0.676328502415459
"admin2",15,"S3_blockperm","Malawi","child_vitA","Education, employment, SES",9,0.0649705708578808,1.39614491077486,1.33581729420087,0.114442778610695,0.538302277432712
"admin2",15,"S3_blockperm","Malawi","child_vitA","Fertility, reproductive health",23,0.0406349736876054,1.07328962805069,0.338046067309195,0.408295852073963,0.763908368396447
"admin2",15,"S3_blockperm","Malawi","child_vitA","Food fortification and supplementation",6,0.0507595249482044,1.5670125752987,1.44082424714145,0.100949525237381,0.538302277432712
"admin2",15,"S3_blockperm","Malawi","child_vitA","Healthcare access",6,0.139586768239913,1.84892779445522,1.62031494570565,0.0869565217391304,0.538302277432712
"admin2",15,"S3_blockperm","Malawi","child_vitA","Household assets and characteristics",12,0.12162773850967,1.38664887799069,1.40148684678658,0.100449775112444,0.538302277432712
"admin2",15,"S3_blockperm","Malawi","child_vitA","Infant and child morbidity/mortality",37,0.0384646199026891,0.945042701312226,-0.386532175083807,0.651674162918541,0.870748299319728
"admin2",15,"S3_blockperm","Malawi","child_vitA","Malaria incidence and treatment",23,0.0623651694656291,1.68522055599715,1.77093998552239,0.0654672663668166,0.538302277432712
"admin2",15,"S3_blockperm","Malawi","child_vitA","Ruralness, population density, built environment",9,0.0931497011387761,1.80485497103092,1.27882224407974,0.154922538730635,0.561594202898551
"admin2",15,"S3_blockperm","Malawi","child_vitA","Soil characteristics",45,0.0339566294170997,1.02913894470514,0.277827687698409,0.400299850074962,0.763908368396447
"admin2",15,"S3_blockperm","Malawi","child_vitA","Water and sanitation",8,0.0529277784779856,1.23515643056646,0.60087450703299,0.331834082958521,0.712828770799785
"admin2",15,"S3_blockperm","Malawi","child_zinc","Adult and maternal mortality",9,0.0130799415802936,0.562271372038358,-0.999412663014257,0.837581209395302,0.961152756954856
"admin2",15,"S3_blockperm","Malawi","child_zinc","Adult nutrition",9,0.0232557892950629,0.619189026648279,-1.06852437236675,0.84807596201899,0.961152756954856
"admin2",15,"S3_blockperm","Malawi","child_zinc","Agricultural production, land use",80,0.0163859737630703,0.954858934525977,-0.402966949716542,0.652173913043478,0.941721446968823
"admin2",15,"S3_blockperm","Malawi","child_zinc","Built environment",12,0.0146217672907626,1.00217209507337,0.0125547803339376,0.495752123938031,0.941721446968823
"admin2",15,"S3_blockperm","Malawi","child_zinc","Climate and weather",41,0.0147031645165215,0.842601097725013,-0.507007608040308,0.67216391804098,0.941721446968823
"admin2",15,"S3_blockperm","Malawi","child_zinc","Dietary diversity",11,0.0598541462522511,1.7615010621522,1.91728267240401,0.0209895052473763,0.356821589205397
"admin2",15,"S3_blockperm","Malawi","child_zinc","Ecosystem productivity/greenness",16,0.0111948275151694,0.436699055787834,-1.10688094763592,0.930534732633683,0.988693153423288
"admin2",15,"S3_blockperm","Malawi","child_zinc","Education, employment, SES",9,0.0471341842920286,0.98781502732474,-0.0434145850389676,0.51624187906047,0.941721446968823
"admin2",15,"S3_blockperm","Malawi","child_zinc","Fertility, reproductive health",23,0.0309613252965867,1.21947549072212,0.776737802075866,0.158420789605197,0.897717807762785
"admin2",15,"S3_blockperm","Malawi","child_zinc","Food fortification and supplementation",6,0.0185353848338679,0.525397674789757,-0.865527385547724,0.720139930034983,0.941721446968823
"admin2",15,"S3_blockperm","Malawi","child_zinc","Healthcare access",6,0.0137358786224913,0.514549362731109,-1.34902241077843,0.990004997501249,0.990004997501249
"admin2",15,"S3_blockperm","Malawi","child_zinc","Household assets and characteristics",12,0.0537855277339259,0.953804225088958,-0.260616728937101,0.573213393303348,0.941721446968823
"admin2",15,"S3_blockperm","Malawi","child_zinc","Infant and child morbidity/mortality",37,0.0284199693701205,1.14737320282375,0.582114841292295,0.316841579210395,0.941721446968823
"admin2",15,"S3_blockperm","Malawi","child_zinc","Malaria incidence and treatment",23,0.018936542458929,1.29554732026498,1.14355737511255,0.141429285357321,0.897717807762785
"admin2",15,"S3_blockperm","Malawi","child_zinc","Ruralness, population density, built environment",9,0.020417645597799,1.12084537197337,0.315538229402043,0.341329335332334,0.941721446968823
"admin2",15,"S3_blockperm","Malawi","child_zinc","Soil characteristics",45,0.0293464744131967,0.893848607028325,-0.555905631493756,0.709145427286357,0.941721446968823
"admin2",15,"S3_blockperm","Malawi","child_zinc","Water and sanitation",8,0.0477092570313362,0.844916364119532,-0.478784663544083,0.631184407796102,0.941721446968823
"admin2",15,"S3_blockperm","Gambia","child_vitA","Adult and maternal mortality",9,0.0425381395194246,0.530405006998437,-1.39200331757502,0.933533233383308,0.949911009407577
"admin2",15,"S3_blockperm","Gambia","child_vitA","Adult nutrition",9,0.138907778148523,0.902096088784245,-0.309569734371188,0.573213393303348,0.870748299319728
"admin2",15,"S3_blockperm","Gambia","child_vitA","Agricultural production, land use",80,0.235677778773419,1.10413982405431,1.17765967962755,0.12543728135932,0.538302277432712
"admin2",15,"S3_blockperm","Gambia","child_vitA","Built environment",12,0.175222667356338,1.03414595225413,0.264721220981943,0.359320339830085,0.744306418219462
"admin2",15,"S3_blockperm","Gambia","child_vitA","Climate and weather",41,0.312099098440054,1.07356403899138,0.715704658515179,0.248875562218891,0.695652173913043
"admin2",15,"S3_blockperm","Gambia","child_vitA","Dietary diversity",11,0.0913952309985862,1.40746579698256,1.17145749789701,0.12343828085957,0.538302277432712
"admin2",15,"S3_blockperm","Gambia","child_vitA","Ecosystem productivity/greenness",16,0.12596877957713,0.846975360244738,-0.674711243936308,0.735632183908046,0.870748299319728
"admin2",15,"S3_blockperm","Gambia","child_vitA","Education, employment, SES",9,0.33632916345772,1.20928866908431,1.0700244865512,0.150424787606197,0.561594202898551
"admin2",15,"S3_blockperm","Gambia","child_vitA","Fertility, reproductive health",23,0.16323503546213,1.08878463477302,0.452762166416318,0.324337831084458,0.712828770799785
"admin2",15,"S3_blockperm","Gambia","child_vitA","Food fortification and supplementation",6,0.0276684253748756,0.317328521278803,-1.45268537803235,0.961019490254873,0.961019490254873
"admin2",15,"S3_blockperm","Gambia","child_vitA","Healthcare access",6,0.0878224142244909,0.675500112285042,-0.953746973075223,0.833083458270865,0.884848484848485
"admin2",15,"S3_blockperm","Gambia","child_vitA","Household assets and characteristics",12,0.175710005586082,0.856930546459683,-0.438426456073828,0.636181909045477,0.870748299319728
"admin2",15,"S3_blockperm","Gambia","child_vitA","Infant and child morbidity/mortality",37,0.0539086785783194,0.826600334016892,-0.876020153726,0.806096951524238,0.884848484848485
"admin2",15,"S3_blockperm","Gambia","child_vitA","Malaria incidence and treatment",23,0.237994628173217,1.06111061927111,0.451970788725996,0.309345327336332,0.712828770799785
"admin2",15,"S3_blockperm","Gambia","child_vitA","Ruralness, population density, built environment",9,0.181043562923979,0.991859565323208,-0.0214423063879457,0.47576211894053,0.812446717817562
"admin2",15,"S3_blockperm","Gambia","child_vitA","Soil characteristics",45,0.254948823732661,1.05196605482853,0.595476809774589,0.280859570214893,0.712828770799785
"admin2",15,"S3_blockperm","Gambia","child_vitA","Water and sanitation",9,0.0909722751752735,0.921062199868767,-0.247531183559181,0.561719140429785,0.870748299319728
"admin2",15,"S3_blockperm","Malawi","women_folate","Adult and maternal mortality",9,0.0260674611145447,1.11298886276221,0.976037108669542,0.512243878060969,1
"admin2",15,"S3_blockperm","Malawi","women_folate","Adult nutrition",9,0.0483124849768961,0.989252751824961,-0.976037108669538,1,1
"admin2",15,"S3_blockperm","Malawi","women_folate","Agricultural production, land use",80,0.0846986566444013,0.94854283152298,-0.976037108669543,1,1
"admin2",15,"S3_blockperm","Malawi","women_folate","Built environment",12,0.0873176781759716,0.927724300993337,-0.976037108669543,1,1
"admin2",15,"S3_blockperm","Malawi","women_folate","Climate and weather",41,0.191810729111898,0.97400540601098,-0.97603710866954,1,1
"admin2",15,"S3_blockperm","Malawi","women_folate","Dietary diversity",11,0.0391384236360846,0.908229491411136,-0.976037108669542,1,1
"admin2",15,"S3_blockperm","Malawi","women_folate","Ecosystem productivity/greenness",16,0.121257046826972,1.00129645524001,0.976037108669553,0.512243878060969,1
"admin2",15,"S3_blockperm","Malawi","women_folate","Education, employment, SES",9,0.170265018442207,0.957797693581824,-0.976037108669544,1,1
"admin2",15,"S3_blockperm","Malawi","women_folate","Fertility, reproductive health",23,0.122396854520866,0.970378874947461,-0.976037108669543,1,1
"admin2",15,"S3_blockperm","Malawi","women_folate","Food fortification and supplementation",6,0.0198431902220607,1.19986649693945,0.976037108669542,0.512243878060969,1
"admin2",15,"S3_blockperm","Malawi","women_folate","Healthcare access",6,0.156939026448339,0.960909744189443,-0.976037108669544,1,1
"admin2",15,"S3_blockperm","Malawi","women_folate","Household assets and characteristics",12,0.267555233112731,0.92707727202563,-0.976037108669543,1,1
"admin2",15,"S3_blockperm","Malawi","women_folate","Infant and child morbidity/mortality",37,0.0828950782759844,0.991750099555283,-0.976037108669542,1,1
"admin2",15,"S3_blockperm","Malawi","women_folate","Malaria incidence and treatment",23,0.0699264937854763,0.965330777496602,-0.976037108669541,1,1
"admin2",15,"S3_blockperm","Malawi","women_folate","Ruralness, population density, built environment",9,0.114959098020102,0.835361674035232,-0.976037108669542,1,1
"admin2",15,"S3_blockperm","Malawi","women_folate","Soil characteristics",45,0.108613874024549,0.989021538431499,-0.976037108669546,1,1
"admin2",15,"S3_blockperm","Malawi","women_folate","Water and sanitation",8,0.141166888204337,0.966796213400972,-0.976037108669543,1,1
"admin2",15,"S3_blockperm","Malawi","child_iron","Adult and maternal mortality",9,0.00692031040690785,1.10265934505846,0.217835583066375,0.365817091454273,0.69658719027583
"admin2",15,"S3_blockperm","Malawi","child_iron","Adult nutrition",9,0.0261031797601352,1.21397230297282,0.463638651824054,0.229385307346327,0.633540372670807
"admin2",15,"S3_blockperm","Malawi","child_iron","Agricultural production, land use",80,0.0555712412075186,1.03413382069962,0.437499570528586,0.314342828585707,0.675254965110038
"admin2",15,"S3_blockperm","Malawi","child_iron","Built environment",12,0.0693406952143348,0.857516473551928,-0.726807129296537,0.695152423788106,0.894927536231884
"admin2",15,"S3_blockperm","Malawi","child_iron","Climate and weather",41,0.0600000499801129,0.83874079726838,-0.712878751524725,0.732133933033483,0.894927536231884
"admin2",15,"S3_blockperm","Malawi","child_iron","Dietary diversity",11,0.0389457011167377,1.79594186013877,1.49141670896684,0.088455772113943,0.380032206119163
"admin2",15,"S3_blockperm","Malawi","child_iron","Ecosystem productivity/greenness",16,0.0284830896086955,1.14635195414206,0.689162479041973,0.275862068965517,0.675254965110038
"admin2",15,"S3_blockperm","Malawi","child_iron","Education, employment, SES",9,0.0751831273059004,0.873392110643906,-0.553327983321103,0.622688655672164,0.839905628581058
"admin2",15,"S3_blockperm","Malawi","child_iron","Fertility, reproductive health",23,0.0511306812600491,0.82645344705333,-0.733619880489965,0.740629685157421,0.894927536231884
"admin2",15,"S3_blockperm","Malawi","child_iron","Food fortification and supplementation",6,0.0702559331952558,1.04542965432931,0.14935683089985,0.372313843078461,0.69658719027583
"admin2",15,"S3_blockperm","Malawi","child_iron","Healthcare access",6,0.0512879408094918,0.679712312511255,-1.04089383934664,0.852573713143428,0.899077733860343
"admin2",15,"S3_blockperm","Malawi","child_iron","Household assets and characteristics",12,0.131213704474032,0.86442820702786,-0.738745904224161,0.72063968015992,0.894927536231884
"admin2",15,"S3_blockperm","Malawi","child_iron","Infant and child morbidity/mortality",37,0.0254126098539704,0.962942368654009,-0.238406664122796,0.564217891054473,0.7988688582538
"admin2",15,"S3_blockperm","Malawi","child_iron","Malaria incidence and treatment",23,0.0427731068009784,0.776893230237092,-1.02417150342657,0.825587206396802,0.899077733860343
"admin2",15,"S3_blockperm","Malawi","child_iron","Ruralness, population density, built environment",9,0.0757988460525444,0.757214024490156,-1.01740850868431,0.841079460269865,0.899077733860343
"admin2",15,"S3_blockperm","Malawi","child_iron","Soil characteristics",45,0.0533925415829814,1.15651810551719,1.34011554765625,0.102948525737131,0.380032206119163
"admin2",15,"S3_blockperm","Malawi","child_iron","Water and sanitation",8,0.0406813684555381,0.843280098247913,-0.750854747611355,0.723138430784608,0.894927536231884
"admin2",15,"S3_blockperm","Malawi","women_iron","Adult and maternal mortality",9,0.123994750686211,0.980018806246007,-0.9848645227029,1,1
"admin2",15,"S3_blockperm","Malawi","women_iron","Adult nutrition",9,0.0783678112238638,0.989066004769779,-0.984864522702896,1,1
"admin2",15,"S3_blockperm","Malawi","women_iron","Agricultural production, land use",80,0.0509782041942927,0.962946010322314,-0.984864522702903,1,1
"admin2",15,"S3_blockperm","Malawi","women_iron","Built environment",12,0.0371335419252523,0.932153964553004,-0.984864522702904,1,1
"admin2",15,"S3_blockperm","Malawi","women_iron","Climate and weather",41,0.0656245715884394,0.973917025683124,-0.984864522702901,1,1
"admin2",15,"S3_blockperm","Malawi","women_iron","Dietary diversity",11,0.0837951467531254,0.953190378891427,-0.984864522702903,1,1
"admin2",15,"S3_blockperm","Malawi","women_iron","Ecosystem productivity/greenness",16,0.0860668303110577,0.987713953454793,-0.984864522702908,1,1
"admin2",15,"S3_blockperm","Malawi","women_iron","Education, employment, SES",9,0.142080290025809,0.961547730126436,-0.984864522702902,1,1
"admin2",15,"S3_blockperm","Malawi","women_iron","Fertility, reproductive health",23,0.0666873950209151,0.969793268852152,-0.984864522702905,1,1
"admin2",15,"S3_blockperm","Malawi","women_iron","Food fortification and supplementation",6,0.102629565763647,0.94645352986483,-0.984864522702904,1,1
"admin2",15,"S3_blockperm","Malawi","women_iron","Healthcare access",6,0.116752666023869,0.925111609477995,-0.984864522702903,1,1
"admin2",15,"S3_blockperm","Malawi","women_iron","Household assets and characteristics",12,0.097487521443141,0.936082509381774,-0.984864522702903,1,1
"admin2",15,"S3_blockperm","Malawi","women_iron","Infant and child morbidity/mortality",37,0.105457302647747,0.963538671294427,-0.984864522702903,1,1
"admin2",15,"S3_blockperm","Malawi","women_iron","Malaria incidence and treatment",23,0.0702676196934242,1.00013332891809,0.984864522702721,0.507746126936532,0.973756365060713
"admin2",15,"S3_blockperm","Malawi","women_iron","Ruralness, population density, built environment",9,0.0159459760382397,0.713111138403925,-0.984864522702903,1,1
"admin2",15,"S3_blockperm","Malawi","women_iron","Soil characteristics",45,0.0474283805544058,0.976702504603341,-0.984864522702902,1,1
"admin2",15,"S3_blockperm","Malawi","women_iron","Water and sanitation",8,0.191870319578125,0.997050198397169,-0.984864522702915,1,1
"admin2",15,"S3_blockperm","Gambia","child_iron","Adult and maternal mortality",9,0.0226690441272143,0.420153870136959,-1.26748228783498,0.901049475262369,0.929061784897025
"admin2",15,"S3_blockperm","Gambia","child_iron","Adult nutrition",9,0.0538457482078019,0.525470977858424,-0.832067661165876,0.780609695152424,0.899077733860343
"admin2",15,"S3_blockperm","Gambia","child_iron","Agricultural production, land use",80,0.114680432170374,1.07978519922889,0.532187569607804,0.301349325337331,0.675254965110038
"admin2",15,"S3_blockperm","Gambia","child_iron","Built environment",12,0.0857246121682118,0.980649655599687,-0.0731095243901439,0.482758620689655,0.748283752860412
"admin2",15,"S3_blockperm","Gambia","child_iron","Climate and weather",41,0.163059860432305,1.0926603994099,0.514540870068074,0.311344327836082,0.675254965110038
"admin2",15,"S3_blockperm","Gambia","child_iron","Dietary diversity",11,0.133057308063503,2.05805078424344,2.02000442221414,0.0499750124937531,0.380032206119163
"admin2",15,"S3_blockperm","Gambia","child_iron","Ecosystem productivity/greenness",16,0.0764662983742228,1.00580128042797,0.0162288437682434,0.430784607696152,0.710950080515298
"admin2",15,"S3_blockperm","Gambia","child_iron","Education, employment, SES",9,0.204189803232908,1.49924121638439,1.41516928955892,0.104947526236882,0.380032206119163
"admin2",15,"S3_blockperm","Gambia","child_iron","Fertility, reproductive health",23,0.133527898655123,1.40204705283388,1.29207798600086,0.114942528735632,0.380032206119163
"admin2",15,"S3_blockperm","Gambia","child_iron","Food fortification and supplementation",6,0.0379464084587801,0.662157646292863,-0.481761340138353,0.587206396801599,0.810904071773637
"admin2",15,"S3_blockperm","Gambia","child_iron","Healthcare access",6,0.0868391435675426,1.08884916712243,0.146584240090741,0.357821089455272,0.69658719027583
"admin2",15,"S3_blockperm","Gambia","child_iron","Household assets and characteristics",12,0.119349196074193,0.9951193164039,-0.00828368523763071,0.430284857571214,0.710950080515298
"admin2",15,"S3_blockperm","Gambia","child_iron","Infant and child morbidity/mortality",37,0.0450982504200646,0.639885269569521,-1.28536035730327,0.91304347826087,0.929061784897025
"admin2",15,"S3_blockperm","Gambia","child_iron","Malaria incidence and treatment",23,0.120060006925421,0.941641764411288,-0.218830065716555,0.548225887056472,0.7988688582538
"admin2",15,"S3_blockperm","Gambia","child_iron","Ruralness, population density, built environment",9,0.20087706218598,1.27292426081342,0.487312948665237,0.274362818590705,0.675254965110038
"admin2",15,"S3_blockperm","Gambia","child_iron","Soil characteristics",45,0.131706796236656,1.20339852854045,1.1866847347956,0.117941029485257,0.380032206119163
"admin2",15,"S3_blockperm","Gambia","child_iron","Water and sanitation",9,0.0567113422658041,0.662685029868382,-0.855471439248005,0.785107446276862,0.899077733860343
"admin2",15,"S3_blockperm","Malawi","women_zinc","Adult and maternal mortality",9,0.0156028126669411,1.0065558913296,0.976037108669545,0.512243878060969,1
"admin2",15,"S3_blockperm","Malawi","women_zinc","Adult nutrition",9,0.0613091759762572,0.998809796384719,-0.976037108669565,1,1
"admin2",15,"S3_blockperm","Malawi","women_zinc","Agricultural production, land use",80,0.0456769061276849,0.978742077342421,-0.976037108669545,1,1
"admin2",15,"S3_blockperm","Malawi","women_zinc","Built environment",12,0.0294531747712531,1.0266773991053,0.976037108669541,0.512243878060969,1
"admin2",15,"S3_blockperm","Malawi","women_zinc","Climate and weather",41,0.0951570353445122,0.970361041094573,-0.976037108669544,1,1
"admin2",15,"S3_blockperm","Malawi","women_zinc","Dietary diversity",11,0.0568789296598973,0.932662866398668,-0.976037108669543,1,1
"admin2",15,"S3_blockperm","Malawi","women_zinc","Ecosystem productivity/greenness",16,0.111873351777618,1.00025896217189,0.976037108669527,0.512243878060969,1
"admin2",15,"S3_blockperm","Malawi","women_zinc","Education, employment, SES",9,0.0483450734224257,0.94275220099767,-0.976037108669543,1,1
"admin2",15,"S3_blockperm","Malawi","women_zinc","Fertility, reproductive health",23,0.0922793849545241,0.983884070338852,-0.976037108669545,1,1
"admin2",15,"S3_blockperm","Malawi","women_zinc","Food fortification and supplementation",6,0.188725615173653,1.03870658912764,0.976037108669544,0.512243878060969,1
"admin2",15,"S3_blockperm","Malawi","women_zinc","Healthcare access",6,0.0999318354995563,0.961822622494406,-0.976037108669542,1,1
"admin2",15,"S3_blockperm","Malawi","women_zinc","Household assets and characteristics",12,0.118212271945059,0.933738128114483,-0.976037108669541,1,1
"admin2",15,"S3_blockperm","Malawi","women_zinc","Infant and child morbidity/mortality",37,0.0939461317191774,0.999146362063892,-0.976037108669594,1,1
"admin2",15,"S3_blockperm","Malawi","women_zinc","Malaria incidence and treatment",23,0.0437333938329731,1.03564721423727,0.97603710866954,0.512243878060969,1
"admin2",15,"S3_blockperm","Malawi","women_zinc","Ruralness, population density, built environment",9,0.0360893021562373,0.964952520425009,-0.976037108669541,1,1
"admin2",15,"S3_blockperm","Malawi","women_zinc","Soil characteristics",45,0.069400026200678,0.991678153242207,-0.976037108669547,1,1
"admin2",15,"S3_blockperm","Malawi","women_zinc","Water and sanitation",8,0.135908108612897,0.954336907738285,-0.976037108669542,1,1
"admin2",15,"S3_blockperm","Gambia","women_iron","Adult and maternal mortality",9,0.0351887000935578,0.654862001971149,-1.0903323138527,0.862568715642179,1
"admin2",15,"S3_blockperm","Gambia","women_iron","Adult nutrition",9,0.112903597077878,1.06225895858783,0.193144870232961,0.389805097451274,0.869565217391304
"admin2",15,"S3_blockperm","Gambia","women_iron","Agricultural production, land use",81,0.173015415973433,1.10917527905543,1.08815155030957,0.142928535732134,0.502983802216539
"admin2",15,"S3_blockperm","Gambia","women_iron","Built environment",12,0.134910791628317,0.955539448377131,-0.297466852205026,0.594702648675662,0.973756365060713
"admin2",15,"S3_blockperm","Gambia","women_iron","Climate and weather",41,0.313721195442201,1.19216161893212,1.69116446195763,0.0499750124937531,0.41407867494824
"admin2",15,"S3_blockperm","Gambia","women_iron","Dietary diversity",11,0.0577785796441759,1.0210122274112,0.0569522331529334,0.422788605697151,0.875776397515528
"admin2",15,"S3_blockperm","Gambia","women_iron","Ecosystem productivity/greenness",16,0.0980523377620166,0.743299079347697,-1.09005412999631,0.869065467266367,1
"admin2",15,"S3_blockperm","Gambia","women_iron","Education, employment, SES",9,0.334311896443405,1.61554358755463,2.75307539013159,0.00299850074962519,0.173913043478261
"admin2",15,"S3_blockperm","Gambia","women_iron","Fertility, reproductive health",23,0.173347941852333,1.43537149028275,1.92424132270938,0.0374812593703148,0.391304347826087
"admin2",15,"S3_blockperm","Gambia","women_iron","Food fortification and supplementation",6,0.0402198577184138,0.507392534494795,-1.03353380725727,0.84207896051974,1
"admin2",15,"S3_blockperm","Gambia","women_iron","Healthcare access",6,0.12792555604714,1.19140500871062,0.40642665537532,0.300349825087456,0.771739130434783
"admin2",15,"S3_blockperm","Gambia","women_iron","Household assets and characteristics",12,0.201938244440327,1.12764024446441,0.394904173555625,0.319340329835082,0.771739130434783
"admin2",15,"S3_blockperm","Gambia","women_iron","Infant and child morbidity/mortality",37,0.049479181991714,0.935084922583345,-0.357957045044342,0.621189405297351,0.973756365060713
"admin2",15,"S3_blockperm","Gambia","women_iron","Malaria incidence and treatment",23,0.214541118521316,1.15091577325123,1.1245471879669,0.132433783108446,0.502983802216539
"admin2",15,"S3_blockperm","Gambia","women_iron","Ruralness, population density, built environment",9,0.269245484107389,1.29850407738964,0.909300970697526,0.185907046476762,0.599033816425121
"admin2",15,"S3_blockperm","Gambia","women_iron","Soil characteristics",45,0.256096019340907,1.12179985762581,1.23553644474612,0.118940529735132,0.492753623188406
"admin2",15,"S3_blockperm","Gambia","women_iron","Water and sanitation",9,0.0766234500970233,0.946788559552462,-0.172760428779878,0.528735632183908,0.973756365060713
"admin2",15,"S3_blockperm","Gambia","women_vitA","Adult and maternal mortality",9,0.0199699464352728,0.539322916759086,-0.883466223211829,0.810094952523738,0.888491238251842
"admin2",15,"S3_blockperm","Gambia","women_vitA","Adult nutrition",9,0.0686858906215461,1.16430624021767,0.294346483379167,0.345327336331834,0.809220389805097
"admin2",15,"S3_blockperm","Gambia","women_vitA","Agricultural production, land use",81,0.0759843371638252,1.25879716744394,1.15508770782309,0.133433283358321,0.567091454272864
"admin2",15,"S3_blockperm","Gambia","women_vitA","Built environment",12,0.0457378739769059,0.901792959442684,-0.313481658787026,0.573713143428286,0.849575212393803
"admin2",15,"S3_blockperm","Gambia","women_vitA","Climate and weather",41,0.14131174864623,1.61905448581675,2.17653414350686,0.0249875062468766,0.535232383808096
"admin2",15,"S3_blockperm","Gambia","women_vitA","Dietary diversity",11,0.0413803032908284,1.06219638349095,0.109084617900519,0.370814592703648,0.809220389805097
"admin2",15,"S3_blockperm","Gambia","women_vitA","Ecosystem productivity/greenness",16,0.081326306890453,1.79943748084588,1.49442228841214,0.0964517741129435,0.567091454272864
"admin2",15,"S3_blockperm","Gambia","women_vitA","Education, employment, SES",9,0.153720747832438,1.74112519298861,1.51733724317099,0.0864567716141929,0.567091454272864
"admin2",15,"S3_blockperm","Gambia","women_vitA","Fertility, reproductive health",23,0.0725093445872343,1.370041965059,0.942849426396376,0.177911044477761,0.604897551224388
"admin2",15,"S3_blockperm","Gambia","women_vitA","Food fortification and supplementation",6,0.0202481266417486,0.32187054650393,-1.04730379173318,0.851074462768616,0.904266616691654
"admin2",15,"S3_blockperm","Gambia","women_vitA","Healthcare access",6,0.096947524250605,1.81962095845591,1.14924713298981,0.133433283358321,0.567091454272864
"admin2",15,"S3_blockperm","Gambia","women_vitA","Household assets and characteristics",12,0.0559803823771825,0.847836665858892,-0.228438604173895,0.482258870564718,0.841079460269865
"admin2",15,"S3_blockperm","Gambia","women_vitA","Infant and child morbidity/mortality",37,0.025007559040073,0.777097469225694,-0.821703055069852,0.777611194402799,0.888491238251842
"admin2",15,"S3_blockperm","Gambia","women_vitA","Malaria incidence and treatment",23,0.100191663725678,1.37829735601154,1.34782012732067,0.095952023988006,0.567091454272864
"admin2",15,"S3_blockperm","Gambia","women_vitA","Ruralness, population density, built environment",9,0.0259883449153687,0.489886178821515,-0.573326773529021,0.637181409295352,0.849575212393803
"admin2",15,"S3_blockperm","Gambia","women_vitA","Soil characteristics",45,0.112343316013352,1.59296281093907,2.26509820738009,0.0314842578710645,0.535232383808096
"admin2",15,"S3_blockperm","Gambia","women_vitA","Water and sanitation",9,0.041803880883639,0.8841385683745,-0.239687179318305,0.523738130934533,0.847956973894005
"admin2",15,"S3_blockperm","Ghana","women_iron","Agricultural production, land use",64,0.085216179157578,1.06178252257697,0.290763880753327,0.367816091954023,0.853333333333333
"admin2",15,"S3_blockperm","Ghana","women_iron","Built environment",10,0.0752528836301232,1.0353244375216,0.108663119805117,0.412293853073463,0.875776397515528
"admin2",15,"S3_blockperm","Ghana","women_iron","Climate and weather",41,0.1137723566851,1.10313428234173,0.562995330014829,0.280859570214893,0.771739130434783
"admin2",15,"S3_blockperm","Ghana","women_iron","Ecosystem productivity/greenness",14,0.102778891983782,1.55406957451193,1.33564321295659,0.11344327836082,0.492753623188406
"admin2",15,"S3_blockperm","Ghana","women_iron","Malaria incidence and treatment",23,0.0811323003581325,1.27602991564057,1.71865709748132,0.0704647676161919,0.461133069828722
"admin2",15,"S3_blockperm","Ghana","women_iron","Ruralness, population density, built environment",9,0.0274417699040251,1.9645423553417,1.54711511135195,0.0754622688655672,0.461133069828722
"admin2",15,"S3_blockperm","Ghana","women_iron","Soil characteristics",38,0.0795802955440064,0.951948549647519,-0.378373763590059,0.579710144927536,0.973756365060713
"admin2",15,"S3_blockperm","Ghana","child_iron","Agricultural production, land use",64,0.225475023745663,1.43582919136053,2.74951617690245,0.00399800099950025,0.173913043478261
"admin2",15,"S3_blockperm","Ghana","child_iron","Built environment",10,0.143275025043402,1.29553593448326,1.48559524695567,0.0789605197401299,0.380032206119163
"admin2",15,"S3_blockperm","Ghana","child_iron","Climate and weather",41,0.227954111669218,1.21704442479046,1.7043943351037,0.056471764117941,0.380032206119163
"admin2",15,"S3_blockperm","Ghana","child_iron","Ecosystem productivity/greenness",16,0.152272326503664,1.55884734929602,2.47622478153196,0.0139930034982509,0.270531400966184
"admin2",15,"S3_blockperm","Ghana","child_iron","Malaria incidence and treatment",23,0.158052438626919,1.39608818427418,2.91238593879761,0.00599700149925037,0.173913043478261
"admin2",15,"S3_blockperm","Ghana","child_iron","Ruralness, population density, built environment",9,0.0107370784661911,0.618224239421023,-0.375228528315939,0.490254872563718,0.748283752860412
"admin2",15,"S3_blockperm","Ghana","child_iron","Soil characteristics",45,0.195784977645449,1.11634891154866,1.39700683508981,0.0894552723638181,0.380032206119163
"admin2",15,"S3_blockperm","Ghana","child_vitA","Agricultural production, land use",64,0.139942061981725,1.02203397595847,0.170184229068163,0.395802098950525,0.763908368396447
"admin2",15,"S3_blockperm","Ghana","child_vitA","Built environment",10,0.135386534322163,1.12401081469274,0.657701409906609,0.24687656171914,0.695652173913043
"admin2",15,"S3_blockperm","Ghana","child_vitA","Climate and weather",41,0.186648962958213,1.17152193384631,1.17649023397757,0.129935032483758,0.538302277432712
"admin2",15,"S3_blockperm","Ghana","child_vitA","Ecosystem productivity/greenness",16,0.135813915263364,1.08525585410057,0.343437668975546,0.317341329335332,0.712828770799785
"admin2",15,"S3_blockperm","Ghana","child_vitA","Malaria incidence and treatment",23,0.0970556339107787,1.05581882630888,0.413144508922271,0.320339830084958,0.712828770799785
"admin2",15,"S3_blockperm","Ghana","child_vitA","Ruralness, population density, built environment",9,0.0677949017812223,0.693864606862374,-0.555086865901069,0.664167916041979,0.870748299319728
"admin2",15,"S3_blockperm","Ghana","child_vitA","Soil characteristics",45,0.136686526940633,0.928550378219477,-0.830273307124537,0.785607196401799,0.884848484848485
"admin2",15,"S3_blockperm","SierraLeone","women_folate","Adult and maternal mortality",9,0.0221245865479477,0.376236459940171,-0.843770077327669,0.807096451774113,1
"admin2",15,"S3_blockperm","SierraLeone","women_folate","Adult nutrition",9,0.021187529062653,0.272336631175189,-1.18724307562503,0.952523738130934,1
"admin2",15,"S3_blockperm","SierraLeone","women_folate","Agricultural production, land use",91,0.0974385147128279,1.06225623372097,0.178899870641888,0.379310344827586,1
"admin2",15,"S3_blockperm","SierraLeone","women_folate","Built environment",13,0.101202505475445,1.57430829325079,2.05233617308089,0.0329835082458771,1
"admin2",15,"S3_blockperm","SierraLeone","women_folate","Climate and weather",41,0.0729323915905809,1.02302025763895,0.0660927436064453,0.419790104947526,1
"admin2",15,"S3_blockperm","SierraLeone","women_folate","Dietary diversity",11,0.0624250614685747,0.70418031911089,-0.418675142142216,0.589705147426287,1
"admin2",15,"S3_blockperm","SierraLeone","women_folate","Ecosystem productivity/greenness",16,0.0553886036155828,0.994981447629463,-0.0129110164951441,0.457771114442779,1
"admin2",15,"S3_blockperm","SierraLeone","women_folate","Education, employment, SES",9,0.0471791634286848,0.795336760467624,-0.299633549651372,0.531734132933533,1
"admin2",15,"S3_blockperm","SierraLeone","women_folate","Fertility, reproductive health",23,0.0735436208757128,1.09753594772286,0.259340473380507,0.388805597201399,1
"admin2",15,"S3_blockperm","SierraLeone","women_folate","Food fortification and supplementation",6,0.0741491409453398,0.862413986332569,-0.342921192271182,0.6031984007996,1
"admin2",15,"S3_blockperm","SierraLeone","women_folate","Healthcare access",6,0.0568834884919817,1.36476066026372,0.535665191119633,0.23888055972014,1
"admin2",15,"S3_blockperm","SierraLeone","women_folate","Household assets and characteristics",12,0.0569669211081303,0.493887011508594,-0.957109728258542,0.84407796101949,1
"admin2",15,"S3_blockperm","SierraLeone","women_folate","Infant and child morbidity/mortality",37,0.109572305222555,1.06545898947355,0.272856831083019,0.378810594702649,1
"admin2",15,"S3_blockperm","SierraLeone","women_folate","Malaria incidence and treatment",23,0.0794420203400255,0.700524001136279,-0.741440046878935,0.728135932033983,1
"admin2",15,"S3_blockperm","SierraLeone","women_folate","Ruralness, population density, built environment",9,0.0764131886618335,0.946663006825388,-0.0813426437237002,0.438280859570215,1
"admin2",15,"S3_blockperm","SierraLeone","women_folate","Soil characteristics",45,0.125781105368944,1.0498112984775,0.148906355801729,0.417791104447776,1
"admin2",15,"S3_blockperm","SierraLeone","women_folate","Water and sanitation",8,0.0584936622416573,0.557234044348504,-1.1126119934332,0.932533733133433,1
"admin2",15,"S3_blockperm","SierraLeone","child_vitA","Adult and maternal mortality",9,0.0452010368220588,0.38460957614739,-0.722272079499597,0.725137431284358,0.870748299319728
"admin2",15,"S3_blockperm","SierraLeone","child_vitA","Adult nutrition",9,0.0864579834931143,1.2581887569183,0.477765011459677,0.251874062968516,0.695652173913043
"admin2",15,"S3_blockperm","SierraLeone","child_vitA","Agricultural production, land use",91,0.0426116861886298,0.773509032680131,-0.438831268249117,0.591204397801099,0.870748299319728
"admin2",15,"S3_blockperm","SierraLeone","child_vitA","Built environment",13,0.0443807199447155,0.626187199980078,-0.607455017004777,0.676661669165417,0.870748299319728
"admin2",15,"S3_blockperm","SierraLeone","child_vitA","Climate and weather",41,0.0365155213423327,0.598707680085896,-0.606842252446713,0.678660669665167,0.870748299319728
"admin2",15,"S3_blockperm","SierraLeone","child_vitA","Dietary diversity",11,0.0612040612283812,0.784581358781778,-0.341401513755527,0.535232383808096,0.870748299319728
"admin2",15,"S3_blockperm","SierraLeone","child_vitA","Ecosystem productivity/greenness",16,0.0355110577770945,0.527066732404191,-0.613506431686747,0.654672663668166,0.870748299319728
"admin2",15,"S3_blockperm","SierraLeone","child_vitA","Education, employment, SES",9,0.112149227189513,2.16624889982306,1.63347961970571,0.0764617691154423,0.538302277432712
"admin2",15,"S3_blockperm","SierraLeone","child_vitA","Fertility, reproductive health",23,0.042677379746668,0.649539187319777,-1.05018092568451,0.862068965517241,0.892857142857143
"admin2",15,"S3_blockperm","SierraLeone","child_vitA","Food fortification and supplementation",6,0.0656735275890569,0.892379406950091,-0.155810044829873,0.461769115442279,0.812446717817562
"admin2",15,"S3_blockperm","SierraLeone","child_vitA","Healthcare access",6,0.189458785795059,2.08255831267858,1.34541887178354,0.114942528735632,0.538302277432712
"admin2",15,"S3_blockperm","SierraLeone","child_vitA","Household assets and characteristics",12,0.173511615776776,3.14384105457254,2.98700049827414,0.024487756121939,0.538302277432712
"admin2",15,"S3_blockperm","SierraLeone","child_vitA","Infant and child morbidity/mortality",37,0.0413424477121332,0.582282862220939,-1.01531550933435,0.839080459770115,0.884848484848485
"admin2",15,"S3_blockperm","SierraLeone","child_vitA","Malaria incidence and treatment",23,0.0299760348870692,0.769235771821732,-0.467788941847794,0.63968015992004,0.870748299319728
"admin2",15,"S3_blockperm","SierraLeone","child_vitA","Ruralness, population density, built environment",9,0.045842720105408,0.817347848889359,-0.245740103119371,0.476261869065467,0.812446717817562
"admin2",15,"S3_blockperm","SierraLeone","child_vitA","Soil characteristics",45,0.0374682084705052,0.632843403246387,-0.687311115452948,0.724137931034483,0.870748299319728
"admin2",15,"S3_blockperm","SierraLeone","child_vitA","Water and sanitation",8,0.100677912892342,1.67217826933692,1.26003718389924,0.104447776111944,0.538302277432712
"admin2",15,"S3_blockperm","SierraLeone","child_iron","Adult and maternal mortality",9,0.00595726832648281,0.108884611169938,-1.226782632295,0.997001499250375,0.997001499250375
"admin2",15,"S3_blockperm","SierraLeone","child_iron","Adult nutrition",9,0.140010852095861,1.69966839695668,1.17631654866577,0.134932533733133,0.411899313501144
"admin2",15,"S3_blockperm","SierraLeone","child_iron","Agricultural production, land use",91,0.165224587007554,1.52097404374022,1.53196832591073,0.087456271864068,0.380032206119163
"admin2",15,"S3_blockperm","SierraLeone","child_iron","Built environment",13,0.136303052239465,1.39312072786761,0.87834491143881,0.178410794602699,0.517391304347826
"admin2",15,"S3_blockperm","SierraLeone","child_iron","Climate and weather",41,0.202152898626584,1.67631696160605,1.60313709195016,0.0744627686156921,0.380032206119163
"admin2",15,"S3_blockperm","SierraLeone","child_iron","Dietary diversity",11,0.0601521156517527,0.881724146071331,-0.2800432395097,0.56471764117941,0.7988688582538
"admin2",15,"S3_blockperm","SierraLeone","child_iron","Ecosystem productivity/greenness",16,0.260661698270646,1.76820127017742,2.03578943982445,0.0409795102448776,0.380032206119163
"admin2",15,"S3_blockperm","SierraLeone","child_iron","Education, employment, SES",9,0.0683767819934435,2.06576655974211,2.13394261863139,0.039480259870065,0.380032206119163
"admin2",15,"S3_blockperm","SierraLeone","child_iron","Fertility, reproductive health",23,0.104305506107474,1.64118166306583,1.5204952283923,0.0984507746126937,0.380032206119163
"admin2",15,"S3_blockperm","SierraLeone","child_iron","Food fortification and supplementation",6,0.0491315758353291,0.488197925640177,-1.02684479665895,0.845077461269365,0.899077733860343
"admin2",15,"S3_blockperm","SierraLeone","child_iron","Healthcare access",6,0.155704583505506,1.16561485601383,0.32175594379014,0.331334332833583,0.686335403726708
"admin2",15,"S3_blockperm","SierraLeone","child_iron","Household assets and characteristics",12,0.057098458821083,1.43759880477206,1.13615230249029,0.11744127936032,0.380032206119163
"admin2",15,"S3_blockperm","SierraLeone","child_iron","Infant and child morbidity/mortality",37,0.0542547587287298,1.01842232258334,0.0621480712059663,0.396301849075462,0.710950080515298
"admin2",15,"S3_blockperm","SierraLeone","child_iron","Malaria incidence and treatment",23,0.0818415918518677,1.13194297179697,0.398391526577364,0.310344827586207,0.675254965110038
"admin2",15,"S3_blockperm","SierraLeone","child_iron","Ruralness, population density, built environment",9,0.0259639187658444,0.918653111570046,-0.118669902818668,0.44127936031984,0.710950080515298
"admin2",15,"S3_blockperm","SierraLeone","child_iron","Soil characteristics",45,0.0928815212638614,1.05446773389611,0.148155694851242,0.420289855072464,0.710950080515298
"admin2",15,"S3_blockperm","SierraLeone","child_iron","Water and sanitation",8,0.0279570525928747,0.581031331019667,-0.940776521037581,0.836581709145427,0.899077733860343
"admin2",15,"S3_blockperm","SierraLeone","women_iron","Adult and maternal mortality",9,0.142990674123897,1.90239201498053,0.993034079989607,0.147426286856572,0.502983802216539
"admin2",15,"S3_blockperm","SierraLeone","women_iron","Adult nutrition",9,0.0272707214515088,0.446183974115743,-1.03758163683594,0.886056971514243,1
"admin2",15,"S3_blockperm","SierraLeone","women_iron","Agricultural production, land use",91,0.140050244117489,2.40401349858455,2.83333374342985,0.0194902548725637,0.391304347826087
"admin2",15,"S3_blockperm","SierraLeone","women_iron","Built environment",13,0.178421827999006,2.61776308045698,2.86977306029789,0.0209895052473763,0.391304347826087
"admin2",15,"S3_blockperm","SierraLeone","women_iron","Climate and weather",41,0.112574537053409,2.10655283594007,2.21448809650748,0.04047976011994,0.391304347826087
"admin2",15,"S3_blockperm","SierraLeone","women_iron","Dietary diversity",11,0.0808590109671591,1.16680545343783,0.226350001894949,0.280359820089955,0.771739130434783
"admin2",15,"S3_blockperm","SierraLeone","women_iron","Ecosystem productivity/greenness",16,0.0649910840525393,1.70999454555392,1.2155445559085,0.111944027986007,0.492753623188406
"admin2",15,"S3_blockperm","SierraLeone","women_iron","Education, employment, SES",9,0.0695813790962323,1.124142396846,0.150336962377915,0.310844577711144,0.771739130434783
"admin2",15,"S3_blockperm","SierraLeone","women_iron","Fertility, reproductive health",23,0.0484343151591337,0.825006127730959,-0.427731928456609,0.604697651174413,0.973756365060713
"admin2",15,"S3_blockperm","SierraLeone","women_iron","Food fortification and supplementation",6,0.184284248565788,2.75752157826743,2.45767766522274,0.0289855072463768,0.391304347826087
"admin2",15,"S3_blockperm","SierraLeone","women_iron","Healthcare access",6,0.039951212122693,0.68863467733581,-0.463658320282238,0.614692653673163,0.973756365060713
"admin2",15,"S3_blockperm","SierraLeone","women_iron","Household assets and characteristics",12,0.122479999770545,2.05533729951255,1.56997454626912,0.0814592703648176,0.461133069828722
"admin2",15,"S3_blockperm","SierraLeone","women_iron","Infant and child morbidity/mortality",37,0.0529276974586748,0.927175204617153,-0.225933977125131,0.523738130934533,0.973756365060713
"admin2",15,"S3_blockperm","SierraLeone","women_iron","Malaria incidence and treatment",23,0.0577393642707753,1.30670737211145,0.53148306645525,0.244377811094453,0.745995423340961
"admin2",15,"S3_blockperm","SierraLeone","women_iron","Ruralness, population density, built environment",9,0.0423034115492986,0.606764419352205,-0.454673994685371,0.59320339830085,0.973756365060713
"admin2",15,"S3_blockperm","SierraLeone","women_iron","Soil characteristics",45,0.0920428505312026,1.73113919966547,1.60320609444436,0.087456271864068,0.461133069828722
"admin2",15,"S3_blockperm","SierraLeone","women_iron","Water and sanitation",8,0.0278150703265979,0.47289965366386,-1.06103160168132,0.900549725137431,1
"admin2",15,"S3_blockperm","SierraLeone","women_vitA","Adult and maternal mortality",9,0.0394280469708611,0.507647857455056,-0.551944997391596,0.649675162418791,0.849575212393803
"admin2",15,"S3_blockperm","SierraLeone","women_vitA","Adult nutrition",9,0.0340016743072738,0.540995566359914,-0.839735998692726,0.791104447776112,0.888491238251842
"admin2",15,"S3_blockperm","SierraLeone","women_vitA","Agricultural production, land use",91,0.0353104107405448,0.718870109453413,-0.654660604158951,0.719640179910045,0.873848789890769
"admin2",15,"S3_blockperm","SierraLeone","women_vitA","Built environment",13,0.0157028865990918,0.282807194991607,-1.20489726396022,0.983008495752124,0.983008495752124
"admin2",15,"S3_blockperm","SierraLeone","women_vitA","Climate and weather",41,0.0375797368603042,0.713992399709328,-0.615407166412358,0.697651174412794,0.873848789890769
"admin2",15,"S3_blockperm","SierraLeone","women_vitA","Dietary diversity",11,0.0668693805343372,0.889787811290881,-0.16228330801243,0.43728135932034,0.841079460269865
"admin2",15,"S3_blockperm","SierraLeone","women_vitA","Ecosystem productivity/greenness",16,0.00865141820390864,0.216616029087643,-1.16136119560154,0.964517741129435,0.983008495752124
"admin2",15,"S3_blockperm","SierraLeone","women_vitA","Education, employment, SES",9,0.100761759613511,1.81255152735088,1.15976299675847,0.112443778110945,0.567091454272864
"admin2",15,"S3_blockperm","SierraLeone","women_vitA","Fertility, reproductive health",23,0.073803919018107,1.3037845441027,0.706874787417802,0.240379810094953,0.681076128602366
"admin2",15,"S3_blockperm","SierraLeone","women_vitA","Food fortification and supplementation",6,0.066206486708492,1.05988535298892,0.0966699002021652,0.380809595202399,0.809220389805097
"admin2",15,"S3_blockperm","SierraLeone","women_vitA","Healthcare access",6,0.0635139646602557,1.10387270088728,0.125841484339695,0.32783608195902,0.809220389805097
"admin2",15,"S3_blockperm","SierraLeone","women_vitA","Household assets and characteristics",12,0.0389174873732365,0.693928916959331,-0.489799305768043,0.612193903048476,0.849575212393803
"admin2",15,"S3_blockperm","SierraLeone","women_vitA","Infant and child morbidity/mortality",37,0.0640644972186473,0.967288678543817,-0.0892161999252429,0.467266366816592,0.841079460269865
"admin2",15,"S3_blockperm","SierraLeone","women_vitA","Malaria incidence and treatment",23,0.0338560860010399,0.734289616886714,-0.465976853427713,0.580709645177411,0.849575212393803
"admin2",15,"S3_blockperm","SierraLeone","women_vitA","Ruralness, population density, built environment",9,0.081238179226662,1.40266467392549,0.51376108942051,0.226886556721639,0.681076128602366
"admin2",15,"S3_blockperm","SierraLeone","women_vitA","Soil characteristics",45,0.0493690025975576,0.923128730079638,-0.170155049342333,0.494752623688156,0.841079460269865
"admin2",15,"S3_blockperm","SierraLeone","women_vitA","Water and sanitation",8,0.0853007069126053,1.51534689523696,0.962576308854743,0.157421289355322,0.594702648675662
"admin1",0,"S0_none","Malawi","child_vitA","Adult and maternal mortality",9,0.0149535108056759,0.375566549548744,-0.871101014612519,0.83808095952024,0.83808095952024
"admin1",0,"S0_none","Malawi","child_vitA","Adult nutrition",9,0.0287215223670601,0.75887766648871,-0.477827966397831,0.63768115942029,0.701449275362319
"admin1",0,"S0_none","Malawi","child_vitA","Agricultural production, land use",92,0.0427225562812895,1.11534218018222,0.266580700475312,0.32583708145927,0.422677550113832
"admin1",0,"S0_none","Malawi","child_vitA","Built environment",12,0.0448940567533887,1.16631203516012,0.30153257575506,0.318340829585207,0.422677550113832
"admin1",0,"S0_none","Malawi","child_vitA","Climate and weather",41,0.0463407960493083,1.22513979809033,0.320987778861065,0.284357821089455,0.422677550113832
"admin1",0,"S0_none","Malawi","child_vitA","Dietary diversity",11,0.105435047280946,2.71290907803195,2.58072180871508,0.0294852573713143,0.157421289355322
"admin1",0,"S0_none","Malawi","child_vitA","Ecosystem productivity/greenness",16,0.0724900857179632,1.87391634624381,1.14759220660517,0.109945027486257,0.226761619190405
"admin1",0,"S0_none","Malawi","child_vitA","Education, employment, SES",9,0.0525455739732525,1.38882089511771,0.520132884260179,0.225887056471764,0.38095952023988
"admin1",0,"S0_none","Malawi","child_vitA","Fertility, reproductive health",23,0.0438809912972427,1.14528302862523,0.354487980872983,0.31384307846077,0.422677550113832
"admin1",0,"S0_none","Malawi","child_vitA","Food fortification and supplementation",6,0.055998732627639,1.39592294707079,0.547835074517489,0.230884557721139,0.38095952023988
"admin1",0,"S0_none","Malawi","child_vitA","Healthcare access",6,0.0380483791308413,0.982764840271657,-0.0179515177211487,0.345827086456772,0.422677550113832
"admin1",0,"S0_none","Malawi","child_vitA","Household assets and characteristics",12,0.0408450933085267,1.06621597071432,0.0953979511465358,0.335832083958021,0.422677550113832
"admin1",0,"S0_none","Malawi","child_vitA","Infant and child morbidity/mortality",37,0.0263083120434212,0.676096458823156,-0.88167671072104,0.808095952023988,0.833348950524738
"admin1",0,"S0_none","Malawi","child_vitA","Malaria incidence and treatment",23,0.057560114202296,1.47699884259461,0.890581512236676,0.173913043478261,0.337595907928389
"admin1",0,"S0_none","Malawi","child_vitA","Ruralness, population density, built environment",9,0.0573928584125707,1.47600005473709,0.458470333762756,0.209895052473763,0.38095952023988
"admin1",0,"S0_none","Malawi","child_vitA","Soil characteristics",45,0.0340380683017495,0.873483779896796,-0.246535494635393,0.509245377311344,0.600182051831227
"admin1",0,"S0_none","Malawi","child_vitA","Water and sanitation",8,0.0208108636631772,0.542171851469782,-0.760779750409327,0.768615692153923,0.818203801325144
"admin1",0,"S0_none","Malawi","child_zinc","Adult and maternal mortality",9,0.0722672312932514,1.84529441464933,1.20632651833218,0.115942028985507,0.792936864900883
"admin1",0,"S0_none","Malawi","child_zinc","Adult nutrition",9,0.0155512266511636,0.403448305546472,-1.15164398732798,0.920539730134933,0.962518740629685
"admin1",0,"S0_none","Malawi","child_zinc","Agricultural production, land use",92,0.032035400501304,0.827275679779492,-0.403832538065143,0.596701649175412,0.90847909378644
"admin1",0,"S0_none","Malawi","child_zinc","Built environment",12,0.060633572224329,1.58892916661864,1.08573980273247,0.139930034982509,0.792936864900883
"admin1",0,"S0_none","Malawi","child_zinc","Climate and weather",41,0.0229019596081931,0.604893088034575,-0.554939363552777,0.657171414292854,0.90847909378644
"admin1",0,"S0_none","Malawi","child_zinc","Dietary diversity",11,0.0195157381756496,0.513613763664079,-0.733383774021294,0.783608195902049,0.90847909378644
"admin1",0,"S0_none","Malawi","child_zinc","Ecosystem productivity/greenness",16,0.0463833194665198,1.20682797044447,0.267354273258652,0.267366316841579,0.897717807762785
"admin1",0,"S0_none","Malawi","child_zinc","Education, employment, SES",9,0.0154412852790047,0.396899204607464,-0.790826620875822,0.8015992003998,0.90847909378644
"admin1",0,"S0_none","Malawi","child_zinc","Fertility, reproductive health",23,0.0405858984652157,1.05578669889812,0.134664078862653,0.396301849075462,0.897717807762785
"admin1",0,"S0_none","Malawi","child_zinc","Food fortification and supplementation",6,0.0370759918702015,0.99000787829987,-0.0137118253176003,0.405297351324338,0.897717807762785
"admin1",0,"S0_none","Malawi","child_zinc","Healthcare access",6,0.0135982553497582,0.358062036118791,-0.644119326741299,0.741129435282359,0.90847909378644
"admin1",0,"S0_none","Malawi","child_zinc","Household assets and characteristics",12,0.0352833526440042,0.913944272264823,-0.126467367585736,0.438780609695152,0.897717807762785
"admin1",0,"S0_none","Malawi","child_zinc","Infant and child morbidity/mortality",37,0.0369529855282821,0.962134443960717,-0.10671942756071,0.475262368815592,0.897717807762785
"admin1",0,"S0_none","Malawi","child_zinc","Malaria incidence and treatment",23,0.0273357183177862,0.710053421593229,-0.551222624812834,0.660669665167416,0.90847909378644
"admin1",0,"S0_none","Malawi","child_zinc","Ruralness, population density, built environment",9,0.0833591072073523,2.17186760195493,1.12992008647058,0.107946026986507,0.792936864900883
"admin1",0,"S0_none","Malawi","child_zinc","Soil characteristics",45,0.0144774082653281,0.374285786828885,-1.26027414119363,0.962518740629685,0.962518740629685
"admin1",0,"S0_none","Malawi","child_zinc","Water and sanitation",8,0.0410417802105371,1.0547931763106,0.088302371841538,0.369315342328836,0.897717807762785
"admin1",0,"S0_none","Malawi","women_folate","Adult and maternal mortality",9,0.0147836118370191,0.387413420252068,-0.89425544799742,0.845577211394303,0.872001499250375
"admin1",0,"S0_none","Malawi","women_folate","Adult nutrition",9,0.0777920975558021,2.00930269895472,1.96931912769488,0.0524737631184408,0.288605697151424
"admin1",0,"S0_none","Malawi","women_folate","Agricultural production, land use",92,0.0815693492450011,2.11287888811675,2.56725763454119,0.0254872563718141,0.280359820089955
"admin1",0,"S0_none","Malawi","women_folate","Built environment",12,0.0676693282261003,1.77015975255369,1.46419947001086,0.0869565217391304,0.409937888198758
"admin1",0,"S0_none","Malawi","women_folate","Climate and weather",41,0.124127557039555,3.12855383769783,2.97463376715864,0.0139930034982509,0.280359820089955
"admin1",0,"S0_none","Malawi","women_folate","Dietary diversity",11,0.0319654714637449,0.836117553502613,-0.243295445047996,0.484757621189405,0.657964121387582
"admin1",0,"S0_none","Malawi","women_folate","Ecosystem productivity/greenness",16,0.0739491941815904,1.91451465581173,1.2185530808841,0.113943028485757,0.417791104447776
"admin1",0,"S0_none","Malawi","women_folate","Education, employment, SES",9,0.0478648346657529,1.25500586113347,0.322844293971229,0.270864567716142,0.561750374812594
"admin1",0,"S0_none","Malawi","women_folate","Fertility, reproductive health",23,0.0779914533375716,2.09586023808267,2.53973000331654,0.0229885057471264,0.280359820089955
"admin1",0,"S0_none","Malawi","women_folate","Food fortification and supplementation",6,0.0328192913304115,0.843288413823718,-0.215963324769324,0.487256371814093,0.657964121387582
"admin1",0,"S0_none","Malawi","women_folate","Healthcare access",6,0.0216403060914972,0.576204104881893,-0.43742616411315,0.573713143428286,0.657964121387582
"admin1",0,"S0_none","Malawi","women_folate","Household assets and characteristics",12,0.023388364318383,0.608220397950478,-0.552658621509177,0.662668665667166,0.705421482806984
"admin1",0,"S0_none","Malawi","women_folate","Infant and child morbidity/mortality",37,0.0182895802233347,0.472862332586294,-1.45029484127418,0.96551724137931,0.96551724137931
"admin1",0,"S0_none","Malawi","women_folate","Malaria incidence and treatment",23,0.0403891038851679,1.0437261810602,0.0800640579696866,0.379310344827586,0.657964121387582
"admin1",0,"S0_none","Malawi","women_folate","Ruralness, population density, built environment",9,0.0206234408091837,0.528261804018642,-0.45135976256179,0.555222388805597,0.657964121387582
"admin1",0,"S0_none","Malawi","women_folate","Soil characteristics",45,0.0639517823986191,1.63329112023519,1.28649037576736,0.108945527236382,0.417791104447776
"admin1",0,"S0_none","Malawi","women_folate","Water and sanitation",8,0.0344105459984191,0.888705665528047,-0.181527860495035,0.484757621189405,0.657964121387582
"admin1",0,"S0_none","Malawi","women_b12","Adult and maternal mortality",9,0.0633896941049939,1.64012332317092,0.900237520643685,0.156921539230385,0.432908545727136
"admin1",0,"S0_none","Malawi","women_b12","Adult nutrition",9,0.051111720250803,1.31126478819777,0.597464665434538,0.237381309345327,0.52223888055972
"admin1",0,"S0_none","Malawi","women_b12","Agricultural production, land use",92,0.0560450844235195,1.46360722274697,1.08397462557971,0.133933033483258,0.432908545727136
"admin1",0,"S0_none","Malawi","women_b12","Built environment",12,0.0679224756544888,1.77232164929751,1.44493488139686,0.0864567716141929,0.410232383808096
"admin1",0,"S0_none","Malawi","women_b12","Climate and weather",41,0.0942095080243318,2.46020563992085,2.11622689183609,0.0444777611194403,0.366941529235382
"admin1",0,"S0_none","Malawi","women_b12","Dietary diversity",11,0.0358482193287204,0.941980108391254,-0.0864708255911555,0.410294852573713,0.588425787106447
"admin1",0,"S0_none","Malawi","women_b12","Ecosystem productivity/greenness",16,0.0326204287146685,0.858863151386236,-0.182115619567112,0.431284357821089,0.588425787106447
"admin1",0,"S0_none","Malawi","women_b12","Education, employment, SES",9,0.00998135599719025,0.262020554148035,-0.923949928246171,0.911544227886057,0.911544227886057
"admin1",0,"S0_none","Malawi","women_b12","Fertility, reproductive health",23,0.0805388295049912,2.09204675587256,2.64322093767705,0.0144927536231884,0.159420289855072
"admin1",0,"S0_none","Malawi","women_b12","Food fortification and supplementation",6,0.0764541647607297,1.99500454745413,1.39940222102908,0.0989505247376312,0.410232383808096
"admin1",0,"S0_none","Malawi","women_b12","Healthcare access",6,0.0237523808378059,0.599889658184758,-0.416253295163194,0.544727636181909,0.691385076692423
"admin1",0,"S0_none","Malawi","women_b12","Household assets and characteristics",12,0.0441306168662446,1.13355929481685,0.181178901313338,0.302848575712144,0.587882529323573
"admin1",0,"S0_none","Malawi","women_b12","Infant and child morbidity/mortality",37,0.055982338252383,1.44021095458089,1.24367949951244,0.119940029985007,0.432908545727136
"admin1",0,"S0_none","Malawi","women_b12","Malaria incidence and treatment",23,0.0665916924878529,1.72718898019919,1.33806482655016,0.0994502748625687,0.410232383808096
"admin1",0,"S0_none","Malawi","women_b12","Ruralness, population density, built environment",9,0.0337933568995955,0.881059160525302,-0.117086295638194,0.385807096451774,0.588425787106447
"admin1",0,"S0_none","Malawi","women_b12","Soil characteristics",45,0.111410707768159,2.89951490068446,3.86654876939388,0.00499750124937531,0.159420289855072
"admin1",0,"S0_none","Malawi","women_b12","Water and sanitation",8,0.0262507777450305,0.691530603131159,-0.49937655708236,0.644677661169415,0.733598717882438
"admin1",0,"S0_none","Malawi","child_iron","Adult and maternal mortality",9,0.0136262954954417,0.357830859260085,-0.926043060240827,0.866566716641679,0.947026486756622
"admin1",0,"S0_none","Malawi","child_iron","Adult nutrition",9,0.0353854478255099,0.926869234302299,-0.144074115141711,0.480759620189905,0.622880867258678
"admin1",0,"S0_none","Malawi","child_iron","Agricultural production, land use",92,0.049449256563864,1.29984114688904,0.682842542935841,0.199400299850075,0.387071170297204
"admin1",0,"S0_none","Malawi","child_iron","Built environment",12,0.0438473621646736,1.11816531572359,0.208488900717649,0.351324337831084,0.579685157421289
"admin1",0,"S0_none","Malawi","child_iron","Climate and weather",41,0.0523125002423531,1.39245280468144,0.556119660584915,0.221389305347326,0.405880393136765
"admin1",0,"S0_none","Malawi","child_iron","Dietary diversity",11,0.0138766713572351,0.355135732449006,-0.954994296001633,0.913543228385807,0.947026486756622
"admin1",0,"S0_none","Malawi","child_iron","Ecosystem productivity/greenness",16,0.0159569966201892,0.407324928169576,-0.763195665406059,0.817091454272864,0.929793723827741
"admin1",0,"S0_none","Malawi","child_iron","Education, employment, SES",9,0.0168148315775612,0.43423531577577,-0.736709464373866,0.75512243878061,0.889965731420004
"admin1",0,"S0_none","Malawi","child_iron","Fertility, reproductive health",23,0.0175282947751199,0.455239699222901,-1.28250672842963,0.947026486756622,0.947026486756622
"admin1",0,"S0_none","Malawi","child_iron","Food fortification and supplementation",6,0.0358711190399889,0.920085836820096,-0.10778420080181,0.429785107446277,0.622880867258678
"admin1",0,"S0_none","Malawi","child_iron","Healthcare access",6,0.0272413104949576,0.712519880716639,-0.289761240120768,0.479260369815092,0.622880867258678
"admin1",0,"S0_none","Malawi","child_iron","Household assets and characteristics",12,0.0253648559872038,0.656507191768559,-0.490399839919842,0.626186906546727,0.765339552445999
"admin1",0,"S0_none","Malawi","child_iron","Infant and child morbidity/mortality",37,0.0635428450394242,1.65840979538528,1.87042981228662,0.0464767616191904,0.11797947180256
"admin1",0,"S0_none","Malawi","child_iron","Malaria incidence and treatment",23,0.0140076975745742,0.366649764644768,-1.15590486980108,0.926536731634183,0.947026486756622
"admin1",0,"S0_none","Malawi","child_iron","Ruralness, population density, built environment",9,0.0264759782989266,0.65283506937038,-0.326970246836391,0.477261369315342,0.622880867258678
"admin1",0,"S0_none","Malawi","child_iron","Soil characteristics",45,0.0425529611405389,1.11779344126721,0.243874961242456,0.32783608195902,0.56939951077093
"admin1",0,"S0_none","Malawi","child_iron","Water and sanitation",8,0.0380618878796588,1.00298995729521,0.00482174577264228,0.39880059970015,0.622880867258678
"admin1",0,"S0_none","Malawi","women_iron","Adult and maternal mortality",9,0.153864174344592,3.92860805056726,4.10678696887399,0.00349825087456272,0.11544227886057
"admin1",0,"S0_none","Malawi","women_iron","Adult nutrition",9,0.0614950918462785,1.60608154614077,1.22124229818633,0.122938530734633,0.266960269865067
"admin1",0,"S0_none","Malawi","women_iron","Agricultural production, land use",92,0.0476511817680779,1.21467240536052,0.50020124822809,0.253373313343328,0.386056971514243
"admin1",0,"S0_none","Malawi","women_iron","Built environment",12,0.0698083396820095,1.76478008186607,1.37620313742476,0.109945027486257,0.266960269865067
"admin1",0,"S0_none","Malawi","women_iron","Climate and weather",41,0.0914156236261933,2.37911856269027,2.05504550618681,0.0514742628685657,0.230884557721139
"admin1",0,"S0_none","Malawi","women_iron","Dietary diversity",11,0.0407715341389587,1.01909832688694,0.0281408671833254,0.36231884057971,0.478260869565217
"admin1",0,"S0_none","Malawi","women_iron","Ecosystem productivity/greenness",16,0.0456814664119397,1.12284744519766,0.161506367913607,0.312343828085957,0.445964517741129
"admin1",0,"S0_none","Malawi","women_iron","Education, employment, SES",9,0.0636115170845767,1.64689543086441,0.83730044165044,0.159420289855072,0.309462915601023
"admin1",0,"S0_none","Malawi","women_iron","Fertility, reproductive health",23,0.0670260669123751,1.73475572010474,1.75331033985034,0.0574712643678161,0.230884557721139
"admin1",0,"S0_none","Malawi","women_iron","Food fortification and supplementation",6,0.0578344295965843,1.49837979302861,0.691863960646639,0.182908545727136,0.317683263631342
"admin1",0,"S0_none","Malawi","women_iron","Healthcare access",6,0.024947867542857,0.640005953405749,-0.359251811058463,0.51424287856072,0.606071964017991
"admin1",0,"S0_none","Malawi","women_iron","Household assets and characteristics",12,0.0126340074907728,0.32292152359111,-0.952814103711339,0.906046976511744,0.934360944527736
"admin1",0,"S0_none","Malawi","women_iron","Infant and child morbidity/mortality",37,0.0540357577704717,1.39314322020487,1.11744974454193,0.128935532233883,0.266960269865067
"admin1",0,"S0_none","Malawi","women_iron","Malaria incidence and treatment",23,0.011198716517244,0.287550488007193,-1.3133741000053,0.968015992003998,0.968015992003998
"admin1",0,"S0_none","Malawi","women_iron","Ruralness, population density, built environment",9,0.0301521485782754,0.764889310447854,-0.229947312322194,0.433783108445777,0.550570868411948
"admin1",0,"S0_none","Malawi","women_iron","Soil characteristics",45,0.0719479914598418,1.85877470400933,1.77706716281317,0.0629685157421289,0.230884557721139
"admin1",0,"S0_none","Malawi","women_iron","Water and sanitation",8,0.0287927114115895,0.744195837953955,-0.429867649439444,0.598200899550225,0.658020989505247
"admin1",0,"S0_none","Malawi","women_vitA","Adult and maternal mortality",9,0.0169620348986157,0.446702360378852,-0.781552127889142,0.787106446776612,0.895672853228558
"admin1",0,"S0_none","Malawi","women_vitA","Adult nutrition",9,0.0321607735279483,0.832945406309732,-0.320292146837142,0.551224387806097,0.757933533233383
"admin1",0,"S0_none","Malawi","women_vitA","Agricultural production, land use",92,0.015006324106861,0.385590881531418,-1.42979274154462,0.982008995502249,0.982008995502249
"admin1",0,"S0_none","Malawi","women_vitA","Built environment",12,0.0260717727091183,0.67671227545785,-0.603555170743039,0.687156421789105,0.872160073809249
"admin1",0,"S0_none","Malawi","women_vitA","Climate and weather",41,0.076490130463492,1.96855241760065,1.36029115599492,0.0979510244877561,0.230884557721139
"admin1",0,"S0_none","Malawi","women_vitA","Dietary diversity",11,0.0137803794760668,0.367822506206176,-0.952664393684633,0.914042978510745,0.942606821589205
"admin1",0,"S0_none","Malawi","women_vitA","Ecosystem productivity/greenness",16,0.0334292600013465,0.84566560923165,-0.202336897045112,0.448275862068966,0.643178410794603
"admin1",0,"S0_none","Malawi","women_vitA","Education, employment, SES",9,0.0493983645333316,1.2452782032563,0.334327328598831,0.28335832083958,0.550048505159185
"admin1",0,"S0_none","Malawi","women_vitA","Fertility, reproductive health",23,0.0331092777507385,0.843303603774637,-0.380304646802065,0.594702648675662,0.785007496251874
"admin1",0,"S0_none","Malawi","women_vitA","Food fortification and supplementation",6,0.049378855321166,1.27652787260767,0.37081281261194,0.268865567216392,0.550048505159185
"admin1",0,"S0_none","Malawi","women_vitA","Healthcare access",6,0.00895575481002001,0.230734632715984,-0.767941370227115,0.873563218390805,0.92992213570634
"admin1",0,"S0_none","Malawi","women_vitA","Household assets and characteristics",12,0.0415180382574011,1.05241940537035,0.0745347952031571,0.344827586206897,0.598911070780399
"admin1",0,"S0_none","Malawi","women_vitA","Infant and child morbidity/mortality",37,0.0409601733141469,1.05400632705578,0.154525327019222,0.397301349325337,0.633433283358321
"admin1",0,"S0_none","Malawi","women_vitA","Malaria incidence and treatment",23,0.0245320665508715,0.624205390127074,-0.676927833173039,0.722138930534733,0.88261424843134
"admin1",0,"S0_none","Malawi","women_vitA","Ruralness, population density, built environment",9,0.0115644927245215,0.303295683218142,-0.678986582438573,0.784107946026987,0.895672853228558
"admin1",0,"S0_none","Malawi","women_vitA","Soil characteristics",45,0.0380508890808418,0.980579637826628,-0.0401644315896761,0.422288855572214,0.633433283358321
"admin1",0,"S0_none","Malawi","women_vitA","Water and sanitation",8,0.0386880352889947,0.992337623381509,-0.0126326756324373,0.421289355322339,0.633433283358321
"admin1",0,"S0_none","Malawi","women_zinc","Adult and maternal mortality",9,0.0268084358847236,0.719150761326983,-0.399184777179554,0.579210394802599,0.741129435282359
"admin1",0,"S0_none","Malawi","women_zinc","Adult nutrition",9,0.0328315687765073,0.861146596278697,-0.265826557186382,0.532233883058471,0.741129435282359
"admin1",0,"S0_none","Malawi","women_zinc","Agricultural production, land use",92,0.0408429629320384,1.05740920385415,0.129886944462438,0.362818590704648,0.741129435282359
"admin1",0,"S0_none","Malawi","women_zinc","Built environment",12,0.0328960966534066,0.857491029645792,-0.262760315243199,0.527736131934033,0.741129435282359
"admin1",0,"S0_none","Malawi","women_zinc","Climate and weather",41,0.0225825693831144,0.609456630269196,-0.549604031554715,0.64567716141929,0.741129435282359
"admin1",0,"S0_none","Malawi","women_zinc","Dietary diversity",11,0.0817832581175309,2.10777772291451,1.67435059162986,0.0679660169915042,0.71151924037981
"admin1",0,"S0_none","Malawi","women_zinc","Ecosystem productivity/greenness",16,0.0520969916230789,1.37618014531609,0.485735247828544,0.211894052973513,0.720439780109945
"admin1",0,"S0_none","Malawi","women_zinc","Education, employment, SES",9,0.0188385295606474,0.486144599314629,-0.638665507596973,0.725637181409295,0.741129435282359
"admin1",0,"S0_none","Malawi","women_zinc","Fertility, reproductive health",23,0.0532593283460208,1.39161816450149,0.951460084525136,0.155422288855572,0.71151924037981
"admin1",0,"S0_none","Malawi","women_zinc","Food fortification and supplementation",6,0.0184488929092818,0.485646506932,-0.709307562823189,0.741129435282359,0.741129435282359
"admin1",0,"S0_none","Malawi","women_zinc","Healthcare access",6,0.0177410026651105,0.462656466301944,-0.539830213227534,0.669165417291354,0.741129435282359
"admin1",0,"S0_none","Malawi","women_zinc","Household assets and characteristics",12,0.0227883640658454,0.589785160058466,-0.58148517618822,0.682658670664668,0.741129435282359
"admin1",0,"S0_none","Malawi","women_zinc","Infant and child morbidity/mortality",37,0.038053731282594,0.998487769532816,-0.00411050068656531,0.442278860569715,0.741129435282359
"admin1",0,"S0_none","Malawi","women_zinc","Malaria incidence and treatment",23,0.0571715722536704,1.51157844272811,0.936297104726769,0.164917541229385,0.71151924037981
"admin1",0,"S0_none","Malawi","women_zinc","Ruralness, population density, built environment",9,0.0729470534423332,1.82957651321449,0.795112375511966,0.167416291854073,0.71151924037981
"admin1",0,"S0_none","Malawi","women_zinc","Soil characteristics",45,0.0438713018822096,1.1313182640414,0.261339148608276,0.315342328835582,0.741129435282359
"admin1",0,"S0_none","Malawi","women_zinc","Water and sanitation",8,0.0473137555547496,1.2325335372611,0.376701087219863,0.284857571214393,0.741129435282359
"admin1",0,"S0_none","Ghana","women_iron","Adult nutrition",9,0.0864025755772705,1.30322593656989,0.59516510990807,0.23488255872064,0.386056971514243
"admin1",0,"S0_none","Ghana","women_iron","Agricultural production, land use",93,0.16658220471632,2.51221900610026,2.48872621234164,0.0344827586206897,0.227586206896552
"admin1",0,"S0_none","Ghana","women_iron","Built environment",12,0.182779184588483,2.77208717005799,3.0472763271966,0.0104947526236882,0.11544227886057
"admin1",0,"S0_none","Ghana","women_iron","Climate and weather",41,0.201525974259149,3.0652410440092,2.97823639556144,0.0204897551224388,0.16904047976012
"admin1",0,"S0_none","Ghana","women_iron","Dietary diversity",11,0.124344039012386,1.90951846148051,1.44837055797314,0.0944527736131934,0.263868065967017
"admin1",0,"S0_none","Ghana","women_iron","Ecosystem productivity/greenness",16,0.25116473598629,3.7609994694535,3.43084621107002,0.00999500249875063,0.11544227886057
"admin1",0,"S0_none","Ghana","women_iron","Education, employment, SES",9,0.0448019068157094,0.661239938440457,-0.392112241618258,0.538230884557721,0.612469627255338
"admin1",0,"S0_none","Ghana","women_iron","Fertility, reproductive health",23,0.0574706436911454,0.8565499811717,-0.220464177039213,0.465767116441779,0.569270920095508
"admin1",0,"S0_none","Ghana","women_iron","Food fortification and supplementation",6,0.0398640074458872,0.590127455705989,-0.654849226540145,0.707146426786607,0.752768776901872
"admin1",0,"S0_none","Ghana","women_iron","Healthcare access",6,0.107153168724416,1.61186825814168,0.72623012980217,0.169415292353823,0.310594702648676
"admin1",0,"S0_none","Ghana","women_iron","Household assets and characteristics",12,0.0853409956836301,1.28497444274636,0.352546166844017,0.257371314342829,0.386056971514243
"admin1",0,"S0_none","Ghana","women_iron","Infant and child morbidity/mortality",37,0.0934094183034099,1.41040345340828,1.15505987199782,0.129435282358821,0.266960269865067
"admin1",0,"S0_none","Ghana","women_iron","Malaria incidence and treatment",23,0.156529397343336,2.34468789869576,2.09896851493756,0.0414792603698151,0.228135932033983
"admin1",0,"S0_none","Ghana","women_iron","Ruralness, population density, built environment",9,0.0687432951601872,1.04056156738182,0.0344145953508122,0.324337831084458,0.445964517741129
"admin1",0,"S0_none","Ghana","women_iron","Soil characteristics",45,0.127188925409257,1.92863815314325,1.57575189323047,0.0789605197401299,0.260569715142429
"admin1",0,"S0_none","Ghana","women_iron","Water and sanitation",9,0.117592657716461,1.76827024481714,1.32713602921323,0.095952023988006,0.263868065967017
"admin1",0,"S0_none","Ghana","women_vitA","Adult nutrition",9,0.135663300278782,2.05280844297946,2.06995387261349,0.0414792603698151,0.124437781109445
"admin1",0,"S0_none","Ghana","women_vitA","Agricultural production, land use",93,0.236988065584262,3.53872566074392,4.1379734146855,0.00449775112443778,0.0742128935532234
"admin1",0,"S0_none","Ghana","women_vitA","Built environment",12,0.138868840503918,2.06856121740645,1.83457899747929,0.0614692653673163,0.162380348287395
"admin1",0,"S0_none","Ghana","women_vitA","Climate and weather",41,0.261561275218171,3.94393053396875,4.20337223477527,0.00449775112443778,0.0742128935532234
"admin1",0,"S0_none","Ghana","women_vitA","Dietary diversity",11,0.194489894441164,3.01381788765252,3.09958432239382,0.0164917541229385,0.0907046476761619
"admin1",0,"S0_none","Ghana","women_vitA","Ecosystem productivity/greenness",16,0.222859227848064,3.30245517395503,2.80337988042073,0.024487756121939,0.0971181076128602
"admin1",0,"S0_none","Ghana","women_vitA","Education, employment, SES",9,0.17044524625431,2.52073474397393,1.76470009800459,0.063968015992004,0.162380348287395
"admin1",0,"S0_none","Ghana","women_vitA","Fertility, reproductive health",23,0.182814095236734,2.70832435748647,2.67332873733564,0.023488255872064,0.0971181076128602
"admin1",0,"S0_none","Ghana","women_vitA","Food fortification and supplementation",6,0.0796518951376458,1.18483642415401,0.302251763590304,0.308345827086457,0.565300682991837
"admin1",0,"S0_none","Ghana","women_vitA","Healthcare access",6,0.120226814485438,1.85978400992988,1.01820689565332,0.132433783108446,0.291354322838581
"admin1",0,"S0_none","Ghana","women_vitA","Household assets and characteristics",12,0.191724240575829,2.8492728444472,2.27422063279731,0.0359820089955022,0.118740629685157
"admin1",0,"S0_none","Ghana","women_vitA","Infant and child morbidity/mortality",37,0.130802720753535,1.97500239563884,2.68351655840117,0.0164917541229385,0.0907046476761619
"admin1",0,"S0_none","Ghana","women_vitA","Malaria incidence and treatment",23,0.198175312271579,2.9572031831523,3.00847098574917,0.0144927536231884,0.0907046476761619
"admin1",0,"S0_none","Ghana","women_vitA","Ruralness, population density, built environment",9,0.0072924255898399,0.106258736951813,-0.77109007342748,0.863068465767116,0.92992213570634
"admin1",0,"S0_none","Ghana","women_vitA","Soil characteristics",45,0.203916258523621,3.06422310657298,3.46689206231528,0.0134932533733133,0.0907046476761619
"admin1",0,"S0_none","Ghana","women_vitA","Water and sanitation",9,0.166046261326156,2.47569356152354,2.52905040285677,0.0264867566216892,0.0971181076128602
"admin1",0,"S0_none","Ghana","women_folate","Adult nutrition",9,0.133099945662352,1.98203647225404,1.93137892627714,0.0494752623688156,0.288605697151424
"admin1",0,"S0_none","Ghana","women_folate","Agricultural production, land use",93,0.101286534645433,1.53667481070363,0.868553740282181,0.161419290354823,0.532683658170914
"admin1",0,"S0_none","Ghana","women_folate","Built environment",12,0.143324476996072,2.19215938008217,1.96471272535617,0.0474762618690655,0.288605697151424
"admin1",0,"S0_none","Ghana","women_folate","Climate and weather",41,0.0499359010744032,0.750432199377081,-0.355442203776613,0.540729635182409,0.657964121387582
"admin1",0,"S0_none","Ghana","women_folate","Dietary diversity",11,0.0542237695403283,0.83122350698011,-0.253184539443866,0.497751124437781,0.657964121387582
"admin1",0,"S0_none","Ghana","women_folate","Ecosystem productivity/greenness",16,0.0393316341841529,0.600109662255334,-0.492439673900969,0.607196401799101,0.667916041979011
"admin1",0,"S0_none","Ghana","women_folate","Education, employment, SES",9,0.0395195456660532,0.617848343880954,-0.455341247679905,0.578210894552724,0.657964121387582
"admin1",0,"S0_none","Ghana","women_folate","Fertility, reproductive health",23,0.0873071281479437,1.35884416865448,0.56496511877394,0.214892553723138,0.545496482527967
"admin1",0,"S0_none","Ghana","women_folate","Food fortification and supplementation",6,0.100302810457313,1.47725474204741,0.772299528532874,0.195902048975512,0.538730634682659
"admin1",0,"S0_none","Ghana","women_folate","Healthcare access",6,0.102650585240263,1.51788712764103,0.634602497571078,0.1944027986007,0.538730634682659
"admin1",0,"S0_none","Ghana","women_folate","Household assets and characteristics",12,0.0480996789694875,0.746587425001822,-0.31377671748846,0.490754622688656,0.657964121387582
"admin1",0,"S0_none","Ghana","women_folate","Infant and child morbidity/mortality",37,0.067323772074322,1.01018437163028,0.0281851744748972,0.425287356321839,0.657964121387582
"admin1",0,"S0_none","Ghana","women_folate","Malaria incidence and treatment",23,0.0486123415882768,0.743196196725052,-0.395317975477284,0.561719140429785,0.657964121387582
"admin1",0,"S0_none","Ghana","women_folate","Ruralness, population density, built environment",9,0.0744156246937239,1.18205170187489,0.153116071391524,0.291354322838581,0.565570156098421
"admin1",0,"S0_none","Ghana","women_folate","Soil characteristics",45,0.0799431299813697,1.20626092470884,0.348263843854886,0.272363818090955,0.561750374812594
"admin1",0,"S0_none","Ghana","women_folate","Water and sanitation",9,0.0857961781297847,1.31707142421023,0.556090486534276,0.23688155922039,0.558363675305205
"admin1",0,"S0_none","Ghana","women_b12","Adult nutrition",9,0.0905906850154524,1.33624880797685,0.6915900841446,0.225387306346827,0.52223888055972
"admin1",0,"S0_none","Ghana","women_b12","Agricultural production, land use",93,0.0779136932101772,1.16174553055467,0.261459659660218,0.288855572213893,0.587882529323573
"admin1",0,"S0_none","Ghana","women_b12","Built environment",12,0.0425295319911124,0.637749885854556,-0.606201823845262,0.689655172413793,0.758620689655172
"admin1",0,"S0_none","Ghana","women_b12","Climate and weather",41,0.0459527371205539,0.67907234509045,-0.455703121954016,0.594702648675662,0.726858792825809
"admin1",0,"S0_none","Ghana","women_b12","Dietary diversity",11,0.0439369262966869,0.668307186269545,-0.505336410012663,0.634682658670665,0.733598717882438
"admin1",0,"S0_none","Ghana","women_b12","Ecosystem productivity/greenness",16,0.0266003441534798,0.392608196521169,-0.729661381315199,0.780109945027486,0.830439618900227
"admin1",0,"S0_none","Ghana","women_b12","Education, employment, SES",9,0.16855315650172,2.48939653303288,1.7819223415289,0.0634682658670665,0.410232383808096
"admin1",0,"S0_none","Ghana","women_b12","Fertility, reproductive health",23,0.0939131557772145,1.38806076882982,0.61153640393521,0.196901549225387,0.499827009572137
"admin1",0,"S0_none","Ghana","women_b12","Food fortification and supplementation",6,0.105025778149532,1.57063298214966,0.947791629996982,0.157421289355322,0.432908545727136
"admin1",0,"S0_none","Ghana","women_b12","Healthcare access",6,0.249575707710958,3.80975517688255,3.40661785883844,0.0124937531234383,0.159420289855072
"admin1",0,"S0_none","Ghana","women_b12","Household assets and characteristics",12,0.0550831878476501,0.830952331052257,-0.204692354526881,0.445777111444278,0.588425787106447
"admin1",0,"S0_none","Ghana","women_b12","Infant and child morbidity/mortality",37,0.0430038699380457,0.640840769567357,-0.963542014689852,0.845077461269365,0.871486131934033
"admin1",0,"S0_none","Ghana","women_b12","Malaria incidence and treatment",23,0.0692043353420931,1.02005028320794,0.0311592085741679,0.3928035982009,0.588425787106447
"admin1",0,"S0_none","Ghana","women_b12","Ruralness, population density, built environment",9,0.0587212450611458,0.894873210840759,-0.0868020990062703,0.363818090954523,0.588425787106447
"admin1",0,"S0_none","Ghana","women_b12","Soil characteristics",45,0.0655427529559156,0.971904435083852,-0.0475854208865115,0.40279860069965,0.588425787106447
"admin1",0,"S0_none","Ghana","women_b12","Water and sanitation",9,0.067693040945528,1.0084049441419,0.0145692634616841,0.397301349325337,0.588425787106447
"admin1",0,"S0_none","Ghana","child_iron","Adult nutrition",9,0.166233792229361,2.53486897487819,3.03001792857372,0.0124937531234383,0.0742128935532234
"admin1",0,"S0_none","Ghana","child_iron","Agricultural production, land use",93,0.275150366695784,4.09872925585019,5.18680450615929,0.00199900049975012,0.0219890054972514
"admin1",0,"S0_none","Ghana","child_iron","Built environment",12,0.15373727295062,2.29421337709078,2.15265076388981,0.0364817591204398,0.1071964017991
"admin1",0,"S0_none","Ghana","child_iron","Climate and weather",41,0.302605442943433,4.51484988365214,5.15850830737423,0.00149925037481259,0.0219890054972514
"admin1",0,"S0_none","Ghana","child_iron","Dietary diversity",11,0.17061697535572,2.63266459338722,2.48033961984808,0.0259870064967516,0.0952856904880893
"admin1",0,"S0_none","Ghana","child_iron","Ecosystem productivity/greenness",16,0.195186092740098,2.84209593480792,2.33365901335877,0.0369815092453773,0.1071964017991
"admin1",0,"S0_none","Ghana","child_iron","Education, employment, SES",9,0.208696353345643,3.13028740291605,2.45384248726432,0.0389805097451274,0.1071964017991
"admin1",0,"S0_none","Ghana","child_iron","Fertility, reproductive health",23,0.13521754653875,2.04134388133458,1.59536414915971,0.072463768115942,0.159420289855072
"admin1",0,"S0_none","Ghana","child_iron","Food fortification and supplementation",6,0.120996649483088,1.82225844043432,1.361301340793,0.0994502748625687,0.205116191904048
"admin1",0,"S0_none","Ghana","child_iron","Healthcare access",6,0.26588736268525,4.14770343325005,3.66424751060272,0.0134932533733133,0.0742128935532234
"admin1",0,"S0_none","Ghana","child_iron","Household assets and characteristics",12,0.169128613872543,2.5205104033769,1.9154715280904,0.0614692653673163,0.144891839794389
"admin1",0,"S0_none","Ghana","child_iron","Infant and child morbidity/mortality",37,0.128004447056026,1.94075207306759,2.55906009805914,0.0199900049975013,0.0824587706146927
"admin1",0,"S0_none","Ghana","child_iron","Malaria incidence and treatment",23,0.239917993888129,3.55616015226795,4.04666926456081,0.00299850074962519,0.0247376311844078
"admin1",0,"S0_none","Ghana","child_iron","Ruralness, population density, built environment",9,0.0353109713314257,0.53205494562543,-0.383292603476797,0.490754622688656,0.622880867258678
"admin1",0,"S0_none","Ghana","child_iron","Soil characteristics",45,0.286887747116214,4.29911738105673,5.68975070725026,0.00149925037481259,0.0219890054972514
"admin1",0,"S0_none","Ghana","child_iron","Water and sanitation",9,0.172256999343007,2.60182722870718,2.76617236482816,0.0199900049975013,0.0824587706146927
"admin1",0,"S0_none","Ghana","child_vitA","Adult nutrition",9,0.138886053121165,2.07607113780785,2.10447728361552,0.04047976011994,0.157421289355322
"admin1",0,"S0_none","Ghana","child_vitA","Agricultural production, land use",93,0.178241187785507,2.66930692124554,2.76861572166524,0.0214892553723138,0.157421289355322
"admin1",0,"S0_none","Ghana","child_vitA","Built environment",12,0.121572238795088,1.82949503061094,1.41122650099598,0.0969515242378811,0.213293353323338
"admin1",0,"S0_none","Ghana","child_vitA","Climate and weather",41,0.186472134139025,2.8237221684262,2.65781952599942,0.0254872563718141,0.157421289355322
"admin1",0,"S0_none","Ghana","child_vitA","Dietary diversity",11,0.130078998676523,2.00770986124122,1.57248876800813,0.0759620189905048,0.179053330477618
"admin1",0,"S0_none","Ghana","child_vitA","Ecosystem productivity/greenness",16,0.1807894673972,2.70099776050316,2.15730533452678,0.0464767616191904,0.157421289355322
"admin1",0,"S0_none","Ghana","child_vitA","Education, employment, SES",9,0.197962329459718,2.91096032586218,2.18612407902721,0.0429785107446277,0.157421289355322
"admin1",0,"S0_none","Ghana","child_vitA","Fertility, reproductive health",23,0.155246370787231,2.30508124289835,1.94842628505176,0.0524737631184408,0.157421289355322
"admin1",0,"S0_none","Ghana","child_vitA","Food fortification and supplementation",6,0.0827256072563926,1.22857618959621,0.367345386733571,0.293353323338331,0.422677550113832
"admin1",0,"S0_none","Ghana","child_vitA","Healthcare access",6,0.244754683931272,3.75185817213117,3.24150860675503,0.0194902548725637,0.157421289355322
"admin1",0,"S0_none","Ghana","child_vitA","Household assets and characteristics",12,0.176538641126007,2.61012982775888,1.94898832345224,0.0514742628685657,0.157421289355322
"admin1",0,"S0_none","Ghana","child_vitA","Infant and child morbidity/mortality",37,0.106377769785682,1.60665859115994,1.63901091777885,0.0694652673663168,0.176334909468343
"admin1",0,"S0_none","Ghana","child_vitA","Malaria incidence and treatment",23,0.144941428844193,2.15658027108756,1.82101578335652,0.0659670164917541,0.176334909468343
"admin1",0,"S0_none","Ghana","child_vitA","Ruralness, population density, built environment",9,0.0235860196071195,0.347781641160432,-0.559806441987515,0.614692653673163,0.699477847283255
"admin1",0,"S0_none","Ghana","child_vitA","Soil characteristics",45,0.145043016101176,2.17953723848018,2.04136145709279,0.0494752623688156,0.157421289355322
"admin1",0,"S0_none","Ghana","child_vitA","Water and sanitation",9,0.157213166626618,2.32310800806515,2.22861006495728,0.0334832583708146,0.157421289355322
"admin1",0,"S1_latlon","Malawi","child_vitA","Adult and maternal mortality",9,0.0224222231827239,0.567378313953564,-0.569487152978974,0.674662668665667,0.742128935532234
"admin1",0,"S1_latlon","Malawi","child_vitA","Adult nutrition",9,0.0425423015400891,1.12370608890031,0.255456315048275,0.339830084957521,0.56071964017991
"admin1",0,"S1_latlon","Malawi","child_vitA","Agricultural production, land use",92,0.0592578202802851,1.55814166178646,1.39593273433185,0.095952023988006,0.514778325123153
"admin1",0,"S1_latlon","Malawi","child_vitA","Built environment",12,0.0448997935362535,1.17357587201156,0.311958793891975,0.317341329335332,0.551171782529788
"admin1",0,"S1_latlon","Malawi","child_vitA","Climate and weather",41,0.0466614192177505,1.2375526123821,0.345014881351557,0.259870064967516,0.531616544668842
"admin1",0,"S1_latlon","Malawi","child_vitA","Dietary diversity",11,0.112085120306762,2.88862823096421,2.92037986591003,0.0194902548725637,0.514778325123153
"admin1",0,"S1_latlon","Malawi","child_vitA","Ecosystem productivity/greenness",16,0.101691120959839,2.63260054261929,2.00292955213415,0.0454772613693153,0.514778325123153
"admin1",0,"S1_latlon","Malawi","child_vitA","Education, employment, SES",9,0.0615876282602894,1.6299346105215,0.819160680916106,0.164417791104448,0.514778325123153
"admin1",0,"S1_latlon","Malawi","child_vitA","Fertility, reproductive health",23,0.0342186380357408,0.892747834551559,-0.260103205166667,0.529735132433783,0.742128935532234
"admin1",0,"S1_latlon","Malawi","child_vitA","Food fortification and supplementation",6,0.0637399770867194,1.58695670016848,0.821351548576174,0.175912043978011,0.514778325123153
"admin1",0,"S1_latlon","Malawi","child_vitA","Healthcare access",6,0.0560487146671831,1.45314272999899,0.472084212289104,0.213393303348326,0.514778325123153
"admin1",0,"S1_latlon","Malawi","child_vitA","Household assets and characteristics",12,0.0654301999427646,1.71117678012626,0.964181090673943,0.128935532233883,0.514778325123153
"admin1",0,"S1_latlon","Malawi","child_vitA","Infant and child morbidity/mortality",37,0.0315637547724743,0.81561394698715,-0.491519176787095,0.634682658670665,0.742128935532234
"admin1",0,"S1_latlon","Malawi","child_vitA","Malaria incidence and treatment",23,0.0775347264086498,1.99188406410319,1.79589097870489,0.0599700149925037,0.514778325123153
"admin1",0,"S1_latlon","Malawi","child_vitA","Ruralness, population density, built environment",9,0.0841951718678057,2.1719529687345,1.10849759458169,0.11544227886057,0.514778325123153
"admin1",0,"S1_latlon","Malawi","child_vitA","Soil characteristics",45,0.0643442118276057,1.65287599484077,1.55925110382069,0.0734632683658171,0.514778325123153
"admin1",0,"S1_latlon","Malawi","child_vitA","Water and sanitation",8,0.0259211669062045,0.667235313022751,-0.557347098129333,0.669165417291354,0.742128935532234
"admin1",0,"S1_latlon","Malawi","child_zinc","Adult and maternal mortality",9,0.0683994323957964,1.73883746546717,0.968472905997339,0.143928035982009,0.637181409295352
"admin1",0,"S1_latlon","Malawi","child_zinc","Adult nutrition",9,0.0361324110349428,0.933379064092336,-0.140933073371908,0.488255872063968,0.641756045054396
"admin1",0,"S1_latlon","Malawi","child_zinc","Agricultural production, land use",92,0.0359967402629495,0.931086484906661,-0.176827350132237,0.490754622688656,0.641756045054396
"admin1",0,"S1_latlon","Malawi","child_zinc","Built environment",12,0.0764272485199628,2.02375403098253,1.84987745556728,0.0584707646176912,0.637181409295352
"admin1",0,"S1_latlon","Malawi","child_zinc","Climate and weather",41,0.0643905371127337,1.66229028851305,0.972210636851502,0.140429785107446,0.637181409295352
"admin1",0,"S1_latlon","Malawi","child_zinc","Dietary diversity",11,0.0370022836788458,0.967502986596012,-0.0496705222080734,0.390304847576212,0.637181409295352
"admin1",0,"S1_latlon","Malawi","child_zinc","Ecosystem productivity/greenness",16,0.0415072693649465,1.07613876863938,0.0934992067147214,0.314842578710645,0.637181409295352
"admin1",0,"S1_latlon","Malawi","child_zinc","Education, employment, SES",9,0.0426529629224338,1.1178573775975,0.155264643900995,0.329835082458771,0.637181409295352
"admin1",0,"S1_latlon","Malawi","child_zinc","Fertility, reproductive health",23,0.0480103089533157,1.25180654659164,0.614556481159929,0.239880059970015,0.637181409295352
"admin1",0,"S1_latlon","Malawi","child_zinc","Food fortification and supplementation",6,0.0471081727755959,1.25162877852818,0.354196262392844,0.278360819590205,0.637181409295352
"admin1",0,"S1_latlon","Malawi","child_zinc","Healthcare access",6,0.0154047535342306,0.408133505352463,-0.602430476385302,0.699650174912544,0.743378310844578
"admin1",0,"S1_latlon","Malawi","child_zinc","Household assets and characteristics",12,0.0242167736824436,0.626791561532999,-0.524314163633097,0.642678660669665,0.743378310844578
"admin1",0,"S1_latlon","Malawi","child_zinc","Infant and child morbidity/mortality",37,0.0398761946409733,1.037892340471,0.103040075325128,0.410294852573713,0.637181409295352
"admin1",0,"S1_latlon","Malawi","child_zinc","Malaria incidence and treatment",23,0.0172888584315207,0.450268084054096,-1.00713959397231,0.88255872063968,0.88255872063968
"admin1",0,"S1_latlon","Malawi","child_zinc","Ruralness, population density, built environment",9,0.0548652937027333,1.47262291871236,0.446852877311915,0.212893553223388,0.637181409295352
"admin1",0,"S1_latlon","Malawi","child_zinc","Soil characteristics",45,0.0291499707915484,0.754474171299804,-0.590411285574719,0.68215892053973,0.743378310844578
"admin1",0,"S1_latlon","Malawi","child_zinc","Water and sanitation",8,0.039010606746454,0.993711071555782,-0.0102362785898972,0.412293853073463,0.637181409295352
"admin1",0,"S1_latlon","Malawi","women_folate","Adult and maternal mortality",9,0.0124093971782275,0.328908614061575,-0.903673006586489,0.868565717141429,0.895708395802099
"admin1",0,"S1_latlon","Malawi","women_folate","Adult nutrition",9,0.0786638090331552,2.06080055114416,2.20155247641258,0.0339830084957521,0.160205611479974
"admin1",0,"S1_latlon","Malawi","women_folate","Agricultural production, land use",92,0.0930491810189562,2.43990735668276,3.66142881167279,0.00599700149925037,0.0989505247376312
"admin1",0,"S1_latlon","Malawi","women_folate","Built environment",12,0.0751353161239681,1.9800386597651,1.78412206577444,0.0584707646176912,0.182908545727136
"admin1",0,"S1_latlon","Malawi","women_folate","Climate and weather",41,0.150990081102892,3.88093896252879,4.03014890526566,0.0079960019990005,0.0989505247376312
"admin1",0,"S1_latlon","Malawi","women_folate","Dietary diversity",11,0.039717893182396,1.0375513192285,0.0556972649187459,0.350824587706147,0.471664167916042
"admin1",0,"S1_latlon","Malawi","women_folate","Ecosystem productivity/greenness",16,0.0901405420030566,2.35243294505464,1.66330900354828,0.0694652673663168,0.191029485257371
"admin1",0,"S1_latlon","Malawi","women_folate","Education, employment, SES",9,0.0435156539177139,1.14819507388926,0.187916016800314,0.302348825587206,0.453164721986833
"admin1",0,"S1_latlon","Malawi","women_folate","Fertility, reproductive health",23,0.0856846308250578,2.30962202881182,3.00560597529269,0.00899550224887556,0.0989505247376312
"admin1",0,"S1_latlon","Malawi","women_folate","Food fortification and supplementation",6,0.0326381602301492,0.83629929356118,-0.229315572802806,0.484757621189405,0.567543814299747
"admin1",0,"S1_latlon","Malawi","women_folate","Healthcare access",6,0.0303687349150383,0.802619666364915,-0.211405192953929,0.432283858070965,0.548667973705455
"admin1",0,"S1_latlon","Malawi","women_folate","Household assets and characteristics",12,0.0390732060442916,1.01915256026394,0.0261279156789801,0.357321339330335,0.471664167916042
"admin1",0,"S1_latlon","Malawi","women_folate","Infant and child morbidity/mortality",37,0.0194319488563985,0.505549933638999,-1.32831792688763,0.947026486756622,0.947026486756622
"admin1",0,"S1_latlon","Malawi","women_folate","Malaria incidence and treatment",23,0.0549328357877537,1.43058286326103,0.793354956700298,0.182408795602199,0.354087662051327
"admin1",0,"S1_latlon","Malawi","women_folate","Ruralness, population density, built environment",9,0.0420224046731396,1.08033167984767,0.0774946191846137,0.307346326836582,0.453164721986833
"admin1",0,"S1_latlon","Malawi","women_folate","Soil characteristics",45,0.0840224400303544,2.16911337240628,2.78598639653527,0.0139930034982509,0.102248875562219
"admin1",0,"S1_latlon","Malawi","women_folate","Water and sanitation",8,0.0348975205288989,0.912261782299387,-0.145294318542136,0.465767116441779,0.567543814299747
"admin1",0,"S1_latlon","Malawi","women_b12","Adult and maternal mortality",9,0.0468393484582965,1.22726964416656,0.301700021046197,0.281859070464768,0.725637181409295
"admin1",0,"S1_latlon","Malawi","women_b12","Adult nutrition",9,0.0412557927872395,1.06937298767423,0.13826769476741,0.378310844577711,0.779962959696622
"admin1",0,"S1_latlon","Malawi","women_b12","Agricultural production, land use",92,0.0371325871533786,0.965142324687641,-0.0889619128230978,0.455272363818091,0.80359820089955
"admin1",0,"S1_latlon","Malawi","women_b12","Built environment",12,0.0511755972900926,1.33790836698286,0.613254075054039,0.23888055972014,0.71664167916042
"admin1",0,"S1_latlon","Malawi","women_b12","Climate and weather",41,0.0145155340012997,0.380574211737104,-0.911128452390229,0.884057971014493,0.957053731198917
"admin1",0,"S1_latlon","Malawi","women_b12","Dietary diversity",11,0.0235066106147183,0.618694942244696,-0.591057481787159,0.704147926036982,0.918651785218502
"admin1",0,"S1_latlon","Malawi","women_b12","Ecosystem productivity/greenness",16,0.0399217458173435,1.04742012211182,0.0602598951191602,0.326336831584208,0.725637181409295
"admin1",0,"S1_latlon","Malawi","women_b12","Education, employment, SES",9,0.0177836893898048,0.4673635719277,-0.697322078036336,0.737631184407796,0.918651785218502
"admin1",0,"S1_latlon","Malawi","women_b12","Fertility, reproductive health",23,0.0977879075784883,2.54431424865957,3.71716763283999,0.00349825087456272,0.11544227886057
"admin1",0,"S1_latlon","Malawi","women_b12","Food fortification and supplementation",6,0.0686118079380836,1.78040734012325,1.13286812288333,0.123938030984508,0.579272863568216
"admin1",0,"S1_latlon","Malawi","women_b12","Healthcare access",6,0.0824557062432982,2.13745852740885,1.15243640526061,0.111944027986007,0.579272863568216
"admin1",0,"S1_latlon","Malawi","women_b12","Household assets and characteristics",12,0.024417642543586,0.633374575673228,-0.505312962015199,0.650174912543728,0.893990504747626
"admin1",0,"S1_latlon","Malawi","women_b12","Infant and child morbidity/mortality",37,0.0584333090772401,1.5280669040717,1.4187205679606,0.0924537731134433,0.579272863568216
"admin1",0,"S1_latlon","Malawi","women_b12","Malaria incidence and treatment",23,0.044526025537355,1.16187259819883,0.307007761895267,0.31784107946027,0.725637181409295
"admin1",0,"S1_latlon","Malawi","women_b12","Ruralness, population density, built environment",9,0.0761949728322784,1.97473216085029,0.964025279692505,0.140429785107446,0.579272863568216
"admin1",0,"S1_latlon","Malawi","women_b12","Soil characteristics",45,0.032040505480976,0.833839130903428,-0.378397077694096,0.580709645177411,0.833192099602373
"admin1",0,"S1_latlon","Malawi","women_b12","Water and sanitation",8,0.0552167876244731,1.42023428829829,0.696803404821498,0.201399300349825,0.664617691154423
"admin1",0,"S1_latlon","Malawi","child_iron","Adult and maternal mortality",9,0.0147334138508903,0.389401623544465,-0.804014655618288,0.816591704147926,0.898250874562719
"admin1",0,"S1_latlon","Malawi","child_iron","Adult nutrition",9,0.0409930450321893,1.06299729237197,0.128572555751362,0.390304847576212,0.703148425787106
"admin1",0,"S1_latlon","Malawi","child_iron","Agricultural production, land use",92,0.052429920030202,1.35985813298294,0.887568199687303,0.16191904047976,0.703148425787106
"admin1",0,"S1_latlon","Malawi","child_iron","Built environment",12,0.0299856625975542,0.762208522477123,-0.415255081740769,0.592203898050975,0.723804764284524
"admin1",0,"S1_latlon","Malawi","child_iron","Climate and weather",41,0.0397546774243364,1.04617352234695,0.0646850415012135,0.351824087956022,0.703148425787106
"admin1",0,"S1_latlon","Malawi","child_iron","Dietary diversity",11,0.0118524897458661,0.300230338394841,-1.10843474087857,0.952023988005997,0.954022988505747
"admin1",0,"S1_latlon","Malawi","child_iron","Ecosystem productivity/greenness",16,0.0116175496179718,0.295745162274599,-0.873207391012639,0.911044477761119,0.954022988505747
"admin1",0,"S1_latlon","Malawi","child_iron","Education, employment, SES",9,0.0423037087531773,1.0681603464253,0.086004136108542,0.350324837581209,0.703148425787106
"admin1",0,"S1_latlon","Malawi","child_iron","Fertility, reproductive health",23,0.0167448000550053,0.42867832484219,-1.35501281561849,0.954022988505747,0.954022988505747
"admin1",0,"S1_latlon","Malawi","child_iron","Food fortification and supplementation",6,0.0198274606388797,0.508650044945359,-0.657507461503166,0.72463768115942,0.824587706146927
"admin1",0,"S1_latlon","Malawi","child_iron","Healthcare access",6,0.0311776388228089,0.811896770909585,-0.195425829343991,0.427786106946527,0.703148425787106
"admin1",0,"S1_latlon","Malawi","child_iron","Household assets and characteristics",12,0.0275251685061094,0.709888065135779,-0.390474141775131,0.572213893053473,0.723804764284524
"admin1",0,"S1_latlon","Malawi","child_iron","Infant and child morbidity/mortality",37,0.0575070221291632,1.48696244463819,1.31430673269851,0.0989505247376312,0.544227886056972
"admin1",0,"S1_latlon","Malawi","child_iron","Malaria incidence and treatment",23,0.033321460830254,0.87331400383252,-0.23393829050665,0.517741129435282,0.723804764284524
"admin1",0,"S1_latlon","Malawi","child_iron","Ruralness, population density, built environment",9,0.0291299805123887,0.741876658096613,-0.243445193514327,0.44527736131934,0.703148425787106
"admin1",0,"S1_latlon","Malawi","child_iron","Soil characteristics",45,0.0397961678951596,1.04694748707287,0.110235381826586,0.370814592703648,0.703148425787106
"admin1",0,"S1_latlon","Malawi","child_iron","Water and sanitation",8,0.043952092856896,1.15452807359005,0.262498805776374,0.31584207896052,0.703148425787106
"admin1",0,"S1_latlon","Malawi","women_iron","Adult and maternal mortality",9,0.214686627501454,5.45070648094047,5.70769912701549,0.00199900049975012,0.0329835082458771
"admin1",0,"S1_latlon","Malawi","women_iron","Adult nutrition",9,0.0535527716314834,1.3983658896237,0.838876135623604,0.186406796601699,0.473186483681236
"admin1",0,"S1_latlon","Malawi","women_iron","Agricultural production, land use",92,0.0433470646000006,1.10973835702556,0.277514415528061,0.330334832583708,0.473958672837494
"admin1",0,"S1_latlon","Malawi","women_iron","Built environment",12,0.0423512210169783,1.08880293531465,0.159890288549023,0.35632183908046,0.489942528735632
"admin1",0,"S1_latlon","Malawi","women_iron","Climate and weather",41,0.0487624346614452,1.26251560138233,0.397498232833698,0.249875062468766,0.473920934269707
"admin1",0,"S1_latlon","Malawi","women_iron","Dietary diversity",11,0.0310114072577757,0.780428691189668,-0.340989030481604,0.537231384307846,0.599887556221889
"admin1",0,"S1_latlon","Malawi","women_iron","Ecosystem productivity/greenness",16,0.0342072058954807,0.845294356148173,-0.190016051375728,0.427286356821589,0.564017991004498
"admin1",0,"S1_latlon","Malawi","women_iron","Education, employment, SES",9,0.0699448513065516,1.82750091842502,1.09320762922222,0.134932533733133,0.415292353823088
"admin1",0,"S1_latlon","Malawi","women_iron","Fertility, reproductive health",23,0.0479976231215779,1.22804560750908,0.552188575068913,0.262368815592204,0.473920934269707
"admin1",0,"S1_latlon","Malawi","women_iron","Food fortification and supplementation",6,0.0519780402437992,1.35251871004819,0.491197558994522,0.241379310344828,0.473920934269707
"admin1",0,"S1_latlon","Malawi","women_iron","Healthcare access",6,0.0249697506171528,0.623048659038937,-0.391816528614691,0.525237381309345,0.599887556221889
"admin1",0,"S1_latlon","Malawi","women_iron","Household assets and characteristics",12,0.0271660476777698,0.700467741591973,-0.412073128171345,0.581709145427286,0.599887556221889
"admin1",0,"S1_latlon","Malawi","women_iron","Infant and child morbidity/mortality",37,0.0725193604167514,1.84713599091051,2.3188182271128,0.0264867566216892,0.174812593703148
"admin1",0,"S1_latlon","Malawi","women_iron","Malaria incidence and treatment",23,0.0204452330078819,0.528831927739142,-0.863104687245015,0.821089455272364,0.821089455272364
"admin1",0,"S1_latlon","Malawi","women_iron","Ruralness, population density, built environment",9,0.0440386581066785,1.13722191233778,0.133036908927993,0.296351824087956,0.473958672837494
"admin1",0,"S1_latlon","Malawi","women_iron","Soil characteristics",45,0.0521360850900859,1.34142655814547,0.804022307773769,0.183908045977011,0.473186483681236
"admin1",0,"S1_latlon","Malawi","women_iron","Water and sanitation",8,0.0308084394389754,0.795248049038348,-0.338420422086623,0.55672163918041,0.599887556221889
"admin1",0,"S1_latlon","Malawi","women_vitA","Adult and maternal mortality",9,0.0188468455879261,0.498730841392636,-0.673868756119229,0.726136931534233,0.863755622188906
"admin1",0,"S1_latlon","Malawi","women_vitA","Adult nutrition",9,0.0352245675486582,0.921339061219654,-0.161099921529196,0.507246376811594,0.727788279773157
"admin1",0,"S1_latlon","Malawi","women_vitA","Agricultural production, land use",92,0.0339423067545552,0.880283082458783,-0.299400116394011,0.549225387306347,0.755184907546227
"admin1",0,"S1_latlon","Malawi","women_vitA","Built environment",12,0.040074602748308,1.05519153714435,0.100085445982845,0.388305847076462,0.671214392803598
"admin1",0,"S1_latlon","Malawi","women_vitA","Climate and weather",41,0.0223600313868112,0.584360278010987,-0.601048299636042,0.695652173913043,0.863755622188906
"admin1",0,"S1_latlon","Malawi","women_vitA","Dietary diversity",11,0.0201725490460956,0.530514933891601,-0.740714064595773,0.798600699650175,0.863755622188906
"admin1",0,"S1_latlon","Malawi","women_vitA","Ecosystem productivity/greenness",16,0.0542299883465516,1.4070217682498,0.515984935515499,0.221889055472264,0.587360166070811
"admin1",0,"S1_latlon","Malawi","women_vitA","Education, employment, SES",9,0.032119848068318,0.812175020661122,-0.245080846485158,0.493253373313343,0.727788279773157
"admin1",0,"S1_latlon","Malawi","women_vitA","Fertility, reproductive health",23,0.0263798707460692,0.683415288424927,-0.7712121033831,0.773613193403298,0.863755622188906
"admin1",0,"S1_latlon","Malawi","women_vitA","Food fortification and supplementation",6,0.113363420253228,2.89168355365483,2.53788230575242,0.0329835082458771,0.587360166070811
"admin1",0,"S1_latlon","Malawi","women_vitA","Healthcare access",6,0.055098747608271,1.41287037610702,0.434762595375561,0.217391304347826,0.587360166070811
"admin1",0,"S1_latlon","Malawi","women_vitA","Household assets and characteristics",12,0.0129343130406215,0.332987687892576,-0.929454686008163,0.896051974012994,0.896051974012994
"admin1",0,"S1_latlon","Malawi","women_vitA","Infant and child morbidity/mortality",37,0.048014250419743,1.24086628761365,0.660639772103107,0.223388305847076,0.587360166070811
"admin1",0,"S1_latlon","Malawi","women_vitA","Malaria incidence and treatment",23,0.0444366039287213,1.14645094754481,0.268180383244238,0.329335332333833,0.659670164917541
"admin1",0,"S1_latlon","Malawi","women_vitA","Ruralness, population density, built environment",9,0.030253775931782,0.805736341891347,-0.183138872212463,0.40679660169915,0.671214392803598
"admin1",0,"S1_latlon","Malawi","women_vitA","Soil characteristics",45,0.0263092422433202,0.689285263173828,-0.757098279475383,0.756121939030485,0.863755622188906
"admin1",0,"S1_latlon","Malawi","women_vitA","Water and sanitation",8,0.0180426743404068,0.472744909502382,-0.870948155409588,0.826086956521739,0.863755622188906
"admin1",0,"S1_latlon","Malawi","women_zinc","Adult and maternal mortality",9,0.015003766379931,0.400796771293721,-0.804213348434305,0.806096951524238,0.806096951524238
"admin1",0,"S1_latlon","Malawi","women_zinc","Adult nutrition",9,0.0672350211935254,1.75791811275496,1.59209609829553,0.0684657671164418,0.528697189866605
"admin1",0,"S1_latlon","Malawi","women_zinc","Agricultural production, land use",92,0.0394788706559753,1.03391021297015,0.0857149393956902,0.372813593203398,0.528697189866605
"admin1",0,"S1_latlon","Malawi","women_zinc","Built environment",12,0.0445166393852835,1.15194407595168,0.281804636780887,0.32183908045977,0.528697189866605
"admin1",0,"S1_latlon","Malawi","women_zinc","Climate and weather",41,0.0465827873498702,1.23877384750056,0.345959377238176,0.256371814092954,0.528697189866605
"admin1",0,"S1_latlon","Malawi","women_zinc","Dietary diversity",11,0.0494932700704235,1.2944822029138,0.461121982799685,0.235882058970515,0.528697189866605
"admin1",0,"S1_latlon","Malawi","women_zinc","Ecosystem productivity/greenness",16,0.0412375058518838,1.10561747156986,0.130297199434388,0.301849075462269,0.528697189866605
"admin1",0,"S1_latlon","Malawi","women_zinc","Education, employment, SES",9,0.0771197414107987,2.01923985787257,1.3016287848042,0.105947026486757,0.528697189866605
"admin1",0,"S1_latlon","Malawi","women_zinc","Fertility, reproductive health",23,0.0664575982920494,1.74089438353615,1.79069174547107,0.0599700149925037,0.528697189866605
"admin1",0,"S1_latlon","Malawi","women_zinc","Food fortification and supplementation",6,0.0376255275336671,0.982843925441092,-0.0240932950493509,0.404297851074463,0.528697189866605
"admin1",0,"S1_latlon","Malawi","women_zinc","Healthcare access",6,0.0300894311263279,0.799685987946489,-0.216066771961461,0.44127936031984,0.53583922324552
"admin1",0,"S1_latlon","Malawi","women_zinc","Household assets and characteristics",12,0.0198675762271918,0.517933970386357,-0.672013580113772,0.743128435782109,0.789573963018491
"admin1",0,"S1_latlon","Malawi","women_zinc","Infant and child morbidity/mortality",37,0.039540782634696,1.03554886313678,0.0949656088599681,0.40279860069965,0.528697189866605
"admin1",0,"S1_latlon","Malawi","women_zinc","Malaria incidence and treatment",23,0.0412493527436692,1.09642483482453,0.177882783594139,0.346826586706647,0.528697189866605
"admin1",0,"S1_latlon","Malawi","women_zinc","Ruralness, population density, built environment",9,0.0342707549618184,0.851327081765962,-0.141758280159135,0.384307846076962,0.528697189866605
"admin1",0,"S1_latlon","Malawi","women_zinc","Soil characteristics",45,0.0487963520756874,1.28660059823891,0.680816524394118,0.215392303848076,0.528697189866605
"admin1",0,"S1_latlon","Malawi","women_zinc","Water and sanitation",8,0.0310953910272855,0.797879525478105,-0.320896569510931,0.552223888055972,0.625853739796768
"admin1",0,"S1_latlon","Ghana","women_iron","Adult nutrition",9,0.12553703462338,1.86822556355047,1.74910707556341,0.0634682658670665,0.299207539087599
"admin1",0,"S1_latlon","Ghana","women_iron","Agricultural production, land use",93,0.092644883381019,1.39861776192261,0.989780504863774,0.135932033983008,0.415292353823088
"admin1",0,"S1_latlon","Ghana","women_iron","Built environment",12,0.235932453011723,3.55892925469944,4.24451953020646,0.00449775112443778,0.0494752623688156
"admin1",0,"S1_latlon","Ghana","women_iron","Climate and weather",41,0.081035663986196,1.22025433171359,0.377283972250722,0.250874562718641,0.473920934269707
"admin1",0,"S1_latlon","Ghana","women_iron","Dietary diversity",11,0.0494214500992187,0.764933318813381,-0.380401709906644,0.568715642178911,0.599887556221889
"admin1",0,"S1_latlon","Ghana","women_iron","Ecosystem productivity/greenness",16,0.12712175630889,1.87631224991507,1.05226515952337,0.138430784607696,0.415292353823088
"admin1",0,"S1_latlon","Ghana","women_iron","Education, employment, SES",9,0.0785579012683045,1.17878930403804,0.256686321366407,0.304847576211894,0.473958672837494
"admin1",0,"S1_latlon","Ghana","women_iron","Fertility, reproductive health",23,0.0745858696846782,1.12878764100564,0.248355310539622,0.323338330834583,0.473958672837494
"admin1",0,"S1_latlon","Ghana","women_iron","Food fortification and supplementation",6,0.0548105314811828,0.824182651762062,-0.298565593372864,0.536231884057971,0.599887556221889
"admin1",0,"S1_latlon","Ghana","women_iron","Healthcare access",6,0.048097569299915,0.741715866102934,-0.319575737090285,0.51824087956022,0.599887556221889
"admin1",0,"S1_latlon","Ghana","women_iron","Household assets and characteristics",12,0.0799816383221293,1.20034885174576,0.315668703961874,0.272863568215892,0.473920934269707
"admin1",0,"S1_latlon","Ghana","women_iron","Infant and child morbidity/mortality",37,0.12127997342722,1.81254739642572,2.55061209229228,0.015992003998001,0.131934032983508
"admin1",0,"S1_latlon","Ghana","women_iron","Malaria incidence and treatment",23,0.152137773122283,2.29242947799483,1.97137069669469,0.0524737631184408,0.288605697151424
"admin1",0,"S1_latlon","Ghana","women_iron","Ruralness, population density, built environment",9,0.455068589917182,7.01426538390976,5.58551690557324,0.000999500249875062,0.0329835082458771
"admin1",0,"S1_latlon","Ghana","women_iron","Soil characteristics",45,0.0832807723630389,1.25862530887988,0.626273249222101,0.221389305347326,0.473920934269707
"admin1",0,"S1_latlon","Ghana","women_iron","Water and sanitation",9,0.10643337515913,1.61189050450251,1.18294120275107,0.127936031984008,0.415292353823088
"admin1",0,"S1_latlon","Ghana","women_vitA","Adult nutrition",9,0.0879612134661247,1.29235152239266,0.591360336594269,0.231384307846077,0.587360166070811
"admin1",0,"S1_latlon","Ghana","women_vitA","Agricultural production, land use",93,0.0956919295322912,1.42380990160756,1.11026824474791,0.139430284857571,0.587360166070811
"admin1",0,"S1_latlon","Ghana","women_vitA","Built environment",12,0.136359979542079,1.97848011410911,1.61514513767788,0.0684657671164418,0.587360166070811
"admin1",0,"S1_latlon","Ghana","women_vitA","Climate and weather",41,0.0774139928504058,1.14597515213349,0.277402743302587,0.308845577211394,0.659670164917541
"admin1",0,"S1_latlon","Ghana","women_vitA","Dietary diversity",11,0.0295844890786966,0.454185582000362,-0.852759737107754,0.837581209395302,0.863755622188906
"admin1",0,"S1_latlon","Ghana","women_vitA","Ecosystem productivity/greenness",16,0.125302710156623,1.82454107703866,1.00002721807826,0.134432783608196,0.587360166070811
"admin1",0,"S1_latlon","Ghana","women_vitA","Education, employment, SES",9,0.038082212834294,0.558214848895779,-0.606060951122197,0.67816091954023,0.863755622188906
"admin1",0,"S1_latlon","Ghana","women_vitA","Fertility, reproductive health",23,0.0773497805594607,1.13687376868095,0.241256088997555,0.299350324837581,0.659670164917541
"admin1",0,"S1_latlon","Ghana","women_vitA","Food fortification and supplementation",6,0.0599401154024718,0.887157747044737,-0.181650846516875,0.492253873063468,0.727788279773157
"admin1",0,"S1_latlon","Ghana","women_vitA","Healthcare access",6,0.0926535394563626,1.41461568491083,0.490461028216452,0.216891554222889,0.587360166070811
"admin1",0,"S1_latlon","Ghana","women_vitA","Household assets and characteristics",12,0.06870875455563,0.998919892616094,-0.00171621157424103,0.381809095452274,0.671214392803598
"admin1",0,"S1_latlon","Ghana","women_vitA","Infant and child morbidity/mortality",37,0.0999504171663573,1.4847334000426,1.32458880190481,0.100949525237381,0.587360166070811
"admin1",0,"S1_latlon","Ghana","women_vitA","Malaria incidence and treatment",23,0.125868064325121,1.84186316422788,1.39244858678705,0.0944527736131934,0.587360166070811
"admin1",0,"S1_latlon","Ghana","women_vitA","Ruralness, population density, built environment",9,0.245659360712135,3.58209560457897,2.30940712307058,0.04047976011994,0.587360166070811
"admin1",0,"S1_latlon","Ghana","women_vitA","Soil characteristics",45,0.0744913125949839,1.12291246585212,0.30842529288871,0.339830084957521,0.659670164917541
"admin1",0,"S1_latlon","Ghana","women_vitA","Water and sanitation",9,0.0912520943763002,1.36616259989699,0.755946840899221,0.202898550724638,0.587360166070811
"admin1",0,"S1_latlon","Ghana","women_folate","Adult nutrition",9,0.0953861901647462,1.43271256263489,0.881379477574179,0.182408795602199,0.354087662051327
"admin1",0,"S1_latlon","Ghana","women_folate","Agricultural production, land use",93,0.111426263357979,1.67729820426692,1.90426531595069,0.0524737631184408,0.182908545727136
"admin1",0,"S1_latlon","Ghana","women_folate","Built environment",12,0.194186918509168,2.90847785602258,3.22164976760088,0.0154922538730635,0.102248875562219
"admin1",0,"S1_latlon","Ghana","women_folate","Climate and weather",41,0.08305313545193,1.24440201219676,0.48275239434414,0.252373813093453,0.418890554722639
"admin1",0,"S1_latlon","Ghana","women_folate","Dietary diversity",11,0.0886253110301322,1.35676165404565,0.554083696454195,0.213393303348326,0.391221056138597
"admin1",0,"S1_latlon","Ghana","women_folate","Ecosystem productivity/greenness",16,0.192429659242089,2.95874753321201,2.62281391735789,0.0269865067466267,0.148425787106447
"admin1",0,"S1_latlon","Ghana","women_folate","Education, employment, SES",9,0.0520124829350965,0.786686549877639,-0.283614209546551,0.498750624687656,0.567543814299747
"admin1",0,"S1_latlon","Ghana","women_folate","Fertility, reproductive health",23,0.0472033389526051,0.713616324888863,-0.506087165253318,0.649675162418791,0.71464267866067
"admin1",0,"S1_latlon","Ghana","women_folate","Food fortification and supplementation",6,0.0817772771657356,1.1970958030645,0.310195905859754,0.31584207896052,0.453164721986833
"admin1",0,"S1_latlon","Ghana","women_folate","Healthcare access",6,0.032349633917451,0.483010964335338,-0.671152000824708,0.72063968015992,0.767132562750883
"admin1",0,"S1_latlon","Ghana","women_folate","Household assets and characteristics",12,0.0822931190527016,1.24341234474947,0.385630368613567,0.253873063468266,0.418890554722639
"admin1",0,"S1_latlon","Ghana","women_folate","Infant and child morbidity/mortality",37,0.110039879502948,1.63255548870444,1.80608426314228,0.0609695152423788,0.182908545727136
"admin1",0,"S1_latlon","Ghana","women_folate","Malaria incidence and treatment",23,0.111851213605129,1.70013717016966,1.14963397656236,0.121939030484758,0.287427714714072
"admin1",0,"S1_latlon","Ghana","women_folate","Ruralness, population density, built environment",9,0.142437054591518,2.18180330621006,1.03442479596297,0.131434282858571,0.289155422288856
"admin1",0,"S1_latlon","Ghana","women_folate","Soil characteristics",45,0.108731127418666,1.61389580143106,1.57792467000564,0.0774612693653173,0.196632453004267
"admin1",0,"S1_latlon","Ghana","women_folate","Water and sanitation",9,0.123466499520785,1.85734911861077,1.76089445871121,0.0604697651174413,0.182908545727136
"admin1",0,"S1_latlon","Ghana","women_b12","Adult nutrition",9,0.0947948637981189,1.40267212946654,0.81708292261947,0.174412793603198,0.639513576545061
"admin1",0,"S1_latlon","Ghana","women_b12","Agricultural production, land use",93,0.0689992152462356,1.03089863345444,0.0837205054949465,0.401799100449775,0.779962959696622
"admin1",0,"S1_latlon","Ghana","women_b12","Built environment",12,0.016028756048713,0.240295855851615,-1.28577466318903,0.978010994502749,0.979010494752624
"admin1",0,"S1_latlon","Ghana","women_b12","Climate and weather",41,0.0380337508653325,0.561882477011121,-0.841868035168598,0.802598700649675,0.94591989719426
"admin1",0,"S1_latlon","Ghana","women_b12","Dietary diversity",11,0.05515662115415,0.828514856473882,-0.267760332605791,0.510744627686157,0.80359820089955
"admin1",0,"S1_latlon","Ghana","women_b12","Ecosystem productivity/greenness",16,0.012250527048925,0.181127717655498,-1.01498790658741,0.979010494752624,0.979010494752624
"admin1",0,"S1_latlon","Ghana","women_b12","Education, employment, SES",9,0.146401997522513,2.14609324576871,1.49113201811182,0.0829585207396302,0.579272863568216
"admin1",0,"S1_latlon","Ghana","women_b12","Fertility, reproductive health",23,0.0562614454991789,0.82694086756264,-0.313180705178075,0.535732133933034,0.80359820089955
"admin1",0,"S1_latlon","Ghana","women_b12","Food fortification and supplementation",6,0.109678398675121,1.64002065446942,1.06108688716093,0.135932033983008,0.579272863568216
"admin1",0,"S1_latlon","Ghana","women_b12","Healthcare access",6,0.234284110091674,3.61713276513561,3.20324552468994,0.0149925037481259,0.247376311844078
"admin1",0,"S1_latlon","Ghana","women_b12","Household assets and characteristics",12,0.028229515230289,0.42379551056916,-0.903149966572203,0.87456271864068,0.957053731198917
"admin1",0,"S1_latlon","Ghana","women_b12","Infant and child morbidity/mortality",37,0.0401965161618779,0.600867157512251,-1.12304696113857,0.899050474762619,0.957053731198917
"admin1",0,"S1_latlon","Ghana","women_b12","Malaria incidence and treatment",23,0.0739871674078393,1.10488858563575,0.174586959589285,0.329835082458771,0.725637181409295
"admin1",0,"S1_latlon","Ghana","women_b12","Ruralness, population density, built environment",9,0.0348475415359465,0.528246819469312,-0.414878061000338,0.529735132433783,0.80359820089955
"admin1",0,"S1_latlon","Ghana","women_b12","Soil characteristics",45,0.0480697232610586,0.713191484857148,-0.727889594810829,0.751624187906047,0.918651785218502
"admin1",0,"S1_latlon","Ghana","women_b12","Water and sanitation",9,0.0619514509668501,0.927068137425077,-0.15655860452892,0.508245877061469,0.80359820089955
"admin1",0,"S1_latlon","Ghana","child_iron","Adult nutrition",9,0.0516930360850088,0.764906543074479,-0.48903211441872,0.651674162918541,0.768044549153994
"admin1",0,"S1_latlon","Ghana","child_iron","Agricultural production, land use",93,0.0649473449019189,0.971046685639154,-0.075092205742137,0.454772613693153,0.703148425787106
"admin1",0,"S1_latlon","Ghana","child_iron","Built environment",12,0.124825355868505,1.87683781359965,1.46766217218211,0.088455772113943,0.544227886056972
"admin1",0,"S1_latlon","Ghana","child_iron","Climate and weather",41,0.063223534394827,0.944059279788291,-0.108034983298354,0.454272863568216,0.703148425787106
"admin1",0,"S1_latlon","Ghana","child_iron","Dietary diversity",11,0.0489917638502404,0.747602852698924,-0.408829709135128,0.583208395802099,0.723804764284524
"admin1",0,"S1_latlon","Ghana","child_iron","Ecosystem productivity/greenness",16,0.0550081868804545,0.804135793462887,-0.244472082488549,0.468765617191404,0.703148425787106
"admin1",0,"S1_latlon","Ghana","child_iron","Education, employment, SES",9,0.0599982726528843,0.914479865026574,-0.115673168999571,0.429785107446277,0.703148425787106
"admin1",0,"S1_latlon","Ghana","child_iron","Fertility, reproductive health",23,0.0792330135412075,1.18736958156788,0.344992588141059,0.278360819590205,0.703148425787106
"admin1",0,"S1_latlon","Ghana","child_iron","Food fortification and supplementation",6,0.0849310006666098,1.27462734247894,0.452349612491212,0.258370814592704,0.703148425787106
"admin1",0,"S1_latlon","Ghana","child_iron","Healthcare access",6,0.0638907386212013,0.977989957844344,-0.0269892564512151,0.378810594702649,0.703148425787106
"admin1",0,"S1_latlon","Ghana","child_iron","Household assets and characteristics",12,0.131331258630941,1.96521333080042,1.49470254062075,0.0814592703648176,0.544227886056972
"admin1",0,"S1_latlon","Ghana","child_iron","Infant and child morbidity/mortality",37,0.0607770008816503,0.912063818861116,-0.255987005557693,0.55472263868066,0.723804764284524
"admin1",0,"S1_latlon","Ghana","child_iron","Malaria incidence and treatment",23,0.142971157691921,2.12874814101484,1.8389880728796,0.0579710144927536,0.544227886056972
"admin1",0,"S1_latlon","Ghana","child_iron","Ruralness, population density, built environment",9,0.210765869404153,3.22771202708496,1.91776897612159,0.0654672663668166,0.544227886056972
"admin1",0,"S1_latlon","Ghana","child_iron","Soil characteristics",45,0.0748622119400182,1.12286626250196,0.306332774872834,0.318340829585207,0.703148425787106
"admin1",0,"S1_latlon","Ghana","child_iron","Water and sanitation",9,0.11068876550646,1.68263757864855,1.4425189910824,0.0889555222388806,0.544227886056972
"admin1",0,"S1_latlon","Ghana","child_vitA","Adult nutrition",9,0.0909021324164196,1.33753975982417,0.676008986489502,0.218390804597701,0.514778325123153
"admin1",0,"S1_latlon","Ghana","child_vitA","Agricultural production, land use",93,0.0593146343768684,0.889515102932532,-0.278369803832274,0.534732633683158,0.742128935532234
"admin1",0,"S1_latlon","Ghana","child_vitA","Built environment",12,0.0795639565628345,1.18811518402781,0.300636569483812,0.27336331834083,0.531616544668842
"admin1",0,"S1_latlon","Ghana","child_vitA","Climate and weather",41,0.0460282633037496,0.689000903149063,-0.552603047649594,0.663168415792104,0.742128935532234
"admin1",0,"S1_latlon","Ghana","child_vitA","Dietary diversity",11,0.0447436246632276,0.683279117575393,-0.521830192085726,0.648675662168916,0.742128935532234
"admin1",0,"S1_latlon","Ghana","child_vitA","Ecosystem productivity/greenness",16,0.112933548429031,1.63611922293947,0.773348470683464,0.181409295352324,0.514778325123153
"admin1",0,"S1_latlon","Ghana","child_vitA","Education, employment, SES",9,0.0475964114809362,0.708321508032101,-0.401718792064401,0.563218390804598,0.742128935532234
"admin1",0,"S1_latlon","Ghana","child_vitA","Fertility, reproductive health",23,0.0421540711046298,0.62441581044751,-0.68540230946127,0.747126436781609,0.795328142380423
"admin1",0,"S1_latlon","Ghana","child_vitA","Food fortification and supplementation",6,0.0310403403048118,0.466484957892458,-0.923495212633491,0.825087456271864,0.85087143928036
"admin1",0,"S1_latlon","Ghana","child_vitA","Healthcare access",6,0.121094882461287,1.85460533099973,1.03497297642362,0.126436781609195,0.514778325123153
"admin1",0,"S1_latlon","Ghana","child_vitA","Household assets and characteristics",12,0.0456415814446986,0.677520309411813,-0.493826974628001,0.63768115942029,0.742128935532234
"admin1",0,"S1_latlon","Ghana","child_vitA","Infant and child morbidity/mortality",37,0.0845687369602067,1.26656765204298,0.814718701686772,0.197901049475262,0.514778325123153
"admin1",0,"S1_latlon","Ghana","child_vitA","Malaria incidence and treatment",23,0.0737898746117383,1.10096175721223,0.155860802777969,0.31384307846077,0.551171782529788
"admin1",0,"S1_latlon","Ghana","child_vitA","Ruralness, population density, built environment",9,0.0504756185497054,0.770481181174497,-0.206599517386113,0.409795102448776,0.643963732419504
"admin1",0,"S1_latlon","Ghana","child_vitA","Soil characteristics",45,0.0382804518574508,0.572312429162372,-1.0447618505092,0.883558220889555,0.883558220889555
"admin1",0,"S1_latlon","Ghana","child_vitA","Water and sanitation",9,0.0836268190590079,1.24837396681956,0.481238077262245,0.273863068465767,0.531616544668842
"admin1",0,"S2_mem","Malawi","child_vitA","Adult and maternal mortality",9,0.0165870948714975,0.419658061064968,-0.738047126387953,0.775112443778111,0.949073850171688
"admin1",0,"S2_mem","Malawi","child_vitA","Adult nutrition",9,0.0426226530840617,1.12688824381461,0.248794496235929,0.345827086456772,0.779235382308846
"admin1",0,"S2_mem","Malawi","child_vitA","Agricultural production, land use",92,0.0286835251411806,0.752105529665701,-0.654595135195287,0.717641179410295,0.949073850171688
"admin1",0,"S2_mem","Malawi","child_vitA","Built environment",12,0.042325725380013,1.09252196192049,0.166969602258489,0.36231884057971,0.779235382308846
"admin1",0,"S2_mem","Malawi","child_vitA","Climate and weather",41,0.0657294735952374,1.74522791735728,1.01347035612058,0.138430784607696,0.779235382308846
"admin1",0,"S2_mem","Malawi","child_vitA","Dietary diversity",11,0.138108655854194,3.57586408167291,4.13059115682763,0.00399800099950025,0.131934032983508
"admin1",0,"S2_mem","Malawi","child_vitA","Ecosystem productivity/greenness",16,0.0444866619657124,1.15352819910744,0.198538026641751,0.298850574712644,0.779235382308846
"admin1",0,"S2_mem","Malawi","child_vitA","Education, employment, SES",9,0.044102003938231,1.15775341994525,0.215758607051552,0.310344827586207,0.779235382308846
"admin1",0,"S2_mem","Malawi","child_vitA","Fertility, reproductive health",23,0.0538478983465411,1.40879126811693,0.904791369491353,0.162418790604698,0.779235382308846
"admin1",0,"S2_mem","Malawi","child_vitA","Food fortification and supplementation",6,0.0302628962300582,0.757927549819178,-0.332181719116337,0.549225387306347,0.863068465767116
"admin1",0,"S2_mem","Malawi","child_vitA","Healthcare access",6,0.00658811944656364,0.165700781305089,-0.981463956812662,0.943528235882059,0.95752123938031
"admin1",0,"S2_mem","Malawi","child_vitA","Household assets and characteristics",12,0.0315923662082675,0.822450848468908,-0.258388685293908,0.496751624187906,0.863068465767116
"admin1",0,"S2_mem","Malawi","child_vitA","Infant and child morbidity/mortality",37,0.037047549729768,0.970236904375435,-0.0768155597516914,0.452273863068466,0.863068465767116
"admin1",0,"S2_mem","Malawi","child_vitA","Malaria incidence and treatment",23,0.0403696147589052,1.05272134011109,0.104758751852571,0.377811094452774,0.779235382308846
"admin1",0,"S2_mem","Malawi","child_vitA","Ruralness, population density, built environment",9,0.0402942896530543,1.01879805075559,0.0178926208529145,0.317341329335332,0.779235382308846
"admin1",0,"S2_mem","Malawi","child_vitA","Soil characteristics",45,0.0247218267341834,0.646145396993473,-0.832989936318744,0.804097951024488,0.949073850171688
"admin1",0,"S2_mem","Malawi","child_vitA","Water and sanitation",8,0.0702455284272519,1.81295589248757,1.26795515639363,0.107446276861569,0.779235382308846
"admin1",0,"S2_mem","Malawi","child_zinc","Adult and maternal mortality",9,0.0626077255611871,1.5799066990609,0.735528393186418,0.181909045477261,0.532805026058399
"admin1",0,"S2_mem","Malawi","child_zinc","Adult nutrition",9,0.0406648940572174,1.0519858288151,0.100038379888853,0.388305847076462,0.550099950024988
"admin1",0,"S2_mem","Malawi","child_zinc","Agricultural production, land use",92,0.0446296821903456,1.14653337291356,0.379550288843952,0.293853073463268,0.548825587206397
"admin1",0,"S2_mem","Malawi","child_zinc","Built environment",12,0.0761662744086413,1.99792633214027,1.75632174963981,0.0629685157421289,0.532805026058399
"admin1",0,"S2_mem","Malawi","child_zinc","Climate and weather",41,0.0572549334723585,1.47348268712471,0.635426932094732,0.200899550224888,0.532805026058399
"admin1",0,"S2_mem","Malawi","child_zinc","Dietary diversity",11,0.0558166311345545,1.44101121529964,0.695127554947001,0.171414292853573,0.532805026058399
"admin1",0,"S2_mem","Malawi","child_zinc","Ecosystem productivity/greenness",16,0.0370407092633475,0.949412346164585,-0.063419300100982,0.380809595202399,0.550099950024988
"admin1",0,"S2_mem","Malawi","child_zinc","Education, employment, SES",9,0.0599971119771376,1.56302695754816,0.744335012604278,0.173913043478261,0.532805026058399
"admin1",0,"S2_mem","Malawi","child_zinc","Fertility, reproductive health",23,0.0496453475267469,1.29240155029664,0.654622071222232,0.219390304847576,0.532805026058399
"admin1",0,"S2_mem","Malawi","child_zinc","Food fortification and supplementation",6,0.0574444080391945,1.5236759139688,0.731537072061137,0.180409795102449,0.532805026058399
"admin1",0,"S2_mem","Malawi","child_zinc","Healthcare access",6,0.025765538990466,0.670878047187541,-0.368152321189959,0.537231384307846,0.608862235548892
"admin1",0,"S2_mem","Malawi","child_zinc","Household assets and characteristics",12,0.0271338069330375,0.700823221739949,-0.442409841331787,0.60119940029985,0.638774362818591
"admin1",0,"S2_mem","Malawi","child_zinc","Infant and child morbidity/mortality",37,0.0456192789655916,1.1940087173584,0.504550978735437,0.270364817591204,0.548825587206397
"admin1",0,"S2_mem","Malawi","child_zinc","Malaria incidence and treatment",23,0.0151507135721582,0.392150663286491,-1.18954358928144,0.935032483758121,0.935032483758121
"admin1",0,"S2_mem","Malawi","child_zinc","Ruralness, population density, built environment",9,0.0382520650133261,1.02569267577662,0.0243660323131834,0.322838580709645,0.548825587206397
"admin1",0,"S2_mem","Malawi","child_zinc","Soil characteristics",45,0.0373725973058993,0.958673126950293,-0.095537628191302,0.457271364317841,0.555258085243093
"admin1",0,"S2_mem","Malawi","child_zinc","Water and sanitation",8,0.0381879584029321,0.972249343409972,-0.0435253622809359,0.422288855572214,0.552223888055972
"admin1",0,"S2_mem","Malawi","women_folate","Adult and maternal mortality",9,0.00932433187029947,0.247190127186036,-0.997430218431629,0.919540229885057,0.939530234882559
"admin1",0,"S2_mem","Malawi","women_folate","Adult nutrition",9,0.11475011301817,2.94630007250115,3.73048677209932,0.00349825087456272,0.052223888055972
"admin1",0,"S2_mem","Malawi","women_folate","Agricultural production, land use",92,0.0948495162260179,2.4983657214185,3.79591446509603,0.00599700149925037,0.052223888055972
"admin1",0,"S2_mem","Malawi","women_folate","Built environment",12,0.101317737964767,2.68262621609403,2.96551027791527,0.00849575212393803,0.052223888055972
"admin1",0,"S2_mem","Malawi","women_folate","Climate and weather",41,0.144184317624334,3.77062288696514,3.64502301000687,0.00949525237381309,0.052223888055972
"admin1",0,"S2_mem","Malawi","women_folate","Dietary diversity",11,0.0463431057414127,1.23122922527555,0.352106842705525,0.257371314342829,0.444452773613193
"admin1",0,"S2_mem","Malawi","women_folate","Ecosystem productivity/greenness",16,0.0681652410452161,1.75936963113218,0.953881235930043,0.130934532733633,0.257077343681101
"admin1",0,"S2_mem","Malawi","women_folate","Education, employment, SES",9,0.125976854367972,3.31320026712212,3.00574465558977,0.0209895052473763,0.0857571214392804
"admin1",0,"S2_mem","Malawi","women_folate","Fertility, reproductive health",23,0.0940293411610691,2.5103936577222,3.36422856781386,0.00749625187406297,0.052223888055972
"admin1",0,"S2_mem","Malawi","women_folate","Food fortification and supplementation",6,0.0118753873992935,0.308281810092704,-0.957800012934689,0.877561219390305,0.934178072254195
"admin1",0,"S2_mem","Malawi","women_folate","Healthcare access",6,0.0231039626965965,0.613489592868953,-0.471485369595136,0.59720139930035,0.719381688466112
"admin1",0,"S2_mem","Malawi","women_folate","Household assets and characteristics",12,0.0216475926927486,0.571841689038896,-0.630265582956658,0.706646676661669,0.777311344327836
"admin1",0,"S2_mem","Malawi","women_folate","Infant and child morbidity/mortality",37,0.0193804065632211,0.502833082764514,-1.26941773816959,0.939530234882559,0.939530234882559
"admin1",0,"S2_mem","Malawi","women_folate","Malaria incidence and treatment",23,0.0284617626688286,0.739493374388163,-0.498505822342518,0.632183908045977,0.719381688466112
"admin1",0,"S2_mem","Malawi","women_folate","Ruralness, population density, built environment",9,0.0231498340516719,0.596925974114771,-0.400976883097348,0.536731634182909,0.691385076692423
"admin1",0,"S2_mem","Malawi","women_folate","Soil characteristics",45,0.0973192393346185,2.51768665884597,3.50091277038916,0.00599700149925037,0.052223888055972
"admin1",0,"S2_mem","Malawi","women_folate","Water and sanitation",8,0.0271462714920063,0.70418016148595,-0.483056149726551,0.625187406296852,0.719381688466112
"admin1",0,"S2_mem","Malawi","women_b12","Adult and maternal mortality",9,0.044668269444712,1.15338214329609,0.19380610907083,0.311844077961019,0.577211394302849
"admin1",0,"S2_mem","Malawi","women_b12","Adult nutrition",9,0.0432911063331339,1.10759381319238,0.192685167324638,0.349825087456272,0.577211394302849
"admin1",0,"S2_mem","Malawi","women_b12","Agricultural production, land use",92,0.0568774265000912,1.48934949549132,1.26879699461447,0.109445277361319,0.401299350324838
"admin1",0,"S2_mem","Malawi","women_b12","Built environment",12,0.070031113361895,1.82846669185477,1.48239250060543,0.0849575212393803,0.400514028699936
"admin1",0,"S2_mem","Malawi","women_b12","Climate and weather",41,0.0513486558117438,1.34555030177142,0.468062734353249,0.250374812593703,0.577211394302849
"admin1",0,"S2_mem","Malawi","women_b12","Dietary diversity",11,0.0493638668236464,1.31476391630411,0.497845869628645,0.214892553723138,0.577211394302849
"admin1",0,"S2_mem","Malawi","women_b12","Ecosystem productivity/greenness",16,0.0331972170285532,0.851325797530936,-0.181580791266379,0.431284357821089,0.623101492731895
"admin1",0,"S2_mem","Malawi","women_b12","Education, employment, SES",9,0.00774781022541513,0.199923664932364,-1.11378214549468,0.952023988005997,0.981774737631184
"admin1",0,"S2_mem","Malawi","women_b12","Fertility, reproductive health",23,0.104332674769372,2.71119290180293,3.90180357690647,0.00199900049975012,0.0604697651174413
"admin1",0,"S2_mem","Malawi","women_b12","Food fortification and supplementation",6,0.101748312380686,2.63420907898549,2.23788895564295,0.0389805097451274,0.214392803598201
"admin1",0,"S2_mem","Malawi","women_b12","Healthcare access",6,0.0831654285701221,2.1860133572663,1.3181082923146,0.0984507746126937,0.401299350324838
"admin1",0,"S2_mem","Malawi","women_b12","Household assets and characteristics",12,0.0348204954191986,0.907741096983557,-0.134680374600971,0.434282858570715,0.623101492731895
"admin1",0,"S2_mem","Malawi","women_b12","Infant and child morbidity/mortality",37,0.0776160712075197,2.00835233575364,2.56423403498511,0.0179910044977511,0.138530734632684
"admin1",0,"S2_mem","Malawi","women_b12","Malaria incidence and treatment",23,0.09340635015901,2.40958664606668,2.67647564589086,0.0209895052473763,0.138530734632684
"admin1",0,"S2_mem","Malawi","women_b12","Ruralness, population density, built environment",9,0.0379671448580992,0.975279850759596,-0.0242313013850268,0.349325337331334,0.577211394302849
"admin1",0,"S2_mem","Malawi","women_b12","Soil characteristics",45,0.104794042253506,2.75605420132002,4.00864775811575,0.00399800099950025,0.0604697651174413
"admin1",0,"S2_mem","Malawi","women_b12","Water and sanitation",8,0.0486673339254456,1.29598864302527,0.476104390123203,0.259370314842579,0.577211394302849
"admin1",0,"S2_mem","Malawi","child_iron","Adult and maternal mortality",9,0.0200425614443329,0.521962961131213,-0.605283143045752,0.690654672663668,0.785917386134519
"admin1",0,"S2_mem","Malawi","child_iron","Adult nutrition",9,0.062415704309429,1.59460088850931,1.13573347475193,0.122438780609695,0.505059970014992
"admin1",0,"S2_mem","Malawi","child_iron","Agricultural production, land use",92,0.0682549183703822,1.75292164209539,1.90507694810712,0.047976011994003,0.505059970014992
"admin1",0,"S2_mem","Malawi","child_iron","Built environment",12,0.0490445621082183,1.24651576760178,0.430457348518697,0.270364817591204,0.659670164917541
"admin1",0,"S2_mem","Malawi","child_iron","Climate and weather",41,0.0410358705872397,1.05158898730299,0.0658324079204817,0.35432283858071,0.673688155922039
"admin1",0,"S2_mem","Malawi","child_iron","Dietary diversity",11,0.0149830218347232,0.381413478522262,-1.00875340346031,0.901049475262369,0.901049475262369
"admin1",0,"S2_mem","Malawi","child_iron","Ecosystem productivity/greenness",16,0.0129255932306817,0.326908310152949,-0.842138637674198,0.892053973013493,0.901049475262369
"admin1",0,"S2_mem","Malawi","child_iron","Education, employment, SES",9,0.0255677893918997,0.644291688765345,-0.472931763930295,0.604197901049475,0.712090383379739
"admin1",0,"S2_mem","Malawi","child_iron","Fertility, reproductive health",23,0.0221785723127349,0.564281277085626,-0.952636764244176,0.851074462768616,0.901049475262369
"admin1",0,"S2_mem","Malawi","child_iron","Food fortification and supplementation",6,0.0416625788317169,1.06291630941575,0.0846301983924585,0.347826086956522,0.673688155922039
"admin1",0,"S2_mem","Malawi","child_iron","Healthcare access",6,0.106829536110154,2.71466852168286,1.92547658092695,0.0539730134932534,0.505059970014992
"admin1",0,"S2_mem","Malawi","child_iron","Household assets and characteristics",12,0.0320924447760824,0.809978669552929,-0.27844305026098,0.498750624687656,0.683418290854573
"admin1",0,"S2_mem","Malawi","child_iron","Infant and child morbidity/mortality",37,0.0711825578636662,1.82871745860929,2.19331464696467,0.0314842578710645,0.505059970014992
"admin1",0,"S2_mem","Malawi","child_iron","Malaria incidence and treatment",23,0.0305512130351417,0.790466335927511,-0.411450642752525,0.5992003998001,0.712090383379739
"admin1",0,"S2_mem","Malawi","child_iron","Ruralness, population density, built environment",9,0.0251768953397758,0.648043196117648,-0.350478776864111,0.501249375312344,0.683418290854573
"admin1",0,"S2_mem","Malawi","child_iron","Soil characteristics",45,0.0456155649436221,1.17698296746447,0.384249073500756,0.279860069965017,0.659670164917541
"admin1",0,"S2_mem","Malawi","child_iron","Water and sanitation",8,0.0513587854142842,1.31972405120175,0.523795499595889,0.243378310844578,0.659670164917541
"admin1",0,"S2_mem","Malawi","women_iron","Adult and maternal mortality",9,0.211367052078075,5.45524285861325,5.65794045576481,0.000999500249875062,0.0329835082458771
"admin1",0,"S2_mem","Malawi","women_iron","Adult nutrition",9,0.0732370556735604,1.90473196633843,1.71243657159334,0.0629685157421289,0.249208728968849
"admin1",0,"S2_mem","Malawi","women_iron","Agricultural production, land use",92,0.062917205332718,1.6540698603646,1.7100930297341,0.0609695152423788,0.249208728968849
"admin1",0,"S2_mem","Malawi","women_iron","Built environment",12,0.0610712878598318,1.59219350952969,1.04497177553548,0.139430284857571,0.346326836581709
"admin1",0,"S2_mem","Malawi","women_iron","Climate and weather",41,0.0605036139498785,1.58645675619316,0.805814803473428,0.16791604197901,0.346326836581709
"admin1",0,"S2_mem","Malawi","women_iron","Dietary diversity",11,0.0368904004169909,0.946593400756322,-0.0825599557913407,0.411794102948526,0.566216891554223
"admin1",0,"S2_mem","Malawi","women_iron","Ecosystem productivity/greenness",16,0.0535093449167285,1.35516194754582,0.450291646611967,0.222888555722139,0.367766116941529
"admin1",0,"S2_mem","Malawi","women_iron","Education, employment, SES",9,0.126109896388165,3.33332023028332,3.1269740210399,0.0199900049975013,0.164917541229385
"admin1",0,"S2_mem","Malawi","women_iron","Fertility, reproductive health",23,0.0542628919761324,1.39841753082181,0.90043292240683,0.16791604197901,0.346326836581709
"admin1",0,"S2_mem","Malawi","women_iron","Food fortification and supplementation",6,0.0901212668469677,2.33172260484287,1.8128708703099,0.0614692653673163,0.249208728968849
"admin1",0,"S2_mem","Malawi","women_iron","Healthcare access",6,0.0271398017600828,0.708632189027532,-0.344097239625753,0.523738130934533,0.576111944027986
"admin1",0,"S2_mem","Malawi","women_iron","Household assets and characteristics",12,0.0300896409568098,0.78849812167713,-0.296983439072469,0.521239380309845,0.576111944027986
"admin1",0,"S2_mem","Malawi","women_iron","Infant and child morbidity/mortality",37,0.0570914813853175,1.47590698262278,1.24067008749283,0.11544227886057,0.343578210894553
"admin1",0,"S2_mem","Malawi","women_iron","Malaria incidence and treatment",23,0.0463538714494507,1.20332744820727,0.390057904954079,0.284857571214393,0.427286356821589
"admin1",0,"S2_mem","Malawi","women_iron","Ruralness, population density, built environment",9,0.0363516333539759,0.947263807238721,-0.0496963562275356,0.348825587206397,0.500488885991787
"admin1",0,"S2_mem","Malawi","women_iron","Soil characteristics",45,0.0597961883453284,1.56601424083515,1.29578493239155,0.109945027486257,0.343578210894553
"admin1",0,"S2_mem","Malawi","women_iron","Water and sanitation",8,0.0353658880856506,0.921963319149152,-0.12668543319169,0.449275362318841,0.576111944027986
"admin1",0,"S2_mem","Malawi","women_vitA","Adult and maternal mortality",9,0.0253421719798896,0.666876005821246,-0.433583472056987,0.581209395302349,0.710367038702871
"admin1",0,"S2_mem","Malawi","women_vitA","Adult nutrition",9,0.0313018530392654,0.806917904695761,-0.359116528665351,0.576711644177911,0.710367038702871
"admin1",0,"S2_mem","Malawi","women_vitA","Agricultural production, land use",92,0.0303397959763517,0.787791742008394,-0.544617909406694,0.665667166416792,0.732233883058471
"admin1",0,"S2_mem","Malawi","women_vitA","Built environment",12,0.0357532264747888,0.946134386564796,-0.0958574504212819,0.459770114942529,0.710367038702871
"admin1",0,"S2_mem","Malawi","women_vitA","Climate and weather",41,0.050902568644373,1.32943964462073,0.425685447001876,0.245877061469265,0.624149463729674
"admin1",0,"S2_mem","Malawi","women_vitA","Dietary diversity",11,0.0221799592295858,0.589753398310631,-0.636953511180296,0.736131934032983,0.782327586206896
"admin1",0,"S2_mem","Malawi","women_vitA","Ecosystem productivity/greenness",16,0.0671768910053482,1.72510876788294,0.925339132381607,0.146926536731634,0.624149463729674
"admin1",0,"S2_mem","Malawi","women_vitA","Education, employment, SES",9,0.028201522651937,0.720423128111374,-0.377967927450963,0.56271864067966,0.710367038702871
"admin1",0,"S2_mem","Malawi","women_vitA","Fertility, reproductive health",23,0.0262738381980809,0.676167801761572,-0.740033476316787,0.758620689655172,0.782327586206896
"admin1",0,"S2_mem","Malawi","women_vitA","Food fortification and supplementation",6,0.111593497053549,2.90218343215977,2.52884151380853,0.0299850074962519,0.494752623688156
"admin1",0,"S2_mem","Malawi","women_vitA","Healthcare access",6,0.0603387328324527,1.60218778402347,0.698613329521397,0.177411294352824,0.624149463729674
"admin1",0,"S2_mem","Malawi","women_vitA","Household assets and characteristics",12,0.0294273401610157,0.782110487169263,-0.323444128739476,0.529735132433783,0.710367038702871
"admin1",0,"S2_mem","Malawi","women_vitA","Infant and child morbidity/mortality",37,0.0556961667591512,1.42934224645445,1.12828946593423,0.139430284857571,0.624149463729674
"admin1",0,"S2_mem","Malawi","women_vitA","Malaria incidence and treatment",23,0.0503293276857432,1.29032427905425,0.5598755499629,0.236381809095452,0.624149463729674
"admin1",0,"S2_mem","Malawi","women_vitA","Ruralness, population density, built environment",9,0.0220412792198696,0.588313808216162,-0.400166654155367,0.525237381309345,0.710367038702871
"admin1",0,"S2_mem","Malawi","women_vitA","Soil characteristics",45,0.0394560937294764,1.02634995998072,0.0598537706752345,0.389805097451274,0.710367038702871
"admin1",0,"S2_mem","Malawi","women_vitA","Water and sanitation",8,0.026993774999152,0.703179775917499,-0.478716394896025,0.632183908045977,0.732233883058471
"admin1",0,"S2_mem","Malawi","women_zinc","Adult and maternal mortality",9,0.0220261015454503,0.583772552532629,-0.545460452529427,0.653673163418291,0.694527736131934
"admin1",0,"S2_mem","Malawi","women_zinc","Adult nutrition",9,0.0737515777552655,1.91866112888562,1.77784581137904,0.0584707646176912,0.425637181409295
"admin1",0,"S2_mem","Malawi","women_zinc","Agricultural production, land use",92,0.048550192242837,1.2671117569604,0.701437265764795,0.208395802098951,0.425637181409295
"admin1",0,"S2_mem","Malawi","women_zinc","Built environment",12,0.0520313126782368,1.34219779139703,0.615587017769827,0.221389305347326,0.425637181409295
"admin1",0,"S2_mem","Malawi","women_zinc","Climate and weather",41,0.0399884946045424,1.06809993992436,0.0909684415704606,0.351824087956022,0.543728135932034
"admin1",0,"S2_mem","Malawi","women_zinc","Dietary diversity",11,0.0333535244862304,0.875340049071661,-0.197562342366236,0.464767616191904,0.562985174079627
"admin1",0,"S2_mem","Malawi","women_zinc","Ecosystem productivity/greenness",16,0.0545184938723885,1.44557651951714,0.557337983782863,0.188405797101449,0.425637181409295
"admin1",0,"S2_mem","Malawi","women_zinc","Education, employment, SES",9,0.082877873417532,2.18829057019699,1.56295425319411,0.079960019990005,0.425637181409295
"admin1",0,"S2_mem","Malawi","women_zinc","Fertility, reproductive health",23,0.0718163189653676,1.87778924429366,1.98888898605684,0.0439780109945027,0.425637181409295
"admin1",0,"S2_mem","Malawi","women_zinc","Food fortification and supplementation",6,0.0540525593563068,1.41301811782305,0.570008880791715,0.211894052973513,0.425637181409295
"admin1",0,"S2_mem","Malawi","women_zinc","Healthcare access",6,0.0316924848546859,0.833635199231363,-0.199200407846571,0.448275862068966,0.562985174079627
"admin1",0,"S2_mem","Malawi","women_zinc","Household assets and characteristics",12,0.0101820363043941,0.26339477078754,-1.04388652156742,0.957021489255372,0.957021489255372
"admin1",0,"S2_mem","Malawi","women_zinc","Infant and child morbidity/mortality",37,0.0467769643542142,1.2173916553693,0.561078612725997,0.250374812593703,0.425637181409295
"admin1",0,"S2_mem","Malawi","women_zinc","Malaria incidence and treatment",23,0.0493567099189533,1.29242674040906,0.553089346256079,0.245877061469265,0.425637181409295
"admin1",0,"S2_mem","Malawi","women_zinc","Ruralness, population density, built environment",9,0.0274381036028541,0.693719422514935,-0.295315958579368,0.460269865067466,0.562985174079627
"admin1",0,"S2_mem","Malawi","women_zinc","Soil characteristics",45,0.0596407955306014,1.56491662331937,1.2820509415702,0.112943528235882,0.425637181409295
"admin1",0,"S2_mem","Malawi","women_zinc","Water and sanitation",8,0.0337661167353501,0.865866519629564,-0.216034209242258,0.496751624187906,0.562985174079627
"admin1",0,"S2_mem","Ghana","women_iron","Adult nutrition",9,0.100838516227742,1.50688763557635,1.0679177986003,0.149425287356322,0.346326836581709
"admin1",0,"S2_mem","Ghana","women_iron","Agricultural production, land use",93,0.0844625816487217,1.27392923969789,0.642687849462213,0.217891054472764,0.367766116941529
"admin1",0,"S2_mem","Ghana","women_iron","Built environment",12,0.186608096806685,2.84266613558056,3.27105865116622,0.0109945027486257,0.120939530234883
"admin1",0,"S2_mem","Ghana","women_iron","Climate and weather",41,0.0861072664467824,1.29827492033078,0.574502266695381,0.237381309345327,0.373027771828372
"admin1",0,"S2_mem","Ghana","women_iron","Dietary diversity",11,0.0564418494815509,0.867423982476612,-0.216988535300129,0.482258870564718,0.576111944027986
"admin1",0,"S2_mem","Ghana","women_iron","Ecosystem productivity/greenness",16,0.0954046971430518,1.4491442806297,0.591092937603742,0.2023988005997,0.367766116941529
"admin1",0,"S2_mem","Ghana","women_iron","Education, employment, SES",9,0.0509976167272237,0.775999355340575,-0.333179563557836,0.543228385807096,0.578275378439812
"admin1",0,"S2_mem","Ghana","women_iron","Fertility, reproductive health",23,0.042306287257375,0.636778767470891,-0.68042307139494,0.741129435282359,0.75912043978011
"admin1",0,"S2_mem","Ghana","women_iron","Food fortification and supplementation",6,0.0533910013894323,0.814191480232014,-0.285601459867334,0.51424287856072,0.576111944027986
"admin1",0,"S2_mem","Ghana","women_iron","Healthcare access",6,0.0551321037565863,0.840245430363611,-0.223118168689348,0.483258370814593,0.576111944027986
"admin1",0,"S2_mem","Ghana","women_iron","Household assets and characteristics",12,0.0372209971110338,0.563996461821551,-0.678852996586659,0.75912043978011,0.75912043978011
"admin1",0,"S2_mem","Ghana","women_iron","Infant and child morbidity/mortality",37,0.103968502027567,1.55544307708859,1.60906971540086,0.0679660169915042,0.249208728968849
"admin1",0,"S2_mem","Ghana","women_iron","Malaria incidence and treatment",23,0.133624785393697,2.03563011093479,1.76999142237809,0.0624687656171914,0.249208728968849
"admin1",0,"S2_mem","Ghana","women_iron","Ruralness, population density, built environment",9,0.409450420219996,6.33278880486464,4.83482889084376,0.00299850074962519,0.0494752623688156
"admin1",0,"S2_mem","Ghana","women_iron","Soil characteristics",45,0.0882125248872989,1.32555479754476,0.695763725491736,0.191904047976012,0.367766116941529
"admin1",0,"S2_mem","Ghana","women_iron","Water and sanitation",9,0.105233038927824,1.57917846515457,1.15143636467183,0.124937531234383,0.343578210894553
"admin1",0,"S2_mem","Ghana","women_vitA","Adult nutrition",9,0.0834777054723367,1.23884102686533,0.501719615707829,0.267366316841579,0.630220603983722
"admin1",0,"S2_mem","Ghana","women_vitA","Agricultural production, land use",93,0.0726672772225338,1.08819555751259,0.207698356290731,0.351824087956022,0.710367038702871
"admin1",0,"S2_mem","Ghana","women_vitA","Built environment",12,0.130820640567797,1.92813317962723,1.64793088055746,0.0699650174912544,0.577211394302849
"admin1",0,"S2_mem","Ghana","women_vitA","Climate and weather",41,0.0486255035898049,0.726224678539759,-0.531970585680856,0.646176911544228,0.732233883058471
"admin1",0,"S2_mem","Ghana","women_vitA","Dietary diversity",11,0.0330013744754458,0.50423639677799,-0.761488552571301,0.792603698150925,0.792603698150925
"admin1",0,"S2_mem","Ghana","women_vitA","Ecosystem productivity/greenness",16,0.0528204668736297,0.776905532843676,-0.298896458277931,0.503748125937031,0.710367038702871
"admin1",0,"S2_mem","Ghana","women_vitA","Education, employment, SES",9,0.050846818983036,0.75108073468798,-0.372144695652417,0.561719140429785,0.710367038702871
"admin1",0,"S2_mem","Ghana","women_vitA","Fertility, reproductive health",23,0.0678281694063004,0.999968729050094,-5.55453588575128e-05,0.382308845577211,0.710367038702871
"admin1",0,"S2_mem","Ghana","women_vitA","Food fortification and supplementation",6,0.0929383971586411,1.39404067010482,0.600122193836136,0.237381309345327,0.624149463729674
"admin1",0,"S2_mem","Ghana","women_vitA","Healthcare access",6,0.103248915627948,1.5555805990493,0.705511783945251,0.184907546226887,0.624149463729674
"admin1",0,"S2_mem","Ghana","women_vitA","Household assets and characteristics",12,0.0608502079723862,0.910079457317295,-0.140665517600303,0.431284357821089,0.710367038702871
"admin1",0,"S2_mem","Ghana","women_vitA","Infant and child morbidity/mortality",37,0.0836599594702215,1.24220415832004,0.649117424061661,0.217391304347826,0.624149463729674
"admin1",0,"S2_mem","Ghana","women_vitA","Malaria incidence and treatment",23,0.140619858581871,2.07953825147049,1.83529544080638,0.0589705147426287,0.577211394302849
"admin1",0,"S2_mem","Ghana","women_vitA","Ruralness, population density, built environment",9,0.350786264128482,5.14146764521085,3.8111594036759,0.00649675162418791,0.214392803598201
"admin1",0,"S2_mem","Ghana","women_vitA","Soil characteristics",45,0.0589013290256876,0.888531596426971,-0.239682049320983,0.515242378810595,0.710367038702871
"admin1",0,"S2_mem","Ghana","women_vitA","Water and sanitation",9,0.0961663869924201,1.4464557580384,0.911600401672504,0.171414292853573,0.624149463729674
"admin1",0,"S2_mem","Ghana","women_folate","Adult nutrition",9,0.108864988899153,1.61128671157013,1.30060653425186,0.110444777611194,0.257077343681101
"admin1",0,"S2_mem","Ghana","women_folate","Agricultural production, land use",93,0.126731387246032,1.9070631114363,2.30303737477096,0.0259870064967516,0.0857571214392804
"admin1",0,"S2_mem","Ghana","women_folate","Built environment",12,0.179209643890396,2.67907200402948,3.03170560612511,0.0144927536231884,0.0683229813664596
"admin1",0,"S2_mem","Ghana","women_folate","Climate and weather",41,0.0678887875420686,1.00457342912563,0.00914908365088802,0.409295352323838,0.562781109445277
"admin1",0,"S2_mem","Ghana","women_folate","Dietary diversity",11,0.0706251064476087,1.07035705168531,0.110740665691957,0.337331334332834,0.486865263020664
"admin1",0,"S2_mem","Ghana","women_folate","Ecosystem productivity/greenness",16,0.199783887983292,3.01904166529401,2.93238436687348,0.024487756121939,0.0857571214392804
"admin1",0,"S2_mem","Ghana","women_folate","Education, employment, SES",9,0.0806598314708944,1.22257144441114,0.329231757149515,0.269365317341329,0.444452773613193
"admin1",0,"S2_mem","Ghana","women_folate","Fertility, reproductive health",23,0.069520401545841,1.04705893225615,0.0821620000181894,0.339330334832584,0.486865263020664
"admin1",0,"S2_mem","Ghana","women_folate","Food fortification and supplementation",6,0.0870701584459815,1.24979728915032,0.379610334483369,0.285857071464268,0.449203969443849
"admin1",0,"S2_mem","Ghana","women_folate","Healthcare access",6,0.0496439723642922,0.736037494152797,-0.368294586133765,0.544727636181909,0.691385076692423
"admin1",0,"S2_mem","Ghana","women_folate","Household assets and characteristics",12,0.101472503001546,1.54334067584807,0.885176575175338,0.15192403798101,0.278527402965184
"admin1",0,"S2_mem","Ghana","women_folate","Infant and child morbidity/mortality",37,0.101978795802406,1.50397058152772,1.40975299093081,0.103948025987006,0.257077343681101
"admin1",0,"S2_mem","Ghana","women_folate","Malaria incidence and treatment",23,0.107562226118919,1.62972871590521,1.07335536756404,0.132433783108446,0.257077343681101
"admin1",0,"S2_mem","Ghana","women_folate","Ruralness, population density, built environment",9,0.141985775818586,2.16028816942815,1.02008535365306,0.131934032983508,0.257077343681101
"admin1",0,"S2_mem","Ghana","women_folate","Soil characteristics",45,0.112883252344244,1.6693569679468,1.51316588494773,0.0859570214892554,0.257077343681101
"admin1",0,"S2_mem","Ghana","women_folate","Water and sanitation",9,0.103856545620318,1.56213845358818,1.14617306486804,0.131434282858571,0.257077343681101
"admin1",0,"S2_mem","Ghana","women_b12","Adult nutrition",9,0.0799124258058826,1.1784456793823,0.38244611878085,0.313343328335832,0.577211394302849
"admin1",0,"S2_mem","Ghana","women_b12","Agricultural production, land use",93,0.0815273814990216,1.20682868267493,0.521369595589221,0.272363818090955,0.577211394302849
"admin1",0,"S2_mem","Ghana","women_b12","Built environment",12,0.0263986280645965,0.396715654427293,-1.08838292997725,0.902048975512244,0.967693572568554
"admin1",0,"S2_mem","Ghana","women_b12","Climate and weather",41,0.0363968949867151,0.530013209456112,-0.918647912854279,0.847576211894053,0.964483275603578
"admin1",0,"S2_mem","Ghana","women_b12","Dietary diversity",11,0.0476449223928301,0.714545061468898,-0.436755357666577,0.595702148925537,0.786326836581709
"admin1",0,"S2_mem","Ghana","women_b12","Ecosystem productivity/greenness",16,0.00665798621363716,0.0966976515238314,-1.23826501033434,0.999000499750125,0.999000499750125
"admin1",0,"S2_mem","Ghana","women_b12","Education, employment, SES",9,0.113307221506139,1.65831780846403,0.979842285939457,0.139430284857571,0.460119940029985
"admin1",0,"S2_mem","Ghana","women_b12","Fertility, reproductive health",23,0.0672327543209033,0.993119442060438,-0.0123458373595552,0.389805097451274,0.612550867423431
"admin1",0,"S2_mem","Ghana","women_b12","Food fortification and supplementation",6,0.0777898360821186,1.15887586538576,0.247567410237989,0.326836581709145,0.577211394302849
"admin1",0,"S2_mem","Ghana","women_b12","Healthcare access",6,0.258373328372112,3.98171778506434,3.91667273733328,0.00549725137431284,0.0604697651174413
"admin1",0,"S2_mem","Ghana","women_b12","Household assets and characteristics",12,0.0546730249773277,0.817853336208738,-0.286493903486682,0.52023988005997,0.715329835082459
"admin1",0,"S2_mem","Ghana","women_b12","Infant and child morbidity/mortality",37,0.0389241194154465,0.579468595993733,-1.16720668800295,0.909045477261369,0.967693572568554
"admin1",0,"S2_mem","Ghana","women_b12","Malaria incidence and treatment",23,0.0895429087724502,1.32398137443473,0.55999175127457,0.246376811594203,0.577211394302849
"admin1",0,"S2_mem","Ghana","women_b12","Ruralness, population density, built environment",9,0.0220510509868683,0.331164063599829,-0.603968518851176,0.666166916541729,0.845519547918348
"admin1",0,"S2_mem","Ghana","women_b12","Soil characteristics",45,0.0466974961807275,0.684841916179288,-0.700511710547043,0.737631184407796,0.901549225387306
"admin1",0,"S2_mem","Ghana","women_b12","Water and sanitation",9,0.0372807389433129,0.553471903609903,-0.919430096084067,0.819090454772614,0.964483275603578
"admin1",0,"S2_mem","Ghana","child_iron","Adult nutrition",9,0.0745689999425052,1.11603392874169,0.258368336593387,0.349825087456272,0.673688155922039
"admin1",0,"S2_mem","Ghana","child_iron","Agricultural production, land use",93,0.0683732317204441,1.03200622541119,0.0794756832266409,0.408295852073963,0.673688155922039
"admin1",0,"S2_mem","Ghana","child_iron","Built environment",12,0.109663799980891,1.64589628584676,1.16037491271961,0.115942028985507,0.505059970014992
"admin1",0,"S2_mem","Ghana","child_iron","Climate and weather",41,0.114127796352475,1.72883850704127,1.46726658639001,0.0899550224887556,0.505059970014992
"admin1",0,"S2_mem","Ghana","child_iron","Dietary diversity",11,0.0586765870141283,0.896049968120248,-0.170475071801186,0.472263868065967,0.683418290854573
"admin1",0,"S2_mem","Ghana","child_iron","Ecosystem productivity/greenness",16,0.102268467281755,1.5215820577684,0.721093678350824,0.176911544227886,0.605697151424288
"admin1",0,"S2_mem","Ghana","child_iron","Education, employment, SES",9,0.0532512049648537,0.801224646518871,-0.292599783410716,0.517741129435282,0.683418290854573
"admin1",0,"S2_mem","Ghana","child_iron","Fertility, reproductive health",23,0.0432916525776956,0.650446905071991,-0.627160373859254,0.715142428785607,0.786656671664168
"admin1",0,"S2_mem","Ghana","child_iron","Food fortification and supplementation",6,0.0705617709748593,1.05287310653992,0.0812473531505924,0.383808095952024,0.673688155922039
"admin1",0,"S2_mem","Ghana","child_iron","Healthcare access",6,0.0556771111822202,0.845882658531198,-0.198457582604212,0.463768115942029,0.683418290854573
"admin1",0,"S2_mem","Ghana","child_iron","Household assets and characteristics",12,0.0526328472716978,0.785156487595917,-0.337760503030509,0.541729135432284,0.687579287279437
"admin1",0,"S2_mem","Ghana","child_iron","Infant and child morbidity/mortality",37,0.0702420646858459,1.05201055513673,0.146567373873266,0.391304347826087,0.673688155922039
"admin1",0,"S2_mem","Ghana","child_iron","Malaria incidence and treatment",23,0.0940821241481218,1.41397651748573,0.717877260469813,0.201899050474763,0.605697151424288
"admin1",0,"S2_mem","Ghana","child_iron","Ruralness, population density, built environment",9,0.176257297605135,2.63836893932751,1.43584315766204,0.0919540229885057,0.505059970014992
"admin1",0,"S2_mem","Ghana","child_iron","Soil characteristics",45,0.117137284155133,1.77108753649864,1.72527471986729,0.063968015992004,0.505059970014992
"admin1",0,"S2_mem","Ghana","child_iron","Water and sanitation",9,0.0923928014689445,1.38861592163308,0.828003230057801,0.1944027986007,0.605697151424288
"admin1",0,"S2_mem","Ghana","child_vitA","Adult nutrition",9,0.0944143102460799,1.38752541800489,0.774179842600918,0.19640179910045,0.779235382308846
"admin1",0,"S2_mem","Ghana","child_vitA","Agricultural production, land use",93,0.0427567228576845,0.637155736094739,-0.821332477825917,0.792603698150925,0.949073850171688
"admin1",0,"S2_mem","Ghana","child_vitA","Built environment",12,0.0580591437844346,0.870770943086421,-0.229660052362298,0.509245377311344,0.863068465767116
"admin1",0,"S2_mem","Ghana","child_vitA","Climate and weather",41,0.0306867898749994,0.458799354101685,-1.03092407917182,0.891554222888556,0.949073850171688
"admin1",0,"S2_mem","Ghana","child_vitA","Dietary diversity",11,0.0466593905571045,0.721384759879564,-0.46548601713418,0.613193403298351,0.919790104947526
"admin1",0,"S2_mem","Ghana","child_vitA","Ecosystem productivity/greenness",16,0.0750393362801675,1.1076704827467,0.138087747805146,0.31984007996002,0.779235382308846
"admin1",0,"S2_mem","Ghana","child_vitA","Education, employment, SES",9,0.025565515747262,0.38116494782796,-0.884744310244078,0.883058470764618,0.949073850171688
"admin1",0,"S2_mem","Ghana","child_vitA","Fertility, reproductive health",23,0.0251962933633949,0.371462083988104,-1.16342729282748,0.95752123938031,0.95752123938031
"admin1",0,"S2_mem","Ghana","child_vitA","Food fortification and supplementation",6,0.0236379170770978,0.354129724987678,-1.0109328948864,0.876061969015492,0.949073850171688
"admin1",0,"S2_mem","Ghana","child_vitA","Healthcare access",6,0.083550949439003,1.27141892683592,0.378308209180986,0.255372313843078,0.779235382308846
"admin1",0,"S2_mem","Ghana","child_vitA","Household assets and characteristics",12,0.0331899361141666,0.497735239352643,-0.804611444986389,0.829585207396302,0.949073850171688
"admin1",0,"S2_mem","Ghana","child_vitA","Infant and child morbidity/mortality",37,0.0754674583925352,1.12879416064531,0.377311906019942,0.318840579710145,0.779235382308846
"admin1",0,"S2_mem","Ghana","child_vitA","Malaria incidence and treatment",23,0.0549688511125093,0.824546295021293,-0.289771018235765,0.541229385307346,0.863068465767116
"admin1",0,"S2_mem","Ghana","child_vitA","Ruralness, population density, built environment",9,0.114339020989133,1.73876660951194,0.685494414394886,0.181409295352324,0.779235382308846
"admin1",0,"S2_mem","Ghana","child_vitA","Soil characteristics",45,0.0402446526606368,0.596515013007835,-0.827057748578199,0.820089955022489,0.949073850171688
"admin1",0,"S2_mem","Ghana","child_vitA","Water and sanitation",9,0.0770865301665059,1.1471884923804,0.291387146055421,0.320339830084958,0.779235382308846
"admin1",15,"S0_none","Malawi","child_vitA","Adult and maternal mortality",9,0.0515214296127955,0.92389458633442,-0.114415566014279,0.447776111944028,0.520343276637543
"admin1",15,"S0_none","Malawi","child_vitA","Adult nutrition",9,0.0569544255145455,1.00811274510701,0.015819347080161,0.417791104447776,0.520343276637543
"admin1",15,"S0_none","Malawi","child_vitA","Agricultural production, land use",92,0.0583577647619449,1.04230887790481,0.0988385478919555,0.375812093953024,0.516741629185407
"admin1",15,"S0_none","Malawi","child_vitA","Built environment",12,0.0321286859685345,0.580844132260024,-0.770073650285443,0.76311844077961,0.786965892053973
"admin1",15,"S0_none","Malawi","child_vitA","Climate and weather",41,0.031401906466985,0.569471077622323,-0.655039729406198,0.708145927036482,0.753832761038835
"admin1",15,"S0_none","Malawi","child_vitA","Dietary diversity",11,0.0628808316330146,1.11213042344683,0.191888956610168,0.318340829585207,0.456749885926602
"admin1",15,"S0_none","Malawi","child_vitA","Ecosystem productivity/greenness",16,0.0250194116784453,0.446735046773269,-0.74497213197715,0.789105447276362,0.789105447276362
"admin1",15,"S0_none","Malawi","child_vitA","Education, employment, SES",9,0.0882535952754919,1.5649404810277,0.741144684365984,0.178910544727636,0.281145141714857
"admin1",15,"S0_none","Malawi","child_vitA","Fertility, reproductive health",23,0.0958625256821832,1.72503512832906,1.79954601174502,0.0594702648675662,0.130834582708646
"admin1",15,"S0_none","Malawi","child_vitA","Food fortification and supplementation",6,0.150068263138624,2.61569530728911,2.17436068740906,0.039480259870065,0.0930606125508674
"admin1",15,"S0_none","Malawi","child_vitA","Healthcare access",6,0.0880118371233542,1.58438019082305,0.579357857767887,0.193903048475762,0.290854572713643
"admin1",15,"S0_none","Malawi","child_vitA","Household assets and characteristics",12,0.104808941031409,1.83820577325885,1.23495631784396,0.114442778610695,0.209811760786274
"admin1",15,"S0_none","Malawi","child_vitA","Infant and child morbidity/mortality",37,0.0452909528845203,0.817535896236943,-0.541363462441231,0.666166916541729,0.732783608195902
"admin1",15,"S0_none","Malawi","child_vitA","Malaria incidence and treatment",23,0.104957667702556,1.87670341593237,1.67497294017998,0.0719640179910045,0.148425787106447
"admin1",15,"S0_none","Malawi","child_vitA","Ruralness, population density, built environment",9,0.0482611520330776,0.863816118606295,-0.150551022419894,0.408295852073963,0.520343276637543
"admin1",15,"S0_none","Malawi","child_vitA","Soil characteristics",45,0.0522042735921779,0.936064616568933,-0.134453355739882,0.457271364317841,0.520343276637543
"admin1",15,"S0_none","Malawi","child_vitA","Water and sanitation",8,0.0514756370324608,0.95152142389651,-0.079920429881679,0.434282858570715,0.520343276637543
"admin1",15,"S0_none","Malawi","child_zinc","Adult and maternal mortality",9,0.0304112565492054,0.564590760744635,-0.633218084349653,0.702648675662169,0.889055472263868
"admin1",15,"S0_none","Malawi","child_zinc","Adult nutrition",9,0.0412444855284487,0.733916186069485,-0.517062347788481,0.655172413793103,0.889055472263868
"admin1",15,"S0_none","Malawi","child_zinc","Agricultural production, land use",92,0.0345971954091061,0.620773115232806,-0.902087872587151,0.840579710144927,0.889055472263868
"admin1",15,"S0_none","Malawi","child_zinc","Built environment",12,0.0550623421458243,0.978169012148879,-0.0391195922903485,0.441779110444778,0.889055472263868
"admin1",15,"S0_none","Malawi","child_zinc","Climate and weather",41,0.0221318582232697,0.404951043163865,-0.870497250347452,0.84807596201899,0.889055472263868
"admin1",15,"S0_none","Malawi","child_zinc","Dietary diversity",11,0.0279984745093553,0.499177469943902,-0.858292300391341,0.837581209395302,0.889055472263868
"admin1",15,"S0_none","Malawi","child_zinc","Ecosystem productivity/greenness",16,0.0509574619084561,0.91266743759229,-0.119120410368951,0.424787606196902,0.889055472263868
"admin1",15,"S0_none","Malawi","child_zinc","Education, employment, SES",9,0.0166489836845556,0.297718756532203,-0.940215719215034,0.889055472263868,0.889055472263868
"admin1",15,"S0_none","Malawi","child_zinc","Fertility, reproductive health",23,0.046407965831331,0.836496209631442,-0.409208342327895,0.618190904547726,0.889055472263868
"admin1",15,"S0_none","Malawi","child_zinc","Food fortification and supplementation",6,0.132644318386213,2.37138387065379,1.9211042297202,0.0579710144927536,0.889055472263868
"admin1",15,"S0_none","Malawi","child_zinc","Healthcare access",6,0.0150619874261266,0.266465430978743,-0.746957911546214,0.824087956021989,0.889055472263868
"admin1",15,"S0_none","Malawi","child_zinc","Household assets and characteristics",12,0.048094032325532,0.866694794521933,-0.194357455347026,0.457771114442779,0.889055472263868
"admin1",15,"S0_none","Malawi","child_zinc","Infant and child morbidity/mortality",37,0.0438775341737327,0.790299344327619,-0.641351792523866,0.713143428285857,0.889055472263868
"admin1",15,"S0_none","Malawi","child_zinc","Malaria incidence and treatment",23,0.0368035331880999,0.663161227216726,-0.646499343480912,0.702148925537231,0.889055472263868
"admin1",15,"S0_none","Malawi","child_zinc","Ruralness, population density, built environment",9,0.0464512494150321,0.820098866789255,-0.202086775186304,0.43928035982009,0.889055472263868
"admin1",15,"S0_none","Malawi","child_zinc","Soil characteristics",45,0.0282321490230404,0.506992185409255,-1.04461939001151,0.887556221889055,0.889055472263868
"admin1",15,"S0_none","Malawi","child_zinc","Water and sanitation",8,0.0783608865246904,1.40587275005504,0.672995879228149,0.195902048975512,0.889055472263868
"admin1",15,"S0_none","Malawi","women_folate","Adult and maternal mortality",9,0.0530515785841546,0.57398229279021,-0.640255747389323,0.695152423788106,0.906921539230385
"admin1",15,"S0_none","Malawi","women_folate","Adult nutrition",9,0.057248448234439,0.626996321815978,-0.804518800862645,0.780609695152424,0.906921539230385
"admin1",15,"S0_none","Malawi","women_folate","Agricultural production, land use",92,0.124362195780751,1.35320797498402,0.854554129170555,0.173413293353323,0.906921539230385
"admin1",15,"S0_none","Malawi","women_folate","Built environment",12,0.0689401655926901,0.744437432790863,-0.480933820019444,0.627686156921539,0.906921539230385
"admin1",15,"S0_none","Malawi","women_folate","Climate and weather",41,0.187862458106163,2.08583541695927,1.69373806346916,0.072463768115942,0.906921539230385
"admin1",15,"S0_none","Malawi","women_folate","Dietary diversity",11,0.0507974986131688,0.548398018159057,-0.88887942526909,0.839580209895052,0.906921539230385
"admin1",15,"S0_none","Malawi","women_folate","Ecosystem productivity/greenness",16,0.155567085678428,1.70694293583484,1.02093122709096,0.137931034482759,0.906921539230385
"admin1",15,"S0_none","Malawi","women_folate","Education, employment, SES",9,0.0357364358659739,0.382865834680608,-0.935863509131598,0.853573213393303,0.906921539230385
"admin1",15,"S0_none","Malawi","women_folate","Fertility, reproductive health",23,0.0771139916299431,0.834234098949805,-0.430986909140626,0.615192403798101,0.906921539230385
"admin1",15,"S0_none","Malawi","women_folate","Food fortification and supplementation",6,0.0820526216105338,0.89561057469089,-0.157902704936206,0.469765117441279,0.906921539230385
"admin1",15,"S0_none","Malawi","women_folate","Healthcare access",6,0.0354340807704049,0.369115519780713,-0.70112342066514,0.745627186406797,0.906921539230385
"admin1",15,"S0_none","Malawi","women_folate","Household assets and characteristics",12,0.115338787371091,1.23984528013204,0.355911576670573,0.261369315342329,0.906921539230385
"admin1",15,"S0_none","Malawi","women_folate","Infant and child morbidity/mortality",37,0.0791724813197919,0.869657461324248,-0.390214107507807,0.602698650674663,0.906921539230385
"admin1",15,"S0_none","Malawi","women_folate","Malaria incidence and treatment",23,0.105723623584185,1.16058050103722,0.320780379996012,0.328335832083958,0.906921539230385
"admin1",15,"S0_none","Malawi","women_folate","Ruralness, population density, built environment",9,0.00898394420823112,0.0987789938290818,-1.05067411161106,0.989005497251374,0.989005497251374
"admin1",15,"S0_none","Malawi","women_folate","Soil characteristics",45,0.0900816310371085,0.980518456331201,-0.0435523923675612,0.436781609195402,0.906921539230385
"admin1",15,"S0_none","Malawi","women_folate","Water and sanitation",8,0.0889999190470488,0.99100051470871,-0.0167643777332582,0.44727636181909,0.906921539230385
"admin1",15,"S0_none","Malawi","child_iron","Adult and maternal mortality",9,0.0267546440364666,0.484620280418347,-0.758693115670899,0.777611194402799,0.88486791087215
"admin1",15,"S0_none","Malawi","child_iron","Adult nutrition",9,0.0514476788124055,0.92861369990209,-0.138060637807383,0.483258370814593,0.569554508460056
"admin1",15,"S0_none","Malawi","child_iron","Agricultural production, land use",92,0.124230533454261,2.27320797477163,3.0736238877316,0.00849575212393803,0.0350449775112444
"admin1",15,"S0_none","Malawi","child_iron","Built environment",12,0.0961391444605695,1.75742521313633,1.41008152165425,0.100449775112444,0.174465398879508
"admin1",15,"S0_none","Malawi","child_iron","Climate and weather",41,0.153015036207357,2.81265775534105,2.80985889254239,0.015992003998001,0.0586373479926703
"admin1",15,"S0_none","Malawi","child_iron","Dietary diversity",11,0.0176244116394189,0.314374392288494,-1.12175049442863,0.956021989005497,0.985897676161919
"admin1",15,"S0_none","Malawi","child_iron","Ecosystem productivity/greenness",16,0.0613741739189229,1.11911449974336,0.156050136551858,0.302348825587206,0.399100449775112
"admin1",15,"S0_none","Malawi","child_iron","Education, employment, SES",9,0.0217940050731619,0.400723288728889,-0.827183419235661,0.816591704147926,0.898250874562719
"admin1",15,"S0_none","Malawi","child_iron","Fertility, reproductive health",23,0.0119891772730384,0.216671489010889,-1.88586320678457,0.999500249875062,0.999500249875062
"admin1",15,"S0_none","Malawi","child_iron","Food fortification and supplementation",6,0.129009134922549,2.28120954601763,1.74547059604275,0.0614692653673163,0.119322691595379
"admin1",15,"S0_none","Malawi","child_iron","Healthcare access",6,0.0500032628581721,0.919747226909848,-0.0834366064849651,0.371314342828586,0.467266366816592
"admin1",15,"S0_none","Malawi","child_iron","Household assets and characteristics",12,0.0199423440197107,0.356657316315244,-1.01334976735489,0.905547226386807,0.963969628089181
"admin1",15,"S0_none","Malawi","child_iron","Infant and child morbidity/mortality",37,0.0727535595144766,1.31715675032853,0.97349256802582,0.157421289355322,0.247376311844078
"admin1",15,"S0_none","Malawi","child_iron","Malaria incidence and treatment",23,0.0680034143645922,1.22628465902687,0.415868730037572,0.269365317341329,0.395085066162571
"admin1",15,"S0_none","Malawi","child_iron","Ruralness, population density, built environment",9,0.0679945401900208,1.21823674423212,0.245901834014507,0.27536231884058,0.395085066162571
"admin1",15,"S0_none","Malawi","child_iron","Soil characteristics",45,0.0947647301875972,1.69431133920465,1.51492249447183,0.0804597701149425,0.147509578544061
"admin1",15,"S0_none","Malawi","child_iron","Water and sanitation",8,0.0562797098411046,1.03720757731409,0.0596578601867164,0.382308845577211,0.467266366816592
"admin1",15,"S0_none","Malawi","women_iron","Adult and maternal mortality",9,0.173358507467887,1.69527463783169,0.990918145470744,0.144427786106947,0.340436924394945
"admin1",15,"S0_none","Malawi","women_iron","Adult nutrition",9,0.0765829241745745,0.763845488229583,-0.551696965014183,0.671664167916042,0.852496828508822
"admin1",15,"S0_none","Malawi","women_iron","Agricultural production, land use",92,0.0436099734522538,0.440454326115013,-1.45321440505997,0.975512243878061,0.975512243878061
"admin1",15,"S0_none","Malawi","women_iron","Built environment",12,0.11928492269449,1.22156082344361,0.43134555269598,0.296851574212894,0.480616834439923
"admin1",15,"S0_none","Malawi","women_iron","Climate and weather",41,0.0492347199895377,0.483766090690657,-0.840795817041647,0.79160419790105,0.893303348325837
"admin1",15,"S0_none","Malawi","women_iron","Dietary diversity",11,0.114344873149285,1.16645728970201,0.354018798418226,0.303348325837081,0.480616834439923
"admin1",15,"S0_none","Malawi","women_iron","Ecosystem productivity/greenness",16,0.0599565862880166,0.597775051253595,-0.567073856835224,0.656671664167916,0.852496828508822
"admin1",15,"S0_none","Malawi","women_iron","Education, employment, SES",9,0.178376640080725,1.75547633758335,1.15993670384408,0.122938530734633,0.312074731864837
"admin1",15,"S0_none","Malawi","women_iron","Fertility, reproductive health",23,0.0914036818575232,0.916074379826596,-0.232346803618371,0.549225387306347,0.755184907546227
"admin1",15,"S0_none","Malawi","women_iron","Food fortification and supplementation",6,0.0346127645174352,0.350071572897405,-1.03155457166325,0.877561219390305,0.934178072254195
"admin1",15,"S0_none","Malawi","women_iron","Healthcare access",6,0.117130319824806,1.17449966891602,0.198047777379585,0.305847076461769,0.480616834439923
"admin1",15,"S0_none","Malawi","women_iron","Household assets and characteristics",12,0.220834408357662,2.20379190527762,1.86298170898871,0.0584707646176912,0.197901049475262
"admin1",15,"S0_none","Malawi","women_iron","Infant and child morbidity/mortality",37,0.100301805256112,0.992711778381696,-0.0220193976750578,0.480759620189905,0.689785542011603
"admin1",15,"S0_none","Malawi","women_iron","Malaria incidence and treatment",23,0.0564460377655578,0.569932335076127,-0.92626399183598,0.812093953023488,0.893303348325837
"admin1",15,"S0_none","Malawi","women_iron","Ruralness, population density, built environment",9,0.0342577136599685,0.353386431855876,-0.700302134431837,0.753623188405797,0.888198757763975
"admin1",15,"S0_none","Malawi","women_iron","Soil characteristics",45,0.0354983451634133,0.355910257333995,-1.38504735002886,0.973013493253373,0.975512243878061
"admin1",15,"S0_none","Malawi","women_iron","Water and sanitation",8,0.0987882250610584,0.986897185589085,-0.0254156621080942,0.444277861069465,0.666416791604198
"admin1",15,"S0_none","Malawi","women_zinc","Adult and maternal mortality",9,0.018049289304677,0.192040979841932,-1.25416115509607,0.969515242378811,0.969515242378811
"admin1",15,"S0_none","Malawi","women_zinc","Adult nutrition",9,0.123452867060127,1.33985054614861,0.736773747982415,0.215392303848076,0.699483591537565
"admin1",15,"S0_none","Malawi","women_zinc","Agricultural production, land use",92,0.0815816838503875,0.887294189075286,-0.283064940221533,0.546226886556722,0.84416882467857
"admin1",15,"S0_none","Malawi","women_zinc","Built environment",12,0.0247988189171375,0.26971233833468,-1.37942180130219,0.968015992003998,0.969515242378811
"admin1",15,"S0_none","Malawi","women_zinc","Climate and weather",41,0.0429173359567347,0.463588469824147,-0.875096141481094,0.8015992003998,0.969515242378811
"admin1",15,"S0_none","Malawi","women_zinc","Dietary diversity",11,0.113446862954159,1.23260133322862,0.458853135471863,0.24687656171914,0.699483591537565
"admin1",15,"S0_none","Malawi","women_zinc","Ecosystem productivity/greenness",16,0.0743768640915789,0.8109370563318,-0.268609053400573,0.494252873563218,0.840229885057471
"admin1",15,"S0_none","Malawi","women_zinc","Education, employment, SES",9,0.0421641067784379,0.454069149940313,-0.84905525342918,0.7976011994003,0.969515242378811
"admin1",15,"S0_none","Malawi","women_zinc","Fertility, reproductive health",23,0.119574310850006,1.30232621218083,0.820666459744613,0.201399300349825,0.699483591537565
"admin1",15,"S0_none","Malawi","women_zinc","Food fortification and supplementation",6,0.225129505841288,2.51526983376937,2.24937065173595,0.0389805097451274,0.365317341329335
"admin1",15,"S0_none","Malawi","women_zinc","Healthcare access",6,0.220301932377191,2.37223499067185,1.53360070448276,0.0844577711144428,0.478594036315176
"admin1",15,"S0_none","Malawi","women_zinc","Household assets and characteristics",12,0.219151249214125,2.40313011988392,2.18225377950949,0.0429785107446277,0.365317341329335
"admin1",15,"S0_none","Malawi","women_zinc","Infant and child morbidity/mortality",37,0.0736552641758618,0.813450925492839,-0.568186524199819,0.688655672163918,0.969515242378811
"admin1",15,"S0_none","Malawi","women_zinc","Malaria incidence and treatment",23,0.0918472095840064,1.00661122661056,0.0135042057469902,0.430284857571214,0.840229885057471
"admin1",15,"S0_none","Malawi","women_zinc","Ruralness, population density, built environment",9,0.0174513553868096,0.194969814836607,-0.901926653482315,0.937531234382809,0.969515242378811
"admin1",15,"S0_none","Malawi","women_zinc","Soil characteristics",45,0.0890528212907637,0.958504280406918,-0.0937283713154728,0.456771614192904,0.840229885057471
"admin1",15,"S0_none","Malawi","women_zinc","Water and sanitation",8,0.0844314266146756,0.930437523448338,-0.129265155401688,0.494252873563218,0.840229885057471
"admin1",15,"S0_none","Ghana","women_iron","Adult nutrition",9,0.19565995108317,2.51713254726987,3.05316623088723,0.0114942528735632,0.177286356821589
"admin1",15,"S0_none","Ghana","women_iron","Agricultural production, land use",93,0.177065982786317,2.28498986033528,2.17220182222045,0.0429785107446277,0.177286356821589
"admin1",15,"S0_none","Ghana","women_iron","Built environment",12,0.181209999493672,2.36578974725814,2.35158718620001,0.0344827586206897,0.177286356821589
"admin1",15,"S0_none","Ghana","women_iron","Climate and weather",41,0.170181701203623,2.21057756238394,1.80783892316463,0.0654672663668166,0.197901049475262
"admin1",15,"S0_none","Ghana","women_iron","Dietary diversity",11,0.196644416705489,2.4885669796377,2.24145257886184,0.0414792603698151,0.177286356821589
"admin1",15,"S0_none","Ghana","women_iron","Ecosystem productivity/greenness",16,0.222488933924285,2.87677175328151,2.39971611840738,0.0324837581209395,0.177286356821589
"admin1",15,"S0_none","Ghana","women_iron","Education, employment, SES",9,0.123516193499092,1.61179480472655,0.722045334158905,0.176411794102949,0.363849325337331
"admin1",15,"S0_none","Ghana","women_iron","Fertility, reproductive health",23,0.210846343958034,2.73078881693669,2.76824621042951,0.0224887556221889,0.177286356821589
"admin1",15,"S0_none","Ghana","women_iron","Food fortification and supplementation",6,0.10055748278551,1.31460220323739,0.510307122716547,0.261369315342329,0.480616834439923
"admin1",15,"S0_none","Ghana","women_iron","Healthcare access",6,0.181214422874199,2.34503602332598,1.66035211776657,0.0749625187406297,0.206146926536732
"admin1",15,"S0_none","Ghana","women_iron","Household assets and characteristics",12,0.193175772665569,2.51351769793686,1.848376696558,0.0659670164917541,0.197901049475262
"admin1",15,"S0_none","Ghana","women_iron","Infant and child morbidity/mortality",37,0.18617722903389,2.41017139466742,3.64868463047408,0.00399800099950025,0.131934032983508
"admin1",15,"S0_none","Ghana","women_iron","Malaria incidence and treatment",23,0.0958161890277359,1.23071328383225,0.36780674164962,0.293353323338331,0.480616834439923
"admin1",15,"S0_none","Ghana","women_iron","Ruralness, population density, built environment",9,0.0169647710143992,0.219510085013599,-0.665065966577735,0.705147426286857,0.861846854350602
"admin1",15,"S0_none","Ghana","women_iron","Soil characteristics",45,0.119047256583118,1.54162241942893,0.955038668030423,0.154922538730635,0.340829585207396
"admin1",15,"S0_none","Ghana","women_iron","Water and sanitation",9,0.207545987544298,2.6592895516791,2.65165248581245,0.0249875062468766,0.177286356821589
"admin1",15,"S0_none","Ghana","child_iron","Adult nutrition",9,0.233454733658321,3.22932928378935,4.24954465819584,0.00399800099950025,0.0263868065967016
"admin1",15,"S0_none","Ghana","child_iron","Agricultural production, land use",93,0.320817394515336,4.4071910903797,5.41629203635124,0.00149925037481259,0.0123688155922039
"admin1",15,"S0_none","Ghana","child_iron","Built environment",12,0.199752262657254,2.79206202603787,2.82544885765654,0.0184907546226887,0.0610194902548726
"admin1",15,"S0_none","Ghana","child_iron","Climate and weather",41,0.330340760736627,4.56141290271183,5.06695847850074,0.00149925037481259,0.0123688155922039
"admin1",15,"S0_none","Ghana","child_iron","Dietary diversity",11,0.187750643986531,2.62555402557928,2.52885903064015,0.0314842578710645,0.0758620689655172
"admin1",15,"S0_none","Ghana","child_iron","Ecosystem productivity/greenness",16,0.205171501387015,2.82001521881382,2.17981335897663,0.0494752623688156,0.102042728635682
"admin1",15,"S0_none","Ghana","child_iron","Education, employment, SES",9,0.225719535305437,3.11048762434805,2.41953069036515,0.0344827586206897,0.0758620689655172
"admin1",15,"S0_none","Ghana","child_iron","Fertility, reproductive health",23,0.187557578376372,2.58837545159597,2.49690791530291,0.0329835082458771,0.0758620689655172
"admin1",15,"S0_none","Ghana","child_iron","Food fortification and supplementation",6,0.112807387836101,1.59581077855109,0.965667752482129,0.147426286856572,0.243253373313343
"admin1",15,"S0_none","Ghana","child_iron","Healthcare access",6,0.234184157255552,3.2166105218708,2.57379028249734,0.0284857571214393,0.0758620689655172
"admin1",15,"S0_none","Ghana","child_iron","Household assets and characteristics",12,0.250454005414771,3.4707905302581,2.94417888471521,0.0209895052473763,0.0629685157421289
"admin1",15,"S0_none","Ghana","child_iron","Infant and child morbidity/mortality",37,0.158615274011924,2.20157824804854,3.2174900338864,0.0079960019990005,0.0350449775112444
"admin1",15,"S0_none","Ghana","child_iron","Malaria incidence and treatment",23,0.284950468557211,3.96538803397747,4.48328408063333,0.00149925037481259,0.0123688155922039
"admin1",15,"S0_none","Ghana","child_iron","Ruralness, population density, built environment",9,0.0850224644203391,1.20968220476645,0.174719661577363,0.289855072463768,0.398550724637681
"admin1",15,"S0_none","Ghana","child_iron","Soil characteristics",45,0.31870719480314,4.43104228173214,5.68076962797661,0.000499750124937531,0.0123688155922039
"admin1",15,"S0_none","Ghana","child_iron","Water and sanitation",9,0.231991580657668,3.23338699269673,3.74299877355465,0.0079960019990005,0.0350449775112444
"admin1",15,"S0_none","Ghana","child_vitA","Adult nutrition",9,0.253501008109132,3.48988533092265,4.88575742893557,0.000999500249875062,0.0109945027486257
"admin1",15,"S0_none","Ghana","child_vitA","Agricultural production, land use",93,0.267195510729308,3.73998973917947,4.5379979069298,0.00299850074962519,0.018847718997644
"admin1",15,"S0_none","Ghana","child_vitA","Built environment",12,0.231532122860399,3.26802295742132,3.69372380893224,0.00349825087456272,0.018847718997644
"admin1",15,"S0_none","Ghana","child_vitA","Climate and weather",41,0.254477467208075,3.58608451954836,3.77774785188076,0.00399800099950025,0.018847718997644
"admin1",15,"S0_none","Ghana","child_vitA","Dietary diversity",11,0.134075542023212,1.87524371302701,1.33063055703017,0.0944527736131934,0.183349501719728
"admin1",15,"S0_none","Ghana","child_vitA","Ecosystem productivity/greenness",16,0.212032557427619,2.98362008383354,2.39488770416006,0.0384807596201899,0.0930606125508674
"admin1",15,"S0_none","Ghana","child_vitA","Education, employment, SES",9,0.286197790944677,3.90349730433188,3.35095227954912,0.0119940029985007,0.0395802098950525
"admin1",15,"S0_none","Ghana","child_vitA","Fertility, reproductive health",23,0.315728226240203,4.33681304956746,5.62373922265204,0.000499750124937531,0.00824587706146927
"admin1",15,"S0_none","Ghana","child_vitA","Food fortification and supplementation",6,0.119787491917868,1.66590006302269,1.14176571673584,0.134432783608196,0.221814092953523
"admin1",15,"S0_none","Ghana","child_vitA","Healthcare access",6,0.485643182881426,6.63686149847795,6.65480063540644,0.000499750124937531,0.00824587706146927
"admin1",15,"S0_none","Ghana","child_vitA","Household assets and characteristics",12,0.262792823286378,3.6755927156717,3.29152441353121,0.0139930034982509,0.0419790104947526
"admin1",15,"S0_none","Ghana","child_vitA","Infant and child morbidity/mortality",37,0.174006147116062,2.40243447642968,3.77041668893918,0.00249875062468766,0.018847718997644
"admin1",15,"S0_none","Ghana","child_vitA","Malaria incidence and treatment",23,0.192798072411369,2.71027086701355,2.6200815759999,0.024487756121939,0.0673413293353323
"admin1",15,"S0_none","Ghana","child_vitA","Ruralness, population density, built environment",9,0.165106696745551,2.32433682426586,1.11203468987378,0.124937531234383,0.216996764775507
"admin1",15,"S0_none","Ghana","child_vitA","Soil characteristics",45,0.217225949902537,3.00743202321014,3.46488108685313,0.0104947526236882,0.0384807596201899
"admin1",15,"S0_none","Ghana","child_vitA","Water and sanitation",9,0.252193201041827,3.51301349487424,4.35199958176516,0.00499750124937531,0.0206146926536732
"admin1",15,"S1_latlon","Malawi","child_vitA","Adult and maternal mortality",9,0.0518417844907409,0.930823203748273,-0.0976670431046074,0.430284857571214,0.546130780763464
"admin1",15,"S1_latlon","Malawi","child_vitA","Adult nutrition",9,0.105679152428652,1.90304938271656,1.95810129542784,0.0399800099950025,0.18847718997644
"admin1",15,"S1_latlon","Malawi","child_vitA","Agricultural production, land use",92,0.0771791502504285,1.38831546267233,1.01296225042541,0.150424787606197,0.344127936031984
"admin1",15,"S1_latlon","Malawi","child_vitA","Built environment",12,0.0564456805423366,1.02523415223221,0.0460630639354127,0.414292853573213,0.546130780763464
"admin1",15,"S1_latlon","Malawi","child_vitA","Climate and weather",41,0.0461913094093238,0.841364047718179,-0.236323751255241,0.474262868565717,0.579654617135877
"admin1",15,"S1_latlon","Malawi","child_vitA","Dietary diversity",11,0.0842604413742807,1.48662052008788,0.829769176764344,0.170914542728636,0.352511244377811
"admin1",15,"S1_latlon","Malawi","child_vitA","Ecosystem productivity/greenness",16,0.0375467641111792,0.664352610187574,-0.425090005041797,0.568715642178911,0.605406973932389
"admin1",15,"S1_latlon","Malawi","child_vitA","Education, employment, SES",9,0.193049357724998,3.43313218629246,3.26674898509303,0.0164917541229385,0.18847718997644
"admin1",15,"S1_latlon","Malawi","child_vitA","Fertility, reproductive health",23,0.109648517153312,1.97686122373396,2.31807842045709,0.0304847576211894,0.18847718997644
"admin1",15,"S1_latlon","Malawi","child_vitA","Food fortification and supplementation",6,0.157053598425659,2.77190871507884,2.39936948127951,0.0344827586206897,0.18847718997644
"admin1",15,"S1_latlon","Malawi","child_vitA","Healthcare access",6,0.15566939696962,2.73934143915679,1.76687563253357,0.0709645177411294,0.262035648842246
"admin1",15,"S1_latlon","Malawi","child_vitA","Household assets and characteristics",12,0.169068274660006,2.96564607715853,2.73267303925974,0.0239880059970015,0.18847718997644
"admin1",15,"S1_latlon","Malawi","child_vitA","Infant and child morbidity/mortality",37,0.0510611063010252,0.92670815906326,-0.201214909258041,0.527236381809095,0.579960019990005
"admin1",15,"S1_latlon","Malawi","child_vitA","Malaria incidence and treatment",23,0.133027088496277,2.36352155792559,2.6657901220797,0.0199900049975013,0.18847718997644
"admin1",15,"S1_latlon","Malawi","child_vitA","Ruralness, population density, built environment",9,0.0641132728220986,1.14767051877185,0.160565270260468,0.294352823588206,0.440258131803663
"admin1",15,"S1_latlon","Malawi","child_vitA","Soil characteristics",45,0.0893586568735016,1.61622735358683,1.45696859307014,0.0949525237381309,0.298350824587706
"admin1",15,"S1_latlon","Malawi","child_vitA","Water and sanitation",8,0.0673702749607205,1.24726760206192,0.407235074458867,0.272863568215892,0.440258131803663
"admin1",15,"S1_latlon","Malawi","child_zinc","Adult and maternal mortality",9,0.0212295048303912,0.387426793342672,-0.821618871944392,0.825087456271864,0.825087456271864
"admin1",15,"S1_latlon","Malawi","child_zinc","Adult nutrition",9,0.0634543120002376,1.14041721376944,0.307341355007455,0.325337331334333,0.722705314009662
"admin1",15,"S1_latlon","Malawi","child_zinc","Agricultural production, land use",92,0.0583306006118095,1.04531959875579,0.120801234401158,0.375312343828086,0.722705314009662
"admin1",15,"S1_latlon","Malawi","child_zinc","Built environment",12,0.0678020241098333,1.21372828425141,0.384227322113768,0.290854572713643,0.722705314009662
"admin1",15,"S1_latlon","Malawi","child_zinc","Climate and weather",41,0.0823387383718432,1.50977912528546,0.765050111676426,0.181409295352324,0.722705314009662
"admin1",15,"S1_latlon","Malawi","child_zinc","Dietary diversity",11,0.0369892089934605,0.662506739058078,-0.589735456881255,0.68615692153923,0.729041729135432
"admin1",15,"S1_latlon","Malawi","child_zinc","Ecosystem productivity/greenness",16,0.0488800861235334,0.862621288099689,-0.176004218970793,0.433783108445777,0.722705314009662
"admin1",15,"S1_latlon","Malawi","child_zinc","Education, employment, SES",9,0.0360571133137283,0.661414481435581,-0.470980965650321,0.610194902548726,0.722705314009662
"admin1",15,"S1_latlon","Malawi","child_zinc","Fertility, reproductive health",23,0.0463909458248414,0.833536688938223,-0.401093950121671,0.598700649675162,0.722705314009662
"admin1",15,"S1_latlon","Malawi","child_zinc","Food fortification and supplementation",6,0.140793707251417,2.56160987795315,2.23401667003262,0.0339830084957521,0.577711144427786
"admin1",15,"S1_latlon","Malawi","child_zinc","Healthcare access",6,0.0344006342693488,0.616410028993333,-0.407184589235513,0.541729135432284,0.722705314009662
"admin1",15,"S1_latlon","Malawi","child_zinc","Household assets and characteristics",12,0.0474528880265411,0.869522073290763,-0.187032278341624,0.461769115442279,0.722705314009662
"admin1",15,"S1_latlon","Malawi","child_zinc","Infant and child morbidity/mortality",37,0.0502215110661351,0.902330360154229,-0.278303038754617,0.560219890054973,0.722705314009662
"admin1",15,"S1_latlon","Malawi","child_zinc","Malaria incidence and treatment",23,0.0425410607083705,0.760838655385387,-0.47431777951517,0.63768115942029,0.722705314009662
"admin1",15,"S1_latlon","Malawi","child_zinc","Ruralness, population density, built environment",9,0.0374943416741486,0.671382831495016,-0.369053423977565,0.52223888055972,0.722705314009662
"admin1",15,"S1_latlon","Malawi","child_zinc","Soil characteristics",45,0.0701951832234333,1.26590042016334,0.631151800483963,0.226886556721639,0.722705314009662
"admin1",15,"S1_latlon","Malawi","child_zinc","Water and sanitation",8,0.0627990679821053,1.13613123350737,0.220930570581437,0.310344827586207,0.722705314009662
"admin1",15,"S1_latlon","Malawi","women_folate","Adult and maternal mortality",9,0.0900387958431639,0.960198610680808,-0.0544729624581067,0.410294852573713,0.510351966873706
"admin1",15,"S1_latlon","Malawi","women_folate","Adult nutrition",9,0.0944567678033452,1.05095570970278,0.118821113219506,0.420289855072464,0.510351966873706
"admin1",15,"S1_latlon","Malawi","women_folate","Agricultural production, land use",92,0.157612270604734,1.73009328825941,1.93176028520294,0.0474762618690655,0.201774112943528
"admin1",15,"S1_latlon","Malawi","women_folate","Built environment",12,0.108612174145406,1.16807065540792,0.298909153024887,0.334332833583208,0.510351966873706
"admin1",15,"S1_latlon","Malawi","women_folate","Climate and weather",41,0.279818173476943,3.09855115641899,3.18780706951521,0.0114942528735632,0.195402298850575
"admin1",15,"S1_latlon","Malawi","women_folate","Dietary diversity",11,0.0760312993621543,0.82106143366207,-0.313832996649673,0.553223388305847,0.588861819090455
"admin1",15,"S1_latlon","Malawi","women_folate","Ecosystem productivity/greenness",16,0.26636043215529,2.94638992452099,2.60589024813531,0.0324837581209395,0.201774112943528
"admin1",15,"S1_latlon","Malawi","women_folate","Education, employment, SES",9,0.0699468955726189,0.754172386171713,-0.364373128569783,0.554222888555722,0.588861819090455
"admin1",15,"S1_latlon","Malawi","women_folate","Fertility, reproductive health",23,0.11712963635908,1.26675135650937,0.664873412987446,0.230884557721139,0.472930201565884
"admin1",15,"S1_latlon","Malawi","women_folate","Food fortification and supplementation",6,0.121341878872642,1.34023935749994,0.546145847938205,0.250374812593703,0.472930201565884
"admin1",15,"S1_latlon","Malawi","women_folate","Healthcare access",6,0.173913750166122,1.83309856013304,1.08392669245237,0.132933533233383,0.376645010827919
"admin1",15,"S1_latlon","Malawi","women_folate","Household assets and characteristics",12,0.256743308139936,2.76814377361144,2.36263997678918,0.0364817591204398,0.201774112943528
"admin1",15,"S1_latlon","Malawi","women_folate","Infant and child morbidity/mortality",37,0.101332211197925,1.12056702274432,0.34499810334879,0.35232383808096,0.510351966873706
"admin1",15,"S1_latlon","Malawi","women_folate","Malaria incidence and treatment",23,0.146708257357559,1.61144064382545,1.19380041334207,0.12343828085957,0.376645010827919
"admin1",15,"S1_latlon","Malawi","women_folate","Ruralness, population density, built environment",9,0.0351015834269439,0.382051547080912,-0.685079719250703,0.722138930534733,0.722138930534733
"admin1",15,"S1_latlon","Malawi","women_folate","Soil characteristics",45,0.11650229292625,1.2675151117623,0.581130681034522,0.239880059970015,0.472930201565884
"admin1",15,"S1_latlon","Malawi","women_folate","Water and sanitation",8,0.0961660510433809,1.07621766036966,0.13579449345837,0.363818090954523,0.510351966873706
"admin1",15,"S1_latlon","Malawi","child_iron","Adult and maternal mortality",9,0.0574869127720747,1.04064935516467,0.054861914925757,0.373813093453273,0.783792314369131
"admin1",15,"S1_latlon","Malawi","child_iron","Adult nutrition",9,0.0539474016743051,0.97807886371337,-0.0463833486298912,0.451274362818591,0.783792314369131
"admin1",15,"S1_latlon","Malawi","child_iron","Agricultural production, land use",92,0.106899626373619,1.9602425893539,2.50157104857513,0.0219890054972514,0.537631184407796
"admin1",15,"S1_latlon","Malawi","child_iron","Built environment",12,0.103097502400068,1.89076686217868,1.60913415548417,0.0814592703648176,0.537631184407796
"admin1",15,"S1_latlon","Malawi","child_iron","Climate and weather",41,0.14163792758469,2.64198314334703,2.43416652038954,0.0349825087456272,0.537631184407796
"admin1",15,"S1_latlon","Malawi","child_iron","Dietary diversity",11,0.0113200820168903,0.203243324429813,-1.32389048893766,0.991504247876062,0.991504247876062
"admin1",15,"S1_latlon","Malawi","child_iron","Ecosystem productivity/greenness",16,0.0658293074112607,1.22895464644888,0.290718114080044,0.263368315842079,0.668550340214508
"admin1",15,"S1_latlon","Malawi","child_iron","Education, employment, SES",9,0.026261888641268,0.471598383362226,-0.743744816348481,0.765617191404298,0.914114371385736
"admin1",15,"S1_latlon","Malawi","child_iron","Fertility, reproductive health",23,0.0188718489106209,0.3402464295772,-1.55529429579906,0.981509245377311,0.991504247876062
"admin1",15,"S1_latlon","Malawi","child_iron","Food fortification and supplementation",6,0.0729969113143735,1.29146161290302,0.405372465682448,0.251874062968516,0.668550340214508
"admin1",15,"S1_latlon","Malawi","child_iron","Healthcare access",6,0.0372199497410645,0.675227490633085,-0.340083282964409,0.490754622688656,0.792978510744628
"admin1",15,"S1_latlon","Malawi","child_iron","Household assets and characteristics",12,0.0714847358766594,1.27113587307849,0.394692152747618,0.250874562718641,0.668550340214508
"admin1",15,"S1_latlon","Malawi","child_iron","Infant and child morbidity/mortality",37,0.0725013800647205,1.31005078024637,0.874355527284204,0.177911044477761,0.668550340214508
"admin1",15,"S1_latlon","Malawi","child_iron","Malaria incidence and treatment",23,0.0895130340331982,1.60812361865503,1.15975593921366,0.121939030484758,0.668550340214508
"admin1",15,"S1_latlon","Malawi","child_iron","Ruralness, population density, built environment",9,0.145682158759914,2.70744160390387,1.9029058842814,0.055472263868066,0.537631184407796
"admin1",15,"S1_latlon","Malawi","child_iron","Soil characteristics",45,0.0911185626250435,1.65252844462673,1.57672862744971,0.0749625187406297,0.537631184407796
"admin1",15,"S1_latlon","Malawi","child_iron","Water and sanitation",8,0.0526519818105071,0.966143926795466,-0.0542196979156779,0.421289355322339,0.783792314369131
"admin1",15,"S1_latlon","Malawi","women_iron","Adult and maternal mortality",9,0.348273724419972,3.3792812390297,3.4957457742114,0.00599700149925037,0.0989505247376312
"admin1",15,"S1_latlon","Malawi","women_iron","Adult nutrition",9,0.111146983431216,1.0939343496689,0.214306465356181,0.372313843078461,0.585064610551867
"admin1",15,"S1_latlon","Malawi","women_iron","Agricultural production, land use",92,0.0772704004038422,0.772019675951688,-0.59139006394227,0.696151924037981,0.765767116441779
"admin1",15,"S1_latlon","Malawi","women_iron","Built environment",12,0.142303097253771,1.44889778023144,0.801130704800202,0.19240379810095,0.44087956021989
"admin1",15,"S1_latlon","Malawi","women_iron","Climate and weather",41,0.0881442445168454,0.858458393907336,-0.210552413473248,0.461269365317341,0.661821263281403
"admin1",15,"S1_latlon","Malawi","women_iron","Dietary diversity",11,0.151236594557827,1.53371414325742,0.973873166238571,0.154922538730635,0.402145081305501
"admin1",15,"S1_latlon","Malawi","women_iron","Ecosystem productivity/greenness",16,0.0752224235249038,0.74371668065898,-0.336157392609187,0.519740129935032,0.686056971514243
"admin1",15,"S1_latlon","Malawi","women_iron","Education, employment, SES",9,0.271845989903683,2.64030998744464,2.43988265835333,0.0274862568715642,0.148425787106447
"admin1",15,"S1_latlon","Malawi","women_iron","Fertility, reproductive health",23,0.140986683800917,1.40147311777322,1.05231268564485,0.150924537731134,0.402145081305501
"admin1",15,"S1_latlon","Malawi","women_iron","Food fortification and supplementation",6,0.0481966289222067,0.475597475685459,-0.934381748062143,0.816591704147926,0.842110194902549
"admin1",15,"S1_latlon","Malawi","women_iron","Healthcare access",6,0.149832385389212,1.49354276190253,0.663175991738414,0.20039980009995,0.44087956021989
"admin1",15,"S1_latlon","Malawi","women_iron","Household assets and characteristics",12,0.276395640913148,2.74963902911578,2.43213754035589,0.0314842578710645,0.148425787106447
"admin1",15,"S1_latlon","Malawi","women_iron","Infant and child morbidity/mortality",37,0.154465736634754,1.51563798347357,1.40836367885199,0.0929535232383808,0.306746626686657
"admin1",15,"S1_latlon","Malawi","women_iron","Malaria incidence and treatment",23,0.0776220412495589,0.774802473563311,-0.430416899731896,0.606696651674163,0.712557514346275
"admin1",15,"S1_latlon","Malawi","women_iron","Ruralness, population density, built environment",9,0.0441535283461516,0.450068340075133,-0.55388695397533,0.622188905547226,0.712557514346275
"admin1",15,"S1_latlon","Malawi","women_iron","Soil characteristics",45,0.0654040492376388,0.647864244928181,-0.717936324914822,0.746126936531734,0.794264158243459
"admin1",15,"S1_latlon","Malawi","women_iron","Water and sanitation",8,0.110139047639336,1.09628816227782,0.169578424633814,0.354822588705647,0.585064610551867
"admin1",15,"S1_latlon","Malawi","women_zinc","Adult and maternal mortality",9,0.0305838371135901,0.333564270428627,-0.944089216261849,0.862068965517241,0.862068965517241
"admin1",15,"S1_latlon","Malawi","women_zinc","Adult nutrition",9,0.124998800072709,1.37783186789904,0.868890901669549,0.191904047976012,0.362485423954689
"admin1",15,"S1_latlon","Malawi","women_zinc","Agricultural production, land use",92,0.114771312963648,1.25873392930821,0.689622240984193,0.226386806596702,0.384857571214393
"admin1",15,"S1_latlon","Malawi","women_zinc","Built environment",12,0.0463756557537928,0.510039633012409,-0.900487406677969,0.815092453773113,0.862068965517241
"admin1",15,"S1_latlon","Malawi","women_zinc","Climate and weather",41,0.194106543457498,2.12192249175114,1.66360871338821,0.0704647676161919,0.32647961733419
"admin1",15,"S1_latlon","Malawi","women_zinc","Dietary diversity",11,0.112689482476531,1.25048824022831,0.448331584542354,0.258870564717641,0.400072690927264
"admin1",15,"S1_latlon","Malawi","women_zinc","Ecosystem productivity/greenness",16,0.154081920153568,1.68899324336668,0.898871271048074,0.154922538730635,0.329210394802599
"admin1",15,"S1_latlon","Malawi","women_zinc","Education, employment, SES",9,0.0919002885279941,1.00294530827211,0.00440427849880551,0.408295852073963,0.533925345019798
"admin1",15,"S1_latlon","Malawi","women_zinc","Fertility, reproductive health",23,0.137594927106413,1.50926636102463,1.27591608269323,0.107446276861569,0.32647961733419
"admin1",15,"S1_latlon","Malawi","women_zinc","Food fortification and supplementation",6,0.228095029217141,2.55259584676806,2.51339110011629,0.023488255872064,0.32647961733419
"admin1",15,"S1_latlon","Malawi","women_zinc","Healthcare access",6,0.168371905210139,1.85525659064171,1.0690177712939,0.134432783608196,0.32647961733419
"admin1",15,"S1_latlon","Malawi","women_zinc","Household assets and characteristics",12,0.234812377691111,2.63819935027196,2.23667354269929,0.0409795102448776,0.32647961733419
"admin1",15,"S1_latlon","Malawi","women_zinc","Infant and child morbidity/mortality",37,0.0750200474567049,0.835886887344009,-0.465129191509745,0.642678660669665,0.780395516527451
"admin1",15,"S1_latlon","Malawi","women_zinc","Malaria incidence and treatment",23,0.145678313474492,1.61434076107197,1.22142966849318,0.11744127936032,0.32647961733419
"admin1",15,"S1_latlon","Malawi","women_zinc","Ruralness, population density, built environment",9,0.023516571926797,0.267263416589175,-0.785894724271954,0.837581209395302,0.862068965517241
"admin1",15,"S1_latlon","Malawi","women_zinc","Soil characteristics",45,0.148550236648114,1.6108424653598,1.32266965502912,0.101949025487256,0.32647961733419
"admin1",15,"S1_latlon","Malawi","women_zinc","Water and sanitation",8,0.104234685803103,1.16133914755123,0.278331165745013,0.311344327836082,0.441071131101116
"admin1",15,"S1_latlon","Ghana","women_iron","Adult nutrition",9,0.114525968037302,1.48020989415651,0.97021630000101,0.158420789605197,0.402145081305501
"admin1",15,"S1_latlon","Ghana","women_iron","Agricultural production, land use",93,0.168550025611071,2.18576020300254,3.05634851213633,0.00949525237381309,0.104447776111944
"admin1",15,"S1_latlon","Ghana","women_iron","Built environment",12,0.0969572362382168,1.24648233534659,0.444964407234701,0.265867066466767,0.521322671997335
"admin1",15,"S1_latlon","Ghana","women_iron","Climate and weather",41,0.152745571766895,1.99283129401943,1.94003775507046,0.0509745127436282,0.186906546726637
"admin1",15,"S1_latlon","Ghana","women_iron","Dietary diversity",11,0.0931974022215219,1.20563561282304,0.311194640485086,0.270864567716142,0.521322671997335
"admin1",15,"S1_latlon","Ghana","women_iron","Ecosystem productivity/greenness",16,0.0907154789049008,1.19820065326104,0.253357118730871,0.284357821089455,0.521322671997335
"admin1",15,"S1_latlon","Ghana","women_iron","Education, employment, SES",9,0.0168408000243187,0.218468825837725,-1.05004680510467,0.955022488755622,0.955022488755622
"admin1",15,"S1_latlon","Ghana","women_iron","Fertility, reproductive health",23,0.0709920080735946,0.923322531649036,-0.145924600054991,0.452773613193403,0.661821263281403
"admin1",15,"S1_latlon","Ghana","women_iron","Food fortification and supplementation",6,0.0857765570365371,1.12820592214046,0.216843844186689,0.345327336331834,0.585064610551867
"admin1",15,"S1_latlon","Ghana","women_iron","Healthcare access",6,0.0469388736926721,0.618830643235405,-0.507712057587879,0.626186906546727,0.712557514346275
"admin1",15,"S1_latlon","Ghana","women_iron","Household assets and characteristics",12,0.0598923890054628,0.770580540370124,-0.37683086511074,0.567216391804098,0.712557514346275
"admin1",15,"S1_latlon","Ghana","women_iron","Infant and child morbidity/mortality",37,0.167371610781957,2.14319037255032,3.4546397028854,0.00449775112443778,0.0989505247376312
"admin1",15,"S1_latlon","Ghana","women_iron","Malaria incidence and treatment",23,0.163148875584954,2.12580269469931,2.11357411471957,0.047976011994003,0.186906546726637
"admin1",15,"S1_latlon","Ghana","women_iron","Ruralness, population density, built environment",9,0.0435643697827528,0.567672735738486,-0.367854109050626,0.48375812093953,0.665167416291854
"admin1",15,"S1_latlon","Ghana","women_iron","Soil characteristics",45,0.15459459995559,2.00550979831484,2.57418809832282,0.0169915042478761,0.140179910044978
"admin1",15,"S1_latlon","Ghana","women_iron","Water and sanitation",9,0.185805993584293,2.3875246734968,2.47011404296482,0.0289855072463768,0.148425787106447
"admin1",15,"S1_latlon","Ghana","child_iron","Adult nutrition",9,0.0214546565649409,0.302262681587297,-1.38424874696142,0.967016491754123,0.991504247876062
"admin1",15,"S1_latlon","Ghana","child_iron","Agricultural production, land use",93,0.0524397542777806,0.736298319004285,-0.73839775284835,0.755622188905547,0.914114371385736
"admin1",15,"S1_latlon","Ghana","child_iron","Built environment",12,0.0944426022908015,1.34157726925218,0.619700187123474,0.213893053473263,0.668550340214508
"admin1",15,"S1_latlon","Ghana","child_iron","Climate and weather",41,0.0399881399245747,0.553449678558212,-0.904826893760229,0.832583708145927,0.947422840303986
"admin1",15,"S1_latlon","Ghana","child_iron","Dietary diversity",11,0.0530736313011984,0.74287204085576,-0.391570819088508,0.576711644177911,0.792978510744628
"admin1",15,"S1_latlon","Ghana","child_iron","Ecosystem productivity/greenness",16,0.0597616374050568,0.837532161459301,-0.205880909039467,0.451274362818591,0.783792314369131
"admin1",15,"S1_latlon","Ghana","child_iron","Education, employment, SES",9,0.0325134854197403,0.466583656730784,-0.706579893873386,0.76711644177911,0.914114371385736
"admin1",15,"S1_latlon","Ghana","child_iron","Fertility, reproductive health",23,0.060051476323293,0.84324719091984,-0.298845736336371,0.526736631684158,0.792978510744628
"admin1",15,"S1_latlon","Ghana","child_iron","Food fortification and supplementation",6,0.0708033143752354,0.996729834835915,-0.00550907138044526,0.418290854572714,0.783792314369131
"admin1",15,"S1_latlon","Ghana","child_iron","Healthcare access",6,0.0129977920318298,0.183225356409474,-1.0093115592649,0.952523738130934,0.991504247876062
"admin1",15,"S1_latlon","Ghana","child_iron","Household assets and characteristics",12,0.0969831552060325,1.36408228004279,0.585352897004955,0.218890554722639,0.668550340214508
"admin1",15,"S1_latlon","Ghana","child_iron","Infant and child morbidity/mortality",37,0.0543264449275834,0.76209599794701,-0.741419934814056,0.775612193903048,0.914114371385736
"admin1",15,"S1_latlon","Ghana","child_iron","Malaria incidence and treatment",23,0.0557061562388163,0.794095799799456,-0.377933514671713,0.56671664167916,0.792978510744628
"admin1",15,"S1_latlon","Ghana","child_iron","Ruralness, population density, built environment",9,0.107369861271654,1.54013351550145,0.461975200219774,0.220389805097451,0.668550340214508
"admin1",15,"S1_latlon","Ghana","child_iron","Soil characteristics",45,0.0628802022560389,0.879518824454871,-0.299474859089547,0.560219890054973,0.792978510744628
"admin1",15,"S1_latlon","Ghana","child_iron","Water and sanitation",9,0.0723835131888806,1.02522698127657,0.0491087097612696,0.39880059970015,0.783792314369131
"admin1",15,"S1_latlon","Ghana","child_vitA","Adult nutrition",9,0.107820283532007,1.48424793732318,0.949460871219118,0.156421789105447,0.344127936031984
"admin1",15,"S1_latlon","Ghana","child_vitA","Agricultural production, land use",93,0.0846757695806098,1.18806081334937,0.50828538011166,0.272363818090955,0.440258131803663
"admin1",15,"S1_latlon","Ghana","child_vitA","Built environment",12,0.0814033162204613,1.15644723152972,0.271704008788332,0.306846576711644,0.440258131803663
"admin1",15,"S1_latlon","Ghana","child_vitA","Climate and weather",41,0.063425910747058,0.876690838961063,-0.256888813022358,0.523238380809595,0.579960019990005
"admin1",15,"S1_latlon","Ghana","child_vitA","Dietary diversity",11,0.08144724605035,1.16888632130809,0.254914762851537,0.299850074962519,0.440258131803663
"admin1",15,"S1_latlon","Ghana","child_vitA","Ecosystem productivity/greenness",16,0.024273251595637,0.341459749621121,-0.796459398214107,0.861069465267366,0.861069465267366
"admin1",15,"S1_latlon","Ghana","child_vitA","Education, employment, SES",9,0.126358738686814,1.7452584361795,0.975706245073303,0.142928535732134,0.344127936031984
"admin1",15,"S1_latlon","Ghana","child_vitA","Fertility, reproductive health",23,0.133846051940284,1.87590388786706,1.61283046255862,0.071464267866067,0.262035648842246
"admin1",15,"S1_latlon","Ghana","child_vitA","Food fortification and supplementation",6,0.0547303703124517,0.766790650834603,-0.387632168018654,0.6031984007996,0.622048350824588
"admin1",15,"S1_latlon","Ghana","child_vitA","Healthcare access",6,0.331997454413136,4.63542688835541,4.40772822192823,0.00299850074962519,0.0989505247376312
"admin1",15,"S1_latlon","Ghana","child_vitA","Household assets and characteristics",12,0.0590582348504624,0.830317873580537,-0.272421476027655,0.492253873063468,0.579960019990005
"admin1",15,"S1_latlon","Ghana","child_vitA","Infant and child morbidity/mortality",37,0.0785491428374677,1.08649921257894,0.249844773224916,0.35832083958021,0.492691154422789
"admin1",15,"S1_latlon","Ghana","child_vitA","Malaria incidence and treatment",23,0.0827811711748652,1.15019805888571,0.273714213393773,0.306346826586707,0.440258131803663
"admin1",15,"S1_latlon","Ghana","child_vitA","Ruralness, population density, built environment",9,0.140378226479178,2.00851647820536,0.851907638252379,0.147926036981509,0.344127936031984
"admin1",15,"S1_latlon","Ghana","child_vitA","Soil characteristics",45,0.113350190722676,1.57899706952471,1.42173304293884,0.0994502748625687,0.298350824587706
"admin1",15,"S1_latlon","Ghana","child_vitA","Water and sanitation",9,0.0956731581791714,1.36374136604398,0.728814274392154,0.209395302348826,0.40647323397125
"admin1",15,"S2_mem","Malawi","child_vitA","Adult and maternal mortality",9,0.0640269744200376,1.16138697083449,0.218896042293989,0.303848075962019,0.542491911938767
"admin1",15,"S2_mem","Malawi","child_vitA","Adult nutrition",9,0.105727409604025,1.92686237529825,1.98200199119996,0.0444777611194403,0.293553223388306
"admin1",15,"S2_mem","Malawi","child_vitA","Agricultural production, land use",92,0.0696347261117355,1.26684336093272,0.693799206776043,0.218390804597701,0.503548225887056
"admin1",15,"S2_mem","Malawi","child_vitA","Built environment",12,0.1027752830737,1.87358505527124,1.50918480029147,0.0834582708645677,0.400749625187406
"admin1",15,"S2_mem","Malawi","child_vitA","Climate and weather",41,0.0904984566241162,1.62919736676753,0.833136057385796,0.170914542728636,0.44527736131934
"admin1",15,"S2_mem","Malawi","child_vitA","Dietary diversity",11,0.0505815764338226,0.915046900845268,-0.157241839868011,0.482258870564718,0.663105947026487
"admin1",15,"S2_mem","Malawi","child_vitA","Ecosystem productivity/greenness",16,0.0517959797528983,0.92265028877814,-0.10304346256196,0.410794602698651,0.601590509093279
"admin1",15,"S2_mem","Malawi","child_vitA","Education, employment, SES",9,0.143661623745963,2.56612508876472,2.14566711873732,0.0419790104947526,0.293553223388306
"admin1",15,"S2_mem","Malawi","child_vitA","Fertility, reproductive health",23,0.113470636246301,2.04206993118411,2.35394782852824,0.0229885057471264,0.252873563218391
"admin1",15,"S2_mem","Malawi","child_vitA","Food fortification and supplementation",6,0.0874697965428417,1.56737474736777,0.765572402642322,0.175412293853073,0.44527736131934
"admin1",15,"S2_mem","Malawi","child_vitA","Healthcare access",6,0.0322912561222121,0.564811467637698,-0.483294344883512,0.602698650674663,0.764963672010149
"admin1",15,"S2_mem","Malawi","child_vitA","Household assets and characteristics",12,0.0703317372673257,1.24183009772928,0.360711999859417,0.245877061469265,0.50712143928036
"admin1",15,"S2_mem","Malawi","child_vitA","Infant and child morbidity/mortality",37,0.0580653630921856,1.04862895949118,0.131348463911757,0.381309345327336,0.5992003998001
"admin1",15,"S2_mem","Malawi","child_vitA","Malaria incidence and treatment",23,0.0936608051224539,1.68419254627084,1.32140630098806,0.105947026486757,0.400749625187406
"admin1",15,"S2_mem","Malawi","child_vitA","Ruralness, population density, built environment",9,0.0213223458729617,0.385036473929764,-0.676995143862959,0.75712143928036,0.80596798375006
"admin1",15,"S2_mem","Malawi","child_vitA","Soil characteristics",45,0.033691684368737,0.614020143721105,-0.975562099020094,0.851074462768616,0.877670539730135
"admin1",15,"S2_mem","Malawi","child_vitA","Water and sanitation",8,0.146645115221864,2.70755473964208,2.74007044313078,0.0194902548725637,0.252873563218391
"admin1",15,"S2_mem","Malawi","child_zinc","Adult and maternal mortality",9,0.0331913894871701,0.615517176802295,-0.510590878393068,0.633183408295852,0.768865567216392
"admin1",15,"S2_mem","Malawi","child_zinc","Adult nutrition",9,0.0515259416845141,0.93777071437577,-0.132689015945669,0.503248375812094,0.746210228219224
"admin1",15,"S2_mem","Malawi","child_zinc","Agricultural production, land use",92,0.0521197198604127,0.94287768100741,-0.153570987421353,0.495752123938031,0.746210228219224
"admin1",15,"S2_mem","Malawi","child_zinc","Built environment",12,0.0732501596350627,1.30750046283731,0.541364227449845,0.256371814092954,0.746210228219224
"admin1",15,"S2_mem","Malawi","child_zinc","Climate and weather",41,0.0421408008342244,0.769193369477175,-0.309286564972172,0.508745627186407,0.746210228219224
"admin1",15,"S2_mem","Malawi","child_zinc","Dietary diversity",11,0.0329635933759438,0.58958618446366,-0.75309006502476,0.778610694652674,0.845577211394303
"admin1",15,"S2_mem","Malawi","child_zinc","Ecosystem productivity/greenness",16,0.0825292697961921,1.48288908631076,0.644895142633713,0.194902548725637,0.746210228219224
"admin1",15,"S2_mem","Malawi","child_zinc","Education, employment, SES",9,0.0197725560049171,0.363860400510956,-0.872341565075513,0.845577211394303,0.845577211394303
"admin1",15,"S2_mem","Malawi","child_zinc","Fertility, reproductive health",23,0.0525636173931255,0.957925905842088,-0.0957212369539318,0.482258870564718,0.746210228219224
"admin1",15,"S2_mem","Malawi","child_zinc","Food fortification and supplementation",6,0.11901018848367,2.16341394020803,1.64822540572914,0.0744627686156921,0.696651674162919
"admin1",15,"S2_mem","Malawi","child_zinc","Healthcare access",6,0.029146280369804,0.538947524027477,-0.513925793291737,0.631184407796102,0.768865567216392
"admin1",15,"S2_mem","Malawi","child_zinc","Household assets and characteristics",12,0.109009098245871,2.01164483668461,1.50405153338562,0.0819590204897551,0.696651674162919
"admin1",15,"S2_mem","Malawi","child_zinc","Infant and child morbidity/mortality",37,0.0514663327191161,0.928791868194927,-0.205829521342673,0.526736631684158,0.746210228219224
"admin1",15,"S2_mem","Malawi","child_zinc","Malaria incidence and treatment",23,0.0305693782236681,0.552790208645507,-0.884122408407874,0.813593203398301,0.845577211394303
"admin1",15,"S2_mem","Malawi","child_zinc","Ruralness, population density, built environment",9,0.058911128557894,1.03170093193303,0.0357015338431344,0.343828085957021,0.746210228219224
"admin1",15,"S2_mem","Malawi","child_zinc","Soil characteristics",45,0.072149398179852,1.30256494890174,0.775669468100225,0.20039980009995,0.746210228219224
"admin1",15,"S2_mem","Malawi","child_zinc","Water and sanitation",8,0.0691635884213809,1.23802842142894,0.397104381078555,0.273863068465767,0.746210228219224
"admin1",15,"S2_mem","Malawi","women_folate","Adult and maternal mortality",9,0.0715879495243391,0.763148293472061,-0.33210868339194,0.535732133933034,0.579835082458771
"admin1",15,"S2_mem","Malawi","women_folate","Adult nutrition",9,0.0975691338336324,1.07645574019474,0.173262348370557,0.378810594702649,0.536648342495419
"admin1",15,"S2_mem","Malawi","women_folate","Agricultural production, land use",92,0.163028340859865,1.79251852432792,2.10372044396359,0.0359820089955022,0.203898050974513
"admin1",15,"S2_mem","Malawi","women_folate","Built environment",12,0.128940112179206,1.39843270277675,0.742374787328341,0.210894552723638,0.51824087956022
"admin1",15,"S2_mem","Malawi","women_folate","Climate and weather",41,0.270242754615446,3.00295494238214,2.81918509207943,0.015992003998001,0.203898050974513
"admin1",15,"S2_mem","Malawi","women_folate","Dietary diversity",11,0.070393258638288,0.762517344420186,-0.43380212131892,0.607196401799101,0.607196401799101
"admin1",15,"S2_mem","Malawi","women_folate","Ecosystem productivity/greenness",16,0.239591299210072,2.68105560267098,2.24455717233495,0.0434782608695652,0.203898050974513
"admin1",15,"S2_mem","Malawi","women_folate","Education, employment, SES",9,0.0776829809872019,0.842976956203116,-0.265840253987284,0.535732133933034,0.579835082458771
"admin1",15,"S2_mem","Malawi","women_folate","Fertility, reproductive health",23,0.116954021629966,1.26677588329991,0.643927787900457,0.243878060969515,0.51824087956022
"admin1",15,"S2_mem","Malawi","women_folate","Food fortification and supplementation",6,0.111825534755771,1.24193559120963,0.401475286132016,0.293353323338331,0.536648342495419
"admin1",15,"S2_mem","Malawi","women_folate","Healthcare access",6,0.0992195531482147,1.07267974523457,0.0963379578316217,0.345327336331834,0.536648342495419
"admin1",15,"S2_mem","Malawi","women_folate","Household assets and characteristics",12,0.224481239190792,2.4418523398437,2.07505898651104,0.047976011994003,0.203898050974513
"admin1",15,"S2_mem","Malawi","women_folate","Infant and child morbidity/mortality",37,0.0839184307582833,0.92887380838301,-0.189959182277626,0.52223888055972,0.579835082458771
"admin1",15,"S2_mem","Malawi","women_folate","Malaria incidence and treatment",23,0.117402892200726,1.30465810383358,0.62079949142523,0.241379310344828,0.51824087956022
"admin1",15,"S2_mem","Malawi","women_folate","Ruralness, population density, built environment",9,0.0591274799640171,0.643656802551663,-0.418065127859658,0.545727136431784,0.579835082458771
"admin1",15,"S2_mem","Malawi","women_folate","Soil characteristics",45,0.130385360393507,1.42751124446802,1.04031352514723,0.158920539730135,0.51824087956022
"admin1",15,"S2_mem","Malawi","women_folate","Water and sanitation",8,0.0955869155989964,1.06735237214782,0.120372931090303,0.378810594702649,0.536648342495419
"admin1",15,"S2_mem","Malawi","child_iron","Adult and maternal mortality",9,0.0720912118260391,1.31877490284846,0.43280338730875,0.248375812093953,0.516191904047976
"admin1",15,"S2_mem","Malawi","child_iron","Adult nutrition",9,0.0964648244290101,1.7577872768463,1.59384710380685,0.0749625187406297,0.354572713643178
"admin1",15,"S2_mem","Malawi","child_iron","Agricultural production, land use",92,0.107416689580713,1.97010962981594,2.52641249956811,0.0209895052473763,0.354572713643178
"admin1",15,"S2_mem","Malawi","child_iron","Built environment",12,0.0985237823094235,1.799208871249,1.40580526473617,0.0944527736131934,0.354572713643178
"admin1",15,"S2_mem","Malawi","child_iron","Climate and weather",41,0.138372447189124,2.54736751072773,2.11028073482259,0.0414792603698151,0.354572713643178
"admin1",15,"S2_mem","Malawi","child_iron","Dietary diversity",11,0.0311570317797338,0.569948212118163,-0.762607193001115,0.7936031984008,0.87296351824088
"admin1",15,"S2_mem","Malawi","child_iron","Ecosystem productivity/greenness",16,0.0606895650972705,1.13893379326799,0.179011534194978,0.303348325837081,0.516191904047976
"admin1",15,"S2_mem","Malawi","child_iron","Education, employment, SES",9,0.0286763545989995,0.531902800451807,-0.654388125093197,0.699650174912544,0.796153647314274
"admin1",15,"S2_mem","Malawi","child_iron","Fertility, reproductive health",23,0.0190685208647017,0.344544329986742,-1.45019347268159,0.968515742128936,0.990004997501249
"admin1",15,"S2_mem","Malawi","child_iron","Food fortification and supplementation",6,0.0828881908624118,1.50187344035086,0.695688527069328,0.193903048475762,0.493574641250803
"admin1",15,"S2_mem","Malawi","child_iron","Healthcare access",6,0.125373181323983,2.26085397368936,1.41908756217789,0.0984507746126937,0.354572713643178
"admin1",15,"S2_mem","Malawi","child_iron","Household assets and characteristics",12,0.0484936913085793,0.857744654697893,-0.216902519689757,0.48375812093953,0.694087738739326
"admin1",15,"S2_mem","Malawi","child_iron","Infant and child morbidity/mortality",37,0.0804613664410549,1.45835446553029,1.31574326414242,0.107446276861569,0.354572713643178
"admin1",15,"S2_mem","Malawi","child_iron","Malaria incidence and treatment",23,0.108886001053078,1.9769878484086,1.873245030371,0.0559720139930035,0.354572713643178
"admin1",15,"S2_mem","Malawi","child_iron","Ruralness, population density, built environment",9,0.0818723293589459,1.4954047780623,0.559788900418796,0.209395302348826,0.493574641250803
"admin1",15,"S2_mem","Malawi","child_iron","Soil characteristics",45,0.0920003888474763,1.67016075136877,1.7157066404566,0.0619690154922539,0.354572713643178
"admin1",15,"S2_mem","Malawi","child_iron","Water and sanitation",8,0.0456760057207936,0.839429565443469,-0.25711124415879,0.510244877561219,0.701586706646677
"admin1",15,"S2_mem","Malawi","women_zinc","Adult and maternal mortality",9,0.0493557457017175,0.528766511689369,-0.668828392535362,0.712143928035982,0.807096451774113
"admin1",15,"S2_mem","Malawi","women_zinc","Adult nutrition",9,0.118647977817662,1.2888352813729,0.646093086356757,0.23688155922039,0.503373313343328
"admin1",15,"S2_mem","Malawi","women_zinc","Agricultural production, land use",92,0.100346436122439,1.10199673441597,0.268815559768392,0.350324837581209,0.588167454734171
"admin1",15,"S2_mem","Malawi","women_zinc","Built environment",12,0.0350300379106325,0.388096743666015,-1.11442937151338,0.894052973513243,0.894052973513243
"admin1",15,"S2_mem","Malawi","women_zinc","Climate and weather",41,0.0836169205613186,0.92900904161522,-0.101325356397064,0.44327836081959,0.588167454734171
"admin1",15,"S2_mem","Malawi","women_zinc","Dietary diversity",11,0.119859612314839,1.32618361181124,0.596929126516228,0.222388805597201,0.503373313343328
"admin1",15,"S2_mem","Malawi","women_zinc","Ecosystem productivity/greenness",16,0.0834169312558351,0.907605687659613,-0.116646383452195,0.393803098450775,0.588167454734171
"admin1",15,"S2_mem","Malawi","women_zinc","Education, employment, SES",9,0.0904998508445567,0.976905175420223,-0.0393768578256399,0.449775112443778,0.588167454734171
"admin1",15,"S2_mem","Malawi","women_zinc","Fertility, reproductive health",23,0.126364214734388,1.37869036634125,0.912670759090132,0.178410794602699,0.503373313343328
"admin1",15,"S2_mem","Malawi","women_zinc","Food fortification and supplementation",6,0.228456936238418,2.55144525338929,2.62471311316598,0.015992003998001,0.254872563718141
"admin1",15,"S2_mem","Malawi","women_zinc","Healthcare access",6,0.180697142479844,1.9879385918914,1.24760390215565,0.103448275862069,0.439655172413793
"admin1",15,"S2_mem","Malawi","women_zinc","Household assets and characteristics",12,0.220578229618787,2.46993357922012,2.18739209449894,0.0449775112443778,0.254872563718141
"admin1",15,"S2_mem","Malawi","women_zinc","Infant and child morbidity/mortality",37,0.0772440840025462,0.855477750973442,-0.384821406386575,0.60119940029985,0.730027843221246
"admin1",15,"S2_mem","Malawi","women_zinc","Malaria incidence and treatment",23,0.136868956282483,1.52511807749001,1.10984428225392,0.133933033483258,0.455372313843078
"admin1",15,"S2_mem","Malawi","women_zinc","Ruralness, population density, built environment",9,0.0271897044799872,0.307989811110807,-0.809123794524572,0.84207896051974,0.894052973513243
"admin1",15,"S2_mem","Malawi","women_zinc","Soil characteristics",45,0.170625778168921,1.848633775457,2.09466378979393,0.0379810094952524,0.254872563718141
"admin1",15,"S2_mem","Malawi","women_zinc","Water and sanitation",8,0.0851591071620909,0.952321811652581,-0.0820977807194066,0.444777611194403,0.588167454734171
"admin1",15,"S2_mem","Ghana","women_iron","Adult nutrition",9,0.193290896088894,2.50149302522034,2.8453388229769,0.0179910044977511,0.123938030984508
"admin1",15,"S2_mem","Ghana","women_iron","Agricultural production, land use",93,0.116822902902494,1.51727054699863,1.27244502326021,0.11344327836082,0.302515408962186
"admin1",15,"S2_mem","Ghana","women_iron","Built environment",12,0.0716833002513164,0.91841785983777,-0.165540346974428,0.504747626186906,0.5383974679327
"admin1",15,"S2_mem","Ghana","women_iron","Climate and weather",41,0.0951420693119502,1.22196944704807,0.441010120713263,0.272863568215892,0.436581709145427
"admin1",15,"S2_mem","Ghana","women_iron","Dietary diversity",11,0.0829647762384317,1.07246271294103,0.107867508720851,0.342828585707146,0.488986276092723
"admin1",15,"S2_mem","Ghana","women_iron","Ecosystem productivity/greenness",16,0.076361185257658,1.00396559151907,0.0059139098356486,0.377811094452774,0.488986276092723
"admin1",15,"S2_mem","Ghana","women_iron","Education, employment, SES",9,0.101990195124827,1.35356720720265,0.562213357727237,0.220889555222389,0.39269254261758
"admin1",15,"S2_mem","Ghana","women_iron","Fertility, reproductive health",23,0.174419892360762,2.29173964082536,2.48009976801059,0.0259870064967516,0.123938030984508
"admin1",15,"S2_mem","Ghana","women_iron","Food fortification and supplementation",6,0.0795992762404665,1.03034406381038,0.047903313572439,0.397301349325337,0.488986276092723
"admin1",15,"S2_mem","Ghana","women_iron","Healthcare access",6,0.106655195152402,1.39907529200148,0.546055933581176,0.213893053473263,0.39269254261758
"admin1",15,"S2_mem","Ghana","women_iron","Household assets and characteristics",12,0.181020489594382,2.32644030057329,2.1318516582281,0.0464767616191904,0.148725637181409
"admin1",15,"S2_mem","Ghana","women_iron","Infant and child morbidity/mortality",37,0.13190660628358,1.71734797633824,2.11824348579867,0.0309845077461269,0.123938030984508
"admin1",15,"S2_mem","Ghana","women_iron","Malaria incidence and treatment",23,0.103921029466875,1.33937813674734,0.676256339254232,0.219890054972514,0.39269254261758
"admin1",15,"S2_mem","Ghana","women_iron","Ruralness, population density, built environment",9,0.0124001284076102,0.161525954722609,-0.727237085747706,0.850574712643678,0.850574712643678
"admin1",15,"S2_mem","Ghana","women_iron","Soil characteristics",45,0.0711366243627536,0.93374609549137,-0.16041304939798,0.482758620689655,0.5383974679327
"admin1",15,"S2_mem","Ghana","women_iron","Water and sanitation",9,0.227616202756061,2.94130463023156,3.75871208234585,0.00449775112443778,0.0719640179910045
"admin1",15,"S2_mem","Ghana","child_iron","Adult nutrition",9,0.0645577063859906,0.905466986921778,-0.201714188721856,0.534732633683158,0.705847076461769
"admin1",15,"S2_mem","Ghana","child_iron","Agricultural production, land use",93,0.0972785868938215,1.35369473810514,0.870023142455537,0.194902548725637,0.493574641250803
"admin1",15,"S2_mem","Ghana","child_iron","Built environment",12,0.0891622723941499,1.23051042493858,0.412541908735198,0.27336331834083,0.516191904047976
"admin1",15,"S2_mem","Ghana","child_iron","Climate and weather",41,0.112114112227916,1.59006922287847,1.25092871460407,0.103948025987006,0.354572713643178
"admin1",15,"S2_mem","Ghana","child_iron","Dietary diversity",11,0.0530910708984994,0.733199120981249,-0.397818397179268,0.575212393803098,0.716475095785441
"admin1",15,"S2_mem","Ghana","child_iron","Ecosystem productivity/greenness",16,0.155044550268311,2.12060343692649,1.50267407735332,0.0839580209895052,0.354572713643178
"admin1",15,"S2_mem","Ghana","child_iron","Education, employment, SES",9,0.0123882786061921,0.171084236764619,-1.32511376832118,0.990004997501249,0.990004997501249
"admin1",15,"S2_mem","Ghana","child_iron","Fertility, reproductive health",23,0.0488971384674299,0.675383347651043,-0.615635080485229,0.696651674162919,0.796153647314274
"admin1",15,"S2_mem","Ghana","child_iron","Food fortification and supplementation",6,0.0534457987518541,0.747527881316456,-0.396712931521402,0.586206896551724,0.716475095785441
"admin1",15,"S2_mem","Ghana","child_iron","Healthcare access",6,0.00868671091388198,0.1193918900651,-1.16075419035557,0.985007496251874,0.990004997501249
"admin1",15,"S2_mem","Ghana","child_iron","Household assets and characteristics",12,0.0883277364563922,1.19643625385841,0.319714239071056,0.292353823088456,0.516191904047976
"admin1",15,"S2_mem","Ghana","child_iron","Infant and child morbidity/mortality",37,0.0775934820258464,1.09427516907305,0.283518770108638,0.346826586706647,0.52023988005997
"admin1",15,"S2_mem","Ghana","child_iron","Malaria incidence and treatment",23,0.0828857159941055,1.1647842967759,0.325134965516837,0.331334332833583,0.52023988005997
"admin1",15,"S2_mem","Ghana","child_iron","Ruralness, population density, built environment",9,0.0801199535332466,1.07951600671629,0.0690878793919525,0.312843578210895,0.516191904047976
"admin1",15,"S2_mem","Ghana","child_iron","Soil characteristics",45,0.109990573545756,1.55298953353941,1.23209760787498,0.119940029985007,0.359820089955022
"admin1",15,"S2_mem","Ghana","child_iron","Water and sanitation",9,0.0918179106946773,1.27351143153202,0.522881441334267,0.270364817591204,0.516191904047976
"admin1",15,"S2_mem","Ghana","child_vitA","Adult nutrition",9,0.0842892292530225,1.17310736130525,0.373012827429723,0.312343828085957,0.542491911938767
"admin1",15,"S2_mem","Ghana","child_vitA","Agricultural production, land use",93,0.0744408745381585,1.03726598297391,0.0943666952557332,0.419290354822589,0.601590509093279
"admin1",15,"S2_mem","Ghana","child_vitA","Built environment",12,0.0435486415650812,0.612459689046117,-0.702929593633329,0.746626686656672,0.80596798375006
"admin1",15,"S2_mem","Ghana","child_vitA","Climate and weather",41,0.052324361992771,0.725662671856603,-0.550412296044612,0.659170414792604,0.80565272919096
"admin1",15,"S2_mem","Ghana","child_vitA","Dietary diversity",11,0.120218766263785,1.67533317647959,1.03274411855146,0.12143928035982,0.400749625187406
"admin1",15,"S2_mem","Ghana","child_vitA","Ecosystem productivity/greenness",16,0.0849520264788674,1.17540063441131,0.24350722085284,0.292353823088456,0.542491911938767
"admin1",15,"S2_mem","Ghana","child_vitA","Education, employment, SES",9,0.129502711920376,1.78889202003121,1.22183088116683,0.110944527736132,0.400749625187406
"admin1",15,"S2_mem","Ghana","child_vitA","Fertility, reproductive health",23,0.120717423927848,1.67248041772124,1.3261340578569,0.108445777111444,0.400749625187406
"admin1",15,"S2_mem","Ghana","child_vitA","Food fortification and supplementation",6,0.0175241941548865,0.245920002891051,-1.20044055130289,0.934032983508246,0.934032983508246
"admin1",15,"S2_mem","Ghana","child_vitA","Healthcare access",6,0.264197847301815,3.77293012372704,3.68768495115575,0.0104947526236882,0.252873563218391
"admin1",15,"S2_mem","Ghana","child_vitA","Household assets and characteristics",12,0.0432933141474867,0.592055521035872,-0.677334992007916,0.739630184907546,0.80596798375006
"admin1",15,"S2_mem","Ghana","child_vitA","Infant and child morbidity/mortality",37,0.058029443089613,0.805779242198996,-0.561348822767583,0.68615692153923,0.80596798375006
"admin1",15,"S2_mem","Ghana","child_vitA","Malaria incidence and treatment",23,0.0567844347397676,0.77949456819873,-0.431786554495019,0.60119940029985,0.764963672010149
"admin1",15,"S2_mem","Ghana","child_vitA","Ruralness, population density, built environment",9,0.0685146434394302,0.954634099034487,-0.0385398623446777,0.341829085457271,0.564017991004498
"admin1",15,"S2_mem","Ghana","child_vitA","Soil characteristics",45,0.0914079127427197,1.28598750275603,0.623732250292858,0.228885557221389,0.503548225887056
"admin1",15,"S2_mem","Ghana","child_vitA","Water and sanitation",9,0.112685165974748,1.56403624502145,1.09805203193344,0.142428785607196,0.427286356821589
