"country","outcome","target","estimand","arm","reps","n_areas","spearman","spearman_sd","spearman_lo","spearman_hi","pearson","mae","wmae","bias","topk"
"Gambia","child_iron","level","country","domain_enet",1,30,0.237819799777531,NA,NA,NA,0.147596931181593,NA,NA,NA,0.125
"Gambia","child_iron","level","country","domain_index",1,30,0.408231368186874,NA,NA,NA,0.408217262855272,NA,NA,NA,0.5
"Gambia","child_iron","level","country","null_train_mean",1,30,NA,NA,NA,NA,NA,NA,NA,NA,0.25
"Gambia","child_iron","level","infill","domain_enet",10,30,0.19829039551239,NA,0.19829039551239,0.19829039551239,0.13195807645573,0.240531267949128,0.205158428364714,0.00360515420097925,0.3
"Gambia","child_iron","level","infill","domain_index",10,30,0.421535038932147,NA,0.421535038932147,0.421535038932147,0.383316771613348,0.246481492743484,0.249665587949105,-0.0017934821014028,0.3375
"Gambia","child_iron","level","infill","null_train_mean",10,30,-0.317521454289314,NA,-0.317521454289314,-0.317521454289314,-0.362444776241245,0.253927575363332,0.22440340729791,3.99674867854194e-17,0.1125
"Gambia","child_iron","level","infill","raw_enet",10,30,-0.037426586049208,NA,-0.037426586049208,-0.037426586049208,-0.05400723309059,0.250814225690253,0.207261437654308,-0.00454485070913332,0.225
"Gambia","child_iron","level","infill","region_mean_jk",10,30,0.142041238732795,NA,0.142041238732795,0.142041238732795,0.12915261131171,0.249782148723559,0.199891005613177,-0.00307453952884385,0.1125
"Gambia","child_iron","level","infill","spatial",10,30,0.342157953281424,NA,0.342157953281424,0.342157953281424,0.290593454870998,0.230944375534033,0.202314361650498,-0.00169409103462205,0.275
"Gambia","child_iron","level","infill","spatial_plus_domain",10,30,0.341223581757508,NA,0.341223581757508,0.341223581757508,0.288896071629141,0.231203706485757,0.202452166457819,-0.00192759163992252,0.275
"Gambia","child_iron","level","region","domain_enet",1,30,-0.135420351028933,NA,NA,NA,0.0277488080335357,0.247126736365803,0.22249503367436,0.00328265301591709,0.375
"Gambia","child_iron","level","region","domain_index",1,30,0.555061179087875,NA,NA,NA,0.49873193910308,0.219216709479946,0.229351936593116,0.0163598423985013,0.375
"Gambia","child_iron","level","region","null_train_mean",1,30,-0.486085588255939,NA,NA,NA,-0.482287158041725,0.259929925962439,0.231644410835407,-0.00450526513152231,0.125
"Gambia","child_iron","level","region","raw_enet",1,30,-0.471524918957414,NA,NA,NA,-0.358459483847112,0.260233128872337,0.232051467983877,-0.00520742430753789,0.25
"Gambia","child_iron","level","region","spatial",1,30,0.48476084538376,NA,NA,NA,0.430256585655875,0.213265152670629,0.210904227532558,0.0378247899426089,0.5
"Gambia","child_iron","level","region","spatial_plus_domain",1,30,0.48476084538376,NA,NA,NA,0.430256585656907,0.213265152670017,0.210904227531536,0.0378247899419109,0.5
"Gambia","child_iron","prev","country","domain_enet",1,30,0.246078541961037,NA,NA,NA,0.284466218157595,NA,NA,NA,0.375
"Gambia","child_iron","prev","country","domain_index",1,30,0.48503727077311,NA,NA,NA,0.537027310896438,NA,NA,NA,0.375
"Gambia","child_iron","prev","country","null_train_mean",1,30,NA,NA,NA,NA,NA,NA,NA,NA,0.25
"Gambia","child_iron","prev","infill","domain_enet",10,30,0.308777396504093,NA,0.308777396504093,0.308777396504093,0.287466501475344,11.9839366760976,11.3394003112792,1.96906009253696,0.2375
"Gambia","child_iron","prev","infill","domain_index",10,30,0.41079096927908,NA,0.41079096927908,0.41079096927908,0.466365404814629,12.8662882960137,13.1808966099131,0.425848364365899,0.3625
"Gambia","child_iron","prev","infill","null_train_mean",10,30,-0.353915124421755,NA,-0.353915124421755,-0.353915124421755,-0.362494588223761,12.7710958321105,12.2069630522335,-6.29167038202391e-16,0.125
"Gambia","child_iron","prev","infill","raw_enet",10,30,0.20449243449824,NA,0.20449243449824,0.20449243449824,0.208666577911185,11.8405481523476,10.6678052216688,1.54333068508422,0.3375
"Gambia","child_iron","prev","infill","region_mean_jk",10,30,0.18942708827552,NA,0.18942708827552,0.18942708827552,0.229583073668847,13.1414414876936,10.7769441584522,0.922118673906931,0.2125
"Gambia","child_iron","prev","infill","spatial",10,30,0.374057183313648,NA,0.374057183313648,0.374057183313648,0.42785839288426,11.6869546553384,11.257180079862,0.860387348412378,0.2375
"Gambia","child_iron","prev","infill","spatial_plus_domain",10,30,0.3676048526474,NA,0.3676048526474,0.3676048526474,0.421868138469826,11.7988430218866,11.3820263261596,0.95048719486684,0.2375
"Gambia","child_iron","prev","region","domain_enet",1,30,0.299395374530343,NA,NA,NA,0.241951180939034,11.7500621985347,11.795118455081,-0.00446406116181908,0.5
"Gambia","child_iron","prev","region","domain_index",1,30,0.580487265801397,NA,NA,NA,0.557800143398054,11.1448120140287,11.8059713272922,0.387994865183383,0.375
"Gambia","child_iron","prev","region","null_train_mean",1,30,-0.510877866534162,NA,NA,NA,-0.522584813685327,13.5793684418361,13.0564156438211,-0.449685396904358,0
"Gambia","child_iron","prev","region","raw_enet",1,30,-0.425365785871885,NA,NA,NA,-0.247008971101419,13.8613628331348,12.6989861223088,1.1974372171337,0.125
"Gambia","child_iron","prev","region","spatial",1,30,0.492157083922074,NA,NA,NA,0.504904522045294,11.2243303226122,11.8747378434054,1.38959396634022,0.5
"Gambia","child_iron","prev","region","spatial_plus_domain",1,30,0.513071535047153,NA,NA,NA,0.497037480183975,12.2677751809549,12.9035345843017,2.91053225197189,0.5
"Gambia","child_vitA","level","country","domain_enet",1,30,0.56440489432703,NA,NA,NA,0.573540086773393,NA,NA,NA,0.375
"Gambia","child_vitA","level","country","domain_index",1,30,0.596885428253615,NA,NA,NA,0.604872560298239,NA,NA,NA,0.5
"Gambia","child_vitA","level","country","null_train_mean",1,30,NA,NA,NA,NA,NA,NA,NA,NA,0.25
"Gambia","child_vitA","level","infill","domain_enet",10,30,0.689343715239155,NA,0.689343715239155,0.689343715239155,0.652040087922843,0.0619868847661019,0.0530099331458775,0.00168554360229618,0.575
"Gambia","child_vitA","level","infill","domain_index",10,30,0.684004449388209,NA,0.684004449388209,0.684004449388209,0.636513656199751,0.0730053343276117,0.0665210826606102,0.000312707268768529,0.4625
"Gambia","child_vitA","level","infill","null_train_mean",10,30,-0.346659357899053,NA,-0.346659357899053,-0.346659357899053,-0.35893351239974,0.0902730270564046,0.0850214987906629,2.71050543121832e-22,0.1125
"Gambia","child_vitA","level","infill","raw_enet",10,30,0.596307007786429,NA,0.596307007786429,0.596307007786429,0.572135437857765,0.0644981819632135,0.0526958268988386,-0.000753698001321939,0.4375
"Gambia","child_vitA","level","infill","region_mean_jk",10,30,0.529357252071725,NA,0.529357252071725,0.529357252071725,0.568944203738131,0.0728782775356417,0.063248694093124,-0.000789634912410288,0.2375
"Gambia","child_vitA","level","infill","spatial",10,30,0.65174638487208,NA,0.65174638487208,0.65174638487208,0.639201039033867,0.0677303046541533,0.0604862669466049,0.0025574470431891,0.5125
"Gambia","child_vitA","level","infill","spatial_plus_domain",10,30,0.65174638487208,NA,0.65174638487208,0.65174638487208,0.63920103903391,0.0677303046541538,0.0604862669466004,0.00255744704320724,0.5125
"Gambia","child_vitA","level","region","domain_enet",1,30,0.735261401557286,NA,NA,NA,0.691619801522908,0.0602859228034117,0.0535588069979907,0.00645063861302772,0.625
"Gambia","child_vitA","level","region","domain_index",1,30,0.695216907675195,NA,NA,NA,0.593719788624902,0.0726223487422634,0.0647878789132767,0.00890592899153478,0.5
"Gambia","child_vitA","level","region","null_train_mean",1,30,-0.691684814661112,NA,NA,NA,-0.691458498318368,0.103031649093716,0.0977703939151797,-0.00142535311637349,0.125
"Gambia","child_vitA","level","region","raw_enet",1,30,0.467853170189099,NA,NA,NA,0.434934096557985,0.0699678586575372,0.0585774933020872,-0.00101181987904728,0.5
"Gambia","child_vitA","level","region","spatial",1,30,0.739710789766407,NA,NA,NA,0.757463824170807,0.0588118520889048,0.0522596456558887,0.00390560328688833,0.625
"Gambia","child_vitA","level","region","spatial_plus_domain",1,30,0.739710789766407,NA,NA,NA,0.757463824170796,0.0588118520889027,0.0522596456558756,0.00390560328687487,0.625
"Gambia","child_vitA","prev","country","domain_enet",1,30,0.578684029306393,NA,NA,NA,0.474309421118344,NA,NA,NA,0.625
"Gambia","child_vitA","prev","country","domain_index",1,30,0.597617109556987,NA,NA,NA,0.480840123186077,NA,NA,NA,0.625
"Gambia","child_vitA","prev","country","null_train_mean",1,30,NA,NA,NA,NA,NA,NA,NA,NA,0.125
"Gambia","child_vitA","prev","infill","domain_enet",10,30,0.432937866160493,NA,0.432937866160493,0.432937866160493,0.397751159788481,10.4863771721801,8.44980570421456,-4.73528809904929,0.475
"Gambia","child_vitA","prev","infill","domain_index",10,30,0.567480100640453,NA,0.567480100640453,0.567480100640453,0.478750111679412,12.7276039972857,10.5406566453501,1.22624221557549,0.5625
"Gambia","child_vitA","prev","infill","null_train_mean",10,30,-0.322818394348901,NA,-0.322818394348901,-0.322818394348901,-0.355436452715403,11.0716188355505,9.59238441095788,-5.09258795434546e-17,0.1375
"Gambia","child_vitA","prev","infill","raw_enet",10,30,0.194826819470705,NA,0.194826819470705,0.194826819470705,0.104165772332414,11.9164602876977,9.72112339684728,-5.26368551489394,0.3625
"Gambia","child_vitA","prev","infill","region_mean_jk",10,30,0.477009407048451,NA,0.477009407048451,0.477009407048451,0.47208227203539,9.92020869297069,8.09221134617831,-2.56960926946746,0.45
"Gambia","child_vitA","prev","infill","spatial",10,30,0.481724384211291,NA,0.481724384211291,0.481724384211291,0.460882799485216,10.1391436701657,7.83700372812892,-3.0189456820925,0.5125
"Gambia","child_vitA","prev","infill","spatial_plus_domain",10,30,0.473950684202518,NA,0.473950684202518,0.473950684202518,0.451882117057837,10.1346482254431,7.80861627536752,-3.05340943874269,0.525
"Gambia","child_vitA","prev","region","domain_enet",1,30,0.0494487507721398,NA,NA,NA,0.121377381108256,11.5944438904444,9.58776833894434,-5.1423578012246,0.125
"Gambia","child_vitA","prev","region","domain_index",1,30,0.647956828811507,NA,NA,NA,0.541365888227259,11.9356510687368,10.5193926918325,1.50684202497655,0.625
"Gambia","child_vitA","prev","region","null_train_mean",1,30,-0.674355992699564,NA,NA,NA,-0.618417054773231,12.1448565429753,10.8182973699616,-0.267333254117712,0.125
"Gambia","child_vitA","prev","region","raw_enet",1,30,-0.516538977660325,NA,NA,NA,-0.497003563922986,13.3583028127292,11.0947010885789,-6.35178862321563,0
"Gambia","child_vitA","prev","region","spatial",1,30,0.537253994875681,NA,NA,NA,0.531544776851978,10.4605050119194,9.02189909213467,-3.70362819857734,0.375
"Gambia","child_vitA","prev","region","spatial_plus_domain",1,30,0.537253994875681,NA,NA,NA,0.531544776852812,10.4605050119033,9.02189909211422,-3.70362819855649,0.375
"Gambia","women_iron","level","country","domain_enet",1,30,0.624471635150167,NA,NA,NA,0.580996861208222,NA,NA,NA,0.375
"Gambia","women_iron","level","country","domain_index",1,30,0.531924360400445,NA,NA,NA,0.503105831692734,NA,NA,NA,0.25
"Gambia","women_iron","level","country","null_train_mean",1,30,NA,NA,NA,NA,NA,NA,NA,NA,0.25
"Gambia","women_iron","level","infill","domain_enet",10,30,0.619265850945495,NA,0.619265850945495,0.619265850945495,0.569501354858015,0.230356969407151,0.215901477574643,0.00596217695882315,0.4125
"Gambia","women_iron","level","infill","domain_index",10,30,0.683248053392658,NA,0.683248053392658,0.683248053392658,0.634430803113816,0.239192675894216,0.242381424206652,-0.00254659071702675,0.35
"Gambia","women_iron","level","infill","null_train_mean",10,30,-0.323512425124961,NA,-0.323512425124961,-0.323512425124961,-0.343759264529416,0.302674817050842,0.285741733135027,7.39859562504107e-18,0.1375
"Gambia","women_iron","level","infill","raw_enet",10,30,0.53285873192436,NA,0.53285873192436,0.53285873192436,0.478598164727671,0.239136111915577,0.203163977001203,-0.00467195646455017,0.3
"Gambia","women_iron","level","infill","region_mean_jk",10,30,0.47114260666798,NA,0.47114260666798,0.47114260666798,0.486659111192385,0.24862880580031,0.22923451002218,-7.75990110609059e-05,0.15
"Gambia","women_iron","level","infill","spatial",10,30,0.56622914349277,NA,0.56622914349277,0.56622914349277,0.54442084352576,0.241184381478443,0.240011132004135,-0.00764439652178612,0.3
"Gambia","women_iron","level","infill","spatial_plus_domain",10,30,0.562046718576196,NA,0.562046718576196,0.562046718576196,0.540829808426169,0.242291854374878,0.235816220380036,-0.00570883809005412,0.325
"Gambia","women_iron","level","region","domain_enet",1,30,0.648943270300334,NA,NA,NA,0.518743148380526,0.265959659346542,0.26821101667349,-0.0506414338422822,0.5
"Gambia","women_iron","level","region","domain_index",1,30,0.733481646273637,NA,NA,NA,0.653184303360175,0.221862337415258,0.212305906466697,0.0041810739312899,0.375
"Gambia","women_iron","level","region","null_train_mean",1,30,-0.634498274866296,NA,NA,NA,-0.641582727961787,0.331032274291671,0.306875214150712,-0.00634256738252019,0.125
"Gambia","women_iron","level","region","raw_enet",1,30,0.59377085650723,NA,NA,NA,0.531239192967637,0.238562321154106,0.200068985590757,-0.0657503576064965,0.375
"Gambia","women_iron","level","region","spatial",1,30,0.670745272525028,NA,NA,NA,0.647091365360264,0.227781387057788,0.242920467240606,-0.0101397902607952,0.5
"Gambia","women_iron","level","region","spatial_plus_domain",1,30,0.687208008898776,NA,NA,NA,0.668976386424735,0.229471690665314,0.232152023676499,-0.00170159264807691,0.5
"Gambia","women_iron","prev","country","domain_enet",1,30,0.741350544135782,NA,NA,NA,0.680597197925034,NA,NA,NA,0.625
"Gambia","women_iron","prev","country","domain_index",1,30,0.425853823972355,NA,NA,NA,0.471931921329939,NA,NA,NA,0.25
"Gambia","women_iron","prev","country","null_train_mean",1,30,NA,NA,NA,NA,NA,NA,NA,NA,0.125
"Gambia","women_iron","prev","infill","domain_enet",10,30,0.713427526942192,NA,0.713427526942192,0.713427526942192,0.703879805824322,9.4760805093996,9.13060428177193,0.684600688134777,0.5375
"Gambia","women_iron","prev","infill","domain_index",10,30,0.742908003262117,NA,0.742908003262117,0.742908003262117,0.72986834656681,9.34103475496537,9.47664160050672,0.440578395532075,0.525
"Gambia","women_iron","prev","infill","null_train_mean",10,30,-0.31605887025121,NA,-0.31605887025121,-0.31605887025121,-0.340955093652455,14.5468601299806,13.4054231463234,-6.66206094919926e-16,0.125
"Gambia","women_iron","prev","infill","raw_enet",10,30,0.623628883600895,NA,0.623628883600895,0.623628883600895,0.611691673918001,10.3764793586952,8.58912209051451,0.282845038512108,0.5
"Gambia","women_iron","prev","infill","region_mean_jk",10,30,0.589315601266793,NA,0.589315601266793,0.589315601266793,0.632880246145242,10.4503097460801,10.1979500262343,0.29538864087639,0.3125
"Gambia","women_iron","prev","infill","spatial",10,30,0.658983205768715,NA,0.658983205768715,0.658983205768715,0.669164723989586,9.85161719609691,9.7463961367327,0.281652182910714,0.4625
"Gambia","women_iron","prev","infill","spatial_plus_domain",10,30,0.657181003065384,NA,0.657181003065384,0.657181003065384,0.666897519206705,9.9382331725332,9.76761175899597,0.484858439499957,0.4625
"Gambia","women_iron","prev","region","domain_enet",1,30,0.787184341282231,NA,NA,NA,0.74392920194082,8.78847187705437,7.23607156816255,0.963493453413088,0.625
"Gambia","women_iron","prev","region","domain_index",1,30,0.729113365286001,NA,NA,NA,0.684154673665006,9.50688386332023,8.40398582328358,1.50316903247454,0.5
"Gambia","women_iron","prev","region","null_train_mean",1,30,-0.693123502618982,NA,NA,NA,-0.721898191756505,15.9484003040182,14.4440049372225,-0.244171796701366,0
"Gambia","women_iron","prev","region","raw_enet",1,30,0.695516746989332,NA,NA,NA,0.656792946698422,10.1941886683898,7.95121508226317,-1.14780108863089,0.375
"Gambia","women_iron","prev","region","spatial",1,30,0.742463014940307,NA,NA,NA,0.743870191822752,8.84359476488674,9.44364866182534,0.711154654378929,0.5
"Gambia","women_iron","prev","region","spatial_plus_domain",1,30,0.748915345606555,NA,NA,NA,0.746322434156325,8.80699726720737,9.4407981724459,0.0209750692290128,0.5
"Gambia","women_vitA","level","country","domain_enet",1,30,0.674749721913237,NA,NA,NA,0.626611941123851,NA,NA,NA,0.625
"Gambia","women_vitA","level","country","domain_index",1,30,0.760177975528365,NA,NA,NA,0.766226345513539,NA,NA,NA,0.5
"Gambia","women_vitA","level","country","null_train_mean",1,30,NA,NA,NA,NA,NA,NA,NA,NA,0.375
"Gambia","women_vitA","level","infill","domain_enet",10,30,0.566362625139043,NA,0.566362625139043,0.566362625139043,0.607582547503032,0.0793851651043845,0.0758916465886403,0.00242397392854225,0.4
"Gambia","women_vitA","level","infill","domain_index",10,30,0.684716351501669,NA,0.684716351501669,0.684716351501669,0.701159153723527,0.0739566229553231,0.0696163641293306,0.000908531410801724,0.5
"Gambia","women_vitA","level","infill","null_train_mean",10,30,-0.327597177967448,NA,-0.327597177967448,-0.327597177967448,-0.342720358495619,0.104637888379777,0.114305775454609,-5.08626344167263e-19,0.175
"Gambia","women_vitA","level","infill","raw_enet",10,30,0.531434927697442,NA,0.531434927697442,0.531434927697442,0.542584521461638,0.0826289740420384,0.0736983947456542,-0.000334623486442297,0.35
"Gambia","women_vitA","level","infill","region_mean_jk",10,30,0.477084350413045,NA,0.477084350413045,0.477084350413045,0.5794812205736,0.0829279129535122,0.0803920787548351,0.000609635810851627,0.1875
"Gambia","women_vitA","level","infill","spatial",10,30,0.594082313681869,NA,0.594082313681869,0.594082313681869,0.605792591132131,0.0818133763791012,0.0862088037816076,0.00106628979617654,0.35
"Gambia","women_vitA","level","infill","spatial_plus_domain",10,30,0.587764182424917,NA,0.587764182424917,0.587764182424917,0.600691561792887,0.0825618686541354,0.0860383054271331,0.00131131021641102,0.35
"Gambia","women_vitA","level","region","domain_enet",1,30,0.697886540600667,NA,NA,NA,0.623524500507974,0.0824381253973993,0.0821685830591784,0.00685396006791823,0.5
"Gambia","women_vitA","level","region","domain_index",1,30,0.774416017797553,NA,NA,NA,0.741231743306981,0.0659437570855918,0.0602556721238538,0.003259230512001,0.5
"Gambia","women_vitA","level","region","null_train_mean",1,30,-0.718916500277691,NA,NA,NA,-0.698931834258742,0.115690160992933,0.123350320829699,-0.00333448288103853,0
"Gambia","women_vitA","level","region","raw_enet",1,30,0.526140155728587,NA,NA,NA,0.466999211628141,0.0889116088942719,0.0881626153458348,-0.0108196078124005,0.375
"Gambia","women_vitA","level","region","spatial",1,30,0.6587319243604,NA,NA,NA,0.667024528562619,0.0806976153564096,0.0918434393672571,-0.00658359471383548,0.5
"Gambia","women_vitA","level","region","spatial_plus_domain",1,30,0.6587319243604,NA,NA,NA,0.664671252987191,0.0809696819993172,0.0919718920187021,-0.00614375006516356,0.5
"Gambia","women_vitA","prev","country","domain_enet",1,30,NA,NA,NA,NA,NA,NA,NA,NA,0.125
"Gambia","women_vitA","prev","country","domain_index",1,30,0.273616964057965,NA,NA,NA,0.265693954526665,NA,NA,NA,0.375
"Gambia","women_vitA","prev","country","null_train_mean",1,30,NA,NA,NA,NA,NA,NA,NA,NA,0.125
"Gambia","women_vitA","prev","infill","domain_enet",10,30,0.466040557992383,NA,0.466040557992383,0.466040557992383,0.295652582780802,3.21888920596627,2.41615770965172,-1.26888029023107,0.3875
"Gambia","women_vitA","prev","infill","domain_index",10,30,0.440931625613135,NA,0.440931625613135,0.440931625613135,0.33734558918675,3.18517234208763,2.35961698214101,-0.389389264104928,0.425
"Gambia","women_vitA","prev","infill","null_train_mean",10,30,-0.339664250113668,NA,-0.339664250113668,-0.339664250113668,-0.399819577798457,4.05254035655125,3.42106359719978,-6.97729273084942e-18,0.0375
"Gambia","women_vitA","prev","infill","raw_enet",10,30,0.335192514116979,NA,0.335192514116979,0.335192514116979,0.135387932278238,3.33225300426454,2.32855869310211,-1.42433085929503,0.35
"Gambia","women_vitA","prev","infill","region_mean_jk",10,30,0.0220176574998294,NA,0.0220176574998294,0.0220176574998294,-0.010570105797148,3.7331273181604,2.92316832733961,-1.19577582277136,0.175
"Gambia","women_vitA","prev","infill","spatial",10,30,0.37832355870862,NA,0.37832355870862,0.37832355870862,0.335451131248936,3.13810783472948,2.45585387553402,-1.2730151867545,0.375
"Gambia","women_vitA","prev","infill","spatial_plus_domain",10,30,0.413921923586487,NA,0.413921923586487,0.413921923586487,0.295840009025057,3.25672046924773,2.65763414629902,-1.20518651689944,0.4125
"Gambia","women_vitA","prev","region","domain_enet",1,30,0.699530162827438,NA,NA,NA,0.518673880501732,3.05454993226051,2.39155873281456,-1.58249364179929,0.75
"Gambia","women_vitA","prev","region","domain_index",1,30,0.581964040191898,NA,NA,NA,0.518196085982456,2.77489321832059,2.00704940406601,-0.791583791367782,0.5
"Gambia","women_vitA","prev","region","null_train_mean",1,30,-0.450731348107144,NA,NA,NA,-0.444378394958354,4.08830747095149,3.38644587832621,-0.0438574697890027,0.25
"Gambia","women_vitA","prev","region","raw_enet",1,30,0.367012805991987,NA,NA,NA,0.0917607523510137,3.46116823459808,2.59418144523352,-1.80176488595816,0.375
"Gambia","women_vitA","prev","region","spatial",1,30,0.508279883490182,NA,NA,NA,0.527007951885329,2.93030807969996,2.48113825870735,-1.08368729120217,0.5
"Gambia","women_vitA","prev","region","spatial_plus_domain",1,30,0.329701401802265,NA,NA,NA,0.490123087926491,3.12612423110047,3.12544027248487,-1.01380877389796,0.5
"Ghana","child_iron","level","country","domain_enet",1,75,0.355618776671408,NA,NA,NA,0.330574627308321,NA,NA,NA,0.368421052631579
"Ghana","child_iron","level","country","domain_index",1,75,0.530213371266003,NA,NA,NA,0.528017149599642,NA,NA,NA,0.526315789473684
"Ghana","child_iron","level","country","null_train_mean",1,75,NA,NA,NA,NA,NA,NA,NA,NA,0.105263157894737
"Ghana","child_iron","level","infill","domain_enet",10,75,0.50176386913229,NA,0.50176386913229,0.50176386913229,0.508977799794399,0.308557667333922,0.298131513250525,-0.000829361833641796,0.547368421052632
"Ghana","child_iron","level","infill","domain_index",10,75,0.531308677098151,NA,0.531308677098151,0.531308677098151,0.584047214084401,0.321440479674641,0.303408590002441,-0.00142450896192124,0.573684210526316
"Ghana","child_iron","level","infill","null_train_mean",10,75,-0.190837658374754,NA,-0.190837658374754,-0.190837658374754,-0.208194434221345,0.347336249578511,0.339740653507396,-3.55138372413559e-17,0.178947368421053
"Ghana","child_iron","level","infill","raw_enet",10,75,0.510116642958748,NA,0.510116642958748,0.510116642958748,0.5224705183678,0.301348592064301,0.286533470048167,-0.00607162138710721,0.615789473684211
"Ghana","child_iron","level","infill","region_mean_jk",10,75,0.35554553965547,NA,0.35554553965547,0.35554553965547,0.521604751612983,0.314360086681367,0.31029693176235,0.011731978987742,0.6
"Ghana","child_iron","level","infill","spatial",10,75,0.525741109530583,NA,0.525741109530583,0.525741109530583,0.567679535290061,0.298943537150035,0.279242296480433,0.00319096037914522,0.668421052631579
"Ghana","child_iron","level","infill","spatial_plus_domain",10,75,0.527541963015647,NA,0.527541963015647,0.527541963015647,0.567328045736261,0.298846196059496,0.279166537964419,0.00305046064536398,0.668421052631579
"Ghana","child_iron","level","region","domain_enet",1,75,0.433598862019915,NA,NA,NA,0.387835527873342,0.341118272966525,0.335267198883276,-0.0227610674414427,0.421052631578947
"Ghana","child_iron","level","region","domain_index",1,75,0.502645803698435,NA,NA,NA,0.543988617361672,0.322628400570249,0.302238315419978,-0.0114914196791875,0.578947368421053
"Ghana","child_iron","level","region","null_train_mean",1,75,-0.556384520793882,NA,NA,NA,-0.6790032635716,0.35718310424837,0.349832868941553,-0.00160511921733188,0.0526315789473684
"Ghana","child_iron","level","region","raw_enet",1,75,0.391664295874822,NA,NA,NA,0.386871770735361,0.320373489662668,0.307232228980934,-0.0313091659828632,0.263157894736842
"Ghana","child_iron","level","region","spatial",1,75,0.532517780938834,NA,NA,NA,0.461042324635411,0.338005525753571,0.320900356031407,-0.115293755710211,0.578947368421053
"Ghana","child_iron","level","region","spatial_plus_domain",1,75,0.532517780938834,NA,NA,NA,0.461042324635344,0.338005525753584,0.320900356031417,-0.115293755710227,0.578947368421053
"Ghana","child_iron","prev","country","domain_enet",1,75,0.429703355497638,NA,NA,NA,0.458381960304376,NA,NA,NA,0.421052631578947
"Ghana","child_iron","prev","country","domain_index",1,75,0.538499858982885,NA,NA,NA,0.543155620659013,NA,NA,NA,0.526315789473684
"Ghana","child_iron","prev","country","null_train_mean",1,75,NA,NA,NA,NA,NA,NA,NA,NA,0.105263157894737
"Ghana","child_iron","prev","infill","domain_enet",10,75,0.52764733637145,NA,0.52764733637145,0.52764733637145,0.544241318446771,12.871365861497,12.8986355963174,-5.5635542991691,0.489473684210526
"Ghana","child_iron","prev","infill","domain_index",10,75,0.509300419445132,NA,0.509300419445132,0.509300419445132,0.581927464198668,16.0048895592487,15.7021107625434,1.91442135782516,0.510526315789474
"Ghana","child_iron","prev","infill","null_train_mean",10,75,-0.17784486003499,NA,-0.17784486003499,-0.17784486003499,-0.193743308973082,14.7154477076904,14.4371380800442,2.00497893750503e-16,0.147368421052632
"Ghana","child_iron","prev","infill","raw_enet",10,75,0.501987352636058,NA,0.501987352636058,0.501987352636058,0.528392124419852,13.1932334831507,13.2196641891757,-6.06038178629503,0.557894736842105
"Ghana","child_iron","prev","infill","region_mean_jk",10,75,0.497580509969306,NA,0.497580509969306,0.497580509969306,0.636834319219055,12.6682884551782,13.2165368981011,-2.7113696907456,0.610526315789474
"Ghana","child_iron","prev","infill","spatial",10,75,0.509266152829861,NA,0.509266152829861,0.509266152829861,0.517483570046369,13.3720196253504,13.324270767582,-4.39559212339496,0.578947368421053
"Ghana","child_iron","prev","infill","spatial_plus_domain",10,75,0.510122818211635,NA,0.510122818211635,0.510122818211635,0.508409110085668,13.4590492994201,13.4605834378176,-4.42941623750058,0.573684210526316
"Ghana","child_iron","prev","region","domain_enet",1,75,0.443795501027814,NA,NA,NA,0.266727988190002,14.8899651002219,14.6719377405239,-7.06245617433909,0.368421052631579
"Ghana","child_iron","prev","region","domain_index",1,75,0.466511411401177,NA,NA,NA,0.514952158767054,15.9459364629839,15.4535213714623,1.12402916166299,0.526315789473684
"Ghana","child_iron","prev","region","null_train_mean",1,75,-0.65144801882793,NA,NA,NA,-0.732653478893389,15.4449082237968,15.1522789102584,-0.0420363506235266,0.0526315789473684
"Ghana","child_iron","prev","region","raw_enet",1,75,0.401718953026367,NA,NA,NA,0.296305054894218,14.6962993303686,14.6438281141407,-7.02548976681461,0.368421052631579
"Ghana","child_iron","prev","region","spatial",1,75,0.49258259451982,NA,NA,NA,0.449160634844853,13.6537545859211,13.5428314790431,-4.79419991435256,0.473684210526316
"Ghana","child_iron","prev","region","spatial_plus_domain",1,75,0.477362506236976,NA,NA,NA,0.425327802382651,13.7377614184481,13.6741059776335,-4.87562917493367,0.473684210526316
"Ghana","child_vitA","level","country","domain_enet",1,75,0.322247510668563,NA,NA,NA,0.269716894731516,NA,NA,NA,0.473684210526316
"Ghana","child_vitA","level","country","domain_index",1,75,0.375618776671408,NA,NA,NA,0.40369641294627,NA,NA,NA,0.578947368421053
"Ghana","child_vitA","level","country","null_train_mean",1,75,NA,NA,NA,NA,NA,NA,NA,NA,0.0526315789473684
"Ghana","child_vitA","level","infill","domain_enet",10,75,0.330184921763869,NA,0.330184921763869,0.330184921763869,0.365733855587627,0.100251125583318,0.0975355523827013,0.000182045486883818,0.589473684210526
"Ghana","child_vitA","level","infill","domain_index",10,75,0.292810810810811,NA,0.292810810810811,0.292810810810811,0.431105712531722,0.116903925860241,0.115080382164906,0.00134843160983753,0.594736842105263
"Ghana","child_vitA","level","infill","null_train_mean",10,75,-0.198328319543275,NA,-0.198328319543275,-0.198328319543275,-0.202247132250173,0.10429149967393,0.0994064252000975,1.07474250853057e-18,0.147368421052632
"Ghana","child_vitA","level","infill","raw_enet",10,75,0.375049786628734,NA,0.375049786628734,0.375049786628734,0.419236446415386,0.0991802809525433,0.0975223241129036,-0.000297420087340168,0.557894736842105
"Ghana","child_vitA","level","infill","region_mean_jk",10,75,0.40962831663837,NA,0.40962831663837,0.40962831663837,0.436762285650085,0.100821503884572,0.0993771608186831,0.00202175036358323,0.552631578947368
"Ghana","child_vitA","level","infill","spatial",10,75,0.351960170697013,NA,0.351960170697013,0.351960170697013,0.438759621889017,0.0967287256099583,0.0910291413537166,-0.000111580094073837,0.605263157894737
"Ghana","child_vitA","level","infill","spatial_plus_domain",10,75,0.366935988620199,NA,0.366935988620199,0.366935988620199,0.443626917162496,0.0963808712444684,0.090886392180786,-0.000217619519312752,0.610526315789474
"Ghana","child_vitA","level","region","domain_enet",1,75,0.211635846372688,NA,NA,NA,0.157933546518144,0.108897100704995,0.100807248714242,0.00627996980784573,0.473684210526316
"Ghana","child_vitA","level","region","domain_index",1,75,0.28199146514936,NA,NA,NA,0.401527952324811,0.114808586044101,0.11047531390757,0.00709263933385425,0.578947368421053
"Ghana","child_vitA","level","region","null_train_mean",1,75,-0.573884932594131,NA,NA,NA,-0.60173038599419,0.105705044682369,0.100580032911278,8.04597750524888e-05,0.0526315789473684
"Ghana","child_vitA","level","region","raw_enet",1,75,0.362503556187767,NA,NA,NA,0.305306685512487,0.0981313418573913,0.0935087475476857,0.00606933903676745,0.473684210526316
"Ghana","child_vitA","level","region","spatial",1,75,0.269416785206259,NA,NA,NA,0.283126555195571,0.103270348314536,0.0937492753677253,0.0108851762414386,0.578947368421053
"Ghana","child_vitA","level","region","spatial_plus_domain",1,75,0.261081081081081,NA,NA,NA,0.285369659497549,0.103226522174061,0.0936729564195898,0.0102505182801261,0.578947368421053
"Ghana","child_vitA","prev","country","domain_enet",1,75,0.301036858913012,NA,NA,NA,0.377784541239402,NA,NA,NA,0.578947368421053
"Ghana","child_vitA","prev","country","domain_index",1,75,0.361742636091166,NA,NA,NA,0.441785935472904,NA,NA,NA,0.526315789473684
"Ghana","child_vitA","prev","country","null_train_mean",1,75,NA,NA,NA,NA,NA,NA,NA,NA,0.157894736842105
"Ghana","child_vitA","prev","infill","domain_enet",10,75,0.240717624426762,NA,0.240717624426762,0.240717624426762,0.265587346030179,14.4144889235107,13.4273540425575,-4.77083403686926,0.410526315789474
"Ghana","child_vitA","prev","infill","domain_index",10,75,0.291115743510708,NA,0.291115743510708,0.291115743510708,0.441998135062268,21.3051522826361,21.0860079489098,2.54325235123705,0.547368421052632
"Ghana","child_vitA","prev","infill","null_train_mean",10,75,-0.202292463023398,NA,-0.202292463023398,-0.202292463023398,-0.225610953173192,14.2871011295202,12.5256845667601,-1.92502806230233e-16,0.173684210526316
"Ghana","child_vitA","prev","infill","raw_enet",10,75,0.247315877349656,NA,0.247315877349656,0.247315877349656,0.24964108693738,14.1673056753551,13.2576826070916,-5.43208367626733,0.426315789473684
"Ghana","child_vitA","prev","infill","region_mean_jk",10,75,0.313542460073503,NA,0.313542460073503,0.313542460073503,0.27821732138763,15.52536131154,15.2014633984967,-2.6475378717173,0.442105263157895
"Ghana","child_vitA","prev","infill","spatial",10,75,0.276935397999565,NA,0.276935397999565,0.276935397999565,0.262104503379013,14.9867815349254,14.0076087390723,-4.01226109208779,0.494736842105263
"Ghana","child_vitA","prev","infill","spatial_plus_domain",10,75,0.280783087653221,NA,0.280783087653221,0.280783087653221,0.276128862805631,14.8750720125242,13.9041454077722,-3.80171641344728,0.494736842105263
"Ghana","child_vitA","prev","region","domain_enet",1,75,-0.00982570636944079,NA,NA,NA,0.085258687229686,14.9022232518045,13.2757852887648,-4.90075176850007,0.210526315789474
"Ghana","child_vitA","prev","region","domain_index",1,75,0.249544461475479,NA,NA,NA,0.417401477338193,20.4589857719225,19.5315038689724,3.03582019004429,0.473684210526316
"Ghana","child_vitA","prev","region","null_train_mean",1,75,-0.512716639827331,NA,NA,NA,-0.553612897437177,14.548691959788,12.8289001260216,0.0105250901066283,0.263157894736842
"Ghana","child_vitA","prev","region","raw_enet",1,75,0.0250626713191533,NA,NA,NA,0.0404572116640853,14.6563859551113,13.3656416967341,-5.09034108703306,0.157894736842105
"Ghana","child_vitA","prev","region","spatial",1,75,0.250683673808168,NA,NA,NA,0.159390985514671,15.806754531353,14.6175795208225,-3.11173574794901,0.368421052631579
"Ghana","child_vitA","prev","region","spatial_plus_domain",1,75,0.238280499536018,NA,NA,NA,0.137185633368358,16.1449366808398,14.9025163323547,-3.44777751693114,0.368421052631579
"Ghana","women_b12","level","country","domain_enet",1,75,0.626600284495021,NA,NA,NA,0.573085776248835,NA,NA,NA,0.578947368421053
"Ghana","women_b12","level","country","domain_index",1,75,0.603698435277383,NA,NA,NA,0.56182450668248,NA,NA,NA,0.526315789473684
"Ghana","women_b12","level","country","null_train_mean",1,75,NA,NA,NA,NA,NA,NA,NA,NA,0.105263157894737
"Ghana","women_b12","level","infill","domain_enet",10,75,0.488839260312945,NA,0.488839260312945,0.488839260312945,0.475361359211307,0.25468955813558,0.234636052891104,-0.0059351790328551,0.578947368421053
"Ghana","women_b12","level","infill","domain_index",10,75,0.564899004267425,NA,0.564899004267425,0.564899004267425,0.572896335991894,0.269814365522708,0.262097352816906,0.00122025382764296,0.58421052631579
"Ghana","women_b12","level","infill","null_train_mean",10,75,-0.224719835055621,NA,-0.224719835055621,-0.224719835055621,-0.245255091087669,0.291382852830888,0.253645340523085,-5.32988728383736e-17,0.131578947368421
"Ghana","women_b12","level","infill","raw_enet",10,75,0.528335704125178,NA,0.528335704125178,0.528335704125178,0.534370224047861,0.243890628104026,0.22405767744775,0.00251778205048712,0.568421052631579
"Ghana","women_b12","level","infill","region_mean_jk",10,75,0.486460786332197,NA,0.486460786332197,0.486460786332197,0.534795435241408,0.261906772167299,0.240263101370888,0.00527440075927786,0.657894736842105
"Ghana","women_b12","level","infill","spatial",10,75,0.548358463726885,NA,0.548358463726885,0.548358463726885,0.530941103116241,0.239640479738871,0.216478549680837,-0.00615896011471209,0.557894736842105
"Ghana","women_b12","level","infill","spatial_plus_domain",10,75,0.538537695590327,NA,0.538537695590327,0.538537695590327,0.519650288038288,0.241522115637142,0.218113623787679,-0.00476959560168172,0.563157894736842
"Ghana","women_b12","level","region","domain_enet",1,75,0.469416785206259,NA,NA,NA,0.397259480895143,0.295306041431994,0.279790802537093,-0.0671245873134226,0.421052631578947
"Ghana","women_b12","level","region","domain_index",1,75,0.564608819345661,NA,NA,NA,0.566525236696305,0.264804629064078,0.25129970112267,0.01135133429525,0.526315789473684
"Ghana","women_b12","level","region","null_train_mean",1,75,-0.636657838267842,NA,NA,NA,-0.663574409005407,0.299030879517307,0.261433838923401,0.0022818535452553,0.0526315789473684
"Ghana","women_b12","level","region","raw_enet",1,75,0.518862019914651,NA,NA,NA,0.488193580494892,0.26600164255823,0.250060865207437,-0.019970350274263,0.473684210526316
"Ghana","women_b12","level","region","spatial",1,75,0.524125177809388,NA,NA,NA,0.480788103741675,0.261635703574149,0.237284369740941,-0.00628200374244615,0.526315789473684
"Ghana","women_b12","level","region","spatial_plus_domain",1,75,0.517894736842105,NA,NA,NA,0.479988290211896,0.262490097345591,0.238204601613823,-0.0041188838048426,0.526315789473684
"Ghana","women_b12","prev","country","domain_enet",1,75,0.23351988555959,NA,NA,NA,0.272519545592007,NA,NA,NA,0.315789473684211
"Ghana","women_b12","prev","country","domain_index",1,75,0.238552924373603,NA,NA,NA,0.25631889741872,NA,NA,NA,0.263157894736842
"Ghana","women_b12","prev","country","null_train_mean",1,75,NA,NA,NA,NA,NA,NA,NA,NA,0.157894736842105
"Ghana","women_b12","prev","infill","domain_enet",10,75,0.264918326633853,NA,0.264918326633853,0.264918326633853,0.322652180191661,9.51986206008938,8.7137317456883,-6.09562778454064,0.478947368421053
"Ghana","women_b12","prev","infill","domain_index",10,75,0.318973343260433,NA,0.318973343260433,0.318973343260433,0.514160147621417,10.0712900989333,9.54677158290096,0.892641599671689,0.536842105263158
"Ghana","women_b12","prev","infill","null_train_mean",10,75,-0.218663680271937,NA,-0.218663680271937,-0.218663680271937,-0.247361529820149,11.9992337044494,10.4396055012057,1.16701714842719e-16,0.121052631578947
"Ghana","women_b12","prev","infill","raw_enet",10,75,0.255360328498948,NA,0.255360328498948,0.255360328498948,0.296296977486508,9.54212639555216,8.68698359004318,-6.13493716355705,0.473684210526316
"Ghana","women_b12","prev","infill","region_mean_jk",10,75,0.234586426585879,NA,0.234586426585879,0.234586426585879,0.447908493181921,9.57442403187658,9.07447237794757,-2.26205017863669,0.515789473684211
"Ghana","women_b12","prev","infill","spatial",10,75,0.304698858259259,NA,0.304698858259259,0.304698858259259,0.33806730755106,9.39714783775197,8.52196972403568,-4.51778391613508,0.5
"Ghana","women_b12","prev","infill","spatial_plus_domain",10,75,0.303995544366356,NA,0.303995544366356,0.303995544366356,0.348254479804631,9.37505363591795,8.5170782461352,-4.46792197298778,0.505263157894737
"Ghana","women_b12","prev","region","domain_enet",1,75,0.0807253521830541,NA,NA,NA,0.0368715825077544,10.0753591303411,9.20607916730052,-6.45474380778404,0.210526315789474
"Ghana","women_b12","prev","region","domain_index",1,75,0.264160763551087,NA,NA,NA,0.379585525104501,10.8281443360401,9.86037408823474,1.32187037106075,0.473684210526316
"Ghana","women_b12","prev","region","null_train_mean",1,75,-0.490501473753468,NA,NA,NA,-0.652669168967803,12.2897305803514,10.7102824533506,0.0564456408892977,0.105263157894737
"Ghana","women_b12","prev","region","raw_enet",1,75,0.0181812379307488,NA,NA,NA,0.0533204432791059,10.040416994012,9.05881691560671,-6.45110829804608,0.210526315789474
"Ghana","women_b12","prev","region","spatial",1,75,0.269013465469483,NA,NA,NA,0.182081666651666,11.0819426535133,10.1198123282587,-2.73973786386355,0.421052631578947
"Ghana","women_b12","prev","region","spatial_plus_domain",1,75,0.269013465469483,NA,NA,NA,0.182081666651666,11.0819426535133,10.1198123282587,-2.73973786386356,0.421052631578947
"Ghana","women_folate","level","country","domain_enet",1,75,0.106628733997155,NA,NA,NA,0.113578239149361,NA,NA,NA,0.210526315789474
"Ghana","women_folate","level","country","domain_index",1,75,-0.0470839260312944,NA,NA,NA,-0.0247853381996561,NA,NA,NA,0.105263157894737
"Ghana","women_folate","level","country","null_train_mean",1,75,NA,NA,NA,NA,NA,NA,NA,NA,0.157894736842105
"Ghana","women_folate","level","infill","domain_enet",10,75,0.324571834992888,NA,0.324571834992888,0.324571834992888,0.409049217659302,0.281842290917401,0.271603796746911,-0.0073134217069841,0.442105263157895
"Ghana","women_folate","level","infill","domain_index",10,75,0.399715504978663,NA,0.399715504978663,0.399715504978663,0.417724376553033,0.331166598563195,0.317479734364958,-0.000793617038174903,0.447368421052632
"Ghana","women_folate","level","infill","null_train_mean",10,75,-0.186090669610982,NA,-0.186090669610982,-0.186090669610982,-0.201217928026966,0.314006352594245,0.291041714451636,8.89161429669845e-18,0.152631578947368
"Ghana","women_folate","level","infill","raw_enet",10,75,0.410810810810811,NA,0.410810810810811,0.410810810810811,0.477462876316596,0.279633152354233,0.271866882664811,-0.0107839278627972,0.447368421052632
"Ghana","women_folate","level","infill","region_mean_jk",10,75,0.394828388943136,NA,0.394828388943136,0.394828388943136,0.486354009356308,0.290514895301187,0.284316222578542,-0.00103176574882829,0.357894736842105
"Ghana","women_folate","level","infill","spatial",10,75,0.572065433854908,NA,0.572065433854908,0.572065433854908,0.640170147305707,0.238120038018087,0.229451986774148,-0.00370098587647195,0.568421052631579
"Ghana","women_folate","level","infill","spatial_plus_domain",10,75,0.572335704125178,NA,0.572335704125178,0.572335704125178,0.640460910955673,0.238084031288815,0.229347805780901,-0.00371397308940635,0.568421052631579
"Ghana","women_folate","level","region","domain_enet",1,75,0.145263157894737,NA,NA,NA,0.0454351537250712,0.347275357816385,0.330361499449411,0.00539730348704165,0.421052631578947
"Ghana","women_folate","level","region","domain_index",1,75,0.307567567567567,NA,NA,NA,0.315236085408637,0.346221036313867,0.327306120987361,0.0302328126475646,0.368421052631579
"Ghana","women_folate","level","region","null_train_mean",1,75,-0.628443359259562,NA,NA,NA,-0.647525245419727,0.320181872737862,0.295824202674176,0.0022791138970146,0
"Ghana","women_folate","level","region","raw_enet",1,75,0.210469416785206,NA,NA,NA,0.164765008567555,0.325016417363417,0.305300442561167,-0.0109157784012036,0.368421052631579
"Ghana","women_folate","level","region","spatial",1,75,0.446799431009957,NA,NA,NA,0.510020273974974,0.267561678532805,0.254300483558686,0.0392314219525092,0.526315789473684
"Ghana","women_folate","level","region","spatial_plus_domain",1,75,0.446372688477952,NA,NA,NA,0.499703838514666,0.268135487037248,0.255035940888334,0.0365955711573828,0.526315789473684
"Ghana","women_folate","prev","country","domain_enet",1,75,0.178350086457882,NA,NA,NA,0.115857830997829,NA,NA,NA,0.263157894736842
"Ghana","women_folate","prev","country","domain_index",1,75,0.0554832097315435,NA,NA,NA,0.0586412635131844,NA,NA,NA,0.105263157894737
"Ghana","women_folate","prev","country","null_train_mean",1,75,NA,NA,NA,NA,NA,NA,NA,NA,0.263157894736842
"Ghana","women_folate","prev","infill","domain_enet",10,75,0.124214829529475,NA,0.124214829529475,0.124214829529475,0.16664439721527,26.9815825406329,24.8145819046528,-0.6480668571962,0.221052631578947
"Ghana","women_folate","prev","infill","domain_index",10,75,0.256321597405815,NA,0.256321597405815,0.256321597405815,0.293519367691329,32.280318843923,31.8670190188542,-4.34155396599018,0.289473684210527
"Ghana","women_folate","prev","infill","null_train_mean",10,75,-0.199646988700782,NA,-0.199646988700782,-0.199646988700782,-0.20755830516749,26.0128915590758,23.680598558871,-3.70175533744485e-16,0.157894736842105
"Ghana","women_folate","prev","infill","raw_enet",10,75,0.301520531734769,NA,0.301520531734769,0.301520531734769,0.355408390660756,24.5040587347049,22.7806676365412,-0.517880899171613,0.331578947368421
"Ghana","women_folate","prev","infill","region_mean_jk",10,75,0.265038578182045,NA,0.265038578182045,0.265038578182045,0.343181024800707,24.5830429868189,23.1874851411874,0.973041405514798,0.278947368421053
"Ghana","women_folate","prev","infill","spatial",10,75,0.404960446430522,NA,0.404960446430522,0.404960446430522,0.452606482436483,22.6683331271179,21.0492709255831,0.671138385039378,0.347368421052632
"Ghana","women_folate","prev","infill","spatial_plus_domain",10,75,0.402667292450095,NA,0.402667292450095,0.402667292450095,0.450506733062327,22.7102797234207,21.0924105679027,0.637454953558262,0.347368421052632
"Ghana","women_folate","prev","region","domain_enet",1,75,-0.182426171221104,NA,NA,NA,-0.186096973697608,35.6459882996299,32.913942658214,-6.91560299441605,0.0526315789473684
"Ghana","women_folate","prev","region","domain_index",1,75,0.167376012095363,NA,NA,NA,0.220092778727766,34.8708420600171,34.2628517057831,-3.98200605272202,0.263157894736842
"Ghana","women_folate","prev","region","null_train_mean",1,75,-0.513946309887754,NA,NA,NA,-0.583696750673118,26.4383716465557,24.0239159468216,0.0586793099250719,0.105263157894737
"Ghana","women_folate","prev","region","raw_enet",1,75,0.117752891907989,NA,NA,NA,0.111452209543281,31.8939822117114,30.8166293329316,-5.63579403663032,0.368421052631579
"Ghana","women_folate","prev","region","spatial",1,75,0.321554630866449,NA,NA,NA,0.36302037763246,24.5937135117659,22.7745247089232,3.41003849137604,0.368421052631579
"Ghana","women_folate","prev","region","spatial_plus_domain",1,75,0.321554630866449,NA,NA,NA,0.36302037763246,24.5937135117659,22.7745247089231,3.41003849137603,0.368421052631579
"Ghana","women_iron","level","country","domain_enet",1,75,0.325035561877667,NA,NA,NA,0.340122803766948,NA,NA,NA,0.578947368421053
"Ghana","women_iron","level","country","domain_index",1,75,0.357268847795164,NA,NA,NA,0.402210899508925,NA,NA,NA,0.631578947368421
"Ghana","women_iron","level","country","null_train_mean",1,75,NA,NA,NA,NA,NA,NA,NA,NA,0
"Ghana","women_iron","level","infill","domain_enet",10,75,0.269998337693874,NA,0.269998337693874,0.269998337693874,0.282995194477752,0.272407281773913,0.25557332923113,-0.00295284752110607,0.378947368421053
"Ghana","women_iron","level","infill","domain_index",10,75,0.409035561877667,NA,0.409035561877667,0.409035561877667,0.410224336935332,0.304104090561411,0.296473877277203,-0.00778601445964311,0.510526315789474
"Ghana","women_iron","level","infill","null_train_mean",10,75,-0.182693741871769,NA,-0.182693741871769,-0.182693741871769,-0.192334458178088,0.281698065908692,0.265481080753709,2.95622178357136e-18,0.152631578947368
"Ghana","women_iron","level","infill","raw_enet",10,75,0.436133712660028,NA,0.436133712660028,0.436133712660028,0.413945456062592,0.254162270283845,0.237449401280412,-0.00805696599747627,0.51578947368421
"Ghana","women_iron","level","infill","region_mean_jk",10,75,0.371318679818913,NA,0.371318679818913,0.371318679818913,0.354346980644249,0.279166137653683,0.268260611140448,0.00565710609684524,0.5
"Ghana","women_iron","level","infill","spatial",10,75,0.559322901849217,NA,0.559322901849217,0.559322901849217,0.550422070169882,0.226327154819161,0.215265901492697,-0.00439760770135225,0.610526315789474
"Ghana","women_iron","level","infill","spatial_plus_domain",10,75,0.555331436699858,NA,0.555331436699858,0.555331436699858,0.547255960486711,0.226508295922791,0.215216125690071,-0.00559873777546063,0.610526315789474
"Ghana","women_iron","level","region","domain_enet",1,75,0.0191749644381223,NA,NA,NA,0.0321598390275348,0.362346874851118,0.351779478757762,-0.0187384641827131,0.210526315789474
"Ghana","women_iron","level","region","domain_index",1,75,0.287226173541963,NA,NA,NA,0.313887437033286,0.308920188694217,0.296223176236655,-0.0410786909723048,0.368421052631579
"Ghana","women_iron","level","region","null_train_mean",1,75,-0.517355030966714,NA,NA,NA,-0.560572839766748,0.285649106639227,0.269411283038767,-0.000395294322542981,0.0526315789473684
"Ghana","women_iron","level","region","raw_enet",1,75,0.226486486486486,NA,NA,NA,0.246477131122394,0.29509556112727,0.282853903300416,0.0138165340496087,0.368421052631579
"Ghana","women_iron","level","region","spatial",1,75,0.441650071123755,NA,NA,NA,0.457438159670474,0.24096504849771,0.232503271878982,0.0136587835573387,0.473684210526316
"Ghana","women_iron","level","region","spatial_plus_domain",1,75,0.380341394025605,NA,NA,NA,0.358650658348428,0.259760348195837,0.245674488789104,-0.00927623019088973,0.473684210526316
"Ghana","women_iron","prev","country","domain_enet",1,75,0.419473173869029,NA,NA,NA,0.403220543024747,NA,NA,NA,0.631578947368421
"Ghana","women_iron","prev","country","domain_index",1,75,0.354596843314887,NA,NA,NA,0.422044691025703,NA,NA,NA,0.526315789473684
"Ghana","women_iron","prev","country","null_train_mean",1,75,NA,NA,NA,NA,NA,NA,NA,NA,0.157894736842105
"Ghana","women_iron","prev","infill","domain_enet",10,75,-0.0165082282172178,NA,-0.0165082282172178,-0.0165082282172178,0.0271169783006071,10.5767330267067,9.93793583718327,-6.1041498552772,0.257894736842105
"Ghana","women_iron","prev","infill","domain_index",10,75,0.298327525610044,NA,0.298327525610044,0.298327525610044,0.296431372435218,12.873510497157,12.9247447558386,0.666600004346827,0.431578947368421
"Ghana","women_iron","prev","infill","null_train_mean",10,75,-0.201245743131949,NA,-0.201245743131949,-0.201245743131949,-0.2168584796984,9.69659170849953,8.73398447469962,-8.30860264848062e-18,0.168421052631579
"Ghana","women_iron","prev","infill","raw_enet",10,75,0.140928373029186,NA,0.140928373029186,0.140928373029186,0.146188087914355,10.4168152158315,9.87101627907918,-5.93602701739089,0.389473684210526
"Ghana","women_iron","prev","infill","region_mean_jk",10,75,0.350497685090636,NA,0.350497685090636,0.350497685090636,0.352221910804906,9.46981197383096,9.0512326914569,-3.0741833073828,0.410526315789474
"Ghana","women_iron","prev","infill","spatial",10,75,0.493379529940088,NA,0.493379529940088,0.493379529940088,0.477503109217697,8.52500261121124,8.04914320859298,-4.41765894623525,0.510526315789474
"Ghana","women_iron","prev","infill","spatial_plus_domain",10,75,0.486122128935096,NA,0.486122128935096,0.486122128935096,0.467066397177384,8.61423935194684,8.14172537655602,-4.3994577685383,0.51578947368421
"Ghana","women_iron","prev","region","domain_enet",1,75,-0.396591191493676,NA,NA,NA,-0.28264917712321,11.6664991678198,10.9900836073287,-6.88395308496557,0.105263157894737
"Ghana","women_iron","prev","region","domain_index",1,75,0.122357133517947,NA,NA,NA,0.118684495030153,12.0847414161331,11.3808430593667,-3.11640813772765,0.263157894736842
"Ghana","women_iron","prev","region","null_train_mean",1,75,-0.572332767421751,NA,NA,NA,-0.613508646868319,9.8179718278774,8.84239618999816,-0.0454503723495008,0.0526315789473684
"Ghana","women_iron","prev","region","raw_enet",1,75,-0.142627715081624,NA,NA,NA,-0.0881979736533416,10.8149902053798,10.0459974864468,-5.85143792999998,0.210526315789474
"Ghana","women_iron","prev","region","spatial",1,75,0.405156928825478,NA,NA,NA,0.360787967402611,9.17104144421553,8.63261544608813,-4.59806580094454,0.315789473684211
"Ghana","women_iron","prev","region","spatial_plus_domain",1,75,0.405156928825478,NA,NA,NA,0.360787967402605,9.17104144421555,8.63261544608815,-4.59806580094455,0.315789473684211
"Ghana","women_vitA","level","country","domain_enet",1,75,0.341081081081081,NA,NA,NA,0.373487986545723,NA,NA,NA,0.578947368421053
"Ghana","women_vitA","level","country","domain_index",1,75,0.308108108108108,NA,NA,NA,0.440789691465451,NA,NA,NA,0.526315789473684
"Ghana","women_vitA","level","country","null_train_mean",1,75,NA,NA,NA,NA,NA,NA,NA,NA,0.0526315789473684
"Ghana","women_vitA","level","infill","domain_enet",10,75,0.364972972972973,NA,0.364972972972973,0.364972972972973,0.358720076133273,0.125400855962875,0.122598025211197,0.00412443192872027,0.38421052631579
"Ghana","women_vitA","level","infill","domain_index",10,75,0.468375533428165,NA,0.468375533428165,0.468375533428165,0.496083116751366,0.131362157722903,0.128571552656839,-7.51631358073864e-05,0.436842105263158
"Ghana","women_vitA","level","infill","null_train_mean",10,75,-0.186743924945446,NA,-0.186743924945446,-0.186743924945446,-0.180679749895177,0.136626083008489,0.133041079746982,6.37962628326702e-20,0.136842105263158
"Ghana","women_vitA","level","infill","raw_enet",10,75,0.440645803698435,NA,0.440645803698435,0.440645803698435,0.451970240352871,0.117984836641485,0.116501655612151,0.00191547049842356,0.421052631578947
"Ghana","women_vitA","level","infill","region_mean_jk",10,75,0.331680030355027,NA,0.331680030355027,0.331680030355027,0.385660332396358,0.125958843440532,0.123903259844578,0.00386845523223504,0.4
"Ghana","women_vitA","level","infill","spatial",10,75,0.436805120910384,NA,0.436805120910384,0.436805120910384,0.483035585092359,0.116245592163878,0.113059854191869,0.0029816815530431,0.526315789473684
"Ghana","women_vitA","level","infill","spatial_plus_domain",10,75,0.436668563300142,NA,0.436668563300142,0.436668563300142,0.482909296143931,0.116339215361439,0.113122755083346,0.0027974188528651,0.526315789473684
"Ghana","women_vitA","level","region","domain_enet",1,75,0.398947368421053,NA,NA,NA,0.344854173321863,0.123483610729486,0.118848523650673,0.00036628633315406,0.315789473684211
"Ghana","women_vitA","level","region","domain_index",1,75,0.449018492176387,NA,NA,NA,0.495746886476841,0.123967904105849,0.121107198244966,-0.0168187639336054,0.473684210526316
"Ghana","women_vitA","level","region","null_train_mean",1,75,-0.551141540279032,NA,NA,NA,-0.567124766263683,0.138633091126767,0.134990633660328,-7.47523201163909e-05,0.0526315789473684
"Ghana","women_vitA","level","region","raw_enet",1,75,0.529018492176387,NA,NA,NA,0.495211890499701,0.114518283554426,0.111398268575187,-0.00184359682078863,0.421052631578947
"Ghana","women_vitA","level","region","spatial",1,75,0.506600284495021,NA,NA,NA,0.478415053862425,0.116202584986493,0.112390850615161,-0.00529412822073339,0.526315789473684
"Ghana","women_vitA","level","region","spatial_plus_domain",1,75,0.508563300142247,NA,NA,NA,0.482205839247744,0.115638531497794,0.111773512604639,-0.00625324500786455,0.526315789473684
"Ghana","women_vitA","prev","country","domain_enet",1,75,NA,NA,NA,NA,NA,NA,NA,NA,0.105263157894737
"Ghana","women_vitA","prev","country","domain_index",1,75,0.0630044162494163,NA,NA,NA,0.188944137019204,NA,NA,NA,0.421052631578947
"Ghana","women_vitA","prev","country","null_train_mean",1,75,NA,NA,NA,NA,NA,NA,NA,NA,0.105263157894737
"Ghana","women_vitA","prev","infill","domain_enet",10,75,-0.134336508825695,NA,-0.134336508825695,-0.134336508825695,-0.113469328261399,3.6540767417637,3.55968520172835,-1.89221488217983,0.184210526315789
"Ghana","women_vitA","prev","infill","domain_index",10,75,0.12846722936148,NA,0.12846722936148,0.12846722936148,0.0387092576268533,4.31820725381631,4.19682874910937,-0.391761906729862,0.326315789473684
"Ghana","women_vitA","prev","infill","null_train_mean",10,75,-0.154812995530941,NA,-0.154812995530941,-0.154812995530941,-0.202913544320559,4.54743344356149,4.34094490429556,2.03319529904396e-17,0.163157894736842
"Ghana","women_vitA","prev","infill","raw_enet",10,75,-0.0906573659090094,NA,-0.0906573659090094,-0.0906573659090094,-0.067684145443646,3.64176315925916,3.5487093280864,-1.90409718068384,0.210526315789474
"Ghana","women_vitA","prev","infill","region_mean_jk",10,75,-0.0237685345012779,NA,-0.0237685345012779,-0.0237685345012779,-0.0704051496871702,3.90668951629331,3.74305365097501,-1.56217077272805,0.178947368421053
"Ghana","women_vitA","prev","infill","spatial",10,75,0.108556956480572,NA,0.108556956480572,0.108556956480572,0.0286393095699321,3.66238000019557,3.54920842632864,-1.78639614961204,0.263157894736842
"Ghana","women_vitA","prev","infill","spatial_plus_domain",10,75,0.11212483058904,NA,0.11212483058904,0.11212483058904,0.0308582668907342,3.66133336063578,3.54726649895113,-1.78453987190816,0.273684210526316
"Ghana","women_vitA","prev","region","domain_enet",1,75,-0.127600975777059,NA,NA,NA,-0.103536620087043,3.60281365680888,3.52879185643725,-1.97984595978663,0.210526315789474
"Ghana","women_vitA","prev","region","domain_index",1,75,0.113451816553562,NA,NA,NA,-0.0160348239223769,3.87071739097699,3.79163161823244,-1.442914802778,0.263157894736842
"Ghana","women_vitA","prev","region","null_train_mean",1,75,-0.3342528732687,NA,NA,NA,-0.367434754930681,4.5616258200487,4.37519414428796,-0.0221113100876521,0.105263157894737
"Ghana","women_vitA","prev","region","raw_enet",1,75,-0.263677947074749,NA,NA,NA,-0.193208904661198,3.609525466319,3.53281529758899,-1.96172758485262,0.105263157894737
"Ghana","women_vitA","prev","region","spatial",1,75,0.057411334911348,NA,NA,NA,0.029174745599177,3.64327158807196,3.53518388202021,-1.79814255606414,0.315789473684211
"Ghana","women_vitA","prev","region","spatial_plus_domain",1,75,0.057411334911348,NA,NA,NA,0.0291747455991784,3.64327158807196,3.53518388202021,-1.79814255606414,0.315789473684211
"Malawi","child_iron","level","country","domain_enet",1,87,-0.0328424582634687,NA,NA,NA,-0.00868777764744574,NA,NA,NA,0.272727272727273
"Malawi","child_iron","level","country","domain_index",1,87,-0.0449989064664285,NA,NA,NA,-0.108321951974399,NA,NA,NA,0.181818181818182
"Malawi","child_iron","level","country","null_train_mean",1,87,NA,NA,NA,NA,NA,NA,NA,NA,0.272727272727273
"Malawi","child_iron","level","infill","domain_enet",10,87,0.441887803455566,NA,0.441887803455566,0.441887803455566,0.464084610173006,0.238324955262519,0.232444429722,-0.000223861944860542,0.563636363636363
"Malawi","child_iron","level","infill","domain_index",10,87,0.336070204855289,NA,0.336070204855289,0.336070204855289,0.34251786703194,0.287864302686777,0.287070653035372,-0.00807375531289578,0.4
"Malawi","child_iron","level","infill","null_train_mean",10,87,-0.220935258920389,NA,-0.220935258920389,-0.220935258920389,-0.226279584480206,0.279234741000704,0.275113487017279,-0.000149641201493221,0.172727272727273
"Malawi","child_iron","level","infill","raw_enet",10,87,0.397107561525586,NA,0.397107561525586,0.397107561525586,0.383717198775453,0.253404873249298,0.244173073520658,0.000222284170423708,0.463636363636364
"Malawi","child_iron","level","infill","region_mean_jk",10,87,0.40612056738406,NA,0.40612056738406,0.40612056738406,0.365899331180888,0.267004812675397,0.255349085481059,-0.016455192844893,0.422727272727273
"Malawi","child_iron","level","infill","spatial",10,87,0.194951520011664,NA,0.194951520011664,0.194951520011664,0.12900238130695,0.279452759418098,0.274347555031228,-0.00180829984483302,0.177272727272727
"Malawi","child_iron","level","infill","spatial_plus_domain",10,87,0.353650579572793,NA,0.353650579572793,0.353650579572793,0.329970168473717,0.252683353414857,0.244408623105684,-0.00415519870281354,0.372727272727273
"Malawi","child_iron","level","region","domain_enet",1,87,0.381369833053875,NA,NA,NA,0.416330593198964,0.242995589388448,0.24146569119078,-0.00230205155572513,0.5
"Malawi","child_iron","level","region","domain_index",1,87,0.204326747831158,NA,NA,NA,0.208641258442541,0.29924238358716,0.302252022051195,-0.00940168495611868,0.409090909090909
"Malawi","child_iron","level","region","null_train_mean",1,87,-0.701285506472629,NA,NA,NA,-0.691245414486126,0.28048130417589,0.276911064132444,8.78784211301203e-05,0
"Malawi","child_iron","level","region","raw_enet",1,87,0.395111904935481,NA,NA,NA,0.355812888761163,0.248097750552668,0.244358402782689,0.00808979453970341,0.454545454545455
"Malawi","child_iron","level","region","spatial",1,87,0.0195924764890282,NA,NA,NA,-0.0265831832647881,0.300909030308589,0.302452044174505,-0.00170309899289527,0.0909090909090909
"Malawi","child_iron","level","region","spatial_plus_domain",1,87,0.208336370926587,NA,NA,NA,0.176145148253049,0.268782630661233,0.266750542139133,0.00626418392490388,0.272727272727273
"Malawi","child_iron","prev","country","domain_enet",1,87,0.0138450644632887,NA,NA,NA,-0.032055167796981,NA,NA,NA,0.363636363636364
"Malawi","child_iron","prev","country","domain_index",1,87,-0.0939056546205666,NA,NA,NA,-0.22263751170668,NA,NA,NA,0.181818181818182
"Malawi","child_iron","prev","country","null_train_mean",1,87,NA,NA,NA,NA,NA,NA,NA,NA,0.227272727272727
"Malawi","child_iron","prev","infill","domain_enet",10,87,0.149166299650964,NA,0.149166299650964,0.149166299650964,0.168005224555336,11.6789825350557,11.3866167831138,-5.18125382190219,0.390909090909091
"Malawi","child_iron","prev","infill","domain_index",10,87,0.225237674211558,NA,0.225237674211558,0.225237674211558,0.214124323733313,15.5482734678591,15.4201318694619,-1.06664517810088,0.4
"Malawi","child_iron","prev","infill","null_train_mean",10,87,-0.198068955154211,NA,-0.198068955154211,-0.198068955154211,-0.220805488104931,11.7450065431149,11.2884151463921,-0.000149009699852207,0.140909090909091
"Malawi","child_iron","prev","infill","raw_enet",10,87,0.320650352558787,NA,0.320650352558787,0.320650352558787,0.290520454682825,11.3674458014856,11.0058564281503,-5.31572480564815,0.445454545454546
"Malawi","child_iron","prev","infill","region_mean_jk",10,87,0.125184212379967,NA,0.125184212379967,0.125184212379967,0.109523927458029,13.453922978278,12.8499392122028,-2.59885349197212,0.359090909090909
"Malawi","child_iron","prev","infill","spatial",10,87,0.0956340075295213,NA,0.0956340075295213,0.0956340075295213,0.0363110949712375,11.9418375124492,11.8501911315985,-5.48697280369871,0.286363636363636
"Malawi","child_iron","prev","infill","spatial_plus_domain",10,87,0.162643025060339,NA,0.162643025060339,0.162643025060339,0.142009583233515,11.8985784071255,11.5806407550666,-5.07183922381749,0.372727272727273
"Malawi","child_iron","prev","region","domain_enet",1,87,0.133826502549298,NA,NA,NA,0.142774573904672,11.5697268256135,11.2798178828492,-4.95536891971194,0.318181818181818
"Malawi","child_iron","prev","region","domain_index",1,87,0.163577886132465,NA,NA,NA,0.218647380036594,14.4420210319343,14.8007980137052,-1.72555848819224,0.409090909090909
"Malawi","child_iron","prev","region","null_train_mean",1,87,-0.596705285063956,NA,NA,NA,-0.598864364574904,11.813128416345,11.3684670473614,5.69188440804229e-05,0
"Malawi","child_iron","prev","region","raw_enet",1,87,0.371390662019179,NA,NA,NA,0.319069207598979,11.259879319515,10.9921916311179,-5.24165841256391,0.5
"Malawi","child_iron","prev","region","spatial",1,87,0.0588734460543665,NA,NA,NA,-0.00947872670043661,12.1735747710238,12.177460804802,-5.77705159771724,0.272727272727273
"Malawi","child_iron","prev","region","spatial_plus_domain",1,87,0.19079374407611,NA,NA,NA,0.159485485975869,11.7151687347034,11.4795402170155,-5.31927247697964,0.318181818181818
"Malawi","child_vitA","level","country","domain_enet",1,87,0.183549609973026,NA,NA,NA,0.213984316564638,NA,NA,NA,0.409090909090909
"Malawi","child_vitA","level","country","domain_index",1,87,0.270376175548589,NA,NA,NA,0.255680899039527,NA,NA,NA,0.545454545454545
"Malawi","child_vitA","level","country","null_train_mean",1,87,NA,NA,NA,NA,NA,NA,NA,NA,0.136363636363636
"Malawi","child_vitA","level","infill","domain_enet",10,87,0.165566229048886,NA,0.165566229048886,0.165566229048886,0.140607383426051,0.0545762594573501,0.054561710095514,-0.000404182344765885,0.368181818181818
"Malawi","child_vitA","level","infill","domain_index",10,87,0.221207261062915,NA,0.221207261062915,0.221207261062915,0.250124933781734,0.0634185860289654,0.0653801558974995,-0.00187228022414082,0.395454545454546
"Malawi","child_vitA","level","infill","null_train_mean",10,87,-0.192781594137757,NA,-0.192781594137757,-0.192781594137757,-0.210972542171278,0.0547857914193086,0.0540543958601525,-4.78451975456355e-06,0.168181818181818
"Malawi","child_vitA","level","infill","raw_enet",10,87,-0.00622216786714738,NA,-0.00622216786714738,-0.00622216786714738,0.0135414871803032,0.0550916934957497,0.0543688633501556,-2.64792922681199e-05,0.295454545454545
"Malawi","child_vitA","level","infill","region_mean_jk",10,87,0.031838163134576,NA,0.031838163134576,0.031838163134576,0.064876757140137,0.0683011606934471,0.0695343393164004,-0.000484336570192638,0.263636363636364
"Malawi","child_vitA","level","infill","spatial",10,87,0.0797641612597507,NA,0.0797641612597507,0.0797641612597507,0.116360590317152,0.0561582849810554,0.0560563005543138,-0.000503862963004544,0.3
"Malawi","child_vitA","level","infill","spatial_plus_domain",10,87,0.0941313698330539,NA,0.0941313698330539,0.0941313698330539,0.112559633664652,0.0567022660034029,0.0570002571486858,-0.000459462320426287,0.322727272727273
"Malawi","child_vitA","level","region","domain_enet",1,87,0.152566158781075,NA,NA,NA,0.118262064402573,0.0534676446926555,0.05252430173387,0.000407602156845568,0.363636363636364
"Malawi","child_vitA","level","region","domain_index",1,87,0.214259677772108,NA,NA,NA,0.255796036711473,0.0608856303555256,0.0622331886976553,-0.000909422524562222,0.409090909090909
"Malawi","child_vitA","level","region","null_train_mean",1,87,-0.521275758407526,NA,NA,NA,-0.547668555577925,0.0549085522539291,0.0540016362087918,0.000173878794267178,0.0909090909090909
"Malawi","child_vitA","level","region","raw_enet",1,87,-0.136484431478381,NA,NA,NA,-0.175254755533957,0.0554515423220832,0.0545214422502798,0.00161462327138218,0.227272727272727
"Malawi","child_vitA","level","region","spatial",1,87,0.057118903550339,NA,NA,NA,0.0688897132404405,0.0573517888053841,0.056879109355067,-0.00185131175965648,0.272727272727273
"Malawi","child_vitA","level","region","spatial_plus_domain",1,87,0.051013341109572,NA,NA,NA,0.0729814645108224,0.0570685506152375,0.0566790882146469,-0.00350282002208616,0.272727272727273
"Malawi","child_vitA","prev","country","domain_enet",1,87,0.157399548590067,NA,NA,NA,0.0836578648485789,NA,NA,NA,0.272727272727273
"Malawi","child_vitA","prev","country","domain_index",1,87,0.206537487183924,NA,NA,NA,0.173972225335236,NA,NA,NA,0.181818181818182
"Malawi","child_vitA","prev","country","null_train_mean",1,87,NA,NA,NA,NA,NA,NA,NA,NA,0.772727272727273
"Malawi","child_vitA","prev","infill","domain_enet",10,87,-0.0543290014564644,NA,-0.0543290014564644,-0.0543290014564644,-0.043371475713938,0.805544890509352,0.853227745364714,0.262337807271046,0.236363636363636
"Malawi","child_vitA","prev","infill","domain_index",10,87,0.0512887118141482,NA,0.0512887118141482,0.0512887118141482,0.051374771416738,0.865799015216401,0.899816638340301,0.334158830686336,0.231818181818182
"Malawi","child_vitA","prev","infill","null_train_mean",10,87,-0.110585578203481,NA,-0.110585578203481,-0.110585578203481,-0.165649283276541,0.575989895935728,0.628294251152385,-0.00028971551385153,0.340909090909091
"Malawi","child_vitA","prev","infill","raw_enet",10,87,0.0119362628863942,NA,0.0119362628863942,0.0119362628863942,-0.00426575452747594,0.805550245418672,0.852089978959629,0.263024347538953,0.268181818181818
"Malawi","child_vitA","prev","infill","region_mean_jk",10,87,0.0463761384741141,NA,0.0463761384741141,0.0463761384741141,-0.0573281671160272,0.850959152017946,0.892399312600686,0.30254623228308,0.513636363636364
"Malawi","child_vitA","prev","infill","spatial",10,87,-0.0494135628930953,NA,-0.0494135628930953,-0.0494135628930953,-0.0871375128856006,0.810369130417532,0.859256746847859,0.265549066952557,0.3
"Malawi","child_vitA","prev","infill","spatial_plus_domain",10,87,-0.0562906150806676,NA,-0.0562906150806676,-0.0562906150806676,-0.0854221137540836,0.810311843040065,0.859372184823725,0.265333038240619,0.277272727272727
"Malawi","child_vitA","prev","region","domain_enet",1,87,-0.0838109301479407,NA,NA,NA,-0.0329277333327068,0.807755792204695,0.852943954709878,0.26488664666195,0.363636363636364
"Malawi","child_vitA","prev","region","domain_index",1,87,0.0531141579927154,NA,NA,NA,0.0811345619468608,0.863089807311196,0.898289839907864,0.33485160343655,0.318181818181818
"Malawi","child_vitA","prev","region","null_train_mean",1,87,-0.352450225701722,NA,NA,NA,-0.508903881879748,0.580181436487397,0.633601666946096,0.0015076821468951,0.227272727272727
"Malawi","child_vitA","prev","region","raw_enet",1,87,-0.174939764723104,NA,NA,NA,-0.135166395988414,0.811024215645439,0.857116161138588,0.266923757684599,0.272727272727273
"Malawi","child_vitA","prev","region","spatial",1,87,-0.0457717073982311,NA,NA,NA,-0.0741716011613405,0.812953367726336,0.860565386363087,0.268033112706549,0.363636363636364
"Malawi","child_vitA","prev","region","spatial_plus_domain",1,87,-0.0415469742869433,NA,NA,NA,-0.0736358248916872,0.813084567843455,0.860632142364985,0.268164312823668,0.363636363636364
"Malawi","child_zinc","level","infill","domain_enet",10,87,-0.207709251495618,NA,-0.207709251495618,-0.207709251495618,-0.213070884302628,0.110966760066458,0.108106287950493,3.35751414455191e-06,0.177272727272727
"Malawi","child_zinc","level","infill","domain_index",10,87,-0.0980881388058612,NA,-0.0980881388058612,-0.0980881388058612,-0.120082577575993,0.159393947071346,0.159629329099963,0.00146964710091388,0.195454545454545
"Malawi","child_zinc","level","infill","null_train_mean",10,87,-0.18276584255888,NA,-0.18276584255888,-0.18276584255888,-0.192634777307011,0.109960914492399,0.107082425614835,-1.76972485646164e-05,0.209090909090909
"Malawi","child_zinc","level","infill","raw_enet",10,87,-0.193118097731644,NA,-0.193118097731644,-0.193118097731644,-0.194311620832706,0.110862625842354,0.107835169912059,-0.000590258687081731,0.213636363636364
"Malawi","child_zinc","level","infill","region_mean_jk",10,87,-0.06912917318355,NA,-0.06912917318355,-0.06912917318355,-0.0545621398861446,0.136418259630208,0.135818649759509,-0.00276626476031075,0.159090909090909
"Malawi","child_zinc","level","infill","spatial",10,87,-0.155099511555005,NA,-0.155099511555005,-0.155099511555005,-0.162109421498868,0.115058640095777,0.111410814440585,0.000613195659111236,0.204545454545454
"Malawi","child_zinc","level","infill","spatial_plus_domain",10,87,-0.159090909090909,NA,-0.159090909090909,-0.159090909090909,-0.166130321878558,0.115234223726602,0.111599616975137,0.00050075027467098,0.204545454545454
"Malawi","child_zinc","level","region","domain_enet",1,87,-0.500638664763298,NA,NA,NA,-0.478689373929553,0.110268211237347,0.107365678087942,0.000803363769213362,0.136363636363636
"Malawi","child_zinc","level","region","domain_index",1,87,-0.0492454618356784,NA,NA,NA,-0.0687377566198483,0.154371309975791,0.154133693334158,0.00671041027673773,0.181818181818182
"Malawi","child_zinc","level","region","null_train_mean",1,87,-0.501683108858814,NA,NA,NA,-0.515484838063243,0.110102130185181,0.107208320330878,0.000477305423670247,0.136363636363636
"Malawi","child_zinc","level","region","raw_enet",1,87,-0.446151040125876,NA,NA,NA,-0.316144773553799,0.109973816725178,0.106965892513134,-0.000473397065277645,0.136363636363636
"Malawi","child_zinc","level","region","spatial",1,87,-0.179375956841875,NA,NA,NA,-0.16059119272632,0.115308582581201,0.111877106764103,-0.00577165392722324,0.318181818181818
"Malawi","child_zinc","level","region","spatial_plus_domain",1,87,-0.179375956841875,NA,NA,NA,-0.160591192458535,0.115308582572737,0.111877106754204,-0.00577165392659883,0.318181818181818
"Malawi","child_zinc","prev","infill","domain_enet",10,87,-0.183953899880764,NA,-0.183953899880764,-0.183953899880764,-0.200250512610604,20.3897203733942,19.6707204364997,1.39192839356489,0.227272727272727
"Malawi","child_zinc","prev","infill","domain_index",10,87,-0.00686169094626513,NA,-0.00686169094626513,-0.00686169094626513,-0.0139196677281733,29.3396712881116,28.795748990789,-0.621391566197113,0.277272727272727
"Malawi","child_zinc","prev","infill","null_train_mean",10,87,-0.202320050086915,NA,-0.202320050086915,-0.202320050086915,-0.21569575720907,20.2178300565338,19.5204549328462,-0.00553622728018055,0.240909090909091
"Malawi","child_zinc","prev","infill","raw_enet",10,87,-0.193922929853132,NA,-0.193922929853132,-0.193922929853132,-0.182746675441202,20.6466391451088,19.9259173495677,1.40872662600442,0.2
"Malawi","child_zinc","prev","infill","region_mean_jk",10,87,0.0669016088099049,NA,0.0669016088099049,0.0669016088099049,0.0965957451289829,24.7856446809748,24.1126863330071,-0.509064681265724,0.231818181818182
"Malawi","child_zinc","prev","infill","spatial",10,87,-0.0618992529483662,NA,-0.0618992529483662,-0.0618992529483662,-0.0605308385003235,21.9138560387514,20.8223899896998,1.19680254189736,0.268181818181818
"Malawi","child_zinc","prev","infill","spatial_plus_domain",10,87,-0.0656423249591759,NA,-0.0656423249591759,-0.0656423249591759,-0.0637260780311269,21.9544772296555,20.8577297922602,1.15997473024732,0.268181818181818
"Malawi","child_zinc","prev","region","domain_enet",1,87,-0.564574449863159,NA,NA,NA,-0.487960858584927,20.4348126477859,19.8276874363888,1.87067462724184,0.0454545454545455
"Malawi","child_zinc","prev","region","domain_index",1,87,-0.0456078647590869,NA,NA,NA,-0.0673795675432305,28.9896127488772,28.1261011935276,0.861613067235135,0.227272727272727
"Malawi","child_zinc","prev","region","null_train_mean",1,87,-0.577623666288515,NA,NA,NA,-0.58603908308832,20.201109843624,19.5241624957128,0.07933673163249,0.0909090909090909
"Malawi","child_zinc","prev","region","raw_enet",1,87,-0.547758922895658,NA,NA,NA,-0.542793325940721,20.2894515068374,19.5707744447004,1.66900725442416,0.0909090909090909
"Malawi","child_zinc","prev","region","spatial",1,87,-0.0985724248730774,NA,NA,NA,-0.0884319153550273,22.8871294534713,21.8724956856134,-0.058766250100417,0.181818181818182
"Malawi","child_zinc","prev","region","spatial_plus_domain",1,87,-0.0985724248730774,NA,NA,NA,-0.0884319153607613,22.887129453538,21.8724956856924,-0.058766250037685,0.181818181818182
"Malawi","women_b12","level","country","domain_enet",1,87,0.331723408908653,NA,NA,NA,0.23831579659253,NA,NA,NA,0.409090909090909
"Malawi","women_b12","level","country","domain_index",1,87,0.485474229058832,NA,NA,NA,0.370735022825373,NA,NA,NA,0.5
"Malawi","women_b12","level","country","null_train_mean",1,87,NA,NA,NA,NA,NA,NA,NA,NA,0.272727272727273
"Malawi","women_b12","level","infill","domain_enet",10,87,0.680571553546694,NA,0.680571553546694,0.680571553546694,0.679781786735242,0.246904496096205,0.228551330825085,-0.00263967940500597,0.418181818181818
"Malawi","women_b12","level","infill","domain_index",10,87,0.688348399795874,NA,0.688348399795874,0.688348399795874,0.645203403730583,0.289956823189388,0.269626912921746,0.0126169099516863,0.518181818181818
"Malawi","women_b12","level","infill","null_train_mean",10,87,-0.199893717113304,NA,-0.199893717113304,-0.199893717113304,-0.216980011535795,0.364584813346769,0.345356258254642,0.000120376174183008,0.190909090909091
"Malawi","women_b12","level","infill","raw_enet",10,87,0.7163957133484,NA,0.7163957133484,0.7163957133484,0.708889817698145,0.228249748704418,0.209914049061157,0.00106631049464877,0.459090909090909
"Malawi","women_b12","level","infill","region_mean_jk",10,87,0.577744810108721,NA,0.577744810108721,0.577744810108721,0.603962981685418,0.266080418522027,0.259177096005528,-0.00306858970965476,0.290909090909091
"Malawi","women_b12","level","infill","spatial",10,87,0.633651673106364,NA,0.633651673106364,0.633651673106364,0.65230669921293,0.260932036344875,0.245807453842453,0.00202438283590428,0.340909090909091
"Malawi","women_b12","level","infill","spatial_plus_domain",10,87,0.636755485893417,NA,0.636755485893417,0.636755485893417,0.656127544900079,0.259635099561139,0.244521394560337,0.000746146077803157,0.336363636363636
"Malawi","women_b12","level","region","domain_enet",1,87,0.722479405117737,NA,NA,NA,0.708940737343096,0.232015327648864,0.216354768575314,0.0115307153221996,0.545454545454545
"Malawi","women_b12","level","region","domain_index",1,87,0.642396296566304,NA,NA,NA,0.581078875911461,0.29850524888535,0.284709718388477,0.0335152882276226,0.545454545454545
"Malawi","women_b12","level","region","null_train_mean",1,87,-0.761650569188354,NA,NA,NA,-0.784035899029995,0.371272802630376,0.351428971737331,0.000375275531049985,0.0454545454545455
"Malawi","women_b12","level","region","raw_enet",1,87,0.740395130130495,NA,NA,NA,0.720595455434783,0.227800277898206,0.212440831486826,0.0120826528219304,0.5
"Malawi","women_b12","level","region","spatial",1,87,0.602300065612014,NA,NA,NA,0.642556740209818,0.268684838274855,0.25040215188429,0.0320791949419366,0.409090909090909
"Malawi","women_b12","level","region","spatial_plus_domain",1,87,0.600459284100022,NA,NA,NA,0.641964867739332,0.268581208798439,0.250214374084766,0.0311754118744613,0.409090909090909
"Malawi","women_b12","prev","country","domain_enet",1,87,0.0358811440682058,NA,NA,NA,-0.0239006560549994,NA,NA,NA,0.363636363636364
"Malawi","women_b12","prev","country","domain_index",1,87,0.308194083435039,NA,NA,NA,0.238481086673821,NA,NA,NA,0.409090909090909
"Malawi","women_b12","prev","country","null_train_mean",1,87,NA,NA,NA,NA,NA,NA,NA,NA,0.181818181818182
"Malawi","women_b12","prev","infill","domain_enet",10,87,0.522843913628731,NA,0.522843913628731,0.522843913628731,0.377304402421738,8.85840804064138,8.32651782755605,-4.8247267301976,0.413636363636364
"Malawi","women_b12","prev","infill","domain_index",10,87,0.565944459010125,NA,0.565944459010125,0.565944459010125,0.371878980673144,10.8081536001709,10.2056541090112,0.191752288556564,0.490909090909091
"Malawi","women_b12","prev","infill","null_train_mean",10,87,-0.179219363212867,NA,-0.179219363212867,-0.179219363212867,-0.220081287323039,11.3708620960399,10.752231158318,0.00274277163731448,0.159090909090909
"Malawi","women_b12","prev","infill","raw_enet",10,87,0.508401273446839,NA,0.508401273446839,0.508401273446839,0.333327574001248,9.02180112354763,8.46403904032312,-5.05153373327368,0.422727272727273
"Malawi","women_b12","prev","infill","region_mean_jk",10,87,0.49969456369072,NA,0.49969456369072,0.49969456369072,0.388089781488915,9.20815500143824,8.77514393478947,-2.19647020763144,0.481818181818182
"Malawi","women_b12","prev","infill","spatial",10,87,0.488262741491339,NA,0.488262741491339,0.488262741491339,0.301299410975574,9.45600112159935,8.85728353356487,-4.89657931661931,0.436363636363637
"Malawi","women_b12","prev","infill","spatial_plus_domain",10,87,0.510120498317701,NA,0.510120498317701,0.510120498317701,0.349652183332656,9.1001544428151,8.47580654208669,-4.576806908549,0.436363636363637
"Malawi","women_b12","prev","region","domain_enet",1,87,0.468239336201298,NA,NA,NA,0.332943317376471,9.09732153301999,8.54389176961496,-5.49002843084707,0.454545454545455
"Malawi","women_b12","prev","region","domain_index",1,87,0.539694619896484,NA,NA,NA,0.349983093618743,10.2817586127567,9.73644701140512,-0.976110620529556,0.5
"Malawi","women_b12","prev","region","null_train_mean",1,87,-0.718602524385658,NA,NA,NA,-0.678531379218951,11.5057991159278,10.8878017182731,-0.0252297019798199,0
"Malawi","women_b12","prev","region","raw_enet",1,87,0.477698910546552,NA,NA,NA,0.320265870786961,9.17721520787967,8.72783973102407,-6.28891560092639,0.454545454545455
"Malawi","women_b12","prev","region","spatial",1,87,0.432837886572507,NA,NA,NA,0.260276366449098,10.0501813747617,9.46856347891404,-4.57821431378629,0.454545454545455
"Malawi","women_b12","prev","region","spatial_plus_domain",1,87,0.471808262830542,NA,NA,NA,0.282880701559543,9.88554529512357,9.23156902784888,-4.30359909451381,0.409090909090909
"Malawi","women_folate","level","country","domain_enet",1,87,0.348217540278486,NA,NA,NA,0.314117992048009,NA,NA,NA,0.454545454545455
"Malawi","women_folate","level","country","domain_index",1,87,0.0495735219071225,NA,NA,NA,-0.00420837137836448,NA,NA,NA,0.363636363636364
"Malawi","women_folate","level","country","null_train_mean",1,87,NA,NA,NA,NA,NA,NA,NA,NA,0.136363636363636
"Malawi","women_folate","level","infill","domain_enet",10,87,0.327651818910841,NA,0.327651818910841,0.327651818910841,0.287064465951933,0.349107015993681,0.339411368574604,0.00118317235492613,0.359090909090909
"Malawi","women_folate","level","infill","domain_index",10,87,0.411008237952905,NA,0.411008237952905,0.411008237952905,0.42110511013591,0.359385716556914,0.357147097457606,-0.006607776396741,0.440909090909091
"Malawi","women_folate","level","infill","null_train_mean",10,87,-0.198366568437241,NA,-0.198366568437241,-0.198366568437241,-0.209840489695411,0.382999442186392,0.370225060748988,0.00012301809512508,0.159090909090909
"Malawi","women_folate","level","infill","raw_enet",10,87,0.389514835605453,NA,0.389514835605453,0.389514835605453,0.374944513610323,0.329542976167851,0.317693134734633,0.0011617891126234,0.45
"Malawi","women_folate","level","infill","region_mean_jk",10,87,0.361320018722982,NA,0.361320018722982,0.361320018722982,0.354042191183294,0.362083925656654,0.35139521054782,0.00585168752198262,0.509090909090909
"Malawi","women_folate","level","infill","spatial",10,87,0.480702777575271,NA,0.480702777575271,0.480702777575271,0.485979719090536,0.306083809031693,0.300432247769056,0.00252131191561839,0.531818181818182
"Malawi","women_folate","level","infill","spatial_plus_domain",10,87,0.483930524167092,NA,0.483930524167092,0.483930524167092,0.483908916029649,0.307216768258122,0.300951677096749,0.0023972559231874,0.527272727272727
"Malawi","women_folate","level","region","domain_enet",1,87,0.14744477655464,NA,NA,NA,0.10344877446986,0.371784830915941,0.35857061660602,-0.0264489894915191,0.318181818181818
"Malawi","women_folate","level","region","domain_index",1,87,0.346249179849821,NA,NA,NA,0.374800223354142,0.36665784397504,0.364927384886607,-0.0266732812450149,0.272727272727273
"Malawi","women_folate","level","region","null_train_mean",1,87,-0.683763402290563,NA,NA,NA,-0.687415218338552,0.385471140746127,0.372053616718683,0.000137638050161526,0
"Malawi","women_folate","level","region","raw_enet",1,87,0.219289932200919,NA,NA,NA,0.183420385913309,0.358809403170759,0.34840994007682,-0.0232907682261463,0.318181818181818
"Malawi","women_folate","level","region","spatial",1,87,0.381315156375301,NA,NA,NA,0.404395601111833,0.326221780603347,0.318811429370952,0.00655970379327988,0.318181818181818
"Malawi","women_folate","level","region","spatial_plus_domain",1,87,0.38731136545892,NA,NA,NA,0.409756339244177,0.324364392698836,0.317355684330091,0.00978848741476212,0.318181818181818
"Malawi","women_folate","prev","country","domain_enet",1,87,0.295243171236555,NA,NA,NA,0.263248566371972,NA,NA,NA,0.363636363636364
"Malawi","women_folate","prev","country","domain_index",1,87,0.149944099450718,NA,NA,NA,0.114295976720796,NA,NA,NA,0.363636363636364
"Malawi","women_folate","prev","country","null_train_mean",1,87,NA,NA,NA,NA,NA,NA,NA,NA,0.181818181818182
"Malawi","women_folate","prev","infill","domain_enet",10,87,0.265415391383691,NA,0.265415391383691,0.265415391383691,0.280204985994099,16.673106521795,16.5306171514327,-10.0046979408916,0.445454545454546
"Malawi","women_folate","prev","infill","domain_index",10,87,0.421710798200639,NA,0.421710798200639,0.421710798200639,0.439333610299651,17.5283510260863,17.6971815458039,0.186146800602486,0.481818181818182
"Malawi","women_folate","prev","infill","null_train_mean",10,87,-0.191742743631881,NA,-0.191742743631881,-0.191742743631881,-0.219344202065229,17.5449174330977,17.0939234509225,0.00467681978184344,0.131818181818182
"Malawi","women_folate","prev","infill","raw_enet",10,87,0.329021551772737,NA,0.329021551772737,0.329021551772737,0.34685418737832,16.064775935002,15.8644934345128,-9.35352646486711,0.445454545454546
"Malawi","women_folate","prev","infill","region_mean_jk",10,87,0.39359065772782,NA,0.39359065772782,0.39359065772782,0.445315214989593,16.3175731744237,16.1785542906913,-2.90104056871163,0.459090909090909
"Malawi","women_folate","prev","infill","spatial",10,87,0.42858525297121,NA,0.42858525297121,0.42858525297121,0.331628562292838,15.8333525562709,15.72850457529,-8.14809317383103,0.454545454545455
"Malawi","women_folate","prev","infill","spatial_plus_domain",10,87,0.427416083683215,NA,0.427416083683215,0.427416083683215,0.33857742725927,15.88381743308,15.7858102400441,-7.99638758485311,0.445454545454545
"Malawi","women_folate","prev","region","domain_enet",1,87,0.160444282228246,NA,NA,NA,0.15021439530164,17.1852875521141,16.9048586256313,-10.3921568689259,0.409090909090909
"Malawi","women_folate","prev","region","domain_index",1,87,0.349950240548194,NA,NA,NA,0.343501793484216,18.0764644559578,18.0678584712037,-2.65165876177393,0.409090909090909
"Malawi","women_folate","prev","region","null_train_mean",1,87,-0.684001286105595,NA,NA,NA,-0.71072298272889,17.7043504676863,17.2237636196512,0.00701575870639344,0.0454545454545455
"Malawi","women_folate","prev","region","raw_enet",1,87,0.16658800619382,NA,NA,NA,0.226094565850529,16.7615616467848,16.3812307143968,-10.7814517184102,0.318181818181818
"Malawi","women_folate","prev","region","spatial",1,87,0.158219509458894,NA,NA,NA,0.137967059988731,18.3614406811186,18.2280142510779,-7.0159808418641,0.272727272727273
"Malawi","women_folate","prev","region","spatial_plus_domain",1,87,0.176166630376511,NA,NA,NA,0.158641155129456,18.0920053141352,17.9216668163689,-7.10391947862662,0.272727272727273
"Malawi","women_iron","level","country","domain_enet",1,87,0.212601151855362,NA,NA,NA,0.229174579205054,NA,NA,NA,0.454545454545455
"Malawi","women_iron","level","country","domain_index",1,87,0.222661660712984,NA,NA,NA,0.144704502621632,NA,NA,NA,0.454545454545455
"Malawi","women_iron","level","country","null_train_mean",1,87,NA,NA,NA,NA,NA,NA,NA,NA,0.272727272727273
"Malawi","women_iron","level","infill","domain_enet",10,87,0.150562934779598,NA,0.150562934779598,0.150562934779598,0.106040592306695,0.270357031244128,0.254794892721897,0.00483866180881033,0.368181818181818
"Malawi","women_iron","level","infill","domain_index",10,87,0.246221841510534,NA,0.246221841510534,0.246221841510534,0.235471075867704,0.319393948796499,0.305372456824224,-0.00432116017396669,0.377272727272727
"Malawi","women_iron","level","infill","null_train_mean",10,87,-0.196145599473516,NA,-0.196145599473516,-0.196145599473516,-0.217204788550564,0.269779488706131,0.256497271270387,1.39666920997489e-05,0.168181818181818
"Malawi","women_iron","level","infill","raw_enet",10,87,0.161444586946416,NA,0.161444586946416,0.161444586946416,0.110172941275491,0.27081943876224,0.256505607110103,-0.000626309617417058,0.386363636363636
"Malawi","women_iron","level","infill","region_mean_jk",10,87,0.117428299885379,NA,0.117428299885379,0.117428299885379,0.0678199211130469,0.315809828546517,0.306370730443081,-0.0154476332963369,0.318181818181818
"Malawi","women_iron","level","infill","spatial",10,87,0.226904570970329,NA,0.226904570970329,0.226904570970329,0.20631669580608,0.261905377710055,0.246336703641753,0.00022894529678333,0.331818181818182
"Malawi","women_iron","level","infill","spatial_plus_domain",10,87,0.229796967266895,NA,0.229796967266895,0.229796967266895,0.2061789544939,0.263937635257526,0.247317502191941,0.000780482764961409,0.368181818181818
"Malawi","women_iron","level","region","domain_enet",1,87,0.236656947467056,NA,NA,NA,0.140431338279363,0.261152081893429,0.245775559995787,-0.0175461455555085,0.363636363636364
"Malawi","women_iron","level","region","domain_index",1,87,0.219235255522344,NA,NA,NA,0.229114282167653,0.307498616352809,0.300506747609063,-0.0154696024217098,0.318181818181818
"Malawi","women_iron","level","region","null_train_mean",1,87,-0.581732034575527,NA,NA,NA,-0.577397344466209,0.269764296730225,0.256407377892095,-0.000122325302747655,0
"Malawi","women_iron","level","region","raw_enet",1,87,0.333145002551578,NA,NA,NA,0.322814569880258,0.24920885733127,0.238994881148985,0.0013889755263397,0.363636363636364
"Malawi","women_iron","level","region","spatial",1,87,0.181854632937231,NA,NA,NA,0.198844361683407,0.261689910838657,0.247122814851292,-0.0107391953910934,0.272727272727273
"Malawi","women_iron","level","region","spatial_plus_domain",1,87,0.197309907414158,NA,NA,NA,0.221623843427482,0.260293538743599,0.244698056594759,-0.0110375814955971,0.272727272727273
"Malawi","women_iron","prev","country","domain_enet",1,87,0.206442712740985,NA,NA,NA,0.154451655453504,NA,NA,NA,0.363636363636364
"Malawi","women_iron","prev","country","domain_index",1,87,0.201990444219781,NA,NA,NA,0.140916406846755,NA,NA,NA,0.409090909090909
"Malawi","women_iron","prev","country","null_train_mean",1,87,NA,NA,NA,NA,NA,NA,NA,NA,0.272727272727273
"Malawi","women_iron","prev","infill","domain_enet",10,87,-0.163773799260421,NA,-0.163773799260421,-0.163773799260421,-0.134390425205658,14.5638790423799,13.7916447379672,-9.32545550241281,0.213636363636364
"Malawi","women_iron","prev","infill","domain_index",10,87,0.0762013625238258,NA,0.0762013625238258,0.0762013625238258,-0.0181081404759849,20.2737186606735,19.7609562614678,-0.997337311071159,0.231818181818182
"Malawi","women_iron","prev","infill","null_train_mean",10,87,-0.155579211290424,NA,-0.155579211290424,-0.155579211290424,-0.174673014890011,13.5306735515909,12.1741785936483,-0.00158275261483723,0.186363636363636
"Malawi","women_iron","prev","infill","raw_enet",10,87,-0.106593269224337,NA,-0.106593269224337,-0.106593269224337,-0.0532481393583983,14.5183001123056,13.7686060218512,-9.36213974790814,0.240909090909091
"Malawi","women_iron","prev","infill","region_mean_jk",10,87,-0.210133437496557,NA,-0.210133437496557,-0.210133437496557,-0.237361653315363,18.7290437344696,18.1274351229913,-5.24676141530762,0.113636363636364
"Malawi","women_iron","prev","infill","spatial",10,87,0.0510474338203497,NA,0.0510474338203497,0.0510474338203497,0.0350371305391196,14.6084223016805,13.768351005622,-9.06508244545592,0.286363636363636
"Malawi","women_iron","prev","infill","spatial_plus_domain",10,87,0.0175971053755946,NA,0.0175971053755946,0.0175971053755946,0.00527914812866492,14.7121773410042,13.8731748171634,-9.02534304228763,0.259090909090909
"Malawi","women_iron","prev","region","domain_enet",1,87,-0.389894444450646,NA,NA,NA,-0.303681521952229,14.3701787159378,13.6464634400438,-9.56535546155888,0.0909090909090909
"Malawi","women_iron","prev","region","domain_index",1,87,0.131938951146034,NA,NA,NA,0.0420430701284356,18.6946733777741,18.2205136529777,-2.58791556051434,0.227272727272727
"Malawi","women_iron","prev","region","null_train_mean",1,87,-0.451764855149368,NA,NA,NA,-0.482843141376306,13.5627624029886,12.2021181310576,-0.0146860082619023,0
"Malawi","women_iron","prev","region","raw_enet",1,87,-0.304358207068924,NA,NA,NA,-0.188940683272301,14.6130060022189,13.8265390233679,-9.69421244638949,0.136363636363636
"Malawi","women_iron","prev","region","spatial",1,87,0.104086818130851,NA,NA,NA,0.100060525103966,14.2935118769029,13.3588629209777,-9.27101730595602,0.272727272727273
"Malawi","women_iron","prev","region","spatial_plus_domain",1,87,0.0819920884840447,NA,NA,NA,0.0666072873974764,14.3628803653578,13.4575668258266,-9.27401094759781,0.272727272727273
"Malawi","women_vitA","level","country","domain_enet",1,87,0.186775534008894,NA,NA,NA,0.162787047756543,NA,NA,NA,0.363636363636364
"Malawi","women_vitA","level","country","domain_index",1,87,0.236020995844572,NA,NA,NA,0.241140736968101,NA,NA,NA,0.363636363636364
"Malawi","women_vitA","level","country","null_train_mean",1,87,NA,NA,NA,NA,NA,NA,NA,NA,0.318181818181818
"Malawi","women_vitA","level","infill","domain_enet",10,87,0.081407242107689,NA,0.081407242107689,0.081407242107689,0.0236665555280706,0.0905719465637902,0.0801500337324255,0.000875665741760313,0.281818181818182
"Malawi","women_vitA","level","infill","domain_index",10,87,0.289347160457826,NA,0.289347160457826,0.289347160457826,0.268280329876666,0.108921789800619,0.101495715807119,-0.000936219280260167,0.368181818181818
"Malawi","women_vitA","level","infill","null_train_mean",10,87,-0.231815960723832,NA,-0.231815960723832,-0.231815960723832,-0.257373197203777,0.0895849933909737,0.080090376528231,6.27108358277285e-05,0.168181818181818
"Malawi","women_vitA","level","infill","raw_enet",10,87,0.0775633305431016,NA,0.0775633305431016,0.0775633305431016,0.0474165549543916,0.0892323196150458,0.079133835820136,0.000300833094111841,0.272727272727273
"Malawi","women_vitA","level","infill","region_mean_jk",10,87,0.107611612195153,NA,0.107611612195153,0.107611612195153,0.0844153072059277,0.107187423947402,0.0974228195198471,0.000590792405395931,0.381818181818182
"Malawi","women_vitA","level","infill","spatial",10,87,0.290211051979296,NA,0.290211051979296,0.290211051979296,0.256727737301715,0.0859824080909958,0.0772326409037965,0.000355034259406409,0.381818181818182
"Malawi","women_vitA","level","infill","spatial_plus_domain",10,87,0.284395275934971,NA,0.284395275934971,0.284395275934971,0.252089774249904,0.0862628770386267,0.0774960755738995,0.000309951493413228,0.368181818181818
"Malawi","women_vitA","level","region","domain_enet",1,87,-0.0254087455259307,NA,NA,NA,-0.0884366667505111,0.0879315115606433,0.0780916685425311,0.00160043912827006,0.272727272727273
"Malawi","women_vitA","level","region","domain_index",1,87,0.31553911205074,NA,NA,NA,0.306877382571123,0.10157938973882,0.0933928061739521,0.00165904807397729,0.409090909090909
"Malawi","women_vitA","level","region","null_train_mean",1,87,-0.544516946047247,NA,NA,NA,-0.564320537379933,0.0892173180169214,0.0798810690944576,0.000361718619289932,0.0909090909090909
"Malawi","women_vitA","level","region","raw_enet",1,87,0.24906361947282,NA,NA,NA,0.177755747288457,0.0841216122520009,0.0745478784729349,-0.000754661301328541,0.181818181818182
"Malawi","women_vitA","level","region","spatial",1,87,0.39206823649486,NA,NA,NA,0.347693846886455,0.0808794490645515,0.0731625583253136,-0.000179340557634655,0.5
"Malawi","women_vitA","level","region","spatial_plus_domain",1,87,0.39206823649486,NA,NA,NA,0.347693846886454,0.0808794490645515,0.0731625583253137,-0.000179340557634558,0.5
"Malawi","women_vitA","prev","country","domain_enet",1,87,0.156904178383931,NA,NA,NA,0.226479560234493,NA,NA,NA,0.227272727272727
"Malawi","women_vitA","prev","country","domain_index",1,87,0.214330405640332,NA,NA,NA,0.253304374510704,NA,NA,NA,0.318181818181818
"Malawi","women_vitA","prev","country","null_train_mean",1,87,NA,NA,NA,NA,NA,NA,NA,NA,0.909090909090909
"Malawi","women_vitA","prev","infill","domain_enet",10,87,-0.190648728991175,NA,-0.190648728991175,-0.190648728991175,-0.231875380477099,0.736119386443741,0.755401673595917,0.312726630178302,0.386363636363636
"Malawi","women_vitA","prev","infill","domain_index",10,87,-0.123865366908034,NA,-0.123865366908034,-0.123865366908034,-0.0778725169776413,0.805710902162759,0.81826577310375,0.378282531508758,0.172727272727272
"Malawi","women_vitA","prev","infill","null_train_mean",10,87,-0.196045399897575,NA,-0.196045399897575,-0.196045399897575,-0.232819286929318,0.442268283847494,0.463263613580714,-0.000864647041558589,0.395454545454546
"Malawi","women_vitA","prev","infill","raw_enet",10,87,-0.192754146557525,NA,-0.192754146557525,-0.192754146557525,-0.231875380477099,0.736119386443741,0.755401673595917,0.312726630178302,0.359090909090909
"Malawi","women_vitA","prev","infill","region_mean_jk",10,87,-0.056195402749596,NA,-0.056195402749596,-0.056195402749596,-0.0333079370069085,0.844544771548029,0.827819678725002,0.420534554434364,0.613636363636364
"Malawi","women_vitA","prev","infill","spatial",10,87,-0.0399722429195095,NA,-0.0399722429195095,-0.0399722429195095,-0.0621183579951227,0.764395628604528,0.774202680770164,0.340820143952709,0.236363636363636
"Malawi","women_vitA","prev","infill","spatial_plus_domain",10,87,-0.0399956373157648,NA,-0.0399956373157648,-0.0399956373157648,-0.0616996453102653,0.76437169117147,0.774216325322557,0.340796206519371,0.236363636363636
"Malawi","women_vitA","prev","region","domain_enet",1,87,-0.251690909159201,NA,NA,NA,-0.518500883544863,0.735980803072022,0.755583346958044,0.312823047625703,0.272727272727273
"Malawi","women_vitA","prev","region","domain_index",1,87,-0.143705974564612,NA,NA,NA,-0.104646019379591,0.769702413110229,0.795715432353239,0.34056267012487,0.227272727272727
"Malawi","women_vitA","prev","region","null_train_mean",1,87,-0.25209538300216,NA,NA,NA,-0.528011479578675,0.442473940247671,0.465396943605944,0.000833266990878382,0.272727272727273
"Malawi","women_vitA","prev","region","raw_enet",1,87,-0.251690909159201,NA,NA,NA,-0.518500883544862,0.735980803072022,0.755583346958043,0.312823047625703,0.272727272727273
"Malawi","women_vitA","prev","region","spatial",1,87,-0.0398754243051781,NA,NA,NA,-0.0456962831927595,0.732509782984543,0.751583406373481,0.309360914147851,0.318181818181818
"Malawi","women_vitA","prev","region","spatial_plus_domain",1,87,-0.0398754243051781,NA,NA,NA,-0.0436497383477589,0.731993190530407,0.751233152241033,0.308844321691926,0.318181818181818
"Malawi","women_zinc","level","infill","domain_enet",10,87,-0.138888425949661,NA,-0.138888425949661,-0.138888425949661,-0.126281458660071,0.122866692634021,0.11795138632388,-0.000566250919958321,0.190909090909091
"Malawi","women_zinc","level","infill","domain_index",10,87,-0.00547313552526062,NA,-0.00547313552526062,-0.00547313552526062,0.00952108137794236,0.162206359423269,0.159733667258111,0.00531981178672519,0.172727272727273
"Malawi","women_zinc","level","infill","null_train_mean",10,87,-0.192369580213581,NA,-0.192369580213581,-0.192369580213581,-0.200293881651648,0.121404581432543,0.116944998579786,9.24321767156836e-06,0.2
"Malawi","women_zinc","level","infill","raw_enet",10,87,-0.22320057540912,NA,-0.22320057540912,-0.22320057540912,-0.226473324651821,0.122889226624084,0.11849458749223,-0.00134735571042422,0.163636363636363
"Malawi","women_zinc","level","infill","region_mean_jk",10,87,0.148934672912407,NA,0.148934672912407,0.148934672912407,0.166516964259188,0.131698027361685,0.131656730786722,-0.00485893579142868,0.209090909090909
"Malawi","women_zinc","level","infill","spatial",10,87,0.121672012830794,NA,0.121672012830794,0.121672012830794,0.11632203673057,0.120476592380564,0.115177482845508,-0.000895046267161914,0.3
"Malawi","women_zinc","level","infill","spatial_plus_domain",10,87,0.118480717358023,NA,0.118480717358023,0.118480717358023,0.101930475858066,0.121345438597827,0.116193957081459,-0.000521606806114046,0.3
"Malawi","women_zinc","level","region","domain_enet",1,87,-0.379335037399215,NA,NA,NA,-0.302290423984762,0.125687226053781,0.120233913084596,-0.00391181728516156,0.136363636363636
"Malawi","women_zinc","level","region","domain_index",1,87,-0.101552817671503,NA,NA,NA,-0.13235795024712,0.162552792696961,0.159481587022574,0.00682409973403448,0.181818181818182
"Malawi","women_zinc","level","region","null_train_mean",1,87,-0.573167091406886,NA,NA,NA,-0.576924577417639,0.121825673930702,0.117271025056608,0.000409174998400327,0.0909090909090909
"Malawi","women_zinc","level","region","raw_enet",1,87,-0.573167091406886,NA,NA,NA,-0.57692457741764,0.121825673930702,0.117271025056608,0.000409174998400174,0.0909090909090909
"Malawi","women_zinc","level","region","spatial",1,87,0.0571371291098637,NA,NA,NA,0.0312546350267167,0.125802180746684,0.120267227518229,0.00342370270255818,0.318181818181818
"Malawi","women_zinc","level","region","spatial_plus_domain",1,87,0.0571371291098637,NA,NA,NA,0.0312546350267147,0.125802180746683,0.120267227518228,0.00342370270255628,0.318181818181818
"Malawi","women_zinc","prev","infill","domain_enet",10,87,-0.192606155924265,NA,-0.192606155924265,-0.192606155924265,-0.193401282132276,24.3452161180411,23.989367730733,12.1353714860124,0.177272727272727
"Malawi","women_zinc","prev","infill","domain_index",10,87,-0.0316520455831137,NA,-0.0316520455831137,-0.0316520455831137,-0.0737756662592584,31.6232856490662,31.5122923487646,3.75657373843719,0.245454545454545
"Malawi","women_zinc","prev","infill","null_train_mean",10,87,-0.196568866223637,NA,-0.196568866223637,-0.196568866223637,-0.206181231927806,22.9000676001882,22.06619508962,0.00244573661853174,0.204545454545454
"Malawi","women_zinc","prev","infill","raw_enet",10,87,-0.165624128538227,NA,-0.165624128538227,-0.165624128538227,-0.182518125182525,24.023915496025,23.6832683352111,12.3623831474202,0.2
"Malawi","women_zinc","prev","infill","region_mean_jk",10,87,0.185175539778634,NA,0.185175539778634,0.185175539778634,0.220151102369055,24.1349039504063,24.5666294206112,4.45409760696412,0.254545454545455
"Malawi","women_zinc","prev","infill","spatial",10,87,-0.273414489612428,NA,-0.273414489612428,-0.273414489612428,-0.249977578527968,24.6817287184909,24.3539944957921,12.1848824388949,0.113636363636363
"Malawi","women_zinc","prev","infill","spatial_plus_domain",10,87,-0.257146138759942,NA,-0.257146138759942,-0.257146138759942,-0.238246979859848,25.0069133485632,24.6260015815142,11.9659220642316,0.109090909090909
"Malawi","women_zinc","prev","region","domain_enet",1,87,-0.546783594858852,NA,NA,NA,-0.367537441601084,24.0515675549945,23.5328726452781,12.1993968116765,0
"Malawi","women_zinc","prev","region","domain_index",1,87,-0.164913426848555,NA,NA,NA,-0.200409532759482,33.8496033600946,33.0657357298264,2.98442582155697,0.227272727272727
"Malawi","women_zinc","prev","region","null_train_mean",1,87,-0.596643039109373,NA,NA,NA,-0.608252860100862,23.0071557296181,22.1422726122705,0.0690358418353697,0
"Malawi","women_zinc","prev","region","raw_enet",1,87,-0.577916497674987,NA,NA,NA,-0.297897925895873,24.4476814324061,23.9957295723017,11.9417049211639,0
"Malawi","women_zinc","prev","region","spatial",1,87,-0.530464668772376,NA,NA,NA,-0.432790783138628,25.2880973523915,24.3803031475695,11.4093860590408,0.0454545454545455
"Malawi","women_zinc","prev","region","spatial_plus_domain",1,87,-0.525456491553589,NA,NA,NA,-0.43463305903927,25.3063740364942,24.3867232552426,11.3313264677662,0.0454545454545455
"SierraLeone","child_iron","level","country","domain_enet",1,14,0.367032967032967,NA,NA,NA,0.333824591647476,NA,NA,NA,0.25
"SierraLeone","child_iron","level","country","domain_index",1,14,0.257142857142857,NA,NA,NA,0.114632916113394,NA,NA,NA,0.25
"SierraLeone","child_iron","level","country","null_train_mean",1,14,NA,NA,NA,NA,NA,NA,NA,NA,0.25
"SierraLeone","child_iron","level","infill","domain_enet",10,14,NA,NA,NA,NA,NA,NA,NA,NA,NA
"SierraLeone","child_iron","level","infill","domain_index",10,14,NA,NA,NA,NA,NA,NA,NA,NA,NA
"SierraLeone","child_iron","level","infill","null_train_mean",10,14,NA,NA,NA,NA,NA,NA,NA,NA,NA
"SierraLeone","child_iron","level","infill","raw_enet",10,14,NA,NA,NA,NA,NA,NA,NA,NA,NA
"SierraLeone","child_iron","level","infill","region_mean_jk",10,14,NA,NA,NA,NA,NA,NA,NA,NA,NA
"SierraLeone","child_iron","level","infill","spatial",10,14,NA,NA,NA,NA,NA,NA,NA,NA,NA
"SierraLeone","child_iron","level","infill","spatial_plus_domain",10,14,NA,NA,NA,NA,NA,NA,NA,NA,NA
"SierraLeone","child_iron","level","region","domain_enet",1,14,NA,NA,NA,NA,NA,NA,NA,NA,NA
"SierraLeone","child_iron","level","region","domain_index",1,14,NA,NA,NA,NA,NA,NA,NA,NA,NA
"SierraLeone","child_iron","level","region","null_train_mean",1,14,NA,NA,NA,NA,NA,NA,NA,NA,NA
"SierraLeone","child_iron","level","region","raw_enet",1,14,NA,NA,NA,NA,NA,NA,NA,NA,NA
"SierraLeone","child_iron","level","region","spatial",1,14,NA,NA,NA,NA,NA,NA,NA,NA,NA
"SierraLeone","child_iron","level","region","spatial_plus_domain",1,14,NA,NA,NA,NA,NA,NA,NA,NA,NA
"SierraLeone","child_iron","prev","country","domain_enet",1,14,0.00659340659340659,NA,NA,NA,0.0376172772482924,NA,NA,NA,0.25
"SierraLeone","child_iron","prev","country","domain_index",1,14,0.182417582417582,NA,NA,NA,0.077614002742348,NA,NA,NA,0.25
"SierraLeone","child_iron","prev","country","null_train_mean",1,14,NA,NA,NA,NA,NA,NA,NA,NA,0.25
"SierraLeone","child_iron","prev","infill","domain_enet",10,14,NA,NA,NA,NA,NA,NA,NA,NA,NA
"SierraLeone","child_iron","prev","infill","domain_index",10,14,NA,NA,NA,NA,NA,NA,NA,NA,NA
"SierraLeone","child_iron","prev","infill","null_train_mean",10,14,NA,NA,NA,NA,NA,NA,NA,NA,NA
"SierraLeone","child_iron","prev","infill","raw_enet",10,14,NA,NA,NA,NA,NA,NA,NA,NA,NA
"SierraLeone","child_iron","prev","infill","region_mean_jk",10,14,NA,NA,NA,NA,NA,NA,NA,NA,NA
"SierraLeone","child_iron","prev","infill","spatial",10,14,NA,NA,NA,NA,NA,NA,NA,NA,NA
"SierraLeone","child_iron","prev","infill","spatial_plus_domain",10,14,NA,NA,NA,NA,NA,NA,NA,NA,NA
"SierraLeone","child_iron","prev","region","domain_enet",1,14,NA,NA,NA,NA,NA,NA,NA,NA,NA
"SierraLeone","child_iron","prev","region","domain_index",1,14,NA,NA,NA,NA,NA,NA,NA,NA,NA
"SierraLeone","child_iron","prev","region","null_train_mean",1,14,NA,NA,NA,NA,NA,NA,NA,NA,NA
"SierraLeone","child_iron","prev","region","raw_enet",1,14,NA,NA,NA,NA,NA,NA,NA,NA,NA
"SierraLeone","child_iron","prev","region","spatial",1,14,NA,NA,NA,NA,NA,NA,NA,NA,NA
"SierraLeone","child_iron","prev","region","spatial_plus_domain",1,14,NA,NA,NA,NA,NA,NA,NA,NA,NA
"SierraLeone","child_vitA","level","country","domain_enet",1,14,-0.0461538461538462,NA,NA,NA,0.0178201585104474,NA,NA,NA,0.5
"SierraLeone","child_vitA","level","country","domain_index",1,14,0.010989010989011,NA,NA,NA,0.0155434104080639,NA,NA,NA,0.5
"SierraLeone","child_vitA","level","country","null_train_mean",1,14,NA,NA,NA,NA,NA,NA,NA,NA,0.25
"SierraLeone","child_vitA","level","infill","domain_enet",10,14,NA,NA,NA,NA,NA,NA,NA,NA,NA
"SierraLeone","child_vitA","level","infill","domain_index",10,14,NA,NA,NA,NA,NA,NA,NA,NA,NA
"SierraLeone","child_vitA","level","infill","null_train_mean",10,14,NA,NA,NA,NA,NA,NA,NA,NA,NA
"SierraLeone","child_vitA","level","infill","raw_enet",10,14,NA,NA,NA,NA,NA,NA,NA,NA,NA
"SierraLeone","child_vitA","level","infill","region_mean_jk",10,14,NA,NA,NA,NA,NA,NA,NA,NA,NA
"SierraLeone","child_vitA","level","infill","spatial",10,14,NA,NA,NA,NA,NA,NA,NA,NA,NA
"SierraLeone","child_vitA","level","infill","spatial_plus_domain",10,14,NA,NA,NA,NA,NA,NA,NA,NA,NA
"SierraLeone","child_vitA","level","region","domain_enet",1,14,NA,NA,NA,NA,NA,NA,NA,NA,NA
"SierraLeone","child_vitA","level","region","domain_index",1,14,NA,NA,NA,NA,NA,NA,NA,NA,NA
"SierraLeone","child_vitA","level","region","null_train_mean",1,14,NA,NA,NA,NA,NA,NA,NA,NA,NA
"SierraLeone","child_vitA","level","region","raw_enet",1,14,NA,NA,NA,NA,NA,NA,NA,NA,NA
"SierraLeone","child_vitA","level","region","spatial",1,14,NA,NA,NA,NA,NA,NA,NA,NA,NA
"SierraLeone","child_vitA","level","region","spatial_plus_domain",1,14,NA,NA,NA,NA,NA,NA,NA,NA,NA
"SierraLeone","child_vitA","prev","country","domain_enet",1,14,-0.296703296703297,NA,NA,NA,-0.179235075932092,NA,NA,NA,0.25
"SierraLeone","child_vitA","prev","country","domain_index",1,14,0.032967032967033,NA,NA,NA,0.121088868101865,NA,NA,NA,0.5
"SierraLeone","child_vitA","prev","country","null_train_mean",1,14,NA,NA,NA,NA,NA,NA,NA,NA,0.5
"SierraLeone","child_vitA","prev","infill","domain_enet",10,14,NA,NA,NA,NA,NA,NA,NA,NA,NA
"SierraLeone","child_vitA","prev","infill","domain_index",10,14,NA,NA,NA,NA,NA,NA,NA,NA,NA
"SierraLeone","child_vitA","prev","infill","null_train_mean",10,14,NA,NA,NA,NA,NA,NA,NA,NA,NA
"SierraLeone","child_vitA","prev","infill","raw_enet",10,14,NA,NA,NA,NA,NA,NA,NA,NA,NA
"SierraLeone","child_vitA","prev","infill","region_mean_jk",10,14,NA,NA,NA,NA,NA,NA,NA,NA,NA
"SierraLeone","child_vitA","prev","infill","spatial",10,14,NA,NA,NA,NA,NA,NA,NA,NA,NA
"SierraLeone","child_vitA","prev","infill","spatial_plus_domain",10,14,NA,NA,NA,NA,NA,NA,NA,NA,NA
"SierraLeone","child_vitA","prev","region","domain_enet",1,14,NA,NA,NA,NA,NA,NA,NA,NA,NA
"SierraLeone","child_vitA","prev","region","domain_index",1,14,NA,NA,NA,NA,NA,NA,NA,NA,NA
"SierraLeone","child_vitA","prev","region","null_train_mean",1,14,NA,NA,NA,NA,NA,NA,NA,NA,NA
"SierraLeone","child_vitA","prev","region","raw_enet",1,14,NA,NA,NA,NA,NA,NA,NA,NA,NA
"SierraLeone","child_vitA","prev","region","spatial",1,14,NA,NA,NA,NA,NA,NA,NA,NA,NA
"SierraLeone","child_vitA","prev","region","spatial_plus_domain",1,14,NA,NA,NA,NA,NA,NA,NA,NA,NA
"SierraLeone","women_b12","level","country","domain_enet",1,14,0.582417582417582,NA,NA,NA,0.732396419370464,NA,NA,NA,0.75
"SierraLeone","women_b12","level","country","domain_index",1,14,0.582417582417582,NA,NA,NA,0.758763252613735,NA,NA,NA,0.75
"SierraLeone","women_b12","level","country","null_train_mean",1,14,NA,NA,NA,NA,NA,NA,NA,NA,0
"SierraLeone","women_b12","level","infill","domain_enet",10,14,NA,NA,NA,NA,NA,NA,NA,NA,NA
"SierraLeone","women_b12","level","infill","domain_index",10,14,NA,NA,NA,NA,NA,NA,NA,NA,NA
"SierraLeone","women_b12","level","infill","null_train_mean",10,14,NA,NA,NA,NA,NA,NA,NA,NA,NA
"SierraLeone","women_b12","level","infill","raw_enet",10,14,NA,NA,NA,NA,NA,NA,NA,NA,NA
"SierraLeone","women_b12","level","infill","region_mean_jk",10,14,NA,NA,NA,NA,NA,NA,NA,NA,NA
"SierraLeone","women_b12","level","infill","spatial",10,14,NA,NA,NA,NA,NA,NA,NA,NA,NA
"SierraLeone","women_b12","level","infill","spatial_plus_domain",10,14,NA,NA,NA,NA,NA,NA,NA,NA,NA
"SierraLeone","women_b12","level","region","domain_enet",1,14,NA,NA,NA,NA,NA,NA,NA,NA,NA
"SierraLeone","women_b12","level","region","domain_index",1,14,NA,NA,NA,NA,NA,NA,NA,NA,NA
"SierraLeone","women_b12","level","region","null_train_mean",1,14,NA,NA,NA,NA,NA,NA,NA,NA,NA
"SierraLeone","women_b12","level","region","raw_enet",1,14,NA,NA,NA,NA,NA,NA,NA,NA,NA
"SierraLeone","women_b12","level","region","spatial",1,14,NA,NA,NA,NA,NA,NA,NA,NA,NA
"SierraLeone","women_b12","level","region","spatial_plus_domain",1,14,NA,NA,NA,NA,NA,NA,NA,NA,NA
"SierraLeone","women_b12","prev","country","domain_enet",1,14,0.178940505290159,NA,NA,NA,0.0179959358875857,NA,NA,NA,0.5
"SierraLeone","women_b12","prev","country","domain_index",1,14,-0.115623095725949,NA,NA,NA,-0.21198563836432,NA,NA,NA,0.25
"SierraLeone","women_b12","prev","country","null_train_mean",1,14,NA,NA,NA,NA,NA,NA,NA,NA,0.25
"SierraLeone","women_b12","prev","infill","domain_enet",10,14,NA,NA,NA,NA,NA,NA,NA,NA,NA
"SierraLeone","women_b12","prev","infill","domain_index",10,14,NA,NA,NA,NA,NA,NA,NA,NA,NA
"SierraLeone","women_b12","prev","infill","null_train_mean",10,14,NA,NA,NA,NA,NA,NA,NA,NA,NA
"SierraLeone","women_b12","prev","infill","raw_enet",10,14,NA,NA,NA,NA,NA,NA,NA,NA,NA
"SierraLeone","women_b12","prev","infill","region_mean_jk",10,14,NA,NA,NA,NA,NA,NA,NA,NA,NA
"SierraLeone","women_b12","prev","infill","spatial",10,14,NA,NA,NA,NA,NA,NA,NA,NA,NA
"SierraLeone","women_b12","prev","infill","spatial_plus_domain",10,14,NA,NA,NA,NA,NA,NA,NA,NA,NA
"SierraLeone","women_b12","prev","region","domain_enet",1,14,NA,NA,NA,NA,NA,NA,NA,NA,NA
"SierraLeone","women_b12","prev","region","domain_index",1,14,NA,NA,NA,NA,NA,NA,NA,NA,NA
"SierraLeone","women_b12","prev","region","null_train_mean",1,14,NA,NA,NA,NA,NA,NA,NA,NA,NA
"SierraLeone","women_b12","prev","region","raw_enet",1,14,NA,NA,NA,NA,NA,NA,NA,NA,NA
"SierraLeone","women_b12","prev","region","spatial",1,14,NA,NA,NA,NA,NA,NA,NA,NA,NA
"SierraLeone","women_b12","prev","region","spatial_plus_domain",1,14,NA,NA,NA,NA,NA,NA,NA,NA,NA
"SierraLeone","women_folate","level","country","domain_enet",1,14,0.0549450549450549,NA,NA,NA,0.0269748667934569,NA,NA,NA,0.5
"SierraLeone","women_folate","level","country","domain_index",1,14,0.142857142857143,NA,NA,NA,0.189390739094754,NA,NA,NA,0.5
"SierraLeone","women_folate","level","country","null_train_mean",1,14,NA,NA,NA,NA,NA,NA,NA,NA,0.5
"SierraLeone","women_folate","level","infill","domain_enet",10,14,NA,NA,NA,NA,NA,NA,NA,NA,NA
"SierraLeone","women_folate","level","infill","domain_index",10,14,NA,NA,NA,NA,NA,NA,NA,NA,NA
"SierraLeone","women_folate","level","infill","null_train_mean",10,14,NA,NA,NA,NA,NA,NA,NA,NA,NA
"SierraLeone","women_folate","level","infill","raw_enet",10,14,NA,NA,NA,NA,NA,NA,NA,NA,NA
"SierraLeone","women_folate","level","infill","region_mean_jk",10,14,NA,NA,NA,NA,NA,NA,NA,NA,NA
"SierraLeone","women_folate","level","infill","spatial",10,14,NA,NA,NA,NA,NA,NA,NA,NA,NA
"SierraLeone","women_folate","level","infill","spatial_plus_domain",10,14,NA,NA,NA,NA,NA,NA,NA,NA,NA
"SierraLeone","women_folate","level","region","domain_enet",1,14,NA,NA,NA,NA,NA,NA,NA,NA,NA
"SierraLeone","women_folate","level","region","domain_index",1,14,NA,NA,NA,NA,NA,NA,NA,NA,NA
"SierraLeone","women_folate","level","region","null_train_mean",1,14,NA,NA,NA,NA,NA,NA,NA,NA,NA
"SierraLeone","women_folate","level","region","raw_enet",1,14,NA,NA,NA,NA,NA,NA,NA,NA,NA
"SierraLeone","women_folate","level","region","spatial",1,14,NA,NA,NA,NA,NA,NA,NA,NA,NA
"SierraLeone","women_folate","level","region","spatial_plus_domain",1,14,NA,NA,NA,NA,NA,NA,NA,NA,NA
"SierraLeone","women_folate","prev","country","domain_enet",1,14,-0.107692307692308,NA,NA,NA,-0.0947257683323992,NA,NA,NA,0
"SierraLeone","women_folate","prev","country","domain_index",1,14,0.283516483516484,NA,NA,NA,0.333355796960258,NA,NA,NA,0.25
"SierraLeone","women_folate","prev","country","null_train_mean",1,14,NA,NA,NA,NA,NA,NA,NA,NA,0.25
"SierraLeone","women_folate","prev","infill","domain_enet",10,14,NA,NA,NA,NA,NA,NA,NA,NA,NA
"SierraLeone","women_folate","prev","infill","domain_index",10,14,NA,NA,NA,NA,NA,NA,NA,NA,NA
"SierraLeone","women_folate","prev","infill","null_train_mean",10,14,NA,NA,NA,NA,NA,NA,NA,NA,NA
"SierraLeone","women_folate","prev","infill","raw_enet",10,14,NA,NA,NA,NA,NA,NA,NA,NA,NA
"SierraLeone","women_folate","prev","infill","region_mean_jk",10,14,NA,NA,NA,NA,NA,NA,NA,NA,NA
"SierraLeone","women_folate","prev","infill","spatial",10,14,NA,NA,NA,NA,NA,NA,NA,NA,NA
"SierraLeone","women_folate","prev","infill","spatial_plus_domain",10,14,NA,NA,NA,NA,NA,NA,NA,NA,NA
"SierraLeone","women_folate","prev","region","domain_enet",1,14,NA,NA,NA,NA,NA,NA,NA,NA,NA
"SierraLeone","women_folate","prev","region","domain_index",1,14,NA,NA,NA,NA,NA,NA,NA,NA,NA
"SierraLeone","women_folate","prev","region","null_train_mean",1,14,NA,NA,NA,NA,NA,NA,NA,NA,NA
"SierraLeone","women_folate","prev","region","raw_enet",1,14,NA,NA,NA,NA,NA,NA,NA,NA,NA
"SierraLeone","women_folate","prev","region","spatial",1,14,NA,NA,NA,NA,NA,NA,NA,NA,NA
"SierraLeone","women_folate","prev","region","spatial_plus_domain",1,14,NA,NA,NA,NA,NA,NA,NA,NA,NA
"SierraLeone","women_iron","level","country","domain_enet",1,14,0.010989010989011,NA,NA,NA,-0.154257688633101,NA,NA,NA,0.5
"SierraLeone","women_iron","level","country","domain_index",1,14,-0.125274725274725,NA,NA,NA,-0.3927042192482,NA,NA,NA,0.25
"SierraLeone","women_iron","level","country","null_train_mean",1,14,NA,NA,NA,NA,NA,NA,NA,NA,0.5
"SierraLeone","women_iron","level","infill","domain_enet",10,14,NA,NA,NA,NA,NA,NA,NA,NA,NA
"SierraLeone","women_iron","level","infill","domain_index",10,14,NA,NA,NA,NA,NA,NA,NA,NA,NA
"SierraLeone","women_iron","level","infill","null_train_mean",10,14,NA,NA,NA,NA,NA,NA,NA,NA,NA
"SierraLeone","women_iron","level","infill","raw_enet",10,14,NA,NA,NA,NA,NA,NA,NA,NA,NA
"SierraLeone","women_iron","level","infill","region_mean_jk",10,14,NA,NA,NA,NA,NA,NA,NA,NA,NA
"SierraLeone","women_iron","level","infill","spatial",10,14,NA,NA,NA,NA,NA,NA,NA,NA,NA
"SierraLeone","women_iron","level","infill","spatial_plus_domain",10,14,NA,NA,NA,NA,NA,NA,NA,NA,NA
"SierraLeone","women_iron","level","region","domain_enet",1,14,NA,NA,NA,NA,NA,NA,NA,NA,NA
"SierraLeone","women_iron","level","region","domain_index",1,14,NA,NA,NA,NA,NA,NA,NA,NA,NA
"SierraLeone","women_iron","level","region","null_train_mean",1,14,NA,NA,NA,NA,NA,NA,NA,NA,NA
"SierraLeone","women_iron","level","region","raw_enet",1,14,NA,NA,NA,NA,NA,NA,NA,NA,NA
"SierraLeone","women_iron","level","region","spatial",1,14,NA,NA,NA,NA,NA,NA,NA,NA,NA
"SierraLeone","women_iron","level","region","spatial_plus_domain",1,14,NA,NA,NA,NA,NA,NA,NA,NA,NA
"SierraLeone","women_iron","prev","country","domain_enet",1,14,0.204395604395604,NA,NA,NA,0.212054777291916,NA,NA,NA,0.25
"SierraLeone","women_iron","prev","country","domain_index",1,14,-0.345054945054945,NA,NA,NA,-0.404204216940863,NA,NA,NA,0
"SierraLeone","women_iron","prev","country","null_train_mean",1,14,NA,NA,NA,NA,NA,NA,NA,NA,0.5
"SierraLeone","women_iron","prev","infill","domain_enet",10,14,NA,NA,NA,NA,NA,NA,NA,NA,NA
"SierraLeone","women_iron","prev","infill","domain_index",10,14,NA,NA,NA,NA,NA,NA,NA,NA,NA
"SierraLeone","women_iron","prev","infill","null_train_mean",10,14,NA,NA,NA,NA,NA,NA,NA,NA,NA
"SierraLeone","women_iron","prev","infill","raw_enet",10,14,NA,NA,NA,NA,NA,NA,NA,NA,NA
"SierraLeone","women_iron","prev","infill","region_mean_jk",10,14,NA,NA,NA,NA,NA,NA,NA,NA,NA
"SierraLeone","women_iron","prev","infill","spatial",10,14,NA,NA,NA,NA,NA,NA,NA,NA,NA
"SierraLeone","women_iron","prev","infill","spatial_plus_domain",10,14,NA,NA,NA,NA,NA,NA,NA,NA,NA
"SierraLeone","women_iron","prev","region","domain_enet",1,14,NA,NA,NA,NA,NA,NA,NA,NA,NA
"SierraLeone","women_iron","prev","region","domain_index",1,14,NA,NA,NA,NA,NA,NA,NA,NA,NA
"SierraLeone","women_iron","prev","region","null_train_mean",1,14,NA,NA,NA,NA,NA,NA,NA,NA,NA
"SierraLeone","women_iron","prev","region","raw_enet",1,14,NA,NA,NA,NA,NA,NA,NA,NA,NA
"SierraLeone","women_iron","prev","region","spatial",1,14,NA,NA,NA,NA,NA,NA,NA,NA,NA
"SierraLeone","women_iron","prev","region","spatial_plus_domain",1,14,NA,NA,NA,NA,NA,NA,NA,NA,NA
"SierraLeone","women_vitA","level","country","domain_enet",1,14,-0.107692307692308,NA,NA,NA,-0.142908005417379,NA,NA,NA,0.25
"SierraLeone","women_vitA","level","country","domain_index",1,14,-0.0593406593406593,NA,NA,NA,-0.147318440937894,NA,NA,NA,0.5
"SierraLeone","women_vitA","level","country","null_train_mean",1,14,NA,NA,NA,NA,NA,NA,NA,NA,0.25
"SierraLeone","women_vitA","level","infill","domain_enet",10,14,NA,NA,NA,NA,NA,NA,NA,NA,NA
"SierraLeone","women_vitA","level","infill","domain_index",10,14,NA,NA,NA,NA,NA,NA,NA,NA,NA
"SierraLeone","women_vitA","level","infill","null_train_mean",10,14,NA,NA,NA,NA,NA,NA,NA,NA,NA
"SierraLeone","women_vitA","level","infill","raw_enet",10,14,NA,NA,NA,NA,NA,NA,NA,NA,NA
"SierraLeone","women_vitA","level","infill","region_mean_jk",10,14,NA,NA,NA,NA,NA,NA,NA,NA,NA
"SierraLeone","women_vitA","level","infill","spatial",10,14,NA,NA,NA,NA,NA,NA,NA,NA,NA
"SierraLeone","women_vitA","level","infill","spatial_plus_domain",10,14,NA,NA,NA,NA,NA,NA,NA,NA,NA
"SierraLeone","women_vitA","level","region","domain_enet",1,14,NA,NA,NA,NA,NA,NA,NA,NA,NA
"SierraLeone","women_vitA","level","region","domain_index",1,14,NA,NA,NA,NA,NA,NA,NA,NA,NA
"SierraLeone","women_vitA","level","region","null_train_mean",1,14,NA,NA,NA,NA,NA,NA,NA,NA,NA
"SierraLeone","women_vitA","level","region","raw_enet",1,14,NA,NA,NA,NA,NA,NA,NA,NA,NA
"SierraLeone","women_vitA","level","region","spatial",1,14,NA,NA,NA,NA,NA,NA,NA,NA,NA
"SierraLeone","women_vitA","level","region","spatial_plus_domain",1,14,NA,NA,NA,NA,NA,NA,NA,NA,NA
"SierraLeone","women_vitA","prev","country","domain_enet",1,14,0.124389500375132,NA,NA,NA,0.0813075799725795,NA,NA,NA,0.25
"SierraLeone","women_vitA","prev","country","domain_index",1,14,0.0915318965024554,NA,NA,NA,-0.107940492829239,NA,NA,NA,0.5
"SierraLeone","women_vitA","prev","country","null_train_mean",1,14,NA,NA,NA,NA,NA,NA,NA,NA,0.5
"SierraLeone","women_vitA","prev","infill","domain_enet",10,14,NA,NA,NA,NA,NA,NA,NA,NA,NA
"SierraLeone","women_vitA","prev","infill","domain_index",10,14,NA,NA,NA,NA,NA,NA,NA,NA,NA
"SierraLeone","women_vitA","prev","infill","null_train_mean",10,14,NA,NA,NA,NA,NA,NA,NA,NA,NA
"SierraLeone","women_vitA","prev","infill","raw_enet",10,14,NA,NA,NA,NA,NA,NA,NA,NA,NA
"SierraLeone","women_vitA","prev","infill","region_mean_jk",10,14,NA,NA,NA,NA,NA,NA,NA,NA,NA
"SierraLeone","women_vitA","prev","infill","spatial",10,14,NA,NA,NA,NA,NA,NA,NA,NA,NA
"SierraLeone","women_vitA","prev","infill","spatial_plus_domain",10,14,NA,NA,NA,NA,NA,NA,NA,NA,NA
"SierraLeone","women_vitA","prev","region","domain_enet",1,14,NA,NA,NA,NA,NA,NA,NA,NA,NA
"SierraLeone","women_vitA","prev","region","domain_index",1,14,NA,NA,NA,NA,NA,NA,NA,NA,NA
"SierraLeone","women_vitA","prev","region","null_train_mean",1,14,NA,NA,NA,NA,NA,NA,NA,NA,NA
"SierraLeone","women_vitA","prev","region","raw_enet",1,14,NA,NA,NA,NA,NA,NA,NA,NA,NA
"SierraLeone","women_vitA","prev","region","spatial",1,14,NA,NA,NA,NA,NA,NA,NA,NA,NA
"SierraLeone","women_vitA","prev","region","spatial_plus_domain",1,14,NA,NA,NA,NA,NA,NA,NA,NA,NA
