"outcome","set","covariate","flagged"
"child_vitA","Survey","Admin1",TRUE
"child_vitA","Survey","gw_child_weight",FALSE
"child_vitA","Survey","gw_cbacwr",FALSE
"child_vitA","Survey","gw_cbacmm",FALSE
"child_vitA","Survey","gw_diar14d",FALSE
"child_vitA","Survey","gw_fever14d",FALSE
"child_vitA","Survey","gw_cbbcmt",FALSE
"child_vitA","Survey","gw_cccby",FALSE
"child_vitA","Survey","gw_cfdgchg4",FALSE
"child_vitA","Survey","gw_cfdgchg10",FALSE
"child_vitA","Survey","gw_cfdgchg15",FALSE
"child_vitA","Survey","gw_ciiff",FALSE
"child_vitA","Survey","gw_cjmvt",FALSE
"child_vitA","Survey","gw_sx",FALSE
"child_vitA","Survey","gw_iAME",FALSE
"child_vitA","Survey","gw_cRE_RNI",FALSE
"child_vitA","Survey","gw_Region.x",TRUE
"child_vitA","Survey","gw_Strata",TRUE
"child_vitA","Survey","gw_Number_of_Child_Biological_forms",TRUE
"child_vitA","Survey","gw_Actual_probablity_of_section_usi",TRUE
"child_vitA","Survey","gw_Corrected_probability_of_selecti",TRUE
"child_vitA","Survey","gw_PSU_weight",TRUE
"child_vitA","Survey","gw_Number_of_households_selected",TRUE
"child_vitA","Survey","gw_Check_1",TRUE
"child_vitA","Survey","gw_cttp",FALSE
"child_vitA","Survey","gw_res",FALSE
"child_vitA","Survey","gw_region",TRUE
"child_vitA","Survey","gw_strata",TRUE
"child_vitA","Survey","gw_headlanguage",FALSE
"child_vitA","Survey","gw_hSanitation",FALSE
"child_vitA","Survey","gw_pctopendef",TRUE
"child_vitA","Survey","gw_hHandwashingH2OYN",FALSE
"child_vitA","Survey","gw_hAnySoap",FALSE
"child_vitA","Survey","gw_hWealthquintile",FALSE
"child_vitA","Survey","gw_bccn",TRUE
"child_vitA","Survey","gw_bclnr",TRUE
"child_vitA","Survey","gw_bam1",FALSE
"child_vitA","Survey","gw_bcgln",TRUE
"child_vitA","Survey","gw_bmrdr",TRUE
"child_vitA","Survey","gw_mcn",TRUE
"child_vitA","Survey","gw_cwt",FALSE
"child_vitA","Survey","gw_echcm",FALSE
"child_vitA","Survey","gw_cpcn",TRUE
"child_vitA","Survey","gw_gcmst",TRUE
"child_vitA","Survey","gw_hcmalref",TRUE
"child_vitA","Survey","gw_thal_genotype",TRUE
"child_vitA","Survey","gw_momID",TRUE
"child_vitA","Survey","gw_wCurrLact",FALSE
"child_vitA","Survey","gw_wAgeYearsCat",FALSE
"child_vitA","Survey","gw_wAgeYearsCatPreg",FALSE
"child_vitA","Survey","gw_wEducCat",FALSE
"child_vitA","Survey","gw_wRead",FALSE
"child_vitA","Survey","gw_wJobtemp",FALSE
"child_vitA","Survey","gw_wJob",FALSE
"child_vitA","Survey","gw_wFoodGrp3",FALSE
"child_vitA","Survey","gw_wFoodGrp6",FALSE
"child_vitA","Survey","gw_wFoodGrp8",FALSE
"child_vitA","Survey","gw_wFoodGrp9",FALSE
"child_vitA","Survey","gw_wFoodGrpScore",FALSE
"child_vitA","Survey","gw_wFoodGrp5plus",FALSE
"child_vitA","Survey","gw_wSuppIron",FALSE
"child_vitA","Survey","gw_wSuppVitA",FALSE
"child_vitA","Survey","gw_wBMI",FALSE
"child_vitA","Survey","gw_wBMICat",FALSE
"child_vitA","Survey","gw_wOverweight",FALSE
"child_vitA","Survey","gw_wObese",FALSE
"child_vitA","Survey","gw_wOWObese",FALSE
"child_vitA","Survey","gw_wOWObeseCat",FALSE
"child_vitA","Survey","gw_cAgeMonthsCat",FALSE
"child_vitA","Survey","gw_cSex",FALSE
"child_vitA","Survey","gw_cBirthweight",FALSE
"child_vitA","Survey","gw_cBirthweightCat",FALSE
"child_vitA","Survey","gw_cDiarrhea",FALSE
"child_vitA","Survey","gw_cFever",FALSE
"child_vitA","Survey","gw_cFeverMalaria",FALSE
"child_vitA","Survey","gw_cMalariaYN",TRUE
"child_vitA","Survey","gw_cSickleYN",TRUE
"child_vitA","Survey","gw_cAlphaThal",TRUE
"child_vitA","Survey","gw_cBFCurrent",FALSE
"child_vitA","Survey","gw_cFoodGrp2",FALSE
"child_vitA","Survey","gw_cFoodGrp3",FALSE
"child_vitA","Survey","gw_cFoodGrp6",FALSE
"child_vitA","Survey","gw_cMDD",FALSE
"child_vitA","Survey","gw_cMMF",FALSE
"child_vitA","Survey","gw_cVARF",FALSE
"child_vitA","Survey","gw_waz06",FALSE
"child_vitA","Survey","gw_cUnderYN",FALSE
"child_vitA","Survey","gw_cVitASupp",FALSE
"child_vitA","Survey","gw_cOpenDef",FALSE
"child_vitA","Survey","gw_sWeight",TRUE
"child_vitA","Survey","gw_res01",FALSE
"child_vitA","Survey","gw_cAgeMonthsCatIYCF",FALSE
"child_vitA","Survey","gw_cMDD2021",FALSE
"child_vitA","Survey","gw_cSex01",FALSE
"child_vitA","Survey","gw_cSickle01",TRUE
"child_vitA","Survey","gw_Region.y",TRUE
"child_vitA","Survey","gw_urban..rural",FALSE
"child_vitA","Survey","gw_Households",TRUE
"child_vitA","Survey","missing_gw_cbacwt",FALSE
"child_vitA","Survey","missing_gw_cbacwr",FALSE
"child_vitA","Survey","missing_gw_cbacma",FALSE
"child_vitA","Survey","missing_gw_cbbcbs",FALSE
"child_vitA","Survey","missing_gw_cbbcmt",FALSE
"child_vitA","Survey","missing_gw_cbbcmp",FALSE
"child_vitA","Survey","missing_gw_cccbt",FALSE
"child_vitA","Survey","missing_gw_ssfn",FALSE
"child_vitA","Survey","missing_gw_hHandwashingH2OYN",FALSE
"child_vitA","Survey","missing_gw_wPreg",FALSE
"child_vitA","Survey","missing_gw_wCurrLact",FALSE
"child_vitA","Survey","missing_gw_wRead",FALSE
"child_vitA","Survey","missing_gw_wHeightM",FALSE
"child_vitA","Survey","missing_gw_cMalariaYN",TRUE
"child_vitA","Survey","missing_gw_cIRF",FALSE
"child_vitA","Survey","missing_gw_VAS_m2",TRUE
"child_vitA","All","Admin1",TRUE
"child_vitA","All","gw_child_weight",FALSE
"child_vitA","All","gw_cbacwr",FALSE
"child_vitA","All","gw_cbacmm",FALSE
"child_vitA","All","gw_diar14d",FALSE
"child_vitA","All","gw_fever14d",FALSE
"child_vitA","All","gw_cbbcmt",FALSE
"child_vitA","All","gw_cccby",FALSE
"child_vitA","All","gw_cfdgchg4",FALSE
"child_vitA","All","gw_cfdgchg10",FALSE
"child_vitA","All","gw_cfdgchg15",FALSE
"child_vitA","All","gw_ciiff",FALSE
"child_vitA","All","gw_cjmvt",FALSE
"child_vitA","All","gw_sx",FALSE
"child_vitA","All","gw_iAME",FALSE
"child_vitA","All","gw_cRE_RNI",FALSE
"child_vitA","All","gw_Region.x",TRUE
"child_vitA","All","gw_Strata",TRUE
"child_vitA","All","gw_Number_of_Child_Biological_forms",TRUE
"child_vitA","All","gw_Actual_probablity_of_section_usi",TRUE
"child_vitA","All","gw_Corrected_probability_of_selecti",TRUE
"child_vitA","All","gw_PSU_weight",TRUE
"child_vitA","All","gw_Check_1",TRUE
"child_vitA","All","gw_cttp",FALSE
"child_vitA","All","gw_res",FALSE
"child_vitA","All","gw_region",TRUE
"child_vitA","All","gw_strata",TRUE
"child_vitA","All","gw_headlanguage",FALSE
"child_vitA","All","gw_hSanitation",FALSE
"child_vitA","All","gw_pctopendef",TRUE
"child_vitA","All","gw_hHandwashingH2OYN",FALSE
"child_vitA","All","gw_hAnySoap",FALSE
"child_vitA","All","gw_hWealthquintile",FALSE
"child_vitA","All","gw_bclnr",TRUE
"child_vitA","All","gw_bam1",FALSE
"child_vitA","All","gw_bcgln",TRUE
"child_vitA","All","gw_bmrdr",TRUE
"child_vitA","All","gw_mcn",TRUE
"child_vitA","All","gw_cwt",FALSE
"child_vitA","All","gw_echcm",FALSE
"child_vitA","All","gw_cpcn",TRUE
"child_vitA","All","gw_gcmst",TRUE
"child_vitA","All","gw_hcmalref",TRUE
"child_vitA","All","gw_thal_genotype",TRUE
"child_vitA","All","gw_momID",TRUE
"child_vitA","All","gw_wCurrLact",FALSE
"child_vitA","All","gw_wAgeYearsCat",FALSE
"child_vitA","All","gw_wAgeYearsCatPreg",FALSE
"child_vitA","All","gw_wEducCat",FALSE
"child_vitA","All","gw_wRead",FALSE
"child_vitA","All","gw_wJobtemp",FALSE
"child_vitA","All","gw_wJob",FALSE
"child_vitA","All","gw_wFoodGrp3",FALSE
"child_vitA","All","gw_wFoodGrp6",FALSE
"child_vitA","All","gw_wFoodGrp8",FALSE
"child_vitA","All","gw_wFoodGrp9",FALSE
"child_vitA","All","gw_wFoodGrpScore",FALSE
"child_vitA","All","gw_wFoodGrp5plus",FALSE
"child_vitA","All","gw_wSuppIron",FALSE
"child_vitA","All","gw_wSuppVitA",FALSE
"child_vitA","All","gw_wBMI",FALSE
"child_vitA","All","gw_wBMICat",FALSE
"child_vitA","All","gw_wOverweight",FALSE
"child_vitA","All","gw_wObese",FALSE
"child_vitA","All","gw_wOWObese",FALSE
"child_vitA","All","gw_wOWObeseCat",FALSE
"child_vitA","All","gw_cAgeMonthsCat",FALSE
"child_vitA","All","gw_cSex",FALSE
"child_vitA","All","gw_cBirthweight",FALSE
"child_vitA","All","gw_cBirthweightCat",FALSE
"child_vitA","All","gw_cDiarrhea",FALSE
"child_vitA","All","gw_cFever",FALSE
"child_vitA","All","gw_cFeverMalaria",FALSE
"child_vitA","All","gw_cMalariaYN",TRUE
"child_vitA","All","gw_cSickleYN",TRUE
"child_vitA","All","gw_cAlphaThal",TRUE
"child_vitA","All","gw_cBFCurrent",FALSE
"child_vitA","All","gw_cFoodGrp2",FALSE
"child_vitA","All","gw_cFoodGrp3",FALSE
"child_vitA","All","gw_cFoodGrp6",FALSE
"child_vitA","All","gw_cMDD",FALSE
"child_vitA","All","gw_cMMF",FALSE
"child_vitA","All","gw_cVARF",FALSE
"child_vitA","All","gw_waz06",FALSE
"child_vitA","All","gw_cUnderYN",FALSE
"child_vitA","All","gw_cVitASupp",FALSE
"child_vitA","All","gw_cOpenDef",FALSE
"child_vitA","All","gw_res01",FALSE
"child_vitA","All","gw_cAgeMonthsCatIYCF",FALSE
"child_vitA","All","gw_cMDD2021",FALSE
"child_vitA","All","gw_cSex01",FALSE
"child_vitA","All","gw_cSickle01",TRUE
"child_vitA","All","gw_Region.y",TRUE
"child_vitA","All","gw_urban..rural",FALSE
"child_vitA","All","gw_Households",TRUE
"child_vitA","All","dhs2014_FE_FRTR_W_A10",FALSE
"child_vitA","All","dhs2014_FE_FRTR_W_A15",FALSE
"child_vitA","All","dhs2014_FE_BINT_C_I07",FALSE
"child_vitA","All","dhs2014_FE_BINT_C_I18",FALSE
"child_vitA","All","dhs2014_FE_BINT_C_I24",FALSE
"child_vitA","All","dhs2014_FE_BORD_C_BO1",FALSE
"child_vitA","All","dhs2014_FE_BORD_C_BO3",FALSE
"child_vitA","All","dhs2014_FE_PPID_W_MDA",FALSE
"child_vitA","All","dhs2014_FP_CUSA_W_FST",FALSE
"child_vitA","All","dhs2014_FP_CUSA_W_IUD",FALSE
"child_vitA","All","dhs2014_FP_CUSA_W_MCN",FALSE
"child_vitA","All","dhs2014_FP_CUSU_W_PIL",FALSE
"child_vitA","All","dhs2014_FP_CUSU_W_RHY",FALSE
"child_vitA","All","dhs2014_FP_CUSU_W_OTR",FALSE
"child_vitA","All","dhs2014_FP_NADM_W_UMS",FALSE
"child_vitA","All","dhs2014_FP_NADA_W_UMT",FALSE
"child_vitA","All","dhs2014_FP_NADU_W_TDS",FALSE
"child_vitA","All","dhs2014_FP_NADU_W_TDL",FALSE
"child_vitA","All","dhs2014_FP_NADU_W_UMS",FALSE
"child_vitA","All","dhs2014_FP_NDYM_W_UMS",FALSE
"child_vitA","All","dhs2014_FP_NDYM_W_PDM",FALSE
"child_vitA","All","dhs2014_FP_NDYM_W_TDU",FALSE
"child_vitA","All","dhs2014_FP_NDYA_W_UNT",FALSE
"child_vitA","All","dhs2014_FP_NDYA_W_TDL",FALSE
"child_vitA","All","dhs2014_FP_NDYU_W_TDS",FALSE
"child_vitA","All","dhs2014_FP_NDYU_W_UMT",FALSE
"child_vitA","All","dhs2014_FP_NDYU_W_UNW",FALSE
"child_vitA","All","dhs2014_FP_EFPM_W_RDO",FALSE
"child_vitA","All","dhs2014_FP_NFPP_W_HNF",FALSE
"child_vitA","All","dhs2014_FP_NFPP_W_NFP",FALSE
"child_vitA","All","dhs2014_FP_DMKF_W_UHS",FALSE
"child_vitA","All","dhs2014_MA_MSTY_W_NMA",FALSE
"child_vitA","All","dhs2014_MA_MSTY_W_SEP",FALSE
"child_vitA","All","dhs2014_MA_CWIV_W_DKM",FALSE
"child_vitA","All","dhs2014_MA_MBAY_M_B18",FALSE
"child_vitA","All","dhs2014_MA_AAFM_W_M40",FALSE
"child_vitA","All","dhs2014_MA_AAFM_M_M55",FALSE
"child_vitA","All","dhs2014_MA_ADIF_W_YNG",FALSE
"child_vitA","All","dhs2014_SX_SBAY_W_B15",FALSE
"child_vitA","All","dhs2014_SX_SBAY_W_B20",FALSE
"child_vitA","All","dhs2014_SX_SBAY_M_B15",FALSE
"child_vitA","All","dhs2014_SX_AAFS_W_M35",FALSE
"child_vitA","All","dhs2014_SX_AAFS_W_M40",FALSE
"child_vitA","All","dhs2014_SX_AAFS_M_M45",FALSE
"child_vitA","All","dhs2014_SX_AAFS_M_M50",FALSE
"child_vitA","All","dhs2014_SX_AAFS_M_M2B",FALSE
"child_vitA","All","dhs2014_SX_LSEX_M_1PY",FALSE
"child_vitA","All","dhs2014_CM_ECMR_C_NNE",FALSE
"child_vitA","All","dhs2014_CM_ECMR_C_NNX",FALSE
"child_vitA","All","dhs2014_CM_ECMR_C_NNU",FALSE
"child_vitA","All","dhs2014_CM_ECMR_C_U5X",FALSE
"child_vitA","All","dhs2014_CM_PNMR_C_NSB",FALSE
"child_vitA","All","dhs2014_CM_PNMR_C_SBR",FALSE
"child_vitA","All","dhs2014_RH_ANCP_W_NRS",FALSE
"child_vitA","All","dhs2014_RH_ANCN_W_N47",FALSE
"child_vitA","All","dhs2014_RH_ANCT_W_T67",FALSE
"child_vitA","All","dhs2014_RH_ICSP_W_M18",FALSE
"child_vitA","All","dhs2014_RH_ANCS_W_SGN.1",FALSE
"child_vitA","All","dhs2014_RH_TTIJ_W_TT2",FALSE
"child_vitA","All","dhs2014_RH_DELP_C_OTH",FALSE
"child_vitA","All","dhs2014_RH_DELA_C_NON",FALSE
"child_vitA","All","dhs2014_RH_PCMT_W_23H",FALSE
"child_vitA","All","dhs2014_RH_PCCT_C_NON",FALSE
"child_vitA","All","dhs2014_RH_MIMH_M_PDA",FALSE
"child_vitA","All","dhs2014_RH_PAHC_W_MON",FALSE
"child_vitA","All","dhs2014_CH_SZWT_C_UN1",FALSE
"child_vitA","All","dhs2014_CH_VACC_C_DP2",FALSE
"child_vitA","All","dhs2014_CH_VACC_C_DP3",FALSE
"child_vitA","All","dhs2014_CH_VACC_C_OP1",FALSE
"child_vitA","All","dhs2014_CH_VACC_C_OP2",FALSE
"child_vitA","All","dhs2014_CH_VACC_C_OP3",FALSE
"child_vitA","All","dhs2014_CH_VACC_C_AP2",FALSE
"child_vitA","All","dhs2014_CH_VACP_C_SN2",FALSE
"child_vitA","All","dhs2014_CH_ARIS_C_UN2",FALSE
"child_vitA","All","dhs2014_CH_DIAR_C_DIA",FALSE
"child_vitA","All","dhs2014_CH_DIAT_C_ADV",FALSE
"child_vitA","All","dhs2014_CH_DIAT_C_ORT",FALSE
"child_vitA","All","dhs2014_CH_DIAT_C_ABI",FALSE
"child_vitA","All","dhs2014_CH_DIAT_C_AMO",FALSE
"child_vitA","All","dhs2014_CH_DIFP_C_LMR",FALSE
"child_vitA","All","dhs2014_CH_DIFP_C_LML",FALSE
"child_vitA","All","dhs2014_CH_DIFP_C_FML",FALSE
"child_vitA","All","dhs2014_CH_DIFP_C_FAL.1",FALSE
"child_vitA","All","dhs2014_CH_DSTL_C_BUR",FALSE
"child_vitA","All","dhs2014_CH_DSTL_C_GBG",FALSE
"child_vitA","All","dhs2014_CH_DSTL_C_OTH",FALSE
"child_vitA","All","dhs2014_CN_NUTS_C_WH2",FALSE
"child_vitA","All","dhs2014_CN_BRFI_C_EVR",FALSE
"child_vitA","All","dhs2014_CN_BRFI_C_1HR",FALSE
"child_vitA","All","dhs2014_CN_BRFI_C_1DY",FALSE
"child_vitA","All","dhs2014_CN_IYCF_C_3PA",FALSE
"child_vitA","All","dhs2014_CN_MIAC_C_VAF",FALSE
"child_vitA","All","dhs2014_CN_MIAC_C_IRF",FALSE
"child_vitA","All","dhs2014_CN_IODZ_H_SLN",FALSE
"child_vitA","All","dhs2014_AN_NUTS_M_SHT",FALSE
"child_vitA","All","dhs2014_AN_NUTS_M_TH2",FALSE
"child_vitA","All","dhs2014_AN_ANEM_W_ANY",FALSE
"child_vitA","All","dhs2014_AN_ANEM_W_MLD",FALSE
"child_vitA","All","dhs2014_AN_ANEM_W_SEV",FALSE
"child_vitA","All","dhs2014_AN_MIAM_W_90P",FALSE
"child_vitA","All","dhs2014_ML_NETU_P_UN1",FALSE
"child_vitA","All","dhs2014_ML_ITNU_N_UNW",FALSE
"child_vitA","All","dhs2014_ML_NETC_C_ANY",FALSE
"child_vitA","All","dhs2014_ML_IPTP_W_SPA",FALSE
"child_vitA","All","dhs2014_ML_IPTP_W_3SA",FALSE
"child_vitA","All","dhs2014_ML_FEVT_C_ADV",FALSE
"child_vitA","All","dhs2014_ML_FEVT_C_ACS",FALSE
"child_vitA","All","dhs2014_ML_FEVT_C_AML",FALSE
"child_vitA","All","dhs2014_ML_AMLD_C_ACT",FALSE
"child_vitA","All","dhs2014_ML_AMLD_C_SPF",FALSE
"child_vitA","All","dhs2014_ML_PMAL_C_RDE",FALSE
"child_vitA","All","dhs2014_ML_PMAL_C_MSE",FALSE
"child_vitA","All","dhs2014_ML_PMAL_C_MSR",FALSE
"child_vitA","All","dhs2014_ML_PMAL_C_MSU",FALSE
"child_vitA","All","dhs2014_HA_CKNA_M_CKA",FALSE
"child_vitA","All","dhs2014_HA_KMTC_M_PRG",FALSE
"child_vitA","All","dhs2014_HA_AATT_M_VEG",FALSE
"child_vitA","All","dhs2014_HA_AATT_M_FTC",FALSE
"child_vitA","All","dhs2014_HA_HRSX_M_CND",FALSE
"child_vitA","All","dhs2014_HA_MSXP_M_CND",FALSE
"child_vitA","All","dhs2014_HA_CATH_W_TNC",FALSE
"child_vitA","All","dhs2014_HA_MCRC_M_OTH",FALSE
"child_vitA","All","dhs2014_HA_STIS_M_DIS",FALSE
"child_vitA","All","dhs2014_HA_CHVT_W_ABN",FALSE
"child_vitA","All","dhs2014_HA_CHVT_M_ABI",FALSE
"child_vitA","All","dhs2014_HA_CHVT_M_ABN",FALSE
"child_vitA","All","dhs2014_HA_CHVT_M_OTI",FALSE
"child_vitA","All","dhs2014_HA_CHVT_M_OTN",FALSE
"child_vitA","All","dhs2014_HA_CHVT_B_DBN",FALSE
"child_vitA","All","dhs2014_HA_CHVT_B_ABI",FALSE
"child_vitA","All","dhs2014_HA_HIVY_M_UNW",FALSE
"child_vitA","All","dhs2014_HA_HIVY_B_UNW",FALSE
"child_vitA","All","dhs2014_HA_HPAC_B_CPP",FALSE
"child_vitA","All","dhs2014_HA_HPAC_B_CPN",FALSE
"child_vitA","All","dhs2014_HA_HPAC_B_CNP",FALSE
"child_vitA","All","dhs2014_WE_OWNA_W_HAL",FALSE
"child_vitA","All","dhs2014_WE_OWNA_W_HJN",FALSE
"child_vitA","All","dhs2014_WE_OWNA_W_HNO",FALSE
"child_vitA","All","dhs2014_WE_OWNA_W_LAL",FALSE
"child_vitA","All","dhs2014_WE_OWNA_M_HAL",FALSE
"child_vitA","All","dhs2014_WE_ANSR_W_CSN",FALSE
"child_vitA","All","dhs2014_WE_ANSR_W_CAC",FALSE
"child_vitA","All","dhs2014_WE_DMAK_W_3DC",FALSE
"child_vitA","All","dhs2014_WE_DMAK_M_NON",FALSE
"child_vitA","All","dhs2014_ED_SCHA_C_SCA",FALSE
"child_vitA","All","dhs2014_ED_SCHA_C_SCR",FALSE
"child_vitA","All","dhs2014_ED_EDAT_W_PRI",FALSE
"child_vitA","All","dhs2014_ED_EDAT_W_UNW",FALSE
"child_vitA","All","dhs2014_ED_NARP_B_BTH",FALSE
"child_vitA","All","dhs2014_ED_NARP_B_GPI",FALSE
"child_vitA","All","dhs2014_ED_NARS_M_MAL",FALSE
"child_vitA","All","dhs2014_ED_GARS_M_MAL",FALSE
"child_vitA","All","dhs2014_ED_GARS_B_GPI",FALSE
"child_vitA","All","dhs2014_ED_EDUC_W_SPR",FALSE
"child_vitA","All","dhs2014_ED_LITR_W_RDW",FALSE
"child_vitA","All","dhs2014_ED_LITY_W_UNW",FALSE
"child_vitA","All","dhs2014_ED_LITY_M_UNW",FALSE
"child_vitA","All","dhs2014_EM_EMPL_W_ENC",FALSE
"child_vitA","All","dhs2014_EM_EMPL_M_N12",FALSE
"child_vitA","All","dhs2014_EM_OCCP_W_MNS",FALSE
"child_vitA","All","dhs2014_EM_OCCP_W_MNU",FALSE
"child_vitA","All","dhs2014_EM_OCCP_M_DKM",FALSE
"child_vitA","All","dhs2014_EM_WERN_W_HUS",FALSE
"child_vitA","All","dhs2014_EM_RERN_W_SAM",FALSE
"child_vitA","All","dhs2014_EM_MERN_W_WIF",FALSE
"child_vitA","All","dhs2014_EM_MERN_M_HUS",FALSE
"child_vitA","All","dhs2014_WS_SRCE_H_PYD",FALSE
"child_vitA","All","dhs2014_WS_SRCE_H_RNW",FALSE
"child_vitA","All","dhs2014_WS_SRCE_H_TNK",FALSE
"child_vitA","All","dhs2014_WS_SRCE_H_USG",FALSE
"child_vitA","All","dhs2014_WS_SRCE_P_PSG",FALSE
"child_vitA","All","dhs2014_WS_WTRT_H_BLC",FALSE
"child_vitA","All","dhs2014_WS_WTRT_H_NTR",FALSE
"child_vitA","All","dhs2014_WS_WTRT_P_STN",FALSE
"child_vitA","All","dhs2014_WS_WTRT_P_CER",FALSE
"child_vitA","All","dhs2014_WS_WTRT_P_DKM",FALSE
"child_vitA","All","dhs2014_WS_TLET_H_VIP",FALSE
"child_vitA","All","dhs2014_WS_TLET_P_NBK",FALSE
"child_vitA","All","dhs2014_WS_HNDW_H_SOP",FALSE
"child_vitA","All","dhs2014_WS_HNDW_H_LTD",FALSE
"child_vitA","All","dhs2014_WS_HNDW_P_CLN",FALSE
"child_vitA","All","dhs2014_WS_HNDW_P_UN1",FALSE
"child_vitA","All","dhs2014_HC_FLRM_H_FIN",FALSE
"child_vitA","All","dhs2014_HC_RMSL_H_2RM",FALSE
"child_vitA","All","dhs2014_HC_RMSL_P_2RM",FALSE
"child_vitA","All","dhs2014_HC_CKFL_H_COL",FALSE
"child_vitA","All","dhs2014_HC_SMKH_H_WLY",FALSE
"child_vitA","All","dhs2014_HC_SMKH_P_LES",FALSE
"child_vitA","All","dhs2014_HC_PPRM_H_7PP",FALSE
"child_vitA","All","dhs2014_HC_AGEG_P_459",FALSE
"child_vitA","All","dhs2014_HC_AGEG_P_504",FALSE
"child_vitA","All","dhs2014_HC_AGEG_P_559",FALSE
"child_vitA","All","dhs2014_HC_AGEG_P_704",FALSE
"child_vitA","All","dhs2014_HC_MEMB_H_5MM",FALSE
"child_vitA","All","dhs2014_HC_LVAR_C_NMA",FALSE
"child_vitA","All","dhs2014_HC_LVAR_C_NFA",FALSE
"child_vitA","All","dhs2014_HC_LVAR_C_NBD",FALSE
"child_vitA","All","dhs2014_HC_LVAY_C_FMA",FALSE
"child_vitA","All","dhs2014_HC_LVAY_C_NFA",FALSE
"child_vitA","All","dhs2014_HC_LVAY_C_NBD",FALSE
"child_vitA","All","dhs2014_SV_HRES_H_DNF",FALSE
"child_vitA","All","dhs2014_SV_HRES_H_ABS",FALSE
"child_vitA","All","dhs2014_SV_HRES_H_DES",FALSE
"child_vitA","All","dhs2014_SV_HRES_H_OTH",FALSE
"child_vitA","All","dhs2014_SV_RESI_W_REF",FALSE
"child_vitA","All","dhs2014_SV_RESI_W_INC",FALSE
"child_vitA","All","dhs2014_SV_RESI_M_NAH",FALSE
"child_vitA","All","dhs2014_SV_RESI_M_INN",FALSE
"child_vitA","All","dhs2014_SV_HRSM_H_VAC",FALSE
"child_vitA","All","dhs2014_SV_HRSM_H_DES",FALSE
"child_vitA","All","dhs2014_SV_INTV_M_MNI",FALSE
"child_vitA","All","dhs2016_DHSREGFR",FALSE
"child_vitA","All","dhs2016_DHSREGSP",FALSE
"child_vitA","All","dhs2016_FE_FRTR_W_A10",FALSE
"child_vitA","All","dhs2016_FE_FRTR_W_A15",FALSE
"child_vitA","All","dhs2016_FE_FRTY_W_U49",FALSE
"child_vitA","All","dhs2016_RH_ANCP_W_AUX",FALSE
"child_vitA","All","dhs2016_CH_FEVT_C_AT1",FALSE
"child_vitA","All","dhs2016_CH_FEVT_C_ADV",FALSE
"child_vitA","All","dhs2016_CN_ANMC_C_SEV",FALSE
"child_vitA","All","dhs2016_ML_NSRC_N_MDC",FALSE
"child_vitA","All","dhs2016_ML_NSRC_N_ANC",FALSE
"child_vitA","All","dhs2016_ML_NSRC_N_GHF",FALSE
"child_vitA","All","dhs2016_ML_NSRC_N_PHF",FALSE
"child_vitA","All","dhs2016_ML_NSRC_N_DKM",FALSE
"child_vitA","All","dhs2016_ML_IPTP_W_3SA",FALSE
"child_vitA","All","dhs2016_ML_FEVR_C_FEV",FALSE
"child_vitA","All","dhs2016_ML_FEVT_C_ADV",FALSE
"child_vitA","All","dhs2016_ML_FEVT_C_ADS",FALSE
"child_vitA","All","dhs2016_ML_FEVT_C_ACS",FALSE
"child_vitA","All","dhs2016_ML_FEVT_C_AMS",FALSE
"child_vitA","All","dhs2016_ML_AMLD_C_QNN",FALSE
"child_vitA","All","dhs2016_ML_PMAL_C_MSY",FALSE
"child_vitA","All","dhs2016_ML_PMAL_C_MSL",FALSE
"child_vitA","All","dhs2016_ED_EDUC_W_SPR",FALSE
"child_vitA","All","dhs2016_ED_EDUC_W_CPR",FALSE
"child_vitA","All","dhs2016_ED_LITR_W_SCH",FALSE
"child_vitA","All","dhs2016_ED_LITR_W_BLD",FALSE
"child_vitA","All","dhs2016_WS_SRCE_H_USG",FALSE
"child_vitA","All","dhs2016_WS_SRCE_P_PYD",FALSE
"child_vitA","All","dhs2016_WS_SRCE_P_PNB",FALSE
"child_vitA","All","dhs2016_WS_SRCE_P_TNK",FALSE
"child_vitA","All","dhs2016_WS_SRCE_P_UWL",FALSE
"child_vitA","All","dhs2016_WS_SRCE_P_LTD",FALSE
"child_vitA","All","dhs2016_WS_TLET_H_FSW",FALSE
"child_vitA","All","dhs2016_WS_TLET_H_VIP",FALSE
"child_vitA","All","dhs2016_HC_FLRM_H_DNG",FALSE
"child_vitA","All","dhs2016_HC_FLRM_H_CPT",FALSE
"child_vitA","All","dhs2016_HC_FLRM_P_VIN",FALSE
"child_vitA","All","dhs2016_HC_CKFL_H_KER",FALSE
"child_vitA","All","dhs2016_HC_CKFL_H_AGR",FALSE
"child_vitA","All","dhs2016_HC_CKFL_P_NFD",FALSE
"child_vitA","All","dhs2016_HC_PPRM_H_12P",FALSE
"child_vitA","All","dhs2016_HC_HEFF_H_MPH",FALSE
"child_vitA","All","dhs2016_HC_HEFF_H_NPH",FALSE
"child_vitA","All","dhs2016_HC_AGEG_P_604",FALSE
"child_vitA","All","dhs2016_HC_AGEG_P_659",FALSE
"child_vitA","All","dhs2016_HC_AGEG_P_759",FALSE
"child_vitA","All","dhs2016_HC_AGEG_P_80P",FALSE
"child_vitA","All","dhs2016_HC_OLDR_P_NNC",FALSE
"child_vitA","All","dhs2016_HC_MEMB_H_3MM",FALSE
"child_vitA","All","dhs2016_HC_MEMB_H_4MM",FALSE
"child_vitA","All","dhs2016_HC_MEMB_H_5MM",FALSE
"child_vitA","All","dhs2016_SV_RESI_W_ELG",FALSE
"child_vitA","All","dhs2016_SV_INTV_H_NUM",FALSE
"child_vitA","All","dhs2016_SV_INTV_W_MED",FALSE
"child_vitA","All","dhs2017_DHSREGFR",FALSE
"child_vitA","All","dhs2017_DHSREGSP",FALSE
"child_vitA","All","dhs2017_FE_FRTR_W_A40",FALSE
"child_vitA","All","dhs2017_FE_BORD_C_BO1",FALSE
"child_vitA","All","dhs2017_FE_BORD_C_BO4",FALSE
"child_vitA","All","dhs2017_FE_TNPG_W_CBR",FALSE
"child_vitA","All","dhs2017_RH_ANCN_W_N8P",FALSE
"child_vitA","All","dhs2017_ML_NSRC_N_DKM",FALSE
"child_vitA","All","dhs2017_ML_IRSM_H_IRS",FALSE
"child_vitA","All","dhs2017_ML_NETU_P_NM1",FALSE
"child_vitA","All","dhs2017_ML_NETW_W_IT1",FALSE
"child_vitA","All","dhs2017_ML_IPTP_W_SPF",FALSE
"child_vitA","All","dhs2017_ML_IPTP_W_2SA",FALSE
"child_vitA","All","dhs2017_ML_FEVT_C_BLD",FALSE
"child_vitA","All","dhs2017_ML_FEVT_C_AMS",FALSE
"child_vitA","All","dhs2017_ML_AMLD_C_ACT",FALSE
"child_vitA","All","dhs2017_ML_AMLD_C_QNN",FALSE
"child_vitA","All","dhs2017_ML_AMLD_C_NUM",FALSE
"child_vitA","All","dhs2017_AH_HINS_W_MUT",FALSE
"child_vitA","All","dhs2017_AH_HINS_W_NON",FALSE
"child_vitA","All","dhs2017_ED_EDUC_W_PRI",FALSE
"child_vitA","All","dhs2017_WS_SRCE_H_TAP",FALSE
"child_vitA","All","dhs2017_WS_SRCE_H_PSG",FALSE
"child_vitA","All","dhs2017_WS_SRCE_P_PSG",FALSE
"child_vitA","All","dhs2017_WS_SRCE_P_UWL",FALSE
"child_vitA","All","dhs2017_WS_TIME_H_DKM",FALSE
"child_vitA","All","dhs2017_WS_TLET_H_NBK",FALSE
"child_vitA","All","dhs2017_WS_TLET_P_PSL",FALSE
"child_vitA","All","dhs2017_HC_FLRM_H_NAT",FALSE
"child_vitA","All","dhs2017_HC_RMSL_H_2RM",FALSE
"child_vitA","All","dhs2017_HC_CKFL_H_ELC",FALSE
"child_vitA","All","dhs2017_HC_CKFL_H_OTH",FALSE
"child_vitA","All","dhs2017_HC_CKFL_H_NFD",FALSE
"child_vitA","All","dhs2017_HC_PPRM_H_12P",FALSE
"child_vitA","All","dhs2017_HC_PPRM_H_56P",FALSE
"child_vitA","All","dhs2017_HC_AGEG_P_459",FALSE
"child_vitA","All","dhs2017_HC_AGEG_P_504",FALSE
"child_vitA","All","dhs2017_HC_AGEG_P_604",FALSE
"child_vitA","All","dhs2017_HC_AGEG_P_659",FALSE
"child_vitA","All","dhs2017_HC_AGEG_P_704",FALSE
"child_vitA","All","dhs2017_HC_AGEG_P_DK2",FALSE
"child_vitA","All","dhs2017_HC_OLDR_H_O65",FALSE
"child_vitA","All","dhs2017_SV_HRES_H_NOR",FALSE
"child_vitA","All","dhs2017_SV_HRES_H_VAC",FALSE
"child_vitA","All","dhs2017_SV_HRES_H_RES",FALSE
"child_vitA","All","dhs2017_SV_RESI_W_REF",FALSE
"child_vitA","All","mics_hh51_se",FALSE
"child_vitA","All","mics_hc1a",FALSE
"child_vitA","All","mics_hc1a_se",FALSE
"child_vitA","All","mics_hc3_se",FALSE
"child_vitA","All","mics_hc7b",FALSE
"child_vitA","All","mics_hc7f_se",FALSE
"child_vitA","All","mics_hc7h_se",FALSE
"child_vitA","All","mics_hc7i",FALSE
"child_vitA","All","mics_hc7l",FALSE
"child_vitA","All","mics_hc9c_se",FALSE
"child_vitA","All","mics_hc9f_se",FALSE
"child_vitA","All","mics_hc9j_se",FALSE
"child_vitA","All","mics_hc10e_se",FALSE
"child_vitA","All","mics_hc12",FALSE
"child_vitA","All","mics_hc12_se",FALSE
"child_vitA","All","mics_hc16",FALSE
"child_vitA","All","mics_hc18e_se",FALSE
"child_vitA","All","mics_eu4_se",FALSE
"child_vitA","All","mics_tn2_se",FALSE
"child_vitA","All","mics_ir1_se",FALSE
"child_vitA","All","mics_ws2",FALSE
"child_vitA","All","mics_ws6",FALSE
"child_vitA","All","mics_ws6_se",FALSE
"child_vitA","All","mics_ws7_se",FALSE
"child_vitA","All","mics_ws8",FALSE
"child_vitA","All","mics_ws16",FALSE
"child_vitA","All","mics_hw1",FALSE
"child_vitA","All","mics_hw5_se",FALSE
"child_vitA","All","mics_sa1",FALSE
"child_vitA","All","mics_wq2_se",FALSE
"child_vitA","All","mics_wq23h_se",FALSE
"child_vitA","All","mics_wq23m",FALSE
"child_vitA","All","mics_observe_hh_sample_collection_se",FALSE
"child_vitA","All","mics_wq25h_se",FALSE
"child_vitA","All","mics_wq25m_se",FALSE
"child_vitA","All","mics_hhage",FALSE
"child_vitA","All","mics_hhage_se",FALSE
"child_vitA","All","mics_ethnicity_se",FALSE
"child_vitA","All","mics_hh50a_se",FALSE
"child_vitA","All","mics_wscore_se",FALSE
"child_vitA","All","mics_wat_class_se",FALSE
"child_vitA","All","mics_storage_se",FALSE
"child_vitA","All","mics_ec_result_s_se",FALSE
"child_vitA","All","mics_ec_risk_s_1_se",FALSE
"child_vitA","All","mics_animals_se",FALSE
"child_vitA","All","mics_hw7a_a",FALSE
"child_vitA","All","mics_hw9a_a",FALSE
"child_vitA","All","mics_se.ws10bbc_c",FALSE
"child_vitA","All","mics_se.ws10bbd_d",FALSE
"child_vitA","All","mics_se.ws10ccb_b",FALSE
"child_vitA","All","mics_se.hw8a_a",FALSE
"child_vitA","All","mics_se.hw9a_2",FALSE
"child_vitA","All","ihme_50_54_years_15_females_people_living_with_hiv_counts",FALSE
"child_vitA","All","ihme_15_59_years_199_both_hiv_prevalence_percent",FALSE
"child_vitA","All","ihme_under_5_1_both_u5_diarrhea_prevalence_counts",FALSE
"child_vitA","All","ihme_12_23_months_238_both_mcv1_coverage_percent",FALSE
"child_vitA","All","lsms_hh_totalch",FALSE
"child_vitA","All","lsms_hh_hscloth",FALSE
"child_vitA","All","lsms_hh_hsutensil",FALSE
"child_vitA","All","lsms_hh_hsrepairf",FALSE
"child_vitA","All","lsms_hh_hsserv",FALSE
"child_vitA","All","lsms_hh_hlmedi",FALSE
"child_vitA","All","lsms_hh_vehicles",FALSE
"child_vitA","All","lsms_hh_phone_9a",FALSE
"child_vitA","All","lsms_hh_rcpetserv",FALSE
"child_vitA","All","lsms_hh_rcnews",FALSE
"child_vitA","All","lsms_hh_rcholid",FALSE
"child_vitA","All","lsms_hh_missprot",FALSE
"child_vitA","All","lsms_hh_misinsur",FALSE
"child_vitA","All","lsms_hh_misother",FALSE
"child_vitA","All","lsms_hh_pindex_nfd",FALSE
"child_vitA","All","lsms_hh_incnf_gross",FALSE
"child_vitA","All","lsms_hh_inc_other",FALSE
"child_vitA","All","lsms_hh_aginc_net",FALSE
"child_vitA","All","lsms_hh_se.fd_b",FALSE
"child_vitA","All","lsms_hh_se.fdnonalc_b",FALSE
"child_vitA","All","lsms_hh_se.owntype",FALSE
"child_vitA","All","lsms_hh_se.elec",FALSE
"child_vitA","All","lsms_hh_se.hsapplian",FALSE
"child_vitA","All","lsms_hh_se.hosp",FALSE
"child_vitA","All","lsms_hh_se.trfuel",FALSE
"child_vitA","All","lsms_hh_se.trserve",FALSE
"child_vitA","All","lsms_hh_se.comtel",FALSE
"child_vitA","All","lsms_hh_se.phone_9a",FALSE
"child_vitA","All","lsms_hh_se.rcnews",FALSE
"child_vitA","All","lsms_hh_se.edtertiar",FALSE
"child_vitA","All","lsms_hh_se.mispereff",FALSE
"child_vitA","All","lsms_hh_se.missprot",FALSE
"child_vitA","All","lsms_hh_se.misinsur",FALSE
"child_vitA","All","lsms_hh_se.misfinan",FALSE
"child_vitA","All","lsms_hh_se.totfdal",FALSE
"child_vitA","All","lsms_hh_se.pindex_nfd",FALSE
"child_vitA","All","lsms_hh_se.pindex_fd",FALSE
"child_vitA","All","lsms_hh_se.pindex",FALSE
"child_vitA","All","lsms_hh_se.wage_hid",FALSE
"child_vitA","All","lsms_hh_se.rent_inc",FALSE
"child_vitA","All","lsms_hh_se.wta_s_hhsize",FALSE
"child_vitA","All","lsms_hh_se.fd_p_veg",FALSE
"child_vitA","All","lsms_hh_se.fd_p_puls",FALSE
"child_vitA","All","MAP_202206_Pf_Incidence_Count",FALSE
"child_vitA","All","MAP_202106_Insecticide_Treated_Net_Access",FALSE
"child_vitA","All","MAP_202202_Pf_Reproductive_Number",FALSE
"child_vitA","All","nearest_market_id",FALSE
"child_vitA","All","wfp_cassava",FALSE
"child_vitA","All","wfp_cowpeas",FALSE
"child_vitA","All","wfp_eggs",FALSE
"child_vitA","All","wfp_maize_yellow",FALSE
"child_vitA","All","wfp_plantains_apentu",FALSE
"child_vitA","All","wfp_rice_imported",FALSE
"child_vitA","All","wfp_tomatoes_local",FALSE
"child_vitA","All","wfp_rice_paddy",FALSE
"child_vitA","All","gee_trmm_mean_10km",FALSE
"child_vitA","All","gee_ndvi_mean_25km",FALSE
"child_vitA","All","missing_gw_cbacwt",FALSE
"child_vitA","All","missing_gw_cbacwr",FALSE
"child_vitA","All","missing_gw_cbacbma",FALSE
"child_vitA","All","missing_gw_cbbcbs",FALSE
"child_vitA","All","missing_gw_cbbcmt",FALSE
"child_vitA","All","missing_gw_cbbcmp",FALSE
"child_vitA","All","missing_gw_cccbt",FALSE
"child_vitA","All","missing_gw_hHandwashingH2OYN",FALSE
"child_vitA","All","missing_gw_wPreg",FALSE
"child_vitA","All","missing_gw_wCurrLact",FALSE
"child_vitA","All","missing_gw_wRead",FALSE
"child_vitA","All","missing_gw_wHeightM",FALSE
"child_vitA","All","missing_gw_cMalariaYN",TRUE
"child_vitA","All","missing_gw_VAS_m2",TRUE
"child_vitA","All","missing_gw_cFoodGrpScore2021",FALSE
"child_vitA","All","missing_dhs2014_SX_AAFS_M_M2A",FALSE
"child_vitA","All","missing_wfp_rice_paddy",FALSE
"child_vitA","Proxy","Admin1",TRUE
"child_vitA","Proxy","dhs2014_FE_FRTR_W_A10",FALSE
"child_vitA","Proxy","dhs2014_FE_FRTR_W_A15",FALSE
"child_vitA","Proxy","dhs2014_FE_BINT_C_I07",FALSE
"child_vitA","Proxy","dhs2014_FE_BINT_C_I18",FALSE
"child_vitA","Proxy","dhs2014_FE_BINT_C_I24",FALSE
"child_vitA","Proxy","dhs2014_FE_BORD_C_BO1",FALSE
"child_vitA","Proxy","dhs2014_FE_BORD_C_BO3",FALSE
"child_vitA","Proxy","dhs2014_FE_PPID_W_MDA",FALSE
"child_vitA","Proxy","dhs2014_FP_CUSA_W_FST",FALSE
"child_vitA","Proxy","dhs2014_FP_CUSA_W_IUD",FALSE
"child_vitA","Proxy","dhs2014_FP_CUSA_W_MCN",FALSE
"child_vitA","Proxy","dhs2014_FP_CUSU_W_PIL",FALSE
"child_vitA","Proxy","dhs2014_FP_CUSU_W_RHY",FALSE
"child_vitA","Proxy","dhs2014_FP_CUSU_W_OTR",FALSE
"child_vitA","Proxy","dhs2014_FP_NADM_W_UMS",FALSE
"child_vitA","Proxy","dhs2014_FP_NADA_W_UMT",FALSE
"child_vitA","Proxy","dhs2014_FP_NADU_W_TDS",FALSE
"child_vitA","Proxy","dhs2014_FP_NADU_W_TDL",FALSE
"child_vitA","Proxy","dhs2014_FP_NADU_W_UMS",FALSE
"child_vitA","Proxy","dhs2014_FP_NDYM_W_UMS",FALSE
"child_vitA","Proxy","dhs2014_FP_NDYM_W_PDM",FALSE
"child_vitA","Proxy","dhs2014_FP_NDYM_W_TDU",FALSE
"child_vitA","Proxy","dhs2014_FP_NDYA_W_UNT",FALSE
"child_vitA","Proxy","dhs2014_FP_NDYA_W_TDL",FALSE
"child_vitA","Proxy","dhs2014_FP_NDYU_W_TDS",FALSE
"child_vitA","Proxy","dhs2014_FP_NDYU_W_UMT",FALSE
"child_vitA","Proxy","dhs2014_FP_NDYU_W_UNW",FALSE
"child_vitA","Proxy","dhs2014_FP_EFPM_W_RDO",FALSE
"child_vitA","Proxy","dhs2014_FP_NFPP_W_HNF",FALSE
"child_vitA","Proxy","dhs2014_FP_NFPP_W_NFP",FALSE
"child_vitA","Proxy","dhs2014_FP_DMKF_W_UHS",FALSE
"child_vitA","Proxy","dhs2014_MA_MSTY_W_NMA",FALSE
"child_vitA","Proxy","dhs2014_MA_MSTY_W_SEP",FALSE
"child_vitA","Proxy","dhs2014_MA_CWIV_W_DKM",FALSE
"child_vitA","Proxy","dhs2014_MA_MBAY_M_B18",FALSE
"child_vitA","Proxy","dhs2014_MA_AAFM_W_M40",FALSE
"child_vitA","Proxy","dhs2014_MA_AAFM_M_M55",FALSE
"child_vitA","Proxy","dhs2014_MA_ADIF_W_YNG",FALSE
"child_vitA","Proxy","dhs2014_SX_SBAY_W_B15",FALSE
"child_vitA","Proxy","dhs2014_SX_SBAY_W_B20",FALSE
"child_vitA","Proxy","dhs2014_SX_SBAY_M_B15",FALSE
"child_vitA","Proxy","dhs2014_SX_AAFS_W_M35",FALSE
"child_vitA","Proxy","dhs2014_SX_AAFS_W_M40",FALSE
"child_vitA","Proxy","dhs2014_SX_AAFS_M_M45",FALSE
"child_vitA","Proxy","dhs2014_SX_AAFS_M_M50",FALSE
"child_vitA","Proxy","dhs2014_SX_AAFS_M_M2B",FALSE
"child_vitA","Proxy","dhs2014_SX_LSEX_M_1PY",FALSE
"child_vitA","Proxy","dhs2014_CM_ECMR_C_NNE",FALSE
"child_vitA","Proxy","dhs2014_CM_ECMR_C_NNX",FALSE
"child_vitA","Proxy","dhs2014_CM_ECMR_C_NNU",FALSE
"child_vitA","Proxy","dhs2014_CM_ECMR_C_U5X",FALSE
"child_vitA","Proxy","dhs2014_CM_PNMR_C_NSB",FALSE
"child_vitA","Proxy","dhs2014_CM_PNMR_C_SBR",FALSE
"child_vitA","Proxy","dhs2014_RH_ANCP_W_NRS",FALSE
"child_vitA","Proxy","dhs2014_RH_ANCN_W_N47",FALSE
"child_vitA","Proxy","dhs2014_RH_ANCT_W_T67",FALSE
"child_vitA","Proxy","dhs2014_RH_ICSP_W_M18",FALSE
"child_vitA","Proxy","dhs2014_RH_ANCS_W_SGN.1",FALSE
"child_vitA","Proxy","dhs2014_RH_TTIJ_W_TT2",FALSE
"child_vitA","Proxy","dhs2014_RH_DELP_C_OTH",FALSE
"child_vitA","Proxy","dhs2014_RH_DELA_C_NON",FALSE
"child_vitA","Proxy","dhs2014_RH_PCMT_W_23H",FALSE
"child_vitA","Proxy","dhs2014_RH_PCCT_C_NON",FALSE
"child_vitA","Proxy","dhs2014_RH_MIMH_M_PDA",FALSE
"child_vitA","Proxy","dhs2014_RH_PAHC_W_MON",FALSE
"child_vitA","Proxy","dhs2014_CH_SZWT_C_UN1",FALSE
"child_vitA","Proxy","dhs2014_CH_VACC_C_DP2",FALSE
"child_vitA","Proxy","dhs2014_CH_VACC_C_DP3",FALSE
"child_vitA","Proxy","dhs2014_CH_VACC_C_OP1",FALSE
"child_vitA","Proxy","dhs2014_CH_VACC_C_OP2",FALSE
"child_vitA","Proxy","dhs2014_CH_VACC_C_OP3",FALSE
"child_vitA","Proxy","dhs2014_CH_VACC_C_AP2",FALSE
"child_vitA","Proxy","dhs2014_CH_VACP_C_SN2",FALSE
"child_vitA","Proxy","dhs2014_CH_ARIS_C_UN2",FALSE
"child_vitA","Proxy","dhs2014_CH_DIAR_C_DIA",FALSE
"child_vitA","Proxy","dhs2014_CH_DIAT_C_ADV",FALSE
"child_vitA","Proxy","dhs2014_CH_DIAT_C_ORT",FALSE
"child_vitA","Proxy","dhs2014_CH_DIAT_C_ABI",FALSE
"child_vitA","Proxy","dhs2014_CH_DIAT_C_AMO",FALSE
"child_vitA","Proxy","dhs2014_CH_DIFP_C_LMR",FALSE
"child_vitA","Proxy","dhs2014_CH_DIFP_C_LML",FALSE
"child_vitA","Proxy","dhs2014_CH_DIFP_C_FML",FALSE
"child_vitA","Proxy","dhs2014_CH_DIFP_C_FAL.1",FALSE
"child_vitA","Proxy","dhs2014_CH_DSTL_C_BUR",FALSE
"child_vitA","Proxy","dhs2014_CH_DSTL_C_GBG",FALSE
"child_vitA","Proxy","dhs2014_CH_DSTL_C_OTH",FALSE
"child_vitA","Proxy","dhs2014_CN_NUTS_C_WH2",FALSE
"child_vitA","Proxy","dhs2014_CN_BRFI_C_EVR",FALSE
"child_vitA","Proxy","dhs2014_CN_BRFI_C_1HR",FALSE
"child_vitA","Proxy","dhs2014_CN_BRFI_C_1DY",FALSE
"child_vitA","Proxy","dhs2014_CN_IYCF_C_3PA",FALSE
"child_vitA","Proxy","dhs2014_CN_MIAC_C_VAF",FALSE
"child_vitA","Proxy","dhs2014_CN_MIAC_C_IRF",FALSE
"child_vitA","Proxy","dhs2014_CN_IODZ_H_SLN",FALSE
"child_vitA","Proxy","dhs2014_AN_NUTS_M_SHT",FALSE
"child_vitA","Proxy","dhs2014_AN_NUTS_M_TH2",FALSE
"child_vitA","Proxy","dhs2014_AN_ANEM_W_ANY",FALSE
"child_vitA","Proxy","dhs2014_AN_ANEM_W_MLD",FALSE
"child_vitA","Proxy","dhs2014_AN_ANEM_W_SEV",FALSE
"child_vitA","Proxy","dhs2014_AN_MIAM_W_90P",FALSE
"child_vitA","Proxy","dhs2014_ML_NETU_P_UN1",FALSE
"child_vitA","Proxy","dhs2014_ML_ITNU_N_UNW",FALSE
"child_vitA","Proxy","dhs2014_ML_NETC_C_ANY",FALSE
"child_vitA","Proxy","dhs2014_ML_IPTP_W_SPA",FALSE
"child_vitA","Proxy","dhs2014_ML_IPTP_W_3SA",FALSE
"child_vitA","Proxy","dhs2014_ML_FEVT_C_ADV",FALSE
"child_vitA","Proxy","dhs2014_ML_FEVT_C_ACS",FALSE
"child_vitA","Proxy","dhs2014_ML_FEVT_C_AML",FALSE
"child_vitA","Proxy","dhs2014_ML_AMLD_C_ACT",FALSE
"child_vitA","Proxy","dhs2014_ML_AMLD_C_SPF",FALSE
"child_vitA","Proxy","dhs2014_ML_PMAL_C_RDE",FALSE
"child_vitA","Proxy","dhs2014_ML_PMAL_C_MSE",FALSE
"child_vitA","Proxy","dhs2014_ML_PMAL_C_MSR",FALSE
"child_vitA","Proxy","dhs2014_ML_PMAL_C_MSU",FALSE
"child_vitA","Proxy","dhs2014_HA_CKNA_M_CKA",FALSE
"child_vitA","Proxy","dhs2014_HA_KMTC_M_PRG",FALSE
"child_vitA","Proxy","dhs2014_HA_AATT_M_VEG",FALSE
"child_vitA","Proxy","dhs2014_HA_AATT_M_FTC",FALSE
"child_vitA","Proxy","dhs2014_HA_HRSX_M_CND",FALSE
"child_vitA","Proxy","dhs2014_HA_MSXP_M_CND",FALSE
"child_vitA","Proxy","dhs2014_HA_CATH_W_TNC",FALSE
"child_vitA","Proxy","dhs2014_HA_MCRC_M_OTH",FALSE
"child_vitA","Proxy","dhs2014_HA_STIS_M_DIS",FALSE
"child_vitA","Proxy","dhs2014_HA_CHVT_W_ABN",FALSE
"child_vitA","Proxy","dhs2014_HA_CHVT_M_ABI",FALSE
"child_vitA","Proxy","dhs2014_HA_CHVT_M_ABN",FALSE
"child_vitA","Proxy","dhs2014_HA_CHVT_M_OTI",FALSE
"child_vitA","Proxy","dhs2014_HA_CHVT_M_OTN",FALSE
"child_vitA","Proxy","dhs2014_HA_CHVT_B_DBN",FALSE
"child_vitA","Proxy","dhs2014_HA_CHVT_B_ABI",FALSE
"child_vitA","Proxy","dhs2014_HA_HIVY_M_UNW",FALSE
"child_vitA","Proxy","dhs2014_HA_HIVY_B_UNW",FALSE
"child_vitA","Proxy","dhs2014_HA_HPAC_B_CPP",FALSE
"child_vitA","Proxy","dhs2014_HA_HPAC_B_CPN",FALSE
"child_vitA","Proxy","dhs2014_HA_HPAC_B_CNP",FALSE
"child_vitA","Proxy","dhs2014_WE_OWNA_W_HAL",FALSE
"child_vitA","Proxy","dhs2014_WE_OWNA_W_HJN",FALSE
"child_vitA","Proxy","dhs2014_WE_OWNA_W_HNO",FALSE
"child_vitA","Proxy","dhs2014_WE_OWNA_W_LAL",FALSE
"child_vitA","Proxy","dhs2014_WE_OWNA_M_HAL",FALSE
"child_vitA","Proxy","dhs2014_WE_ANSR_W_CSN",FALSE
"child_vitA","Proxy","dhs2014_WE_ANSR_W_CAC",FALSE
"child_vitA","Proxy","dhs2014_WE_DMAK_W_3DC",FALSE
"child_vitA","Proxy","dhs2014_ED_SCHA_C_SCA",FALSE
"child_vitA","Proxy","dhs2014_ED_SCHA_C_SCR",FALSE
"child_vitA","Proxy","dhs2014_ED_EDAT_W_PRI",FALSE
"child_vitA","Proxy","dhs2014_ED_EDAT_W_UNW",FALSE
"child_vitA","Proxy","dhs2014_ED_NARP_B_BTH",FALSE
"child_vitA","Proxy","dhs2014_ED_NARP_B_GPI",FALSE
"child_vitA","Proxy","dhs2014_ED_NARS_M_MAL",FALSE
"child_vitA","Proxy","dhs2014_ED_GARS_M_MAL",FALSE
"child_vitA","Proxy","dhs2014_ED_GARS_B_GPI",FALSE
"child_vitA","Proxy","dhs2014_ED_EDUC_W_SPR",FALSE
"child_vitA","Proxy","dhs2014_ED_LITR_W_RDW",FALSE
"child_vitA","Proxy","dhs2014_ED_LITY_W_UNW",FALSE
"child_vitA","Proxy","dhs2014_ED_LITY_M_UNW",FALSE
"child_vitA","Proxy","dhs2014_EM_EMPL_W_ENC",FALSE
"child_vitA","Proxy","dhs2014_EM_EMPL_M_N12",FALSE
"child_vitA","Proxy","dhs2014_EM_OCCP_W_MNS",FALSE
"child_vitA","Proxy","dhs2014_EM_OCCP_W_MNU",FALSE
"child_vitA","Proxy","dhs2014_EM_OCCP_M_DKM",FALSE
"child_vitA","Proxy","dhs2014_EM_WERN_W_HUS",FALSE
"child_vitA","Proxy","dhs2014_EM_RERN_W_SAM",FALSE
"child_vitA","Proxy","dhs2014_EM_MERN_W_WIF",FALSE
"child_vitA","Proxy","dhs2014_EM_MERN_M_HUS",FALSE
"child_vitA","Proxy","dhs2014_WS_SRCE_H_PYD",FALSE
"child_vitA","Proxy","dhs2014_WS_SRCE_H_RNW",FALSE
"child_vitA","Proxy","dhs2014_WS_SRCE_H_TNK",FALSE
"child_vitA","Proxy","dhs2014_WS_SRCE_P_PSG",FALSE
"child_vitA","Proxy","dhs2014_WS_WTRT_H_BLC",FALSE
"child_vitA","Proxy","dhs2014_WS_WTRT_H_NTR",FALSE
"child_vitA","Proxy","dhs2014_WS_WTRT_P_STN",FALSE
"child_vitA","Proxy","dhs2014_WS_WTRT_P_CER",FALSE
"child_vitA","Proxy","dhs2014_WS_WTRT_P_DKM",FALSE
"child_vitA","Proxy","dhs2014_WS_TLET_H_VIP",FALSE
"child_vitA","Proxy","dhs2014_WS_TLET_P_NBK",FALSE
"child_vitA","Proxy","dhs2014_WS_HNDW_H_SOP",FALSE
"child_vitA","Proxy","dhs2014_WS_HNDW_H_LTD",FALSE
"child_vitA","Proxy","dhs2014_WS_HNDW_P_CLN",FALSE
"child_vitA","Proxy","dhs2014_WS_HNDW_P_UN1",FALSE
"child_vitA","Proxy","dhs2014_HC_FLRM_H_FIN",FALSE
"child_vitA","Proxy","dhs2014_HC_RMSL_H_2RM",FALSE
"child_vitA","Proxy","dhs2014_HC_RMSL_P_2RM",FALSE
"child_vitA","Proxy","dhs2014_HC_CKFL_H_COL",FALSE
"child_vitA","Proxy","dhs2014_HC_SMKH_H_WLY",FALSE
"child_vitA","Proxy","dhs2014_HC_SMKH_P_LES",FALSE
"child_vitA","Proxy","dhs2014_HC_PPRM_H_7PP",FALSE
"child_vitA","Proxy","dhs2014_HC_AGEG_P_459",FALSE
"child_vitA","Proxy","dhs2014_HC_AGEG_P_504",FALSE
"child_vitA","Proxy","dhs2014_HC_AGEG_P_559",FALSE
"child_vitA","Proxy","dhs2014_HC_AGEG_P_704",FALSE
"child_vitA","Proxy","dhs2014_HC_MEMB_H_5MM",FALSE
"child_vitA","Proxy","dhs2014_HC_LVAR_C_NMA",FALSE
"child_vitA","Proxy","dhs2014_HC_LVAR_C_NFA",FALSE
"child_vitA","Proxy","dhs2014_HC_LVAR_C_NBD",FALSE
"child_vitA","Proxy","dhs2014_HC_LVAY_C_FMA",FALSE
"child_vitA","Proxy","dhs2014_HC_LVAY_C_NFA",FALSE
"child_vitA","Proxy","dhs2014_HC_LVAY_C_NBD",FALSE
"child_vitA","Proxy","dhs2014_SV_HRES_H_DNF",FALSE
"child_vitA","Proxy","dhs2014_SV_HRES_H_ABS",FALSE
"child_vitA","Proxy","dhs2014_SV_HRES_H_DES",FALSE
"child_vitA","Proxy","dhs2014_SV_HRES_H_OTH",FALSE
"child_vitA","Proxy","dhs2014_SV_RESI_W_REF",FALSE
"child_vitA","Proxy","dhs2014_SV_RESI_W_INC",FALSE
"child_vitA","Proxy","dhs2014_SV_RESI_M_NAH",FALSE
"child_vitA","Proxy","dhs2014_SV_RESI_M_INN",FALSE
"child_vitA","Proxy","dhs2014_SV_HRSM_H_VAC",FALSE
"child_vitA","Proxy","dhs2014_SV_HRSM_H_DES",FALSE
"child_vitA","Proxy","dhs2014_SV_INTV_M_MNI",FALSE
"child_vitA","Proxy","dhs2016_DHSREGFR",FALSE
"child_vitA","Proxy","dhs2016_DHSREGSP",FALSE
"child_vitA","Proxy","dhs2016_FE_FRTR_W_A10",FALSE
"child_vitA","Proxy","dhs2016_FE_FRTR_W_A15",FALSE
"child_vitA","Proxy","dhs2016_FE_FRTY_W_U49",FALSE
"child_vitA","Proxy","dhs2016_RH_ANCP_W_AUX",FALSE
"child_vitA","Proxy","dhs2016_CH_FEVT_C_AT1",FALSE
"child_vitA","Proxy","dhs2016_CH_FEVT_C_ADV",FALSE
"child_vitA","Proxy","dhs2016_CN_ANMC_C_SEV",FALSE
"child_vitA","Proxy","dhs2016_ML_NSRC_N_MDC",FALSE
"child_vitA","Proxy","dhs2016_ML_NSRC_N_ANC",FALSE
"child_vitA","Proxy","dhs2016_ML_NSRC_N_GHF",FALSE
"child_vitA","Proxy","dhs2016_ML_NSRC_N_PHF",FALSE
"child_vitA","Proxy","dhs2016_ML_NSRC_N_DKM",FALSE
"child_vitA","Proxy","dhs2016_ML_IPTP_W_3SA",FALSE
"child_vitA","Proxy","dhs2016_ML_FEVR_C_FEV",FALSE
"child_vitA","Proxy","dhs2016_ML_FEVT_C_ADV",FALSE
"child_vitA","Proxy","dhs2016_ML_FEVT_C_ADS",FALSE
"child_vitA","Proxy","dhs2016_ML_FEVT_C_ACS",FALSE
"child_vitA","Proxy","dhs2016_ML_FEVT_C_AMS",FALSE
"child_vitA","Proxy","dhs2016_ML_AMLD_C_QNN",FALSE
"child_vitA","Proxy","dhs2016_ML_PMAL_C_MSY",FALSE
"child_vitA","Proxy","dhs2016_ML_PMAL_C_MSL",FALSE
"child_vitA","Proxy","dhs2016_ED_EDUC_W_SPR",FALSE
"child_vitA","Proxy","dhs2016_ED_EDUC_W_CPR",FALSE
"child_vitA","Proxy","dhs2016_ED_LITR_W_SCH",FALSE
"child_vitA","Proxy","dhs2016_ED_LITR_W_BLD",FALSE
"child_vitA","Proxy","dhs2016_WS_SRCE_H_USG",FALSE
"child_vitA","Proxy","dhs2016_WS_SRCE_P_PYD",FALSE
"child_vitA","Proxy","dhs2016_WS_SRCE_P_PNB",FALSE
"child_vitA","Proxy","dhs2016_WS_SRCE_P_TNK",FALSE
"child_vitA","Proxy","dhs2016_WS_SRCE_P_UWL",FALSE
"child_vitA","Proxy","dhs2016_WS_SRCE_P_LTD",FALSE
"child_vitA","Proxy","dhs2016_WS_TLET_H_FSW",FALSE
"child_vitA","Proxy","dhs2016_WS_TLET_H_VIP",FALSE
"child_vitA","Proxy","dhs2016_HC_FLRM_H_DNG",FALSE
"child_vitA","Proxy","dhs2016_HC_FLRM_H_CPT",FALSE
"child_vitA","Proxy","dhs2016_HC_FLRM_P_VIN",FALSE
"child_vitA","Proxy","dhs2016_HC_CKFL_H_KER",FALSE
"child_vitA","Proxy","dhs2016_HC_CKFL_H_AGR",FALSE
"child_vitA","Proxy","dhs2016_HC_CKFL_P_NFD",FALSE
"child_vitA","Proxy","dhs2016_HC_PPRM_H_12P",FALSE
"child_vitA","Proxy","dhs2016_HC_HEFF_H_MPH",FALSE
"child_vitA","Proxy","dhs2016_HC_HEFF_H_NPH",FALSE
"child_vitA","Proxy","dhs2016_HC_AGEG_P_604",FALSE
"child_vitA","Proxy","dhs2016_HC_AGEG_P_659",FALSE
"child_vitA","Proxy","dhs2016_HC_AGEG_P_759",FALSE
"child_vitA","Proxy","dhs2016_HC_AGEG_P_80P",FALSE
"child_vitA","Proxy","dhs2016_HC_OLDR_P_NNC",FALSE
"child_vitA","Proxy","dhs2016_HC_MEMB_H_3MM",FALSE
"child_vitA","Proxy","dhs2016_HC_MEMB_H_4MM",FALSE
"child_vitA","Proxy","dhs2016_HC_MEMB_H_5MM",FALSE
"child_vitA","Proxy","dhs2016_SV_RESI_W_ELG",FALSE
"child_vitA","Proxy","dhs2016_SV_INTV_H_NUM",FALSE
"child_vitA","Proxy","dhs2016_SV_INTV_W_MED",FALSE
"child_vitA","Proxy","dhs2017_DHSREGFR",FALSE
"child_vitA","Proxy","dhs2017_DHSREGSP",FALSE
"child_vitA","Proxy","dhs2017_FE_FRTR_W_A40",FALSE
"child_vitA","Proxy","dhs2017_FE_BORD_C_BO1",FALSE
"child_vitA","Proxy","dhs2017_FE_BORD_C_BO4",FALSE
"child_vitA","Proxy","dhs2017_FE_TNPG_W_CBR",FALSE
"child_vitA","Proxy","dhs2017_RH_ANCN_W_N23",FALSE
"child_vitA","Proxy","dhs2017_RH_ANCN_W_N8P",FALSE
"child_vitA","Proxy","dhs2017_ML_NSRC_N_DKM",FALSE
"child_vitA","Proxy","dhs2017_ML_IRSM_H_IRS",FALSE
"child_vitA","Proxy","dhs2017_ML_NETU_P_NM1",FALSE
"child_vitA","Proxy","dhs2017_ML_NETW_W_IT1",FALSE
"child_vitA","Proxy","dhs2017_ML_IPTP_W_SPF",FALSE
"child_vitA","Proxy","dhs2017_ML_IPTP_W_2SA",FALSE
"child_vitA","Proxy","dhs2017_ML_FEVT_C_BLD",FALSE
"child_vitA","Proxy","dhs2017_ML_FEVT_C_AMS",FALSE
"child_vitA","Proxy","dhs2017_ML_AMLD_C_ACT",FALSE
"child_vitA","Proxy","dhs2017_ML_AMLD_C_QNN",FALSE
"child_vitA","Proxy","dhs2017_ML_AMLD_C_NUM",FALSE
"child_vitA","Proxy","dhs2017_AH_HINS_W_MUT",FALSE
"child_vitA","Proxy","dhs2017_AH_HINS_W_NON",FALSE
"child_vitA","Proxy","dhs2017_ED_EDUC_W_PRI",FALSE
"child_vitA","Proxy","dhs2017_WS_SRCE_H_TAP",FALSE
"child_vitA","Proxy","dhs2017_WS_SRCE_H_PSG",FALSE
"child_vitA","Proxy","dhs2017_WS_SRCE_P_PSG",FALSE
"child_vitA","Proxy","dhs2017_WS_SRCE_P_UWL",FALSE
"child_vitA","Proxy","dhs2017_WS_TIME_H_DKM",FALSE
"child_vitA","Proxy","dhs2017_WS_TLET_H_NBK",FALSE
"child_vitA","Proxy","dhs2017_WS_TLET_P_PSL",FALSE
"child_vitA","Proxy","dhs2017_HC_FLRM_H_NAT",FALSE
"child_vitA","Proxy","dhs2017_HC_RMSL_H_2RM",FALSE
"child_vitA","Proxy","dhs2017_HC_CKFL_H_ELC",FALSE
"child_vitA","Proxy","dhs2017_HC_CKFL_H_OTH",FALSE
"child_vitA","Proxy","dhs2017_HC_CKFL_H_NFD",FALSE
"child_vitA","Proxy","dhs2017_HC_PPRM_H_12P",FALSE
"child_vitA","Proxy","dhs2017_HC_AGEG_P_459",FALSE
"child_vitA","Proxy","dhs2017_HC_AGEG_P_504",FALSE
"child_vitA","Proxy","dhs2017_HC_AGEG_P_604",FALSE
"child_vitA","Proxy","dhs2017_HC_AGEG_P_659",FALSE
"child_vitA","Proxy","dhs2017_HC_AGEG_P_704",FALSE
"child_vitA","Proxy","dhs2017_HC_AGEG_P_DK2",FALSE
"child_vitA","Proxy","dhs2017_HC_OLDR_H_O65",FALSE
"child_vitA","Proxy","dhs2017_SV_HRES_H_NOR",FALSE
"child_vitA","Proxy","dhs2017_SV_HRES_H_VAC",FALSE
"child_vitA","Proxy","dhs2017_SV_HRES_H_RES",FALSE
"child_vitA","Proxy","dhs2017_SV_RESI_W_REF",FALSE
"child_vitA","Proxy","mics_hh51_se",FALSE
"child_vitA","Proxy","mics_hc1a",FALSE
"child_vitA","Proxy","mics_hc1a_se",FALSE
"child_vitA","Proxy","mics_hc3_se",FALSE
"child_vitA","Proxy","mics_hc7b",FALSE
"child_vitA","Proxy","mics_hc7f_se",FALSE
"child_vitA","Proxy","mics_hc7h_se",FALSE
"child_vitA","Proxy","mics_hc7i",FALSE
"child_vitA","Proxy","mics_hc7l",FALSE
"child_vitA","Proxy","mics_hc9c_se",FALSE
"child_vitA","Proxy","mics_hc9f_se",FALSE
"child_vitA","Proxy","mics_hc9j_se",FALSE
"child_vitA","Proxy","mics_hc10e_se",FALSE
"child_vitA","Proxy","mics_hc12",FALSE
"child_vitA","Proxy","mics_hc12_se",FALSE
"child_vitA","Proxy","mics_hc16",FALSE
"child_vitA","Proxy","mics_hc18e_se",FALSE
"child_vitA","Proxy","mics_eu4_se",FALSE
"child_vitA","Proxy","mics_tn2_se",FALSE
"child_vitA","Proxy","mics_ir1_se",FALSE
"child_vitA","Proxy","mics_ws2",FALSE
"child_vitA","Proxy","mics_ws6",FALSE
"child_vitA","Proxy","mics_ws6_se",FALSE
"child_vitA","Proxy","mics_ws7_se",FALSE
"child_vitA","Proxy","mics_ws8",FALSE
"child_vitA","Proxy","mics_ws16",FALSE
"child_vitA","Proxy","mics_hw1",FALSE
"child_vitA","Proxy","mics_hw5_se",FALSE
"child_vitA","Proxy","mics_sa1",FALSE
"child_vitA","Proxy","mics_wq2_se",FALSE
"child_vitA","Proxy","mics_wq23h_se",FALSE
"child_vitA","Proxy","mics_wq23m",FALSE
"child_vitA","Proxy","mics_observe_hh_sample_collection_se",FALSE
"child_vitA","Proxy","mics_wq25h_se",FALSE
"child_vitA","Proxy","mics_wq25m_se",FALSE
"child_vitA","Proxy","mics_hhage",FALSE
"child_vitA","Proxy","mics_hhage_se",FALSE
"child_vitA","Proxy","mics_ethnicity_se",FALSE
"child_vitA","Proxy","mics_hh50a_se",FALSE
"child_vitA","Proxy","mics_wscore_se",FALSE
"child_vitA","Proxy","mics_wat_class_se",FALSE
"child_vitA","Proxy","mics_storage_se",FALSE
"child_vitA","Proxy","mics_ec_result_s_se",FALSE
"child_vitA","Proxy","mics_ec_risk_s_1_se",FALSE
"child_vitA","Proxy","mics_animals_se",FALSE
"child_vitA","Proxy","mics_hw7a_a",FALSE
"child_vitA","Proxy","mics_hw9a_a",FALSE
"child_vitA","Proxy","mics_se.ws10bbc_c",FALSE
"child_vitA","Proxy","mics_se.ws10bbd_d",FALSE
"child_vitA","Proxy","mics_se.ws10ccb_b",FALSE
"child_vitA","Proxy","mics_se.hw8a_a",FALSE
"child_vitA","Proxy","mics_se.hw9a_2",FALSE
"child_vitA","Proxy","ihme_50_54_years_15_females_people_living_with_hiv_counts",FALSE
"child_vitA","Proxy","ihme_15_59_years_199_both_hiv_prevalence_percent",FALSE
"child_vitA","Proxy","ihme_under_5_1_both_u5_diarrhea_prevalence_counts",FALSE
"child_vitA","Proxy","ihme_12_23_months_238_both_mcv1_coverage_percent",FALSE
"child_vitA","Proxy","lsms_hh_totalch",FALSE
"child_vitA","Proxy","lsms_hh_hscloth",FALSE
"child_vitA","Proxy","lsms_hh_hsutensil",FALSE
"child_vitA","Proxy","lsms_hh_hsrepairf",FALSE
"child_vitA","Proxy","lsms_hh_hsserv",FALSE
"child_vitA","Proxy","lsms_hh_hlmedi",FALSE
"child_vitA","Proxy","lsms_hh_vehicles",FALSE
"child_vitA","Proxy","lsms_hh_phone_9a",FALSE
"child_vitA","Proxy","lsms_hh_rcpetserv",FALSE
"child_vitA","Proxy","lsms_hh_rcnews",FALSE
"child_vitA","Proxy","lsms_hh_rcholid",FALSE
"child_vitA","Proxy","lsms_hh_missprot",FALSE
"child_vitA","Proxy","lsms_hh_misinsur",FALSE
"child_vitA","Proxy","lsms_hh_misother",FALSE
"child_vitA","Proxy","lsms_hh_pindex_nfd",FALSE
"child_vitA","Proxy","lsms_hh_incnf_gross",FALSE
"child_vitA","Proxy","lsms_hh_inc_other",FALSE
"child_vitA","Proxy","lsms_hh_aginc_net",FALSE
"child_vitA","Proxy","lsms_hh_se.fd_b",FALSE
"child_vitA","Proxy","lsms_hh_se.fdnonalc_b",FALSE
"child_vitA","Proxy","lsms_hh_se.owntype",FALSE
"child_vitA","Proxy","lsms_hh_se.elec",FALSE
"child_vitA","Proxy","lsms_hh_se.hsapplian",FALSE
"child_vitA","Proxy","lsms_hh_se.hosp",FALSE
"child_vitA","Proxy","lsms_hh_se.trfuel",FALSE
"child_vitA","Proxy","lsms_hh_se.trserve",FALSE
"child_vitA","Proxy","lsms_hh_se.comtel",FALSE
"child_vitA","Proxy","lsms_hh_se.phone_9a",FALSE
"child_vitA","Proxy","lsms_hh_se.rcnews",FALSE
"child_vitA","Proxy","lsms_hh_se.edtertiar",FALSE
"child_vitA","Proxy","lsms_hh_se.mispereff",FALSE
"child_vitA","Proxy","lsms_hh_se.missprot",FALSE
"child_vitA","Proxy","lsms_hh_se.misinsur",FALSE
"child_vitA","Proxy","lsms_hh_se.misfinan",FALSE
"child_vitA","Proxy","lsms_hh_se.totfdal",FALSE
"child_vitA","Proxy","lsms_hh_se.pindex_nfd",FALSE
"child_vitA","Proxy","lsms_hh_se.pindex_fd",FALSE
"child_vitA","Proxy","lsms_hh_se.pindex",FALSE
"child_vitA","Proxy","lsms_hh_se.wage_hid",FALSE
"child_vitA","Proxy","lsms_hh_se.rent_inc",FALSE
"child_vitA","Proxy","lsms_hh_se.wta_s_hhsize",FALSE
"child_vitA","Proxy","lsms_hh_se.fd_p_veg",FALSE
"child_vitA","Proxy","lsms_hh_se.fd_p_puls",FALSE
"child_vitA","Proxy","MAP_202206_Pf_Incidence_Count",FALSE
"child_vitA","Proxy","MAP_202106_Insecticide_Treated_Net_Access",FALSE
"child_vitA","Proxy","MAP_202202_Pf_Reproductive_Number",FALSE
"child_vitA","Proxy","nearest_market_id",FALSE
"child_vitA","Proxy","wfp_cassava",FALSE
"child_vitA","Proxy","wfp_cowpeas",FALSE
"child_vitA","Proxy","wfp_eggs",FALSE
"child_vitA","Proxy","wfp_maize_yellow",FALSE
"child_vitA","Proxy","wfp_plantains_apentu",FALSE
"child_vitA","Proxy","wfp_rice_imported",FALSE
"child_vitA","Proxy","wfp_tomatoes_local",FALSE
"child_vitA","Proxy","wfp_rice_paddy",FALSE
"child_vitA","Proxy","gee_trmm_mean_10km",FALSE
"child_vitA","Proxy","gee_ndvi_mean_25km",FALSE
"child_vitA","Proxy","missing_dhs2014_SX_AAFS_M_M2A",FALSE
"child_vitA","Proxy","missing_wfp_rice_paddy",FALSE
"women_vitA","Survey","Admin1",TRUE
"women_vitA","Survey","gw_hhln2",TRUE
"women_vitA","Survey","gw_cnum",TRUE
"women_vitA","Survey","gw_Region.x",TRUE
"women_vitA","Survey","gw_Strata",TRUE
"women_vitA","Survey","gw_Number_of_households_LISTED_in__",TRUE
"women_vitA","Survey","gw_Number_of_Women_Biological_Forms",TRUE
"women_vitA","Survey","gw_Number_of_Child_Biological_forms",TRUE
"women_vitA","Survey","gw_Actual_probablity_of_section_usi",TRUE
"women_vitA","Survey","gw_Corrected_probability_of_selecti",TRUE
"women_vitA","Survey","gw_PSU_weight",TRUE
"women_vitA","Survey","gw_Number_of_households_selected",TRUE
"women_vitA","Survey","gw_Check_1",TRUE
"women_vitA","Survey","gw_PSUStrat_weight",TRUE
"women_vitA","Survey","gw_cttp",FALSE
"women_vitA","Survey","gw_region",TRUE
"women_vitA","Survey","gw_strata",TRUE
"women_vitA","Survey","gw_headlanguage",FALSE
"women_vitA","Survey","gw_hHandwashingH2OYN",FALSE
"women_vitA","Survey","gw_hAnySoap",FALSE
"women_vitA","Survey","gw_momID",TRUE
"women_vitA","Survey","gw_wAgeYears",FALSE
"women_vitA","Survey","gw_wAgeYearsCat",FALSE
"women_vitA","Survey","gw_wAgeYearsCatPreg",FALSE
"women_vitA","Survey","gw_wRead",FALSE
"women_vitA","Survey","gw_wJobtemp",FALSE
"women_vitA","Survey","gw_wJob",FALSE
"women_vitA","Survey","gw_wFoodGrp2",FALSE
"women_vitA","Survey","gw_wFoodGrp3",FALSE
"women_vitA","Survey","gw_wFoodGrp8",FALSE
"women_vitA","Survey","gw_wFoodGrp9",FALSE
"women_vitA","Survey","gw_wFoodGrpScore",FALSE
"women_vitA","Survey","gw_wFoodGrp5plus",FALSE
"women_vitA","Survey","gw_wSuppIron",FALSE
"women_vitA","Survey","gw_wSupplastPregFeFA",FALSE
"women_vitA","Survey","gw_wBMI",FALSE
"women_vitA","Survey","gw_wBMICat",FALSE
"women_vitA","Survey","gw_wOverweight",FALSE
"women_vitA","Survey","gw_wOWObese",FALSE
"women_vitA","Survey","gw_wOWObeseCat",FALSE
"women_vitA","Survey","gw_wUnderweight",FALSE
"women_vitA","Survey","gw_cSex",FALSE
"women_vitA","Survey","gw_cAlphaThalYN",TRUE
"women_vitA","Survey","gw_haz06",FALSE
"women_vitA","Survey","gw_sWeight",TRUE
"women_vitA","Survey","gw_cSex01",FALSE
"women_vitA","Survey","gw_cAlphaThal01",TRUE
"women_vitA","Survey","gw_in1",TRUE
"women_vitA","Survey","gw_b_hhln2",TRUE
"women_vitA","Survey","gw_whe",FALSE
"women_vitA","Survey","gw_wrd",FALSE
"women_vitA","Survey","gw_wms",FALSE
"women_vitA","Survey","gw_wd_wnp",FALSE
"women_vitA","Survey","gw_wd_wsi",FALSE
"women_vitA","Survey","gw_wfdg_fg3",FALSE
"women_vitA","Survey","gw_wfdg_fg13",FALSE
"women_vitA","Survey","gw_wfdg_fg16",FALSE
"women_vitA","Survey","gw_wfdg_fg19",FALSE
"women_vitA","Survey","gw_wht",FALSE
"women_vitA","Survey","gw_wNumPreg",FALSE
"women_vitA","Survey","gw_wWeightKg",FALSE
"women_vitA","Survey","gw_Region.y",TRUE
"women_vitA","Survey","missing_gw_cbacwr",FALSE
"women_vitA","Survey","missing_gw_cbbcbs",FALSE
"women_vitA","Survey","missing_gw_cbbccb",FALSE
"women_vitA","Survey","missing_gw_hHandwashingH2OYN",FALSE
"women_vitA","Survey","missing_gw_wRead",FALSE
"women_vitA","Survey","missing_gw_wSupplastPregFeFA",FALSE
"women_vitA","Survey","missing_gw_VAS_m2",TRUE
"women_vitA","Survey","missing_gw_wjh",FALSE
"women_vitA","Survey","missing_gw_wd_wcb",FALSE
"women_vitA","All","Admin1",TRUE
"women_vitA","All","gw_hhln2",TRUE
"women_vitA","All","gw_Region.x",TRUE
"women_vitA","All","gw_Strata",TRUE
"women_vitA","All","gw_Number_of_households_LISTED_in__",TRUE
"women_vitA","All","gw_Number_of_Women_Biological_Forms",TRUE
"women_vitA","All","gw_Number_of_Child_Biological_forms",TRUE
"women_vitA","All","gw_Actual_probablity_of_section_usi",TRUE
"women_vitA","All","gw_Corrected_probability_of_selecti",TRUE
"women_vitA","All","gw_PSU_weight",TRUE
"women_vitA","All","gw_Check_1",TRUE
"women_vitA","All","gw_PSUStrat_weight",TRUE
"women_vitA","All","gw_cttp",FALSE
"women_vitA","All","gw_region",TRUE
"women_vitA","All","gw_strata",TRUE
"women_vitA","All","gw_headlanguage",FALSE
"women_vitA","All","gw_hHandwashingH2OYN",FALSE
"women_vitA","All","gw_hAnySoap",FALSE
"women_vitA","All","gw_momID",TRUE
"women_vitA","All","gw_wAgeYears",FALSE
"women_vitA","All","gw_wAgeYearsCat",FALSE
"women_vitA","All","gw_wAgeYearsCatPreg",FALSE
"women_vitA","All","gw_wRead",FALSE
"women_vitA","All","gw_wJobtemp",FALSE
"women_vitA","All","gw_wJob",FALSE
"women_vitA","All","gw_wFoodGrp2",FALSE
"women_vitA","All","gw_wFoodGrp3",FALSE
"women_vitA","All","gw_wFoodGrp8",FALSE
"women_vitA","All","gw_wFoodGrp9",FALSE
"women_vitA","All","gw_wFoodGrpScore",FALSE
"women_vitA","All","gw_wFoodGrp5plus",FALSE
"women_vitA","All","gw_wSuppIron",FALSE
"women_vitA","All","gw_wSupplastPregFeFA",FALSE
"women_vitA","All","gw_wBMI",FALSE
"women_vitA","All","gw_wBMICat",FALSE
"women_vitA","All","gw_wOverweight",FALSE
"women_vitA","All","gw_wOWObese",FALSE
"women_vitA","All","gw_wOWObeseCat",FALSE
"women_vitA","All","gw_wUnderweight",FALSE
"women_vitA","All","gw_cSex",FALSE
"women_vitA","All","gw_cAlphaThalYN",TRUE
"women_vitA","All","gw_haz06",FALSE
"women_vitA","All","gw_cSex01",FALSE
"women_vitA","All","gw_cAlphaThal01",TRUE
"women_vitA","All","gw_in1",TRUE
"women_vitA","All","gw_b_hhln2",TRUE
"women_vitA","All","gw_whe",FALSE
"women_vitA","All","gw_wrd",FALSE
"women_vitA","All","gw_wms",FALSE
"women_vitA","All","gw_wd_wnp",FALSE
"women_vitA","All","gw_wd_wsi",FALSE
"women_vitA","All","gw_wfdg_fg3",FALSE
"women_vitA","All","gw_wfdg_fg13",FALSE
"women_vitA","All","gw_wfdg_fg16",FALSE
"women_vitA","All","gw_wfdg_fg19",FALSE
"women_vitA","All","gw_wht",FALSE
"women_vitA","All","gw_wNumPreg",FALSE
"women_vitA","All","gw_wWeightKg",FALSE
"women_vitA","All","gw_Region.y",TRUE
"women_vitA","All","dhs2014_FE_FRTR_W_A10",FALSE
"women_vitA","All","dhs2014_FE_BINT_C_I07",FALSE
"women_vitA","All","dhs2014_FE_BINT_C_MED",FALSE
"women_vitA","All","dhs2014_FP_CUSA_W_FOM",FALSE
"women_vitA","All","dhs2014_FP_CUSM_W_FST",FALSE
"women_vitA","All","dhs2014_FP_CUSU_W_PIL",FALSE
"women_vitA","All","dhs2014_FP_CUSU_W_WTH",FALSE
"women_vitA","All","dhs2014_FP_CUSU_W_OTR",FALSE
"women_vitA","All","dhs2014_FP_NADM_W_UNT",FALSE
"women_vitA","All","dhs2014_FP_NADM_W_TDS",FALSE
"women_vitA","All","dhs2014_FP_NADM_W_TDU",FALSE
"women_vitA","All","dhs2014_FP_NADA_W_UNS",FALSE
"women_vitA","All","dhs2014_FP_NADA_W_MNL",FALSE
"women_vitA","All","dhs2014_FP_NADA_W_UMS",FALSE
"women_vitA","All","dhs2014_FP_NADU_W_UNT",FALSE
"women_vitA","All","dhs2014_FP_NADU_W_MNL",FALSE
"women_vitA","All","dhs2014_FP_NDYM_W_PDS",FALSE
"women_vitA","All","dhs2014_FP_NDYM_W_TDU",FALSE
"women_vitA","All","dhs2014_FP_NDYA_W_TDL",FALSE
"women_vitA","All","dhs2014_FP_NDYA_W_UMT",FALSE
"women_vitA","All","dhs2014_FP_NDYU_W_UMS",FALSE
"women_vitA","All","dhs2014_FP_NDYU_W_UML",FALSE
"women_vitA","All","dhs2014_FP_NFPP_W_NFP",FALSE
"women_vitA","All","dhs2014_FP_DMKF_W_UHS",FALSE
"women_vitA","All","dhs2014_MA_MSTY_W_NMA",FALSE
"women_vitA","All","dhs2014_MA_CWIV_W_DKM",FALSE
"women_vitA","All","dhs2014_MA_MBAY_M_B18",FALSE
"women_vitA","All","dhs2014_MA_MBAY_M_NMA",FALSE
"women_vitA","All","dhs2014_MA_AAFM_W_M40",FALSE
"women_vitA","All","dhs2014_MA_AAFM_M_M40",FALSE
"women_vitA","All","dhs2014_MA_AAFM_M_M55",FALSE
"women_vitA","All","dhs2014_SX_AAFS_W_M45",FALSE
"women_vitA","All","dhs2014_SX_AAFS_M_M25",FALSE
"women_vitA","All","dhs2014_SX_AAFS_M_M45",FALSE
"women_vitA","All","dhs2014_SX_AAFS_M_M50",FALSE
"women_vitA","All","dhs2014_SX_AAFS_M_M55",FALSE
"women_vitA","All","dhs2014_SX_AAFS_M_M2B",FALSE
"women_vitA","All","dhs2014_SX_LSEX_W_4WK",FALSE
"women_vitA","All","dhs2014_SX_LSEX_W_1YR",FALSE
"women_vitA","All","dhs2014_SX_LSEX_W_NSX",FALSE
"women_vitA","All","dhs2014_SX_LSEX_M_MIS",FALSE
"women_vitA","All","dhs2014_CM_ECMR_C_NNE",FALSE
"women_vitA","All","dhs2014_CM_ECMR_C_NNU",FALSE
"women_vitA","All","dhs2014_CM_ECMR_C_PNE",FALSE
"women_vitA","All","dhs2014_CM_ECMR_C_PNU",FALSE
"women_vitA","All","dhs2014_CM_ECMR_C_IME",FALSE
"women_vitA","All","dhs2014_CM_ECMR_C_IMX",FALSE
"women_vitA","All","dhs2014_CM_ECMR_C_CMX",FALSE
"women_vitA","All","dhs2014_CM_PNMR_C_SBR",FALSE
"women_vitA","All","dhs2014_RH_ANCP_W_NRS",FALSE
"women_vitA","All","dhs2014_RH_ANCN_W_N47",FALSE
"women_vitA","All","dhs2014_RH_ANCN_W_DKM",FALSE
"women_vitA","All","dhs2014_RH_ANCT_W_T8P",FALSE
"women_vitA","All","dhs2014_RH_ICSP_W_L60",FALSE
"women_vitA","All","dhs2014_RH_ICSP_W_M18",FALSE
"women_vitA","All","dhs2014_RH_ANCS_W_SGN.1",FALSE
"women_vitA","All","dhs2014_RH_TTIJ_W_DKM",FALSE
"women_vitA","All","dhs2014_RH_PCMP_W_CHW",FALSE
"women_vitA","All","dhs2014_RH_PCCT_C_DKM",FALSE
"women_vitA","All","dhs2014_RH_PCCP_C_DOC",FALSE
"women_vitA","All","dhs2014_RH_MIMH_M_ANM",FALSE
"women_vitA","All","dhs2014_RH_MIMH_M_PDA",FALSE
"women_vitA","All","dhs2014_CH_SZWT_C_SML",FALSE
"women_vitA","All","dhs2014_CH_SZWT_C_AVG",FALSE
"women_vitA","All","dhs2014_CH_FEVT_C_ADV",FALSE
"women_vitA","All","dhs2014_CH_DIAT_C_ADV",FALSE
"women_vitA","All","dhs2014_CH_DIAT_C_ORS",FALSE
"women_vitA","All","dhs2014_CH_DIAT_C_OZC",FALSE
"women_vitA","All","dhs2014_CH_DIAT_C_AMO",FALSE
"women_vitA","All","dhs2014_CH_DIAT_C_HOM",FALSE
"women_vitA","All","dhs2014_CH_DIAT_C_NOT",FALSE
"women_vitA","All","dhs2014_CH_DIFP_C_FMR",FALSE
"women_vitA","All","dhs2014_CH_DIFP_C_FML",FALSE
"women_vitA","All","dhs2014_CH_DIFP_C_FAL.1",FALSE
"women_vitA","All","dhs2014_CH_DIFP_C_NUM",FALSE
"women_vitA","All","dhs2014_CN_NUTS_C_WH2",FALSE
"women_vitA","All","dhs2014_CN_NUTS_C_WAP",FALSE
"women_vitA","All","dhs2014_CN_BRFI_C_EVR",FALSE
"women_vitA","All","dhs2014_CN_BRFI_C_1HR",FALSE
"women_vitA","All","dhs2014_CN_BRFI_C_1DY",FALSE
"women_vitA","All","dhs2014_CN_BFDR_C_MDE",FALSE
"women_vitA","All","dhs2014_CN_IYCF_C_MNB",FALSE
"women_vitA","All","dhs2014_CN_MIAC_C_IRF",FALSE
"women_vitA","All","dhs2014_AN_NUTS_M_TH1",FALSE
"women_vitA","All","dhs2014_AN_MIAM_W_DKM",FALSE
"women_vitA","All","dhs2014_ML_ITNU_N_UNW",FALSE
"women_vitA","All","dhs2014_ML_IPTP_W_2SA",FALSE
"women_vitA","All","dhs2014_ML_IPTP_W_3SA",FALSE
"women_vitA","All","dhs2014_ML_FEVT_C_ADV",FALSE
"women_vitA","All","dhs2014_ML_FEVT_C_ACT",FALSE
"women_vitA","All","dhs2014_ML_AMLD_C_ACT",FALSE
"women_vitA","All","dhs2014_HA_KHVP_M_SX1",FALSE
"women_vitA","All","dhs2014_HA_CKNA_M_CKA",FALSE
"women_vitA","All","dhs2014_HA_KMTC_W_PRG",FALSE
"women_vitA","All","dhs2014_HA_KMTC_W_PDB",FALSE
"women_vitA","All","dhs2014_HA_KMTC_M_PRG",FALSE
"women_vitA","All","dhs2014_HA_AATT_W_CRE",FALSE
"women_vitA","All","dhs2014_HA_AATT_W_FTC",FALSE
"women_vitA","All","dhs2014_HA_AATT_W_SEC",FALSE
"women_vitA","All","dhs2014_HA_AATT_W_UNW",FALSE
"women_vitA","All","dhs2014_HA_ANSS_M_RSX",FALSE
"women_vitA","All","dhs2014_HA_ASEC_M_AGR",FALSE
"women_vitA","All","dhs2014_HA_HRSX_W_CND",FALSE
"women_vitA","All","dhs2014_HA_MSXP_W_UN3",FALSE
"women_vitA","All","dhs2014_HA_PYSX_M_UN1",FALSE
"women_vitA","All","dhs2014_HA_CPHT_M_T1R",FALSE
"women_vitA","All","dhs2014_HA_MCRC_M_OTH",FALSE
"women_vitA","All","dhs2014_HA_STIS_W_STI",FALSE
"women_vitA","All","dhs2014_HA_STIS_W_SOR",FALSE
"women_vitA","All","dhs2014_HA_STIS_M_STI",FALSE
"women_vitA","All","dhs2014_HA_STIS_M_UNW",FALSE
"women_vitA","All","dhs2014_HA_MINJ_W_NEW",FALSE
"women_vitA","All","dhs2014_HA_CHVT_W_DBN",FALSE
"women_vitA","All","dhs2014_HA_CHVT_W_ABN",FALSE
"women_vitA","All","dhs2014_HA_CHVT_M_ABN",FALSE
"women_vitA","All","dhs2014_HA_CHVT_M_OTI",FALSE
"women_vitA","All","dhs2014_HA_CHVT_B_DBN",FALSE
"women_vitA","All","dhs2014_HA_CHVT_B_ABI",FALSE
"women_vitA","All","dhs2014_HA_HIVP_M_HVE",FALSE
"women_vitA","All","dhs2014_HA_HPMC_M_UN1",FALSE
"women_vitA","All","dhs2014_HA_HPAC_B_CNP",FALSE
"women_vitA","All","dhs2014_HA_HPAC_B_CNN",FALSE
"women_vitA","All","dhs2014_WE_OWNA_W_HDK",FALSE
"women_vitA","All","dhs2014_WE_OWNA_W_LAL",FALSE
"women_vitA","All","dhs2014_WE_OWNA_W_LAJ",FALSE
"women_vitA","All","dhs2014_WE_ANSR_W_CSN",FALSE
"women_vitA","All","dhs2014_CP_BREG_C_NCT",FALSE
"women_vitA","All","dhs2014_ED_SCHA_C_SCA",FALSE
"women_vitA","All","dhs2014_ED_EDAT_W_SPR",FALSE
"women_vitA","All","dhs2014_ED_EDAT_W_PRI",FALSE
"women_vitA","All","dhs2014_ED_NARP_M_MAL",FALSE
"women_vitA","All","dhs2014_ED_NARP_B_GPI",FALSE
"women_vitA","All","dhs2014_ED_NARS_B_GPI",FALSE
"women_vitA","All","dhs2014_ED_GARS_M_MAL",FALSE
"women_vitA","All","dhs2014_ED_LITR_M_RDP",FALSE
"women_vitA","All","dhs2014_ED_LITR_M_NCD",FALSE
"women_vitA","All","dhs2014_ED_LITY_W_RDW",FALSE
"women_vitA","All","dhs2014_ED_LITY_M_RDP",FALSE
"women_vitA","All","dhs2014_ED_LITY_M_UNW",FALSE
"women_vitA","All","dhs2014_EM_WERN_W_HUS",FALSE
"women_vitA","All","dhs2014_EM_RERN_W_SAM",FALSE
"women_vitA","All","dhs2014_EM_MERN_W_WIF",FALSE
"women_vitA","All","dhs2014_EM_MERN_M_HUS",FALSE
"women_vitA","All","dhs2014_WS_SRCE_P_PYD",FALSE
"women_vitA","All","dhs2014_WS_SRCE_P_PSG",FALSE
"women_vitA","All","dhs2014_WS_TIME_H_DKM",FALSE
"women_vitA","All","dhs2014_WS_TIME_P_L30",FALSE
"women_vitA","All","dhs2014_WS_WTRT_P_BLC",FALSE
"women_vitA","All","dhs2014_WS_WTRT_P_OTH",FALSE
"women_vitA","All","dhs2014_WS_WTRT_P_NTR",FALSE
"women_vitA","All","dhs2014_WS_TLET_H_VIP",FALSE
"women_vitA","All","dhs2014_WS_TLET_P_NPT",FALSE
"women_vitA","All","dhs2014_WS_HNDW_H_OBS",FALSE
"women_vitA","All","dhs2014_WS_HNDW_H_BAS",FALSE
"women_vitA","All","dhs2014_WS_HNDW_P_CLN",FALSE
"women_vitA","All","dhs2014_WS_HNDW_P_LTD",FALSE
"women_vitA","All","dhs2014_HC_RMSL_H_2RM",FALSE
"women_vitA","All","dhs2014_HC_RMSL_P_2RM",FALSE
"women_vitA","All","dhs2014_HC_RMSL_P_DKM",FALSE
"women_vitA","All","dhs2014_HC_CKPL_H_HSE",FALSE
"women_vitA","All","dhs2014_HC_CKPL_H_SEP",FALSE
"women_vitA","All","dhs2014_HC_CKFL_H_COL",FALSE
"women_vitA","All","dhs2014_HC_SMKH_H_LES",FALSE
"women_vitA","All","dhs2014_HC_PPRM_H_7PP",FALSE
"women_vitA","All","dhs2014_HC_PPRM_H_MNP",FALSE
"women_vitA","All","dhs2014_HC_TRNS_H_BTM",FALSE
"women_vitA","All","dhs2014_HC_AGEG_P_259",FALSE
"women_vitA","All","dhs2014_HC_AGEG_P_459",FALSE
"women_vitA","All","dhs2014_HC_AGEG_P_504",FALSE
"women_vitA","All","dhs2014_HC_AGEG_P_SNR",FALSE
"women_vitA","All","dhs2014_HC_LVAR_C_FMA",FALSE
"women_vitA","All","dhs2014_HC_LVAR_C_NFA",FALSE
"women_vitA","All","dhs2014_HC_LVAY_C_FMA",FALSE
"women_vitA","All","dhs2014_HC_LVAY_C_NFA",FALSE
"women_vitA","All","dhs2014_SV_RESI_W_INC",FALSE
"women_vitA","All","dhs2014_SV_RESI_M_NAH",FALSE
"women_vitA","All","dhs2014_SV_HRSM_H_VAC",FALSE
"women_vitA","All","dhs2014_SV_INTV_W_MNI",FALSE
"women_vitA","All","dhs2014_SV_INTV_M_MNI",FALSE
"women_vitA","All","dhs2016_DHSREGFR",FALSE
"women_vitA","All","dhs2016_DHSREGSP",FALSE
"women_vitA","All","dhs2016_RH_ANCP_W_NRS",FALSE
"women_vitA","All","dhs2016_CH_FEVT_C_AT1",FALSE
"women_vitA","All","dhs2016_CH_FEVT_C_ADV",FALSE
"women_vitA","All","dhs2016_CH_FEVT_C_ABI",FALSE
"women_vitA","All","dhs2016_CN_ANMC_C_SEV",FALSE
"women_vitA","All","dhs2016_ML_NSRC_N_MDC",FALSE
"women_vitA","All","dhs2016_ML_NSRC_N_ANC",FALSE
"women_vitA","All","dhs2016_ML_IPTP_W_3SA",FALSE
"women_vitA","All","dhs2016_ML_FEVT_C_ADV",FALSE
"women_vitA","All","dhs2016_ML_FEVT_C_ADS",FALSE
"women_vitA","All","dhs2016_ML_FEVT_C_ACS",FALSE
"women_vitA","All","dhs2016_ML_AMLD_C_QNN",FALSE
"women_vitA","All","dhs2016_ML_AMLD_C_NUM",FALSE
"women_vitA","All","dhs2016_ED_EDUC_W_CPR",FALSE
"women_vitA","All","dhs2016_ED_EDUC_W_PRI",FALSE
"women_vitA","All","dhs2016_ED_LITR_W_BLD",FALSE
"women_vitA","All","dhs2016_WS_SRCE_P_TAP",FALSE
"women_vitA","All","dhs2016_WS_SRCE_P_TNK",FALSE
"women_vitA","All","dhs2016_WS_SRCE_P_UWL",FALSE
"women_vitA","All","dhs2016_WS_SRCE_P_BAS",FALSE
"women_vitA","All","dhs2016_WS_SRCE_P_LTD",FALSE
"women_vitA","All","dhs2016_WS_TLET_H_VIP",FALSE
"women_vitA","All","dhs2016_WS_TLET_H_NIM",FALSE
"women_vitA","All","dhs2016_HC_FLRM_H_CPT",FALSE
"women_vitA","All","dhs2016_HC_FLRM_P_PQT",FALSE
"women_vitA","All","dhs2016_HC_CKFL_H_AGR",FALSE
"women_vitA","All","dhs2016_HC_CKFL_H_NFD",FALSE
"women_vitA","All","dhs2016_HC_PPRM_H_12P",FALSE
"women_vitA","All","dhs2016_HC_PPRM_H_34P",FALSE
"women_vitA","All","dhs2016_HC_PPRM_H_7PP",FALSE
"women_vitA","All","dhs2016_HC_HEFF_H_MPH",FALSE
"women_vitA","All","dhs2016_HC_HEFF_H_NPH",FALSE
"women_vitA","All","dhs2016_HC_AGEG_P_304",FALSE
"women_vitA","All","dhs2016_HC_AGEG_P_359",FALSE
"women_vitA","All","dhs2016_HC_AGEG_P_659",FALSE
"women_vitA","All","dhs2016_HC_AGEG_P_704",FALSE
"women_vitA","All","dhs2016_HC_AGEG_P_UNW",FALSE
"women_vitA","All","dhs2016_HC_OLDR_H_W65",FALSE
"women_vitA","All","dhs2016_HC_OLDR_P_NNC",FALSE
"women_vitA","All","dhs2016_HC_MEMB_H_3MM",FALSE
"women_vitA","All","dhs2016_HC_MEMB_H_4MM",FALSE
"women_vitA","All","dhs2016_HC_MEMB_H_5MM",FALSE
"women_vitA","All","dhs2016_SV_RESI_W_INC",FALSE
"women_vitA","All","dhs2016_SV_INTV_W_MED",FALSE
"women_vitA","All","dhs2017_DHSREGFR",FALSE
"women_vitA","All","dhs2017_DHSREGSP",FALSE
"women_vitA","All","dhs2017_FE_FRTR_W_A40",FALSE
"women_vitA","All","dhs2017_FE_BORD_C_BO3",FALSE
"women_vitA","All","dhs2017_RH_ANCP_W_NRS",FALSE
"women_vitA","All","dhs2017_RH_ANCN_W_N23",FALSE
"women_vitA","All","dhs2017_RH_ANCN_W_N4P",FALSE
"women_vitA","All","dhs2017_RH_ANCT_W_TL4",FALSE
"women_vitA","All","dhs2017_RH_ANCT_W_T45",FALSE
"women_vitA","All","dhs2017_RH_ANCT_W_T67",FALSE
"women_vitA","All","dhs2017_RH_ANCT_W_T8P",FALSE
"women_vitA","All","dhs2017_CH_FEVT_C_ADV",FALSE
"women_vitA","All","dhs2017_CN_ANMC_C_MLD",FALSE
"women_vitA","All","dhs2017_ML_NSRC_N_MDC",FALSE
"women_vitA","All","dhs2017_ML_NSRC_N_SHP",FALSE
"women_vitA","All","dhs2017_ML_NSRC_N_REL",FALSE
"women_vitA","All","dhs2017_ML_NETC_C_NM1",FALSE
"women_vitA","All","dhs2017_ML_FEVT_C_ADV",FALSE
"women_vitA","All","dhs2017_ML_FEVT_C_BLD",FALSE
"women_vitA","All","dhs2017_ML_FEVT_C_AMS",FALSE
"women_vitA","All","dhs2017_ML_FEVT_C_NUM",FALSE
"women_vitA","All","dhs2017_ML_AMLD_C_QNN",FALSE
"women_vitA","All","dhs2017_ML_AMLD_C_CHL",FALSE
"women_vitA","All","dhs2017_ML_AMLD_C_ART",FALSE
"women_vitA","All","dhs2017_ML_PMAL_C_MSY",FALSE
"women_vitA","All","dhs2017_ML_PMAL_C_MSE",FALSE
"women_vitA","All","dhs2017_AH_HINS_W_EBI",FALSE
"women_vitA","All","dhs2017_AH_HINS_W_MUT",FALSE
"women_vitA","All","dhs2017_AH_HINS_W_NON",FALSE
"women_vitA","All","dhs2017_ED_LITY_W_UNW",FALSE
"women_vitA","All","dhs2017_WS_SRCE_H_PNB",FALSE
"women_vitA","All","dhs2017_WS_SRCE_H_PWL",FALSE
"women_vitA","All","dhs2017_WS_SRCE_H_PSG",FALSE
"women_vitA","All","dhs2017_WS_SRCE_P_TAP",FALSE
"women_vitA","All","dhs2017_WS_SRCE_P_PSG",FALSE
"women_vitA","All","dhs2017_WS_SRCE_P_TNK",FALSE
"women_vitA","All","dhs2017_WS_TIME_H_ONP",FALSE
"women_vitA","All","dhs2017_WS_TIME_H_L30",FALSE
"women_vitA","All","dhs2017_WS_TLET_H_BAS",FALSE
"women_vitA","All","dhs2017_WS_TLET_P_NPT",FALSE
"women_vitA","All","dhs2017_HC_FLRM_H_FIN",FALSE
"women_vitA","All","dhs2017_HC_CKFL_H_NFD",FALSE
"women_vitA","All","dhs2017_HC_PPRM_H_12P",FALSE
"women_vitA","All","dhs2017_HC_PPRM_H_34P",FALSE
"women_vitA","All","dhs2017_HC_PPRM_H_56P",FALSE
"women_vitA","All","dhs2017_HC_PPRM_H_MNP",FALSE
"women_vitA","All","dhs2017_HC_WIXQ_P_2ND",FALSE
"women_vitA","All","dhs2017_HC_WIXQ_P_GNI",FALSE
"women_vitA","All","dhs2017_HC_AGEG_P_159",FALSE
"women_vitA","All","dhs2017_HC_AGEG_P_504",FALSE
"women_vitA","All","dhs2017_HC_AGEG_P_604",FALSE
"women_vitA","All","dhs2017_HC_AGEG_P_704",FALSE
"women_vitA","All","dhs2017_HC_AGEG_P_SNR",FALSE
"women_vitA","All","dhs2017_HC_AGEG_P_DK2",FALSE
"women_vitA","All","dhs2017_HC_OLDR_H_O65",FALSE
"women_vitA","All","dhs2017_HC_OLDR_P_NNC",FALSE
"women_vitA","All","dhs2017_HC_MEMB_H_5MM",FALSE
"women_vitA","All","dhs2017_SV_HRES_H_INT",FALSE
"women_vitA","All","dhs2017_SV_HRES_H_ABS",FALSE
"women_vitA","All","dhs2017_SV_INTV_W_MNI",FALSE
"women_vitA","All","mics_hh_num_se",FALSE
"women_vitA","All","mics_hh4",FALSE
"women_vitA","All","mics_hh26c_se",FALSE
"women_vitA","All","mics_hc1a",FALSE
"women_vitA","All","mics_hc1a_se",FALSE
"women_vitA","All","mics_hc1b_se",FALSE
"women_vitA","All","mics_hc5_se",FALSE
"women_vitA","All","mics_hc7b_se",FALSE
"women_vitA","All","mics_hc7g_se",FALSE
"women_vitA","All","mics_hc7h_se",FALSE
"women_vitA","All","mics_hc7k_se",FALSE
"women_vitA","All","mics_hc7l",FALSE
"women_vitA","All","mics_hc9b_se",FALSE
"women_vitA","All","mics_hc9f_se",FALSE
"women_vitA","All","mics_hc9j_se",FALSE
"women_vitA","All","mics_hc10e_se",FALSE
"women_vitA","All","mics_hc14_se",FALSE
"women_vitA","All","mics_hc15_se",FALSE
"women_vitA","All","mics_hc16",FALSE
"women_vitA","All","mics_hc18e_se",FALSE
"women_vitA","All","mics_hc18f",FALSE
"women_vitA","All","mics_eu1_se",FALSE
"women_vitA","All","mics_eu8",FALSE
"women_vitA","All","mics_tn2_se",FALSE
"women_vitA","All","mics_ir1_se",FALSE
"women_vitA","All","mics_ws5_se",FALSE
"women_vitA","All","mics_ws6",FALSE
"women_vitA","All","mics_ws6_se",FALSE
"women_vitA","All","mics_ws7",FALSE
"women_vitA","All","mics_ws7_se",FALSE
"women_vitA","All","mics_ws8a",FALSE
"women_vitA","All","mics_ws8a_se",FALSE
"women_vitA","All","mics_ws16",FALSE
"women_vitA","All","mics_hw1",FALSE
"women_vitA","All","mics_hw6",FALSE
"women_vitA","All","mics_sa1",FALSE
"women_vitA","All","mics_sa2",FALSE
"women_vitA","All","mics_sa2_se",FALSE
"women_vitA","All","mics_wq2_se",FALSE
"women_vitA","All","mics_measurer_id",FALSE
"women_vitA","All","mics_wq23h_se",FALSE
"women_vitA","All","mics_wq23m",FALSE
"women_vitA","All","mics_observe_hh_sample_collection_se",FALSE
"women_vitA","All","mics_source_hh_sample_se",FALSE
"women_vitA","All","mics_wq25h",FALSE
"women_vitA","All","mics_wq25h_se",FALSE
"women_vitA","All","mics_wq25m_se",FALSE
"women_vitA","All","mics_hhage_se",FALSE
"women_vitA","All","mics_ethnicity_se",FALSE
"women_vitA","All","mics_windex5u_se",FALSE
"women_vitA","All","mics_ec_result_h100",FALSE
"women_vitA","All","mics_ec_result_s100",FALSE
"women_vitA","All","mics_hw7a_a",FALSE
"women_vitA","All","mics_hw8a_a",FALSE
"women_vitA","All","mics_se.ws10bbd_d",FALSE
"women_vitA","All","mics_se.ws10cca_a",FALSE
"women_vitA","All","ihme_15_49_years_24_males_male_circumcision_prevalence_percent",FALSE
"women_vitA","All","ihme_15_59_years_199_both_hiv_prevalence_percent",FALSE
"women_vitA","All","ihme_5_to_14_years_5_to_14_both_deaths_rate",FALSE
"women_vitA","All","ihme_0_to_99_years_all_ages_both_malaria_incidence_rate",FALSE
"women_vitA","All","ihme_all_ages_22_both_lf_prevalence_rate",FALSE
"women_vitA","All","ihme_6_months_390_both_ebf_prevalence_percent",FALSE
"women_vitA","All","ihme_15_49_years_24_females_severe_anemia_percent",FALSE
"women_vitA","All","ihme_15_49_years_24_females_all_anemia_percent",FALSE
"women_vitA","All","ihme_all_ages_22_both_onchocerciasis_prevalence_rate",FALSE
"women_vitA","All","lsms_hh_hsutensil",FALSE
"women_vitA","All","lsms_hh_hlmedi",FALSE
"women_vitA","All","lsms_hh_tothlth",FALSE
"women_vitA","All","lsms_hh_vehicles",FALSE
"women_vitA","All","lsms_hh_rcpetserv",FALSE
"women_vitA","All","lsms_hh_pindex_nfd",FALSE
"women_vitA","All","lsms_hh_remit_inc",FALSE
"women_vitA","All","lsms_hh_aginc_net",FALSE
"women_vitA","All","lsms_hh_fd_p_star",FALSE
"women_vitA","All","lsms_hh_se.fd_b",FALSE
"women_vitA","All","lsms_hh_se.fdalc_b",FALSE
"women_vitA","All","lsms_hh_se.totclth",FALSE
"women_vitA","All","lsms_hh_se.elec",FALSE
"women_vitA","All","lsms_hh_se.hsapplian",FALSE
"women_vitA","All","lsms_hh_se.hloutp",FALSE
"women_vitA","All","lsms_hh_se.hosp",FALSE
"women_vitA","All","lsms_hh_se.comtel",FALSE
"women_vitA","All","lsms_hh_se.rcaudi",FALSE
"women_vitA","All","lsms_hh_se.rcpets",FALSE
"women_vitA","All","lsms_hh_se.rcholid",FALSE
"women_vitA","All","lsms_hh_se.missprot",FALSE
"women_vitA","All","lsms_hh_se.misfinan",FALSE
"women_vitA","All","lsms_hh_se.ppp2011",FALSE
"women_vitA","All","lsms_hh_se.pindex_fd",FALSE
"women_vitA","All","lsms_hh_se.pindex",FALSE
"women_vitA","All","lsms_hh_se.remit_inc",FALSE
"women_vitA","All","lsms_hh_se.wta_s_hhsize",FALSE
"women_vitA","All","lsms_hh_se.tot_hh_inc_r",FALSE
"women_vitA","All","lsms_hh_se.pcinc_grs",FALSE
"women_vitA","All","lsms_hh_se.fd_p_veg",FALSE
"women_vitA","All","lsms_hh_se.fd_p_star",FALSE
"women_vitA","All","lsms_hh_se.mpl_abs",FALSE
"women_vitA","All","MAP_202406_Pf_Parasite_Rate",FALSE
"women_vitA","All","MAP_202106_Insecticide_Treated_Net_Access",FALSE
"women_vitA","All","MAP_202202_Pf_Reproductive_Number",FALSE
"women_vitA","All","nearest_market_id",FALSE
"women_vitA","All","wfp_cassava",FALSE
"women_vitA","All","wfp_cowpeas",FALSE
"women_vitA","All","wfp_eggplants",FALSE
"women_vitA","All","wfp_maize_yellow",FALSE
"women_vitA","All","wfp_onions",FALSE
"women_vitA","All","wfp_plantains_apentu",FALSE
"women_vitA","All","wfp_rice_local",FALSE
"women_vitA","All","wfp_rice_paddy",FALSE
"women_vitA","All","flunet_inf_a_rate",FALSE
"women_vitA","All","gee_trmm_mean_10km",FALSE
"women_vitA","All","gee_ndvi_mean_10km",FALSE
"women_vitA","All","gee_temp_mean_50km",FALSE
"women_vitA","All","missing_gw_cbacwr",FALSE
"women_vitA","All","missing_gw_cbbcbs",FALSE
"women_vitA","All","missing_gw_cbbccb",FALSE
"women_vitA","All","missing_gw_hHandwashingH2OYN",FALSE
"women_vitA","All","missing_gw_wRead",FALSE
"women_vitA","All","missing_gw_wSupplastPregFeFA",FALSE
"women_vitA","All","missing_gw_VAS_m2",TRUE
"women_vitA","All","missing_gw_wjh",FALSE
"women_vitA","All","missing_gw_wd_wcb",FALSE
"women_vitA","All","missing_dhs2014_FP_NDYU_W_UNS",FALSE
"women_vitA","All","missing_dhs2014_SX_AAFS_M_M2A",FALSE
"women_vitA","All","missing_ihme_under_5_1_both_u5_diarrhea_prevalence_counts",FALSE
"women_vitA","All","missing_wfp_rice_paddy",FALSE
"women_vitA","Proxy","Admin1",TRUE
"women_vitA","Proxy","dhs2014_FE_FRTR_W_A10",FALSE
"women_vitA","Proxy","dhs2014_FE_BINT_C_I07",FALSE
"women_vitA","Proxy","dhs2014_FE_BINT_C_MED",FALSE
"women_vitA","Proxy","dhs2014_FP_CUSA_W_FOM",FALSE
"women_vitA","Proxy","dhs2014_FP_CUSM_W_FST",FALSE
"women_vitA","Proxy","dhs2014_FP_CUSU_W_PIL",FALSE
"women_vitA","Proxy","dhs2014_FP_CUSU_W_WTH",FALSE
"women_vitA","Proxy","dhs2014_FP_CUSU_W_OTR",FALSE
"women_vitA","Proxy","dhs2014_FP_NADM_W_UNT",FALSE
"women_vitA","Proxy","dhs2014_FP_NADM_W_TDS",FALSE
"women_vitA","Proxy","dhs2014_FP_NADM_W_TDU",FALSE
"women_vitA","Proxy","dhs2014_FP_NADA_W_UNS",FALSE
"women_vitA","Proxy","dhs2014_FP_NADA_W_MNL",FALSE
"women_vitA","Proxy","dhs2014_FP_NADA_W_UMS",FALSE
"women_vitA","Proxy","dhs2014_FP_NADU_W_UNT",FALSE
"women_vitA","Proxy","dhs2014_FP_NADU_W_MNL",FALSE
"women_vitA","Proxy","dhs2014_FP_NDYM_W_PDS",FALSE
"women_vitA","Proxy","dhs2014_FP_NDYM_W_TDU",FALSE
"women_vitA","Proxy","dhs2014_FP_NDYA_W_TDL",FALSE
"women_vitA","Proxy","dhs2014_FP_NDYA_W_UMT",FALSE
"women_vitA","Proxy","dhs2014_FP_NDYU_W_UMS",FALSE
"women_vitA","Proxy","dhs2014_FP_NDYU_W_UML",FALSE
"women_vitA","Proxy","dhs2014_FP_NFPP_W_NFP",FALSE
"women_vitA","Proxy","dhs2014_FP_DMKF_W_UHS",FALSE
"women_vitA","Proxy","dhs2014_MA_MSTY_W_NMA",FALSE
"women_vitA","Proxy","dhs2014_MA_CWIV_W_DKM",FALSE
"women_vitA","Proxy","dhs2014_MA_MBAY_M_B18",FALSE
"women_vitA","Proxy","dhs2014_MA_MBAY_M_NMA",FALSE
"women_vitA","Proxy","dhs2014_MA_AAFM_W_M40",FALSE
"women_vitA","Proxy","dhs2014_MA_AAFM_M_M40",FALSE
"women_vitA","Proxy","dhs2014_MA_AAFM_M_M55",FALSE
"women_vitA","Proxy","dhs2014_SX_SBAY_W_NSX",FALSE
"women_vitA","Proxy","dhs2014_SX_AAFS_W_M45",FALSE
"women_vitA","Proxy","dhs2014_SX_AAFS_M_M25",FALSE
"women_vitA","Proxy","dhs2014_SX_AAFS_M_M45",FALSE
"women_vitA","Proxy","dhs2014_SX_AAFS_M_M50",FALSE
"women_vitA","Proxy","dhs2014_SX_AAFS_M_M55",FALSE
"women_vitA","Proxy","dhs2014_SX_AAFS_M_M2B",FALSE
"women_vitA","Proxy","dhs2014_SX_LSEX_W_4WK",FALSE
"women_vitA","Proxy","dhs2014_SX_LSEX_W_1YR",FALSE
"women_vitA","Proxy","dhs2014_SX_LSEX_W_NSX",FALSE
"women_vitA","Proxy","dhs2014_SX_LSEX_M_MIS",FALSE
"women_vitA","Proxy","dhs2014_CM_ECMR_C_NNE",FALSE
"women_vitA","Proxy","dhs2014_CM_ECMR_C_NNU",FALSE
"women_vitA","Proxy","dhs2014_CM_ECMR_C_PNE",FALSE
"women_vitA","Proxy","dhs2014_CM_ECMR_C_PNU",FALSE
"women_vitA","Proxy","dhs2014_CM_ECMR_C_IME",FALSE
"women_vitA","Proxy","dhs2014_CM_ECMR_C_IMX",FALSE
"women_vitA","Proxy","dhs2014_CM_ECMR_C_CMX",FALSE
"women_vitA","Proxy","dhs2014_CM_PNMR_C_SBR",FALSE
"women_vitA","Proxy","dhs2014_RH_ANCP_W_NRS",FALSE
"women_vitA","Proxy","dhs2014_RH_ANCN_W_N47",FALSE
"women_vitA","Proxy","dhs2014_RH_ANCN_W_DKM",FALSE
"women_vitA","Proxy","dhs2014_RH_ANCT_W_T8P",FALSE
"women_vitA","Proxy","dhs2014_RH_ICSP_W_L60",FALSE
"women_vitA","Proxy","dhs2014_RH_ICSP_W_M18",FALSE
"women_vitA","Proxy","dhs2014_RH_ANCS_W_SGN.1",FALSE
"women_vitA","Proxy","dhs2014_RH_TTIJ_W_DKM",FALSE
"women_vitA","Proxy","dhs2014_RH_PCMP_W_CHW",FALSE
"women_vitA","Proxy","dhs2014_RH_PCCT_C_DKM",FALSE
"women_vitA","Proxy","dhs2014_RH_PCCP_C_DOC",FALSE
"women_vitA","Proxy","dhs2014_RH_MIMH_M_ANM",FALSE
"women_vitA","Proxy","dhs2014_RH_MIMH_M_PDA",FALSE
"women_vitA","Proxy","dhs2014_CH_SZWT_C_SML",FALSE
"women_vitA","Proxy","dhs2014_CH_SZWT_C_AVG",FALSE
"women_vitA","Proxy","dhs2014_CH_FEVT_C_ADV",FALSE
"women_vitA","Proxy","dhs2014_CH_DIAT_C_ADV",FALSE
"women_vitA","Proxy","dhs2014_CH_DIAT_C_ORS",FALSE
"women_vitA","Proxy","dhs2014_CH_DIAT_C_OZC",FALSE
"women_vitA","Proxy","dhs2014_CH_DIAT_C_AMO",FALSE
"women_vitA","Proxy","dhs2014_CH_DIAT_C_HOM",FALSE
"women_vitA","Proxy","dhs2014_CH_DIAT_C_NOT",FALSE
"women_vitA","Proxy","dhs2014_CH_DIFP_C_FMR",FALSE
"women_vitA","Proxy","dhs2014_CH_DIFP_C_FML",FALSE
"women_vitA","Proxy","dhs2014_CH_DIFP_C_FAL.1",FALSE
"women_vitA","Proxy","dhs2014_CH_DIFP_C_NUM",FALSE
"women_vitA","Proxy","dhs2014_CN_NUTS_C_WH2",FALSE
"women_vitA","Proxy","dhs2014_CN_NUTS_C_WAP",FALSE
"women_vitA","Proxy","dhs2014_CN_BRFI_C_EVR",FALSE
"women_vitA","Proxy","dhs2014_CN_BRFI_C_1HR",FALSE
"women_vitA","Proxy","dhs2014_CN_BRFI_C_1DY",FALSE
"women_vitA","Proxy","dhs2014_CN_BFDR_C_MDE",FALSE
"women_vitA","Proxy","dhs2014_CN_IYCF_C_MNB",FALSE
"women_vitA","Proxy","dhs2014_CN_MIAC_C_IRF",FALSE
"women_vitA","Proxy","dhs2014_AN_NUTS_M_TH1",FALSE
"women_vitA","Proxy","dhs2014_AN_MIAM_W_DKM",FALSE
"women_vitA","Proxy","dhs2014_ML_ITNU_N_UNW",FALSE
"women_vitA","Proxy","dhs2014_ML_IPTP_W_2SA",FALSE
"women_vitA","Proxy","dhs2014_ML_IPTP_W_3SA",FALSE
"women_vitA","Proxy","dhs2014_ML_FEVT_C_ADV",FALSE
"women_vitA","Proxy","dhs2014_ML_FEVT_C_ACT",FALSE
"women_vitA","Proxy","dhs2014_ML_AMLD_C_ACT",FALSE
"women_vitA","Proxy","dhs2014_HA_KHVP_M_SX1",FALSE
"women_vitA","Proxy","dhs2014_HA_CKNA_M_CKA",FALSE
"women_vitA","Proxy","dhs2014_HA_KMTC_W_PRG",FALSE
"women_vitA","Proxy","dhs2014_HA_KMTC_W_PDB",FALSE
"women_vitA","Proxy","dhs2014_HA_KMTC_M_PRG",FALSE
"women_vitA","Proxy","dhs2014_HA_AATT_W_CRE",FALSE
"women_vitA","Proxy","dhs2014_HA_AATT_W_FTC",FALSE
"women_vitA","Proxy","dhs2014_HA_AATT_W_SEC",FALSE
"women_vitA","Proxy","dhs2014_HA_AATT_W_UNW",FALSE
"women_vitA","Proxy","dhs2014_HA_ANSS_M_RSX",FALSE
"women_vitA","Proxy","dhs2014_HA_ASEC_M_AGR",FALSE
"women_vitA","Proxy","dhs2014_HA_HRSX_W_CND",FALSE
"women_vitA","Proxy","dhs2014_HA_MSXP_W_UN3",FALSE
"women_vitA","Proxy","dhs2014_HA_PYSX_M_UN1",FALSE
"women_vitA","Proxy","dhs2014_HA_CPHT_M_T1R",FALSE
"women_vitA","Proxy","dhs2014_HA_MCRC_M_OTH",FALSE
"women_vitA","Proxy","dhs2014_HA_STIS_W_STI",FALSE
"women_vitA","Proxy","dhs2014_HA_STIS_W_SOR",FALSE
"women_vitA","Proxy","dhs2014_HA_STIS_M_STI",FALSE
"women_vitA","Proxy","dhs2014_HA_STIS_M_UNW",FALSE
"women_vitA","Proxy","dhs2014_HA_MINJ_W_NEW",FALSE
"women_vitA","Proxy","dhs2014_HA_CHVT_W_DBN",FALSE
"women_vitA","Proxy","dhs2014_HA_CHVT_W_ABN",FALSE
"women_vitA","Proxy","dhs2014_HA_CHVT_M_ABN",FALSE
"women_vitA","Proxy","dhs2014_HA_CHVT_M_OTI",FALSE
"women_vitA","Proxy","dhs2014_HA_CHVT_B_DBN",FALSE
"women_vitA","Proxy","dhs2014_HA_CHVT_B_ABI",FALSE
"women_vitA","Proxy","dhs2014_HA_HIVP_M_HVE",FALSE
"women_vitA","Proxy","dhs2014_HA_HPMC_M_UN1",FALSE
"women_vitA","Proxy","dhs2014_HA_HPAC_B_CNP",FALSE
"women_vitA","Proxy","dhs2014_HA_HPAC_B_CNN",FALSE
"women_vitA","Proxy","dhs2014_WE_OWNA_W_HDK",FALSE
"women_vitA","Proxy","dhs2014_WE_OWNA_W_LAL",FALSE
"women_vitA","Proxy","dhs2014_WE_OWNA_W_LAJ",FALSE
"women_vitA","Proxy","dhs2014_WE_ANSR_W_CSN",FALSE
"women_vitA","Proxy","dhs2014_CP_BREG_C_NCT",FALSE
"women_vitA","Proxy","dhs2014_ED_SCHA_C_SCA",FALSE
"women_vitA","Proxy","dhs2014_ED_EDAT_W_SPR",FALSE
"women_vitA","Proxy","dhs2014_ED_EDAT_W_PRI",FALSE
"women_vitA","Proxy","dhs2014_ED_NARP_M_MAL",FALSE
"women_vitA","Proxy","dhs2014_ED_NARP_B_GPI",FALSE
"women_vitA","Proxy","dhs2014_ED_NARS_B_GPI",FALSE
"women_vitA","Proxy","dhs2014_ED_GARS_M_MAL",FALSE
"women_vitA","Proxy","dhs2014_ED_LITR_M_RDP",FALSE
"women_vitA","Proxy","dhs2014_ED_LITR_M_NCD",FALSE
"women_vitA","Proxy","dhs2014_ED_LITY_W_RDW",FALSE
"women_vitA","Proxy","dhs2014_ED_LITY_M_RDP",FALSE
"women_vitA","Proxy","dhs2014_ED_LITY_M_UNW",FALSE
"women_vitA","Proxy","dhs2014_EM_WERN_W_HUS",FALSE
"women_vitA","Proxy","dhs2014_EM_RERN_W_SAM",FALSE
"women_vitA","Proxy","dhs2014_EM_MERN_W_WIF",FALSE
"women_vitA","Proxy","dhs2014_EM_MERN_M_HUS",FALSE
"women_vitA","Proxy","dhs2014_WS_SRCE_P_PYD",FALSE
"women_vitA","Proxy","dhs2014_WS_SRCE_P_PSG",FALSE
"women_vitA","Proxy","dhs2014_WS_TIME_H_DKM",FALSE
"women_vitA","Proxy","dhs2014_WS_TIME_P_L30",FALSE
"women_vitA","Proxy","dhs2014_WS_WTRT_P_BLC",FALSE
"women_vitA","Proxy","dhs2014_WS_WTRT_P_OTH",FALSE
"women_vitA","Proxy","dhs2014_WS_WTRT_P_NTR",FALSE
"women_vitA","Proxy","dhs2014_WS_TLET_H_VIP",FALSE
"women_vitA","Proxy","dhs2014_WS_TLET_P_NPT",FALSE
"women_vitA","Proxy","dhs2014_WS_HNDW_H_OBS",FALSE
"women_vitA","Proxy","dhs2014_WS_HNDW_H_BAS",FALSE
"women_vitA","Proxy","dhs2014_WS_HNDW_P_CLN",FALSE
"women_vitA","Proxy","dhs2014_WS_HNDW_P_LTD",FALSE
"women_vitA","Proxy","dhs2014_HC_RMSL_H_2RM",FALSE
"women_vitA","Proxy","dhs2014_HC_RMSL_P_2RM",FALSE
"women_vitA","Proxy","dhs2014_HC_RMSL_P_DKM",FALSE
"women_vitA","Proxy","dhs2014_HC_CKPL_H_HSE",FALSE
"women_vitA","Proxy","dhs2014_HC_CKPL_H_SEP",FALSE
"women_vitA","Proxy","dhs2014_HC_CKFL_H_COL",FALSE
"women_vitA","Proxy","dhs2014_HC_SMKH_H_LES",FALSE
"women_vitA","Proxy","dhs2014_HC_PPRM_H_7PP",FALSE
"women_vitA","Proxy","dhs2014_HC_PPRM_H_MNP",FALSE
"women_vitA","Proxy","dhs2014_HC_TRNS_H_BTM",FALSE
"women_vitA","Proxy","dhs2014_HC_AGEG_P_259",FALSE
"women_vitA","Proxy","dhs2014_HC_AGEG_P_459",FALSE
"women_vitA","Proxy","dhs2014_HC_AGEG_P_504",FALSE
"women_vitA","Proxy","dhs2014_HC_AGEG_P_SNR",FALSE
"women_vitA","Proxy","dhs2014_HC_LVAR_C_FMA",FALSE
"women_vitA","Proxy","dhs2014_HC_LVAR_C_NFA",FALSE
"women_vitA","Proxy","dhs2014_HC_LVAY_C_FMA",FALSE
"women_vitA","Proxy","dhs2014_HC_LVAY_C_NFA",FALSE
"women_vitA","Proxy","dhs2014_SV_RESI_W_INC",FALSE
"women_vitA","Proxy","dhs2014_SV_RESI_M_NAH",FALSE
"women_vitA","Proxy","dhs2014_SV_HRSM_H_VAC",FALSE
"women_vitA","Proxy","dhs2014_SV_INTV_W_MNI",FALSE
"women_vitA","Proxy","dhs2014_SV_INTV_M_MNI",FALSE
"women_vitA","Proxy","dhs2016_DHSREGFR",FALSE
"women_vitA","Proxy","dhs2016_DHSREGSP",FALSE
"women_vitA","Proxy","dhs2016_RH_ANCP_W_NRS",FALSE
"women_vitA","Proxy","dhs2016_CH_FEVT_C_AT1",FALSE
"women_vitA","Proxy","dhs2016_CH_FEVT_C_ADV",FALSE
"women_vitA","Proxy","dhs2016_CH_FEVT_C_ABI",FALSE
"women_vitA","Proxy","dhs2016_CN_ANMC_C_SEV",FALSE
"women_vitA","Proxy","dhs2016_ML_NSRC_N_MDC",FALSE
"women_vitA","Proxy","dhs2016_ML_NSRC_N_ANC",FALSE
"women_vitA","Proxy","dhs2016_ML_IPTP_W_3SA",FALSE
"women_vitA","Proxy","dhs2016_ML_FEVT_C_ADV",FALSE
"women_vitA","Proxy","dhs2016_ML_FEVT_C_ADS",FALSE
"women_vitA","Proxy","dhs2016_ML_FEVT_C_ACS",FALSE
"women_vitA","Proxy","dhs2016_ML_AMLD_C_QNN",FALSE
"women_vitA","Proxy","dhs2016_ML_AMLD_C_NUM",FALSE
"women_vitA","Proxy","dhs2016_ED_EDUC_W_CPR",FALSE
"women_vitA","Proxy","dhs2016_ED_EDUC_W_PRI",FALSE
"women_vitA","Proxy","dhs2016_ED_LITR_W_BLD",FALSE
"women_vitA","Proxy","dhs2016_WS_SRCE_P_TAP",FALSE
"women_vitA","Proxy","dhs2016_WS_SRCE_P_TNK",FALSE
"women_vitA","Proxy","dhs2016_WS_SRCE_P_UWL",FALSE
"women_vitA","Proxy","dhs2016_WS_SRCE_P_BAS",FALSE
"women_vitA","Proxy","dhs2016_WS_SRCE_P_LTD",FALSE
"women_vitA","Proxy","dhs2016_WS_TLET_H_VIP",FALSE
"women_vitA","Proxy","dhs2016_WS_TLET_H_NIM",FALSE
"women_vitA","Proxy","dhs2016_HC_FLRM_H_CPT",FALSE
"women_vitA","Proxy","dhs2016_HC_FLRM_P_PQT",FALSE
"women_vitA","Proxy","dhs2016_HC_CKFL_H_AGR",FALSE
"women_vitA","Proxy","dhs2016_HC_CKFL_H_NFD",FALSE
"women_vitA","Proxy","dhs2016_HC_PPRM_H_12P",FALSE
"women_vitA","Proxy","dhs2016_HC_PPRM_H_34P",FALSE
"women_vitA","Proxy","dhs2016_HC_PPRM_H_7PP",FALSE
"women_vitA","Proxy","dhs2016_HC_HEFF_H_MPH",FALSE
"women_vitA","Proxy","dhs2016_HC_HEFF_H_NPH",FALSE
"women_vitA","Proxy","dhs2016_HC_AGEG_P_304",FALSE
"women_vitA","Proxy","dhs2016_HC_AGEG_P_359",FALSE
"women_vitA","Proxy","dhs2016_HC_AGEG_P_659",FALSE
"women_vitA","Proxy","dhs2016_HC_AGEG_P_704",FALSE
"women_vitA","Proxy","dhs2016_HC_AGEG_P_UNW",FALSE
"women_vitA","Proxy","dhs2016_HC_OLDR_H_W65",FALSE
"women_vitA","Proxy","dhs2016_HC_OLDR_P_NNC",FALSE
"women_vitA","Proxy","dhs2016_HC_MEMB_H_3MM",FALSE
"women_vitA","Proxy","dhs2016_HC_MEMB_H_4MM",FALSE
"women_vitA","Proxy","dhs2016_HC_MEMB_H_5MM",FALSE
"women_vitA","Proxy","dhs2016_SV_RESI_W_INC",FALSE
"women_vitA","Proxy","dhs2016_SV_INTV_W_MED",FALSE
"women_vitA","Proxy","dhs2017_DHSREGFR",FALSE
"women_vitA","Proxy","dhs2017_DHSREGSP",FALSE
"women_vitA","Proxy","dhs2017_FE_FRTR_W_A40",FALSE
"women_vitA","Proxy","dhs2017_FE_BORD_C_BO3",FALSE
"women_vitA","Proxy","dhs2017_RH_ANCP_W_NRS",FALSE
"women_vitA","Proxy","dhs2017_RH_ANCN_W_N23",FALSE
"women_vitA","Proxy","dhs2017_RH_ANCN_W_N4P",FALSE
"women_vitA","Proxy","dhs2017_RH_ANCT_W_TL4",FALSE
"women_vitA","Proxy","dhs2017_RH_ANCT_W_T45",FALSE
"women_vitA","Proxy","dhs2017_RH_ANCT_W_T67",FALSE
"women_vitA","Proxy","dhs2017_RH_ANCT_W_T8P",FALSE
"women_vitA","Proxy","dhs2017_CH_FEVT_C_ADV",FALSE
"women_vitA","Proxy","dhs2017_CN_ANMC_C_MLD",FALSE
"women_vitA","Proxy","dhs2017_ML_NSRC_N_MDC",FALSE
"women_vitA","Proxy","dhs2017_ML_NSRC_N_SHP",FALSE
"women_vitA","Proxy","dhs2017_ML_NSRC_N_REL",FALSE
"women_vitA","Proxy","dhs2017_ML_NETC_C_NM1",FALSE
"women_vitA","Proxy","dhs2017_ML_FEVT_C_ADV",FALSE
"women_vitA","Proxy","dhs2017_ML_FEVT_C_BLD",FALSE
"women_vitA","Proxy","dhs2017_ML_FEVT_C_AMS",FALSE
"women_vitA","Proxy","dhs2017_ML_FEVT_C_NUM",FALSE
"women_vitA","Proxy","dhs2017_ML_AMLD_C_QNN",FALSE
"women_vitA","Proxy","dhs2017_ML_AMLD_C_CHL",FALSE
"women_vitA","Proxy","dhs2017_ML_AMLD_C_ART",FALSE
"women_vitA","Proxy","dhs2017_ML_PMAL_C_MSY",FALSE
"women_vitA","Proxy","dhs2017_ML_PMAL_C_MSE",FALSE
"women_vitA","Proxy","dhs2017_AH_HINS_W_EBI",FALSE
"women_vitA","Proxy","dhs2017_AH_HINS_W_MUT",FALSE
"women_vitA","Proxy","dhs2017_AH_HINS_W_NON",FALSE
"women_vitA","Proxy","dhs2017_ED_LITY_W_UNW",FALSE
"women_vitA","Proxy","dhs2017_WS_SRCE_H_PNB",FALSE
"women_vitA","Proxy","dhs2017_WS_SRCE_H_PWL",FALSE
"women_vitA","Proxy","dhs2017_WS_SRCE_H_PSG",FALSE
"women_vitA","Proxy","dhs2017_WS_SRCE_P_TAP",FALSE
"women_vitA","Proxy","dhs2017_WS_SRCE_P_PSG",FALSE
"women_vitA","Proxy","dhs2017_WS_SRCE_P_TNK",FALSE
"women_vitA","Proxy","dhs2017_WS_TIME_H_L30",FALSE
"women_vitA","Proxy","dhs2017_WS_TLET_H_BAS",FALSE
"women_vitA","Proxy","dhs2017_WS_TLET_P_NPT",FALSE
"women_vitA","Proxy","dhs2017_HC_FLRM_H_FIN",FALSE
"women_vitA","Proxy","dhs2017_HC_CKFL_H_NFD",FALSE
"women_vitA","Proxy","dhs2017_HC_PPRM_H_12P",FALSE
"women_vitA","Proxy","dhs2017_HC_PPRM_H_34P",FALSE
"women_vitA","Proxy","dhs2017_HC_PPRM_H_56P",FALSE
"women_vitA","Proxy","dhs2017_HC_PPRM_H_MNP",FALSE
"women_vitA","Proxy","dhs2017_HC_WIXQ_P_2ND",FALSE
"women_vitA","Proxy","dhs2017_HC_WIXQ_P_GNI",FALSE
"women_vitA","Proxy","dhs2017_HC_AGEG_P_159",FALSE
"women_vitA","Proxy","dhs2017_HC_AGEG_P_504",FALSE
"women_vitA","Proxy","dhs2017_HC_AGEG_P_604",FALSE
"women_vitA","Proxy","dhs2017_HC_AGEG_P_704",FALSE
"women_vitA","Proxy","dhs2017_HC_AGEG_P_SNR",FALSE
"women_vitA","Proxy","dhs2017_HC_AGEG_P_DK2",FALSE
"women_vitA","Proxy","dhs2017_HC_OLDR_H_O65",FALSE
"women_vitA","Proxy","dhs2017_HC_OLDR_P_NNC",FALSE
"women_vitA","Proxy","dhs2017_HC_MEMB_H_5MM",FALSE
"women_vitA","Proxy","dhs2017_SV_HRES_H_INT",FALSE
"women_vitA","Proxy","dhs2017_SV_HRES_H_ABS",FALSE
"women_vitA","Proxy","dhs2017_SV_INTV_W_MNI",FALSE
"women_vitA","Proxy","mics_hh_num_se",FALSE
"women_vitA","Proxy","mics_hh4",FALSE
"women_vitA","Proxy","mics_hh26c_se",FALSE
"women_vitA","Proxy","mics_hc1a",FALSE
"women_vitA","Proxy","mics_hc1a_se",FALSE
"women_vitA","Proxy","mics_hc1b_se",FALSE
"women_vitA","Proxy","mics_hc5_se",FALSE
"women_vitA","Proxy","mics_hc7b_se",FALSE
"women_vitA","Proxy","mics_hc7g_se",FALSE
"women_vitA","Proxy","mics_hc7h_se",FALSE
"women_vitA","Proxy","mics_hc7k_se",FALSE
"women_vitA","Proxy","mics_hc7l",FALSE
"women_vitA","Proxy","mics_hc9b_se",FALSE
"women_vitA","Proxy","mics_hc9f_se",FALSE
"women_vitA","Proxy","mics_hc9j_se",FALSE
"women_vitA","Proxy","mics_hc10e_se",FALSE
"women_vitA","Proxy","mics_hc14_se",FALSE
"women_vitA","Proxy","mics_hc15_se",FALSE
"women_vitA","Proxy","mics_hc16",FALSE
"women_vitA","Proxy","mics_hc18e_se",FALSE
"women_vitA","Proxy","mics_hc18f",FALSE
"women_vitA","Proxy","mics_eu1_se",FALSE
"women_vitA","Proxy","mics_eu8",FALSE
"women_vitA","Proxy","mics_tn2_se",FALSE
"women_vitA","Proxy","mics_ir1_se",FALSE
"women_vitA","Proxy","mics_ws5_se",FALSE
"women_vitA","Proxy","mics_ws6",FALSE
"women_vitA","Proxy","mics_ws6_se",FALSE
"women_vitA","Proxy","mics_ws7",FALSE
"women_vitA","Proxy","mics_ws7_se",FALSE
"women_vitA","Proxy","mics_ws8a",FALSE
"women_vitA","Proxy","mics_ws8a_se",FALSE
"women_vitA","Proxy","mics_ws16",FALSE
"women_vitA","Proxy","mics_hw1",FALSE
"women_vitA","Proxy","mics_hw6",FALSE
"women_vitA","Proxy","mics_sa1",FALSE
"women_vitA","Proxy","mics_sa2",FALSE
"women_vitA","Proxy","mics_sa2_se",FALSE
"women_vitA","Proxy","mics_wq2_se",FALSE
"women_vitA","Proxy","mics_measurer_id",FALSE
"women_vitA","Proxy","mics_wq23h_se",FALSE
"women_vitA","Proxy","mics_wq23m",FALSE
"women_vitA","Proxy","mics_observe_hh_sample_collection_se",FALSE
"women_vitA","Proxy","mics_source_hh_sample_se",FALSE
"women_vitA","Proxy","mics_wq25h",FALSE
"women_vitA","Proxy","mics_wq25h_se",FALSE
"women_vitA","Proxy","mics_wq25m_se",FALSE
"women_vitA","Proxy","mics_hhage_se",FALSE
"women_vitA","Proxy","mics_ethnicity_se",FALSE
"women_vitA","Proxy","mics_windex5u_se",FALSE
"women_vitA","Proxy","mics_ec_result_h100",FALSE
"women_vitA","Proxy","mics_ec_result_s100",FALSE
"women_vitA","Proxy","mics_hw7a_a",FALSE
"women_vitA","Proxy","mics_hw8a_a",FALSE
"women_vitA","Proxy","mics_se.ws10bbd_d",FALSE
"women_vitA","Proxy","mics_se.ws10cca_a",FALSE
"women_vitA","Proxy","ihme_15_49_years_24_males_male_circumcision_prevalence_percent",FALSE
"women_vitA","Proxy","ihme_15_59_years_199_both_hiv_prevalence_percent",FALSE
"women_vitA","Proxy","ihme_5_to_14_years_5_to_14_both_deaths_rate",FALSE
"women_vitA","Proxy","ihme_0_to_99_years_all_ages_both_malaria_incidence_rate",FALSE
"women_vitA","Proxy","ihme_all_ages_22_both_lf_prevalence_rate",FALSE
"women_vitA","Proxy","ihme_6_months_390_both_ebf_prevalence_percent",FALSE
"women_vitA","Proxy","ihme_15_49_years_24_females_severe_anemia_percent",FALSE
"women_vitA","Proxy","ihme_15_49_years_24_females_all_anemia_percent",FALSE
"women_vitA","Proxy","ihme_all_ages_22_both_onchocerciasis_prevalence_rate",FALSE
"women_vitA","Proxy","lsms_hh_hsutensil",FALSE
"women_vitA","Proxy","lsms_hh_hlmedi",FALSE
"women_vitA","Proxy","lsms_hh_tothlth",FALSE
"women_vitA","Proxy","lsms_hh_vehicles",FALSE
"women_vitA","Proxy","lsms_hh_rcpetserv",FALSE
"women_vitA","Proxy","lsms_hh_pindex_nfd",FALSE
"women_vitA","Proxy","lsms_hh_remit_inc",FALSE
"women_vitA","Proxy","lsms_hh_aginc_net",FALSE
"women_vitA","Proxy","lsms_hh_fd_p_star",FALSE
"women_vitA","Proxy","lsms_hh_se.fd_b",FALSE
"women_vitA","Proxy","lsms_hh_se.fdalc_b",FALSE
"women_vitA","Proxy","lsms_hh_se.totclth",FALSE
"women_vitA","Proxy","lsms_hh_se.elec",FALSE
"women_vitA","Proxy","lsms_hh_se.hsapplian",FALSE
"women_vitA","Proxy","lsms_hh_se.hloutp",FALSE
"women_vitA","Proxy","lsms_hh_se.hosp",FALSE
"women_vitA","Proxy","lsms_hh_se.comtel",FALSE
"women_vitA","Proxy","lsms_hh_se.rcaudi",FALSE
"women_vitA","Proxy","lsms_hh_se.rcpets",FALSE
"women_vitA","Proxy","lsms_hh_se.rcholid",FALSE
"women_vitA","Proxy","lsms_hh_se.missprot",FALSE
"women_vitA","Proxy","lsms_hh_se.misfinan",FALSE
"women_vitA","Proxy","lsms_hh_se.ppp2011",FALSE
"women_vitA","Proxy","lsms_hh_se.pindex_fd",FALSE
"women_vitA","Proxy","lsms_hh_se.pindex",FALSE
"women_vitA","Proxy","lsms_hh_se.remit_inc",FALSE
"women_vitA","Proxy","lsms_hh_se.wta_s_hhsize",FALSE
"women_vitA","Proxy","lsms_hh_se.tot_hh_inc_r",FALSE
"women_vitA","Proxy","lsms_hh_se.pcinc_grs",FALSE
"women_vitA","Proxy","lsms_hh_se.fd_p_veg",FALSE
"women_vitA","Proxy","lsms_hh_se.fd_p_star",FALSE
"women_vitA","Proxy","lsms_hh_se.mpl_abs",FALSE
"women_vitA","Proxy","MAP_202406_Pf_Parasite_Rate",FALSE
"women_vitA","Proxy","MAP_202106_Insecticide_Treated_Net_Access",FALSE
"women_vitA","Proxy","MAP_202202_Pf_Reproductive_Number",FALSE
"women_vitA","Proxy","nearest_market_id",FALSE
"women_vitA","Proxy","wfp_cassava",FALSE
"women_vitA","Proxy","wfp_cowpeas",FALSE
"women_vitA","Proxy","wfp_eggplants",FALSE
"women_vitA","Proxy","wfp_maize_yellow",FALSE
"women_vitA","Proxy","wfp_onions",FALSE
"women_vitA","Proxy","wfp_plantains_apentu",FALSE
"women_vitA","Proxy","wfp_rice_local",FALSE
"women_vitA","Proxy","wfp_rice_paddy",FALSE
"women_vitA","Proxy","flunet_inf_a_rate",FALSE
"women_vitA","Proxy","gee_trmm_mean_10km",FALSE
"women_vitA","Proxy","gee_ndvi_mean_10km",FALSE
"women_vitA","Proxy","gee_temp_mean_50km",FALSE
"women_vitA","Proxy","missing_dhs2014_FP_NDYU_W_UNS",FALSE
"women_vitA","Proxy","missing_dhs2014_SX_AAFS_M_M2A",FALSE
"women_vitA","Proxy","missing_ihme_under_5_1_both_u5_diarrhea_prevalence_counts",FALSE
"women_vitA","Proxy","missing_wfp_rice_paddy",FALSE
"women_b12","Survey","Admin1",TRUE
"women_b12","Survey","gw_Region.x",TRUE
"women_b12","Survey","gw_Strata",TRUE
"women_b12","Survey","gw_Number_of_households_LISTED_in__",TRUE
"women_b12","Survey","gw_Number_of_Child_Biological_forms",TRUE
"women_b12","Survey","gw_Number_of_households_selected",TRUE
"women_b12","Survey","gw_Check_1",TRUE
"women_b12","Survey","gw_PSUStrat_weight",TRUE
"women_b12","Survey","gw_region",TRUE
"women_b12","Survey","gw_strata",TRUE
"women_b12","Survey","gw_headlanguage",FALSE
"women_b12","Survey","gw_hHandwashingH2OYN",FALSE
"women_b12","Survey","gw_hAnySoap",FALSE
"women_b12","Survey","gw_hVegoilRetinol",FALSE
"women_b12","Survey","gw_hVegoilAdeqYN",FALSE
"women_b12","Survey","gw_hWealthquintile",FALSE
"women_b12","Survey","gw_wEducCat",FALSE
"women_b12","Survey","gw_wRead",FALSE
"women_b12","Survey","gw_wFoodGrpScore",FALSE
"women_b12","Survey","gw_wBMICat",FALSE
"women_b12","Survey","gw_wOverweight",FALSE
"women_b12","Survey","gw_wOWObese",FALSE
"women_b12","Survey","gw_wOWObeseCat",FALSE
"women_b12","Survey","gw_wUnderweight",FALSE
"women_b12","Survey","gw_sWeight",TRUE
"women_b12","Survey","gw_in1",TRUE
"women_b12","Survey","gw_b_hhn",TRUE
"women_b12","Survey","gw_b_hhln2",TRUE
"women_b12","Survey","gw_whe",FALSE
"women_b12","Survey","gw_wprm_yr",FALSE
"women_b12","Survey","gw_wrd",FALSE
"women_b12","Survey","gw_wms",FALSE
"women_b12","Survey","gw_wfdg_fg4",FALSE
"women_b12","Survey","gw_wfdg_fg5",FALSE
"women_b12","Survey","gw_wfdg_fg6",FALSE
"women_b12","Survey","gw_wfdg_fg10",FALSE
"women_b12","Survey","gw_wfdg_fg11",FALSE
"women_b12","Survey","gw_wfdg_fg19",FALSE
"women_b12","Survey","gw_wfo",FALSE
"women_b12","Survey","gw_wi_wst",FALSE
"women_b12","Survey","gw_b_cn",TRUE
"women_b12","Survey","gw_mrdr",TRUE
"women_b12","Survey","gw_wj_man",FALSE
"women_b12","Survey","gw_wo_wrmal",TRUE
"women_b12","Survey","gw_wNumBirth",FALSE
"women_b12","Survey","gw_wMalariaYN",TRUE
"women_b12","Survey","gw_wAlphaThal",TRUE
"women_b12","Survey","gw_wNormal",FALSE
"women_b12","Survey","gw_Region.y",TRUE
"women_b12","Survey","gw_Households",TRUE
"women_b12","Survey","gw_week",FALSE
"women_b12","Survey","missing_gw_wprm_yr",FALSE
"women_b12","Survey","missing_gw_wjss_yr",FALSE
"women_b12","All","Admin1",TRUE
"women_b12","All","gw_Region.x",TRUE
"women_b12","All","gw_Strata",TRUE
"women_b12","All","gw_Number_of_households_LISTED_in__",TRUE
"women_b12","All","gw_Number_of_Child_Biological_forms",TRUE
"women_b12","All","gw_Check_1",TRUE
"women_b12","All","gw_PSUStrat_weight",TRUE
"women_b12","All","gw_region",TRUE
"women_b12","All","gw_strata",TRUE
"women_b12","All","gw_headlanguage",FALSE
"women_b12","All","gw_hHandwashingH2OYN",FALSE
"women_b12","All","gw_hAnySoap",FALSE
"women_b12","All","gw_hVegoilRetinol",FALSE
"women_b12","All","gw_hVegoilAdeqYN",FALSE
"women_b12","All","gw_hWealthquintile",FALSE
"women_b12","All","gw_wEducCat",FALSE
"women_b12","All","gw_wRead",FALSE
"women_b12","All","gw_wFoodGrpScore",FALSE
"women_b12","All","gw_wBMICat",FALSE
"women_b12","All","gw_wOverweight",FALSE
"women_b12","All","gw_wOWObese",FALSE
"women_b12","All","gw_wOWObeseCat",FALSE
"women_b12","All","gw_wUnderweight",FALSE
"women_b12","All","gw_in1",TRUE
"women_b12","All","gw_b_hhn",TRUE
"women_b12","All","gw_b_hhln2",TRUE
"women_b12","All","gw_whe",FALSE
"women_b12","All","gw_wprm_yr",FALSE
"women_b12","All","gw_wrd",FALSE
"women_b12","All","gw_wms",FALSE
"women_b12","All","gw_wfdg_fg4",FALSE
"women_b12","All","gw_wfdg_fg5",FALSE
"women_b12","All","gw_wfdg_fg6",FALSE
"women_b12","All","gw_wfdg_fg10",FALSE
"women_b12","All","gw_wfdg_fg11",FALSE
"women_b12","All","gw_wfdg_fg19",FALSE
"women_b12","All","gw_wfo",FALSE
"women_b12","All","gw_wi_wst",FALSE
"women_b12","All","gw_mrdr",TRUE
"women_b12","All","gw_wj_man",FALSE
"women_b12","All","gw_wo_wrmal",TRUE
"women_b12","All","gw_wNumBirth",FALSE
"women_b12","All","gw_wMalariaYN",TRUE
"women_b12","All","gw_wAlphaThal",TRUE
"women_b12","All","gw_wNormal",FALSE
"women_b12","All","gw_Region.y",TRUE
"women_b12","All","gw_Households",TRUE
"women_b12","All","gw_week",FALSE
"women_b12","All","dhs2014_FE_FRTY_W_PRG",FALSE
"women_b12","All","dhs2014_FE_FRTY_W_U49",FALSE
"women_b12","All","dhs2014_FE_BINT_C_I07",FALSE
"women_b12","All","dhs2014_FE_BINT_C_I18",FALSE
"women_b12","All","dhs2014_FE_BINT_C_I24",FALSE
"women_b12","All","dhs2014_FE_BINT_C_MED",FALSE
"women_b12","All","dhs2014_FE_BORD_C_BO1",FALSE
"women_b12","All","dhs2014_FE_TNPG_W_CBR",FALSE
"women_b12","All","dhs2014_FP_CUSA_W_FST",FALSE
"women_b12","All","dhs2014_FP_CUSA_W_IUD",FALSE
"women_b12","All","dhs2014_FP_CUSA_W_IMP",FALSE
"women_b12","All","dhs2014_FP_CUSA_W_MCN",FALSE
"women_b12","All","dhs2014_FP_CUSA_W_FOM",FALSE
"women_b12","All","dhs2014_FP_CUSU_W_PIL",FALSE
"women_b12","All","dhs2014_FP_CUSU_W_IMP",FALSE
"women_b12","All","dhs2014_FP_CUSU_W_RHY",FALSE
"women_b12","All","dhs2014_FP_CUSU_W_WTH",FALSE
"women_b12","All","dhs2014_FP_CUSY_W_MOD",FALSE
"women_b12","All","dhs2014_FP_NADM_W_UNT",FALSE
"women_b12","All","dhs2014_FP_NADM_W_TDU",FALSE
"women_b12","All","dhs2014_FP_NADA_W_UMS",FALSE
"women_b12","All","dhs2014_FP_NADA_W_PDM",FALSE
"women_b12","All","dhs2014_FP_NADU_W_UNT",FALSE
"women_b12","All","dhs2014_FP_NADU_W_MNL",FALSE
"women_b12","All","dhs2014_FP_NADU_W_TDS",FALSE
"women_b12","All","dhs2014_FP_NADU_W_TDL",FALSE
"women_b12","All","dhs2014_FP_NADU_W_TDT",FALSE
"women_b12","All","dhs2014_FP_NADU_W_UMT",FALSE
"women_b12","All","dhs2014_FP_NADU_W_PDM",FALSE
"women_b12","All","dhs2014_FP_NDYM_W_UNS",FALSE
"women_b12","All","dhs2014_FP_NDYM_W_PDM",FALSE
"women_b12","All","dhs2014_FP_NDYA_W_TDL",FALSE
"women_b12","All","dhs2014_FP_NDYA_W_UMS",FALSE
"women_b12","All","dhs2014_FP_NDYA_W_UML",FALSE
"women_b12","All","dhs2014_FP_NDYA_W_UNW",FALSE
"women_b12","All","dhs2014_FP_NDYA_W_PDM",FALSE
"women_b12","All","dhs2014_FP_NDYU_W_MNS",FALSE
"women_b12","All","dhs2014_FP_NDYU_W_TDS",FALSE
"women_b12","All","dhs2014_FP_NDYU_W_UMT",FALSE
"women_b12","All","dhs2014_FP_NDYU_W_PDS",FALSE
"women_b12","All","dhs2014_FP_EFPM_W_RDO",FALSE
"women_b12","All","dhs2014_FP_NFPP_W_HFP",FALSE
"women_b12","All","dhs2014_FP_NFPP_W_HNF",FALSE
"women_b12","All","dhs2014_MA_MSTY_W_NMA",FALSE
"women_b12","All","dhs2014_MA_MSTY_W_SEP",FALSE
"women_b12","All","dhs2014_MA_MSTY_M_SEP",FALSE
"women_b12","All","dhs2014_MA_AAFM_W_M40",FALSE
"women_b12","All","dhs2014_MA_AAFM_M_M40",FALSE
"women_b12","All","dhs2014_MA_AAFM_M_M55",FALSE
"women_b12","All","dhs2014_MA_ADIF_W_O05",FALSE
"women_b12","All","dhs2014_MA_ADIF_W_O01",FALSE
"women_b12","All","dhs2014_MA_ADIF_W_YNG",FALSE
"women_b12","All","dhs2014_SX_SBAY_W_B15",FALSE
"women_b12","All","dhs2014_SX_SBAY_W_B20",FALSE
"women_b12","All","dhs2014_SX_SBAY_M_B15",FALSE
"women_b12","All","dhs2014_SX_SBAY_M_NSX",FALSE
"women_b12","All","dhs2014_SX_AAFS_W_M40",FALSE
"women_b12","All","dhs2014_SX_AAFS_W_M45",FALSE
"women_b12","All","dhs2014_SX_AAFS_M_M20",FALSE
"women_b12","All","dhs2014_SX_AAFS_M_M25",FALSE
"women_b12","All","dhs2014_SX_AAFS_M_M50",FALSE
"women_b12","All","dhs2014_SX_LSEX_M_1YR",FALSE
"women_b12","All","dhs2014_SX_LSEX_M_1PY",FALSE
"women_b12","All","dhs2014_CM_ECMR_C_NNX",FALSE
"women_b12","All","dhs2014_CM_ECMR_C_NNU",FALSE
"women_b12","All","dhs2014_CM_ECMR_C_IMX",FALSE
"women_b12","All","dhs2014_CM_ECMR_C_U5X",FALSE
"women_b12","All","dhs2014_RH_ANCN_W_N47",FALSE
"women_b12","All","dhs2014_RH_ANCT_W_T67",FALSE
"women_b12","All","dhs2014_RH_ANCC_W_PAR",FALSE
"women_b12","All","dhs2014_RH_ICSP_W_M18",FALSE
"women_b12","All","dhs2014_RH_ICSP_W_IDK",FALSE
"women_b12","All","dhs2014_RH_TTIJ_W_TT2",FALSE
"women_b12","All","dhs2014_RH_TTIJ_W_DKM",FALSE
"women_b12","All","dhs2014_RH_DELP_C_OTH",FALSE
"women_b12","All","dhs2014_RH_DELA_C_NON",FALSE
"women_b12","All","dhs2014_RH_PCMT_W_23H",FALSE
"women_b12","All","dhs2014_RH_PCMT_W_D12",FALSE
"women_b12","All","dhs2014_RH_PCMT_W_DKM",FALSE
"women_b12","All","dhs2014_RH_PCMP_W_NRS",FALSE
"women_b12","All","dhs2014_RH_PCMP_W_CHW",FALSE
"women_b12","All","dhs2014_RH_PCCT_C_L1H",FALSE
"women_b12","All","dhs2014_RH_PCCT_C_DKM",FALSE
"women_b12","All","dhs2014_RH_PCCP_C_NON",FALSE
"women_b12","All","dhs2014_RH_MIMH_M_ANM",FALSE
"women_b12","All","dhs2014_RH_PAHC_W_PRM",FALSE
"women_b12","All","dhs2014_CH_SZWT_C_AVG",FALSE
"women_b12","All","dhs2014_CH_SZWT_C_UN1",FALSE
"women_b12","All","dhs2014_CH_VACC_C_DP1",FALSE
"women_b12","All","dhs2014_CH_VACC_C_DP2",FALSE
"women_b12","All","dhs2014_CH_VACC_C_DP3",FALSE
"women_b12","All","dhs2014_CH_VACC_C_OP1",FALSE
"women_b12","All","dhs2014_CH_VACC_C_OP2",FALSE
"women_b12","All","dhs2014_CH_VACC_C_OP3",FALSE
"women_b12","All","dhs2014_CH_VACC_C_AP2",FALSE
"women_b12","All","dhs2014_CH_VACP_C_SN2",FALSE
"women_b12","All","dhs2014_CH_ARIS_C_ARI",FALSE
"women_b12","All","dhs2014_CH_FEVT_C_ADV",FALSE
"women_b12","All","dhs2014_CH_FEVT_C_ABI",FALSE
"women_b12","All","dhs2014_CH_DIAR_C_DIA",FALSE
"women_b12","All","dhs2014_CH_DIAT_C_RHF",FALSE
"women_b12","All","dhs2014_CH_DIAT_C_OZC",FALSE
"women_b12","All","dhs2014_CH_DIAT_C_OSI",FALSE
"women_b12","All","dhs2014_CH_DIAT_C_ABI",FALSE
"women_b12","All","dhs2014_CH_DIAT_C_NOT",FALSE
"women_b12","All","dhs2014_CH_DIFP_C_LSM",FALSE
"women_b12","All","dhs2014_CH_DIFP_C_LNO",FALSE
"women_b12","All","dhs2014_CH_DIFP_C_FSM",FALSE
"women_b12","All","dhs2014_CH_DIFP_C_FML",FALSE
"women_b12","All","dhs2014_CH_DIFP_C_FCF",FALSE
"women_b12","All","dhs2014_CH_DIFP_C_NUM",FALSE
"women_b12","All","dhs2014_CH_DSTL_C_GBG",FALSE
"women_b12","All","dhs2014_CH_DSTL_C_OTH",FALSE
"women_b12","All","dhs2014_CN_BRFI_C_EVR",FALSE
"women_b12","All","dhs2014_CN_BRFI_C_1HR",FALSE
"women_b12","All","dhs2014_CN_BRFI_C_1DY",FALSE
"women_b12","All","dhs2014_CN_IYCF_C_4FB",FALSE
"women_b12","All","dhs2014_CN_MIAC_C_VAF",FALSE
"women_b12","All","dhs2014_CN_MIAC_C_IRF",FALSE
"women_b12","All","dhs2014_CN_MIAC_C_IOD",FALSE
"women_b12","All","dhs2014_CN_IODZ_H_SLN",FALSE
"women_b12","All","dhs2014_AN_ANEM_W_ANY",FALSE
"women_b12","All","dhs2014_AN_ANEM_W_SEV",FALSE
"women_b12","All","dhs2014_ML_NETW_W_ANY",FALSE
"women_b12","All","dhs2014_ML_IPTP_W_SPA",FALSE
"women_b12","All","dhs2014_ML_FEVT_C_ADV",FALSE
"women_b12","All","dhs2014_ML_FEVT_C_AML",FALSE
"women_b12","All","dhs2014_ML_FEVT_C_AMS",FALSE
"women_b12","All","dhs2014_ML_AMLD_C_ACT",FALSE
"women_b12","All","dhs2014_ML_AMLD_C_SPF",FALSE
"women_b12","All","dhs2014_ML_AMLD_C_CHL",FALSE
"women_b12","All","dhs2014_ML_AMLD_C_UNW",FALSE
"women_b12","All","dhs2014_ML_PMAL_C_MSE",FALSE
"women_b12","All","dhs2014_ML_PMAL_C_MSR",FALSE
"women_b12","All","dhs2014_HA_KMTC_M_PRG",FALSE
"women_b12","All","dhs2014_HA_KMTC_M_DLV",FALSE
"women_b12","All","dhs2014_HA_KMTC_M_PDB",FALSE
"women_b12","All","dhs2014_HA_AATT_W_FTC",FALSE
"women_b12","All","dhs2014_HA_AATT_W_SEC",FALSE
"women_b12","All","dhs2014_HA_AATT_M_VEG",FALSE
"women_b12","All","dhs2014_HA_AATT_M_FTC",FALSE
"women_b12","All","dhs2014_HA_ANSS_M_RSX",FALSE
"women_b12","All","dhs2014_HA_HRSX_W_UN1",FALSE
"women_b12","All","dhs2014_HA_MSXP_M_UN2",FALSE
"women_b12","All","dhs2014_HA_PYSX_M_PD1",FALSE
"women_b12","All","dhs2014_HA_CPHT_M_ETN",FALSE
"women_b12","All","dhs2014_HA_CPHT_M_T1R",FALSE
"women_b12","All","dhs2014_HA_CATH_W_TNC",FALSE
"women_b12","All","dhs2014_HA_CATH_W_ATN",FALSE
"women_b12","All","dhs2014_HA_STIS_W_STI",FALSE
"women_b12","All","dhs2014_HA_STIS_W_SOR",FALSE
"women_b12","All","dhs2014_HA_STIS_M_STI",FALSE
"women_b12","All","dhs2014_HA_STIS_M_AST",FALSE
"women_b12","All","dhs2014_HA_MINJ_W_NEW",FALSE
"women_b12","All","dhs2014_HA_MINJ_M_NEW",FALSE
"women_b12","All","dhs2014_HA_CHVT_W_DBN",FALSE
"women_b12","All","dhs2014_HA_CHVT_W_ABI",FALSE
"women_b12","All","dhs2014_HA_CHVT_M_DBN",FALSE
"women_b12","All","dhs2014_HA_CHVT_M_OTI",FALSE
"women_b12","All","dhs2014_HA_CHVT_M_OTN",FALSE
"women_b12","All","dhs2014_HA_CHVT_B_ABI",FALSE
"women_b12","All","dhs2014_HA_HIVY_M_UNW",FALSE
"women_b12","All","dhs2014_HA_HPAC_B_CPN",FALSE
"women_b12","All","dhs2014_AH_HINS_W_NON",FALSE
"women_b12","All","dhs2014_AH_HINS_M_OTH",FALSE
"women_b12","All","dhs2014_WE_OWNA_W_HJN",FALSE
"women_b12","All","dhs2014_WE_OWNA_W_HAJ",FALSE
"women_b12","All","dhs2014_WE_OWNA_W_HNO",FALSE
"women_b12","All","dhs2014_WE_OWNA_W_HDK",FALSE
"women_b12","All","dhs2014_WE_OWNA_W_LAL",FALSE
"women_b12","All","dhs2014_WE_OWNA_W_LAJ",FALSE
"women_b12","All","dhs2014_WE_OWNA_M_HAL",FALSE
"women_b12","All","dhs2014_WE_OWNA_M_LAL",FALSE
"women_b12","All","dhs2014_WE_OWNA_M_LAJ",FALSE
"women_b12","All","dhs2014_WE_OWNA_M_LNO",FALSE
"women_b12","All","dhs2014_WE_ANSR_W_CAC",FALSE
"women_b12","All","dhs2014_WE_DMAK_M_NON",FALSE
"women_b12","All","dhs2014_CP_BREG_C_NCT",FALSE
"women_b12","All","dhs2014_CP_BREG_C_REG",FALSE
"women_b12","All","dhs2014_ED_SCHA_C_SCR",FALSE
"women_b12","All","dhs2014_ED_EDAT_W_PRI",FALSE
"women_b12","All","dhs2014_ED_EDAT_W_UNW",FALSE
"women_b12","All","dhs2014_ED_NARP_B_GPI",FALSE
"women_b12","All","dhs2014_ED_NARS_B_GPI",FALSE
"women_b12","All","dhs2014_ED_GARS_B_BTH",FALSE
"women_b12","All","dhs2014_ED_EDUC_W_SPR",FALSE
"women_b12","All","dhs2014_ED_LITR_W_RDW",FALSE
"women_b12","All","dhs2014_ED_LITR_W_RDP",FALSE
"women_b12","All","dhs2014_ED_LITR_M_RDP",FALSE
"women_b12","All","dhs2014_EM_EMPL_W_ENC",FALSE
"women_b12","All","dhs2014_EM_EMPL_M_N12",FALSE
"women_b12","All","dhs2014_EM_OCCP_W_MNS",FALSE
"women_b12","All","dhs2014_EM_WERN_W_HUS",FALSE
"women_b12","All","dhs2014_EM_WERN_W_OTH",FALSE
"women_b12","All","dhs2014_EM_MERN_W_WIF",FALSE
"women_b12","All","dhs2014_EM_MERN_W_DKM",FALSE
"women_b12","All","dhs2014_EM_MERN_M_WIF",FALSE
"women_b12","All","dhs2014_WS_SRCE_H_PWL",FALSE
"women_b12","All","dhs2014_WS_SRCE_H_TNK",FALSE
"women_b12","All","dhs2014_WS_SRCE_H_USG",FALSE
"women_b12","All","dhs2014_WS_SRCE_P_PSG",FALSE
"women_b12","All","dhs2014_WS_WTRT_H_BLC",FALSE
"women_b12","All","dhs2014_WS_WTRT_P_STN",FALSE
"women_b12","All","dhs2014_WS_WTRT_P_CER",FALSE
"women_b12","All","dhs2014_WS_WTRT_P_DKM",FALSE
"women_b12","All","dhs2014_WS_WTRT_P_APP",FALSE
"women_b12","All","dhs2014_WS_TLET_H_VIP",FALSE
"women_b12","All","dhs2014_WS_TLET_P_NBK",FALSE
"women_b12","All","dhs2014_WS_TLET_P_NHG",FALSE
"women_b12","All","dhs2014_WS_HNDW_H_SOP",FALSE
"women_b12","All","dhs2014_WS_HNDW_H_LTD",FALSE
"women_b12","All","dhs2014_WS_HNDW_P_CLN",FALSE
"women_b12","All","dhs2014_WS_HNDW_P_UN1",FALSE
"women_b12","All","dhs2014_HC_RMSL_P_2RM",FALSE
"women_b12","All","dhs2014_HC_CKPL_H_HSE",FALSE
"women_b12","All","dhs2014_HC_SMKH_H_WLY",FALSE
"women_b12","All","dhs2014_HC_SMKH_P_LES",FALSE
"women_b12","All","dhs2014_HC_PPRM_H_7PP",FALSE
"women_b12","All","dhs2014_HC_HEFF_H_MPH",FALSE
"women_b12","All","dhs2014_HC_TRNS_H_BTM",FALSE
"women_b12","All","dhs2014_HC_AGEG_P_459",FALSE
"women_b12","All","dhs2014_HC_AGEG_P_504",FALSE
"women_b12","All","dhs2014_HC_AGEG_P_559",FALSE
"women_b12","All","dhs2014_HC_AGEG_P_704",FALSE
"women_b12","All","dhs2014_HC_AGEG_P_759",FALSE
"women_b12","All","dhs2014_HC_AGEG_P_80P",FALSE
"women_b12","All","dhs2014_HC_LVAR_C_NMA",FALSE
"women_b12","All","dhs2014_HC_LVAR_C_NBD",FALSE
"women_b12","All","dhs2014_HC_LVAY_C_NMA",FALSE
"women_b12","All","dhs2014_SV_HRES_H_DES",FALSE
"women_b12","All","dhs2014_SV_RESI_W_INC",FALSE
"women_b12","All","dhs2014_SV_RESI_W_OTH",FALSE
"women_b12","All","dhs2014_SV_RESI_M_PRT",FALSE
"women_b12","All","dhs2014_SV_RESI_M_INN",FALSE
"women_b12","All","dhs2014_SV_HRSM_H_NOR",FALSE
"women_b12","All","dhs2014_SV_HRSM_H_ABS",FALSE
"women_b12","All","dhs2014_SV_HRSM_H_RES",FALSE
"women_b12","All","dhs2014_SV_INTV_W_MNI",FALSE
"women_b12","All","dhs2014_SV_INTV_M_MNI",FALSE
"women_b12","All","dhs2016_DHSREGFR",FALSE
"women_b12","All","dhs2016_DHSREGSP",FALSE
"women_b12","All","dhs2016_FE_FRTR_W_A10",FALSE
"women_b12","All","dhs2016_FE_FRTR_W_A15",FALSE
"women_b12","All","dhs2016_FE_FRTY_W_U49",FALSE
"women_b12","All","dhs2016_CH_FEVR_C_FEV",FALSE
"women_b12","All","dhs2016_CH_FEVT_C_AT1",FALSE
"women_b12","All","dhs2016_CH_FEVT_C_ADV",FALSE
"women_b12","All","dhs2016_CH_FEVT_C_ABI",FALSE
"women_b12","All","dhs2016_CN_ANMC_C_SEV",FALSE
"women_b12","All","dhs2016_ML_NSRC_N_ANC",FALSE
"women_b12","All","dhs2016_ML_NSRC_N_GHF",FALSE
"women_b12","All","dhs2016_ML_NSRC_N_DKM",FALSE
"women_b12","All","dhs2016_ML_IPTP_W_3SA",FALSE
"women_b12","All","dhs2016_ML_FEVT_C_ADV",FALSE
"women_b12","All","dhs2016_ML_FEVT_C_ADS",FALSE
"women_b12","All","dhs2016_ML_FEVT_C_ACS",FALSE
"women_b12","All","dhs2016_ML_FEVT_C_UNW",FALSE
"women_b12","All","dhs2016_ML_AMLD_C_QNN",FALSE
"women_b12","All","dhs2016_ML_PMAL_C_RDL",FALSE
"women_b12","All","dhs2016_ML_PMAL_C_MSL",FALSE
"women_b12","All","dhs2016_ED_EDUC_W_PRI",FALSE
"women_b12","All","dhs2016_ED_LITY_W_RDP",FALSE
"women_b12","All","dhs2016_WS_SRCE_H_PNB",FALSE
"women_b12","All","dhs2016_WS_SRCE_H_UWL",FALSE
"women_b12","All","dhs2016_WS_SRCE_H_USG",FALSE
"women_b12","All","dhs2016_WS_SRCE_P_PYD",FALSE
"women_b12","All","dhs2016_WS_SRCE_P_TAP",FALSE
"women_b12","All","dhs2016_WS_SRCE_P_TNK",FALSE
"women_b12","All","dhs2016_WS_SRCE_P_LTD",FALSE
"women_b12","All","dhs2016_WS_TLET_H_VIP",FALSE
"women_b12","All","dhs2016_WS_TLET_H_NBK",FALSE
"women_b12","All","dhs2016_HC_FLRM_H_DNG",FALSE
"women_b12","All","dhs2016_HC_FLRM_H_CPT",FALSE
"women_b12","All","dhs2016_HC_FLRM_P_PQT",FALSE
"women_b12","All","dhs2016_HC_FLRM_P_VIN",FALSE
"women_b12","All","dhs2016_HC_CKFL_H_COL",FALSE
"women_b12","All","dhs2016_HC_CKFL_H_AGR",FALSE
"women_b12","All","dhs2016_HC_PPRM_H_34P",FALSE
"women_b12","All","dhs2016_HC_HEFF_H_NPH",FALSE
"women_b12","All","dhs2016_HC_AGEG_P_359",FALSE
"women_b12","All","dhs2016_HC_AGEG_P_559",FALSE
"women_b12","All","dhs2016_HC_AGEG_P_604",FALSE
"women_b12","All","dhs2016_HC_AGEG_P_659",FALSE
"women_b12","All","dhs2016_HC_AGEG_P_704",FALSE
"women_b12","All","dhs2016_HC_AGEG_P_UNW",FALSE
"women_b12","All","dhs2016_HC_OLDR_H_W65",FALSE
"women_b12","All","dhs2016_HC_MEMB_H_3MM",FALSE
"women_b12","All","dhs2016_HC_MEMB_H_4MM",FALSE
"women_b12","All","dhs2016_SV_HRES_H_INT",FALSE
"women_b12","All","dhs2016_SV_HRES_H_NOR",FALSE
"women_b12","All","dhs2016_SV_RESI_W_INC",FALSE
"women_b12","All","dhs2016_SV_RESI_W_ELG",FALSE
"women_b12","All","dhs2016_SV_INTV_W_MED",FALSE
"women_b12","All","dhs2017_DHSREGFR",FALSE
"women_b12","All","dhs2017_DHSREGSP",FALSE
"women_b12","All","dhs2017_FE_FRTR_W_A10",FALSE
"women_b12","All","dhs2017_FE_FRTY_W_U49",FALSE
"women_b12","All","dhs2017_FE_BORD_C_BO1",FALSE
"women_b12","All","dhs2017_FE_BORD_C_BO4",FALSE
"women_b12","All","dhs2017_RH_ANCN_W_N4P",FALSE
"women_b12","All","dhs2017_RH_ANCT_W_MED",FALSE
"women_b12","All","dhs2017_CN_ANMC_C_MLD",FALSE
"women_b12","All","dhs2017_ML_NSRC_N_ANC",FALSE
"women_b12","All","dhs2017_ML_NSRC_N_SHP",FALSE
"women_b12","All","dhs2017_ML_NSRC_N_REL",FALSE
"women_b12","All","dhs2017_ML_NSRC_N_SCL",FALSE
"women_b12","All","dhs2017_ML_IRSM_H_I2I",FALSE
"women_b12","All","dhs2017_ML_NETC_C_NM1",FALSE
"women_b12","All","dhs2017_ML_NETW_W_IT1",FALSE
"women_b12","All","dhs2017_ML_IPTP_W_SPF",FALSE
"women_b12","All","dhs2017_ML_IPTP_W_2SP",FALSE
"women_b12","All","dhs2017_ML_FEVR_C_FEV",FALSE
"women_b12","All","dhs2017_ML_FEVT_C_AML",FALSE
"women_b12","All","dhs2017_ML_FEVT_C_AMS",FALSE
"women_b12","All","dhs2017_ML_AMLD_C_ACT",FALSE
"women_b12","All","dhs2017_ML_AMLD_C_QNN",FALSE
"women_b12","All","dhs2017_ML_AMLD_C_NUM",FALSE
"women_b12","All","dhs2017_ML_PMAL_C_MSE",FALSE
"women_b12","All","dhs2017_AH_HINS_W_MUT",FALSE
"women_b12","All","dhs2017_ED_EDUC_W_PRI",FALSE
"women_b12","All","dhs2017_ED_LITR_W_RDP",FALSE
"women_b12","All","dhs2017_ED_LITY_W_SCH",FALSE
"women_b12","All","dhs2017_WS_SRCE_H_PNB",FALSE
"women_b12","All","dhs2017_WS_SRCE_H_PWL",FALSE
"women_b12","All","dhs2017_WS_SRCE_H_PSG",FALSE
"women_b12","All","dhs2017_WS_SRCE_P_PIP",FALSE
"women_b12","All","dhs2017_WS_SRCE_P_TAP",FALSE
"women_b12","All","dhs2017_WS_SRCE_P_RNW",FALSE
"women_b12","All","dhs2017_WS_SRCE_P_UWL",FALSE
"women_b12","All","dhs2017_WS_SRCE_P_SRF",FALSE
"women_b12","All","dhs2017_WS_TIME_H_DKM",FALSE
"women_b12","All","dhs2017_WS_TLET_P_PSL",FALSE
"women_b12","All","dhs2017_WS_TLET_P_NPT",FALSE
"women_b12","All","dhs2017_WS_TLET_P_BAS",FALSE
"women_b12","All","dhs2017_HC_FLRM_H_NAT",FALSE
"women_b12","All","dhs2017_HC_FLRM_H_DNG",FALSE
"women_b12","All","dhs2017_HC_FLRM_H_VIN",FALSE
"women_b12","All","dhs2017_HC_FLRM_P_OTH",FALSE
"women_b12","All","dhs2017_HC_RMSL_H_2RM",FALSE
"women_b12","All","dhs2017_HC_CKFL_H_ELC",FALSE
"women_b12","All","dhs2017_HC_CKFL_H_OTH",FALSE
"women_b12","All","dhs2017_HC_CKFL_P_ELC",FALSE
"women_b12","All","dhs2017_HC_PPRM_H_12P",FALSE
"women_b12","All","dhs2017_HC_PPRM_H_56P",FALSE
"women_b12","All","dhs2017_HC_AGEG_P_159",FALSE
"women_b12","All","dhs2017_HC_AGEG_P_404",FALSE
"women_b12","All","dhs2017_HC_AGEG_P_459",FALSE
"women_b12","All","dhs2017_HC_AGEG_P_504",FALSE
"women_b12","All","dhs2017_HC_AGEG_P_604",FALSE
"women_b12","All","dhs2017_HC_AGEG_P_659",FALSE
"women_b12","All","dhs2017_HC_AGEG_P_704",FALSE
"women_b12","All","dhs2017_HC_AGEG_P_759",FALSE
"women_b12","All","dhs2017_HC_AGEG_P_SNR",FALSE
"women_b12","All","dhs2017_HC_AGEG_P_DK2",FALSE
"women_b12","All","dhs2017_HC_OLDR_H_O65",FALSE
"women_b12","All","dhs2017_HC_MEMB_H_0MM",FALSE
"women_b12","All","dhs2017_HC_MEMB_H_5MM",FALSE
"women_b12","All","dhs2017_SV_HRES_H_INT",FALSE
"women_b12","All","dhs2017_SV_HRES_H_VAC",FALSE
"women_b12","All","dhs2017_SV_HRES_H_RES",FALSE
"women_b12","All","dhs2017_SV_RESI_W_REF",FALSE
"women_b12","All","dhs2017_SV_RESI_W_ELG",FALSE
"women_b12","All","dhs2017_SV_RESI_W_ORR",FALSE
"women_b12","All","dhs2017_SV_INTV_W_MED",FALSE
"women_b12","All","dhs2017_SV_INTV_W_MNI",FALSE
"women_b12","All","mics_hh26b_se",FALSE
"women_b12","All","mics_hh26c",FALSE
"women_b12","All","mics_hh26c_se",FALSE
"women_b12","All","mics_hc1a_se",FALSE
"women_b12","All","mics_hc1b_se",FALSE
"women_b12","All","mics_hc6_se",FALSE
"women_b12","All","mics_hc7i",FALSE
"women_b12","All","mics_hc7k_se",FALSE
"women_b12","All","mics_hc7l",FALSE
"women_b12","All","mics_hc9b_se",FALSE
"women_b12","All","mics_hc9c_se",FALSE
"women_b12","All","mics_hc9f_se",FALSE
"women_b12","All","mics_hc10b_se",FALSE
"women_b12","All","mics_hc10e_se",FALSE
"women_b12","All","mics_hc13_se",FALSE
"women_b12","All","mics_hc16",FALSE
"women_b12","All","mics_hc18d_se",FALSE
"women_b12","All","mics_hc18f",FALSE
"women_b12","All","mics_eu8",FALSE
"women_b12","All","mics_eu9_se",FALSE
"women_b12","All","mics_ir1",FALSE
"women_b12","All","mics_ir1_se",FALSE
"women_b12","All","mics_ws5_se",FALSE
"women_b12","All","mics_ws7",FALSE
"women_b12","All","mics_ws8",FALSE
"women_b12","All","mics_hw2_se",FALSE
"women_b12","All","mics_hw6",FALSE
"women_b12","All","mics_sa1",FALSE
"women_b12","All","mics_wq4_se",FALSE
"women_b12","All","mics_wq23m",FALSE
"women_b12","All","mics_observe_hh_sample_collection_se",FALSE
"women_b12","All","mics_wq25m_se",FALSE
"women_b12","All","mics_hhage",FALSE
"women_b12","All","mics_wscore_se",FALSE
"women_b12","All","mics_wat_class_se",FALSE
"women_b12","All","mics_san_cat_se",FALSE
"women_b12","All","mics_education_se",FALSE
"women_b12","All","mics_ec_result_h100",FALSE
"women_b12","All","mics_ec_result_s100",FALSE
"women_b12","All","mics_ec_risk_s_1_se",FALSE
"women_b12","All","mics_hw7a_a",FALSE
"women_b12","All","mics_se.ws10bbc_c",FALSE
"women_b12","All","mics_se.ws10bbd_d",FALSE
"women_b12","All","mics_se.hw8a_2",FALSE
"women_b12","All","mics_se.hw8a_a",FALSE
"women_b12","All","ihme_15_49_years_24_males_number_of_uncircumcised_men_counts",FALSE
"women_b12","All","ihme_15_49_years_24_males_male_circumcision_prevalence_percent",FALSE
"women_b12","All","ihme_15_59_years_199_both_hiv_prevalence_percent",FALSE
"women_b12","All","ihme_12_23_months_238_both_mcv1_coverage_percent",FALSE
"women_b12","All","ihme_all_ages_22_both_onchocerciasis_prevalence_rate",FALSE
"women_b12","All","lsms_hh_fd_p",FALSE
"women_b12","All","lsms_hh_totalch",FALSE
"women_b12","All","lsms_hh_hsutensil",FALSE
"women_b12","All","lsms_hh_hsrepairf",FALSE
"women_b12","All","lsms_hh_hsserv",FALSE
"women_b12","All","lsms_hh_tothlth",FALSE
"women_b12","All","lsms_hh_rcrepair",FALSE
"women_b12","All","lsms_hh_rcpetserv",FALSE
"women_b12","All","lsms_hh_rcserve_cult",FALSE
"women_b12","All","lsms_hh_rcserve",FALSE
"women_b12","All","lsms_hh_edundefin",FALSE
"women_b12","All","lsms_hh_tothotl",FALSE
"women_b12","All","lsms_hh_missprot",FALSE
"women_b12","All","lsms_hh_misinsur",FALSE
"women_b12","All","lsms_hh_pindex_nfd",FALSE
"women_b12","All","lsms_hh_remit_inc",FALSE
"women_b12","All","lsms_hh_inc_other",FALSE
"women_b12","All","lsms_hh_pcinc_grs",FALSE
"women_b12","All","lsms_hh_fd_p_fruit",FALSE
"women_b12","All","lsms_hh_fd_p_star",FALSE
"women_b12","All","lsms_hh_se.fd_b",FALSE
"women_b12","All","lsms_hh_se.fdnonalc_b",FALSE
"women_b12","All","lsms_hh_se.hsfootw",FALSE
"women_b12","All","lsms_hh_se.owntype",FALSE
"women_b12","All","lsms_hh_se.sewerage",FALSE
"women_b12","All","lsms_hh_se.hsutility",FALSE
"women_b12","All","lsms_hh_se.hsfurni",FALSE
"women_b12","All","lsms_hh_se.hlmedi",FALSE
"women_b12","All","lsms_hh_se.hloutp",FALSE
"women_b12","All","lsms_hh_se.trserve",FALSE
"women_b12","All","lsms_hh_se.comtel",FALSE
"women_b12","All","lsms_hh_se.phone_9a",FALSE
"women_b12","All","lsms_hh_se.rcpets",FALSE
"women_b12","All","lsms_hh_se.rcnews",FALSE
"women_b12","All","lsms_hh_se.rcholid",FALSE
"women_b12","All","lsms_hh_se.edundefin",FALSE
"women_b12","All","lsms_hh_se.mispersn",FALSE
"women_b12","All","lsms_hh_se.mispereff",FALSE
"women_b12","All","lsms_hh_se.missprot",FALSE
"women_b12","All","lsms_hh_se.misinsur",FALSE
"women_b12","All","lsms_hh_se.misfinan",FALSE
"women_b12","All","lsms_hh_se.ppp2011",FALSE
"women_b12","All","lsms_hh_se.pindex_nfd",FALSE
"women_b12","All","lsms_hh_se.pindex",FALSE
"women_b12","All","lsms_hh_se.pl_ext",FALSE
"women_b12","All","lsms_hh_se.wage_hid",FALSE
"women_b12","All","lsms_hh_se.wta_s_hhsize",FALSE
"women_b12","All","lsms_hh_se.mpl_abs",FALSE
"women_b12","All","MAP_202106_Insecticide_Treated_Net_Access",FALSE
"women_b12","All","MAP_202106_Antimalarial_Effective_Treatment",FALSE
"women_b12","All","nearest_market_id",FALSE
"women_b12","All","wfp_cowpeas_white",FALSE
"women_b12","All","wfp_eggs",FALSE
"women_b12","All","wfp_fish_mackerel_fresh",FALSE
"women_b12","All","wfp_gari",FALSE
"women_b12","All","wfp_maize",FALSE
"women_b12","All","wfp_maize_yellow",FALSE
"women_b12","All","wfp_peppers_dried",FALSE
"women_b12","All","wfp_rice_local",FALSE
"women_b12","All","wfp_sorghum",FALSE
"women_b12","All","wfp_tomatoes_local",FALSE
"women_b12","All","wfp_rice_paddy",FALSE
"women_b12","All","gee_trmm_mean_50km",FALSE
"women_b12","All","missing_gw_wprm_yr",FALSE
"women_b12","All","missing_gw_wjss_yr",FALSE
"women_b12","All","missing_dhs2014_SX_AAFS_M_M2A",FALSE
"women_b12","All","missing_ihme_15_49_years_24_males_number_of_uncircumcised_men_counts",FALSE
"women_b12","All","missing_wfp_cowpeas_white",FALSE
"women_b12","All","missing_wfp_maize_yellow",FALSE
"women_b12","Proxy","Admin1",TRUE
"women_b12","Proxy","dhs2014_FE_FRTY_W_PRG",FALSE
"women_b12","Proxy","dhs2014_FE_FRTY_W_U49",FALSE
"women_b12","Proxy","dhs2014_FE_BINT_C_I07",FALSE
"women_b12","Proxy","dhs2014_FE_BINT_C_I18",FALSE
"women_b12","Proxy","dhs2014_FE_BINT_C_I24",FALSE
"women_b12","Proxy","dhs2014_FE_BINT_C_MED",FALSE
"women_b12","Proxy","dhs2014_FE_BORD_C_BO1",FALSE
"women_b12","Proxy","dhs2014_FE_TNPG_W_CBR",FALSE
"women_b12","Proxy","dhs2014_FP_CUSA_W_FST",FALSE
"women_b12","Proxy","dhs2014_FP_CUSA_W_IUD",FALSE
"women_b12","Proxy","dhs2014_FP_CUSA_W_IMP",FALSE
"women_b12","Proxy","dhs2014_FP_CUSA_W_MCN",FALSE
"women_b12","Proxy","dhs2014_FP_CUSA_W_FOM",FALSE
"women_b12","Proxy","dhs2014_FP_CUSU_W_PIL",FALSE
"women_b12","Proxy","dhs2014_FP_CUSU_W_IMP",FALSE
"women_b12","Proxy","dhs2014_FP_CUSU_W_RHY",FALSE
"women_b12","Proxy","dhs2014_FP_CUSU_W_WTH",FALSE
"women_b12","Proxy","dhs2014_FP_CUSY_W_MOD",FALSE
"women_b12","Proxy","dhs2014_FP_NADM_W_UNT",FALSE
"women_b12","Proxy","dhs2014_FP_NADM_W_TDU",FALSE
"women_b12","Proxy","dhs2014_FP_NADA_W_UMS",FALSE
"women_b12","Proxy","dhs2014_FP_NADA_W_PDM",FALSE
"women_b12","Proxy","dhs2014_FP_NADU_W_UNT",FALSE
"women_b12","Proxy","dhs2014_FP_NADU_W_MNL",FALSE
"women_b12","Proxy","dhs2014_FP_NADU_W_TDS",FALSE
"women_b12","Proxy","dhs2014_FP_NADU_W_TDL",FALSE
"women_b12","Proxy","dhs2014_FP_NADU_W_TDT",FALSE
"women_b12","Proxy","dhs2014_FP_NADU_W_UMT",FALSE
"women_b12","Proxy","dhs2014_FP_NADU_W_PDM",FALSE
"women_b12","Proxy","dhs2014_FP_NDYM_W_UNS",FALSE
"women_b12","Proxy","dhs2014_FP_NDYM_W_PDM",FALSE
"women_b12","Proxy","dhs2014_FP_NDYA_W_TDL",FALSE
"women_b12","Proxy","dhs2014_FP_NDYA_W_UMS",FALSE
"women_b12","Proxy","dhs2014_FP_NDYA_W_UML",FALSE
"women_b12","Proxy","dhs2014_FP_NDYA_W_UNW",FALSE
"women_b12","Proxy","dhs2014_FP_NDYA_W_PDM",FALSE
"women_b12","Proxy","dhs2014_FP_NDYU_W_MNS",FALSE
"women_b12","Proxy","dhs2014_FP_NDYU_W_TDS",FALSE
"women_b12","Proxy","dhs2014_FP_NDYU_W_UMT",FALSE
"women_b12","Proxy","dhs2014_FP_NDYU_W_PDS",FALSE
"women_b12","Proxy","dhs2014_FP_EFPM_W_RDO",FALSE
"women_b12","Proxy","dhs2014_FP_NFPP_W_HFP",FALSE
"women_b12","Proxy","dhs2014_FP_NFPP_W_HNF",FALSE
"women_b12","Proxy","dhs2014_MA_MSTY_W_NMA",FALSE
"women_b12","Proxy","dhs2014_MA_MSTY_W_SEP",FALSE
"women_b12","Proxy","dhs2014_MA_MSTY_M_SEP",FALSE
"women_b12","Proxy","dhs2014_MA_AAFM_W_M40",FALSE
"women_b12","Proxy","dhs2014_MA_AAFM_M_M40",FALSE
"women_b12","Proxy","dhs2014_MA_AAFM_M_M55",FALSE
"women_b12","Proxy","dhs2014_MA_ADIF_W_O05",FALSE
"women_b12","Proxy","dhs2014_MA_ADIF_W_O01",FALSE
"women_b12","Proxy","dhs2014_MA_ADIF_W_YNG",FALSE
"women_b12","Proxy","dhs2014_SX_SBAY_W_B15",FALSE
"women_b12","Proxy","dhs2014_SX_SBAY_W_B20",FALSE
"women_b12","Proxy","dhs2014_SX_SBAY_M_B15",FALSE
"women_b12","Proxy","dhs2014_SX_SBAY_M_NSX",FALSE
"women_b12","Proxy","dhs2014_SX_AAFS_W_M40",FALSE
"women_b12","Proxy","dhs2014_SX_AAFS_W_M45",FALSE
"women_b12","Proxy","dhs2014_SX_AAFS_M_M20",FALSE
"women_b12","Proxy","dhs2014_SX_AAFS_M_M25",FALSE
"women_b12","Proxy","dhs2014_SX_AAFS_M_M50",FALSE
"women_b12","Proxy","dhs2014_SX_LSEX_M_1YR",FALSE
"women_b12","Proxy","dhs2014_SX_LSEX_M_1PY",FALSE
"women_b12","Proxy","dhs2014_CM_ECMR_C_NNX",FALSE
"women_b12","Proxy","dhs2014_CM_ECMR_C_NNU",FALSE
"women_b12","Proxy","dhs2014_CM_ECMR_C_IMX",FALSE
"women_b12","Proxy","dhs2014_CM_ECMR_C_U5X",FALSE
"women_b12","Proxy","dhs2014_RH_ANCN_W_N47",FALSE
"women_b12","Proxy","dhs2014_RH_ANCT_W_T67",FALSE
"women_b12","Proxy","dhs2014_RH_ANCC_W_PAR",FALSE
"women_b12","Proxy","dhs2014_RH_ICSP_W_M18",FALSE
"women_b12","Proxy","dhs2014_RH_ICSP_W_IDK",FALSE
"women_b12","Proxy","dhs2014_RH_TTIJ_W_TT2",FALSE
"women_b12","Proxy","dhs2014_RH_TTIJ_W_DKM",FALSE
"women_b12","Proxy","dhs2014_RH_DELP_C_OTH",FALSE
"women_b12","Proxy","dhs2014_RH_DELA_C_NON",FALSE
"women_b12","Proxy","dhs2014_RH_PCMT_W_23H",FALSE
"women_b12","Proxy","dhs2014_RH_PCMT_W_D12",FALSE
"women_b12","Proxy","dhs2014_RH_PCMT_W_DKM",FALSE
"women_b12","Proxy","dhs2014_RH_PCMP_W_NRS",FALSE
"women_b12","Proxy","dhs2014_RH_PCMP_W_CHW",FALSE
"women_b12","Proxy","dhs2014_RH_PCCT_C_L1H",FALSE
"women_b12","Proxy","dhs2014_RH_PCCT_C_DKM",FALSE
"women_b12","Proxy","dhs2014_RH_PCCP_C_NON",FALSE
"women_b12","Proxy","dhs2014_RH_MIMH_M_ANM",FALSE
"women_b12","Proxy","dhs2014_RH_PAHC_W_PRM",FALSE
"women_b12","Proxy","dhs2014_CH_SZWT_C_AVG",FALSE
"women_b12","Proxy","dhs2014_CH_SZWT_C_UN1",FALSE
"women_b12","Proxy","dhs2014_CH_VACC_C_DP1",FALSE
"women_b12","Proxy","dhs2014_CH_VACC_C_DP2",FALSE
"women_b12","Proxy","dhs2014_CH_VACC_C_DP3",FALSE
"women_b12","Proxy","dhs2014_CH_VACC_C_OP1",FALSE
"women_b12","Proxy","dhs2014_CH_VACC_C_OP2",FALSE
"women_b12","Proxy","dhs2014_CH_VACC_C_OP3",FALSE
"women_b12","Proxy","dhs2014_CH_VACC_C_AP2",FALSE
"women_b12","Proxy","dhs2014_CH_VACP_C_SN2",FALSE
"women_b12","Proxy","dhs2014_CH_ARIS_C_ARI",FALSE
"women_b12","Proxy","dhs2014_CH_FEVT_C_ADV",FALSE
"women_b12","Proxy","dhs2014_CH_FEVT_C_ABI",FALSE
"women_b12","Proxy","dhs2014_CH_DIAR_C_DIA",FALSE
"women_b12","Proxy","dhs2014_CH_DIAT_C_RHF",FALSE
"women_b12","Proxy","dhs2014_CH_DIAT_C_OZC",FALSE
"women_b12","Proxy","dhs2014_CH_DIAT_C_OSI",FALSE
"women_b12","Proxy","dhs2014_CH_DIAT_C_ABI",FALSE
"women_b12","Proxy","dhs2014_CH_DIAT_C_NOT",FALSE
"women_b12","Proxy","dhs2014_CH_DIFP_C_LSM",FALSE
"women_b12","Proxy","dhs2014_CH_DIFP_C_LNO",FALSE
"women_b12","Proxy","dhs2014_CH_DIFP_C_FSM",FALSE
"women_b12","Proxy","dhs2014_CH_DIFP_C_FML",FALSE
"women_b12","Proxy","dhs2014_CH_DIFP_C_FCF",FALSE
"women_b12","Proxy","dhs2014_CH_DIFP_C_NUM",FALSE
"women_b12","Proxy","dhs2014_CH_DSTL_C_GBG",FALSE
"women_b12","Proxy","dhs2014_CH_DSTL_C_OTH",FALSE
"women_b12","Proxy","dhs2014_CN_BRFI_C_EVR",FALSE
"women_b12","Proxy","dhs2014_CN_BRFI_C_1HR",FALSE
"women_b12","Proxy","dhs2014_CN_BRFI_C_1DY",FALSE
"women_b12","Proxy","dhs2014_CN_IYCF_C_4FB",FALSE
"women_b12","Proxy","dhs2014_CN_MIAC_C_VAF",FALSE
"women_b12","Proxy","dhs2014_CN_MIAC_C_IRF",FALSE
"women_b12","Proxy","dhs2014_CN_MIAC_C_IOD",FALSE
"women_b12","Proxy","dhs2014_CN_IODZ_H_SLN",FALSE
"women_b12","Proxy","dhs2014_AN_ANEM_W_ANY",FALSE
"women_b12","Proxy","dhs2014_AN_ANEM_W_SEV",FALSE
"women_b12","Proxy","dhs2014_ML_NETW_W_ANY",FALSE
"women_b12","Proxy","dhs2014_ML_IPTP_W_SPA",FALSE
"women_b12","Proxy","dhs2014_ML_FEVT_C_ADV",FALSE
"women_b12","Proxy","dhs2014_ML_FEVT_C_AML",FALSE
"women_b12","Proxy","dhs2014_ML_FEVT_C_AMS",FALSE
"women_b12","Proxy","dhs2014_ML_AMLD_C_ACT",FALSE
"women_b12","Proxy","dhs2014_ML_AMLD_C_SPF",FALSE
"women_b12","Proxy","dhs2014_ML_AMLD_C_CHL",FALSE
"women_b12","Proxy","dhs2014_ML_AMLD_C_UNW",FALSE
"women_b12","Proxy","dhs2014_ML_PMAL_C_MSE",FALSE
"women_b12","Proxy","dhs2014_ML_PMAL_C_MSR",FALSE
"women_b12","Proxy","dhs2014_HA_KMTC_M_PRG",FALSE
"women_b12","Proxy","dhs2014_HA_KMTC_M_DLV",FALSE
"women_b12","Proxy","dhs2014_HA_KMTC_M_PDB",FALSE
"women_b12","Proxy","dhs2014_HA_AATT_W_FTC",FALSE
"women_b12","Proxy","dhs2014_HA_AATT_W_SEC",FALSE
"women_b12","Proxy","dhs2014_HA_AATT_M_VEG",FALSE
"women_b12","Proxy","dhs2014_HA_AATT_M_FTC",FALSE
"women_b12","Proxy","dhs2014_HA_ANSS_M_RSX",FALSE
"women_b12","Proxy","dhs2014_HA_HRSX_W_UN1",FALSE
"women_b12","Proxy","dhs2014_HA_MSXP_M_UN2",FALSE
"women_b12","Proxy","dhs2014_HA_PYSX_M_PD1",FALSE
"women_b12","Proxy","dhs2014_HA_CPHT_M_ETN",FALSE
"women_b12","Proxy","dhs2014_HA_CPHT_M_T1R",FALSE
"women_b12","Proxy","dhs2014_HA_CATH_W_TNC",FALSE
"women_b12","Proxy","dhs2014_HA_CATH_W_ATN",FALSE
"women_b12","Proxy","dhs2014_HA_STIS_W_STI",FALSE
"women_b12","Proxy","dhs2014_HA_STIS_W_SOR",FALSE
"women_b12","Proxy","dhs2014_HA_STIS_M_STI",FALSE
"women_b12","Proxy","dhs2014_HA_STIS_M_AST",FALSE
"women_b12","Proxy","dhs2014_HA_MINJ_W_NEW",FALSE
"women_b12","Proxy","dhs2014_HA_MINJ_M_NEW",FALSE
"women_b12","Proxy","dhs2014_HA_CHVT_W_DBN",FALSE
"women_b12","Proxy","dhs2014_HA_CHVT_W_ABI",FALSE
"women_b12","Proxy","dhs2014_HA_CHVT_M_DBN",FALSE
"women_b12","Proxy","dhs2014_HA_CHVT_M_OTI",FALSE
"women_b12","Proxy","dhs2014_HA_CHVT_M_OTN",FALSE
"women_b12","Proxy","dhs2014_HA_CHVT_B_ABI",FALSE
"women_b12","Proxy","dhs2014_HA_HIVY_M_UNW",FALSE
"women_b12","Proxy","dhs2014_HA_HPAC_B_CPN",FALSE
"women_b12","Proxy","dhs2014_AH_HINS_W_NON",FALSE
"women_b12","Proxy","dhs2014_AH_HINS_M_OTH",FALSE
"women_b12","Proxy","dhs2014_WE_OWNA_W_HJN",FALSE
"women_b12","Proxy","dhs2014_WE_OWNA_W_HAJ",FALSE
"women_b12","Proxy","dhs2014_WE_OWNA_W_HNO",FALSE
"women_b12","Proxy","dhs2014_WE_OWNA_W_HDK",FALSE
"women_b12","Proxy","dhs2014_WE_OWNA_W_LAL",FALSE
"women_b12","Proxy","dhs2014_WE_OWNA_W_LAJ",FALSE
"women_b12","Proxy","dhs2014_WE_OWNA_M_HAL",FALSE
"women_b12","Proxy","dhs2014_WE_OWNA_M_LAL",FALSE
"women_b12","Proxy","dhs2014_WE_OWNA_M_LAJ",FALSE
"women_b12","Proxy","dhs2014_WE_OWNA_M_LNO",FALSE
"women_b12","Proxy","dhs2014_WE_ANSR_W_CAC",FALSE
"women_b12","Proxy","dhs2014_WE_DMAK_M_NON",FALSE
"women_b12","Proxy","dhs2014_CP_BREG_C_NCT",FALSE
"women_b12","Proxy","dhs2014_CP_BREG_C_REG",FALSE
"women_b12","Proxy","dhs2014_ED_SCHA_C_SCR",FALSE
"women_b12","Proxy","dhs2014_ED_EDAT_W_PRI",FALSE
"women_b12","Proxy","dhs2014_ED_EDAT_W_UNW",FALSE
"women_b12","Proxy","dhs2014_ED_NARP_B_GPI",FALSE
"women_b12","Proxy","dhs2014_ED_NARS_B_GPI",FALSE
"women_b12","Proxy","dhs2014_ED_GARS_B_BTH",FALSE
"women_b12","Proxy","dhs2014_ED_EDUC_W_SPR",FALSE
"women_b12","Proxy","dhs2014_ED_LITR_W_RDW",FALSE
"women_b12","Proxy","dhs2014_ED_LITR_W_RDP",FALSE
"women_b12","Proxy","dhs2014_ED_LITR_M_RDP",FALSE
"women_b12","Proxy","dhs2014_EM_EMPL_W_ENC",FALSE
"women_b12","Proxy","dhs2014_EM_EMPL_M_N12",FALSE
"women_b12","Proxy","dhs2014_EM_OCCP_W_MNS",FALSE
"women_b12","Proxy","dhs2014_EM_WERN_W_HUS",FALSE
"women_b12","Proxy","dhs2014_EM_WERN_W_OTH",FALSE
"women_b12","Proxy","dhs2014_EM_MERN_W_WIF",FALSE
"women_b12","Proxy","dhs2014_EM_MERN_W_DKM",FALSE
"women_b12","Proxy","dhs2014_EM_MERN_M_WIF",FALSE
"women_b12","Proxy","dhs2014_WS_SRCE_H_PWL",FALSE
"women_b12","Proxy","dhs2014_WS_SRCE_H_TNK",FALSE
"women_b12","Proxy","dhs2014_WS_SRCE_H_USG",FALSE
"women_b12","Proxy","dhs2014_WS_SRCE_P_PSG",FALSE
"women_b12","Proxy","dhs2014_WS_WTRT_H_BLC",FALSE
"women_b12","Proxy","dhs2014_WS_WTRT_P_STN",FALSE
"women_b12","Proxy","dhs2014_WS_WTRT_P_CER",FALSE
"women_b12","Proxy","dhs2014_WS_WTRT_P_DKM",FALSE
"women_b12","Proxy","dhs2014_WS_WTRT_P_APP",FALSE
"women_b12","Proxy","dhs2014_WS_TLET_H_VIP",FALSE
"women_b12","Proxy","dhs2014_WS_TLET_P_NBK",FALSE
"women_b12","Proxy","dhs2014_WS_TLET_P_NHG",FALSE
"women_b12","Proxy","dhs2014_WS_HNDW_H_SOP",FALSE
"women_b12","Proxy","dhs2014_WS_HNDW_H_LTD",FALSE
"women_b12","Proxy","dhs2014_WS_HNDW_P_CLN",FALSE
"women_b12","Proxy","dhs2014_WS_HNDW_P_UN1",FALSE
"women_b12","Proxy","dhs2014_HC_RMSL_P_2RM",FALSE
"women_b12","Proxy","dhs2014_HC_CKPL_H_HSE",FALSE
"women_b12","Proxy","dhs2014_HC_SMKH_H_WLY",FALSE
"women_b12","Proxy","dhs2014_HC_SMKH_P_LES",FALSE
"women_b12","Proxy","dhs2014_HC_PPRM_H_7PP",FALSE
"women_b12","Proxy","dhs2014_HC_HEFF_H_MPH",FALSE
"women_b12","Proxy","dhs2014_HC_TRNS_H_BTM",FALSE
"women_b12","Proxy","dhs2014_HC_AGEG_P_459",FALSE
"women_b12","Proxy","dhs2014_HC_AGEG_P_504",FALSE
"women_b12","Proxy","dhs2014_HC_AGEG_P_559",FALSE
"women_b12","Proxy","dhs2014_HC_AGEG_P_704",FALSE
"women_b12","Proxy","dhs2014_HC_AGEG_P_759",FALSE
"women_b12","Proxy","dhs2014_HC_AGEG_P_80P",FALSE
"women_b12","Proxy","dhs2014_HC_LVAR_C_NMA",FALSE
"women_b12","Proxy","dhs2014_HC_LVAR_C_NBD",FALSE
"women_b12","Proxy","dhs2014_HC_LVAY_C_NMA",FALSE
"women_b12","Proxy","dhs2014_SV_HRES_H_DES",FALSE
"women_b12","Proxy","dhs2014_SV_RESI_W_INC",FALSE
"women_b12","Proxy","dhs2014_SV_RESI_W_OTH",FALSE
"women_b12","Proxy","dhs2014_SV_RESI_M_PRT",FALSE
"women_b12","Proxy","dhs2014_SV_RESI_M_INN",FALSE
"women_b12","Proxy","dhs2014_SV_HRSM_H_NOR",FALSE
"women_b12","Proxy","dhs2014_SV_HRSM_H_ABS",FALSE
"women_b12","Proxy","dhs2014_SV_HRSM_H_RES",FALSE
"women_b12","Proxy","dhs2014_SV_INTV_W_MNI",FALSE
"women_b12","Proxy","dhs2014_SV_INTV_M_MNI",FALSE
"women_b12","Proxy","dhs2016_DHSREGFR",FALSE
"women_b12","Proxy","dhs2016_DHSREGSP",FALSE
"women_b12","Proxy","dhs2016_FE_FRTR_W_A10",FALSE
"women_b12","Proxy","dhs2016_FE_FRTR_W_A15",FALSE
"women_b12","Proxy","dhs2016_FE_FRTY_W_U49",FALSE
"women_b12","Proxy","dhs2016_CH_FEVR_C_FEV",FALSE
"women_b12","Proxy","dhs2016_CH_FEVT_C_AT1",FALSE
"women_b12","Proxy","dhs2016_CH_FEVT_C_ADV",FALSE
"women_b12","Proxy","dhs2016_CH_FEVT_C_ABI",FALSE
"women_b12","Proxy","dhs2016_CN_ANMC_C_SEV",FALSE
"women_b12","Proxy","dhs2016_ML_NSRC_N_ANC",FALSE
"women_b12","Proxy","dhs2016_ML_NSRC_N_GHF",FALSE
"women_b12","Proxy","dhs2016_ML_NSRC_N_DKM",FALSE
"women_b12","Proxy","dhs2016_ML_IPTP_W_3SA",FALSE
"women_b12","Proxy","dhs2016_ML_FEVT_C_ADV",FALSE
"women_b12","Proxy","dhs2016_ML_FEVT_C_ADS",FALSE
"women_b12","Proxy","dhs2016_ML_FEVT_C_ACS",FALSE
"women_b12","Proxy","dhs2016_ML_FEVT_C_UNW",FALSE
"women_b12","Proxy","dhs2016_ML_AMLD_C_QNN",FALSE
"women_b12","Proxy","dhs2016_ML_PMAL_C_RDL",FALSE
"women_b12","Proxy","dhs2016_ML_PMAL_C_MSL",FALSE
"women_b12","Proxy","dhs2016_ED_EDUC_W_PRI",FALSE
"women_b12","Proxy","dhs2016_ED_LITY_W_RDP",FALSE
"women_b12","Proxy","dhs2016_WS_SRCE_H_PNB",FALSE
"women_b12","Proxy","dhs2016_WS_SRCE_H_UWL",FALSE
"women_b12","Proxy","dhs2016_WS_SRCE_H_USG",FALSE
"women_b12","Proxy","dhs2016_WS_SRCE_P_PYD",FALSE
"women_b12","Proxy","dhs2016_WS_SRCE_P_TAP",FALSE
"women_b12","Proxy","dhs2016_WS_SRCE_P_TNK",FALSE
"women_b12","Proxy","dhs2016_WS_SRCE_P_LTD",FALSE
"women_b12","Proxy","dhs2016_WS_TLET_H_VIP",FALSE
"women_b12","Proxy","dhs2016_WS_TLET_H_NBK",FALSE
"women_b12","Proxy","dhs2016_HC_FLRM_H_DNG",FALSE
"women_b12","Proxy","dhs2016_HC_FLRM_H_CPT",FALSE
"women_b12","Proxy","dhs2016_HC_FLRM_P_PQT",FALSE
"women_b12","Proxy","dhs2016_HC_FLRM_P_VIN",FALSE
"women_b12","Proxy","dhs2016_HC_CKFL_H_COL",FALSE
"women_b12","Proxy","dhs2016_HC_CKFL_H_AGR",FALSE
"women_b12","Proxy","dhs2016_HC_PPRM_H_34P",FALSE
"women_b12","Proxy","dhs2016_HC_HEFF_H_NPH",FALSE
"women_b12","Proxy","dhs2016_HC_AGEG_P_359",FALSE
"women_b12","Proxy","dhs2016_HC_AGEG_P_559",FALSE
"women_b12","Proxy","dhs2016_HC_AGEG_P_604",FALSE
"women_b12","Proxy","dhs2016_HC_AGEG_P_659",FALSE
"women_b12","Proxy","dhs2016_HC_AGEG_P_704",FALSE
"women_b12","Proxy","dhs2016_HC_AGEG_P_UNW",FALSE
"women_b12","Proxy","dhs2016_HC_OLDR_H_W65",FALSE
"women_b12","Proxy","dhs2016_HC_MEMB_H_3MM",FALSE
"women_b12","Proxy","dhs2016_HC_MEMB_H_4MM",FALSE
"women_b12","Proxy","dhs2016_SV_HRES_H_INT",FALSE
"women_b12","Proxy","dhs2016_SV_HRES_H_NOR",FALSE
"women_b12","Proxy","dhs2016_SV_RESI_W_INC",FALSE
"women_b12","Proxy","dhs2016_SV_RESI_W_ELG",FALSE
"women_b12","Proxy","dhs2016_SV_INTV_W_MED",FALSE
"women_b12","Proxy","dhs2017_DHSREGFR",FALSE
"women_b12","Proxy","dhs2017_DHSREGSP",FALSE
"women_b12","Proxy","dhs2017_FE_FRTR_W_A10",FALSE
"women_b12","Proxy","dhs2017_FE_FRTY_W_U49",FALSE
"women_b12","Proxy","dhs2017_FE_BORD_C_BO1",FALSE
"women_b12","Proxy","dhs2017_FE_BORD_C_BO4",FALSE
"women_b12","Proxy","dhs2017_RH_ANCN_W_N4P",FALSE
"women_b12","Proxy","dhs2017_RH_ANCT_W_MED",FALSE
"women_b12","Proxy","dhs2017_CN_ANMC_C_MLD",FALSE
"women_b12","Proxy","dhs2017_ML_NSRC_N_ANC",FALSE
"women_b12","Proxy","dhs2017_ML_NSRC_N_SHP",FALSE
"women_b12","Proxy","dhs2017_ML_NSRC_N_REL",FALSE
"women_b12","Proxy","dhs2017_ML_NSRC_N_SCL",FALSE
"women_b12","Proxy","dhs2017_ML_IRSM_H_I2I",FALSE
"women_b12","Proxy","dhs2017_ML_NETC_C_NM1",FALSE
"women_b12","Proxy","dhs2017_ML_NETW_W_IT1",FALSE
"women_b12","Proxy","dhs2017_ML_IPTP_W_SPF",FALSE
"women_b12","Proxy","dhs2017_ML_IPTP_W_2SP",FALSE
"women_b12","Proxy","dhs2017_ML_FEVR_C_FEV",FALSE
"women_b12","Proxy","dhs2017_ML_FEVT_C_AML",FALSE
"women_b12","Proxy","dhs2017_ML_FEVT_C_AMS",FALSE
"women_b12","Proxy","dhs2017_ML_AMLD_C_ACT",FALSE
"women_b12","Proxy","dhs2017_ML_AMLD_C_QNN",FALSE
"women_b12","Proxy","dhs2017_ML_AMLD_C_NUM",FALSE
"women_b12","Proxy","dhs2017_ML_PMAL_C_MSE",FALSE
"women_b12","Proxy","dhs2017_AH_HINS_W_MUT",FALSE
"women_b12","Proxy","dhs2017_ED_EDUC_W_PRI",FALSE
"women_b12","Proxy","dhs2017_ED_LITR_W_RDP",FALSE
"women_b12","Proxy","dhs2017_ED_LITY_W_SCH",FALSE
"women_b12","Proxy","dhs2017_WS_SRCE_H_PNB",FALSE
"women_b12","Proxy","dhs2017_WS_SRCE_H_PWL",FALSE
"women_b12","Proxy","dhs2017_WS_SRCE_H_PSG",FALSE
"women_b12","Proxy","dhs2017_WS_SRCE_P_PIP",FALSE
"women_b12","Proxy","dhs2017_WS_SRCE_P_TAP",FALSE
"women_b12","Proxy","dhs2017_WS_SRCE_P_RNW",FALSE
"women_b12","Proxy","dhs2017_WS_SRCE_P_UWL",FALSE
"women_b12","Proxy","dhs2017_WS_SRCE_P_SRF",FALSE
"women_b12","Proxy","dhs2017_WS_TIME_H_DKM",FALSE
"women_b12","Proxy","dhs2017_WS_TLET_P_PSL",FALSE
"women_b12","Proxy","dhs2017_WS_TLET_P_NPT",FALSE
"women_b12","Proxy","dhs2017_WS_TLET_P_BAS",FALSE
"women_b12","Proxy","dhs2017_HC_FLRM_H_NAT",FALSE
"women_b12","Proxy","dhs2017_HC_FLRM_H_VIN",FALSE
"women_b12","Proxy","dhs2017_HC_FLRM_P_OTH",FALSE
"women_b12","Proxy","dhs2017_HC_RMSL_H_2RM",FALSE
"women_b12","Proxy","dhs2017_HC_CKFL_H_ELC",FALSE
"women_b12","Proxy","dhs2017_HC_CKFL_H_OTH",FALSE
"women_b12","Proxy","dhs2017_HC_CKFL_P_ELC",FALSE
"women_b12","Proxy","dhs2017_HC_PPRM_H_12P",FALSE
"women_b12","Proxy","dhs2017_HC_PPRM_H_56P",FALSE
"women_b12","Proxy","dhs2017_HC_AGEG_P_159",FALSE
"women_b12","Proxy","dhs2017_HC_AGEG_P_404",FALSE
"women_b12","Proxy","dhs2017_HC_AGEG_P_459",FALSE
"women_b12","Proxy","dhs2017_HC_AGEG_P_504",FALSE
"women_b12","Proxy","dhs2017_HC_AGEG_P_604",FALSE
"women_b12","Proxy","dhs2017_HC_AGEG_P_659",FALSE
"women_b12","Proxy","dhs2017_HC_AGEG_P_704",FALSE
"women_b12","Proxy","dhs2017_HC_AGEG_P_759",FALSE
"women_b12","Proxy","dhs2017_HC_AGEG_P_SNR",FALSE
"women_b12","Proxy","dhs2017_HC_AGEG_P_DK2",FALSE
"women_b12","Proxy","dhs2017_HC_OLDR_H_O65",FALSE
"women_b12","Proxy","dhs2017_HC_MEMB_H_0MM",FALSE
"women_b12","Proxy","dhs2017_HC_MEMB_H_5MM",FALSE
"women_b12","Proxy","dhs2017_SV_HRES_H_INT",FALSE
"women_b12","Proxy","dhs2017_SV_HRES_H_VAC",FALSE
"women_b12","Proxy","dhs2017_SV_HRES_H_RES",FALSE
"women_b12","Proxy","dhs2017_SV_RESI_W_REF",FALSE
"women_b12","Proxy","dhs2017_SV_RESI_W_ELG",FALSE
"women_b12","Proxy","dhs2017_SV_RESI_W_ORR",FALSE
"women_b12","Proxy","dhs2017_SV_INTV_W_MED",FALSE
"women_b12","Proxy","dhs2017_SV_INTV_W_MNI",FALSE
"women_b12","Proxy","mics_hh26b_se",FALSE
"women_b12","Proxy","mics_hh26c",FALSE
"women_b12","Proxy","mics_hh26c_se",FALSE
"women_b12","Proxy","mics_hc1a_se",FALSE
"women_b12","Proxy","mics_hc1b_se",FALSE
"women_b12","Proxy","mics_hc6_se",FALSE
"women_b12","Proxy","mics_hc7i",FALSE
"women_b12","Proxy","mics_hc7k_se",FALSE
"women_b12","Proxy","mics_hc7l",FALSE
"women_b12","Proxy","mics_hc9b_se",FALSE
"women_b12","Proxy","mics_hc9c_se",FALSE
"women_b12","Proxy","mics_hc9f_se",FALSE
"women_b12","Proxy","mics_hc10b_se",FALSE
"women_b12","Proxy","mics_hc10e_se",FALSE
"women_b12","Proxy","mics_hc13_se",FALSE
"women_b12","Proxy","mics_hc16",FALSE
"women_b12","Proxy","mics_hc18d_se",FALSE
"women_b12","Proxy","mics_hc18f",FALSE
"women_b12","Proxy","mics_eu8",FALSE
"women_b12","Proxy","mics_eu9_se",FALSE
"women_b12","Proxy","mics_ir1",FALSE
"women_b12","Proxy","mics_ir1_se",FALSE
"women_b12","Proxy","mics_ws5_se",FALSE
"women_b12","Proxy","mics_ws7",FALSE
"women_b12","Proxy","mics_ws8",FALSE
"women_b12","Proxy","mics_hw2_se",FALSE
"women_b12","Proxy","mics_hw6",FALSE
"women_b12","Proxy","mics_sa1",FALSE
"women_b12","Proxy","mics_wq4_se",FALSE
"women_b12","Proxy","mics_wq23m",FALSE
"women_b12","Proxy","mics_observe_hh_sample_collection_se",FALSE
"women_b12","Proxy","mics_wq25m_se",FALSE
"women_b12","Proxy","mics_hhage",FALSE
"women_b12","Proxy","mics_wscore_se",FALSE
"women_b12","Proxy","mics_wat_class_se",FALSE
"women_b12","Proxy","mics_san_cat_se",FALSE
"women_b12","Proxy","mics_education_se",FALSE
"women_b12","Proxy","mics_ec_result_h100",FALSE
"women_b12","Proxy","mics_ec_result_s100",FALSE
"women_b12","Proxy","mics_ec_risk_s_1_se",FALSE
"women_b12","Proxy","mics_hw7a_a",FALSE
"women_b12","Proxy","mics_se.ws10bbc_c",FALSE
"women_b12","Proxy","mics_se.ws10bbd_d",FALSE
"women_b12","Proxy","mics_se.hw8a_2",FALSE
"women_b12","Proxy","mics_se.hw8a_a",FALSE
"women_b12","Proxy","ihme_15_49_years_24_males_number_of_uncircumcised_men_counts",FALSE
"women_b12","Proxy","ihme_15_49_years_24_males_male_circumcision_prevalence_percent",FALSE
"women_b12","Proxy","ihme_15_59_years_199_both_hiv_prevalence_percent",FALSE
"women_b12","Proxy","ihme_12_23_months_238_both_mcv1_coverage_percent",FALSE
"women_b12","Proxy","ihme_all_ages_22_both_onchocerciasis_prevalence_rate",FALSE
"women_b12","Proxy","lsms_hh_fd_p",FALSE
"women_b12","Proxy","lsms_hh_totalch",FALSE
"women_b12","Proxy","lsms_hh_hsutensil",FALSE
"women_b12","Proxy","lsms_hh_hsrepairf",FALSE
"women_b12","Proxy","lsms_hh_hsserv",FALSE
"women_b12","Proxy","lsms_hh_tothlth",FALSE
"women_b12","Proxy","lsms_hh_rcrepair",FALSE
"women_b12","Proxy","lsms_hh_rcpetserv",FALSE
"women_b12","Proxy","lsms_hh_rcserve_cult",FALSE
"women_b12","Proxy","lsms_hh_rcserve",FALSE
"women_b12","Proxy","lsms_hh_edundefin",FALSE
"women_b12","Proxy","lsms_hh_tothotl",FALSE
"women_b12","Proxy","lsms_hh_missprot",FALSE
"women_b12","Proxy","lsms_hh_misinsur",FALSE
"women_b12","Proxy","lsms_hh_pindex_nfd",FALSE
"women_b12","Proxy","lsms_hh_remit_inc",FALSE
"women_b12","Proxy","lsms_hh_inc_other",FALSE
"women_b12","Proxy","lsms_hh_pcinc_grs",FALSE
"women_b12","Proxy","lsms_hh_fd_p_fruit",FALSE
"women_b12","Proxy","lsms_hh_fd_p_star",FALSE
"women_b12","Proxy","lsms_hh_se.fd_b",FALSE
"women_b12","Proxy","lsms_hh_se.fdnonalc_b",FALSE
"women_b12","Proxy","lsms_hh_se.hsfootw",FALSE
"women_b12","Proxy","lsms_hh_se.owntype",FALSE
"women_b12","Proxy","lsms_hh_se.sewerage",FALSE
"women_b12","Proxy","lsms_hh_se.hsutility",FALSE
"women_b12","Proxy","lsms_hh_se.hsfurni",FALSE
"women_b12","Proxy","lsms_hh_se.hlmedi",FALSE
"women_b12","Proxy","lsms_hh_se.hloutp",FALSE
"women_b12","Proxy","lsms_hh_se.trserve",FALSE
"women_b12","Proxy","lsms_hh_se.comtel",FALSE
"women_b12","Proxy","lsms_hh_se.phone_9a",FALSE
"women_b12","Proxy","lsms_hh_se.rcpets",FALSE
"women_b12","Proxy","lsms_hh_se.rcnews",FALSE
"women_b12","Proxy","lsms_hh_se.rcholid",FALSE
"women_b12","Proxy","lsms_hh_se.edundefin",FALSE
"women_b12","Proxy","lsms_hh_se.mispersn",FALSE
"women_b12","Proxy","lsms_hh_se.mispereff",FALSE
"women_b12","Proxy","lsms_hh_se.missprot",FALSE
"women_b12","Proxy","lsms_hh_se.misinsur",FALSE
"women_b12","Proxy","lsms_hh_se.misfinan",FALSE
"women_b12","Proxy","lsms_hh_se.ppp2011",FALSE
"women_b12","Proxy","lsms_hh_se.pindex_nfd",FALSE
"women_b12","Proxy","lsms_hh_se.pindex",FALSE
"women_b12","Proxy","lsms_hh_se.pl_ext",FALSE
"women_b12","Proxy","lsms_hh_se.wage_hid",FALSE
"women_b12","Proxy","lsms_hh_se.wta_s_hhsize",FALSE
"women_b12","Proxy","lsms_hh_se.mpl_abs",FALSE
"women_b12","Proxy","MAP_202106_Insecticide_Treated_Net_Access",FALSE
"women_b12","Proxy","MAP_202106_Antimalarial_Effective_Treatment",FALSE
"women_b12","Proxy","nearest_market_id",FALSE
"women_b12","Proxy","wfp_cowpeas_white",FALSE
"women_b12","Proxy","wfp_eggs",FALSE
"women_b12","Proxy","wfp_fish_mackerel_fresh",FALSE
"women_b12","Proxy","wfp_gari",FALSE
"women_b12","Proxy","wfp_maize",FALSE
"women_b12","Proxy","wfp_maize_yellow",FALSE
"women_b12","Proxy","wfp_peppers_dried",FALSE
"women_b12","Proxy","wfp_rice_local",FALSE
"women_b12","Proxy","wfp_sorghum",FALSE
"women_b12","Proxy","wfp_tomatoes_local",FALSE
"women_b12","Proxy","wfp_rice_paddy",FALSE
"women_b12","Proxy","gee_trmm_mean_50km",FALSE
"women_b12","Proxy","missing_dhs2014_SX_AAFS_M_M2A",FALSE
"women_b12","Proxy","missing_ihme_15_49_years_24_males_number_of_uncircumcised_men_counts",FALSE
"women_b12","Proxy","missing_wfp_cowpeas_white",FALSE
"women_b12","Proxy","missing_wfp_maize_yellow",FALSE
"women_folate","Survey","Admin1",TRUE
"women_folate","Survey","gw_cnum",TRUE
"women_folate","Survey","gw_Region.x",TRUE
"women_folate","Survey","gw_Actual_probablity_of_section_usi",TRUE
"women_folate","Survey","gw_PSU_weight",TRUE
"women_folate","Survey","gw_Number_of_households_selected",TRUE
"women_folate","Survey","gw_Check_1",TRUE
"women_folate","Survey","gw_region",TRUE
"women_folate","Survey","gw_headlanguage",FALSE
"women_folate","Survey","gw_hVegoilRetinol",FALSE
"women_folate","Survey","gw_hVegoilAdeqYN",FALSE
"women_folate","Survey","gw_hWealthquintile",FALSE
"women_folate","Survey","gw_wCurrLact",FALSE
"women_folate","Survey","gw_wFoodGrp5",FALSE
"women_folate","Survey","gw_wFoodGrp8",FALSE
"women_folate","Survey","gw_wSuppFolic",FALSE
"women_folate","Survey","gw_wSupplastPregFeFA",FALSE
"women_folate","Survey","gw_wSuppVitA",FALSE
"women_folate","Survey","gw_wBMICat",FALSE
"women_folate","Survey","gw_wOverweight",FALSE
"women_folate","Survey","gw_wOWObese",FALSE
"women_folate","Survey","gw_wUnderweight",FALSE
"women_folate","Survey","gw_b_hhn",TRUE
"women_folate","Survey","gw_b_hhln2",TRUE
"women_folate","Survey","gw_b_wlnr",TRUE
"women_folate","Survey","gw_wd_wva",FALSE
"women_folate","Survey","gw_wd_wcb",FALSE
"women_folate","Survey","gw_wfdg_fg2",FALSE
"women_folate","Survey","gw_wfdg_fg5",FALSE
"women_folate","Survey","gw_wfdg_fg7",FALSE
"women_folate","Survey","gw_wfdg_fg14",FALSE
"women_folate","Survey","gw_wfdg_fg16",FALSE
"women_folate","Survey","gw_wfdg_fg17",FALSE
"women_folate","Survey","gw_wfdg_fg19",FALSE
"women_folate","Survey","gw_wfdg_fg20",FALSE
"women_folate","Survey","gw_wfdg_fg21",FALSE
"women_folate","Survey","gw_wj_man",FALSE
"women_folate","Survey","gw_wht",FALSE
"women_folate","Survey","gw_pcn",TRUE
"women_folate","Survey","gw_wo_wrmal",TRUE
"women_folate","Survey","gw_wMalariaYN",TRUE
"women_folate","Survey","gw_wAlphaThalYN",TRUE
"women_folate","Survey","gw_wWeightKg",FALSE
"women_folate","Survey","gw_wCurrLactAllNPWDenom",FALSE
"women_folate","Survey","gw_Region.y",TRUE
"women_folate","Survey","gw_Total.population",TRUE
"women_folate","Survey","missing_gw_hVegoilRetinol",FALSE
"women_folate","Survey","missing_gw_wi_wsft",FALSE
"women_folate","Survey","missing_gw_wMalariaYN",TRUE
"women_folate","All","Admin1",TRUE
"women_folate","All","gw_Region.x",TRUE
"women_folate","All","gw_Actual_probablity_of_section_usi",TRUE
"women_folate","All","gw_PSU_weight",TRUE
"women_folate","All","gw_Number_of_households_selected",TRUE
"women_folate","All","gw_Check_1",TRUE
"women_folate","All","gw_region",TRUE
"women_folate","All","gw_headlanguage",FALSE
"women_folate","All","gw_hVegoilRetinol",FALSE
"women_folate","All","gw_hVegoilAdeqYN",FALSE
"women_folate","All","gw_hWealthquintile",FALSE
"women_folate","All","gw_wCurrLact",FALSE
"women_folate","All","gw_wFoodGrp5",FALSE
"women_folate","All","gw_wFoodGrp8",FALSE
"women_folate","All","gw_wSuppFolic",FALSE
"women_folate","All","gw_wSupplastPregFeFA",FALSE
"women_folate","All","gw_wSuppVitA",FALSE
"women_folate","All","gw_wBMICat",FALSE
"women_folate","All","gw_wOverweight",FALSE
"women_folate","All","gw_wOWObese",FALSE
"women_folate","All","gw_wUnderweight",FALSE
"women_folate","All","gw_b_hhn",TRUE
"women_folate","All","gw_b_hhln2",TRUE
"women_folate","All","gw_b_wlnr",TRUE
"women_folate","All","gw_wd_wva",FALSE
"women_folate","All","gw_wd_wcb",FALSE
"women_folate","All","gw_wfdg_fg2",FALSE
"women_folate","All","gw_wfdg_fg5",FALSE
"women_folate","All","gw_wfdg_fg7",FALSE
"women_folate","All","gw_wfdg_fg14",FALSE
"women_folate","All","gw_wfdg_fg16",FALSE
"women_folate","All","gw_wfdg_fg17",FALSE
"women_folate","All","gw_wfdg_fg19",FALSE
"women_folate","All","gw_wfdg_fg20",FALSE
"women_folate","All","gw_wfdg_fg21",FALSE
"women_folate","All","gw_wj_man",FALSE
"women_folate","All","gw_wht",FALSE
"women_folate","All","gw_pcn",TRUE
"women_folate","All","gw_wo_wrmal",TRUE
"women_folate","All","gw_wMalariaYN",TRUE
"women_folate","All","gw_wAlphaThalYN",TRUE
"women_folate","All","gw_wWeightKg",FALSE
"women_folate","All","gw_wCurrLactAllNPWDenom",FALSE
"women_folate","All","gw_Region.y",TRUE
"women_folate","All","gw_Total.population",TRUE
"women_folate","All","dhs2014_FE_FRTY_W_PRG",FALSE
"women_folate","All","dhs2014_FE_BINT_C_I07",FALSE
"women_folate","All","dhs2014_FE_BINT_C_I24",FALSE
"women_folate","All","dhs2014_FE_BINT_C_MED",FALSE
"women_folate","All","dhs2014_FE_BORD_C_BO3",FALSE
"women_folate","All","dhs2014_FE_PPID_W_MDB",FALSE
"women_folate","All","dhs2014_FE_TNPG_W_PRG",FALSE
"women_folate","All","dhs2014_FP_CUSA_W_IMP",FALSE
"women_folate","All","dhs2014_FP_CUSA_W_FOM",FALSE
"women_folate","All","dhs2014_FP_CUSM_W_FST",FALSE
"women_folate","All","dhs2014_FP_CUSM_W_OTR",FALSE
"women_folate","All","dhs2014_FP_CUSU_W_OTR",FALSE
"women_folate","All","dhs2014_FP_NADM_W_UMS",FALSE
"women_folate","All","dhs2014_FP_NADM_W_TDU",FALSE
"women_folate","All","dhs2014_FP_NADA_W_UMS",FALSE
"women_folate","All","dhs2014_FP_NADU_W_MNS",FALSE
"women_folate","All","dhs2014_FP_NADU_W_MNL",FALSE
"women_folate","All","dhs2014_FP_NADU_W_TDS",FALSE
"women_folate","All","dhs2014_FP_NADU_W_TDL",FALSE
"women_folate","All","dhs2014_FP_NADU_W_TDT",FALSE
"women_folate","All","dhs2014_FP_NADU_W_UMS",FALSE
"women_folate","All","dhs2014_FP_NADU_W_TDU",FALSE
"women_folate","All","dhs2014_FP_NDYM_W_PDM",FALSE
"women_folate","All","dhs2014_FP_NDYM_W_TDU",FALSE
"women_folate","All","dhs2014_FP_NDYA_W_TDL",FALSE
"women_folate","All","dhs2014_FP_NDYU_W_UNT",FALSE
"women_folate","All","dhs2014_FP_NDYU_W_TDS",FALSE
"women_folate","All","dhs2014_FP_NDYU_W_PDM",FALSE
"women_folate","All","dhs2014_FP_NDYU_W_TDN",FALSE
"women_folate","All","dhs2014_FP_EFPM_W_RDO",FALSE
"women_folate","All","dhs2014_FP_EFPM_M_RDO",FALSE
"women_folate","All","dhs2014_FP_NFPP_W_NFP",FALSE
"women_folate","All","dhs2014_FP_DMKF_W_UJN",FALSE
"women_folate","All","dhs2014_FP_DMKF_W_UHS",FALSE
"women_folate","All","dhs2014_MA_MSTY_W_NMA",FALSE
"women_folate","All","dhs2014_MA_MSTY_W_SEP",FALSE
"women_folate","All","dhs2014_MA_MSTY_M_SEP",FALSE
"women_folate","All","dhs2014_MA_CWIV_W_DKM",FALSE
"women_folate","All","dhs2014_MA_MBAY_W_B15",FALSE
"women_folate","All","dhs2014_MA_MBAY_M_B20",FALSE
"women_folate","All","dhs2014_MA_AAFM_W_M45",FALSE
"women_folate","All","dhs2014_MA_ADIF_W_O05",FALSE
"women_folate","All","dhs2014_SX_SBAY_W_B15",FALSE
"women_folate","All","dhs2014_SX_SBAY_W_B20",FALSE
"women_folate","All","dhs2014_SX_SBAY_M_B15",FALSE
"women_folate","All","dhs2014_SX_AAFS_W_M35",FALSE
"women_folate","All","dhs2014_SX_AAFS_W_M40",FALSE
"women_folate","All","dhs2014_SX_AAFS_W_M45",FALSE
"women_folate","All","dhs2014_SX_AAFS_M_M20",FALSE
"women_folate","All","dhs2014_SX_AAFS_M_M25",FALSE
"women_folate","All","dhs2014_SX_AAFS_M_M30",FALSE
"women_folate","All","dhs2014_SX_LSEX_M_1YR",FALSE
"women_folate","All","dhs2014_SX_LSEX_M_MIS",FALSE
"women_folate","All","dhs2014_CM_ECMR_C_NNU",FALSE
"women_folate","All","dhs2014_CM_ECMR_C_U5X",FALSE
"women_folate","All","dhs2014_RH_ANCN_W_N01",FALSE
"women_folate","All","dhs2014_RH_ANCN_W_N47",FALSE
"women_folate","All","dhs2014_RH_ANCT_W_T67",FALSE
"women_folate","All","dhs2014_RH_ICSP_W_M18",FALSE
"women_folate","All","dhs2014_RH_TTIJ_W_TT1",FALSE
"women_folate","All","dhs2014_RH_TTIJ_W_TT2",FALSE
"women_folate","All","dhs2014_RH_DELP_C_OTH",FALSE
"women_folate","All","dhs2014_RH_PCMT_W_L4H",FALSE
"women_folate","All","dhs2014_RH_PCMT_W_D7P",FALSE
"women_folate","All","dhs2014_RH_PCMT_W_DKM",FALSE
"women_folate","All","dhs2014_RH_PCMP_W_CHW",FALSE
"women_folate","All","dhs2014_RH_PCCT_C_D12",FALSE
"women_folate","All","dhs2014_RH_PCCT_C_DKM",FALSE
"women_folate","All","dhs2014_RH_PCCP_C_TBA",FALSE
"women_folate","All","dhs2014_RH_MIMH_M_ANM",FALSE
"women_folate","All","dhs2014_RH_PAHC_W_PRM",FALSE
"women_folate","All","dhs2014_RH_PAHC_W_PR1",FALSE
"women_folate","All","dhs2014_CH_SZWT_C_AVG",FALSE
"women_folate","All","dhs2014_CH_VACC_C_DP3",FALSE
"women_folate","All","dhs2014_CH_VACC_C_OP1",FALSE
"women_folate","All","dhs2014_CH_VACC_C_AP2",FALSE
"women_folate","All","dhs2014_CH_FEVT_C_ABI",FALSE
"women_folate","All","dhs2014_CH_DIAR_C_DIA",FALSE
"women_folate","All","dhs2014_CH_DIAR_C_DIB",FALSE
"women_folate","All","dhs2014_CH_DIAT_C_ADV",FALSE
"women_folate","All","dhs2014_CH_DIAT_C_ORT",FALSE
"women_folate","All","dhs2014_CH_DIAT_C_OZC",FALSE
"women_folate","All","dhs2014_CH_DIAT_C_OSI",FALSE
"women_folate","All","dhs2014_CH_DIAT_C_ABI",FALSE
"women_folate","All","dhs2014_CH_DIAT_C_AMO",FALSE
"women_folate","All","dhs2014_CH_DIAT_C_INJ",FALSE
"women_folate","All","dhs2014_CH_DIAT_C_HOM",FALSE
"women_folate","All","dhs2014_CH_DIAT_C_NOT",FALSE
"women_folate","All","dhs2014_CH_DIFP_C_LLS",FALSE
"women_folate","All","dhs2014_CH_DIFP_C_LNO",FALSE
"women_folate","All","dhs2014_CH_DIFP_C_FSM",FALSE
"women_folate","All","dhs2014_CH_DIFP_C_FLS",FALSE
"women_folate","All","dhs2014_CH_DIFP_C_FML",FALSE
"women_folate","All","dhs2014_CH_DIFP_C_FCF",FALSE
"women_folate","All","dhs2014_CH_DIFP_C_FAL.1",FALSE
"women_folate","All","dhs2014_CH_DIFP_C_NUM",FALSE
"women_folate","All","dhs2014_CH_DSTL_C_OTH",FALSE
"women_folate","All","dhs2014_CN_NUTS_C_WH3",FALSE
"women_folate","All","dhs2014_CN_MIAC_C_IOD",FALSE
"women_folate","All","dhs2014_CN_IODZ_H_SLN",FALSE
"women_folate","All","dhs2014_AN_ANEM_W_ANY",FALSE
"women_folate","All","dhs2014_AN_ANEM_W_MLD",FALSE
"women_folate","All","dhs2014_AN_ANEM_W_SEV",FALSE
"women_folate","All","dhs2014_AN_MIAM_W_NON",FALSE
"women_folate","All","dhs2014_AN_MIAM_W_90P",FALSE
"women_folate","All","dhs2014_ML_NETU_P_UN1",FALSE
"women_folate","All","dhs2014_ML_ITNU_N_UNW",FALSE
"women_folate","All","dhs2014_ML_FEVT_C_ADV",FALSE
"women_folate","All","dhs2014_ML_FEVT_C_BLD",FALSE
"women_folate","All","dhs2014_ML_FEVT_C_AML",FALSE
"women_folate","All","dhs2014_ML_FEVT_C_AMS",FALSE
"women_folate","All","dhs2014_ML_AMLD_C_QNN",FALSE
"women_folate","All","dhs2014_ML_AMLD_C_CHL",FALSE
"women_folate","All","dhs2014_HA_KHVP_M_SX1",FALSE
"women_folate","All","dhs2014_HA_AATT_W_CRE",FALSE
"women_folate","All","dhs2014_HA_AATT_W_FTC",FALSE
"women_folate","All","dhs2014_HA_AATT_M_VEG",FALSE
"women_folate","All","dhs2014_HA_AATT_M_FTC",FALSE
"women_folate","All","dhs2014_HA_AATT_M_SEC",FALSE
"women_folate","All","dhs2014_HA_PYSX_M_EPD",FALSE
"women_folate","All","dhs2014_HA_PYSX_M_UN1",FALSE
"women_folate","All","dhs2014_HA_CPHT_W_ETN",FALSE
"women_folate","All","dhs2014_HA_CPHT_M_EVT",FALSE
"women_folate","All","dhs2014_HA_CATH_W_TNC",FALSE
"women_folate","All","dhs2014_HA_CATH_W_ATN",FALSE
"women_folate","All","dhs2014_HA_STIS_W_STI",FALSE
"women_folate","All","dhs2014_HA_STIS_M_DIS",FALSE
"women_folate","All","dhs2014_HA_MINJ_W_NEW",FALSE
"women_folate","All","dhs2014_HA_CHVT_W_DBN",FALSE
"women_folate","All","dhs2014_HA_CHVT_W_ABI",FALSE
"women_folate","All","dhs2014_HA_CHVT_W_ABN",FALSE
"women_folate","All","dhs2014_HA_CHVT_M_ABI",FALSE
"women_folate","All","dhs2014_HA_CHVT_M_ABN",FALSE
"women_folate","All","dhs2014_HA_CHVT_B_DBN",FALSE
"women_folate","All","dhs2014_HA_CHVT_B_ABI",FALSE
"women_folate","All","dhs2014_HA_CHVT_B_ABN",FALSE
"women_folate","All","dhs2014_HA_HIVP_M_HIV",FALSE
"women_folate","All","dhs2014_HA_HIVY_W_UNW",FALSE
"women_folate","All","dhs2014_HA_HPAC_B_CPN",FALSE
"women_folate","All","dhs2014_AH_HINS_M_NON",FALSE
"women_folate","All","dhs2014_AH_TOBC_M_OTH",FALSE
"women_folate","All","dhs2014_WE_OWNA_W_HAJ",FALSE
"women_folate","All","dhs2014_WE_OWNA_W_HNO",FALSE
"women_folate","All","dhs2014_WE_ANSR_W_CSN",FALSE
"women_folate","All","dhs2014_WE_DMAK_W_3DC",FALSE
"women_folate","All","dhs2014_CP_BREG_C_REG",FALSE
"women_folate","All","dhs2014_ED_EDAT_W_UNW",FALSE
"women_folate","All","dhs2014_ED_EDAT_M_PRI",FALSE
"women_folate","All","dhs2014_ED_NARP_W_FEM",FALSE
"women_folate","All","dhs2014_ED_GARP_B_GPI",FALSE
"women_folate","All","dhs2014_ED_NARS_M_MAL",FALSE
"women_folate","All","dhs2014_ED_GARS_B_BTH",FALSE
"women_folate","All","dhs2014_ED_LITR_W_RDW",FALSE
"women_folate","All","dhs2014_ED_LITR_M_RDP",FALSE
"women_folate","All","dhs2014_ED_LITR_M_NCD",FALSE
"women_folate","All","dhs2014_ED_LITY_M_RDP",FALSE
"women_folate","All","dhs2014_EM_EMPL_W_ENC",FALSE
"women_folate","All","dhs2014_EM_EMPL_M_EMC",FALSE
"women_folate","All","dhs2014_EM_EMPL_M_ENC",FALSE
"women_folate","All","dhs2014_EM_OCCP_W_MNS",FALSE
"women_folate","All","dhs2014_EM_OCCP_W_DKM",FALSE
"women_folate","All","dhs2014_EM_WERN_W_OTH",FALSE
"women_folate","All","dhs2014_EM_RERN_W_SAM",FALSE
"women_folate","All","dhs2014_EM_RERN_W_NON",FALSE
"women_folate","All","dhs2014_EM_MERN_W_WIF",FALSE
"women_folate","All","dhs2014_EM_MERN_M_JNT",FALSE
"women_folate","All","dhs2014_WS_SRCE_H_PWL",FALSE
"women_folate","All","dhs2014_WS_SRCE_H_RNW",FALSE
"women_folate","All","dhs2014_WS_SRCE_P_PSG",FALSE
"women_folate","All","dhs2014_WS_WTRT_H_BLC",FALSE
"women_folate","All","dhs2014_WS_WTRT_P_BLC",FALSE
"women_folate","All","dhs2014_WS_WTRT_P_STN",FALSE
"women_folate","All","dhs2014_WS_WTRT_P_NTR",FALSE
"women_folate","All","dhs2014_WS_TLET_P_VIP",FALSE
"women_folate","All","dhs2014_WS_TLET_P_NBK",FALSE
"women_folate","All","dhs2014_WS_HNDW_P_UN1",FALSE
"women_folate","All","dhs2014_HC_FLRM_H_FIN",FALSE
"women_folate","All","dhs2014_HC_FLRM_P_VIN",FALSE
"women_folate","All","dhs2014_HC_RMSL_P_2RM",FALSE
"women_folate","All","dhs2014_HC_CKPL_H_HSE",FALSE
"women_folate","All","dhs2014_HC_CKPL_H_SEP",FALSE
"women_folate","All","dhs2014_HC_CKFL_H_NFD",FALSE
"women_folate","All","dhs2014_HC_CKFL_P_KER",FALSE
"women_folate","All","dhs2014_HC_SMKH_H_WLY",FALSE
"women_folate","All","dhs2014_HC_PPRM_H_56P",FALSE
"women_folate","All","dhs2014_HC_PPRM_H_MNP",FALSE
"women_folate","All","dhs2014_HC_AGEG_P_259",FALSE
"women_folate","All","dhs2014_HC_AGEG_P_459",FALSE
"women_folate","All","dhs2014_HC_AGEG_P_759",FALSE
"women_folate","All","dhs2014_HC_LVAR_C_FMA",FALSE
"women_folate","All","dhs2014_HC_LVAR_C_NFA",FALSE
"women_folate","All","dhs2014_HC_LVAY_C_NMA",FALSE
"women_folate","All","dhs2014_HC_LVAY_C_NFA",FALSE
"women_folate","All","dhs2014_HC_LVAY_C_NBD",FALSE
"women_folate","All","dhs2014_SV_HRES_H_ABS",FALSE
"women_folate","All","dhs2014_SV_RESI_W_INC",FALSE
"women_folate","All","dhs2014_SV_RESI_M_PRT",FALSE
"women_folate","All","dhs2014_SV_RESI_M_INC",FALSE
"women_folate","All","dhs2014_SV_HRSM_H_INT",FALSE
"women_folate","All","dhs2014_SV_HRSM_H_ABS",FALSE
"women_folate","All","dhs2014_SV_INTV_W_MNI",FALSE
"women_folate","All","dhs2014_SV_INTV_M_MED",FALSE
"women_folate","All","dhs2016_DHSREGFR",FALSE
"women_folate","All","dhs2016_DHSREGSP",FALSE
"women_folate","All","dhs2016_FE_FRTR_W_A15",FALSE
"women_folate","All","dhs2016_FE_FRTR_W_A40",FALSE
"women_folate","All","dhs2016_FE_FRTY_W_U49",FALSE
"women_folate","All","dhs2016_CH_FEVT_C_AT1",FALSE
"women_folate","All","dhs2016_CN_ANMC_C_SEV",FALSE
"women_folate","All","dhs2016_ML_NSRC_N_DKM",FALSE
"women_folate","All","dhs2016_ML_IPTP_W_3SA",FALSE
"women_folate","All","dhs2016_ML_FEVR_C_FEV",FALSE
"women_folate","All","dhs2016_ML_FEVT_C_ADV",FALSE
"women_folate","All","dhs2016_ML_FEVT_C_ADS",FALSE
"women_folate","All","dhs2016_ML_FEVT_C_UNW",FALSE
"women_folate","All","dhs2016_ML_PMAL_C_RDR",FALSE
"women_folate","All","dhs2016_ED_EDUC_W_CPR",FALSE
"women_folate","All","dhs2016_WS_SRCE_P_PWL",FALSE
"women_folate","All","dhs2016_WS_TLET_H_VIP",FALSE
"women_folate","All","dhs2016_WS_TLET_H_NIM",FALSE
"women_folate","All","dhs2016_HC_FLRM_P_DNG",FALSE
"women_folate","All","dhs2016_HC_RMSL_H_1RM",FALSE
"women_folate","All","dhs2016_HC_HEFF_H_MPH",FALSE
"women_folate","All","dhs2016_HC_HEFF_H_NPH",FALSE
"women_folate","All","dhs2016_HC_AGEG_P_559",FALSE
"women_folate","All","dhs2016_HC_AGEG_P_659",FALSE
"women_folate","All","dhs2016_HC_AGEG_P_UNW",FALSE
"women_folate","All","dhs2016_HC_MEMB_H_3MM",FALSE
"women_folate","All","dhs2016_SV_HRES_H_INT",FALSE
"women_folate","All","dhs2016_SV_HRES_H_REF",FALSE
"women_folate","All","dhs2016_SV_HRES_H_RES",FALSE
"women_folate","All","dhs2016_SV_RESI_W_ELG",FALSE
"women_folate","All","dhs2016_SV_INTV_H_NUM",FALSE
"women_folate","All","dhs2017_DHSREGFR",FALSE
"women_folate","All","dhs2017_DHSREGSP",FALSE
"women_folate","All","dhs2017_FE_BORD_C_BO1",FALSE
"women_folate","All","dhs2017_RH_ANCN_W_N01",FALSE
"women_folate","All","dhs2017_RH_ANCN_W_N4P",FALSE
"women_folate","All","dhs2017_RH_ANCN_W_N8P",FALSE
"women_folate","All","dhs2017_RH_ANCT_W_T67",FALSE
"women_folate","All","dhs2017_RH_ANCT_W_MED",FALSE
"women_folate","All","dhs2017_ML_NSRC_N_MDC",FALSE
"women_folate","All","dhs2017_ML_NETC_C_NM1",FALSE
"women_folate","All","dhs2017_ML_NETW_W_IT1",FALSE
"women_folate","All","dhs2017_ML_IPTP_W_3SA",FALSE
"women_folate","All","dhs2017_ML_FEVR_C_FEV",FALSE
"women_folate","All","dhs2017_ML_FEVT_C_AMS",FALSE
"women_folate","All","dhs2017_ML_AMLD_C_CHL",FALSE
"women_folate","All","dhs2017_ML_AMLD_C_ART",FALSE
"women_folate","All","dhs2017_ML_PMAL_C_MSL",FALSE
"women_folate","All","dhs2017_ED_EDUC_W_SPR",FALSE
"women_folate","All","dhs2017_ED_EDUC_W_PRI",FALSE
"women_folate","All","dhs2017_ED_LITY_W_SCH",FALSE
"women_folate","All","dhs2017_ED_LITY_W_UNW",FALSE
"women_folate","All","dhs2017_WS_SRCE_H_PNB",FALSE
"women_folate","All","dhs2017_WS_SRCE_P_PIP",FALSE
"women_folate","All","dhs2017_WS_SRCE_P_PWL",FALSE
"women_folate","All","dhs2017_WS_TIME_H_DKM",FALSE
"women_folate","All","dhs2017_WS_TLET_H_PSL",FALSE
"women_folate","All","dhs2017_WS_TLET_P_NIM",FALSE
"women_folate","All","dhs2017_HC_CKFL_H_OTH",FALSE
"women_folate","All","dhs2017_HC_CKFL_P_ELC",FALSE
"women_folate","All","dhs2017_HC_PPRM_H_12P",FALSE
"women_folate","All","dhs2017_HC_PPRM_H_34P",FALSE
"women_folate","All","dhs2017_HC_WIXQ_P_GNI",FALSE
"women_folate","All","dhs2017_HC_AGEG_P_159",FALSE
"women_folate","All","dhs2017_HC_AGEG_P_459",FALSE
"women_folate","All","dhs2017_SV_HRES_H_INT",FALSE
"women_folate","All","dhs2017_SV_HRES_H_VAC",FALSE
"women_folate","All","dhs2017_SV_HRES_H_OTH",FALSE
"women_folate","All","dhs2017_SV_RESI_W_INC",FALSE
"women_folate","All","mics_hc1b_se",FALSE
"women_folate","All","mics_hc3_se",FALSE
"women_folate","All","mics_hc7g_se",FALSE
"women_folate","All","mics_hc7i",FALSE
"women_folate","All","mics_hc9c_se",FALSE
"women_folate","All","mics_hc9f_se",FALSE
"women_folate","All","mics_hc9j",FALSE
"women_folate","All","mics_hc10b_se",FALSE
"women_folate","All","mics_hc16",FALSE
"women_folate","All","mics_hc18f",FALSE
"women_folate","All","mics_eu1_se",FALSE
"women_folate","All","mics_eu4_se",FALSE
"women_folate","All","mics_tn2_se",FALSE
"women_folate","All","mics_ir1_se",FALSE
"women_folate","All","mics_ws2",FALSE
"women_folate","All","mics_ws5_se",FALSE
"women_folate","All","mics_ws8",FALSE
"women_folate","All","mics_ws8a_se",FALSE
"women_folate","All","mics_hw1",FALSE
"women_folate","All","mics_hw2_se",FALSE
"women_folate","All","mics_hw6",FALSE
"women_folate","All","mics_hw6_se",FALSE
"women_folate","All","mics_sa2_se",FALSE
"women_folate","All","mics_wq4_se",FALSE
"women_folate","All","mics_wq10h",FALSE
"women_folate","All","mics_wq23h_se",FALSE
"women_folate","All","mics_wq23m",FALSE
"women_folate","All","mics_wq25h",FALSE
"women_folate","All","mics_wq25h_se",FALSE
"women_folate","All","mics_wq25m",FALSE
"women_folate","All","mics_hhage",FALSE
"women_folate","All","mics_hhage_se",FALSE
"women_folate","All","mics_ethnicity_se",FALSE
"women_folate","All","mics_wscore_se",FALSE
"women_folate","All","mics_wat_class_se",FALSE
"women_folate","All","mics_hw9a_2",FALSE
"women_folate","All","mics_hw9a_a",FALSE
"women_folate","All","mics_se.ws10bbd_d",FALSE
"women_folate","All","mics_se.hw7a_a",FALSE
"women_folate","All","mics_se.hw8a_a",FALSE
"women_folate","All","ihme_15_59_years_199_both_hiv_prevalence_percent",FALSE
"women_folate","All","ihme_all_ages_22_both_lf_prevalence_rate",FALSE
"women_folate","All","ihme_all_ages_22_both_lf_prevalence_count",FALSE
"women_folate","All","ihme_6_months_390_both_ebf_prevalence_percent",FALSE
"women_folate","All","ihme_15_49_years_24_females_mild_anemia_percent",FALSE
"women_folate","All","lsms_hh_nh",FALSE
"women_folate","All","lsms_hh_hsutensil",FALSE
"women_folate","All","lsms_hh_rcrepair",FALSE
"women_folate","All","lsms_hh_rcserve_cult",FALSE
"women_folate","All","lsms_hh_edundefin",FALSE
"women_folate","All","lsms_hh_missprot",FALSE
"women_folate","All","lsms_hh_pindex_nfd",FALSE
"women_folate","All","lsms_hh_povpi",FALSE
"women_folate","All","lsms_hh_aginc_gross",FALSE
"women_folate","All","lsms_hh_aginc_net",FALSE
"women_folate","All","lsms_hh_tot_hh_inc_net",FALSE
"women_folate","All","lsms_hh_fd_p_fruit",FALSE
"women_folate","All","lsms_hh_fd_p_star",FALSE
"women_folate","All","lsms_hh_se.nh",FALSE
"women_folate","All","lsms_hh_se.fdnonalc_b",FALSE
"women_folate","All","lsms_hh_se.elec",FALSE
"women_folate","All","lsms_hh_se.hsfurni",FALSE
"women_folate","All","lsms_hh_se.hsapplian",FALSE
"women_folate","All","lsms_hh_se.hosp",FALSE
"women_folate","All","lsms_hh_se.trfuel",FALSE
"women_folate","All","lsms_hh_se.trserve",FALSE
"women_folate","All","lsms_hh_se.comtel",FALSE
"women_folate","All","lsms_hh_se.hotcat",FALSE
"women_folate","All","lsms_hh_se.ppp2011",FALSE
"women_folate","All","lsms_hh_se.pindex_nfd",FALSE
"women_folate","All","lsms_hh_se.pindex_fd",FALSE
"women_folate","All","lsms_hh_se.pindex",FALSE
"women_folate","All","lsms_hh_se.pl_ext",FALSE
"women_folate","All","lsms_hh_se.wage_hid",FALSE
"women_folate","All","lsms_hh_se.rent_inc",FALSE
"women_folate","All","lsms_hh_se.remit_inc",FALSE
"women_folate","All","lsms_hh_se.inc_other",FALSE
"women_folate","All","lsms_hh_se.aginc_net",FALSE
"women_folate","All","lsms_hh_se.wta_s_hhsize",FALSE
"women_folate","All","lsms_hh_se.fd_p_veg",FALSE
"women_folate","All","lsms_hh_se.mpl_abs",FALSE
"women_folate","All","MAP_202406_Pf_Parasite_Rate",FALSE
"women_folate","All","MAP_202406_Insecticide_Treated_Net_Use_Rate",FALSE
"women_folate","All","nearest_market_id",FALSE
"women_folate","All","wfp_cassava",FALSE
"women_folate","All","wfp_cowpeas",FALSE
"women_folate","All","wfp_cowpeas_white",FALSE
"women_folate","All","wfp_gari",FALSE
"women_folate","All","wfp_maize",FALSE
"women_folate","All","wfp_maize_yellow",FALSE
"women_folate","All","wfp_peppers_dried",FALSE
"women_folate","All","wfp_peppers_fresh",FALSE
"women_folate","All","wfp_plantains_apentu",FALSE
"women_folate","All","wfp_rice_imported",FALSE
"women_folate","All","wfp_soybeans",FALSE
"women_folate","All","wfp_tomatoes_local",FALSE
"women_folate","All","wfp_yam",FALSE
"women_folate","All","gee_trmm_mean_10km",FALSE
"women_folate","All","gee_pop_mean_50km",FALSE
"women_folate","All","gee_temp_mean_50km",FALSE
"women_folate","All","missing_gw_hVegoilRetinol",FALSE
"women_folate","All","missing_gw_wi_wsft",FALSE
"women_folate","All","missing_gw_wMalariaYN",TRUE
"women_folate","All","missing_dhs2014_FP_NDYU_W_UNS",FALSE
"women_folate","All","missing_dhs2014_SX_AAFS_M_M2A",FALSE
"women_folate","All","missing_ihme_under_5_1_both_u5_diarrhea_prevalence_counts",FALSE
"women_folate","All","missing_wfp_maize_yellow",FALSE
"women_folate","Proxy","Admin1",TRUE
"women_folate","Proxy","dhs2014_FE_FRTY_W_PRG",FALSE
"women_folate","Proxy","dhs2014_FE_BINT_C_I07",FALSE
"women_folate","Proxy","dhs2014_FE_BINT_C_I24",FALSE
"women_folate","Proxy","dhs2014_FE_BINT_C_MED",FALSE
"women_folate","Proxy","dhs2014_FE_BORD_C_BO3",FALSE
"women_folate","Proxy","dhs2014_FE_PPID_W_MDB",FALSE
"women_folate","Proxy","dhs2014_FE_TNPG_W_PRG",FALSE
"women_folate","Proxy","dhs2014_FP_CUSA_W_IMP",FALSE
"women_folate","Proxy","dhs2014_FP_CUSA_W_FOM",FALSE
"women_folate","Proxy","dhs2014_FP_CUSM_W_FST",FALSE
"women_folate","Proxy","dhs2014_FP_CUSM_W_OTR",FALSE
"women_folate","Proxy","dhs2014_FP_CUSU_W_OTR",FALSE
"women_folate","Proxy","dhs2014_FP_NADM_W_UMS",FALSE
"women_folate","Proxy","dhs2014_FP_NADM_W_TDU",FALSE
"women_folate","Proxy","dhs2014_FP_NADA_W_UMS",FALSE
"women_folate","Proxy","dhs2014_FP_NADU_W_MNS",FALSE
"women_folate","Proxy","dhs2014_FP_NADU_W_MNL",FALSE
"women_folate","Proxy","dhs2014_FP_NADU_W_TDS",FALSE
"women_folate","Proxy","dhs2014_FP_NADU_W_TDL",FALSE
"women_folate","Proxy","dhs2014_FP_NADU_W_TDT",FALSE
"women_folate","Proxy","dhs2014_FP_NADU_W_UMS",FALSE
"women_folate","Proxy","dhs2014_FP_NADU_W_TDU",FALSE
"women_folate","Proxy","dhs2014_FP_NDYM_W_PDM",FALSE
"women_folate","Proxy","dhs2014_FP_NDYM_W_TDU",FALSE
"women_folate","Proxy","dhs2014_FP_NDYA_W_TDL",FALSE
"women_folate","Proxy","dhs2014_FP_NDYU_W_UNT",FALSE
"women_folate","Proxy","dhs2014_FP_NDYU_W_TDS",FALSE
"women_folate","Proxy","dhs2014_FP_NDYU_W_PDM",FALSE
"women_folate","Proxy","dhs2014_FP_NDYU_W_TDN",FALSE
"women_folate","Proxy","dhs2014_FP_EFPM_W_RDO",FALSE
"women_folate","Proxy","dhs2014_FP_EFPM_M_RDO",FALSE
"women_folate","Proxy","dhs2014_FP_NFPP_W_NFP",FALSE
"women_folate","Proxy","dhs2014_FP_DMKF_W_UJN",FALSE
"women_folate","Proxy","dhs2014_FP_DMKF_W_UHS",FALSE
"women_folate","Proxy","dhs2014_MA_MSTY_W_NMA",FALSE
"women_folate","Proxy","dhs2014_MA_MSTY_W_SEP",FALSE
"women_folate","Proxy","dhs2014_MA_MSTY_M_SEP",FALSE
"women_folate","Proxy","dhs2014_MA_CWIV_W_DKM",FALSE
"women_folate","Proxy","dhs2014_MA_MBAY_W_B15",FALSE
"women_folate","Proxy","dhs2014_MA_MBAY_M_B20",FALSE
"women_folate","Proxy","dhs2014_MA_AAFM_W_M45",FALSE
"women_folate","Proxy","dhs2014_MA_ADIF_W_O05",FALSE
"women_folate","Proxy","dhs2014_SX_SBAY_W_B15",FALSE
"women_folate","Proxy","dhs2014_SX_SBAY_W_B20",FALSE
"women_folate","Proxy","dhs2014_SX_SBAY_M_B15",FALSE
"women_folate","Proxy","dhs2014_SX_AAFS_W_M35",FALSE
"women_folate","Proxy","dhs2014_SX_AAFS_W_M40",FALSE
"women_folate","Proxy","dhs2014_SX_AAFS_W_M45",FALSE
"women_folate","Proxy","dhs2014_SX_AAFS_M_M20",FALSE
"women_folate","Proxy","dhs2014_SX_AAFS_M_M25",FALSE
"women_folate","Proxy","dhs2014_SX_AAFS_M_M30",FALSE
"women_folate","Proxy","dhs2014_SX_LSEX_M_1YR",FALSE
"women_folate","Proxy","dhs2014_SX_LSEX_M_MIS",FALSE
"women_folate","Proxy","dhs2014_CM_ECMR_C_NNU",FALSE
"women_folate","Proxy","dhs2014_CM_ECMR_C_U5X",FALSE
"women_folate","Proxy","dhs2014_RH_ANCN_W_N01",FALSE
"women_folate","Proxy","dhs2014_RH_ANCN_W_N47",FALSE
"women_folate","Proxy","dhs2014_RH_ANCT_W_T67",FALSE
"women_folate","Proxy","dhs2014_RH_ICSP_W_M18",FALSE
"women_folate","Proxy","dhs2014_RH_TTIJ_W_TT1",FALSE
"women_folate","Proxy","dhs2014_RH_TTIJ_W_TT2",FALSE
"women_folate","Proxy","dhs2014_RH_DELP_C_OTH",FALSE
"women_folate","Proxy","dhs2014_RH_PCMT_W_L4H",FALSE
"women_folate","Proxy","dhs2014_RH_PCMT_W_D7P",FALSE
"women_folate","Proxy","dhs2014_RH_PCMT_W_DKM",FALSE
"women_folate","Proxy","dhs2014_RH_PCMP_W_CHW",FALSE
"women_folate","Proxy","dhs2014_RH_PCCT_C_D12",FALSE
"women_folate","Proxy","dhs2014_RH_PCCT_C_DKM",FALSE
"women_folate","Proxy","dhs2014_RH_PCCP_C_TBA",FALSE
"women_folate","Proxy","dhs2014_RH_MIMH_M_ANM",FALSE
"women_folate","Proxy","dhs2014_RH_PAHC_W_PRM",FALSE
"women_folate","Proxy","dhs2014_RH_PAHC_W_PR1",FALSE
"women_folate","Proxy","dhs2014_CH_SZWT_C_AVG",FALSE
"women_folate","Proxy","dhs2014_CH_VACC_C_DP3",FALSE
"women_folate","Proxy","dhs2014_CH_VACC_C_OP1",FALSE
"women_folate","Proxy","dhs2014_CH_VACC_C_AP2",FALSE
"women_folate","Proxy","dhs2014_CH_FEVT_C_ABI",FALSE
"women_folate","Proxy","dhs2014_CH_DIAR_C_DIA",FALSE
"women_folate","Proxy","dhs2014_CH_DIAR_C_DIB",FALSE
"women_folate","Proxy","dhs2014_CH_DIAT_C_ADV",FALSE
"women_folate","Proxy","dhs2014_CH_DIAT_C_ORT",FALSE
"women_folate","Proxy","dhs2014_CH_DIAT_C_OZC",FALSE
"women_folate","Proxy","dhs2014_CH_DIAT_C_OSI",FALSE
"women_folate","Proxy","dhs2014_CH_DIAT_C_ABI",FALSE
"women_folate","Proxy","dhs2014_CH_DIAT_C_AMO",FALSE
"women_folate","Proxy","dhs2014_CH_DIAT_C_INJ",FALSE
"women_folate","Proxy","dhs2014_CH_DIAT_C_HOM",FALSE
"women_folate","Proxy","dhs2014_CH_DIAT_C_NOT",FALSE
"women_folate","Proxy","dhs2014_CH_DIFP_C_LLS",FALSE
"women_folate","Proxy","dhs2014_CH_DIFP_C_LNO",FALSE
"women_folate","Proxy","dhs2014_CH_DIFP_C_FSM",FALSE
"women_folate","Proxy","dhs2014_CH_DIFP_C_FLS",FALSE
"women_folate","Proxy","dhs2014_CH_DIFP_C_FML",FALSE
"women_folate","Proxy","dhs2014_CH_DIFP_C_FCF",FALSE
"women_folate","Proxy","dhs2014_CH_DIFP_C_FAL.1",FALSE
"women_folate","Proxy","dhs2014_CH_DIFP_C_NUM",FALSE
"women_folate","Proxy","dhs2014_CH_DSTL_C_OTH",FALSE
"women_folate","Proxy","dhs2014_CN_NUTS_C_WH3",FALSE
"women_folate","Proxy","dhs2014_CN_MIAC_C_IOD",FALSE
"women_folate","Proxy","dhs2014_CN_IODZ_H_SLN",FALSE
"women_folate","Proxy","dhs2014_AN_ANEM_W_ANY",FALSE
"women_folate","Proxy","dhs2014_AN_ANEM_W_MLD",FALSE
"women_folate","Proxy","dhs2014_AN_ANEM_W_SEV",FALSE
"women_folate","Proxy","dhs2014_AN_MIAM_W_NON",FALSE
"women_folate","Proxy","dhs2014_AN_MIAM_W_90P",FALSE
"women_folate","Proxy","dhs2014_ML_NETU_P_UN1",FALSE
"women_folate","Proxy","dhs2014_ML_ITNU_N_UNW",FALSE
"women_folate","Proxy","dhs2014_ML_FEVT_C_ADV",FALSE
"women_folate","Proxy","dhs2014_ML_FEVT_C_BLD",FALSE
"women_folate","Proxy","dhs2014_ML_FEVT_C_AML",FALSE
"women_folate","Proxy","dhs2014_ML_FEVT_C_AMS",FALSE
"women_folate","Proxy","dhs2014_ML_AMLD_C_QNN",FALSE
"women_folate","Proxy","dhs2014_ML_AMLD_C_CHL",FALSE
"women_folate","Proxy","dhs2014_HA_KHVP_M_SX1",FALSE
"women_folate","Proxy","dhs2014_HA_AATT_W_CRE",FALSE
"women_folate","Proxy","dhs2014_HA_AATT_W_FTC",FALSE
"women_folate","Proxy","dhs2014_HA_AATT_M_VEG",FALSE
"women_folate","Proxy","dhs2014_HA_AATT_M_FTC",FALSE
"women_folate","Proxy","dhs2014_HA_AATT_M_SEC",FALSE
"women_folate","Proxy","dhs2014_HA_PYSX_M_EPD",FALSE
"women_folate","Proxy","dhs2014_HA_PYSX_M_UN1",FALSE
"women_folate","Proxy","dhs2014_HA_CPHT_W_ETN",FALSE
"women_folate","Proxy","dhs2014_HA_CPHT_M_EVT",FALSE
"women_folate","Proxy","dhs2014_HA_CATH_W_TNC",FALSE
"women_folate","Proxy","dhs2014_HA_CATH_W_ATN",FALSE
"women_folate","Proxy","dhs2014_HA_STIS_W_STI",FALSE
"women_folate","Proxy","dhs2014_HA_STIS_M_DIS",FALSE
"women_folate","Proxy","dhs2014_HA_MINJ_W_NEW",FALSE
"women_folate","Proxy","dhs2014_HA_CHVT_W_DBN",FALSE
"women_folate","Proxy","dhs2014_HA_CHVT_W_ABI",FALSE
"women_folate","Proxy","dhs2014_HA_CHVT_W_ABN",FALSE
"women_folate","Proxy","dhs2014_HA_CHVT_M_ABI",FALSE
"women_folate","Proxy","dhs2014_HA_CHVT_M_ABN",FALSE
"women_folate","Proxy","dhs2014_HA_CHVT_B_DBN",FALSE
"women_folate","Proxy","dhs2014_HA_CHVT_B_ABI",FALSE
"women_folate","Proxy","dhs2014_HA_CHVT_B_ABN",FALSE
"women_folate","Proxy","dhs2014_HA_HIVP_M_HIV",FALSE
"women_folate","Proxy","dhs2014_HA_HIVY_W_UNW",FALSE
"women_folate","Proxy","dhs2014_HA_HPAC_B_CPN",FALSE
"women_folate","Proxy","dhs2014_AH_HINS_M_NON",FALSE
"women_folate","Proxy","dhs2014_AH_TOBC_M_OTH",FALSE
"women_folate","Proxy","dhs2014_WE_OWNA_W_HAJ",FALSE
"women_folate","Proxy","dhs2014_WE_OWNA_W_HNO",FALSE
"women_folate","Proxy","dhs2014_WE_ANSR_W_CSN",FALSE
"women_folate","Proxy","dhs2014_WE_DMAK_W_3DC",FALSE
"women_folate","Proxy","dhs2014_CP_BREG_C_REG",FALSE
"women_folate","Proxy","dhs2014_ED_EDAT_W_UNW",FALSE
"women_folate","Proxy","dhs2014_ED_EDAT_M_PRI",FALSE
"women_folate","Proxy","dhs2014_ED_NARP_W_FEM",FALSE
"women_folate","Proxy","dhs2014_ED_GARP_B_GPI",FALSE
"women_folate","Proxy","dhs2014_ED_NARS_M_MAL",FALSE
"women_folate","Proxy","dhs2014_ED_GARS_B_BTH",FALSE
"women_folate","Proxy","dhs2014_ED_LITR_W_RDW",FALSE
"women_folate","Proxy","dhs2014_ED_LITR_M_RDP",FALSE
"women_folate","Proxy","dhs2014_ED_LITR_M_NCD",FALSE
"women_folate","Proxy","dhs2014_ED_LITY_M_RDP",FALSE
"women_folate","Proxy","dhs2014_EM_EMPL_W_ENC",FALSE
"women_folate","Proxy","dhs2014_EM_EMPL_M_EMC",FALSE
"women_folate","Proxy","dhs2014_EM_EMPL_M_ENC",FALSE
"women_folate","Proxy","dhs2014_EM_OCCP_W_MNS",FALSE
"women_folate","Proxy","dhs2014_EM_OCCP_W_DKM",FALSE
"women_folate","Proxy","dhs2014_EM_WERN_W_OTH",FALSE
"women_folate","Proxy","dhs2014_EM_RERN_W_SAM",FALSE
"women_folate","Proxy","dhs2014_EM_RERN_W_NON",FALSE
"women_folate","Proxy","dhs2014_EM_MERN_W_WIF",FALSE
"women_folate","Proxy","dhs2014_EM_MERN_M_JNT",FALSE
"women_folate","Proxy","dhs2014_WS_SRCE_H_PWL",FALSE
"women_folate","Proxy","dhs2014_WS_SRCE_H_RNW",FALSE
"women_folate","Proxy","dhs2014_WS_SRCE_P_PSG",FALSE
"women_folate","Proxy","dhs2014_WS_WTRT_H_BLC",FALSE
"women_folate","Proxy","dhs2014_WS_WTRT_P_BLC",FALSE
"women_folate","Proxy","dhs2014_WS_WTRT_P_STN",FALSE
"women_folate","Proxy","dhs2014_WS_WTRT_P_NTR",FALSE
"women_folate","Proxy","dhs2014_WS_TLET_P_VIP",FALSE
"women_folate","Proxy","dhs2014_WS_TLET_P_NBK",FALSE
"women_folate","Proxy","dhs2014_WS_HNDW_P_UN1",FALSE
"women_folate","Proxy","dhs2014_HC_FLRM_H_FIN",FALSE
"women_folate","Proxy","dhs2014_HC_FLRM_P_VIN",FALSE
"women_folate","Proxy","dhs2014_HC_RMSL_P_2RM",FALSE
"women_folate","Proxy","dhs2014_HC_CKPL_H_HSE",FALSE
"women_folate","Proxy","dhs2014_HC_CKPL_H_SEP",FALSE
"women_folate","Proxy","dhs2014_HC_CKFL_H_NFD",FALSE
"women_folate","Proxy","dhs2014_HC_CKFL_P_KER",FALSE
"women_folate","Proxy","dhs2014_HC_SMKH_H_WLY",FALSE
"women_folate","Proxy","dhs2014_HC_PPRM_H_56P",FALSE
"women_folate","Proxy","dhs2014_HC_PPRM_H_MNP",FALSE
"women_folate","Proxy","dhs2014_HC_AGEG_P_259",FALSE
"women_folate","Proxy","dhs2014_HC_AGEG_P_459",FALSE
"women_folate","Proxy","dhs2014_HC_AGEG_P_759",FALSE
"women_folate","Proxy","dhs2014_HC_LVAR_C_FMA",FALSE
"women_folate","Proxy","dhs2014_HC_LVAR_C_NFA",FALSE
"women_folate","Proxy","dhs2014_HC_LVAY_C_NMA",FALSE
"women_folate","Proxy","dhs2014_HC_LVAY_C_NFA",FALSE
"women_folate","Proxy","dhs2014_HC_LVAY_C_NBD",FALSE
"women_folate","Proxy","dhs2014_SV_HRES_H_ABS",FALSE
"women_folate","Proxy","dhs2014_SV_RESI_W_INC",FALSE
"women_folate","Proxy","dhs2014_SV_RESI_M_PRT",FALSE
"women_folate","Proxy","dhs2014_SV_RESI_M_INC",FALSE
"women_folate","Proxy","dhs2014_SV_HRSM_H_INT",FALSE
"women_folate","Proxy","dhs2014_SV_HRSM_H_ABS",FALSE
"women_folate","Proxy","dhs2014_SV_INTV_W_MNI",FALSE
"women_folate","Proxy","dhs2014_SV_INTV_M_MED",FALSE
"women_folate","Proxy","dhs2016_DHSREGFR",FALSE
"women_folate","Proxy","dhs2016_DHSREGSP",FALSE
"women_folate","Proxy","dhs2016_FE_FRTR_W_A15",FALSE
"women_folate","Proxy","dhs2016_FE_FRTR_W_A40",FALSE
"women_folate","Proxy","dhs2016_FE_FRTY_W_U49",FALSE
"women_folate","Proxy","dhs2016_CH_FEVT_C_AT1",FALSE
"women_folate","Proxy","dhs2016_CN_ANMC_C_SEV",FALSE
"women_folate","Proxy","dhs2016_ML_NSRC_N_DKM",FALSE
"women_folate","Proxy","dhs2016_ML_IPTP_W_3SA",FALSE
"women_folate","Proxy","dhs2016_ML_FEVR_C_FEV",FALSE
"women_folate","Proxy","dhs2016_ML_FEVT_C_ADV",FALSE
"women_folate","Proxy","dhs2016_ML_FEVT_C_ADS",FALSE
"women_folate","Proxy","dhs2016_ML_FEVT_C_UNW",FALSE
"women_folate","Proxy","dhs2016_ML_PMAL_C_RDR",FALSE
"women_folate","Proxy","dhs2016_ED_EDUC_W_CPR",FALSE
"women_folate","Proxy","dhs2016_WS_SRCE_P_PWL",FALSE
"women_folate","Proxy","dhs2016_WS_TLET_H_VIP",FALSE
"women_folate","Proxy","dhs2016_WS_TLET_H_NIM",FALSE
"women_folate","Proxy","dhs2016_HC_FLRM_P_DNG",FALSE
"women_folate","Proxy","dhs2016_HC_RMSL_H_1RM",FALSE
"women_folate","Proxy","dhs2016_HC_HEFF_H_MPH",FALSE
"women_folate","Proxy","dhs2016_HC_HEFF_H_NPH",FALSE
"women_folate","Proxy","dhs2016_HC_AGEG_P_559",FALSE
"women_folate","Proxy","dhs2016_HC_AGEG_P_659",FALSE
"women_folate","Proxy","dhs2016_HC_AGEG_P_UNW",FALSE
"women_folate","Proxy","dhs2016_HC_MEMB_H_3MM",FALSE
"women_folate","Proxy","dhs2016_SV_HRES_H_INT",FALSE
"women_folate","Proxy","dhs2016_SV_HRES_H_REF",FALSE
"women_folate","Proxy","dhs2016_SV_HRES_H_RES",FALSE
"women_folate","Proxy","dhs2016_SV_RESI_W_ELG",FALSE
"women_folate","Proxy","dhs2016_SV_INTV_H_NUM",FALSE
"women_folate","Proxy","dhs2017_DHSREGFR",FALSE
"women_folate","Proxy","dhs2017_DHSREGSP",FALSE
"women_folate","Proxy","dhs2017_FE_BORD_C_BO1",FALSE
"women_folate","Proxy","dhs2017_RH_ANCN_W_N01",FALSE
"women_folate","Proxy","dhs2017_RH_ANCN_W_N4P",FALSE
"women_folate","Proxy","dhs2017_RH_ANCN_W_N8P",FALSE
"women_folate","Proxy","dhs2017_RH_ANCT_W_T67",FALSE
"women_folate","Proxy","dhs2017_RH_ANCT_W_MED",FALSE
"women_folate","Proxy","dhs2017_ML_NSRC_N_MDC",FALSE
"women_folate","Proxy","dhs2017_ML_NETC_C_NM1",FALSE
"women_folate","Proxy","dhs2017_ML_NETW_W_IT1",FALSE
"women_folate","Proxy","dhs2017_ML_IPTP_W_3SA",FALSE
"women_folate","Proxy","dhs2017_ML_FEVR_C_FEV",FALSE
"women_folate","Proxy","dhs2017_ML_FEVT_C_AMS",FALSE
"women_folate","Proxy","dhs2017_ML_AMLD_C_CHL",FALSE
"women_folate","Proxy","dhs2017_ML_AMLD_C_ART",FALSE
"women_folate","Proxy","dhs2017_ML_PMAL_C_MSL",FALSE
"women_folate","Proxy","dhs2017_ED_EDUC_W_SPR",FALSE
"women_folate","Proxy","dhs2017_ED_EDUC_W_PRI",FALSE
"women_folate","Proxy","dhs2017_ED_LITY_W_SCH",FALSE
"women_folate","Proxy","dhs2017_ED_LITY_W_UNW",FALSE
"women_folate","Proxy","dhs2017_WS_SRCE_H_PNB",FALSE
"women_folate","Proxy","dhs2017_WS_SRCE_P_PIP",FALSE
"women_folate","Proxy","dhs2017_WS_SRCE_P_PWL",FALSE
"women_folate","Proxy","dhs2017_WS_TIME_H_DKM",FALSE
"women_folate","Proxy","dhs2017_WS_TLET_H_PSL",FALSE
"women_folate","Proxy","dhs2017_WS_TLET_P_NIM",FALSE
"women_folate","Proxy","dhs2017_HC_CKFL_H_OTH",FALSE
"women_folate","Proxy","dhs2017_HC_CKFL_P_ELC",FALSE
"women_folate","Proxy","dhs2017_HC_PPRM_H_12P",FALSE
"women_folate","Proxy","dhs2017_HC_PPRM_H_34P",FALSE
"women_folate","Proxy","dhs2017_HC_WIXQ_P_GNI",FALSE
"women_folate","Proxy","dhs2017_HC_AGEG_P_159",FALSE
"women_folate","Proxy","dhs2017_HC_AGEG_P_459",FALSE
"women_folate","Proxy","dhs2017_SV_HRES_H_INT",FALSE
"women_folate","Proxy","dhs2017_SV_HRES_H_VAC",FALSE
"women_folate","Proxy","dhs2017_SV_HRES_H_OTH",FALSE
"women_folate","Proxy","dhs2017_SV_RESI_W_INC",FALSE
"women_folate","Proxy","mics_hc1b_se",FALSE
"women_folate","Proxy","mics_hc3_se",FALSE
"women_folate","Proxy","mics_hc7g_se",FALSE
"women_folate","Proxy","mics_hc7i",FALSE
"women_folate","Proxy","mics_hc9c_se",FALSE
"women_folate","Proxy","mics_hc9f_se",FALSE
"women_folate","Proxy","mics_hc9j",FALSE
"women_folate","Proxy","mics_hc10b_se",FALSE
"women_folate","Proxy","mics_hc16",FALSE
"women_folate","Proxy","mics_hc18f",FALSE
"women_folate","Proxy","mics_eu1_se",FALSE
"women_folate","Proxy","mics_eu4_se",FALSE
"women_folate","Proxy","mics_tn2_se",FALSE
"women_folate","Proxy","mics_ir1_se",FALSE
"women_folate","Proxy","mics_ws2",FALSE
"women_folate","Proxy","mics_ws5_se",FALSE
"women_folate","Proxy","mics_ws8",FALSE
"women_folate","Proxy","mics_ws8a_se",FALSE
"women_folate","Proxy","mics_hw1",FALSE
"women_folate","Proxy","mics_hw2_se",FALSE
"women_folate","Proxy","mics_hw6",FALSE
"women_folate","Proxy","mics_hw6_se",FALSE
"women_folate","Proxy","mics_sa2_se",FALSE
"women_folate","Proxy","mics_wq4_se",FALSE
"women_folate","Proxy","mics_wq10h",FALSE
"women_folate","Proxy","mics_wq23h_se",FALSE
"women_folate","Proxy","mics_wq23m",FALSE
"women_folate","Proxy","mics_wq25h",FALSE
"women_folate","Proxy","mics_wq25h_se",FALSE
"women_folate","Proxy","mics_wq25m",FALSE
"women_folate","Proxy","mics_hhage",FALSE
"women_folate","Proxy","mics_hhage_se",FALSE
"women_folate","Proxy","mics_ethnicity_se",FALSE
"women_folate","Proxy","mics_wscore_se",FALSE
"women_folate","Proxy","mics_wat_class_se",FALSE
"women_folate","Proxy","mics_hw9a_2",FALSE
"women_folate","Proxy","mics_hw9a_a",FALSE
"women_folate","Proxy","mics_se.ws10bbd_d",FALSE
"women_folate","Proxy","mics_se.hw7a_a",FALSE
"women_folate","Proxy","mics_se.hw8a_a",FALSE
"women_folate","Proxy","ihme_15_59_years_199_both_hiv_prevalence_percent",FALSE
"women_folate","Proxy","ihme_all_ages_22_both_lf_prevalence_rate",FALSE
"women_folate","Proxy","ihme_all_ages_22_both_lf_prevalence_count",FALSE
"women_folate","Proxy","ihme_6_months_390_both_ebf_prevalence_percent",FALSE
"women_folate","Proxy","ihme_15_49_years_24_females_mild_anemia_percent",FALSE
"women_folate","Proxy","lsms_hh_nh",FALSE
"women_folate","Proxy","lsms_hh_hsutensil",FALSE
"women_folate","Proxy","lsms_hh_rcrepair",FALSE
"women_folate","Proxy","lsms_hh_rcserve_cult",FALSE
"women_folate","Proxy","lsms_hh_edundefin",FALSE
"women_folate","Proxy","lsms_hh_missprot",FALSE
"women_folate","Proxy","lsms_hh_pindex_nfd",FALSE
"women_folate","Proxy","lsms_hh_povpi",FALSE
"women_folate","Proxy","lsms_hh_aginc_gross",FALSE
"women_folate","Proxy","lsms_hh_aginc_net",FALSE
"women_folate","Proxy","lsms_hh_tot_hh_inc_net",FALSE
"women_folate","Proxy","lsms_hh_fd_p_fruit",FALSE
"women_folate","Proxy","lsms_hh_fd_p_star",FALSE
"women_folate","Proxy","lsms_hh_se.nh",FALSE
"women_folate","Proxy","lsms_hh_se.fdnonalc_b",FALSE
"women_folate","Proxy","lsms_hh_se.elec",FALSE
"women_folate","Proxy","lsms_hh_se.hsfurni",FALSE
"women_folate","Proxy","lsms_hh_se.hsapplian",FALSE
"women_folate","Proxy","lsms_hh_se.hosp",FALSE
"women_folate","Proxy","lsms_hh_se.trfuel",FALSE
"women_folate","Proxy","lsms_hh_se.trserve",FALSE
"women_folate","Proxy","lsms_hh_se.comtel",FALSE
"women_folate","Proxy","lsms_hh_se.hotcat",FALSE
"women_folate","Proxy","lsms_hh_se.ppp2011",FALSE
"women_folate","Proxy","lsms_hh_se.pindex_nfd",FALSE
"women_folate","Proxy","lsms_hh_se.pindex_fd",FALSE
"women_folate","Proxy","lsms_hh_se.pindex",FALSE
"women_folate","Proxy","lsms_hh_se.pl_ext",FALSE
"women_folate","Proxy","lsms_hh_se.wage_hid",FALSE
"women_folate","Proxy","lsms_hh_se.rent_inc",FALSE
"women_folate","Proxy","lsms_hh_se.remit_inc",FALSE
"women_folate","Proxy","lsms_hh_se.inc_other",FALSE
"women_folate","Proxy","lsms_hh_se.aginc_net",FALSE
"women_folate","Proxy","lsms_hh_se.wta_s_hhsize",FALSE
"women_folate","Proxy","lsms_hh_se.fd_p_veg",FALSE
"women_folate","Proxy","lsms_hh_se.mpl_abs",FALSE
"women_folate","Proxy","MAP_202406_Pf_Parasite_Rate",FALSE
"women_folate","Proxy","MAP_202406_Insecticide_Treated_Net_Use_Rate",FALSE
"women_folate","Proxy","nearest_market_id",FALSE
"women_folate","Proxy","wfp_cassava",FALSE
"women_folate","Proxy","wfp_cowpeas",FALSE
"women_folate","Proxy","wfp_cowpeas_white",FALSE
"women_folate","Proxy","wfp_gari",FALSE
"women_folate","Proxy","wfp_maize",FALSE
"women_folate","Proxy","wfp_maize_yellow",FALSE
"women_folate","Proxy","wfp_peppers_dried",FALSE
"women_folate","Proxy","wfp_peppers_fresh",FALSE
"women_folate","Proxy","wfp_plantains_apentu",FALSE
"women_folate","Proxy","wfp_rice_imported",FALSE
"women_folate","Proxy","wfp_soybeans",FALSE
"women_folate","Proxy","wfp_tomatoes_local",FALSE
"women_folate","Proxy","wfp_yam",FALSE
"women_folate","Proxy","gee_trmm_mean_10km",FALSE
"women_folate","Proxy","gee_pop_mean_50km",FALSE
"women_folate","Proxy","gee_temp_mean_50km",FALSE
"women_folate","Proxy","missing_dhs2014_FP_NDYU_W_UNS",FALSE
"women_folate","Proxy","missing_dhs2014_SX_AAFS_M_M2A",FALSE
"women_folate","Proxy","missing_ihme_under_5_1_both_u5_diarrhea_prevalence_counts",FALSE
"women_folate","Proxy","missing_wfp_maize_yellow",FALSE
"child_iron","Survey","Admin1",TRUE
"child_iron","Survey","gw_diar14d",FALSE
"child_iron","Survey","gw_fever14d",FALSE
"child_iron","Survey","gw_cbbcmt",FALSE
"child_iron","Survey","gw_cccbt",FALSE
"child_iron","Survey","gw_cectpg",FALSE
"child_iron","Survey","gw_cecliq",FALSE
"child_iron","Survey","gw_cfdgchg1",FALSE
"child_iron","Survey","gw_cfdgchg3",FALSE
"child_iron","Survey","gw_cfdgchg4",FALSE
"child_iron","Survey","gw_cfdgchg6",FALSE
"child_iron","Survey","gw_cfdgchg10",FALSE
"child_iron","Survey","gw_cfdgchg11",FALSE
"child_iron","Survey","gw_cfdgchg12",FALSE
"child_iron","Survey","gw_cfdgchg13",FALSE
"child_iron","Survey","gw_cfdgchg14",FALSE
"child_iron","Survey","gw_cfdgchg15",FALSE
"child_iron","Survey","gw_cfdgchg17",FALSE
"child_iron","Survey","gw_ssfn",FALSE
"child_iron","Survey","gw_cjvta",FALSE
"child_iron","Survey","gw_cjdiw",FALSE
"child_iron","Survey","gw_age_days",FALSE
"child_iron","Survey","gw_iAME",FALSE
"child_iron","Survey","gw_cRE_RNI",FALSE
"child_iron","Survey","gw_cPctRNI_REOil",FALSE
"child_iron","Survey","gw_Region.x",TRUE
"child_iron","Survey","gw_Strata",TRUE
"child_iron","Survey","gw_Number_of_Child_Biological_forms",TRUE
"child_iron","Survey","gw_Actual_probablity_of_section_usi",TRUE
"child_iron","Survey","gw_Corrected_probability_of_selecti",TRUE
"child_iron","Survey","gw_PSU_weight",TRUE
"child_iron","Survey","gw_Number_of_households_selected",TRUE
"child_iron","Survey","gw_PSUStrat_weight",TRUE
"child_iron","Survey","gw_cttp",FALSE
"child_iron","Survey","gw_region",TRUE
"child_iron","Survey","gw_strata",TRUE
"child_iron","Survey","gw_headlanguage",FALSE
"child_iron","Survey","gw_pctopendef",TRUE
"child_iron","Survey","gw_hHandwashingH2OYN",FALSE
"child_iron","Survey","gw_hVegoilRetinol",FALSE
"child_iron","Survey","gw_hVegoilAdeqYN",FALSE
"child_iron","Survey","gw_hWealthquintile",FALSE
"child_iron","Survey","gw_bccn",TRUE
"child_iron","Survey","gw_bchnc",TRUE
"child_iron","Survey","gw_bclnr",TRUE
"child_iron","Survey","gw_bam1",FALSE
"child_iron","Survey","gw_bcgln",TRUE
"child_iron","Survey","gw_bmrdr",TRUE
"child_iron","Survey","gw_mcn",TRUE
"child_iron","Survey","gw_cwt",FALSE
"child_iron","Survey","gw_cht",FALSE
"child_iron","Survey","gw_echcm",FALSE
"child_iron","Survey","gw_cpcn",TRUE
"child_iron","Survey","gw_gcmst",TRUE
"child_iron","Survey","gw_hcmalref",TRUE
"child_iron","Survey","gw_momID",TRUE
"child_iron","Survey","gw_wCurrLact",FALSE
"child_iron","Survey","gw_wEducCat",FALSE
"child_iron","Survey","gw_wFoodGrp2",FALSE
"child_iron","Survey","gw_wFoodGrp3",FALSE
"child_iron","Survey","gw_wFoodGrp5",FALSE
"child_iron","Survey","gw_wFoodGrp6",FALSE
"child_iron","Survey","gw_wFoodGrp8",FALSE
"child_iron","Survey","gw_wFoodGrp9",FALSE
"child_iron","Survey","gw_wSuppIron",FALSE
"child_iron","Survey","gw_wHeightM",FALSE
"child_iron","Survey","gw_wBMI",FALSE
"child_iron","Survey","gw_wBMICat",FALSE
"child_iron","Survey","gw_wObese",FALSE
"child_iron","Survey","gw_wOWObeseCat",FALSE
"child_iron","Survey","gw_cAgeMonthsCat",FALSE
"child_iron","Survey","gw_cBirthweight",FALSE
"child_iron","Survey","gw_cBirthweightCat",FALSE
"child_iron","Survey","gw_cDiarrhea",FALSE
"child_iron","Survey","gw_cFever",FALSE
"child_iron","Survey","gw_cFeverMalaria",FALSE
"child_iron","Survey","gw_cMalariaYN",TRUE
"child_iron","Survey","gw_cSickle",TRUE
"child_iron","Survey","gw_cSickleYN",TRUE
"child_iron","Survey","gw_cFoodGrp2",FALSE
"child_iron","Survey","gw_cFoodGrp3",FALSE
"child_iron","Survey","gw_cFoodGrp4",FALSE
"child_iron","Survey","gw_cFoodGrp6",FALSE
"child_iron","Survey","gw_cFoodGrp7",FALSE
"child_iron","Survey","gw_cMDD",FALSE
"child_iron","Survey","gw_cMMF",FALSE
"child_iron","Survey","gw_cIRF",FALSE
"child_iron","Survey","gw_cVARF",FALSE
"child_iron","Survey","gw_haz06",FALSE
"child_iron","Survey","gw_waz06",FALSE
"child_iron","Survey","gw_whz06",FALSE
"child_iron","Survey","gw_cStuntCat",FALSE
"child_iron","Survey","gw_cStuntYN",FALSE
"child_iron","Survey","gw_cWasteCat",FALSE
"child_iron","Survey","gw_cWasteOWCat",FALSE
"child_iron","Survey","gw_cWasteYN",FALSE
"child_iron","Survey","gw_cUnderCat",FALSE
"child_iron","Survey","gw_cUnderYN",FALSE
"child_iron","Survey","gw_cVitASupp",FALSE
"child_iron","Survey","gw_cOpenDef",FALSE
"child_iron","Survey","gw_INT_m",TRUE
"child_iron","Survey","gw_cVAS_cat",FALSE
"child_iron","Survey","gw_sWeight",TRUE
"child_iron","Survey","gw_cAgeMonthsCatIYCF",FALSE
"child_iron","Survey","gw_cMDD2021",FALSE
"child_iron","Survey","gw_cSickle01",TRUE
"child_iron","Survey","gw_Region.y",TRUE
"child_iron","Survey","gw_Total.population",TRUE
"child_iron","Survey","gw_Households",TRUE
"child_iron","Survey","gw_week",FALSE
"child_iron","Survey","missing_gw_cbacwr",FALSE
"child_iron","Survey","missing_gw_cbbcbs",FALSE
"child_iron","Survey","missing_gw_cbbcmt",FALSE
"child_iron","Survey","missing_gw_cbbcmp",FALSE
"child_iron","Survey","missing_gw_cccbt",FALSE
"child_iron","Survey","missing_gw_ssfn",FALSE
"child_iron","Survey","missing_gw_cti",FALSE
"child_iron","Survey","missing_gw_stts",FALSE
"child_iron","Survey","missing_gw_wPreg",FALSE
"child_iron","Survey","missing_gw_wRead",FALSE
"child_iron","Survey","missing_gw_wHeightM",FALSE
"child_iron","Survey","missing_gw_cAlphaThal",TRUE
"child_iron","Survey","missing_gw_cIRF",FALSE
"child_iron","Survey","missing_gw_VAS_m2",TRUE
"child_iron","All","Admin1",TRUE
"child_iron","All","gw_diar14d",FALSE
"child_iron","All","gw_fever14d",FALSE
"child_iron","All","gw_cbbcmt",FALSE
"child_iron","All","gw_cccbt",FALSE
"child_iron","All","gw_cectpg",FALSE
"child_iron","All","gw_cecliq",FALSE
"child_iron","All","gw_cfdgchg1",FALSE
"child_iron","All","gw_cfdgchg3",FALSE
"child_iron","All","gw_cfdgchg4",FALSE
"child_iron","All","gw_cfdgchg6",FALSE
"child_iron","All","gw_cfdgchg10",FALSE
"child_iron","All","gw_cfdgchg11",FALSE
"child_iron","All","gw_cfdgchg12",FALSE
"child_iron","All","gw_cfdgchg13",FALSE
"child_iron","All","gw_cfdgchg14",FALSE
"child_iron","All","gw_cfdgchg15",FALSE
"child_iron","All","gw_cfdgchg17",FALSE
"child_iron","All","gw_ssfn",FALSE
"child_iron","All","gw_cjvta",FALSE
"child_iron","All","gw_cjdiw",FALSE
"child_iron","All","gw_age_days",FALSE
"child_iron","All","gw_iAME",FALSE
"child_iron","All","gw_cRE_RNI",FALSE
"child_iron","All","gw_cPctRNI_REOil",FALSE
"child_iron","All","gw_Region.x",TRUE
"child_iron","All","gw_Strata",TRUE
"child_iron","All","gw_Number_of_Child_Biological_forms",TRUE
"child_iron","All","gw_Actual_probablity_of_section_usi",TRUE
"child_iron","All","gw_Corrected_probability_of_selecti",TRUE
"child_iron","All","gw_PSU_weight",TRUE
"child_iron","All","gw_PSUStrat_weight",TRUE
"child_iron","All","gw_cttp",FALSE
"child_iron","All","gw_region",TRUE
"child_iron","All","gw_strata",TRUE
"child_iron","All","gw_headlanguage",FALSE
"child_iron","All","gw_pctopendef",TRUE
"child_iron","All","gw_hHandwashingH2OYN",FALSE
"child_iron","All","gw_hVegoilRetinol",FALSE
"child_iron","All","gw_hVegoilAdeqYN",FALSE
"child_iron","All","gw_hWealthquintile",FALSE
"child_iron","All","gw_bchnc",TRUE
"child_iron","All","gw_bclnr",TRUE
"child_iron","All","gw_bam1",FALSE
"child_iron","All","gw_bcgln",TRUE
"child_iron","All","gw_bmrdr",TRUE
"child_iron","All","gw_mcn",TRUE
"child_iron","All","gw_cwt",FALSE
"child_iron","All","gw_cht",FALSE
"child_iron","All","gw_echcm",FALSE
"child_iron","All","gw_cpcn",TRUE
"child_iron","All","gw_gcmst",TRUE
"child_iron","All","gw_hcmalref",TRUE
"child_iron","All","gw_momID",TRUE
"child_iron","All","gw_wCurrLact",FALSE
"child_iron","All","gw_wEducCat",FALSE
"child_iron","All","gw_wFoodGrp2",FALSE
"child_iron","All","gw_wFoodGrp3",FALSE
"child_iron","All","gw_wFoodGrp5",FALSE
"child_iron","All","gw_wFoodGrp6",FALSE
"child_iron","All","gw_wFoodGrp8",FALSE
"child_iron","All","gw_wFoodGrp9",FALSE
"child_iron","All","gw_wSuppIron",FALSE
"child_iron","All","gw_wHeightM",FALSE
"child_iron","All","gw_wBMI",FALSE
"child_iron","All","gw_wBMICat",FALSE
"child_iron","All","gw_wObese",FALSE
"child_iron","All","gw_wOWObeseCat",FALSE
"child_iron","All","gw_cAgeMonthsCat",FALSE
"child_iron","All","gw_cBirthweight",FALSE
"child_iron","All","gw_cBirthweightCat",FALSE
"child_iron","All","gw_cDiarrhea",FALSE
"child_iron","All","gw_cFever",FALSE
"child_iron","All","gw_cFeverMalaria",FALSE
"child_iron","All","gw_cMalariaYN",TRUE
"child_iron","All","gw_cSickle",TRUE
"child_iron","All","gw_cSickleYN",TRUE
"child_iron","All","gw_cFoodGrp2",FALSE
"child_iron","All","gw_cFoodGrp3",FALSE
"child_iron","All","gw_cFoodGrp4",FALSE
"child_iron","All","gw_cFoodGrp6",FALSE
"child_iron","All","gw_cFoodGrp7",FALSE
"child_iron","All","gw_cMDD",FALSE
"child_iron","All","gw_cMMF",FALSE
"child_iron","All","gw_cIRF",FALSE
"child_iron","All","gw_cVARF",FALSE
"child_iron","All","gw_haz06",FALSE
"child_iron","All","gw_waz06",FALSE
"child_iron","All","gw_whz06",FALSE
"child_iron","All","gw_cStuntCat",FALSE
"child_iron","All","gw_cStuntYN",FALSE
"child_iron","All","gw_cWasteCat",FALSE
"child_iron","All","gw_cWasteOWCat",FALSE
"child_iron","All","gw_cWasteYN",FALSE
"child_iron","All","gw_cUnderCat",FALSE
"child_iron","All","gw_cUnderYN",FALSE
"child_iron","All","gw_cVitASupp",FALSE
"child_iron","All","gw_cOpenDef",FALSE
"child_iron","All","gw_INT_m",TRUE
"child_iron","All","gw_cVAS_cat",FALSE
"child_iron","All","gw_cAgeMonthsCatIYCF",FALSE
"child_iron","All","gw_cMDD2021",FALSE
"child_iron","All","gw_cSickle01",TRUE
"child_iron","All","gw_Region.y",TRUE
"child_iron","All","gw_Total.population",TRUE
"child_iron","All","gw_Households",TRUE
"child_iron","All","gw_week",FALSE
"child_iron","All","dhs2014_FE_FRTR_W_A10",FALSE
"child_iron","All","dhs2014_FE_BINT_C_I07",FALSE
"child_iron","All","dhs2014_FE_BINT_C_I18",FALSE
"child_iron","All","dhs2014_FE_BINT_C_I3Y",FALSE
"child_iron","All","dhs2014_FE_BORD_C_BO1",FALSE
"child_iron","All","dhs2014_FE_BORD_C_BO3",FALSE
"child_iron","All","dhs2014_FE_PPID_W_MDA",FALSE
"child_iron","All","dhs2014_FE_BBAY_W_A15",FALSE
"child_iron","All","dhs2014_FE_TNPG_W_PRG",FALSE
"child_iron","All","dhs2014_FP_CUSA_W_FST",FALSE
"child_iron","All","dhs2014_FP_CUSA_W_IUD",FALSE
"child_iron","All","dhs2014_FP_CUSA_W_MCN",FALSE
"child_iron","All","dhs2014_FP_CUSA_W_FOM",FALSE
"child_iron","All","dhs2014_FP_CUSM_W_OTR",FALSE
"child_iron","All","dhs2014_FP_CUSU_W_PIL",FALSE
"child_iron","All","dhs2014_FP_CUSU_W_IMP",FALSE
"child_iron","All","dhs2014_FP_CUSU_W_MCN",FALSE
"child_iron","All","dhs2014_FP_CUSU_W_RHY",FALSE
"child_iron","All","dhs2014_FP_CUSU_W_OTR",FALSE
"child_iron","All","dhs2014_FP_NADM_W_UMS",FALSE
"child_iron","All","dhs2014_FP_NADU_W_UNL",FALSE
"child_iron","All","dhs2014_FP_NADU_W_MNL",FALSE
"child_iron","All","dhs2014_FP_NADU_W_TDS",FALSE
"child_iron","All","dhs2014_FP_NADU_W_TDL",FALSE
"child_iron","All","dhs2014_FP_NADU_W_UMT",FALSE
"child_iron","All","dhs2014_FP_NADU_W_PDM",FALSE
"child_iron","All","dhs2014_FP_NDYM_W_UNS",FALSE
"child_iron","All","dhs2014_FP_NDYM_W_UMS",FALSE
"child_iron","All","dhs2014_FP_NDYM_W_PDM",FALSE
"child_iron","All","dhs2014_FP_NDYM_W_TDU",FALSE
"child_iron","All","dhs2014_FP_NDYA_W_UNL",FALSE
"child_iron","All","dhs2014_FP_NDYA_W_UNT",FALSE
"child_iron","All","dhs2014_FP_NDYA_W_TDL",FALSE
"child_iron","All","dhs2014_FP_NDYA_W_UMS",FALSE
"child_iron","All","dhs2014_FP_NDYU_W_TDS",FALSE
"child_iron","All","dhs2014_FP_NDYU_W_UMT",FALSE
"child_iron","All","dhs2014_FP_NDYU_W_UNW",FALSE
"child_iron","All","dhs2014_FP_NDYU_W_TDN",FALSE
"child_iron","All","dhs2014_FP_NFPP_W_HNF",FALSE
"child_iron","All","dhs2014_FP_NFPP_W_NFP",FALSE
"child_iron","All","dhs2014_FP_DMKF_W_UHS",FALSE
"child_iron","All","dhs2014_MA_MSTY_W_NMA",FALSE
"child_iron","All","dhs2014_MA_MSTY_W_SEP",FALSE
"child_iron","All","dhs2014_MA_CWIV_W_DKM",FALSE
"child_iron","All","dhs2014_MA_MBAY_M_B18",FALSE
"child_iron","All","dhs2014_MA_AAFM_W_M40",FALSE
"child_iron","All","dhs2014_MA_AAFM_M_M45",FALSE
"child_iron","All","dhs2014_MA_AAFM_M_M55",FALSE
"child_iron","All","dhs2014_MA_ADIF_W_O10",FALSE
"child_iron","All","dhs2014_MA_ADIF_W_O01",FALSE
"child_iron","All","dhs2014_SX_SBAY_W_B18",FALSE
"child_iron","All","dhs2014_SX_SBAY_W_B20",FALSE
"child_iron","All","dhs2014_SX_SBAY_M_B15",FALSE
"child_iron","All","dhs2014_SX_SBAY_M_UNW",FALSE
"child_iron","All","dhs2014_SX_AAFS_W_M35",FALSE
"child_iron","All","dhs2014_SX_AAFS_W_M40",FALSE
"child_iron","All","dhs2014_SX_AAFS_W_M45",FALSE
"child_iron","All","dhs2014_SX_AAFS_M_M20",FALSE
"child_iron","All","dhs2014_SX_AAFS_M_M30",FALSE
"child_iron","All","dhs2014_SX_AAFS_M_M45",FALSE
"child_iron","All","dhs2014_SX_AAFS_M_M50",FALSE
"child_iron","All","dhs2014_SX_AAFS_M_M2A",FALSE
"child_iron","All","dhs2014_SX_AAFS_M_M2B",FALSE
"child_iron","All","dhs2014_SX_LSEX_W_NSX",FALSE
"child_iron","All","dhs2014_SX_LSEX_M_1PY",FALSE
"child_iron","All","dhs2014_SX_LSEX_M_MIS",FALSE
"child_iron","All","dhs2014_CM_ECMR_C_NNE",FALSE
"child_iron","All","dhs2014_CM_ECMR_C_NNX",FALSE
"child_iron","All","dhs2014_CM_ECMR_C_NNU",FALSE
"child_iron","All","dhs2014_CM_ECMR_C_PNE",FALSE
"child_iron","All","dhs2014_CM_ECMR_C_IME",FALSE
"child_iron","All","dhs2014_CM_ECMR_C_IMX",FALSE
"child_iron","All","dhs2014_CM_ECMR_C_IMU",FALSE
"child_iron","All","dhs2014_CM_ECMR_C_CMX",FALSE
"child_iron","All","dhs2014_CM_ECMR_C_U5X",FALSE
"child_iron","All","dhs2014_CM_PNMR_C_SBR",FALSE
"child_iron","All","dhs2014_RH_ANCP_W_NRS",FALSE
"child_iron","All","dhs2014_RH_ANCN_W_N47",FALSE
"child_iron","All","dhs2014_RH_ANCN_W_DKM",FALSE
"child_iron","All","dhs2014_RH_ANCT_W_T67",FALSE
"child_iron","All","dhs2014_RH_ANCT_W_T8P",FALSE
"child_iron","All","dhs2014_RH_ICSP_W_M18",FALSE
"child_iron","All","dhs2014_RH_ICSP_W_IDK",FALSE
"child_iron","All","dhs2014_RH_ANCS_W_SGN.1",FALSE
"child_iron","All","dhs2014_RH_TTIJ_W_TT1",FALSE
"child_iron","All","dhs2014_RH_TTIJ_W_TT2",FALSE
"child_iron","All","dhs2014_RH_TTIJ_W_DKM",FALSE
"child_iron","All","dhs2014_RH_DELP_C_OTH",FALSE
"child_iron","All","dhs2014_RH_DELA_C_NON",FALSE
"child_iron","All","dhs2014_RH_PCMT_W_23H",FALSE
"child_iron","All","dhs2014_RH_PCMT_W_DKM",FALSE
"child_iron","All","dhs2014_RH_PCMP_W_NRS",FALSE
"child_iron","All","dhs2014_RH_PCCT_C_DKM",FALSE
"child_iron","All","dhs2014_RH_PCCP_C_DOC",FALSE
"child_iron","All","dhs2014_RH_MIMH_M_ANM",FALSE
"child_iron","All","dhs2014_RH_PAHC_W_PRM",FALSE
"child_iron","All","dhs2014_RH_PAHC_W_MON",FALSE
"child_iron","All","dhs2014_CH_SZWT_C_AVG",FALSE
"child_iron","All","dhs2014_CH_SZWT_C_UN1",FALSE
"child_iron","All","dhs2014_CH_VACC_C_DP2",FALSE
"child_iron","All","dhs2014_CH_VACC_C_DP3",FALSE
"child_iron","All","dhs2014_CH_VACC_C_OP1",FALSE
"child_iron","All","dhs2014_CH_VACC_C_OP2",FALSE
"child_iron","All","dhs2014_CH_VACC_C_OP3",FALSE
"child_iron","All","dhs2014_CH_VACP_C_SN1",FALSE
"child_iron","All","dhs2014_CH_ARIS_C_UN2",FALSE
"child_iron","All","dhs2014_CH_FEVR_C_FEV",FALSE
"child_iron","All","dhs2014_CH_FEVT_C_ADV",FALSE
"child_iron","All","dhs2014_CH_FEVT_C_ABI",FALSE
"child_iron","All","dhs2014_CH_DIAR_C_DIA",FALSE
"child_iron","All","dhs2014_CH_DIAT_C_RHF",FALSE
"child_iron","All","dhs2014_CH_DIAT_C_OZC",FALSE
"child_iron","All","dhs2014_CH_DIAT_C_OSI",FALSE
"child_iron","All","dhs2014_CH_DIAT_C_INJ",FALSE
"child_iron","All","dhs2014_CH_DIAT_C_HOM",FALSE
"child_iron","All","dhs2014_CH_DIAT_C_NOT",FALSE
"child_iron","All","dhs2014_CH_DIFP_C_LSM",FALSE
"child_iron","All","dhs2014_CH_DIFP_C_FLS",FALSE
"child_iron","All","dhs2014_CH_DIFP_C_FML",FALSE
"child_iron","All","dhs2014_CH_DIFP_C_FCF",FALSE
"child_iron","All","dhs2014_CH_DIFP_C_FAL.1",FALSE
"child_iron","All","dhs2014_CH_DIFP_C_NUM",FALSE
"child_iron","All","dhs2014_CH_DSTL_C_OTH",FALSE
"child_iron","All","dhs2014_CN_NUTS_C_WH2",FALSE
"child_iron","All","dhs2014_CN_BRFI_C_EVR",FALSE
"child_iron","All","dhs2014_CN_BRFI_C_1HR",FALSE
"child_iron","All","dhs2014_CN_BRFI_C_1DY",FALSE
"child_iron","All","dhs2014_CN_IYCF_C_4FB",FALSE
"child_iron","All","dhs2014_CN_IYCF_C_BTB",FALSE
"child_iron","All","dhs2014_CN_IYCF_C_MNA",FALSE
"child_iron","All","dhs2014_CN_ANMC_C_MLD",FALSE
"child_iron","All","dhs2014_CN_MIAC_C_VAF",FALSE
"child_iron","All","dhs2014_CN_MIAC_C_IRF",FALSE
"child_iron","All","dhs2014_CN_IODZ_H_SLN",FALSE
"child_iron","All","dhs2014_AN_NUTS_W_SHT",FALSE
"child_iron","All","dhs2014_AN_NUTS_M_TH1",FALSE
"child_iron","All","dhs2014_AN_NUTS_M_TH2",FALSE
"child_iron","All","dhs2014_AN_ANEM_W_ANY",FALSE
"child_iron","All","dhs2014_AN_ANEM_W_MLD",FALSE
"child_iron","All","dhs2014_AN_ANEM_W_SEV",FALSE
"child_iron","All","dhs2014_AN_MIAM_W_90P",FALSE
"child_iron","All","dhs2014_AN_MIAM_W_IOD",FALSE
"child_iron","All","dhs2014_ML_NETU_P_UN1",FALSE
"child_iron","All","dhs2014_ML_ITNU_N_UNW",FALSE
"child_iron","All","dhs2014_ML_NETC_C_ANY",FALSE
"child_iron","All","dhs2014_ML_NETW_W_ANY",FALSE
"child_iron","All","dhs2014_ML_IPTP_W_SPA",FALSE
"child_iron","All","dhs2014_ML_IPTP_W_3SA",FALSE
"child_iron","All","dhs2014_ML_FEVT_C_ADV",FALSE
"child_iron","All","dhs2014_ML_FEVT_C_AML",FALSE
"child_iron","All","dhs2014_ML_FEVT_C_AMS",FALSE
"child_iron","All","dhs2014_ML_AMLD_C_ACT",FALSE
"child_iron","All","dhs2014_ML_AMLD_C_SPF",FALSE
"child_iron","All","dhs2014_ML_AMLD_C_UNW",FALSE
"child_iron","All","dhs2014_ML_PMAL_C_RDE",FALSE
"child_iron","All","dhs2014_ML_PMAL_C_RDR",FALSE
"child_iron","All","dhs2014_ML_PMAL_C_MSR",FALSE
"child_iron","All","dhs2014_HA_KHVP_M_SX1",FALSE
"child_iron","All","dhs2014_HA_CKNA_W_CKA",FALSE
"child_iron","All","dhs2014_HA_KMTC_W_PRG",FALSE
"child_iron","All","dhs2014_HA_KMTC_W_PDB",FALSE
"child_iron","All","dhs2014_HA_KMTC_M_PRG",FALSE
"child_iron","All","dhs2014_HA_KMTC_M_DLV",FALSE
"child_iron","All","dhs2014_HA_KMTC_M_PDB",FALSE
"child_iron","All","dhs2014_HA_AATT_W_CRE",FALSE
"child_iron","All","dhs2014_HA_AATT_W_FTC",FALSE
"child_iron","All","dhs2014_HA_AATT_W_UNW",FALSE
"child_iron","All","dhs2014_HA_AATT_M_VEG",FALSE
"child_iron","All","dhs2014_HA_AATT_M_FTC",FALSE
"child_iron","All","dhs2014_HA_ANSS_M_RSX",FALSE
"child_iron","All","dhs2014_HA_ASEC_W_AGR",FALSE
"child_iron","All","dhs2014_HA_ASEC_M_AGR",FALSE
"child_iron","All","dhs2014_HA_HRSX_W_CND",FALSE
"child_iron","All","dhs2014_HA_MSXP_M_CND",FALSE
"child_iron","All","dhs2014_HA_MSXP_M_UN2",FALSE
"child_iron","All","dhs2014_HA_CATH_W_TNC",FALSE
"child_iron","All","dhs2014_HA_CATH_W_ATN",FALSE
"child_iron","All","dhs2014_HA_MCRC_M_OTH",FALSE
"child_iron","All","dhs2014_HA_STIS_W_STI",FALSE
"child_iron","All","dhs2014_HA_STIS_M_AST",FALSE
"child_iron","All","dhs2014_HA_MINJ_W_NEW",FALSE
"child_iron","All","dhs2014_HA_CHVT_W_ABI",FALSE
"child_iron","All","dhs2014_HA_CHVT_W_ABN",FALSE
"child_iron","All","dhs2014_HA_CHVT_M_ABI",FALSE
"child_iron","All","dhs2014_HA_CHVT_M_ABN",FALSE
"child_iron","All","dhs2014_HA_CHVT_M_OTN",FALSE
"child_iron","All","dhs2014_HA_CHVT_B_DBN",FALSE
"child_iron","All","dhs2014_HA_CHVT_B_ABI",FALSE
"child_iron","All","dhs2014_HA_HIVP_M_HVE",FALSE
"child_iron","All","dhs2014_HA_HIVP_M_HVR",FALSE
"child_iron","All","dhs2014_HA_HIVP_M_HVL",FALSE
"child_iron","All","dhs2014_HA_HIVY_M_UNW",FALSE
"child_iron","All","dhs2014_HA_HPAC_B_CPN",FALSE
"child_iron","All","dhs2014_AH_HINS_W_NON",FALSE
"child_iron","All","dhs2014_AH_HINS_M_NON",FALSE
"child_iron","All","dhs2014_WE_OWNA_W_HJN",FALSE
"child_iron","All","dhs2014_WE_OWNA_W_HAJ",FALSE
"child_iron","All","dhs2014_WE_OWNA_W_HNO",FALSE
"child_iron","All","dhs2014_WE_OWNA_W_HDK",FALSE
"child_iron","All","dhs2014_WE_OWNA_W_LAL",FALSE
"child_iron","All","dhs2014_WE_OWNA_M_HAL",FALSE
"child_iron","All","dhs2014_WE_OWNA_M_LAL",FALSE
"child_iron","All","dhs2014_WE_ANSR_W_CSN",FALSE
"child_iron","All","dhs2014_WE_ANSR_W_CAC",FALSE
"child_iron","All","dhs2014_CP_BREG_C_NCT",FALSE
"child_iron","All","dhs2014_ED_SCHA_C_SCR",FALSE
"child_iron","All","dhs2014_ED_EDAT_W_UNW",FALSE
"child_iron","All","dhs2014_ED_NARP_W_FEM",FALSE
"child_iron","All","dhs2014_ED_NARP_M_MAL",FALSE
"child_iron","All","dhs2014_ED_NARP_B_GPI",FALSE
"child_iron","All","dhs2014_ED_GARS_M_MAL",FALSE
"child_iron","All","dhs2014_ED_EDUC_W_CPR",FALSE
"child_iron","All","dhs2014_ED_LITR_W_RDW",FALSE
"child_iron","All","dhs2014_ED_LITR_M_RDP",FALSE
"child_iron","All","dhs2014_ED_LITR_M_NCD",FALSE
"child_iron","All","dhs2014_ED_LITY_W_UNW",FALSE
"child_iron","All","dhs2014_ED_LITY_M_RDP",FALSE
"child_iron","All","dhs2014_ED_LITY_M_UNW",FALSE
"child_iron","All","dhs2014_EM_EMPL_M_N12",FALSE
"child_iron","All","dhs2014_EM_OCCP_W_MNS",FALSE
"child_iron","All","dhs2014_EM_OCCP_W_MNU",FALSE
"child_iron","All","dhs2014_EM_OCCP_M_DKM",FALSE
"child_iron","All","dhs2014_EM_WERN_W_HUS",FALSE
"child_iron","All","dhs2014_EM_RERN_W_UNW",FALSE
"child_iron","All","dhs2014_EM_MERN_W_WIF",FALSE
"child_iron","All","dhs2014_EM_MERN_M_HUS",FALSE
"child_iron","All","dhs2014_EM_MERN_M_UNW",FALSE
"child_iron","All","dhs2014_WS_SRCE_H_TAP",FALSE
"child_iron","All","dhs2014_WS_SRCE_H_RNW",FALSE
"child_iron","All","dhs2014_WS_SRCE_H_TNK",FALSE
"child_iron","All","dhs2014_WS_SRCE_H_USG",FALSE
"child_iron","All","dhs2014_WS_SRCE_P_PWL",FALSE
"child_iron","All","dhs2014_WS_SRCE_P_PSG",FALSE
"child_iron","All","dhs2014_WS_TIME_H_L30",FALSE
"child_iron","All","dhs2014_WS_WTRT_H_BLC",FALSE
"child_iron","All","dhs2014_WS_WTRT_P_BLC",FALSE
"child_iron","All","dhs2014_WS_WTRT_P_STN",FALSE
"child_iron","All","dhs2014_WS_WTRT_P_CER",FALSE
"child_iron","All","dhs2014_WS_WTRT_P_NTR",FALSE
"child_iron","All","dhs2014_WS_WTRT_P_DKM",FALSE
"child_iron","All","dhs2014_WS_TLET_H_VIP",FALSE
"child_iron","All","dhs2014_WS_HNDW_H_OBS",FALSE
"child_iron","All","dhs2014_WS_HNDW_H_SOP",FALSE
"child_iron","All","dhs2014_WS_HNDW_H_LTD",FALSE
"child_iron","All","dhs2014_WS_HNDW_P_CLN",FALSE
"child_iron","All","dhs2014_HC_FLRM_P_VIN",FALSE
"child_iron","All","dhs2014_HC_RMSL_H_2RM",FALSE
"child_iron","All","dhs2014_HC_RMSL_P_2RM",FALSE
"child_iron","All","dhs2014_HC_RMSL_P_DKM",FALSE
"child_iron","All","dhs2014_HC_CKFL_H_COL",FALSE
"child_iron","All","dhs2014_HC_SMKH_H_WLY",FALSE
"child_iron","All","dhs2014_HC_SMKH_P_LES",FALSE
"child_iron","All","dhs2014_HC_PPRM_H_34P",FALSE
"child_iron","All","dhs2014_HC_PPRM_H_7PP",FALSE
"child_iron","All","dhs2014_HC_PPRM_H_MNP",FALSE
"child_iron","All","dhs2014_HC_AGEG_P_204",FALSE
"child_iron","All","dhs2014_HC_AGEG_P_259",FALSE
"child_iron","All","dhs2014_HC_AGEG_P_459",FALSE
"child_iron","All","dhs2014_HC_AGEG_P_504",FALSE
"child_iron","All","dhs2014_HC_AGEG_P_604",FALSE
"child_iron","All","dhs2014_HC_AGEG_P_759",FALSE
"child_iron","All","dhs2014_HC_AGEG_P_ADL",FALSE
"child_iron","All","dhs2014_HC_MEMB_H_5MM",FALSE
"child_iron","All","dhs2014_HC_LVAR_C_FMA",FALSE
"child_iron","All","dhs2014_HC_LVAR_C_NMA",FALSE
"child_iron","All","dhs2014_HC_LVAR_C_NFA",FALSE
"child_iron","All","dhs2014_HC_LVAR_C_NBD",FALSE
"child_iron","All","dhs2014_HC_LVAY_C_NMA",FALSE
"child_iron","All","dhs2014_HC_LVAY_C_NBD",FALSE
"child_iron","All","dhs2014_SV_HRES_H_ABS",FALSE
"child_iron","All","dhs2014_SV_HRES_H_DES",FALSE
"child_iron","All","dhs2014_SV_RESI_W_REF",FALSE
"child_iron","All","dhs2014_SV_RESI_W_INC",FALSE
"child_iron","All","dhs2014_SV_RESI_W_OTH",FALSE
"child_iron","All","dhs2014_SV_RESI_M_NAH",FALSE
"child_iron","All","dhs2014_SV_HRSM_H_ABS",FALSE
"child_iron","All","dhs2014_SV_HRSM_H_VAC",FALSE
"child_iron","All","dhs2014_SV_HRSM_H_OTH",FALSE
"child_iron","All","dhs2014_SV_INTV_W_MNI",FALSE
"child_iron","All","dhs2014_SV_INTV_M_MNI",FALSE
"child_iron","All","dhs2016_DHSREGFR",FALSE
"child_iron","All","dhs2016_DHSREGSP",FALSE
"child_iron","All","dhs2016_FE_FRTR_W_A10",FALSE
"child_iron","All","dhs2016_FE_FRTY_W_U49",FALSE
"child_iron","All","dhs2016_RH_ANCP_W_NRS",FALSE
"child_iron","All","dhs2016_CH_FEVR_C_FEV",FALSE
"child_iron","All","dhs2016_CH_FEVT_C_AT1",FALSE
"child_iron","All","dhs2016_CH_FEVT_C_ADV",FALSE
"child_iron","All","dhs2016_CN_ANMC_C_MLD",FALSE
"child_iron","All","dhs2016_CN_ANMC_C_SEV",FALSE
"child_iron","All","dhs2016_ML_NSRC_N_MDC",FALSE
"child_iron","All","dhs2016_ML_NSRC_N_ANC",FALSE
"child_iron","All","dhs2016_ML_NSRC_N_GHF",FALSE
"child_iron","All","dhs2016_ML_NSRC_N_PHF",FALSE
"child_iron","All","dhs2016_ML_NSRC_N_DKM",FALSE
"child_iron","All","dhs2016_ML_FEVT_C_ADV",FALSE
"child_iron","All","dhs2016_ML_FEVT_C_ADS",FALSE
"child_iron","All","dhs2016_ML_FEVT_C_ACS",FALSE
"child_iron","All","dhs2016_ML_AMLD_C_QNN",FALSE
"child_iron","All","dhs2016_ML_AMLD_C_NUM",FALSE
"child_iron","All","dhs2016_ML_PMAL_C_RDT",FALSE
"child_iron","All","dhs2016_ML_PMAL_C_RDR",FALSE
"child_iron","All","dhs2016_ML_PMAL_C_RDL",FALSE
"child_iron","All","dhs2016_ML_PMAL_C_MSL",FALSE
"child_iron","All","dhs2016_AH_HINS_W_EBI",FALSE
"child_iron","All","dhs2016_AH_HINS_W_NON",FALSE
"child_iron","All","dhs2016_ED_EDUC_W_CPR",FALSE
"child_iron","All","dhs2016_ED_LITR_W_BLD",FALSE
"child_iron","All","dhs2016_ED_LITY_W_RDP",FALSE
"child_iron","All","dhs2016_WS_SRCE_H_PNB",FALSE
"child_iron","All","dhs2016_WS_SRCE_H_PSG",FALSE
"child_iron","All","dhs2016_WS_SRCE_H_USG",FALSE
"child_iron","All","dhs2016_WS_SRCE_P_TAP",FALSE
"child_iron","All","dhs2016_WS_SRCE_P_RNW",FALSE
"child_iron","All","dhs2016_WS_SRCE_P_TNK",FALSE
"child_iron","All","dhs2016_WS_SRCE_P_UWL",FALSE
"child_iron","All","dhs2016_WS_SRCE_P_LTD",FALSE
"child_iron","All","dhs2016_WS_TLET_H_FSW",FALSE
"child_iron","All","dhs2016_WS_TLET_H_VIP",FALSE
"child_iron","All","dhs2016_WS_TLET_H_NIM",FALSE
"child_iron","All","dhs2016_WS_TLET_H_NBK",FALSE
"child_iron","All","dhs2016_HC_FLRM_P_DNG",FALSE
"child_iron","All","dhs2016_HC_FLRM_P_FIN",FALSE
"child_iron","All","dhs2016_HC_CKFL_H_KER",FALSE
"child_iron","All","dhs2016_HC_CKFL_H_COL",FALSE
"child_iron","All","dhs2016_HC_PPRM_H_12P",FALSE
"child_iron","All","dhs2016_HC_PPRM_H_7PP",FALSE
"child_iron","All","dhs2016_HC_HEFF_H_MPH",FALSE
"child_iron","All","dhs2016_HC_HEFF_H_NPH",FALSE
"child_iron","All","dhs2016_HC_WIXQ_P_2ND",FALSE
"child_iron","All","dhs2016_HC_AGEG_P_104",FALSE
"child_iron","All","dhs2016_HC_AGEG_P_304",FALSE
"child_iron","All","dhs2016_HC_AGEG_P_359",FALSE
"child_iron","All","dhs2016_HC_AGEG_P_559",FALSE
"child_iron","All","dhs2016_HC_AGEG_P_604",FALSE
"child_iron","All","dhs2016_HC_AGEG_P_704",FALSE
"child_iron","All","dhs2016_HC_OLDR_P_NNC",FALSE
"child_iron","All","dhs2016_HC_OLDR_P_UNW",FALSE
"child_iron","All","dhs2016_HC_MEMB_H_3MM",FALSE
"child_iron","All","dhs2016_HC_MEMB_H_4MM",FALSE
"child_iron","All","dhs2016_HC_MEMB_H_5MM",FALSE
"child_iron","All","dhs2016_SV_HRES_H_NOR",FALSE
"child_iron","All","dhs2016_SV_HRES_H_REF",FALSE
"child_iron","All","dhs2016_SV_HRES_H_ABS",FALSE
"child_iron","All","dhs2016_SV_RESI_W_INC",FALSE
"child_iron","All","dhs2016_SV_RESI_W_ELG",FALSE
"child_iron","All","dhs2016_SV_INTV_W_MED",FALSE
"child_iron","All","dhs2017_DHSREGFR",FALSE
"child_iron","All","dhs2017_DHSREGSP",FALSE
"child_iron","All","dhs2017_FE_FRTR_W_A10",FALSE
"child_iron","All","dhs2017_FE_FRTR_W_A40",FALSE
"child_iron","All","dhs2017_FE_FRTY_W_U49",FALSE
"child_iron","All","dhs2017_FE_BORD_C_BO1",FALSE
"child_iron","All","dhs2017_RH_ANCP_W_NRS",FALSE
"child_iron","All","dhs2017_RH_ANCN_W_N01",FALSE
"child_iron","All","dhs2017_RH_ANCN_W_N8P",FALSE
"child_iron","All","dhs2017_RH_ANCT_W_TL4",FALSE
"child_iron","All","dhs2017_RH_ANCT_W_T45",FALSE
"child_iron","All","dhs2017_RH_ANCT_W_T67",FALSE
"child_iron","All","dhs2017_CH_FEVT_C_ADV",FALSE
"child_iron","All","dhs2017_CN_ANMC_C_MLD",FALSE
"child_iron","All","dhs2017_ML_NETP_H_IT2",FALSE
"child_iron","All","dhs2017_ML_NSRC_N_ANC",FALSE
"child_iron","All","dhs2017_ML_NSRC_N_OTH",FALSE
"child_iron","All","dhs2017_ML_NETW_W_IT1",FALSE
"child_iron","All","dhs2017_ML_IPTP_W_SPF",FALSE
"child_iron","All","dhs2017_ML_IPTP_W_2SA",FALSE
"child_iron","All","dhs2017_ML_FEVR_C_FEV",FALSE
"child_iron","All","dhs2017_ML_FEVT_C_ADV",FALSE
"child_iron","All","dhs2017_ML_FEVT_C_BLD",FALSE
"child_iron","All","dhs2017_ML_FEVT_C_AMS",FALSE
"child_iron","All","dhs2017_ML_FEVT_C_NUM",FALSE
"child_iron","All","dhs2017_ML_AMLD_C_QNN",FALSE
"child_iron","All","dhs2017_ML_AMLD_C_ART",FALSE
"child_iron","All","dhs2017_ML_PMAL_C_MSL",FALSE
"child_iron","All","dhs2017_AH_HINS_W_NON",FALSE
"child_iron","All","dhs2017_ED_EDUC_W_PRI",FALSE
"child_iron","All","dhs2017_ED_LITR_W_RDP",FALSE
"child_iron","All","dhs2017_ED_LITY_W_UNW",FALSE
"child_iron","All","dhs2017_WS_SRCE_H_PIP",FALSE
"child_iron","All","dhs2017_WS_SRCE_H_PSG",FALSE
"child_iron","All","dhs2017_WS_SRCE_P_PIP",FALSE
"child_iron","All","dhs2017_WS_SRCE_P_TAP",FALSE
"child_iron","All","dhs2017_WS_SRCE_P_PNB",FALSE
"child_iron","All","dhs2017_WS_SRCE_P_PWL",FALSE
"child_iron","All","dhs2017_WS_SRCE_P_PSG",FALSE
"child_iron","All","dhs2017_WS_SRCE_P_UWL",FALSE
"child_iron","All","dhs2017_WS_TIME_H_L30",FALSE
"child_iron","All","dhs2017_WS_TIME_H_DKM",FALSE
"child_iron","All","dhs2017_WS_TLET_P_NIM",FALSE
"child_iron","All","dhs2017_WS_TLET_P_BAS",FALSE
"child_iron","All","dhs2017_HC_FLRM_H_NAT",FALSE
"child_iron","All","dhs2017_HC_FLRM_H_DNG",FALSE
"child_iron","All","dhs2017_HC_RMSL_H_2RM",FALSE
"child_iron","All","dhs2017_HC_CKFL_H_ELC",FALSE
"child_iron","All","dhs2017_HC_CKFL_H_OTH",FALSE
"child_iron","All","dhs2017_HC_CKFL_H_NFD",FALSE
"child_iron","All","dhs2017_HC_CKFL_P_ELC",FALSE
"child_iron","All","dhs2017_HC_PPRM_H_12P",FALSE
"child_iron","All","dhs2017_HC_PPRM_H_34P",FALSE
"child_iron","All","dhs2017_HC_PPRM_H_56P",FALSE
"child_iron","All","dhs2017_HC_PPRM_H_MNP",FALSE
"child_iron","All","dhs2017_HC_HEFF_H_NPH",FALSE
"child_iron","All","dhs2017_HC_WIXQ_P_2ND",FALSE
"child_iron","All","dhs2017_HC_WIXQ_P_GNI",FALSE
"child_iron","All","dhs2017_HC_AGEG_P_459",FALSE
"child_iron","All","dhs2017_HC_AGEG_P_504",FALSE
"child_iron","All","dhs2017_HC_AGEG_P_604",FALSE
"child_iron","All","dhs2017_HC_AGEG_P_704",FALSE
"child_iron","All","dhs2017_HC_AGEG_P_DK2",FALSE
"child_iron","All","dhs2017_HC_OLDR_H_O65",FALSE
"child_iron","All","dhs2017_HC_MEMB_H_5MM",FALSE
"child_iron","All","dhs2017_SV_HRES_H_INT",FALSE
"child_iron","All","dhs2017_SV_HRES_H_NOR",FALSE
"child_iron","All","dhs2017_SV_HRES_H_ABS",FALSE
"child_iron","All","dhs2017_SV_HRES_H_VAC",FALSE
"child_iron","All","dhs2017_SV_HRES_H_RES",FALSE
"child_iron","All","dhs2017_SV_RESI_W_INC",FALSE
"child_iron","All","dhs2017_SV_RESI_W_ELG",FALSE
"child_iron","All","dhs2017_SV_RESI_W_ORR",FALSE
"child_iron","All","mics_hc1a",FALSE
"child_iron","All","mics_hc1a_se",FALSE
"child_iron","All","mics_hc3_se",FALSE
"child_iron","All","mics_hc7b_se",FALSE
"child_iron","All","mics_hc7h_se",FALSE
"child_iron","All","mics_hc7l",FALSE
"child_iron","All","mics_hc9b_se",FALSE
"child_iron","All","mics_hc9c_se",FALSE
"child_iron","All","mics_hc9j",FALSE
"child_iron","All","mics_hc9j_se",FALSE
"child_iron","All","mics_hc10b_se",FALSE
"child_iron","All","mics_hc10c_se",FALSE
"child_iron","All","mics_hc10e_se",FALSE
"child_iron","All","mics_hc12_se",FALSE
"child_iron","All","mics_hc13_se",FALSE
"child_iron","All","mics_hc14_se",FALSE
"child_iron","All","mics_hc16",FALSE
"child_iron","All","mics_hc18e_se",FALSE
"child_iron","All","mics_eu1_se",FALSE
"child_iron","All","mics_eu8",FALSE
"child_iron","All","mics_tn2_se",FALSE
"child_iron","All","mics_ir1_se",FALSE
"child_iron","All","mics_ws2",FALSE
"child_iron","All","mics_ws6",FALSE
"child_iron","All","mics_ws6_se",FALSE
"child_iron","All","mics_ws7",FALSE
"child_iron","All","mics_ws7_se",FALSE
"child_iron","All","mics_ws8a",FALSE
"child_iron","All","mics_ws8a_se",FALSE
"child_iron","All","mics_ws16",FALSE
"child_iron","All","mics_hw1",FALSE
"child_iron","All","mics_hw2_se",FALSE
"child_iron","All","mics_hw5_se",FALSE
"child_iron","All","mics_sa1",FALSE
"child_iron","All","mics_sa2",FALSE
"child_iron","All","mics_sa2_se",FALSE
"child_iron","All","mics_wq2",FALSE
"child_iron","All","mics_wq2_se",FALSE
"child_iron","All","mics_measurer_id",FALSE
"child_iron","All","mics_wq4_se",FALSE
"child_iron","All","mics_wq23h_se",FALSE
"child_iron","All","mics_wq23m",FALSE
"child_iron","All","mics_wq23m_se",FALSE
"child_iron","All","mics_observe_hh_sample_collection",FALSE
"child_iron","All","mics_observe_hh_sample_collection_se",FALSE
"child_iron","All","mics_wq25h_se",FALSE
"child_iron","All","mics_wq25m",FALSE
"child_iron","All","mics_wq25m_se",FALSE
"child_iron","All","mics_hhage",FALSE
"child_iron","All","mics_hhage_se",FALSE
"child_iron","All","mics_hh53_se",FALSE
"child_iron","All","mics_wscore_se",FALSE
"child_iron","All","mics_wat_class_se",FALSE
"child_iron","All","mics_storage_se",FALSE
"child_iron","All","mics_ec_result_h100",FALSE
"child_iron","All","mics_ec_result_s100",FALSE
"child_iron","All","mics_ec_risk_s_1_se",FALSE
"child_iron","All","mics_hw7a_a",FALSE
"child_iron","All","mics_hw8a_a",FALSE
"child_iron","All","mics_hw9a_2",FALSE
"child_iron","All","mics_hw9a_a",FALSE
"child_iron","All","mics_se.ws10bbc_c",FALSE
"child_iron","All","mics_se.ws10bbd_d",FALSE
"child_iron","All","mics_se.hw7a_a",FALSE
"child_iron","All","ihme_15_49_years_24_males_number_of_uncircumcised_men_counts",FALSE
"child_iron","All","ihme_15_49_years_24_males_male_circumcision_prevalence_percent",FALSE
"child_iron","All","ihme_15_59_years_199_both_hiv_prevalence_percent",FALSE
"child_iron","All","ihme_under_5_1_both_u5_diarrhea_prevalence_counts",FALSE
"child_iron","All","ihme_12_23_months_238_both_mcv1_coverage_percent",FALSE
"child_iron","All","ihme_5_to_14_years_5_to_14_both_deaths_rate",FALSE
"child_iron","All","ihme_0_to_99_years_all_ages_both_malaria_incidence_rate",FALSE
"child_iron","All","ihme_6_months_390_both_ebf_prevalence_percent",FALSE
"child_iron","All","ihme_15_49_years_24_females_severe_anemia_percent",FALSE
"child_iron","All","ihme_15_49_years_24_females_mild_anemia_percent",FALSE
"child_iron","All","ihme_all_ages_22_both_onchocerciasis_prevalence_rate",FALSE
"child_iron","All","lsms_hh_totclth",FALSE
"child_iron","All","lsms_hh_hsutensil",FALSE
"child_iron","All","lsms_hh_hsserv",FALSE
"child_iron","All","lsms_hh_totfurn",FALSE
"child_iron","All","lsms_hh_hlmedi",FALSE
"child_iron","All","lsms_hh_phone_9a",FALSE
"child_iron","All","lsms_hh_rcpetserv",FALSE
"child_iron","All","lsms_hh_rcserve",FALSE
"child_iron","All","lsms_hh_rcholid",FALSE
"child_iron","All","lsms_hh_tothotl",FALSE
"child_iron","All","lsms_hh_missprot",FALSE
"child_iron","All","lsms_hh_pindex_nfd",FALSE
"child_iron","All","lsms_hh_rent_inc",FALSE
"child_iron","All","lsms_hh_inc_other",FALSE
"child_iron","All","lsms_hh_aginc_net",FALSE
"child_iron","All","lsms_hh_fd_p_star",FALSE
"child_iron","All","lsms_hh_se.fd_b",FALSE
"child_iron","All","lsms_hh_se.totfood",FALSE
"child_iron","All","lsms_hh_se.fdalc_b",FALSE
"child_iron","All","lsms_hh_se.hscloth",FALSE
"child_iron","All","lsms_hh_se.owntype",FALSE
"child_iron","All","lsms_hh_se.elec",FALSE
"child_iron","All","lsms_hh_se.hsfurni",FALSE
"child_iron","All","lsms_hh_se.hsapplian",FALSE
"child_iron","All","lsms_hh_se.hsserv",FALSE
"child_iron","All","lsms_hh_se.hosp",FALSE
"child_iron","All","lsms_hh_se.trserve",FALSE
"child_iron","All","lsms_hh_se.comtel",FALSE
"child_iron","All","lsms_hh_se.phone_9a",FALSE
"child_iron","All","lsms_hh_se.rcrepair",FALSE
"child_iron","All","lsms_hh_se.rcnews",FALSE
"child_iron","All","lsms_hh_se.rcholid",FALSE
"child_iron","All","lsms_hh_se.edtertiar",FALSE
"child_iron","All","lsms_hh_se.hotcat",FALSE
"child_iron","All","lsms_hh_se.mispereff",FALSE
"child_iron","All","lsms_hh_se.missprot",FALSE
"child_iron","All","lsms_hh_se.misinsur",FALSE
"child_iron","All","lsms_hh_se.misfinan",FALSE
"child_iron","All","lsms_hh_se.pindex_nfd",FALSE
"child_iron","All","lsms_hh_se.pindex_fd",FALSE
"child_iron","All","lsms_hh_se.mfdshare",FALSE
"child_iron","All","lsms_hh_se.pindex",FALSE
"child_iron","All","lsms_hh_se.pl_ext",FALSE
"child_iron","All","lsms_hh_se.wage_hid",FALSE
"child_iron","All","lsms_hh_se.wta_s_hhsize",FALSE
"child_iron","All","lsms_hh_se.tot_hh_inc_r",FALSE
"child_iron","All","lsms_hh_se.fd_p_veg",FALSE
"child_iron","All","lsms_hh_se.fd_p_puls",FALSE
"child_iron","All","MAP_202206_Pf_Incidence_Count",FALSE
"child_iron","All","MAP_202406_Pf_Mortality_Rate",FALSE
"child_iron","All","MAP_202406_Pf_Parasite_Rate",FALSE
"child_iron","All","MAP_202106_Insecticide_Treated_Net_Access",FALSE
"child_iron","All","MAP_202106_Antimalarial_Effective_Treatment",FALSE
"child_iron","All","MAP_202406_Insecticide_Treated_Net_Use_Rate",FALSE
"child_iron","All","MAP_202202_Pf_Reproductive_Number",FALSE
"child_iron","All","nearest_market_id",FALSE
"child_iron","All","wfp_cassava",FALSE
"child_iron","All","wfp_cowpeas",FALSE
"child_iron","All","wfp_cowpeas_white",FALSE
"child_iron","All","wfp_eggs",FALSE
"child_iron","All","wfp_fish_mackerel_fresh",FALSE
"child_iron","All","wfp_gari",FALSE
"child_iron","All","wfp_maize",FALSE
"child_iron","All","wfp_maize_yellow",FALSE
"child_iron","All","wfp_meat_chicken",FALSE
"child_iron","All","wfp_meat_chicken_local",FALSE
"child_iron","All","wfp_millet",FALSE
"child_iron","All","wfp_peppers_dried",FALSE
"child_iron","All","wfp_peppers_fresh",FALSE
"child_iron","All","wfp_rice_imported",FALSE
"child_iron","All","wfp_soybeans",FALSE
"child_iron","All","wfp_tomatoes_local",FALSE
"child_iron","All","wfp_yam",FALSE
"child_iron","All","wfp_yam_puna",FALSE
"child_iron","All","wfp_rice_paddy",FALSE
"child_iron","All","flunet_inf_a_rate",FALSE
"child_iron","All","gee_trmm_mean_10km",FALSE
"child_iron","All","gee_ndvi_mean_10km",FALSE
"child_iron","All","gee_temp_mean_10km",FALSE
"child_iron","All","gee_temp_mean_25km",FALSE
"child_iron","All","gee_temp_mean_50km",FALSE
"child_iron","All","missing_gw_cbacwr",FALSE
"child_iron","All","missing_gw_cbbcbs",FALSE
"child_iron","All","missing_gw_cbbcmt",FALSE
"child_iron","All","missing_gw_cbbcmp",FALSE
"child_iron","All","missing_gw_cccbt",FALSE
"child_iron","All","missing_gw_cti",FALSE
"child_iron","All","missing_gw_stts",FALSE
"child_iron","All","missing_gw_wPreg",FALSE
"child_iron","All","missing_gw_wRead",FALSE
"child_iron","All","missing_gw_wHeightM",FALSE
"child_iron","All","missing_gw_cAlphaThal",TRUE
"child_iron","All","missing_gw_VAS_m2",TRUE
"child_iron","All","missing_gw_cFoodGrpScore2021",FALSE
"child_iron","All","missing_dhs2014_SX_AAFS_M_M2A",FALSE
"child_iron","All","missing_ihme_15_49_years_24_males_number_of_uncircumcised_men_counts",FALSE
"child_iron","All","missing_ihme_under_5_1_both_u5_diarrhea_prevalence_counts",FALSE
"child_iron","All","missing_wfp_maize_yellow",FALSE
"child_iron","All","missing_wfp_rice_paddy",FALSE
"child_iron","Proxy","Admin1",TRUE
"child_iron","Proxy","dhs2014_FE_FRTR_W_A10",FALSE
"child_iron","Proxy","dhs2014_FE_BINT_C_I07",FALSE
"child_iron","Proxy","dhs2014_FE_BINT_C_I18",FALSE
"child_iron","Proxy","dhs2014_FE_BINT_C_I3Y",FALSE
"child_iron","Proxy","dhs2014_FE_BORD_C_BO1",FALSE
"child_iron","Proxy","dhs2014_FE_BORD_C_BO3",FALSE
"child_iron","Proxy","dhs2014_FE_PPID_W_MDA",FALSE
"child_iron","Proxy","dhs2014_FE_BBAY_W_A15",FALSE
"child_iron","Proxy","dhs2014_FE_TNPG_W_PRG",FALSE
"child_iron","Proxy","dhs2014_FP_CUSA_W_FST",FALSE
"child_iron","Proxy","dhs2014_FP_CUSA_W_IUD",FALSE
"child_iron","Proxy","dhs2014_FP_CUSA_W_MCN",FALSE
"child_iron","Proxy","dhs2014_FP_CUSA_W_FOM",FALSE
"child_iron","Proxy","dhs2014_FP_CUSM_W_OTR",FALSE
"child_iron","Proxy","dhs2014_FP_CUSU_W_PIL",FALSE
"child_iron","Proxy","dhs2014_FP_CUSU_W_IMP",FALSE
"child_iron","Proxy","dhs2014_FP_CUSU_W_MCN",FALSE
"child_iron","Proxy","dhs2014_FP_CUSU_W_RHY",FALSE
"child_iron","Proxy","dhs2014_FP_CUSU_W_OTR",FALSE
"child_iron","Proxy","dhs2014_FP_NADM_W_UMS",FALSE
"child_iron","Proxy","dhs2014_FP_NADU_W_UNL",FALSE
"child_iron","Proxy","dhs2014_FP_NADU_W_MNL",FALSE
"child_iron","Proxy","dhs2014_FP_NADU_W_TDS",FALSE
"child_iron","Proxy","dhs2014_FP_NADU_W_TDL",FALSE
"child_iron","Proxy","dhs2014_FP_NADU_W_UMT",FALSE
"child_iron","Proxy","dhs2014_FP_NADU_W_PDM",FALSE
"child_iron","Proxy","dhs2014_FP_NDYM_W_UNS",FALSE
"child_iron","Proxy","dhs2014_FP_NDYM_W_UMS",FALSE
"child_iron","Proxy","dhs2014_FP_NDYM_W_PDM",FALSE
"child_iron","Proxy","dhs2014_FP_NDYM_W_TDU",FALSE
"child_iron","Proxy","dhs2014_FP_NDYA_W_UNL",FALSE
"child_iron","Proxy","dhs2014_FP_NDYA_W_UNT",FALSE
"child_iron","Proxy","dhs2014_FP_NDYA_W_TDL",FALSE
"child_iron","Proxy","dhs2014_FP_NDYA_W_UMS",FALSE
"child_iron","Proxy","dhs2014_FP_NDYU_W_TDS",FALSE
"child_iron","Proxy","dhs2014_FP_NDYU_W_UMT",FALSE
"child_iron","Proxy","dhs2014_FP_NDYU_W_UNW",FALSE
"child_iron","Proxy","dhs2014_FP_NDYU_W_TDN",FALSE
"child_iron","Proxy","dhs2014_FP_NFPP_W_HNF",FALSE
"child_iron","Proxy","dhs2014_FP_NFPP_W_NFP",FALSE
"child_iron","Proxy","dhs2014_FP_DMKF_W_UHS",FALSE
"child_iron","Proxy","dhs2014_MA_MSTY_W_NMA",FALSE
"child_iron","Proxy","dhs2014_MA_MSTY_W_SEP",FALSE
"child_iron","Proxy","dhs2014_MA_CWIV_W_DKM",FALSE
"child_iron","Proxy","dhs2014_MA_MBAY_M_B18",FALSE
"child_iron","Proxy","dhs2014_MA_AAFM_W_M40",FALSE
"child_iron","Proxy","dhs2014_MA_AAFM_M_M45",FALSE
"child_iron","Proxy","dhs2014_MA_AAFM_M_M55",FALSE
"child_iron","Proxy","dhs2014_MA_ADIF_W_O10",FALSE
"child_iron","Proxy","dhs2014_MA_ADIF_W_O01",FALSE
"child_iron","Proxy","dhs2014_SX_SBAY_W_B18",FALSE
"child_iron","Proxy","dhs2014_SX_SBAY_W_B20",FALSE
"child_iron","Proxy","dhs2014_SX_SBAY_M_B15",FALSE
"child_iron","Proxy","dhs2014_SX_SBAY_M_UNW",FALSE
"child_iron","Proxy","dhs2014_SX_AAFS_W_M35",FALSE
"child_iron","Proxy","dhs2014_SX_AAFS_W_M40",FALSE
"child_iron","Proxy","dhs2014_SX_AAFS_W_M45",FALSE
"child_iron","Proxy","dhs2014_SX_AAFS_M_M20",FALSE
"child_iron","Proxy","dhs2014_SX_AAFS_M_M30",FALSE
"child_iron","Proxy","dhs2014_SX_AAFS_M_M45",FALSE
"child_iron","Proxy","dhs2014_SX_AAFS_M_M50",FALSE
"child_iron","Proxy","dhs2014_SX_AAFS_M_M2A",FALSE
"child_iron","Proxy","dhs2014_SX_AAFS_M_M2B",FALSE
"child_iron","Proxy","dhs2014_SX_LSEX_W_NSX",FALSE
"child_iron","Proxy","dhs2014_SX_LSEX_M_1PY",FALSE
"child_iron","Proxy","dhs2014_SX_LSEX_M_MIS",FALSE
"child_iron","Proxy","dhs2014_CM_ECMR_C_NNE",FALSE
"child_iron","Proxy","dhs2014_CM_ECMR_C_NNX",FALSE
"child_iron","Proxy","dhs2014_CM_ECMR_C_NNU",FALSE
"child_iron","Proxy","dhs2014_CM_ECMR_C_PNE",FALSE
"child_iron","Proxy","dhs2014_CM_ECMR_C_IME",FALSE
"child_iron","Proxy","dhs2014_CM_ECMR_C_IMX",FALSE
"child_iron","Proxy","dhs2014_CM_ECMR_C_IMU",FALSE
"child_iron","Proxy","dhs2014_CM_ECMR_C_CMX",FALSE
"child_iron","Proxy","dhs2014_CM_ECMR_C_U5X",FALSE
"child_iron","Proxy","dhs2014_CM_PNMR_C_SBR",FALSE
"child_iron","Proxy","dhs2014_RH_ANCP_W_NRS",FALSE
"child_iron","Proxy","dhs2014_RH_ANCN_W_N47",FALSE
"child_iron","Proxy","dhs2014_RH_ANCN_W_DKM",FALSE
"child_iron","Proxy","dhs2014_RH_ANCT_W_T67",FALSE
"child_iron","Proxy","dhs2014_RH_ANCT_W_T8P",FALSE
"child_iron","Proxy","dhs2014_RH_ICSP_W_M18",FALSE
"child_iron","Proxy","dhs2014_RH_ICSP_W_IDK",FALSE
"child_iron","Proxy","dhs2014_RH_ANCS_W_SGN.1",FALSE
"child_iron","Proxy","dhs2014_RH_TTIJ_W_TT1",FALSE
"child_iron","Proxy","dhs2014_RH_TTIJ_W_TT2",FALSE
"child_iron","Proxy","dhs2014_RH_TTIJ_W_DKM",FALSE
"child_iron","Proxy","dhs2014_RH_DELP_C_OTH",FALSE
"child_iron","Proxy","dhs2014_RH_DELA_C_NON",FALSE
"child_iron","Proxy","dhs2014_RH_PCMT_W_23H",FALSE
"child_iron","Proxy","dhs2014_RH_PCMT_W_DKM",FALSE
"child_iron","Proxy","dhs2014_RH_PCMP_W_NRS",FALSE
"child_iron","Proxy","dhs2014_RH_PCCT_C_DKM",FALSE
"child_iron","Proxy","dhs2014_RH_PCCP_C_DOC",FALSE
"child_iron","Proxy","dhs2014_RH_MIMH_M_ANM",FALSE
"child_iron","Proxy","dhs2014_RH_PAHC_W_PRM",FALSE
"child_iron","Proxy","dhs2014_RH_PAHC_W_MON",FALSE
"child_iron","Proxy","dhs2014_CH_SZWT_C_AVG",FALSE
"child_iron","Proxy","dhs2014_CH_SZWT_C_UN1",FALSE
"child_iron","Proxy","dhs2014_CH_VACC_C_DP2",FALSE
"child_iron","Proxy","dhs2014_CH_VACC_C_DP3",FALSE
"child_iron","Proxy","dhs2014_CH_VACC_C_OP1",FALSE
"child_iron","Proxy","dhs2014_CH_VACC_C_OP2",FALSE
"child_iron","Proxy","dhs2014_CH_VACC_C_OP3",FALSE
"child_iron","Proxy","dhs2014_CH_VACP_C_SN1",FALSE
"child_iron","Proxy","dhs2014_CH_ARIS_C_UN2",FALSE
"child_iron","Proxy","dhs2014_CH_FEVR_C_FEV",FALSE
"child_iron","Proxy","dhs2014_CH_FEVT_C_ADV",FALSE
"child_iron","Proxy","dhs2014_CH_FEVT_C_ABI",FALSE
"child_iron","Proxy","dhs2014_CH_DIAR_C_DIA",FALSE
"child_iron","Proxy","dhs2014_CH_DIAT_C_RHF",FALSE
"child_iron","Proxy","dhs2014_CH_DIAT_C_OZC",FALSE
"child_iron","Proxy","dhs2014_CH_DIAT_C_OSI",FALSE
"child_iron","Proxy","dhs2014_CH_DIAT_C_INJ",FALSE
"child_iron","Proxy","dhs2014_CH_DIAT_C_HOM",FALSE
"child_iron","Proxy","dhs2014_CH_DIAT_C_NOT",FALSE
"child_iron","Proxy","dhs2014_CH_DIFP_C_LSM",FALSE
"child_iron","Proxy","dhs2014_CH_DIFP_C_FLS",FALSE
"child_iron","Proxy","dhs2014_CH_DIFP_C_FML",FALSE
"child_iron","Proxy","dhs2014_CH_DIFP_C_FCF",FALSE
"child_iron","Proxy","dhs2014_CH_DIFP_C_FAL.1",FALSE
"child_iron","Proxy","dhs2014_CH_DIFP_C_NUM",FALSE
"child_iron","Proxy","dhs2014_CH_DSTL_C_OTH",FALSE
"child_iron","Proxy","dhs2014_CN_NUTS_C_WH2",FALSE
"child_iron","Proxy","dhs2014_CN_BRFI_C_EVR",FALSE
"child_iron","Proxy","dhs2014_CN_BRFI_C_1HR",FALSE
"child_iron","Proxy","dhs2014_CN_BRFI_C_1DY",FALSE
"child_iron","Proxy","dhs2014_CN_IYCF_C_4FB",FALSE
"child_iron","Proxy","dhs2014_CN_IYCF_C_BTB",FALSE
"child_iron","Proxy","dhs2014_CN_IYCF_C_MNA",FALSE
"child_iron","Proxy","dhs2014_CN_ANMC_C_MLD",FALSE
"child_iron","Proxy","dhs2014_CN_MIAC_C_VAF",FALSE
"child_iron","Proxy","dhs2014_CN_MIAC_C_IRF",FALSE
"child_iron","Proxy","dhs2014_CN_IODZ_H_SLN",FALSE
"child_iron","Proxy","dhs2014_AN_NUTS_W_SHT",FALSE
"child_iron","Proxy","dhs2014_AN_NUTS_M_TH1",FALSE
"child_iron","Proxy","dhs2014_AN_NUTS_M_TH2",FALSE
"child_iron","Proxy","dhs2014_AN_ANEM_W_ANY",FALSE
"child_iron","Proxy","dhs2014_AN_ANEM_W_MLD",FALSE
"child_iron","Proxy","dhs2014_AN_ANEM_W_SEV",FALSE
"child_iron","Proxy","dhs2014_AN_MIAM_W_90P",FALSE
"child_iron","Proxy","dhs2014_AN_MIAM_W_IOD",FALSE
"child_iron","Proxy","dhs2014_ML_NETU_P_UN1",FALSE
"child_iron","Proxy","dhs2014_ML_ITNU_N_UNW",FALSE
"child_iron","Proxy","dhs2014_ML_NETC_C_ANY",FALSE
"child_iron","Proxy","dhs2014_ML_NETW_W_ANY",FALSE
"child_iron","Proxy","dhs2014_ML_IPTP_W_SPA",FALSE
"child_iron","Proxy","dhs2014_ML_IPTP_W_3SA",FALSE
"child_iron","Proxy","dhs2014_ML_FEVT_C_ADV",FALSE
"child_iron","Proxy","dhs2014_ML_FEVT_C_AML",FALSE
"child_iron","Proxy","dhs2014_ML_FEVT_C_AMS",FALSE
"child_iron","Proxy","dhs2014_ML_AMLD_C_ACT",FALSE
"child_iron","Proxy","dhs2014_ML_AMLD_C_SPF",FALSE
"child_iron","Proxy","dhs2014_ML_AMLD_C_UNW",FALSE
"child_iron","Proxy","dhs2014_ML_PMAL_C_RDE",FALSE
"child_iron","Proxy","dhs2014_ML_PMAL_C_RDR",FALSE
"child_iron","Proxy","dhs2014_ML_PMAL_C_MSR",FALSE
"child_iron","Proxy","dhs2014_HA_KHVP_M_SX1",FALSE
"child_iron","Proxy","dhs2014_HA_CKNA_W_CKA",FALSE
"child_iron","Proxy","dhs2014_HA_KMTC_W_PRG",FALSE
"child_iron","Proxy","dhs2014_HA_KMTC_W_PDB",FALSE
"child_iron","Proxy","dhs2014_HA_KMTC_M_PRG",FALSE
"child_iron","Proxy","dhs2014_HA_KMTC_M_DLV",FALSE
"child_iron","Proxy","dhs2014_HA_KMTC_M_PDB",FALSE
"child_iron","Proxy","dhs2014_HA_AATT_W_CRE",FALSE
"child_iron","Proxy","dhs2014_HA_AATT_W_FTC",FALSE
"child_iron","Proxy","dhs2014_HA_AATT_W_UNW",FALSE
"child_iron","Proxy","dhs2014_HA_AATT_M_VEG",FALSE
"child_iron","Proxy","dhs2014_HA_AATT_M_FTC",FALSE
"child_iron","Proxy","dhs2014_HA_ANSS_M_RSX",FALSE
"child_iron","Proxy","dhs2014_HA_ASEC_W_AGR",FALSE
"child_iron","Proxy","dhs2014_HA_ASEC_M_AGR",FALSE
"child_iron","Proxy","dhs2014_HA_HRSX_W_CND",FALSE
"child_iron","Proxy","dhs2014_HA_MSXP_M_CND",FALSE
"child_iron","Proxy","dhs2014_HA_CATH_W_TNC",FALSE
"child_iron","Proxy","dhs2014_HA_CATH_W_ATN",FALSE
"child_iron","Proxy","dhs2014_HA_MCRC_M_OTH",FALSE
"child_iron","Proxy","dhs2014_HA_STIS_W_STI",FALSE
"child_iron","Proxy","dhs2014_HA_STIS_M_AST",FALSE
"child_iron","Proxy","dhs2014_HA_MINJ_W_NEW",FALSE
"child_iron","Proxy","dhs2014_HA_CHVT_W_ABI",FALSE
"child_iron","Proxy","dhs2014_HA_CHVT_W_ABN",FALSE
"child_iron","Proxy","dhs2014_HA_CHVT_M_ABI",FALSE
"child_iron","Proxy","dhs2014_HA_CHVT_M_ABN",FALSE
"child_iron","Proxy","dhs2014_HA_CHVT_M_OTN",FALSE
"child_iron","Proxy","dhs2014_HA_CHVT_B_DBN",FALSE
"child_iron","Proxy","dhs2014_HA_CHVT_B_ABI",FALSE
"child_iron","Proxy","dhs2014_HA_HIVP_M_HVE",FALSE
"child_iron","Proxy","dhs2014_HA_HIVP_M_HVR",FALSE
"child_iron","Proxy","dhs2014_HA_HIVP_M_HVL",FALSE
"child_iron","Proxy","dhs2014_HA_HIVY_M_UNW",FALSE
"child_iron","Proxy","dhs2014_HA_HPAC_B_CPN",FALSE
"child_iron","Proxy","dhs2014_AH_HINS_W_NON",FALSE
"child_iron","Proxy","dhs2014_AH_HINS_M_NON",FALSE
"child_iron","Proxy","dhs2014_WE_OWNA_W_HJN",FALSE
"child_iron","Proxy","dhs2014_WE_OWNA_W_HAJ",FALSE
"child_iron","Proxy","dhs2014_WE_OWNA_W_HNO",FALSE
"child_iron","Proxy","dhs2014_WE_OWNA_W_HDK",FALSE
"child_iron","Proxy","dhs2014_WE_OWNA_W_LAL",FALSE
"child_iron","Proxy","dhs2014_WE_OWNA_M_HAL",FALSE
"child_iron","Proxy","dhs2014_WE_OWNA_M_LAL",FALSE
"child_iron","Proxy","dhs2014_WE_ANSR_W_CSN",FALSE
"child_iron","Proxy","dhs2014_WE_ANSR_W_CAC",FALSE
"child_iron","Proxy","dhs2014_CP_BREG_C_NCT",FALSE
"child_iron","Proxy","dhs2014_ED_SCHA_C_SCR",FALSE
"child_iron","Proxy","dhs2014_ED_EDAT_W_PRI",FALSE
"child_iron","Proxy","dhs2014_ED_EDAT_W_UNW",FALSE
"child_iron","Proxy","dhs2014_ED_NARP_W_FEM",FALSE
"child_iron","Proxy","dhs2014_ED_NARP_M_MAL",FALSE
"child_iron","Proxy","dhs2014_ED_NARP_B_GPI",FALSE
"child_iron","Proxy","dhs2014_ED_GARS_M_MAL",FALSE
"child_iron","Proxy","dhs2014_ED_EDUC_W_CPR",FALSE
"child_iron","Proxy","dhs2014_ED_LITR_W_RDW",FALSE
"child_iron","Proxy","dhs2014_ED_LITR_M_RDP",FALSE
"child_iron","Proxy","dhs2014_ED_LITR_M_NCD",FALSE
"child_iron","Proxy","dhs2014_ED_LITY_W_UNW",FALSE
"child_iron","Proxy","dhs2014_ED_LITY_M_RDP",FALSE
"child_iron","Proxy","dhs2014_ED_LITY_M_UNW",FALSE
"child_iron","Proxy","dhs2014_EM_EMPL_M_N12",FALSE
"child_iron","Proxy","dhs2014_EM_OCCP_W_MNS",FALSE
"child_iron","Proxy","dhs2014_EM_OCCP_W_MNU",FALSE
"child_iron","Proxy","dhs2014_EM_OCCP_M_DKM",FALSE
"child_iron","Proxy","dhs2014_EM_WERN_W_HUS",FALSE
"child_iron","Proxy","dhs2014_EM_RERN_W_UNW",FALSE
"child_iron","Proxy","dhs2014_EM_MERN_W_WIF",FALSE
"child_iron","Proxy","dhs2014_EM_MERN_M_HUS",FALSE
"child_iron","Proxy","dhs2014_EM_MERN_M_UNW",FALSE
"child_iron","Proxy","dhs2014_WS_SRCE_H_TAP",FALSE
"child_iron","Proxy","dhs2014_WS_SRCE_H_RNW",FALSE
"child_iron","Proxy","dhs2014_WS_SRCE_H_TNK",FALSE
"child_iron","Proxy","dhs2014_WS_SRCE_H_USG",FALSE
"child_iron","Proxy","dhs2014_WS_SRCE_P_PWL",FALSE
"child_iron","Proxy","dhs2014_WS_SRCE_P_PSG",FALSE
"child_iron","Proxy","dhs2014_WS_TIME_H_L30",FALSE
"child_iron","Proxy","dhs2014_WS_WTRT_H_BLC",FALSE
"child_iron","Proxy","dhs2014_WS_WTRT_P_BLC",FALSE
"child_iron","Proxy","dhs2014_WS_WTRT_P_STN",FALSE
"child_iron","Proxy","dhs2014_WS_WTRT_P_CER",FALSE
"child_iron","Proxy","dhs2014_WS_WTRT_P_NTR",FALSE
"child_iron","Proxy","dhs2014_WS_WTRT_P_DKM",FALSE
"child_iron","Proxy","dhs2014_WS_TLET_H_VIP",FALSE
"child_iron","Proxy","dhs2014_WS_HNDW_H_OBS",FALSE
"child_iron","Proxy","dhs2014_WS_HNDW_H_SOP",FALSE
"child_iron","Proxy","dhs2014_WS_HNDW_H_LTD",FALSE
"child_iron","Proxy","dhs2014_WS_HNDW_P_CLN",FALSE
"child_iron","Proxy","dhs2014_HC_FLRM_P_VIN",FALSE
"child_iron","Proxy","dhs2014_HC_RMSL_H_2RM",FALSE
"child_iron","Proxy","dhs2014_HC_RMSL_P_2RM",FALSE
"child_iron","Proxy","dhs2014_HC_RMSL_P_DKM",FALSE
"child_iron","Proxy","dhs2014_HC_CKFL_H_COL",FALSE
"child_iron","Proxy","dhs2014_HC_SMKH_H_WLY",FALSE
"child_iron","Proxy","dhs2014_HC_SMKH_P_LES",FALSE
"child_iron","Proxy","dhs2014_HC_PPRM_H_34P",FALSE
"child_iron","Proxy","dhs2014_HC_PPRM_H_7PP",FALSE
"child_iron","Proxy","dhs2014_HC_PPRM_H_MNP",FALSE
"child_iron","Proxy","dhs2014_HC_AGEG_P_204",FALSE
"child_iron","Proxy","dhs2014_HC_AGEG_P_259",FALSE
"child_iron","Proxy","dhs2014_HC_AGEG_P_459",FALSE
"child_iron","Proxy","dhs2014_HC_AGEG_P_504",FALSE
"child_iron","Proxy","dhs2014_HC_AGEG_P_604",FALSE
"child_iron","Proxy","dhs2014_HC_AGEG_P_759",FALSE
"child_iron","Proxy","dhs2014_HC_AGEG_P_ADL",FALSE
"child_iron","Proxy","dhs2014_HC_MEMB_H_5MM",FALSE
"child_iron","Proxy","dhs2014_HC_LVAR_C_FMA",FALSE
"child_iron","Proxy","dhs2014_HC_LVAR_C_NMA",FALSE
"child_iron","Proxy","dhs2014_HC_LVAR_C_NFA",FALSE
"child_iron","Proxy","dhs2014_HC_LVAR_C_NBD",FALSE
"child_iron","Proxy","dhs2014_HC_LVAY_C_NMA",FALSE
"child_iron","Proxy","dhs2014_HC_LVAY_C_NBD",FALSE
"child_iron","Proxy","dhs2014_SV_HRES_H_ABS",FALSE
"child_iron","Proxy","dhs2014_SV_HRES_H_DES",FALSE
"child_iron","Proxy","dhs2014_SV_RESI_W_REF",FALSE
"child_iron","Proxy","dhs2014_SV_RESI_W_INC",FALSE
"child_iron","Proxy","dhs2014_SV_RESI_W_OTH",FALSE
"child_iron","Proxy","dhs2014_SV_RESI_M_NAH",FALSE
"child_iron","Proxy","dhs2014_SV_HRSM_H_ABS",FALSE
"child_iron","Proxy","dhs2014_SV_HRSM_H_VAC",FALSE
"child_iron","Proxy","dhs2014_SV_HRSM_H_OTH",FALSE
"child_iron","Proxy","dhs2014_SV_INTV_W_MNI",FALSE
"child_iron","Proxy","dhs2014_SV_INTV_M_MNI",FALSE
"child_iron","Proxy","dhs2016_DHSREGFR",FALSE
"child_iron","Proxy","dhs2016_DHSREGSP",FALSE
"child_iron","Proxy","dhs2016_FE_FRTR_W_A10",FALSE
"child_iron","Proxy","dhs2016_FE_FRTY_W_U49",FALSE
"child_iron","Proxy","dhs2016_RH_ANCP_W_NRS",FALSE
"child_iron","Proxy","dhs2016_CH_FEVR_C_FEV",FALSE
"child_iron","Proxy","dhs2016_CH_FEVT_C_AT1",FALSE
"child_iron","Proxy","dhs2016_CH_FEVT_C_ADV",FALSE
"child_iron","Proxy","dhs2016_CN_ANMC_C_MLD",FALSE
"child_iron","Proxy","dhs2016_CN_ANMC_C_SEV",FALSE
"child_iron","Proxy","dhs2016_ML_NSRC_N_MDC",FALSE
"child_iron","Proxy","dhs2016_ML_NSRC_N_ANC",FALSE
"child_iron","Proxy","dhs2016_ML_NSRC_N_GHF",FALSE
"child_iron","Proxy","dhs2016_ML_NSRC_N_PHF",FALSE
"child_iron","Proxy","dhs2016_ML_NSRC_N_DKM",FALSE
"child_iron","Proxy","dhs2016_ML_FEVT_C_ADV",FALSE
"child_iron","Proxy","dhs2016_ML_FEVT_C_ADS",FALSE
"child_iron","Proxy","dhs2016_ML_FEVT_C_ACS",FALSE
"child_iron","Proxy","dhs2016_ML_AMLD_C_QNN",FALSE
"child_iron","Proxy","dhs2016_ML_AMLD_C_NUM",FALSE
"child_iron","Proxy","dhs2016_ML_PMAL_C_RDT",FALSE
"child_iron","Proxy","dhs2016_ML_PMAL_C_RDR",FALSE
"child_iron","Proxy","dhs2016_ML_PMAL_C_RDL",FALSE
"child_iron","Proxy","dhs2016_ML_PMAL_C_MSL",FALSE
"child_iron","Proxy","dhs2016_AH_HINS_W_EBI",FALSE
"child_iron","Proxy","dhs2016_AH_HINS_W_NON",FALSE
"child_iron","Proxy","dhs2016_ED_EDUC_W_CPR",FALSE
"child_iron","Proxy","dhs2016_ED_LITR_W_BLD",FALSE
"child_iron","Proxy","dhs2016_ED_LITY_W_RDP",FALSE
"child_iron","Proxy","dhs2016_WS_SRCE_H_PNB",FALSE
"child_iron","Proxy","dhs2016_WS_SRCE_H_USG",FALSE
"child_iron","Proxy","dhs2016_WS_SRCE_P_TAP",FALSE
"child_iron","Proxy","dhs2016_WS_SRCE_P_RNW",FALSE
"child_iron","Proxy","dhs2016_WS_SRCE_P_TNK",FALSE
"child_iron","Proxy","dhs2016_WS_SRCE_P_UWL",FALSE
"child_iron","Proxy","dhs2016_WS_SRCE_P_LTD",FALSE
"child_iron","Proxy","dhs2016_WS_TLET_H_FSW",FALSE
"child_iron","Proxy","dhs2016_WS_TLET_H_VIP",FALSE
"child_iron","Proxy","dhs2016_WS_TLET_H_NIM",FALSE
"child_iron","Proxy","dhs2016_WS_TLET_H_NBK",FALSE
"child_iron","Proxy","dhs2016_HC_FLRM_P_DNG",FALSE
"child_iron","Proxy","dhs2016_HC_FLRM_P_FIN",FALSE
"child_iron","Proxy","dhs2016_HC_CKFL_H_KER",FALSE
"child_iron","Proxy","dhs2016_HC_CKFL_H_COL",FALSE
"child_iron","Proxy","dhs2016_HC_PPRM_H_12P",FALSE
"child_iron","Proxy","dhs2016_HC_PPRM_H_7PP",FALSE
"child_iron","Proxy","dhs2016_HC_HEFF_H_MPH",FALSE
"child_iron","Proxy","dhs2016_HC_HEFF_H_NPH",FALSE
"child_iron","Proxy","dhs2016_HC_WIXQ_P_2ND",FALSE
"child_iron","Proxy","dhs2016_HC_AGEG_P_104",FALSE
"child_iron","Proxy","dhs2016_HC_AGEG_P_304",FALSE
"child_iron","Proxy","dhs2016_HC_AGEG_P_359",FALSE
"child_iron","Proxy","dhs2016_HC_AGEG_P_559",FALSE
"child_iron","Proxy","dhs2016_HC_AGEG_P_604",FALSE
"child_iron","Proxy","dhs2016_HC_AGEG_P_704",FALSE
"child_iron","Proxy","dhs2016_HC_OLDR_P_NNC",FALSE
"child_iron","Proxy","dhs2016_HC_OLDR_P_UNW",FALSE
"child_iron","Proxy","dhs2016_HC_MEMB_H_3MM",FALSE
"child_iron","Proxy","dhs2016_HC_MEMB_H_4MM",FALSE
"child_iron","Proxy","dhs2016_HC_MEMB_H_5MM",FALSE
"child_iron","Proxy","dhs2016_SV_HRES_H_NOR",FALSE
"child_iron","Proxy","dhs2016_SV_HRES_H_REF",FALSE
"child_iron","Proxy","dhs2016_SV_HRES_H_ABS",FALSE
"child_iron","Proxy","dhs2016_SV_RESI_W_INC",FALSE
"child_iron","Proxy","dhs2016_SV_RESI_W_ELG",FALSE
"child_iron","Proxy","dhs2016_SV_INTV_W_MED",FALSE
"child_iron","Proxy","dhs2017_DHSREGFR",FALSE
"child_iron","Proxy","dhs2017_DHSREGSP",FALSE
"child_iron","Proxy","dhs2017_FE_FRTR_W_A10",FALSE
"child_iron","Proxy","dhs2017_FE_FRTR_W_A40",FALSE
"child_iron","Proxy","dhs2017_FE_FRTY_W_U49",FALSE
"child_iron","Proxy","dhs2017_FE_BORD_C_BO1",FALSE
"child_iron","Proxy","dhs2017_RH_ANCP_W_NRS",FALSE
"child_iron","Proxy","dhs2017_RH_ANCN_W_N01",FALSE
"child_iron","Proxy","dhs2017_RH_ANCN_W_N8P",FALSE
"child_iron","Proxy","dhs2017_RH_ANCT_W_TL4",FALSE
"child_iron","Proxy","dhs2017_RH_ANCT_W_T45",FALSE
"child_iron","Proxy","dhs2017_RH_ANCT_W_T67",FALSE
"child_iron","Proxy","dhs2017_CH_FEVT_C_ADV",FALSE
"child_iron","Proxy","dhs2017_CN_ANMC_C_MLD",FALSE
"child_iron","Proxy","dhs2017_ML_NETP_H_IT2",FALSE
"child_iron","Proxy","dhs2017_ML_NSRC_N_ANC",FALSE
"child_iron","Proxy","dhs2017_ML_NSRC_N_OTH",FALSE
"child_iron","Proxy","dhs2017_ML_NETW_W_IT1",FALSE
"child_iron","Proxy","dhs2017_ML_IPTP_W_SPF",FALSE
"child_iron","Proxy","dhs2017_ML_IPTP_W_2SA",FALSE
"child_iron","Proxy","dhs2017_ML_FEVR_C_FEV",FALSE
"child_iron","Proxy","dhs2017_ML_FEVT_C_ADV",FALSE
"child_iron","Proxy","dhs2017_ML_FEVT_C_BLD",FALSE
"child_iron","Proxy","dhs2017_ML_FEVT_C_AMS",FALSE
"child_iron","Proxy","dhs2017_ML_FEVT_C_NUM",FALSE
"child_iron","Proxy","dhs2017_ML_AMLD_C_QNN",FALSE
"child_iron","Proxy","dhs2017_ML_AMLD_C_ART",FALSE
"child_iron","Proxy","dhs2017_ML_PMAL_C_MSL",FALSE
"child_iron","Proxy","dhs2017_AH_HINS_W_NON",FALSE
"child_iron","Proxy","dhs2017_ED_EDUC_W_PRI",FALSE
"child_iron","Proxy","dhs2017_ED_LITR_W_RDP",FALSE
"child_iron","Proxy","dhs2017_ED_LITY_W_UNW",FALSE
"child_iron","Proxy","dhs2017_WS_SRCE_H_PIP",FALSE
"child_iron","Proxy","dhs2017_WS_SRCE_H_PSG",FALSE
"child_iron","Proxy","dhs2017_WS_SRCE_P_PIP",FALSE
"child_iron","Proxy","dhs2017_WS_SRCE_P_TAP",FALSE
"child_iron","Proxy","dhs2017_WS_SRCE_P_PNB",FALSE
"child_iron","Proxy","dhs2017_WS_SRCE_P_PWL",FALSE
"child_iron","Proxy","dhs2017_WS_SRCE_P_PSG",FALSE
"child_iron","Proxy","dhs2017_WS_SRCE_P_UWL",FALSE
"child_iron","Proxy","dhs2017_WS_TIME_H_L30",FALSE
"child_iron","Proxy","dhs2017_WS_TIME_H_DKM",FALSE
"child_iron","Proxy","dhs2017_WS_TLET_P_NIM",FALSE
"child_iron","Proxy","dhs2017_WS_TLET_P_BAS",FALSE
"child_iron","Proxy","dhs2017_HC_FLRM_H_NAT",FALSE
"child_iron","Proxy","dhs2017_HC_FLRM_H_DNG",FALSE
"child_iron","Proxy","dhs2017_HC_RMSL_H_2RM",FALSE
"child_iron","Proxy","dhs2017_HC_CKFL_H_ELC",FALSE
"child_iron","Proxy","dhs2017_HC_CKFL_H_OTH",FALSE
"child_iron","Proxy","dhs2017_HC_CKFL_H_NFD",FALSE
"child_iron","Proxy","dhs2017_HC_CKFL_P_ELC",FALSE
"child_iron","Proxy","dhs2017_HC_PPRM_H_12P",FALSE
"child_iron","Proxy","dhs2017_HC_PPRM_H_34P",FALSE
"child_iron","Proxy","dhs2017_HC_PPRM_H_56P",FALSE
"child_iron","Proxy","dhs2017_HC_PPRM_H_MNP",FALSE
"child_iron","Proxy","dhs2017_HC_HEFF_H_NPH",FALSE
"child_iron","Proxy","dhs2017_HC_WIXQ_P_2ND",FALSE
"child_iron","Proxy","dhs2017_HC_WIXQ_P_GNI",FALSE
"child_iron","Proxy","dhs2017_HC_AGEG_P_459",FALSE
"child_iron","Proxy","dhs2017_HC_AGEG_P_504",FALSE
"child_iron","Proxy","dhs2017_HC_AGEG_P_604",FALSE
"child_iron","Proxy","dhs2017_HC_AGEG_P_704",FALSE
"child_iron","Proxy","dhs2017_HC_AGEG_P_DK2",FALSE
"child_iron","Proxy","dhs2017_HC_OLDR_H_O65",FALSE
"child_iron","Proxy","dhs2017_HC_MEMB_H_5MM",FALSE
"child_iron","Proxy","dhs2017_SV_HRES_H_INT",FALSE
"child_iron","Proxy","dhs2017_SV_HRES_H_NOR",FALSE
"child_iron","Proxy","dhs2017_SV_HRES_H_ABS",FALSE
"child_iron","Proxy","dhs2017_SV_HRES_H_VAC",FALSE
"child_iron","Proxy","dhs2017_SV_HRES_H_RES",FALSE
"child_iron","Proxy","dhs2017_SV_RESI_W_INC",FALSE
"child_iron","Proxy","dhs2017_SV_RESI_W_ELG",FALSE
"child_iron","Proxy","dhs2017_SV_RESI_W_ORR",FALSE
"child_iron","Proxy","mics_hc1a",FALSE
"child_iron","Proxy","mics_hc1a_se",FALSE
"child_iron","Proxy","mics_hc3_se",FALSE
"child_iron","Proxy","mics_hc7b_se",FALSE
"child_iron","Proxy","mics_hc7h_se",FALSE
"child_iron","Proxy","mics_hc7l",FALSE
"child_iron","Proxy","mics_hc9b_se",FALSE
"child_iron","Proxy","mics_hc9c_se",FALSE
"child_iron","Proxy","mics_hc9j",FALSE
"child_iron","Proxy","mics_hc9j_se",FALSE
"child_iron","Proxy","mics_hc10b_se",FALSE
"child_iron","Proxy","mics_hc10c_se",FALSE
"child_iron","Proxy","mics_hc10e_se",FALSE
"child_iron","Proxy","mics_hc12_se",FALSE
"child_iron","Proxy","mics_hc13_se",FALSE
"child_iron","Proxy","mics_hc14_se",FALSE
"child_iron","Proxy","mics_hc16",FALSE
"child_iron","Proxy","mics_hc18e_se",FALSE
"child_iron","Proxy","mics_eu1_se",FALSE
"child_iron","Proxy","mics_eu8",FALSE
"child_iron","Proxy","mics_tn2_se",FALSE
"child_iron","Proxy","mics_ir1_se",FALSE
"child_iron","Proxy","mics_ws2",FALSE
"child_iron","Proxy","mics_ws6",FALSE
"child_iron","Proxy","mics_ws6_se",FALSE
"child_iron","Proxy","mics_ws7",FALSE
"child_iron","Proxy","mics_ws7_se",FALSE
"child_iron","Proxy","mics_ws8a",FALSE
"child_iron","Proxy","mics_ws8a_se",FALSE
"child_iron","Proxy","mics_ws16",FALSE
"child_iron","Proxy","mics_hw1",FALSE
"child_iron","Proxy","mics_hw2_se",FALSE
"child_iron","Proxy","mics_hw5_se",FALSE
"child_iron","Proxy","mics_sa1",FALSE
"child_iron","Proxy","mics_sa2",FALSE
"child_iron","Proxy","mics_sa2_se",FALSE
"child_iron","Proxy","mics_wq2",FALSE
"child_iron","Proxy","mics_wq2_se",FALSE
"child_iron","Proxy","mics_measurer_id",FALSE
"child_iron","Proxy","mics_wq4_se",FALSE
"child_iron","Proxy","mics_wq23h_se",FALSE
"child_iron","Proxy","mics_wq23m",FALSE
"child_iron","Proxy","mics_wq23m_se",FALSE
"child_iron","Proxy","mics_observe_hh_sample_collection",FALSE
"child_iron","Proxy","mics_observe_hh_sample_collection_se",FALSE
"child_iron","Proxy","mics_wq25h_se",FALSE
"child_iron","Proxy","mics_wq25m",FALSE
"child_iron","Proxy","mics_wq25m_se",FALSE
"child_iron","Proxy","mics_hhage",FALSE
"child_iron","Proxy","mics_hhage_se",FALSE
"child_iron","Proxy","mics_hh53_se",FALSE
"child_iron","Proxy","mics_wscore_se",FALSE
"child_iron","Proxy","mics_wat_class_se",FALSE
"child_iron","Proxy","mics_storage_se",FALSE
"child_iron","Proxy","mics_ec_result_h100",FALSE
"child_iron","Proxy","mics_ec_result_s100",FALSE
"child_iron","Proxy","mics_ec_risk_s_1_se",FALSE
"child_iron","Proxy","mics_hw7a_a",FALSE
"child_iron","Proxy","mics_hw8a_a",FALSE
"child_iron","Proxy","mics_hw9a_2",FALSE
"child_iron","Proxy","mics_hw9a_a",FALSE
"child_iron","Proxy","mics_se.ws10bbc_c",FALSE
"child_iron","Proxy","mics_se.ws10bbd_d",FALSE
"child_iron","Proxy","mics_se.hw7a_a",FALSE
"child_iron","Proxy","ihme_15_49_years_24_males_number_of_uncircumcised_men_counts",FALSE
"child_iron","Proxy","ihme_15_49_years_24_males_male_circumcision_prevalence_percent",FALSE
"child_iron","Proxy","ihme_15_59_years_199_both_hiv_prevalence_percent",FALSE
"child_iron","Proxy","ihme_under_5_1_both_u5_diarrhea_prevalence_counts",FALSE
"child_iron","Proxy","ihme_12_23_months_238_both_mcv1_coverage_percent",FALSE
"child_iron","Proxy","ihme_5_to_14_years_5_to_14_both_deaths_rate",FALSE
"child_iron","Proxy","ihme_0_to_99_years_all_ages_both_malaria_incidence_rate",FALSE
"child_iron","Proxy","ihme_6_months_390_both_ebf_prevalence_percent",FALSE
"child_iron","Proxy","ihme_15_49_years_24_females_severe_anemia_percent",FALSE
"child_iron","Proxy","ihme_15_49_years_24_females_mild_anemia_percent",FALSE
"child_iron","Proxy","ihme_all_ages_22_both_onchocerciasis_prevalence_rate",FALSE
"child_iron","Proxy","lsms_hh_totclth",FALSE
"child_iron","Proxy","lsms_hh_hsutensil",FALSE
"child_iron","Proxy","lsms_hh_hsserv",FALSE
"child_iron","Proxy","lsms_hh_totfurn",FALSE
"child_iron","Proxy","lsms_hh_hlmedi",FALSE
"child_iron","Proxy","lsms_hh_phone_9a",FALSE
"child_iron","Proxy","lsms_hh_rcpetserv",FALSE
"child_iron","Proxy","lsms_hh_rcserve",FALSE
"child_iron","Proxy","lsms_hh_rcholid",FALSE
"child_iron","Proxy","lsms_hh_tothotl",FALSE
"child_iron","Proxy","lsms_hh_missprot",FALSE
"child_iron","Proxy","lsms_hh_misother",FALSE
"child_iron","Proxy","lsms_hh_pindex_nfd",FALSE
"child_iron","Proxy","lsms_hh_rent_inc",FALSE
"child_iron","Proxy","lsms_hh_inc_other",FALSE
"child_iron","Proxy","lsms_hh_aginc_net",FALSE
"child_iron","Proxy","lsms_hh_fd_p_star",FALSE
"child_iron","Proxy","lsms_hh_se.fd_b",FALSE
"child_iron","Proxy","lsms_hh_se.totfood",FALSE
"child_iron","Proxy","lsms_hh_se.fdalc_b",FALSE
"child_iron","Proxy","lsms_hh_se.hscloth",FALSE
"child_iron","Proxy","lsms_hh_se.owntype",FALSE
"child_iron","Proxy","lsms_hh_se.elec",FALSE
"child_iron","Proxy","lsms_hh_se.hsfurni",FALSE
"child_iron","Proxy","lsms_hh_se.hsapplian",FALSE
"child_iron","Proxy","lsms_hh_se.hsserv",FALSE
"child_iron","Proxy","lsms_hh_se.hosp",FALSE
"child_iron","Proxy","lsms_hh_se.trserve",FALSE
"child_iron","Proxy","lsms_hh_se.comtel",FALSE
"child_iron","Proxy","lsms_hh_se.phone_9a",FALSE
"child_iron","Proxy","lsms_hh_se.rcrepair",FALSE
"child_iron","Proxy","lsms_hh_se.rcnews",FALSE
"child_iron","Proxy","lsms_hh_se.rcholid",FALSE
"child_iron","Proxy","lsms_hh_se.edtertiar",FALSE
"child_iron","Proxy","lsms_hh_se.hotcat",FALSE
"child_iron","Proxy","lsms_hh_se.mispereff",FALSE
"child_iron","Proxy","lsms_hh_se.missprot",FALSE
"child_iron","Proxy","lsms_hh_se.misinsur",FALSE
"child_iron","Proxy","lsms_hh_se.misfinan",FALSE
"child_iron","Proxy","lsms_hh_se.pindex_nfd",FALSE
"child_iron","Proxy","lsms_hh_se.pindex_fd",FALSE
"child_iron","Proxy","lsms_hh_se.mfdshare",FALSE
"child_iron","Proxy","lsms_hh_se.pindex",FALSE
"child_iron","Proxy","lsms_hh_se.pl_ext",FALSE
"child_iron","Proxy","lsms_hh_se.wage_hid",FALSE
"child_iron","Proxy","lsms_hh_se.wta_s_hhsize",FALSE
"child_iron","Proxy","lsms_hh_se.tot_hh_inc_r",FALSE
"child_iron","Proxy","lsms_hh_se.fd_p_veg",FALSE
"child_iron","Proxy","lsms_hh_se.fd_p_puls",FALSE
"child_iron","Proxy","MAP_202206_Pf_Incidence_Count",FALSE
"child_iron","Proxy","MAP_202406_Pf_Mortality_Rate",FALSE
"child_iron","Proxy","MAP_202406_Pf_Parasite_Rate",FALSE
"child_iron","Proxy","MAP_202106_Insecticide_Treated_Net_Access",FALSE
"child_iron","Proxy","MAP_202106_Antimalarial_Effective_Treatment",FALSE
"child_iron","Proxy","MAP_202406_Insecticide_Treated_Net_Use_Rate",FALSE
"child_iron","Proxy","MAP_202202_Pf_Reproductive_Number",FALSE
"child_iron","Proxy","nearest_market_id",FALSE
"child_iron","Proxy","wfp_cassava",FALSE
"child_iron","Proxy","wfp_cowpeas",FALSE
"child_iron","Proxy","wfp_cowpeas_white",FALSE
"child_iron","Proxy","wfp_eggs",FALSE
"child_iron","Proxy","wfp_fish_mackerel_fresh",FALSE
"child_iron","Proxy","wfp_gari",FALSE
"child_iron","Proxy","wfp_maize",FALSE
"child_iron","Proxy","wfp_maize_yellow",FALSE
"child_iron","Proxy","wfp_meat_chicken",FALSE
"child_iron","Proxy","wfp_meat_chicken_local",FALSE
"child_iron","Proxy","wfp_millet",FALSE
"child_iron","Proxy","wfp_peppers_dried",FALSE
"child_iron","Proxy","wfp_peppers_fresh",FALSE
"child_iron","Proxy","wfp_rice_imported",FALSE
"child_iron","Proxy","wfp_soybeans",FALSE
"child_iron","Proxy","wfp_tomatoes_local",FALSE
"child_iron","Proxy","wfp_yam",FALSE
"child_iron","Proxy","wfp_yam_puna",FALSE
"child_iron","Proxy","wfp_rice_paddy",FALSE
"child_iron","Proxy","flunet_inf_a_rate",FALSE
"child_iron","Proxy","gee_trmm_mean_10km",FALSE
"child_iron","Proxy","gee_ndvi_mean_10km",FALSE
"child_iron","Proxy","gee_temp_mean_10km",FALSE
"child_iron","Proxy","gee_temp_mean_25km",FALSE
"child_iron","Proxy","gee_temp_mean_50km",FALSE
"child_iron","Proxy","missing_dhs2014_SX_AAFS_M_M2A",FALSE
"child_iron","Proxy","missing_ihme_15_49_years_24_males_number_of_uncircumcised_men_counts",FALSE
"child_iron","Proxy","missing_ihme_under_5_1_both_u5_diarrhea_prevalence_counts",FALSE
"child_iron","Proxy","missing_wfp_maize_yellow",FALSE
"child_iron","Proxy","missing_wfp_rice_paddy",FALSE
"mom_iron","Survey","Admin1",TRUE
"mom_iron","Survey","gw_Region.x",TRUE
"mom_iron","Survey","gw_Strata",TRUE
"mom_iron","Survey","gw_Number_of_households_LISTED_in__",TRUE
"mom_iron","Survey","gw_Actual_probablity_of_section_usi",TRUE
"mom_iron","Survey","gw_Corrected_probability_of_selecti",TRUE
"mom_iron","Survey","gw_PSU_weight",TRUE
"mom_iron","Survey","gw_Number_of_households_selected",TRUE
"mom_iron","Survey","gw_Check_1",TRUE
"mom_iron","Survey","gw_res",FALSE
"mom_iron","Survey","gw_region",TRUE
"mom_iron","Survey","gw_strata",TRUE
"mom_iron","Survey","gw_headlanguage",FALSE
"mom_iron","Survey","gw_hDrinkWaterSafeYN",FALSE
"mom_iron","Survey","gw_hSanitation",FALSE
"mom_iron","Survey","gw_hWealthquintile",FALSE
"mom_iron","Survey","gw_wCurrLact",FALSE
"mom_iron","Survey","gw_wAgeYearsCat",FALSE
"mom_iron","Survey","gw_wMarital",FALSE
"mom_iron","Survey","gw_wJob",FALSE
"mom_iron","Survey","gw_wFoodGrp8",FALSE
"mom_iron","Survey","gw_wFoodGrpScore",FALSE
"mom_iron","Survey","gw_wFoodGrp5plus",FALSE
"mom_iron","Survey","gw_wSuppIron",FALSE
"mom_iron","Survey","gw_wSupplastPregFeFA",FALSE
"mom_iron","Survey","gw_wSuppVitA",FALSE
"mom_iron","Survey","gw_wHeightM",FALSE
"mom_iron","Survey","gw_sWeight",TRUE
"mom_iron","Survey","gw_b_hhln2",TRUE
"mom_iron","Survey","gw_b_wlnr",TRUE
"mom_iron","Survey","gw_wjss_yr",FALSE
"mom_iron","Survey","gw_wd_wnp",FALSE
"mom_iron","Survey","gw_wd_wcb",FALSE
"mom_iron","Survey","gw_wfdg_fg2",FALSE
"mom_iron","Survey","gw_wfdg_fg5",FALSE
"mom_iron","Survey","gw_wfdg_fg8",FALSE
"mom_iron","Survey","gw_wfdg_fg10",FALSE
"mom_iron","Survey","gw_wfdg_fg12",FALSE
"mom_iron","Survey","gw_wfdg_fg14",FALSE
"mom_iron","Survey","gw_wfdg_fg16",FALSE
"mom_iron","Survey","gw_wfdg_fg17",FALSE
"mom_iron","Survey","gw_wfdg_fg19",FALSE
"mom_iron","Survey","gw_wfdg_fg20",FALSE
"mom_iron","Survey","gw_wfdg_fg22",FALSE
"mom_iron","Survey","gw_wfo",FALSE
"mom_iron","Survey","gw_wg_fo4",FALSE
"mom_iron","Survey","gw_wi_wmi",FALSE
"mom_iron","Survey","gw_hDrinkWaterSource",FALSE
"mom_iron","Survey","gw_mrdr",TRUE
"mom_iron","Survey","gw_wj_man",FALSE
"mom_iron","Survey","gw_wo_wrmal",TRUE
"mom_iron","Survey","gw_age_years",FALSE
"mom_iron","Survey","gw_wNumPreg",FALSE
"mom_iron","Survey","gw_wNumBirth",FALSE
"mom_iron","Survey","gw_wFvoImpHealth",FALSE
"mom_iron","Survey","gw_wMalariaYN",TRUE
"mom_iron","Survey","gw_wSickleYN",TRUE
"mom_iron","Survey","gw_fieldworkhalf",FALSE
"mom_iron","Survey","gw_wCurrLactAllNPWDenom",FALSE
"mom_iron","Survey","gw_Region.y",TRUE
"mom_iron","Survey","gw_urban..rural",FALSE
"mom_iron","Survey","gw_Total.population",TRUE
"mom_iron","Survey","gw_Households",TRUE
"mom_iron","Survey","gw_week",FALSE
"mom_iron","Survey","missing_gw_wCurrLact",FALSE
"mom_iron","Survey","missing_gw_wi_wst",FALSE
"mom_iron","Survey","missing_gw_wi_wss",FALSE
"mom_iron","All","Admin1",TRUE
"mom_iron","All","gw_Region.x",TRUE
"mom_iron","All","gw_Strata",TRUE
"mom_iron","All","gw_Number_of_households_LISTED_in__",TRUE
"mom_iron","All","gw_Actual_probablity_of_section_usi",TRUE
"mom_iron","All","gw_Corrected_probability_of_selecti",TRUE
"mom_iron","All","gw_PSU_weight",TRUE
"mom_iron","All","gw_Check_1",TRUE
"mom_iron","All","gw_res",FALSE
"mom_iron","All","gw_region",TRUE
"mom_iron","All","gw_strata",TRUE
"mom_iron","All","gw_headlanguage",FALSE
"mom_iron","All","gw_hDrinkWaterSafeYN",FALSE
"mom_iron","All","gw_hSanitation",FALSE
"mom_iron","All","gw_hWealthquintile",FALSE
"mom_iron","All","gw_wCurrLact",FALSE
"mom_iron","All","gw_wAgeYearsCat",FALSE
"mom_iron","All","gw_wMarital",FALSE
"mom_iron","All","gw_wJob",FALSE
"mom_iron","All","gw_wFoodGrp8",FALSE
"mom_iron","All","gw_wFoodGrpScore",FALSE
"mom_iron","All","gw_wFoodGrp5plus",FALSE
"mom_iron","All","gw_wSuppIron",FALSE
"mom_iron","All","gw_wSupplastPregFeFA",FALSE
"mom_iron","All","gw_wSuppVitA",FALSE
"mom_iron","All","gw_b_hhln2",TRUE
"mom_iron","All","gw_b_wlnr",TRUE
"mom_iron","All","gw_wjss_yr",FALSE
"mom_iron","All","gw_wd_wnp",FALSE
"mom_iron","All","gw_wd_wcb",FALSE
"mom_iron","All","gw_wfdg_fg2",FALSE
"mom_iron","All","gw_wfdg_fg5",FALSE
"mom_iron","All","gw_wfdg_fg8",FALSE
"mom_iron","All","gw_wfdg_fg10",FALSE
"mom_iron","All","gw_wfdg_fg12",FALSE
"mom_iron","All","gw_wfdg_fg14",FALSE
"mom_iron","All","gw_wfdg_fg16",FALSE
"mom_iron","All","gw_wfdg_fg17",FALSE
"mom_iron","All","gw_wfdg_fg19",FALSE
"mom_iron","All","gw_wfdg_fg20",FALSE
"mom_iron","All","gw_wfdg_fg22",FALSE
"mom_iron","All","gw_wfo",FALSE
"mom_iron","All","gw_wg_fo4",FALSE
"mom_iron","All","gw_wi_wmi",FALSE
"mom_iron","All","gw_hDrinkWaterSource",FALSE
"mom_iron","All","gw_mrdr",TRUE
"mom_iron","All","gw_wj_man",FALSE
"mom_iron","All","gw_wo_wrmal",TRUE
"mom_iron","All","gw_age_years",FALSE
"mom_iron","All","gw_wNumPreg",FALSE
"mom_iron","All","gw_wNumBirth",FALSE
"mom_iron","All","gw_wFvoImpHealth",FALSE
"mom_iron","All","gw_wMalariaYN",TRUE
"mom_iron","All","gw_wSickleYN",TRUE
"mom_iron","All","gw_wHeightCm",FALSE
"mom_iron","All","gw_fieldworkhalf",FALSE
"mom_iron","All","gw_wCurrLactAllNPWDenom",FALSE
"mom_iron","All","gw_Region.y",TRUE
"mom_iron","All","gw_urban..rural",FALSE
"mom_iron","All","gw_Total.population",TRUE
"mom_iron","All","gw_Households",TRUE
"mom_iron","All","gw_week",FALSE
"mom_iron","All","dhs2014_FE_FRTR_W_A10",FALSE
"mom_iron","All","dhs2014_FE_FRTY_W_PRG",FALSE
"mom_iron","All","dhs2014_FE_BINT_C_MED",FALSE
"mom_iron","All","dhs2014_FP_KMET_M_MOD",FALSE
"mom_iron","All","dhs2014_FP_CUSA_W_MOD",FALSE
"mom_iron","All","dhs2014_FP_CUSA_W_PIL",FALSE
"mom_iron","All","dhs2014_FP_CUSA_W_IMP",FALSE
"mom_iron","All","dhs2014_FP_CUSA_W_FOM",FALSE
"mom_iron","All","dhs2014_FP_CUSM_W_FST",FALSE
"mom_iron","All","dhs2014_FP_CUSU_W_MOD",FALSE
"mom_iron","All","dhs2014_FP_CUSU_W_PIL",FALSE
"mom_iron","All","dhs2014_FP_CUSU_W_IMP",FALSE
"mom_iron","All","dhs2014_FP_CUSU_W_WTH",FALSE
"mom_iron","All","dhs2014_FP_NADM_W_UMS",FALSE
"mom_iron","All","dhs2014_FP_NADM_W_TDU",FALSE
"mom_iron","All","dhs2014_FP_NADU_W_UNT",FALSE
"mom_iron","All","dhs2014_FP_NADU_W_TDS",FALSE
"mom_iron","All","dhs2014_FP_NADU_W_TDL",FALSE
"mom_iron","All","dhs2014_FP_NADU_W_UMT",FALSE
"mom_iron","All","dhs2014_FP_NDYM_W_UNS",FALSE
"mom_iron","All","dhs2014_FP_NDYM_W_UMT",FALSE
"mom_iron","All","dhs2014_FP_NDYM_W_PDM",FALSE
"mom_iron","All","dhs2014_FP_NDYM_W_TDU",FALSE
"mom_iron","All","dhs2014_FP_NDYA_W_UNT",FALSE
"mom_iron","All","dhs2014_FP_NDYA_W_UML",FALSE
"mom_iron","All","dhs2014_FP_NDYA_W_UMT",FALSE
"mom_iron","All","dhs2014_FP_NDYA_W_UNW",FALSE
"mom_iron","All","dhs2014_FP_NDYA_W_PDM",FALSE
"mom_iron","All","dhs2014_FP_NDYU_W_UMT",FALSE
"mom_iron","All","dhs2014_FP_NDYU_W_PDS",FALSE
"mom_iron","All","dhs2014_FP_NDYU_W_PDM",FALSE
"mom_iron","All","dhs2014_FP_NFPP_W_HNF",FALSE
"mom_iron","All","dhs2014_FP_NFPP_W_NFP",FALSE
"mom_iron","All","dhs2014_MA_MSTY_W_NMA",FALSE
"mom_iron","All","dhs2014_MA_MBAY_M_B18",FALSE
"mom_iron","All","dhs2014_MA_MBAY_M_NMA",FALSE
"mom_iron","All","dhs2014_MA_AAFM_W_M45",FALSE
"mom_iron","All","dhs2014_MA_AAFM_M_M40",FALSE
"mom_iron","All","dhs2014_MA_AAFM_M_M55",FALSE
"mom_iron","All","dhs2014_MA_ADIF_W_O10",FALSE
"mom_iron","All","dhs2014_MA_ADIF_W_O05",FALSE
"mom_iron","All","dhs2014_SX_SBAY_W_B15",FALSE
"mom_iron","All","dhs2014_SX_SBAY_M_UNW",FALSE
"mom_iron","All","dhs2014_SX_AAFS_W_M40",FALSE
"mom_iron","All","dhs2014_SX_AAFS_M_M25",FALSE
"mom_iron","All","dhs2014_SX_AAFS_M_M40",FALSE
"mom_iron","All","dhs2014_SX_AAFS_M_M45",FALSE
"mom_iron","All","dhs2014_SX_AAFS_M_M2A",FALSE
"mom_iron","All","dhs2014_SX_LSEX_W_4WK",FALSE
"mom_iron","All","dhs2014_SX_LSEX_M_1YR",FALSE
"mom_iron","All","dhs2014_CM_ECMR_C_NNX",FALSE
"mom_iron","All","dhs2014_CM_ECMR_C_NNU",FALSE
"mom_iron","All","dhs2014_CM_ECMR_C_PNE",FALSE
"mom_iron","All","dhs2014_CM_ECMR_C_IME",FALSE
"mom_iron","All","dhs2014_CM_ECMR_C_IMX",FALSE
"mom_iron","All","dhs2014_CM_PNMR_C_SBR",FALSE
"mom_iron","All","dhs2014_CM_PNMR_C_ENR",FALSE
"mom_iron","All","dhs2014_RH_ANCN_W_DKM",FALSE
"mom_iron","All","dhs2014_RH_ICSP_W_L60",FALSE
"mom_iron","All","dhs2014_RH_ANCS_W_SGN.1",FALSE
"mom_iron","All","dhs2014_RH_TTIJ_W_TT2",FALSE
"mom_iron","All","dhs2014_RH_DELP_C_OTH",FALSE
"mom_iron","All","dhs2014_RH_DELA_C_NRS",FALSE
"mom_iron","All","dhs2014_RH_PCMT_W_23H",FALSE
"mom_iron","All","dhs2014_RH_PCMP_W_NRS",FALSE
"mom_iron","All","dhs2014_RH_PCCT_C_DKM",FALSE
"mom_iron","All","dhs2014_RH_PCCP_C_DOC",FALSE
"mom_iron","All","dhs2014_RH_MIMH_M_PDA",FALSE
"mom_iron","All","dhs2014_RH_MIMH_M_UN4",FALSE
"mom_iron","All","dhs2014_RH_PAHC_W_PRM",FALSE
"mom_iron","All","dhs2014_RH_PAHC_W_MON",FALSE
"mom_iron","All","dhs2014_RH_PAHC_W_ALN",FALSE
"mom_iron","All","dhs2014_CH_SZWT_C_AVG",FALSE
"mom_iron","All","dhs2014_CH_SZWT_C_UN1",FALSE
"mom_iron","All","dhs2014_CH_VACC_C_DP1",FALSE
"mom_iron","All","dhs2014_CH_VACC_C_DP2",FALSE
"mom_iron","All","dhs2014_CH_VACC_C_OP1",FALSE
"mom_iron","All","dhs2014_CH_VACC_C_OP2",FALSE
"mom_iron","All","dhs2014_CH_VACC_C_BAS",FALSE
"mom_iron","All","dhs2014_CH_ARIS_C_ARI",FALSE
"mom_iron","All","dhs2014_CH_DIAT_C_ORT",FALSE
"mom_iron","All","dhs2014_CH_DIAT_C_OZC",FALSE
"mom_iron","All","dhs2014_CH_DIAT_C_AMO",FALSE
"mom_iron","All","dhs2014_CH_DIAT_C_NOT",FALSE
"mom_iron","All","dhs2014_CH_DIFP_C_LSM",FALSE
"mom_iron","All","dhs2014_CH_DIFP_C_LNO",FALSE
"mom_iron","All","dhs2014_CH_DIFP_C_FNO",FALSE
"mom_iron","All","dhs2014_CH_DIFP_C_FAL.1",FALSE
"mom_iron","All","dhs2014_CN_NUTS_C_WH3",FALSE
"mom_iron","All","dhs2014_CN_NUTS_C_WH2",FALSE
"mom_iron","All","dhs2014_CN_BRFI_C_EVR",FALSE
"mom_iron","All","dhs2014_CN_BRFI_C_1HR",FALSE
"mom_iron","All","dhs2014_CN_BRFI_C_1DY",FALSE
"mom_iron","All","dhs2014_CN_IYCF_C_MNB",FALSE
"mom_iron","All","dhs2014_CN_MIAC_C_IOD",FALSE
"mom_iron","All","dhs2014_AN_NUTS_M_TH1",FALSE
"mom_iron","All","dhs2014_AN_ANEM_W_ANY",FALSE
"mom_iron","All","dhs2014_ML_ITNA_P_ACC",FALSE
"mom_iron","All","dhs2014_ML_ITNU_N_UNW",FALSE
"mom_iron","All","dhs2014_ML_NETW_W_UNW",FALSE
"mom_iron","All","dhs2014_ML_IPTP_W_SPA",FALSE
"mom_iron","All","dhs2014_ML_IPTP_W_3SA",FALSE
"mom_iron","All","dhs2014_ML_FEVT_C_AML",FALSE
"mom_iron","All","dhs2014_ML_AMLD_C_ACT",FALSE
"mom_iron","All","dhs2014_ML_AMLD_C_UNW",FALSE
"mom_iron","All","dhs2014_HA_CKNA_W_CKA",FALSE
"mom_iron","All","dhs2014_HA_KMTC_W_PRG",FALSE
"mom_iron","All","dhs2014_HA_KMTC_W_PDB",FALSE
"mom_iron","All","dhs2014_HA_KMTC_M_PRG",FALSE
"mom_iron","All","dhs2014_HA_AATT_W_SEC",FALSE
"mom_iron","All","dhs2014_HA_AATT_M_FTC",FALSE
"mom_iron","All","dhs2014_HA_ANSS_M_RSX",FALSE
"mom_iron","All","dhs2014_HA_HRSX_M_CND",FALSE
"mom_iron","All","dhs2014_HA_MSXP_W_UN3",FALSE
"mom_iron","All","dhs2014_HA_MSXP_M_2PP",FALSE
"mom_iron","All","dhs2014_HA_MSXP_M_CND",FALSE
"mom_iron","All","dhs2014_HA_CPHT_M_ETN",FALSE
"mom_iron","All","dhs2014_HA_CPHT_M_EVT",FALSE
"mom_iron","All","dhs2014_HA_CPHT_M_T1R",FALSE
"mom_iron","All","dhs2014_HA_STIS_W_STI",FALSE
"mom_iron","All","dhs2014_HA_MINJ_W_NEW",FALSE
"mom_iron","All","dhs2014_HA_CHVT_W_ABN",FALSE
"mom_iron","All","dhs2014_HA_CHVT_M_ABN",FALSE
"mom_iron","All","dhs2014_HA_HIVP_M_HIV",FALSE
"mom_iron","All","dhs2014_HA_HIVP_M_HVE",FALSE
"mom_iron","All","dhs2014_HA_HIVY_W_UNW",FALSE
"mom_iron","All","dhs2014_HA_HPMC_M_UN1",FALSE
"mom_iron","All","dhs2014_HA_HPAC_B_CNP",FALSE
"mom_iron","All","dhs2014_HA_HPAC_B_CNN",FALSE
"mom_iron","All","dhs2014_WE_OWNA_W_HDK",FALSE
"mom_iron","All","dhs2014_WE_OWNA_M_HAJ",FALSE
"mom_iron","All","dhs2014_WE_OWNA_M_LAL",FALSE
"mom_iron","All","dhs2014_WE_OWNA_M_LAJ",FALSE
"mom_iron","All","dhs2014_WE_ANSR_W_CSN",FALSE
"mom_iron","All","dhs2014_WE_DMAK_M_NON",FALSE
"mom_iron","All","dhs2014_ED_SCHA_C_SCR",FALSE
"mom_iron","All","dhs2014_ED_NARP_B_BTH",FALSE
"mom_iron","All","dhs2014_ED_NARP_B_GPI",FALSE
"mom_iron","All","dhs2014_ED_GARP_B_GPI",FALSE
"mom_iron","All","dhs2014_ED_NARS_M_MAL",FALSE
"mom_iron","All","dhs2014_ED_GARS_M_MAL",FALSE
"mom_iron","All","dhs2014_ED_LITR_W_RDW",FALSE
"mom_iron","All","dhs2014_ED_LITR_M_NCD",FALSE
"mom_iron","All","dhs2014_ED_LITY_W_UNW",FALSE
"mom_iron","All","dhs2014_EM_EMPL_M_N12",FALSE
"mom_iron","All","dhs2014_EM_OCCP_W_MNS",FALSE
"mom_iron","All","dhs2014_EM_OCCP_W_DKM",FALSE
"mom_iron","All","dhs2014_EM_OCCP_M_DKM",FALSE
"mom_iron","All","dhs2014_EM_OCCP_M_UNW",FALSE
"mom_iron","All","dhs2014_EM_WERN_W_HUS",FALSE
"mom_iron","All","dhs2014_EM_RERN_W_NON",FALSE
"mom_iron","All","dhs2014_EM_MERN_M_HUS",FALSE
"mom_iron","All","dhs2014_WS_SRCE_H_RNW",FALSE
"mom_iron","All","dhs2014_WS_SRCE_H_TNK",FALSE
"mom_iron","All","dhs2014_WS_SRCE_P_PSG",FALSE
"mom_iron","All","dhs2014_WS_WTRT_H_STN",FALSE
"mom_iron","All","dhs2014_WS_WTRT_P_BLC",FALSE
"mom_iron","All","dhs2014_WS_WTRT_P_CER",FALSE
"mom_iron","All","dhs2014_WS_TLET_H_VIP",FALSE
"mom_iron","All","dhs2014_WS_HNDW_H_OBS",FALSE
"mom_iron","All","dhs2014_WS_HNDW_H_SOP",FALSE
"mom_iron","All","dhs2014_WS_HNDW_P_LTD",FALSE
"mom_iron","All","dhs2014_HC_FLRM_P_ETH",FALSE
"mom_iron","All","dhs2014_HC_RMSL_H_2RM",FALSE
"mom_iron","All","dhs2014_HC_RMSL_P_2RM",FALSE
"mom_iron","All","dhs2014_HC_CKPL_H_HSE",FALSE
"mom_iron","All","dhs2014_HC_CKFL_H_COL",FALSE
"mom_iron","All","dhs2014_HC_SMKH_H_WLY",FALSE
"mom_iron","All","dhs2014_HC_SMKH_P_LES",FALSE
"mom_iron","All","dhs2014_HC_PPRM_H_34P",FALSE
"mom_iron","All","dhs2014_HC_PPRM_H_56P",FALSE
"mom_iron","All","dhs2014_HC_PPRM_H_DKM",FALSE
"mom_iron","All","dhs2014_HC_PPRM_H_MNP",FALSE
"mom_iron","All","dhs2014_HC_AGEG_P_559",FALSE
"mom_iron","All","dhs2014_HC_OLDR_H_O65",FALSE
"mom_iron","All","dhs2014_HC_OLDR_P_NNC",FALSE
"mom_iron","All","dhs2014_HC_MEMB_H_5MM",FALSE
"mom_iron","All","dhs2014_HC_LVAR_C_FMA",FALSE
"mom_iron","All","dhs2014_HC_LVAR_C_NFA",FALSE
"mom_iron","All","dhs2014_HC_LVAY_C_FMA",FALSE
"mom_iron","All","dhs2014_HC_LVAY_C_NFA",FALSE
"mom_iron","All","dhs2014_HC_LVAY_C_P1D",FALSE
"mom_iron","All","dhs2014_SV_HRES_H_OTH",FALSE
"mom_iron","All","dhs2014_SV_RESI_W_INC",FALSE
"mom_iron","All","dhs2014_SV_RESI_M_INC",FALSE
"mom_iron","All","dhs2014_SV_HRSM_H_NOR",FALSE
"mom_iron","All","dhs2014_SV_HRSM_H_OTH",FALSE
"mom_iron","All","dhs2016_DHSREGFR",FALSE
"mom_iron","All","dhs2016_DHSREGSP",FALSE
"mom_iron","All","dhs2016_FE_FRTR_W_A35",FALSE
"mom_iron","All","dhs2016_FE_FRTR_W_A40",FALSE
"mom_iron","All","dhs2016_RH_ANCP_W_NRS",FALSE
"mom_iron","All","dhs2016_CH_FEVT_C_AT1",FALSE
"mom_iron","All","dhs2016_CH_FEVT_C_ADV",FALSE
"mom_iron","All","dhs2016_CN_ANMC_C_MLD",FALSE
"mom_iron","All","dhs2016_CN_ANMC_C_SEV",FALSE
"mom_iron","All","dhs2016_ML_NSRC_N_GHF",FALSE
"mom_iron","All","dhs2016_ML_NSRC_N_PHF",FALSE
"mom_iron","All","dhs2016_ML_NSRC_N_CHW",FALSE
"mom_iron","All","dhs2016_ML_NETW_W_NUM",FALSE
"mom_iron","All","dhs2016_ML_NETW_W_UNW",FALSE
"mom_iron","All","dhs2016_ML_FEVT_C_ADV",FALSE
"mom_iron","All","dhs2016_ML_FEVT_C_ADS",FALSE
"mom_iron","All","dhs2016_ML_FEVT_C_ACS",FALSE
"mom_iron","All","dhs2016_ML_AMLD_C_QNN",FALSE
"mom_iron","All","dhs2016_ML_PMAL_C_MSY",FALSE
"mom_iron","All","dhs2016_AH_HINS_W_NON",FALSE
"mom_iron","All","dhs2016_ED_EDUC_W_CPR",FALSE
"mom_iron","All","dhs2016_ED_LITR_W_BLD",FALSE
"mom_iron","All","dhs2016_WS_SRCE_H_PNB",FALSE
"mom_iron","All","dhs2016_WS_SRCE_P_TNK",FALSE
"mom_iron","All","dhs2016_WS_SRCE_P_UWL",FALSE
"mom_iron","All","dhs2016_WS_SRCE_P_LTD",FALSE
"mom_iron","All","dhs2016_WS_TLET_H_NBK",FALSE
"mom_iron","All","dhs2016_HC_FLRM_P_OTH",FALSE
"mom_iron","All","dhs2016_HC_CKFL_H_AGR",FALSE
"mom_iron","All","dhs2016_HC_CKFL_P_KER",FALSE
"mom_iron","All","dhs2016_HC_PPRM_H_12P",FALSE
"mom_iron","All","dhs2016_HC_PPRM_H_34P",FALSE
"mom_iron","All","dhs2016_HC_PPRM_H_7PP",FALSE
"mom_iron","All","dhs2016_HC_HEFF_H_MPH",FALSE
"mom_iron","All","dhs2016_HC_HEFF_H_NPH",FALSE
"mom_iron","All","dhs2016_HC_AGEG_P_304",FALSE
"mom_iron","All","dhs2016_HC_AGEG_P_359",FALSE
"mom_iron","All","dhs2016_HC_AGEG_P_704",FALSE
"mom_iron","All","dhs2016_HC_AGEG_P_80P",FALSE
"mom_iron","All","dhs2016_HC_OLDR_P_NNC",FALSE
"mom_iron","All","dhs2016_HC_MEMB_H_0MM",FALSE
"mom_iron","All","dhs2016_HC_MEMB_H_3MM",FALSE
"mom_iron","All","dhs2016_HC_MEMB_H_4MM",FALSE
"mom_iron","All","dhs2016_HC_MEMB_H_5MM",FALSE
"mom_iron","All","dhs2016_SV_HRES_H_ABS",FALSE
"mom_iron","All","dhs2016_SV_RESI_W_INC",FALSE
"mom_iron","All","dhs2016_SV_RESI_W_ELG",FALSE
"mom_iron","All","dhs2016_SV_INTV_W_MED",FALSE
"mom_iron","All","dhs2017_DHSREGFR",FALSE
"mom_iron","All","dhs2017_DHSREGSP",FALSE
"mom_iron","All","dhs2017_FE_FRTR_W_A10",FALSE
"mom_iron","All","dhs2017_FE_FRTR_W_A40",FALSE
"mom_iron","All","dhs2017_FE_FRTY_W_U49",FALSE
"mom_iron","All","dhs2017_FE_TNPG_W_CBR",FALSE
"mom_iron","All","dhs2017_RH_ANCN_W_N4P",FALSE
"mom_iron","All","dhs2017_RH_ANCT_W_NON",FALSE
"mom_iron","All","dhs2017_RH_ANCT_W_TL4",FALSE
"mom_iron","All","dhs2017_RH_ANCT_W_T45",FALSE
"mom_iron","All","dhs2017_RH_ANCT_W_DKM",FALSE
"mom_iron","All","dhs2017_CH_FEVT_C_AML",FALSE
"mom_iron","All","dhs2017_ML_NSRC_N_MDC",FALSE
"mom_iron","All","dhs2017_ML_NSRC_N_DKM",FALSE
"mom_iron","All","dhs2017_ML_IPTP_W_SPF",FALSE
"mom_iron","All","dhs2017_ML_IPTP_W_2SP",FALSE
"mom_iron","All","dhs2017_ML_IPTP_W_3SA",FALSE
"mom_iron","All","dhs2017_ML_FEVT_C_AMS",FALSE
"mom_iron","All","dhs2017_ML_FEVT_C_NUM",FALSE
"mom_iron","All","dhs2017_AH_HINS_W_EBI",FALSE
"mom_iron","All","dhs2017_AH_HINS_W_MUT",FALSE
"mom_iron","All","dhs2017_ED_LITR_W_RDP",FALSE
"mom_iron","All","dhs2017_WS_SRCE_H_PIP",FALSE
"mom_iron","All","dhs2017_WS_SRCE_H_PNB",FALSE
"mom_iron","All","dhs2017_WS_SRCE_H_PWL",FALSE
"mom_iron","All","dhs2017_WS_SRCE_H_PSG",FALSE
"mom_iron","All","dhs2017_WS_SRCE_P_PIP",FALSE
"mom_iron","All","dhs2017_WS_SRCE_P_TAP",FALSE
"mom_iron","All","dhs2017_WS_SRCE_P_PSG",FALSE
"mom_iron","All","dhs2017_WS_SRCE_P_UWL",FALSE
"mom_iron","All","dhs2017_WS_TIME_H_L30",FALSE
"mom_iron","All","dhs2017_WS_TIME_H_DKM",FALSE
"mom_iron","All","dhs2017_HC_FLRM_H_NAT",FALSE
"mom_iron","All","dhs2017_HC_RMSL_P_2RM",FALSE
"mom_iron","All","dhs2017_HC_PPRM_H_12P",FALSE
"mom_iron","All","dhs2017_HC_PPRM_H_34P",FALSE
"mom_iron","All","dhs2017_HC_PPRM_H_56P",FALSE
"mom_iron","All","dhs2017_HC_PPRM_H_MNP",FALSE
"mom_iron","All","dhs2017_HC_WIXQ_P_2ND",FALSE
"mom_iron","All","dhs2017_HC_WIXQ_P_GNI",FALSE
"mom_iron","All","dhs2017_HC_AGEG_P_504",FALSE
"mom_iron","All","dhs2017_HC_AGEG_P_659",FALSE
"mom_iron","All","dhs2017_HC_AGEG_P_704",FALSE
"mom_iron","All","dhs2017_HC_AGEG_P_759",FALSE
"mom_iron","All","dhs2017_HC_AGEG_P_SNR",FALSE
"mom_iron","All","dhs2017_HC_AGEG_P_DK2",FALSE
"mom_iron","All","dhs2017_HC_MEMB_H_5MM",FALSE
"mom_iron","All","dhs2017_SV_HRES_H_NOR",FALSE
"mom_iron","All","dhs2017_SV_HRES_H_DNF",FALSE
"mom_iron","All","dhs2017_SV_HRES_H_ABS",FALSE
"mom_iron","All","dhs2017_SV_HRES_H_VAC",FALSE
"mom_iron","All","dhs2017_SV_RESI_W_REF",FALSE
"mom_iron","All","dhs2017_SV_INTV_W_MED",FALSE
"mom_iron","All","dhs2017_SV_INTV_W_MNI",FALSE
"mom_iron","All","mics_hh26c_se",FALSE
"mom_iron","All","mics_hc1a_se",FALSE
"mom_iron","All","mics_hc5_se",FALSE
"mom_iron","All","mics_hc7g_se",FALSE
"mom_iron","All","mics_hc7i",FALSE
"mom_iron","All","mics_hc7k_se",FALSE
"mom_iron","All","mics_hc7l",FALSE
"mom_iron","All","mics_hc7l_se",FALSE
"mom_iron","All","mics_hc9c_se",FALSE
"mom_iron","All","mics_hc9f_se",FALSE
"mom_iron","All","mics_hc10e_se",FALSE
"mom_iron","All","mics_hc12_se",FALSE
"mom_iron","All","mics_hc16",FALSE
"mom_iron","All","mics_hc18d_se",FALSE
"mom_iron","All","mics_hc18e_se",FALSE
"mom_iron","All","mics_hc18f",FALSE
"mom_iron","All","mics_eu1_se",FALSE
"mom_iron","All","mics_eu9",FALSE
"mom_iron","All","mics_ir1_se",FALSE
"mom_iron","All","mics_ws8",FALSE
"mom_iron","All","mics_ws8_se",FALSE
"mom_iron","All","mics_ws8a_se",FALSE
"mom_iron","All","mics_ws15",FALSE
"mom_iron","All","mics_ws16",FALSE
"mom_iron","All","mics_hw1",FALSE
"mom_iron","All","mics_hw6_se",FALSE
"mom_iron","All","mics_wq10h",FALSE
"mom_iron","All","mics_wq23h_se",FALSE
"mom_iron","All","mics_wq25h_se",FALSE
"mom_iron","All","mics_wq25m",FALSE
"mom_iron","All","mics_wq25m_se",FALSE
"mom_iron","All","mics_ec_100_s_se",FALSE
"mom_iron","All","mics_hhage_se",FALSE
"mom_iron","All","mics_ethnicity_se",FALSE
"mom_iron","All","mics_hh53_se",FALSE
"mom_iron","All","mics_wscore_se",FALSE
"mom_iron","All","mics_windex5_se",FALSE
"mom_iron","All","mics_wat_class_se",FALSE
"mom_iron","All","mics_storage_se",FALSE
"mom_iron","All","mics_education_se",FALSE
"mom_iron","All","mics_ec_result_h100",FALSE
"mom_iron","All","mics_ec_result_s100",FALSE
"mom_iron","All","mics_ec_risk_s_1_se",FALSE
"mom_iron","All","mics_hw7a_a",FALSE
"mom_iron","All","mics_hw9a_a",FALSE
"mom_iron","All","mics_se.ws10bbc_c",FALSE
"mom_iron","All","mics_se.ws10bbd_d",FALSE
"mom_iron","All","mics_se.hw8a_a",FALSE
"mom_iron","All","ihme_50_54_years_15_females_people_living_with_hiv_counts",FALSE
"mom_iron","All","ihme_12_23_months_238_both_mcv1_coverage_percent",FALSE
"mom_iron","All","ihme_15_plus_15_both_deaths_rate",FALSE
"mom_iron","All","ihme_15_plus_15_both_malaria_incidence_rate",FALSE
"mom_iron","All","ihme_all_ages_22_both_lf_prevalence_rate",FALSE
"mom_iron","All","ihme_15_49_years_24_females_severe_anemia_percent",FALSE
"mom_iron","All","ihme_15_49_years_24_females_mild_anemia_percent",FALSE
"mom_iron","All","ihme_all_ages_22_both_onchocerciasis_prevalence_rate",FALSE
"mom_iron","All","lsms_hh_hsutensil",FALSE
"mom_iron","All","lsms_hh_hsserv",FALSE
"mom_iron","All","lsms_hh_hlmedi",FALSE
"mom_iron","All","lsms_hh_tothlth",FALSE
"mom_iron","All","lsms_hh_vehicles",FALSE
"mom_iron","All","lsms_hh_rcpetserv",FALSE
"mom_iron","All","lsms_hh_rcserve_cult",FALSE
"mom_iron","All","lsms_hh_rcserve",FALSE
"mom_iron","All","lsms_hh_tothotl",FALSE
"mom_iron","All","lsms_hh_misother",FALSE
"mom_iron","All","lsms_hh_incnf_gross",FALSE
"mom_iron","All","lsms_hh_se.nh",FALSE
"mom_iron","All","lsms_hh_se.hscloth",FALSE
"mom_iron","All","lsms_hh_se.hsfuel",FALSE
"mom_iron","All","lsms_hh_se.elec",FALSE
"mom_iron","All","lsms_hh_se.trserve",FALSE
"mom_iron","All","lsms_hh_se.comtel",FALSE
"mom_iron","All","lsms_hh_se.rcnews",FALSE
"mom_iron","All","lsms_hh_se.rcholid",FALSE
"mom_iron","All","lsms_hh_se.hotcat",FALSE
"mom_iron","All","lsms_hh_se.missprot",FALSE
"mom_iron","All","lsms_hh_se.misfinan",FALSE
"mom_iron","All","lsms_hh_se.ppp2011",FALSE
"mom_iron","All","lsms_hh_se.pindex_nfd",FALSE
"mom_iron","All","lsms_hh_se.pindex_fd",FALSE
"mom_iron","All","lsms_hh_se.pindex",FALSE
"mom_iron","All","lsms_hh_se.padq_nfd",FALSE
"mom_iron","All","lsms_hh_se.hhexp_r",FALSE
"mom_iron","All","lsms_hh_se.decile",FALSE
"mom_iron","All","lsms_hh_se.wage_hid",FALSE
"mom_iron","All","lsms_hh_se.rent_inc",FALSE
"mom_iron","All","lsms_hh_se.remit_inc",FALSE
"mom_iron","All","lsms_hh_se.wta_s_hhsize",FALSE
"mom_iron","All","lsms_hh_se.tot_hh_inc_r",FALSE
"mom_iron","All","lsms_hh_se.pcinc_grs",FALSE
"mom_iron","All","lsms_hh_se.fd_p_fruit",FALSE
"mom_iron","All","lsms_hh_se.fdhhds",FALSE
"mom_iron","All","MAP_202406_Pf_Mortality_Rate",FALSE
"mom_iron","All","MAP_202406_Pf_Parasite_Rate",FALSE
"mom_iron","All","MAP_202406_Insecticide_Treated_Net_Use_Rate",FALSE
"mom_iron","All","MAP_202202_Pf_Reproductive_Number",FALSE
"mom_iron","All","nearest_market_id",FALSE
"mom_iron","All","wfp_cassava",FALSE
"mom_iron","All","wfp_cowpeas",FALSE
"mom_iron","All","wfp_eggplants",FALSE
"mom_iron","All","wfp_maize_yellow",FALSE
"mom_iron","All","wfp_meat_chicken_local",FALSE
"mom_iron","All","wfp_onions",FALSE
"mom_iron","All","wfp_plantains_apem",FALSE
"mom_iron","All","wfp_plantains_apentu",FALSE
"mom_iron","All","wfp_rice_local",FALSE
"mom_iron","All","wfp_rice_paddy",FALSE
"mom_iron","All","flunet_inf_a_rate",FALSE
"mom_iron","All","gee_trmm_mean_10km",FALSE
"mom_iron","All","gee_ndvi_mean_10km",FALSE
"mom_iron","All","gee_temp_mean_10km",FALSE
"mom_iron","All","gee_temp_mean_25km",FALSE
"mom_iron","All","gee_temp_mean_50km",FALSE
"mom_iron","All","missing_gw_wSupplastPregFeFA",FALSE
"mom_iron","All","missing_gw_wi_wst",FALSE
"mom_iron","All","missing_gw_wi_wss",FALSE
"mom_iron","All","missing_dhs2014_CH_ARIS_C_ADV",FALSE
"mom_iron","All","missing_ihme_15_49_years_24_males_number_of_uncircumcised_men_counts",FALSE
"mom_iron","All","missing_wfp_eggs",FALSE
"mom_iron","All","missing_wfp_maize_yellow",FALSE
"mom_iron","All","missing_wfp_rice_paddy",FALSE
"mom_iron","Proxy","Admin1",TRUE
"mom_iron","Proxy","dhs2014_FE_FRTR_W_A10",FALSE
"mom_iron","Proxy","dhs2014_FE_FRTY_W_PRG",FALSE
"mom_iron","Proxy","dhs2014_FE_BINT_C_MED",FALSE
"mom_iron","Proxy","dhs2014_FP_KMET_M_MOD",FALSE
"mom_iron","Proxy","dhs2014_FP_CUSA_W_MOD",FALSE
"mom_iron","Proxy","dhs2014_FP_CUSA_W_PIL",FALSE
"mom_iron","Proxy","dhs2014_FP_CUSA_W_IMP",FALSE
"mom_iron","Proxy","dhs2014_FP_CUSA_W_FOM",FALSE
"mom_iron","Proxy","dhs2014_FP_CUSM_W_FST",FALSE
"mom_iron","Proxy","dhs2014_FP_CUSU_W_MOD",FALSE
"mom_iron","Proxy","dhs2014_FP_CUSU_W_PIL",FALSE
"mom_iron","Proxy","dhs2014_FP_CUSU_W_IMP",FALSE
"mom_iron","Proxy","dhs2014_FP_CUSU_W_WTH",FALSE
"mom_iron","Proxy","dhs2014_FP_NADM_W_UMS",FALSE
"mom_iron","Proxy","dhs2014_FP_NADM_W_TDU",FALSE
"mom_iron","Proxy","dhs2014_FP_NADU_W_UNT",FALSE
"mom_iron","Proxy","dhs2014_FP_NADU_W_TDS",FALSE
"mom_iron","Proxy","dhs2014_FP_NADU_W_TDL",FALSE
"mom_iron","Proxy","dhs2014_FP_NADU_W_UMT",FALSE
"mom_iron","Proxy","dhs2014_FP_NDYM_W_UNS",FALSE
"mom_iron","Proxy","dhs2014_FP_NDYM_W_UMT",FALSE
"mom_iron","Proxy","dhs2014_FP_NDYM_W_PDM",FALSE
"mom_iron","Proxy","dhs2014_FP_NDYM_W_TDU",FALSE
"mom_iron","Proxy","dhs2014_FP_NDYA_W_UNT",FALSE
"mom_iron","Proxy","dhs2014_FP_NDYA_W_UML",FALSE
"mom_iron","Proxy","dhs2014_FP_NDYA_W_UMT",FALSE
"mom_iron","Proxy","dhs2014_FP_NDYA_W_UNW",FALSE
"mom_iron","Proxy","dhs2014_FP_NDYA_W_PDM",FALSE
"mom_iron","Proxy","dhs2014_FP_NDYU_W_UMT",FALSE
"mom_iron","Proxy","dhs2014_FP_NDYU_W_PDS",FALSE
"mom_iron","Proxy","dhs2014_FP_NDYU_W_PDM",FALSE
"mom_iron","Proxy","dhs2014_FP_NFPP_W_HNF",FALSE
"mom_iron","Proxy","dhs2014_FP_NFPP_W_NFP",FALSE
"mom_iron","Proxy","dhs2014_MA_MSTY_W_NMA",FALSE
"mom_iron","Proxy","dhs2014_MA_MBAY_M_B18",FALSE
"mom_iron","Proxy","dhs2014_MA_MBAY_M_NMA",FALSE
"mom_iron","Proxy","dhs2014_MA_AAFM_W_M45",FALSE
"mom_iron","Proxy","dhs2014_MA_AAFM_M_M40",FALSE
"mom_iron","Proxy","dhs2014_MA_AAFM_M_M55",FALSE
"mom_iron","Proxy","dhs2014_MA_ADIF_W_O10",FALSE
"mom_iron","Proxy","dhs2014_MA_ADIF_W_O05",FALSE
"mom_iron","Proxy","dhs2014_SX_SBAY_W_B15",FALSE
"mom_iron","Proxy","dhs2014_SX_SBAY_M_UNW",FALSE
"mom_iron","Proxy","dhs2014_SX_AAFS_W_M40",FALSE
"mom_iron","Proxy","dhs2014_SX_AAFS_M_M25",FALSE
"mom_iron","Proxy","dhs2014_SX_AAFS_M_M40",FALSE
"mom_iron","Proxy","dhs2014_SX_AAFS_M_M45",FALSE
"mom_iron","Proxy","dhs2014_SX_AAFS_M_M2A",FALSE
"mom_iron","Proxy","dhs2014_SX_LSEX_W_4WK",FALSE
"mom_iron","Proxy","dhs2014_SX_LSEX_M_1YR",FALSE
"mom_iron","Proxy","dhs2014_CM_ECMR_C_NNX",FALSE
"mom_iron","Proxy","dhs2014_CM_ECMR_C_NNU",FALSE
"mom_iron","Proxy","dhs2014_CM_ECMR_C_PNE",FALSE
"mom_iron","Proxy","dhs2014_CM_ECMR_C_IME",FALSE
"mom_iron","Proxy","dhs2014_CM_ECMR_C_IMX",FALSE
"mom_iron","Proxy","dhs2014_CM_PNMR_C_SBR",FALSE
"mom_iron","Proxy","dhs2014_CM_PNMR_C_ENR",FALSE
"mom_iron","Proxy","dhs2014_RH_ANCN_W_DKM",FALSE
"mom_iron","Proxy","dhs2014_RH_ICSP_W_L60",FALSE
"mom_iron","Proxy","dhs2014_RH_ANCS_W_SGN.1",FALSE
"mom_iron","Proxy","dhs2014_RH_TTIJ_W_TT2",FALSE
"mom_iron","Proxy","dhs2014_RH_DELP_C_OTH",FALSE
"mom_iron","Proxy","dhs2014_RH_DELA_C_NRS",FALSE
"mom_iron","Proxy","dhs2014_RH_PCMT_W_23H",FALSE
"mom_iron","Proxy","dhs2014_RH_PCMP_W_NRS",FALSE
"mom_iron","Proxy","dhs2014_RH_PCCT_C_DKM",FALSE
"mom_iron","Proxy","dhs2014_RH_PCCP_C_DOC",FALSE
"mom_iron","Proxy","dhs2014_RH_MIMH_M_PDA",FALSE
"mom_iron","Proxy","dhs2014_RH_MIMH_M_UN4",FALSE
"mom_iron","Proxy","dhs2014_RH_PAHC_W_PRM",FALSE
"mom_iron","Proxy","dhs2014_RH_PAHC_W_MON",FALSE
"mom_iron","Proxy","dhs2014_RH_PAHC_W_ALN",FALSE
"mom_iron","Proxy","dhs2014_CH_SZWT_C_AVG",FALSE
"mom_iron","Proxy","dhs2014_CH_SZWT_C_UN1",FALSE
"mom_iron","Proxy","dhs2014_CH_VACC_C_DP1",FALSE
"mom_iron","Proxy","dhs2014_CH_VACC_C_DP2",FALSE
"mom_iron","Proxy","dhs2014_CH_VACC_C_OP1",FALSE
"mom_iron","Proxy","dhs2014_CH_VACC_C_OP2",FALSE
"mom_iron","Proxy","dhs2014_CH_VACC_C_BAS",FALSE
"mom_iron","Proxy","dhs2014_CH_ARIS_C_ARI",FALSE
"mom_iron","Proxy","dhs2014_CH_DIAT_C_ORT",FALSE
"mom_iron","Proxy","dhs2014_CH_DIAT_C_OZC",FALSE
"mom_iron","Proxy","dhs2014_CH_DIAT_C_AMO",FALSE
"mom_iron","Proxy","dhs2014_CH_DIAT_C_NOT",FALSE
"mom_iron","Proxy","dhs2014_CH_DIFP_C_LSM",FALSE
"mom_iron","Proxy","dhs2014_CH_DIFP_C_LNO",FALSE
"mom_iron","Proxy","dhs2014_CH_DIFP_C_FNO",FALSE
"mom_iron","Proxy","dhs2014_CH_DIFP_C_FAL.1",FALSE
"mom_iron","Proxy","dhs2014_CN_NUTS_C_WH3",FALSE
"mom_iron","Proxy","dhs2014_CN_NUTS_C_WH2",FALSE
"mom_iron","Proxy","dhs2014_CN_BRFI_C_EVR",FALSE
"mom_iron","Proxy","dhs2014_CN_BRFI_C_1HR",FALSE
"mom_iron","Proxy","dhs2014_CN_BRFI_C_1DY",FALSE
"mom_iron","Proxy","dhs2014_CN_IYCF_C_MNB",FALSE
"mom_iron","Proxy","dhs2014_CN_MIAC_C_IOD",FALSE
"mom_iron","Proxy","dhs2014_AN_NUTS_M_TH1",FALSE
"mom_iron","Proxy","dhs2014_AN_ANEM_W_ANY",FALSE
"mom_iron","Proxy","dhs2014_ML_ITNA_P_ACC",FALSE
"mom_iron","Proxy","dhs2014_ML_ITNU_N_UNW",FALSE
"mom_iron","Proxy","dhs2014_ML_NETW_W_UNW",FALSE
"mom_iron","Proxy","dhs2014_ML_IPTP_W_SPA",FALSE
"mom_iron","Proxy","dhs2014_ML_IPTP_W_3SA",FALSE
"mom_iron","Proxy","dhs2014_ML_FEVT_C_AML",FALSE
"mom_iron","Proxy","dhs2014_ML_AMLD_C_ACT",FALSE
"mom_iron","Proxy","dhs2014_ML_AMLD_C_UNW",FALSE
"mom_iron","Proxy","dhs2014_HA_CKNA_W_CKA",FALSE
"mom_iron","Proxy","dhs2014_HA_KMTC_W_PRG",FALSE
"mom_iron","Proxy","dhs2014_HA_KMTC_W_PDB",FALSE
"mom_iron","Proxy","dhs2014_HA_KMTC_M_PRG",FALSE
"mom_iron","Proxy","dhs2014_HA_AATT_W_SEC",FALSE
"mom_iron","Proxy","dhs2014_HA_AATT_M_FTC",FALSE
"mom_iron","Proxy","dhs2014_HA_ANSS_M_RSX",FALSE
"mom_iron","Proxy","dhs2014_HA_HRSX_M_CND",FALSE
"mom_iron","Proxy","dhs2014_HA_MSXP_W_UN3",FALSE
"mom_iron","Proxy","dhs2014_HA_MSXP_M_2PP",FALSE
"mom_iron","Proxy","dhs2014_HA_MSXP_M_CND",FALSE
"mom_iron","Proxy","dhs2014_HA_CPHT_M_ETN",FALSE
"mom_iron","Proxy","dhs2014_HA_CPHT_M_EVT",FALSE
"mom_iron","Proxy","dhs2014_HA_CPHT_M_T1R",FALSE
"mom_iron","Proxy","dhs2014_HA_STIS_W_STI",FALSE
"mom_iron","Proxy","dhs2014_HA_MINJ_W_NEW",FALSE
"mom_iron","Proxy","dhs2014_HA_CHVT_W_ABN",FALSE
"mom_iron","Proxy","dhs2014_HA_CHVT_M_ABN",FALSE
"mom_iron","Proxy","dhs2014_HA_HIVP_M_HIV",FALSE
"mom_iron","Proxy","dhs2014_HA_HIVP_M_HVE",FALSE
"mom_iron","Proxy","dhs2014_HA_HIVY_W_UNW",FALSE
"mom_iron","Proxy","dhs2014_HA_HPMC_M_UN1",FALSE
"mom_iron","Proxy","dhs2014_HA_HPAC_B_CNP",FALSE
"mom_iron","Proxy","dhs2014_HA_HPAC_B_CNN",FALSE
"mom_iron","Proxy","dhs2014_WE_OWNA_W_HDK",FALSE
"mom_iron","Proxy","dhs2014_WE_OWNA_M_HAJ",FALSE
"mom_iron","Proxy","dhs2014_WE_OWNA_M_LAL",FALSE
"mom_iron","Proxy","dhs2014_WE_OWNA_M_LAJ",FALSE
"mom_iron","Proxy","dhs2014_WE_ANSR_W_CSN",FALSE
"mom_iron","Proxy","dhs2014_WE_DMAK_M_NON",FALSE
"mom_iron","Proxy","dhs2014_ED_SCHA_C_SCR",FALSE
"mom_iron","Proxy","dhs2014_ED_NARP_B_BTH",FALSE
"mom_iron","Proxy","dhs2014_ED_NARP_B_GPI",FALSE
"mom_iron","Proxy","dhs2014_ED_GARP_B_GPI",FALSE
"mom_iron","Proxy","dhs2014_ED_NARS_M_MAL",FALSE
"mom_iron","Proxy","dhs2014_ED_GARS_M_MAL",FALSE
"mom_iron","Proxy","dhs2014_ED_LITR_W_RDW",FALSE
"mom_iron","Proxy","dhs2014_ED_LITR_M_NCD",FALSE
"mom_iron","Proxy","dhs2014_ED_LITY_W_UNW",FALSE
"mom_iron","Proxy","dhs2014_EM_EMPL_M_N12",FALSE
"mom_iron","Proxy","dhs2014_EM_OCCP_W_MNS",FALSE
"mom_iron","Proxy","dhs2014_EM_OCCP_W_DKM",FALSE
"mom_iron","Proxy","dhs2014_EM_OCCP_M_DKM",FALSE
"mom_iron","Proxy","dhs2014_EM_OCCP_M_UNW",FALSE
"mom_iron","Proxy","dhs2014_EM_WERN_W_HUS",FALSE
"mom_iron","Proxy","dhs2014_EM_RERN_W_NON",FALSE
"mom_iron","Proxy","dhs2014_EM_MERN_M_HUS",FALSE
"mom_iron","Proxy","dhs2014_WS_SRCE_H_RNW",FALSE
"mom_iron","Proxy","dhs2014_WS_SRCE_H_TNK",FALSE
"mom_iron","Proxy","dhs2014_WS_SRCE_P_PSG",FALSE
"mom_iron","Proxy","dhs2014_WS_WTRT_H_STN",FALSE
"mom_iron","Proxy","dhs2014_WS_WTRT_P_BLC",FALSE
"mom_iron","Proxy","dhs2014_WS_WTRT_P_CER",FALSE
"mom_iron","Proxy","dhs2014_WS_TLET_H_VIP",FALSE
"mom_iron","Proxy","dhs2014_WS_HNDW_H_OBS",FALSE
"mom_iron","Proxy","dhs2014_WS_HNDW_H_SOP",FALSE
"mom_iron","Proxy","dhs2014_WS_HNDW_P_LTD",FALSE
"mom_iron","Proxy","dhs2014_HC_FLRM_P_ETH",FALSE
"mom_iron","Proxy","dhs2014_HC_RMSL_H_2RM",FALSE
"mom_iron","Proxy","dhs2014_HC_RMSL_P_2RM",FALSE
"mom_iron","Proxy","dhs2014_HC_CKPL_H_HSE",FALSE
"mom_iron","Proxy","dhs2014_HC_CKFL_H_COL",FALSE
"mom_iron","Proxy","dhs2014_HC_SMKH_H_WLY",FALSE
"mom_iron","Proxy","dhs2014_HC_SMKH_P_LES",FALSE
"mom_iron","Proxy","dhs2014_HC_PPRM_H_34P",FALSE
"mom_iron","Proxy","dhs2014_HC_PPRM_H_56P",FALSE
"mom_iron","Proxy","dhs2014_HC_PPRM_H_DKM",FALSE
"mom_iron","Proxy","dhs2014_HC_PPRM_H_MNP",FALSE
"mom_iron","Proxy","dhs2014_HC_AGEG_P_559",FALSE
"mom_iron","Proxy","dhs2014_HC_OLDR_H_O65",FALSE
"mom_iron","Proxy","dhs2014_HC_OLDR_P_NNC",FALSE
"mom_iron","Proxy","dhs2014_HC_MEMB_H_5MM",FALSE
"mom_iron","Proxy","dhs2014_HC_LVAR_C_FMA",FALSE
"mom_iron","Proxy","dhs2014_HC_LVAR_C_NFA",FALSE
"mom_iron","Proxy","dhs2014_HC_LVAY_C_FMA",FALSE
"mom_iron","Proxy","dhs2014_HC_LVAY_C_NFA",FALSE
"mom_iron","Proxy","dhs2014_HC_LVAY_C_P1D",FALSE
"mom_iron","Proxy","dhs2014_SV_HRES_H_OTH",FALSE
"mom_iron","Proxy","dhs2014_SV_RESI_W_INC",FALSE
"mom_iron","Proxy","dhs2014_SV_RESI_M_INC",FALSE
"mom_iron","Proxy","dhs2014_SV_HRSM_H_NOR",FALSE
"mom_iron","Proxy","dhs2014_SV_HRSM_H_OTH",FALSE
"mom_iron","Proxy","dhs2016_DHSREGFR",FALSE
"mom_iron","Proxy","dhs2016_DHSREGSP",FALSE
"mom_iron","Proxy","dhs2016_FE_FRTR_W_A35",FALSE
"mom_iron","Proxy","dhs2016_FE_FRTR_W_A40",FALSE
"mom_iron","Proxy","dhs2016_RH_ANCP_W_NRS",FALSE
"mom_iron","Proxy","dhs2016_CH_FEVT_C_AT1",FALSE
"mom_iron","Proxy","dhs2016_CH_FEVT_C_ADV",FALSE
"mom_iron","Proxy","dhs2016_CN_ANMC_C_MLD",FALSE
"mom_iron","Proxy","dhs2016_CN_ANMC_C_SEV",FALSE
"mom_iron","Proxy","dhs2016_ML_NSRC_N_GHF",FALSE
"mom_iron","Proxy","dhs2016_ML_NSRC_N_PHF",FALSE
"mom_iron","Proxy","dhs2016_ML_NSRC_N_CHW",FALSE
"mom_iron","Proxy","dhs2016_ML_NETW_W_NUM",FALSE
"mom_iron","Proxy","dhs2016_ML_NETW_W_UNW",FALSE
"mom_iron","Proxy","dhs2016_ML_FEVT_C_ADV",FALSE
"mom_iron","Proxy","dhs2016_ML_FEVT_C_ADS",FALSE
"mom_iron","Proxy","dhs2016_ML_FEVT_C_ACS",FALSE
"mom_iron","Proxy","dhs2016_ML_AMLD_C_QNN",FALSE
"mom_iron","Proxy","dhs2016_ML_PMAL_C_MSY",FALSE
"mom_iron","Proxy","dhs2016_AH_HINS_W_NON",FALSE
"mom_iron","Proxy","dhs2016_ED_EDUC_W_CPR",FALSE
"mom_iron","Proxy","dhs2016_ED_LITR_W_BLD",FALSE
"mom_iron","Proxy","dhs2016_WS_SRCE_H_PNB",FALSE
"mom_iron","Proxy","dhs2016_WS_SRCE_P_TNK",FALSE
"mom_iron","Proxy","dhs2016_WS_SRCE_P_UWL",FALSE
"mom_iron","Proxy","dhs2016_WS_SRCE_P_LTD",FALSE
"mom_iron","Proxy","dhs2016_WS_TLET_H_NBK",FALSE
"mom_iron","Proxy","dhs2016_HC_FLRM_P_OTH",FALSE
"mom_iron","Proxy","dhs2016_HC_CKFL_H_AGR",FALSE
"mom_iron","Proxy","dhs2016_HC_CKFL_P_KER",FALSE
"mom_iron","Proxy","dhs2016_HC_PPRM_H_12P",FALSE
"mom_iron","Proxy","dhs2016_HC_PPRM_H_34P",FALSE
"mom_iron","Proxy","dhs2016_HC_PPRM_H_7PP",FALSE
"mom_iron","Proxy","dhs2016_HC_HEFF_H_MPH",FALSE
"mom_iron","Proxy","dhs2016_HC_HEFF_H_NPH",FALSE
"mom_iron","Proxy","dhs2016_HC_AGEG_P_304",FALSE
"mom_iron","Proxy","dhs2016_HC_AGEG_P_359",FALSE
"mom_iron","Proxy","dhs2016_HC_AGEG_P_704",FALSE
"mom_iron","Proxy","dhs2016_HC_AGEG_P_80P",FALSE
"mom_iron","Proxy","dhs2016_HC_OLDR_P_NNC",FALSE
"mom_iron","Proxy","dhs2016_HC_MEMB_H_0MM",FALSE
"mom_iron","Proxy","dhs2016_HC_MEMB_H_3MM",FALSE
"mom_iron","Proxy","dhs2016_HC_MEMB_H_4MM",FALSE
"mom_iron","Proxy","dhs2016_HC_MEMB_H_5MM",FALSE
"mom_iron","Proxy","dhs2016_SV_HRES_H_ABS",FALSE
"mom_iron","Proxy","dhs2016_SV_RESI_W_INC",FALSE
"mom_iron","Proxy","dhs2016_SV_RESI_W_ELG",FALSE
"mom_iron","Proxy","dhs2016_SV_INTV_W_MED",FALSE
"mom_iron","Proxy","dhs2017_DHSREGFR",FALSE
"mom_iron","Proxy","dhs2017_DHSREGSP",FALSE
"mom_iron","Proxy","dhs2017_FE_FRTR_W_A10",FALSE
"mom_iron","Proxy","dhs2017_FE_FRTR_W_A40",FALSE
"mom_iron","Proxy","dhs2017_FE_FRTY_W_U49",FALSE
"mom_iron","Proxy","dhs2017_FE_TNPG_W_CBR",FALSE
"mom_iron","Proxy","dhs2017_RH_ANCN_W_N4P",FALSE
"mom_iron","Proxy","dhs2017_RH_ANCT_W_NON",FALSE
"mom_iron","Proxy","dhs2017_RH_ANCT_W_TL4",FALSE
"mom_iron","Proxy","dhs2017_RH_ANCT_W_T45",FALSE
"mom_iron","Proxy","dhs2017_RH_ANCT_W_DKM",FALSE
"mom_iron","Proxy","dhs2017_CH_FEVT_C_AML",FALSE
"mom_iron","Proxy","dhs2017_ML_NSRC_N_MDC",FALSE
"mom_iron","Proxy","dhs2017_ML_NSRC_N_DKM",FALSE
"mom_iron","Proxy","dhs2017_ML_IPTP_W_SPF",FALSE
"mom_iron","Proxy","dhs2017_ML_IPTP_W_2SP",FALSE
"mom_iron","Proxy","dhs2017_ML_IPTP_W_3SA",FALSE
"mom_iron","Proxy","dhs2017_ML_FEVT_C_AMS",FALSE
"mom_iron","Proxy","dhs2017_ML_FEVT_C_NUM",FALSE
"mom_iron","Proxy","dhs2017_AH_HINS_W_EBI",FALSE
"mom_iron","Proxy","dhs2017_AH_HINS_W_MUT",FALSE
"mom_iron","Proxy","dhs2017_ED_LITR_W_RDP",FALSE
"mom_iron","Proxy","dhs2017_WS_SRCE_H_PIP",FALSE
"mom_iron","Proxy","dhs2017_WS_SRCE_H_PNB",FALSE
"mom_iron","Proxy","dhs2017_WS_SRCE_H_PWL",FALSE
"mom_iron","Proxy","dhs2017_WS_SRCE_H_PSG",FALSE
"mom_iron","Proxy","dhs2017_WS_SRCE_P_PIP",FALSE
"mom_iron","Proxy","dhs2017_WS_SRCE_P_TAP",FALSE
"mom_iron","Proxy","dhs2017_WS_SRCE_P_PSG",FALSE
"mom_iron","Proxy","dhs2017_WS_SRCE_P_UWL",FALSE
"mom_iron","Proxy","dhs2017_WS_TIME_H_L30",FALSE
"mom_iron","Proxy","dhs2017_WS_TIME_H_DKM",FALSE
"mom_iron","Proxy","dhs2017_HC_FLRM_H_NAT",FALSE
"mom_iron","Proxy","dhs2017_HC_RMSL_P_2RM",FALSE
"mom_iron","Proxy","dhs2017_HC_PPRM_H_12P",FALSE
"mom_iron","Proxy","dhs2017_HC_PPRM_H_34P",FALSE
"mom_iron","Proxy","dhs2017_HC_PPRM_H_56P",FALSE
"mom_iron","Proxy","dhs2017_HC_PPRM_H_MNP",FALSE
"mom_iron","Proxy","dhs2017_HC_WIXQ_P_2ND",FALSE
"mom_iron","Proxy","dhs2017_HC_WIXQ_P_GNI",FALSE
"mom_iron","Proxy","dhs2017_HC_AGEG_P_504",FALSE
"mom_iron","Proxy","dhs2017_HC_AGEG_P_659",FALSE
"mom_iron","Proxy","dhs2017_HC_AGEG_P_704",FALSE
"mom_iron","Proxy","dhs2017_HC_AGEG_P_759",FALSE
"mom_iron","Proxy","dhs2017_HC_AGEG_P_SNR",FALSE
"mom_iron","Proxy","dhs2017_HC_AGEG_P_DK2",FALSE
"mom_iron","Proxy","dhs2017_HC_MEMB_H_5MM",FALSE
"mom_iron","Proxy","dhs2017_SV_HRES_H_NOR",FALSE
"mom_iron","Proxy","dhs2017_SV_HRES_H_DNF",FALSE
"mom_iron","Proxy","dhs2017_SV_HRES_H_ABS",FALSE
"mom_iron","Proxy","dhs2017_SV_HRES_H_VAC",FALSE
"mom_iron","Proxy","dhs2017_SV_RESI_W_REF",FALSE
"mom_iron","Proxy","dhs2017_SV_INTV_W_MED",FALSE
"mom_iron","Proxy","dhs2017_SV_INTV_W_MNI",FALSE
"mom_iron","Proxy","mics_hh26c_se",FALSE
"mom_iron","Proxy","mics_hc1a_se",FALSE
"mom_iron","Proxy","mics_hc5_se",FALSE
"mom_iron","Proxy","mics_hc7g_se",FALSE
"mom_iron","Proxy","mics_hc7i",FALSE
"mom_iron","Proxy","mics_hc7k_se",FALSE
"mom_iron","Proxy","mics_hc7l",FALSE
"mom_iron","Proxy","mics_hc7l_se",FALSE
"mom_iron","Proxy","mics_hc9c_se",FALSE
"mom_iron","Proxy","mics_hc9f_se",FALSE
"mom_iron","Proxy","mics_hc10e_se",FALSE
"mom_iron","Proxy","mics_hc12_se",FALSE
"mom_iron","Proxy","mics_hc16",FALSE
"mom_iron","Proxy","mics_hc18d_se",FALSE
"mom_iron","Proxy","mics_hc18e_se",FALSE
"mom_iron","Proxy","mics_hc18f",FALSE
"mom_iron","Proxy","mics_eu1_se",FALSE
"mom_iron","Proxy","mics_eu9",FALSE
"mom_iron","Proxy","mics_ir1_se",FALSE
"mom_iron","Proxy","mics_ws8",FALSE
"mom_iron","Proxy","mics_ws8_se",FALSE
"mom_iron","Proxy","mics_ws8a_se",FALSE
"mom_iron","Proxy","mics_ws15",FALSE
"mom_iron","Proxy","mics_ws16",FALSE
"mom_iron","Proxy","mics_hw1",FALSE
"mom_iron","Proxy","mics_hw6_se",FALSE
"mom_iron","Proxy","mics_wq10h",FALSE
"mom_iron","Proxy","mics_wq23h_se",FALSE
"mom_iron","Proxy","mics_wq25h_se",FALSE
"mom_iron","Proxy","mics_wq25m",FALSE
"mom_iron","Proxy","mics_wq25m_se",FALSE
"mom_iron","Proxy","mics_ec_100_s_se",FALSE
"mom_iron","Proxy","mics_hhage_se",FALSE
"mom_iron","Proxy","mics_ethnicity_se",FALSE
"mom_iron","Proxy","mics_hh53_se",FALSE
"mom_iron","Proxy","mics_wscore_se",FALSE
"mom_iron","Proxy","mics_windex5_se",FALSE
"mom_iron","Proxy","mics_wat_class_se",FALSE
"mom_iron","Proxy","mics_storage_se",FALSE
"mom_iron","Proxy","mics_education_se",FALSE
"mom_iron","Proxy","mics_ec_result_h100",FALSE
"mom_iron","Proxy","mics_ec_result_s100",FALSE
"mom_iron","Proxy","mics_ec_risk_s_1_se",FALSE
"mom_iron","Proxy","mics_hw7a_a",FALSE
"mom_iron","Proxy","mics_hw9a_a",FALSE
"mom_iron","Proxy","mics_se.ws10bbc_c",FALSE
"mom_iron","Proxy","mics_se.ws10bbd_d",FALSE
"mom_iron","Proxy","mics_se.hw8a_a",FALSE
"mom_iron","Proxy","ihme_50_54_years_15_females_people_living_with_hiv_counts",FALSE
"mom_iron","Proxy","ihme_12_23_months_238_both_mcv1_coverage_percent",FALSE
"mom_iron","Proxy","ihme_15_plus_15_both_deaths_rate",FALSE
"mom_iron","Proxy","ihme_15_plus_15_both_malaria_incidence_rate",FALSE
"mom_iron","Proxy","ihme_all_ages_22_both_lf_prevalence_rate",FALSE
"mom_iron","Proxy","ihme_15_49_years_24_females_severe_anemia_percent",FALSE
"mom_iron","Proxy","ihme_15_49_years_24_females_mild_anemia_percent",FALSE
"mom_iron","Proxy","ihme_all_ages_22_both_onchocerciasis_prevalence_rate",FALSE
"mom_iron","Proxy","lsms_hh_hsutensil",FALSE
"mom_iron","Proxy","lsms_hh_hsserv",FALSE
"mom_iron","Proxy","lsms_hh_hlmedi",FALSE
"mom_iron","Proxy","lsms_hh_tothlth",FALSE
"mom_iron","Proxy","lsms_hh_vehicles",FALSE
"mom_iron","Proxy","lsms_hh_rcpetserv",FALSE
"mom_iron","Proxy","lsms_hh_rcserve_cult",FALSE
"mom_iron","Proxy","lsms_hh_rcserve",FALSE
"mom_iron","Proxy","lsms_hh_tothotl",FALSE
"mom_iron","Proxy","lsms_hh_misother",FALSE
"mom_iron","Proxy","lsms_hh_incnf_gross",FALSE
"mom_iron","Proxy","lsms_hh_se.nh",FALSE
"mom_iron","Proxy","lsms_hh_se.hscloth",FALSE
"mom_iron","Proxy","lsms_hh_se.hsfuel",FALSE
"mom_iron","Proxy","lsms_hh_se.elec",FALSE
"mom_iron","Proxy","lsms_hh_se.trserve",FALSE
"mom_iron","Proxy","lsms_hh_se.comtel",FALSE
"mom_iron","Proxy","lsms_hh_se.rcnews",FALSE
"mom_iron","Proxy","lsms_hh_se.rcholid",FALSE
"mom_iron","Proxy","lsms_hh_se.hotcat",FALSE
"mom_iron","Proxy","lsms_hh_se.missprot",FALSE
"mom_iron","Proxy","lsms_hh_se.misfinan",FALSE
"mom_iron","Proxy","lsms_hh_se.ppp2011",FALSE
"mom_iron","Proxy","lsms_hh_se.pindex_nfd",FALSE
"mom_iron","Proxy","lsms_hh_se.pindex_fd",FALSE
"mom_iron","Proxy","lsms_hh_se.pindex",FALSE
"mom_iron","Proxy","lsms_hh_se.padq_nfd",FALSE
"mom_iron","Proxy","lsms_hh_se.hhexp_r",FALSE
"mom_iron","Proxy","lsms_hh_se.decile",FALSE
"mom_iron","Proxy","lsms_hh_se.wage_hid",FALSE
"mom_iron","Proxy","lsms_hh_se.rent_inc",FALSE
"mom_iron","Proxy","lsms_hh_se.remit_inc",FALSE
"mom_iron","Proxy","lsms_hh_se.wta_s_hhsize",FALSE
"mom_iron","Proxy","lsms_hh_se.tot_hh_inc_r",FALSE
"mom_iron","Proxy","lsms_hh_se.pcinc_grs",FALSE
"mom_iron","Proxy","lsms_hh_se.fd_p_fruit",FALSE
"mom_iron","Proxy","lsms_hh_se.fdhhds",FALSE
"mom_iron","Proxy","MAP_202406_Pf_Mortality_Rate",FALSE
"mom_iron","Proxy","MAP_202406_Pf_Parasite_Rate",FALSE
"mom_iron","Proxy","MAP_202406_Insecticide_Treated_Net_Use_Rate",FALSE
"mom_iron","Proxy","MAP_202202_Pf_Reproductive_Number",FALSE
"mom_iron","Proxy","nearest_market_id",FALSE
"mom_iron","Proxy","wfp_cassava",FALSE
"mom_iron","Proxy","wfp_cowpeas",FALSE
"mom_iron","Proxy","wfp_eggplants",FALSE
"mom_iron","Proxy","wfp_maize_yellow",FALSE
"mom_iron","Proxy","wfp_meat_chicken_local",FALSE
"mom_iron","Proxy","wfp_onions",FALSE
"mom_iron","Proxy","wfp_plantains_apem",FALSE
"mom_iron","Proxy","wfp_plantains_apentu",FALSE
"mom_iron","Proxy","wfp_rice_local",FALSE
"mom_iron","Proxy","wfp_rice_paddy",FALSE
"mom_iron","Proxy","flunet_inf_a_rate",FALSE
"mom_iron","Proxy","gee_trmm_mean_10km",FALSE
"mom_iron","Proxy","gee_ndvi_mean_10km",FALSE
"mom_iron","Proxy","gee_temp_mean_10km",FALSE
"mom_iron","Proxy","gee_temp_mean_25km",FALSE
"mom_iron","Proxy","gee_temp_mean_50km",FALSE
"mom_iron","Proxy","missing_dhs2014_CH_ARIS_C_ADV",FALSE
"mom_iron","Proxy","missing_ihme_15_49_years_24_males_number_of_uncircumcised_men_counts",FALSE
"mom_iron","Proxy","missing_wfp_eggs",FALSE
"mom_iron","Proxy","missing_wfp_maize_yellow",FALSE
"mom_iron","Proxy","missing_wfp_rice_paddy",FALSE
