"country","outcome","rep","arm","n_areas","spearman","topk","secs_sl","secs_mlr3"
"Gambia","child_vitA",1,"sl_discrete",30,0.599554937447683,0.5,20.8987259864807,10.7231462001801
"Gambia","child_vitA",1,"sl_nnls",30,0.621158514317083,0.625,20.8987259864807,10.7231462001801
"Gambia","child_vitA",1,"mlr3_discrete",30,0.554120610835749,0.625,20.8987259864807,10.7231462001801
"Gambia","child_vitA",1,"mean",30,-0.151304251720263,0.125,20.8987259864807,10.7231462001801
"Gambia","child_vitA",1,"enet",30,0.449888920373076,0.625,20.8987259864807,10.7231462001801
"Gambia","child_vitA",1,"rf",30,0.616704168570815,0.625,20.8987259864807,10.7231462001801
"Gambia","child_vitA",1,"domain_index",30,0.657684149436482,0.625,20.8987259864807,10.7231462001801
"Gambia","child_vitA",1,"domain_pc_ridge",30,0.490200749376802,0.625,20.8987259864807,10.7231462001801
"Gambia","child_vitA",1,"domain_pc_enet",30,0.525612798059633,0.5,20.8987259864807,10.7231462001801
"Gambia","child_vitA",2,"sl_discrete",30,0.544321050193959,0.5,114.068081855774,104.126534700394
"Gambia","child_vitA",2,"sl_nnls",30,0.583073858186491,0.5,114.068081855774,104.126534700394
"Gambia","child_vitA",2,"mlr3_discrete",30,0.405479504275617,0.625,114.068081855774,104.126534700394
"Gambia","child_vitA",2,"mean",30,-0.201739002293684,0.375,114.068081855774,104.126534700394
"Gambia","child_vitA",2,"enet",30,0.496256829192022,0.625,114.068081855774,104.126534700394
"Gambia","child_vitA",2,"rf",30,0.544321050193959,0.5,114.068081855774,104.126534700394
"Gambia","child_vitA",2,"domain_index",30,0.59866406829843,0.625,114.068081855774,104.126534700394
"Gambia","child_vitA",2,"domain_pc_ridge",30,0.450111637660389,0.625,114.068081855774,104.126534700394
"Gambia","child_vitA",2,"domain_pc_enet",30,0.506013676776054,0.625,114.068081855774,104.126534700394
"Gambia","child_vitA",3,"sl_discrete",30,0.466592716921581,0.5,47.7886910438538,9.591233253479
"Gambia","child_vitA",3,"sl_nnls",30,0.522717473324559,0.625,47.7886910438538,9.591233253479
"Gambia","child_vitA",3,"mlr3_discrete",30,0.474610539264864,0.5,47.7886910438538,9.591233253479
"Gambia","child_vitA",3,"mean",30,-0.5234309248701,0.125,47.7886910438538,9.591233253479
"Gambia","child_vitA",3,"enet",30,0.334966800119359,0.5,47.7886910438538,9.591233253479
"Gambia","child_vitA",3,"rf",30,0.508909001511128,0.5,47.7886910438538,9.591233253479
"Gambia","child_vitA",3,"domain_index",30,0.599109502873057,0.625,47.7886910438538,9.591233253479
"Gambia","child_vitA",3,"domain_pc_ridge",30,0.399332096152933,0.5,47.7886910438538,9.591233253479
"Gambia","child_vitA",3,"domain_pc_enet",30,0.446102726488748,0.625,47.7886910438538,9.591233253479
"Gambia","child_vitA",4,"sl_discrete",30,0.555679631846943,0.5,36.7794864177704,52.0544145107269
"Gambia","child_vitA",4,"sl_nnls",30,0.576392339567089,0.5,36.7794864177704,52.0544145107269
"Gambia","child_vitA",4,"mlr3_discrete",30,0.419453846165458,0.5,36.7794864177704,52.0544145107269
"Gambia","child_vitA",4,"mean",30,-0.384394585451479,0,36.7794864177704,52.0544145107269
"Gambia","child_vitA",4,"enet",30,0.470156193518596,0.375,36.7794864177704,52.0544145107269
"Gambia","child_vitA",4,"rf",30,0.555679631846943,0.5,36.7794864177704,52.0544145107269
"Gambia","child_vitA",4,"domain_index",30,0.616704168570815,0.625,36.7794864177704,52.0544145107269
"Gambia","child_vitA",4,"domain_pc_ridge",30,0.465033695910387,0.625,36.7794864177704,52.0544145107269
"Gambia","child_vitA",4,"domain_pc_enet",30,0.521381169600678,0.375,36.7794864177704,52.0544145107269
"Gambia","child_vitA",5,"sl_discrete",30,0.506013676776054,0.375,30.8120582103729,9.26148080825806
"Gambia","child_vitA",5,"sl_nnls",30,0.537416814287244,0.625,30.8120582103729,9.26148080825806
"Gambia","child_vitA",5,"mlr3_discrete",30,0.534744206839483,0.625,30.8120582103729,9.26148080825806
"Gambia","child_vitA",5,"mean",30,-0.234453435098065,0.25,30.8120582103729,9.26148080825806
"Gambia","child_vitA",5,"enet",30,0.487750859216355,0.5,30.8120582103729,9.26148080825806
"Gambia","child_vitA",5,"rf",30,0.555011479985003,0.625,30.8120582103729,9.26148080825806
"Gambia","child_vitA",5,"domain_index",30,0.621158514317083,0.625,30.8120582103729,9.26148080825806
"Gambia","child_vitA",5,"domain_pc_ridge",30,0.456793156279791,0.5,30.8120582103729,9.26148080825806
"Gambia","child_vitA",5,"domain_pc_enet",30,0.50445465576486,0.5,30.8120582103729,9.26148080825806
"Gambia","women_vitA",1,"sl_discrete",30,0.282344886335739,0.25,24.5739600658417,27.4610240459442
"Gambia","women_vitA",1,"sl_nnls",30,0.370767412702903,0.25,24.5739600658417,27.4610240459442
"Gambia","women_vitA",1,"mlr3_discrete",30,0.299664548114941,0.375,24.5739600658417,27.4610240459442
"Gambia","women_vitA",1,"mean",30,-0.0517036490659284,0.375,24.5739600658417,27.4610240459442
"Gambia","women_vitA",1,"enet",30,0.428963816722092,0.375,24.5739600658417,27.4610240459442
"Gambia","women_vitA",1,"rf",30,0.321253536702705,0.375,24.5739600658417,27.4610240459442
"Gambia","women_vitA",1,"domain_index",30,0.460643310845442,0.375,24.5739600658417,27.4610240459442
"Gambia","women_vitA",1,"domain_pc_ridge",30,0.334394660190909,0.375,24.5739600658417,27.4610240459442
"Gambia","women_vitA",1,"domain_pc_enet",30,0.399630951793065,0.375,24.5739600658417,27.4610240459442
"Gambia","women_vitA",2,"sl_discrete",30,0.407140165214896,0.375,21.6308012008667,22.2452847957611
"Gambia","women_vitA",2,"sl_nnls",30,0.377103311527572,0.375,21.6308012008667,22.2452847957611
"Gambia","women_vitA",2,"mlr3_discrete",30,0.333937318632382,0.625,21.6308012008667,22.2452847957611
"Gambia","women_vitA",2,"mean",30,-0.49549330354848,0.125,21.6308012008667,22.2452847957611
"Gambia","women_vitA",2,"enet",30,0.255017387950302,0.25,21.6308012008667,22.2452847957611
"Gambia","women_vitA",2,"rf",30,0.353402356664919,0.375,21.6308012008667,22.2452847957611
"Gambia","women_vitA",2,"domain_index",30,0.453603423262475,0.375,21.6308012008667,22.2452847957611
"Gambia","women_vitA",2,"domain_pc_ridge",30,0.307877750295068,0.375,21.6308012008667,22.2452847957611
"Gambia","women_vitA",2,"domain_pc_enet",30,0.166085227256317,0.25,21.6308012008667,22.2452847957611
"Gambia","women_vitA",3,"sl_discrete",30,0.525644939528166,0.375,32.1269235610962,39.3078339099884
"Gambia","women_vitA",3,"sl_nnls",30,0.487864209499579,0.375,32.1269235610962,39.3078339099884
"Gambia","women_vitA",3,"mlr3_discrete",30,0.175997189574163,0.25,32.1269235610962,39.3078339099884
"Gambia","women_vitA",3,"mean",30,-0.300168407077195,0.25,32.1269235610962,39.3078339099884
"Gambia","women_vitA",3,"enet",30,0.526348928286462,0.5,32.1269235610962,39.3078339099884
"Gambia","women_vitA",3,"rf",30,0.448206176115534,0.375,32.1269235610962,39.3078339099884
"Gambia","women_vitA",3,"domain_index",30,0.440462299774271,0.375,32.1269235610962,39.3078339099884
"Gambia","women_vitA",3,"domain_pc_ridge",30,0.339322581498985,0.375,32.1269235610962,39.3078339099884
"Gambia","women_vitA",3,"domain_pc_enet",30,0.587830613177703,0.5,32.1269235610962,39.3078339099884
"Gambia","women_vitA",4,"sl_discrete",30,0.455480726617933,0.375,22.1814393997192,39.0707681179047
"Gambia","women_vitA",4,"sl_nnls",30,0.464163254636925,0.375,22.1814393997192,39.0707681179047
"Gambia","women_vitA",4,"mlr3_discrete",30,0.417230670750481,0.375,22.1814393997192,39.0707681179047
"Gambia","women_vitA",4,"mean",30,-0.236975058218838,0,22.1814393997192,39.0707681179047
"Gambia","women_vitA",4,"enet",30,0.358564940892427,0.25,22.1814393997192,39.0707681179047
"Gambia","women_vitA",4,"rf",30,0.359268929650724,0.375,22.1814393997192,39.0707681179047
"Gambia","women_vitA",4,"domain_index",30,0.481997636513773,0.375,22.1814393997192,39.0707681179047
"Gambia","women_vitA",4,"domain_pc_ridge",30,0.309285727811662,0.375,22.1814393997192,39.0707681179047
"Gambia","women_vitA",4,"domain_pc_enet",30,0.412857249314462,0.625,22.1814393997192,39.0707681179047
"Gambia","women_vitA",5,"sl_discrete",30,0.317264267072357,0.25,89.2125248908997,135.33335018158
"Gambia","women_vitA",5,"sl_nnls",30,0.436238367224491,0.5,89.2125248908997,135.33335018158
"Gambia","women_vitA",5,"mlr3_discrete",30,0.348005109517978,0.375,89.2125248908997,135.33335018158
"Gambia","women_vitA",5,"mean",30,-0.170909284412374,0.25,89.2125248908997,135.33335018158
"Gambia","women_vitA",5,"enet",30,0.307173761536772,0.375,89.2125248908997,135.33335018158
"Gambia","women_vitA",5,"rf",30,0.321253536702705,0.25,89.2125248908997,135.33335018158
"Gambia","women_vitA",5,"domain_index",30,0.436473030143923,0.5,89.2125248908997,135.33335018158
"Gambia","women_vitA",5,"domain_pc_ridge",30,0.359738255489588,0.5,89.2125248908997,135.33335018158
"Gambia","women_vitA",5,"domain_pc_enet",30,0.358095615053563,0.375,89.2125248908997,135.33335018158
"Gambia","child_iron",1,"sl_discrete",30,-0.0949303247687259,0.125,46.5213878154755,19.2642278671265
"Gambia","child_iron",1,"sl_nnls",30,0.138168873922065,0.375,46.5213878154755,19.2642278671265
"Gambia","child_iron",1,"mlr3_discrete",30,0.00930625450120114,0.25,46.5213878154755,19.2642278671265
"Gambia","child_iron",1,"mean",30,-0.270985416544553,0.125,46.5213878154755,19.2642278671265
"Gambia","child_iron",1,"enet",30,0.0736455672595869,0.375,46.5213878154755,19.2642278671265
"Gambia","child_iron",1,"rf",30,0.256980755845386,0.125,46.5213878154755,19.2642278671265
"Gambia","child_iron",1,"domain_index",30,0.327956393174112,0.25,46.5213878154755,19.2642278671265
"Gambia","child_iron",1,"domain_pc_ridge",30,0.202914674745448,0.25,46.5213878154755,19.2642278671265
"Gambia","child_iron",1,"domain_pc_enet",30,-0.163615206807275,0.125,46.5213878154755,19.2642278671265
"Gambia","child_iron",2,"sl_discrete",30,0.289242409176625,0.375,35.0820322036743,25.6936070919037
"Gambia","child_iron",2,"sl_nnls",30,0.375347649446898,0.375,35.0820322036743,25.6936070919037
"Gambia","child_iron",2,"mlr3_discrete",30,0.296629344218513,0.375,35.0820322036743,25.6936070919037
"Gambia","child_iron",2,"mean",30,-0.148429198006816,0.25,35.0820322036743,25.6936070919037
"Gambia","child_iron",2,"enet",30,0.201802203940923,0.375,35.0820322036743,25.6936070919037
"Gambia","child_iron",2,"rf",30,0.217154301043374,0.375,35.0820322036743,25.6936070919037
"Gambia","child_iron",2,"domain_index",30,0.416954057536151,0.375,35.0820322036743,25.6936070919037
"Gambia","child_iron",2,"domain_pc_ridge",30,0.243853600351986,0.5,35.0820322036743,25.6936070919037
"Gambia","child_iron",2,"domain_pc_enet",30,-0.0627433533752372,0.375,35.0820322036743,25.6936070919037
"Gambia","child_iron",3,"sl_discrete",30,-0.0663032599497188,0,27.7269382476807,9.04390978813171
"Gambia","child_iron",3,"sl_nnls",30,0.246968518604657,0.25,27.7269382476807,9.04390978813171
"Gambia","child_iron",3,"mlr3_discrete",30,0.119034376084227,0.25,27.7269382476807,9.04390978813171
"Gambia","child_iron",3,"mean",30,-0.610057621165627,0,27.7269382476807,9.04390978813171
"Gambia","child_iron",3,"enet",30,-0.00312711658061685,0.25,27.7269382476807,9.04390978813171
"Gambia","child_iron",3,"rf",30,0.0427188788937785,0,27.7269382476807,9.04390978813171
"Gambia","child_iron",3,"domain_index",30,0.347090891011951,0.25,27.7269382476807,9.04390978813171
"Gambia","child_iron",3,"domain_pc_ridge",30,-0.0498386920427416,0.125,27.7269382476807,9.04390978813171
"Gambia","child_iron",3,"domain_pc_enet",30,-0.149961064450035,0.125,27.7269382476807,9.04390978813171
"Gambia","child_iron",4,"sl_discrete",30,0.212420562011902,0.375,50.4788899421692,22.5152969360352
"Gambia","child_iron",4,"sl_nnls",30,0.31171431942804,0.25,50.4788899421692,22.5152969360352
"Gambia","child_iron",4,"mlr3_discrete",30,-0.183826193745618,0.25,50.4788899421692,22.5152969360352
"Gambia","child_iron",4,"mean",30,-0.147067462245285,0.125,50.4788899421692,22.5152969360352
"Gambia","child_iron",4,"enet",30,-0.113916389722471,0.125,50.4788899421692,22.5152969360352
"Gambia","child_iron",4,"rf",30,0.244076094512891,0.125,50.4788899421692,22.5152969360352
"Gambia","child_iron",4,"domain_index",30,0.341973525311133,0.375,50.4788899421692,22.5152969360352
"Gambia","child_iron",4,"domain_pc_ridge",30,0.199799756492777,0.125,50.4788899421692,22.5152969360352
"Gambia","child_iron",4,"domain_pc_enet",30,0.12748915419862,0.5,50.4788899421692,22.5152969360352
"Gambia","child_iron",5,"sl_discrete",30,0.174212927988691,0.125,18.9402709007263,26.7804889678955
"Gambia","child_iron",5,"sl_nnls",30,0.31082434278442,0.375,18.9402709007263,26.7804889678955
"Gambia","child_iron",5,"mlr3_discrete",30,0.200917240304633,0.25,18.9402709007263,26.7804889678955
"Gambia","child_iron",5,"mean",30,-0.200175156944971,0.125,18.9402709007263,26.7804889678955
"Gambia","child_iron",5,"enet",30,0.0725937777643198,0.25,18.9402709007263,26.7804889678955
"Gambia","child_iron",5,"rf",30,0.202247192262733,0.125,18.9402709007263,26.7804889678955
"Gambia","child_iron",5,"domain_index",30,0.310156860301705,0.25,18.9402709007263,26.7804889678955
"Gambia","child_iron",5,"domain_pc_ridge",30,0.26588052228159,0.375,18.9402709007263,26.7804889678955
"Gambia","child_iron",5,"domain_pc_enet",30,-0.00335048205066091,0.25,18.9402709007263,26.7804889678955
"Gambia","women_iron",1,"sl_discrete",30,0.688987764182425,0.625,39.4274697303772,32.8660600185394
"Gambia","women_iron",1,"sl_nnls",30,0.718798665183537,0.5,39.4274697303772,32.8660600185394
"Gambia","women_iron",1,"mlr3_discrete",30,0.57686318131257,0.375,39.4274697303772,32.8660600185394
"Gambia","women_iron",1,"mean",30,-0.245085170549213,0.25,39.4274697303772,32.8660600185394
"Gambia","women_iron",1,"enet",30,0.536818687430478,0.25,39.4274697303772,32.8660600185394
"Gambia","women_iron",1,"rf",30,0.611123470522803,0.375,39.4274697303772,32.8660600185394
"Gambia","women_iron",1,"domain_index",30,0.720133481646274,0.5,39.4274697303772,32.8660600185394
"Gambia","women_iron",1,"domain_pc_ridge",30,0.627586206896552,0.375,39.4274697303772,32.8660600185394
"Gambia","women_iron",1,"domain_pc_enet",30,0.676974416017798,0.5,39.4274697303772,32.8660600185394
"Gambia","women_iron",2,"sl_discrete",30,0.699666295884316,0.5,18.560653924942,24.4377453327179
"Gambia","women_iron",2,"sl_nnls",30,0.780645161290323,0.625,18.560653924942,24.4377453327179
"Gambia","women_iron",2,"mlr3_discrete",30,0.680978865406007,0.5,18.560653924942,24.4377453327179
"Gambia","women_iron",2,"mean",30,0.0299548541782371,0.375,18.560653924942,24.4377453327179
"Gambia","women_iron",2,"enet",30,0.732146829810901,0.625,18.560653924942,24.4377453327179
"Gambia","women_iron",2,"rf",30,0.70678531701891,0.5,18.560653924942,24.4377453327179
"Gambia","women_iron",2,"domain_index",30,0.778420467185762,0.5,18.560653924942,24.4377453327179
"Gambia","women_iron",2,"domain_pc_ridge",30,0.758843159065628,0.625,18.560653924942,24.4377453327179
"Gambia","women_iron",2,"domain_pc_enet",30,0.683648498331479,0.375,18.560653924942,24.4377453327179
"Gambia","women_iron",3,"sl_discrete",30,0.637819799777531,0.5,16.8500230312347,8.38138484954834
"Gambia","women_iron",3,"sl_nnls",30,0.687208008898776,0.375,16.8500230312347,8.38138484954834
"Gambia","women_iron",3,"mlr3_discrete",30,0.433147942157953,0.25,16.8500230312347,8.38138484954834
"Gambia","women_iron",3,"mean",30,-0.299548541782371,0.25,16.8500230312347,8.38138484954834
"Gambia","women_iron",3,"enet",30,0.695216907675195,0.5,16.8500230312347,8.38138484954834
"Gambia","women_iron",3,"rf",30,0.634705228031146,0.25,16.8500230312347,8.38138484954834
"Gambia","women_iron",3,"domain_index",30,0.709899888765295,0.375,16.8500230312347,8.38138484954834
"Gambia","women_iron",3,"domain_pc_ridge",30,0.595550611790879,0.25,16.8500230312347,8.38138484954834
"Gambia","women_iron",3,"domain_pc_enet",30,0.495884315906563,0.375,16.8500230312347,8.38138484954834
"Gambia","women_iron",4,"sl_discrete",30,0.635150166852058,0.25,14.1008629798889,6.83815002441406
"Gambia","women_iron",4,"sl_nnls",30,0.742825361512792,0.625,14.1008629798889,6.83815002441406
"Gambia","women_iron",4,"mlr3_discrete",30,0.598220244716351,0.5,14.1008629798889,6.83815002441406
"Gambia","women_iron",4,"mean",30,-0.177005956507765,0,14.1008629798889,6.83815002441406
"Gambia","women_iron",4,"enet",30,0.675639599555061,0.375,14.1008629798889,6.83815002441406
"Gambia","women_iron",4,"rf",30,0.69210233592881,0.5,14.1008629798889,6.83815002441406
"Gambia","women_iron",4,"domain_index",30,0.782869855394883,0.5,14.1008629798889,6.83815002441406
"Gambia","women_iron",4,"domain_pc_ridge",30,0.717908787541713,0.625,14.1008629798889,6.83815002441406
"Gambia","women_iron",4,"domain_pc_enet",30,0.693882091212458,0.625,14.1008629798889,6.83815002441406
"Gambia","women_iron",5,"sl_discrete",30,0.697886540600667,0.5,15.792955160141,7.85532450675964
"Gambia","women_iron",5,"sl_nnls",30,0.74860956618465,0.5,15.792955160141,7.85532450675964
"Gambia","women_iron",5,"mlr3_discrete",30,0.679199110122358,0.5,15.792955160141,7.85532450675964
"Gambia","women_iron",5,"mean",30,0.035401191301553,0.25,15.792955160141,7.85532450675964
"Gambia","women_iron",5,"enet",30,0.672969966629588,0.375,15.792955160141,7.85532450675964
"Gambia","women_iron",5,"rf",30,0.660066740823137,0.5,15.792955160141,7.85532450675964
"Gambia","women_iron",5,"domain_index",30,0.75706340378198,0.5,15.792955160141,7.85532450675964
"Gambia","women_iron",5,"domain_pc_ridge",30,0.705450500556174,0.5,15.792955160141,7.85532450675964
"Gambia","women_iron",5,"domain_pc_enet",30,0.72769744160178,0.625,15.792955160141,7.85532450675964
"Ghana","child_vitA",1,"sl_discrete",75,0.169820798817255,0.421052631578947,27.0947632789612,10.1967720985413
"Ghana","child_vitA",1,"sl_nnls",75,0.209565923420012,0.421052631578947,27.0947632789612,10.1967720985413
"Ghana","child_vitA",1,"mlr3_discrete",75,-0.0831741471642756,0.210526315789474,27.0947632789612,10.1967720985413
"Ghana","child_vitA",1,"mean",75,-0.188720287569617,0.157894736842105,27.0947632789612,10.1967720985413
"Ghana","child_vitA",1,"enet",75,0.186747995297424,0.421052631578947,27.0947632789612,10.1967720985413
"Ghana","child_vitA",1,"rf",75,0.18259337355644,0.473684210526316,27.0947632789612,10.1967720985413
"Ghana","child_vitA",1,"domain_index",75,0.262949994109995,0.473684210526316,27.0947632789612,10.1967720985413
"Ghana","child_vitA",1,"domain_pc_ridge",75,0.183542807311637,0.315789473684211,27.0947632789612,10.1967720985413
"Ghana","child_vitA",1,"domain_pc_enet",75,0.056269929596192,0.263157894736842,27.0947632789612,10.1967720985413
"Ghana","child_vitA",2,"sl_discrete",75,0.0708100401330523,0.368421052631579,25.3731896877289,9.64213609695435
"Ghana","child_vitA",2,"sl_nnls",75,0.200503146665852,0.421052631578947,25.3731896877289,9.64213609695435
"Ghana","child_vitA",2,"mlr3_discrete",75,-0.00350905423658205,0.315789473684211,25.3731896877289,9.64213609695435
"Ghana","child_vitA",2,"mean",75,-0.0400782874418557,0.315789473684211,25.3731896877289,9.64213609695435
"Ghana","child_vitA",2,"enet",75,0.142417653931335,0.315789473684211,25.3731896877289,9.64213609695435
"Ghana","child_vitA",2,"rf",75,0.234884156891952,0.473684210526316,25.3731896877289,9.64213609695435
"Ghana","child_vitA",2,"domain_index",75,0.270056361914051,0.473684210526316,25.3731896877289,9.64213609695435
"Ghana","child_vitA",2,"domain_pc_ridge",75,0.185412904102179,0.421052631578947,25.3731896877289,9.64213609695435
"Ghana","child_vitA",2,"domain_pc_enet",75,-0.00290026787356348,0.263157894736842,25.3731896877289,9.64213609695435
"Ghana","child_vitA",3,"sl_discrete",75,0.0999050989480784,0.368421052631579,23.769359588623,9.08425188064575
"Ghana","child_vitA",3,"sl_nnls",75,0.19869059131502,0.473684210526316,23.769359588623,9.08425188064575
"Ghana","child_vitA",3,"mlr3_discrete",75,-0.151801225172556,0.263157894736842,23.769359588623,9.08425188064575
"Ghana","child_vitA",3,"mean",75,-0.132346432706348,0.315789473684211,23.769359588623,9.08425188064575
"Ghana","child_vitA",3,"enet",75,0.0374662175323573,0.315789473684211,23.769359588623,9.08425188064575
"Ghana","child_vitA",3,"rf",75,0.14127861984541,0.526315789473684,23.769359588623,9.08425188064575
"Ghana","child_vitA",3,"domain_index",75,0.265165339538789,0.368421052631579,23.769359588623,9.08425188064575
"Ghana","child_vitA",3,"domain_pc_ridge",75,0.230108217396109,0.421052631578947,23.769359588623,9.08425188064575
"Ghana","child_vitA",3,"domain_pc_enet",75,0.163518386292921,0.368421052631579,23.769359588623,9.08425188064575
"Ghana","child_vitA",4,"sl_discrete",75,0.213106471045127,0.315789473684211,26.6946630477905,10.0083391666412
"Ghana","child_vitA",4,"sl_nnls",75,0.221491386799693,0.368421052631579,26.6946630477905,10.0083391666412
"Ghana","child_vitA",4,"mlr3_discrete",75,-0.161193991249661,0.157894736842105,26.6946630477905,10.0083391666412
"Ghana","child_vitA",4,"mean",75,-0.169121564589808,0.210526315789474,26.6946630477905,10.0083391666412
"Ghana","child_vitA",4,"enet",75,-0.0675003870848255,0.210526315789474,26.6946630477905,10.0083391666412
"Ghana","child_vitA",4,"rf",75,0.261439531317635,0.473684210526316,26.6946630477905,10.0083391666412
"Ghana","child_vitA",4,"domain_index",75,0.255872397025793,0.368421052631579,26.6946630477905,10.0083391666412
"Ghana","child_vitA",4,"domain_pc_ridge",75,0.21353628275993,0.368421052631579,26.6946630477905,10.0083391666412
"Ghana","child_vitA",4,"domain_pc_enet",75,0.189997670389606,0.315789473684211,26.6946630477905,10.0083391666412
"Ghana","child_vitA",5,"sl_discrete",75,0.0908363898000082,0.315789473684211,24.1873700618744,8.66816902160645
"Ghana","child_vitA",5,"sl_nnls",75,0.139782542412978,0.368421052631579,24.1873700618744,8.66816902160645
"Ghana","child_vitA",5,"mlr3_discrete",75,-0.0210994487801743,0.263157894736842,24.1873700618744,8.66816902160645
"Ghana","child_vitA",5,"mean",75,-0.0922681452644919,0.105263157894737,24.1873700618744,8.66816902160645
"Ghana","child_vitA",5,"enet",75,-0.11374850600116,0.263157894736842,24.1873700618744,8.66816902160645
"Ghana","child_vitA",5,"rf",75,0.0567214741931019,0.421052631578947,24.1873700618744,8.66816902160645
"Ghana","child_vitA",5,"domain_index",75,0.249859316576207,0.421052631578947,24.1873700618744,8.66816902160645
"Ghana","child_vitA",5,"domain_pc_ridge",75,0.213550668119857,0.421052631578947,24.1873700618744,8.66816902160645
"Ghana","child_vitA",5,"domain_pc_enet",75,0.144317329388519,0.315789473684211,24.1873700618744,8.66816902160645
"Ghana","women_vitA",1,"sl_discrete",75,-0.0610444603113418,0.263157894736842,22.6057960987091,8.39673018455505
"Ghana","women_vitA",1,"sl_nnls",75,-0.0412052805690794,0.157894736842105,22.6057960987091,8.39673018455505
"Ghana","women_vitA",1,"mlr3_discrete",75,-0.0928008811308884,0.315789473684211,22.6057960987091,8.39673018455505
"Ghana","women_vitA",1,"mean",75,-0.0696006608481663,0.263157894736842,22.6057960987091,8.39673018455505
"Ghana","women_vitA",1,"enet",75,-0.150964349003511,0.210526315789474,22.6057960987091,8.39673018455505
"Ghana","women_vitA",1,"rf",75,-0.0197915189447947,0.157894736842105,22.6057960987091,8.39673018455505
"Ghana","women_vitA",1,"domain_index",75,0.162433096925297,0.315789473684211,22.6057960987091,8.39673018455505
"Ghana","women_vitA",1,"domain_pc_ridge",75,-0.0610444603113418,0.263157894736842,22.6057960987091,8.39673018455505
"Ghana","women_vitA",1,"domain_pc_enet",75,0.0207941193321462,0.315789473684211,22.6057960987091,8.39673018455505
"Ghana","women_vitA",2,"sl_discrete",75,-0.136860641617459,0.157894736842105,22.4167938232422,8.39064979553223
"Ghana","women_vitA",2,"sl_nnls",75,0.0505931846899595,0.157894736842105,22.4167938232422,8.39064979553223
"Ghana","women_vitA",2,"mlr3_discrete",75,-0.2258609680465,0.105263157894737,22.4167938232422,8.39064979553223
"Ghana","women_vitA",2,"mean",75,-0.216307936165379,0.105263157894737,22.4167938232422,8.39064979553223
"Ghana","women_vitA",2,"enet",75,-0.0957852100820242,0.210526315789474,22.4167938232422,8.39064979553223
"Ghana","women_vitA",2,"rf",75,-0.0405636987382054,0.210526315789474,22.4167938232422,8.39064979553223
"Ghana","women_vitA",2,"domain_index",75,0.138005726696136,0.263157894736842,22.4167938232422,8.39064979553223
"Ghana","women_vitA",2,"domain_pc_ridge",75,-0.127887089758144,0.157894736842105,22.4167938232422,8.39064979553223
"Ghana","women_vitA",2,"domain_pc_enet",75,-0.136860641617459,0.157894736842105,22.4167938232422,8.39064979553223
"Ghana","women_vitA",3,"sl_discrete",75,-0.175102402415608,0.157894736842105,21.6865108013153,8.29602289199829
"Ghana","women_vitA",3,"sl_nnls",75,-0.0540629552066465,0.157894736842105,21.6865108013153,8.29602289199829
"Ghana","women_vitA",3,"mlr3_discrete",75,-0.176731089800736,0.157894736842105,21.6865108013153,8.29602289199829
"Ghana","women_vitA",3,"mean",75,-0.176731089800736,0.210526315789474,21.6865108013153,8.29602289199829
"Ghana","women_vitA",3,"enet",75,-0.178720698835113,0.263157894736842,21.6865108013153,8.29602289199829
"Ghana","women_vitA",3,"rf",75,-0.131476352066731,0.157894736842105,21.6865108013153,8.29602289199829
"Ghana","women_vitA",3,"domain_index",75,0.0797901326828437,0.263157894736842,21.6865108013153,8.29602289199829
"Ghana","women_vitA",3,"domain_pc_ridge",75,-0.145316107567637,0.105263157894737,21.6865108013153,8.29602289199829
"Ghana","women_vitA",3,"domain_pc_enet",75,-0.226852584216871,0.105263157894737,21.6865108013153,8.29602289199829
"Ghana","women_vitA",4,"sl_discrete",75,-0.180142886901136,0.210526315789474,21.6490550041199,8.09306335449219
"Ghana","women_vitA",4,"sl_nnls",75,0.00931627806185158,0.263157894736842,21.6490550041199,8.09306335449219
"Ghana","women_vitA",4,"mlr3_discrete",75,-0.180142886901136,0.210526315789474,21.6490550041199,8.09306335449219
"Ghana","women_vitA",4,"mean",75,-0.180142886901136,0.210526315789474,21.6490550041199,8.09306335449219
"Ghana","women_vitA",4,"enet",75,-0.213542816447584,0.157894736842105,21.6490550041199,8.09306335449219
"Ghana","women_vitA",4,"rf",75,-0.0836236250910697,0.210526315789474,21.6490550041199,8.09306335449219
"Ghana","women_vitA",4,"domain_index",75,0.0861644281988474,0.263157894736842,21.6490550041199,8.09306335449219
"Ghana","women_vitA",4,"domain_pc_ridge",75,-0.0692703163067816,0.157894736842105,21.6490550041199,8.09306335449219
"Ghana","women_vitA",4,"domain_pc_enet",75,-0.106765263502871,0.263157894736842,21.6490550041199,8.09306335449219
"Ghana","women_vitA",5,"sl_discrete",75,-0.0990778627002259,0.157894736842105,22.0233438014984,7.95869112014771
"Ghana","women_vitA",5,"sl_nnls",75,-0.0416995641964075,0.157894736842105,22.0233438014984,7.95869112014771
"Ghana","women_vitA",5,"mlr3_discrete",75,-0.0757418956288868,0.210526315789474,22.0233438014984,7.95869112014771
"Ghana","women_vitA",5,"mean",75,-0.0723300985284865,0.263157894736842,22.0233438014984,7.95869112014771
"Ghana","women_vitA",5,"enet",75,-0.0303983748842486,0.263157894736842,22.0233438014984,7.95869112014771
"Ghana","women_vitA",5,"rf",75,0.0285728910892194,0.157894736842105,22.0233438014984,7.95869112014771
"Ghana","women_vitA",5,"domain_index",75,0.158510453530834,0.263157894736842,22.0233438014984,7.95869112014771
"Ghana","women_vitA",5,"domain_pc_ridge",75,-0.116763452097799,0.105263157894737,22.0233438014984,7.95869112014771
"Ghana","women_vitA",5,"domain_pc_enet",75,-0.149678069329993,0.105263157894737,22.0233438014984,7.95869112014771
"Ghana","child_iron",1,"sl_discrete",75,0.546623902353371,0.578947368421053,20.3845250606537,8.41060400009155
"Ghana","child_iron",1,"sl_nnls",75,0.52450765774725,0.578947368421053,20.3845250606537,8.41060400009155
"Ghana","child_iron",1,"mlr3_discrete",75,0.551364117465852,0.578947368421053,20.3845250606537,8.41060400009155
"Ghana","child_iron",1,"mean",75,-0.157146926834408,0.105263157894737,20.3845250606537,8.41060400009155
"Ghana","child_iron",1,"enet",75,0.516726280529473,0.578947368421053,20.3845250606537,8.41060400009155
"Ghana","child_iron",1,"rf",75,0.557803385585517,0.578947368421053,20.3845250606537,8.41060400009155
"Ghana","child_iron",1,"domain_index",75,0.519010721547536,0.526315789473684,20.3845250606537,8.41060400009155
"Ghana","child_iron",1,"domain_pc_ridge",75,0.514670283613216,0.526315789473684,20.3845250606537,8.41060400009155
"Ghana","child_iron",1,"domain_pc_enet",75,0.524036491787274,0.526315789473684,20.3845250606537,8.41060400009155
"Ghana","child_iron",2,"sl_discrete",75,0.430831298250306,0.578947368421053,24.4003069400787,10.9666376113892
"Ghana","child_iron",2,"sl_nnls",75,0.433115739268369,0.526315789473684,24.4003069400787,10.9666376113892
"Ghana","child_iron",2,"mlr3_discrete",75,0.445780109162256,0.578947368421053,24.4003069400787,10.9666376113892
"Ghana","child_iron",2,"mean",75,-0.256811737177232,0.157894736842105,24.4003069400787,10.9666376113892
"Ghana","child_iron",2,"enet",75,0.436942177973625,0.526315789473684,24.4003069400787,10.9666376113892
"Ghana","child_iron",2,"rf",75,0.458501590081594,0.578947368421053,24.4003069400787,10.9666376113892
"Ghana","child_iron",2,"domain_index",75,0.454232540929089,0.526315789473684,24.4003069400787,10.9666376113892
"Ghana","child_iron",2,"domain_pc_ridge",75,0.412084604145827,0.526315789473684,24.4003069400787,10.9666376113892
"Ghana","child_iron",2,"domain_pc_enet",75,0.41525426605839,0.473684210526316,24.4003069400787,10.9666376113892
"Ghana","child_iron",3,"sl_discrete",75,0.53413086553584,0.578947368421053,25.1430330276489,10.0637769699097
"Ghana","child_iron",3,"sl_nnls",75,0.504790076210094,0.526315789473684,25.1430330276489,10.0637769699097
"Ghana","child_iron",3,"mlr3_discrete",75,0.513642285155088,0.578947368421053,25.1430330276489,10.0637769699097
"Ghana","child_iron",3,"mean",75,-0.163485259071123,0.0526315789473684,25.1430330276489,10.0637769699097
"Ghana","child_iron",3,"enet",75,0.502577023973845,0.473684210526316,25.1430330276489,10.0637769699097
"Ghana","child_iron",3,"rf",75,0.53413086553584,0.578947368421053,25.1430330276489,10.0637769699097
"Ghana","child_iron",3,"domain_index",75,0.514241950922329,0.473684210526316,25.1430330276489,10.0637769699097
"Ghana","child_iron",3,"domain_pc_ridge",75,0.493196538043425,0.473684210526316,25.1430330276489,10.0637769699097
"Ghana","child_iron",3,"domain_pc_enet",75,0.468267575433813,0.473684210526316,25.1430330276489,10.0637769699097
"Ghana","child_iron",4,"sl_discrete",75,0.496494699763253,0.473684210526316,22.8597881793976,9.27752089500427
"Ghana","child_iron",4,"sl_nnls",75,0.469052852033772,0.421052631578947,22.8597881793976,9.27752089500427
"Ghana","child_iron",4,"mlr3_discrete",75,0.508645070428075,0.526315789473684,22.8597881793976,9.27752089500427
"Ghana","child_iron",4,"mean",75,-0.0957306730924489,0.210526315789474,22.8597881793976,9.27752089500427
"Ghana","child_iron",4,"enet",75,0.43687078919181,0.421052631578947,22.8597881793976,9.27752089500427
"Ghana","child_iron",4,"rf",75,0.53141809182689,0.526315789473684,22.8597881793976,9.27752089500427
"Ghana","child_iron",4,"domain_index",75,0.494724257974254,0.473684210526316,22.8597881793976,9.27752089500427
"Ghana","child_iron",4,"domain_pc_ridge",75,0.468053409088369,0.526315789473684,22.8597881793976,9.27752089500427
"Ghana","child_iron",4,"domain_pc_enet",75,0.441268338151581,0.526315789473684,22.8597881793976,9.27752089500427
"Ghana","child_iron",5,"sl_discrete",75,0.580576406984332,0.578947368421053,27.0135207176208,10.6064877510071
"Ghana","child_iron",5,"sl_nnls",75,0.51128645535521,0.526315789473684,27.0135207176208,10.6064877510071
"Ghana","child_iron",5,"mlr3_discrete",75,0.560716047883547,0.578947368421053,27.0135207176208,10.6064877510071
"Ghana","child_iron",5,"mean",75,-0.105128889857233,0.157894736842105,27.0135207176208,10.6064877510071
"Ghana","child_iron",5,"enet",75,0.560601825832644,0.631578947368421,27.0135207176208,10.6064877510071
"Ghana","child_iron",5,"rf",75,0.57425136091557,0.526315789473684,27.0135207176208,10.6064877510071
"Ghana","child_iron",5,"domain_index",75,0.515241393867732,0.526315789473684,27.0135207176208,10.6064877510071
"Ghana","child_iron",5,"domain_pc_ridge",75,0.48502966140385,0.473684210526316,27.0135207176208,10.6064877510071
"Ghana","child_iron",5,"domain_pc_enet",75,0.492853871890715,0.473684210526316,27.0135207176208,10.6064877510071
"Ghana","women_iron",1,"sl_discrete",75,0.240990226678557,0.368421052631579,21.8433949947357,8.87716722488403
"Ghana","women_iron",1,"sl_nnls",75,0.281747521365248,0.421052631578947,21.8433949947357,8.87716722488403
"Ghana","women_iron",1,"mlr3_discrete",75,0.39837387600952,0.473684210526316,21.8433949947357,8.87716722488403
"Ghana","women_iron",1,"mean",75,-0.0924917195697017,0.315789473684211,21.8433949947357,8.87716722488403
"Ghana","women_iron",1,"enet",75,0.0389359016992305,0.368421052631579,21.8433949947357,8.87716722488403
"Ghana","women_iron",1,"rf",75,0.384433955243478,0.473684210526316,21.8433949947357,8.87716722488403
"Ghana","women_iron",1,"domain_index",75,0.163927138420066,0.315789473684211,21.8433949947357,8.87716722488403
"Ghana","women_iron",1,"domain_pc_ridge",75,0.180945638178815,0.315789473684211,21.8433949947357,8.87716722488403
"Ghana","women_iron",1,"domain_pc_enet",75,0.0426084008811353,0.315789473684211,21.8433949947357,8.87716722488403
"Ghana","women_iron",2,"sl_discrete",75,0.327149368566102,0.421052631578947,23.4856357574463,9.0027539730072
"Ghana","women_iron",2,"sl_nnls",75,0.333205825369511,0.421052631578947,23.4856357574463,9.0027539730072
"Ghana","women_iron",2,"mlr3_discrete",75,0.170556455463118,0.368421052631579,23.4856357574463,9.0027539730072
"Ghana","women_iron",2,"mean",75,-0.176394922322217,0.210526315789474,23.4856357574463,9.0027539730072
"Ghana","women_iron",2,"enet",75,-0.0673176656967771,0.263157894736842,23.4856357574463,9.0027539730072
"Ghana","women_iron",2,"rf",75,0.352641153496366,0.421052631578947,23.4856357574463,9.0027539730072
"Ghana","women_iron",2,"domain_index",75,0.269994254837017,0.421052631578947,23.4856357574463,9.0027539730072
"Ghana","women_iron",2,"domain_pc_ridge",75,0.259075369531108,0.368421052631579,23.4856357574463,9.0027539730072
"Ghana","women_iron",2,"domain_pc_enet",75,0.17466555656121,0.421052631578947,23.4856357574463,9.0027539730072
"Ghana","women_iron",3,"sl_discrete",75,0.440164866541358,0.526315789473684,32.3224017620087,13.1448197364807
"Ghana","women_iron",3,"sl_nnls",75,0.426627750503334,0.526315789473684,32.3224017620087,13.1448197364807
"Ghana","women_iron",3,"mlr3_discrete",75,0.474043621344276,0.526315789473684,32.3224017620087,13.1448197364807
"Ghana","women_iron",3,"mean",75,-0.157235923268493,0.263157894736842,32.3224017620087,13.1448197364807
"Ghana","women_iron",3,"enet",75,0.0328203150449011,0.210526315789474,32.3224017620087,13.1448197364807
"Ghana","women_iron",3,"rf",75,0.441589068972563,0.526315789473684,32.3224017620087,13.1448197364807
"Ghana","women_iron",3,"domain_index",75,0.313338920748352,0.473684210526316,32.3224017620087,13.1448197364807
"Ghana","women_iron",3,"domain_pc_ridge",75,0.277460528188488,0.368421052631579,32.3224017620087,13.1448197364807
"Ghana","women_iron",3,"domain_pc_enet",75,0.241437975975952,0.473684210526316,32.3224017620087,13.1448197364807
"Ghana","women_iron",4,"sl_discrete",75,0.271162751912689,0.421052631578947,33.9068939685822,14.3382158279419
"Ghana","women_iron",4,"sl_nnls",75,0.303743536691644,0.421052631578947,33.9068939685822,14.3382158279419
"Ghana","women_iron",4,"mlr3_discrete",75,0.227142739726114,0.315789473684211,33.9068939685822,14.3382158279419
"Ghana","women_iron",4,"mean",75,-0.208546805791685,0.210526315789474,33.9068939685822,14.3382158279419
"Ghana","women_iron",4,"enet",75,0.182839536644758,0.368421052631579,33.9068939685822,14.3382158279419
"Ghana","women_iron",4,"rf",75,0.393727235754173,0.421052631578947,33.9068939685822,14.3382158279419
"Ghana","women_iron",4,"domain_index",75,0.273935986818333,0.473684210526316,33.9068939685822,14.3382158279419
"Ghana","women_iron",4,"domain_pc_ridge",75,0.223168205204957,0.368421052631579,33.9068939685822,14.3382158279419
"Ghana","women_iron",4,"domain_pc_enet",75,0.0916297271830245,0.368421052631579,33.9068939685822,14.3382158279419
"Ghana","women_iron",5,"sl_discrete",75,0.299183191814182,0.368421052631579,31.6589379310608,12.3616662025452
"Ghana","women_iron",5,"sl_nnls",75,0.340859115201848,0.421052631578947,31.6589379310608,12.3616662025452
"Ghana","women_iron",5,"mlr3_discrete",75,0.450465158872096,0.473684210526316,31.6589379310608,12.3616662025452
"Ghana","women_iron",5,"mean",75,-0.230788862164399,0.210526315789474,31.6589379310608,12.3616662025452
"Ghana","women_iron",5,"enet",75,0.0457388878947943,0.368421052631579,31.6589379310608,12.3616662025452
"Ghana","women_iron",5,"rf",75,0.449789022364352,0.526315789473684,31.6589379310608,12.3616662025452
"Ghana","women_iron",5,"domain_index",75,0.340557011655834,0.421052631578947,31.6589379310608,12.3616662025452
"Ghana","women_iron",5,"domain_pc_ridge",75,0.205775672484478,0.263157894736842,31.6589379310608,12.3616662025452
"Ghana","women_iron",5,"domain_pc_enet",75,0.051525132748955,0.368421052631579,31.6589379310608,12.3616662025452
"Ghana","women_folate",1,"sl_discrete",75,0.279407057445107,0.368421052631579,39.4764800071716,17.8902969360352
"Ghana","women_folate",1,"sl_nnls",75,0.255918849392182,0.315789473684211,39.4764800071716,17.8902969360352
"Ghana","women_folate",1,"mlr3_discrete",75,0.342232312965308,0.421052631578947,39.4764800071716,17.8902969360352
"Ghana","women_folate",1,"mean",75,-0.181087221534125,0.105263157894737,39.4764800071716,17.8902969360352
"Ghana","women_folate",1,"enet",75,0.340379481019386,0.421052631578947,39.4764800071716,17.8902969360352
"Ghana","women_folate",1,"rf",75,0.313641690784382,0.368421052631579,39.4764800071716,17.8902969360352
"Ghana","women_folate",1,"domain_index",75,0.206120427707158,0.157894736842105,39.4764800071716,17.8902969360352
"Ghana","women_folate",1,"domain_pc_ridge",75,0.162721402512282,0.210526315789474,39.4764800071716,17.8902969360352
"Ghana","women_folate",1,"domain_pc_enet",75,0.176275580824377,0.0526315789473684,39.4764800071716,17.8902969360352
"Ghana","women_folate",2,"sl_discrete",75,0.273406732451004,0.421052631578947,26.2926788330078,16.4432287216187
"Ghana","women_folate",2,"sl_nnls",75,0.286661607141065,0.421052631578947,26.2926788330078,16.4432287216187
"Ghana","women_folate",2,"mlr3_discrete",75,0.255833334071601,0.368421052631579,26.2926788330078,16.4432287216187
"Ghana","women_folate",2,"mean",75,-0.216213778964239,0.157894736842105,26.2926788330078,16.4432287216187
"Ghana","women_folate",2,"enet",75,0.277425952518313,0.368421052631579,26.2926788330078,16.4432287216187
"Ghana","women_folate",2,"rf",75,0.273406732451004,0.421052631578947,26.2926788330078,16.4432287216187
"Ghana","women_folate",2,"domain_index",75,0.193991504738081,0.157894736842105,26.2926788330078,16.4432287216187
"Ghana","women_folate",2,"domain_pc_ridge",75,0.19967827355672,0.210526315789474,26.2926788330078,16.4432287216187
"Ghana","women_folate",2,"domain_pc_enet",75,0.115887511940735,0.157894736842105,26.2926788330078,16.4432287216187
"Ghana","women_folate",3,"sl_discrete",75,0.252583751889522,0.315789473684211,22.0727078914642,9.57259583473206
"Ghana","women_folate",3,"sl_nnls",75,0.259310957108563,0.368421052631579,22.0727078914642,9.57259583473206
"Ghana","women_folate",3,"mlr3_discrete",75,0.251343779741097,0.368421052631579,22.0727078914642,9.57259583473206
"Ghana","women_folate",3,"mean",75,-0.244358660383398,0.157894736842105,22.0727078914642,9.57259583473206
"Ghana","women_folate",3,"enet",75,0.263002368446978,0.315789473684211,22.0727078914642,9.57259583473206
"Ghana","women_folate",3,"rf",75,0.295298654519749,0.368421052631579,22.0727078914642,9.57259583473206
"Ghana","women_folate",3,"domain_index",75,0.233043501136755,0.263157894736842,22.0727078914642,9.57259583473206
"Ghana","women_folate",3,"domain_pc_ridge",75,0.229879434275256,0.210526315789474,22.0727078914642,9.57259583473206
"Ghana","women_folate",3,"domain_pc_enet",75,0.0850423199126453,0.263157894736842,22.0727078914642,9.57259583473206
"Ghana","women_folate",4,"sl_discrete",75,0.304292015734188,0.421052631578947,24.5974736213684,10.1532473564148
"Ghana","women_folate",4,"sl_nnls",75,0.295697726015794,0.421052631578947,24.5974736213684,10.1532473564148
"Ghana","women_folate",4,"mlr3_discrete",75,0.305075906172848,0.421052631578947,24.5974736213684,10.1532473564148
"Ghana","women_folate",4,"mean",75,-0.107561446043764,0.263157894736842,24.5974736213684,10.1532473564148
"Ghana","women_folate",4,"enet",75,0.353620103156016,0.421052631578947,24.5974736213684,10.1532473564148
"Ghana","women_folate",4,"rf",75,0.333737791120925,0.368421052631579,24.5974736213684,10.1532473564148
"Ghana","women_folate",4,"domain_index",75,0.192480734074483,0.263157894736842,24.5974736213684,10.1532473564148
"Ghana","women_folate",4,"domain_pc_ridge",75,0.270784262619852,0.263157894736842,24.5974736213684,10.1532473564148
"Ghana","women_folate",4,"domain_pc_enet",75,0.251015971012203,0.263157894736842,24.5974736213684,10.1532473564148
"Ghana","women_folate",5,"sl_discrete",75,0.270670242192411,0.421052631578947,24.9973523616791,12.1797621250153
"Ghana","women_folate",5,"sl_nnls",75,0.250403111214705,0.368421052631579,24.9973523616791,12.1797621250153
"Ghana","women_folate",5,"mlr3_discrete",75,0.230250000664441,0.368421052631579,24.9973523616791,12.1797621250153
"Ghana","women_folate",5,"mean",75,-0.186541655917683,0.157894736842105,24.9973523616791,12.1797621250153
"Ghana","women_folate",5,"enet",75,0.270313928356657,0.315789473684211,24.9973523616791,12.1797621250153
"Ghana","women_folate",5,"rf",75,0.269430270043986,0.368421052631579,24.9973523616791,12.1797621250153
"Ghana","women_folate",5,"domain_index",75,0.234981848403258,0.368421052631579,24.9973523616791,12.1797621250153
"Ghana","women_folate",5,"domain_pc_ridge",75,0.220016667301577,0.210526315789474,24.9973523616791,12.1797621250153
"Ghana","women_folate",5,"domain_pc_enet",75,0.121309298617231,0.210526315789474,24.9973523616791,12.1797621250153
"Ghana","women_b12",1,"sl_discrete",75,0.321999724254136,0.578947368421053,24.274965763092,9.27338695526123
"Ghana","women_b12",1,"sl_nnls",75,0.276620403611834,0.526315789473684,24.274965763092,9.27338695526123
"Ghana","women_b12",1,"mlr3_discrete",75,0.287834079666507,0.578947368421053,24.274965763092,9.27338695526123
"Ghana","women_b12",1,"mean",75,-0.201773899849233,0.105263157894737,24.274965763092,9.27338695526123
"Ghana","women_b12",1,"enet",75,0.146427743353759,0.368421052631579,24.274965763092,9.27338695526123
"Ghana","women_b12",1,"rf",75,0.321999724254136,0.578947368421053,24.274965763092,9.27338695526123
"Ghana","women_b12",1,"domain_index",75,0.308818736610924,0.526315789473684,24.274965763092,9.27338695526123
"Ghana","women_b12",1,"domain_pc_ridge",75,0.155138913019545,0.421052631578947,24.274965763092,9.27338695526123
"Ghana","women_b12",1,"domain_pc_enet",75,0.0648166941850854,0.368421052631579,24.274965763092,9.27338695526123
"Ghana","women_b12",2,"sl_discrete",75,0.239225089166354,0.473684210526316,21.7963154315948,8.90239882469177
"Ghana","women_b12",2,"sl_nnls",75,0.220011012651622,0.473684210526316,21.7963154315948,8.90239882469177
"Ghana","women_b12",2,"mlr3_discrete",75,0.287948839509172,0.526315789473684,21.7963154315948,8.90239882469177
"Ghana","women_b12",2,"mean",75,-0.221098017123351,0.0526315789473684,21.7963154315948,8.90239882469177
"Ghana","women_b12",2,"enet",75,0.227175305686552,0.421052631578947,21.7963154315948,8.90239882469177
"Ghana","women_b12",2,"rf",75,0.239225089166354,0.473684210526316,21.7963154315948,8.90239882469177
"Ghana","women_b12",2,"domain_index",75,0.314359997585309,0.578947368421053,21.7963154315948,8.90239882469177
"Ghana","women_b12",2,"domain_pc_ridge",75,0.169516681879119,0.421052631578947,21.7963154315948,8.90239882469177
"Ghana","women_b12",2,"domain_pc_enet",75,0.120709111251368,0.473684210526316,21.7963154315948,8.90239882469177
"Ghana","women_b12",3,"sl_discrete",75,0.253111030128792,0.421052631578947,23.9513320922852,10.3651931285858
"Ghana","women_b12",3,"sl_nnls",75,0.256832527883779,0.526315789473684,23.9513320922852,10.3651931285858
"Ghana","women_b12",3,"mlr3_discrete",75,0.154624800029813,0.368421052631579,23.9513320922852,10.3651931285858
"Ghana","women_b12",3,"mean",75,-0.300904111839839,0.105263157894737,23.9513320922852,10.3651931285858
"Ghana","women_b12",3,"enet",75,0.145028647334754,0.315789473684211,23.9513320922852,10.3651931285858
"Ghana","women_b12",3,"rf",75,0.312605811418862,0.578947368421053,23.9513320922852,10.3651931285858
"Ghana","women_b12",3,"domain_index",75,0.33124608872027,0.526315789473684,23.9513320922852,10.3651931285858
"Ghana","women_b12",3,"domain_pc_ridge",75,0.127694916359425,0.315789473684211,23.9513320922852,10.3651931285858
"Ghana","women_b12",3,"domain_pc_enet",75,-0.265340189692894,0.0526315789473684,23.9513320922852,10.3651931285858
"Ghana","women_b12",4,"sl_discrete",75,0.194787085751842,0.315789473684211,21.770955324173,8.3166401386261
"Ghana","women_b12",4,"sl_nnls",75,0.197550872015801,0.315789473684211,21.770955324173,8.3166401386261
"Ghana","women_b12",4,"mlr3_discrete",75,0.17557832040856,0.315789473684211,21.770955324173,8.3166401386261
"Ghana","women_b12",4,"mean",75,-0.403296837136465,0.105263157894737,21.770955324173,8.3166401386261
"Ghana","women_b12",4,"enet",75,0.100758025110749,0.315789473684211,21.770955324173,8.3166401386261
"Ghana","women_b12",4,"rf",75,0.319868470033219,0.473684210526316,21.770955324173,8.3166401386261
"Ghana","women_b12",4,"domain_index",75,0.260209746110771,0.421052631578947,21.770955324173,8.3166401386261
"Ghana","women_b12",4,"domain_pc_ridge",75,-0.0400511850900084,0.210526315789474,21.770955324173,8.3166401386261
"Ghana","women_b12",4,"domain_pc_enet",75,-0.0508683795771782,0.315789473684211,21.770955324173,8.3166401386261
"Ghana","women_b12",5,"sl_discrete",75,0.291276874946451,0.526315789473684,22.0074961185455,8.61934161186218
"Ghana","women_b12",5,"sl_nnls",75,0.268882311363581,0.526315789473684,22.0074961185455,8.61934161186218
"Ghana","women_b12",5,"mlr3_discrete",75,0.255324255665899,0.526315789473684,22.0074961185455,8.61934161186218
"Ghana","women_b12",5,"mean",75,-0.210055664395284,0.210526315789474,22.0074961185455,8.61934161186218
"Ghana","women_b12",5,"enet",75,0.166920385043893,0.421052631578947,22.0074961185455,8.61934161186218
"Ghana","women_b12",5,"rf",75,0.291276874946451,0.526315789473684,22.0074961185455,8.61934161186218
"Ghana","women_b12",5,"domain_index",75,0.329016468919926,0.526315789473684,22.0074961185455,8.61934161186218
"Ghana","women_b12",5,"domain_pc_ridge",75,0.235438014358416,0.421052631578947,22.0074961185455,8.61934161186218
"Ghana","women_b12",5,"domain_pc_enet",75,-0.0965755509568785,0.315789473684211,22.0074961185455,8.61934161186218
"Malawi","child_vitA",1,"sl_discrete",87,0.0644695586628755,0.363636363636364,28.5992834568024,11.3792326450348
"Malawi","child_vitA",1,"sl_nnls",87,0.194002955953218,0.454545454545455,28.5992834568024,11.3792326450348
"Malawi","child_vitA",1,"mlr3_discrete",87,0.0828646413499947,0.409090909090909,28.5992834568024,11.3792326450348
"Malawi","child_vitA",1,"mean",87,-0.098805794176794,0.227272727272727,28.5992834568024,11.3792326450348
"Malawi","child_vitA",1,"enet",87,-0.0240208173015813,0.318181818181818,28.5992834568024,11.3792326450348
"Malawi","child_vitA",1,"rf",87,0.283198623140738,0.545454545454545,28.5992834568024,11.3792326450348
"Malawi","child_vitA",1,"domain_index",87,0.288729325663251,0.454545454545455,28.5992834568024,11.3792326450348
"Malawi","child_vitA",1,"domain_pc_ridge",87,0.170411452701662,0.454545454545455,28.5992834568024,11.3792326450348
"Malawi","child_vitA",1,"domain_pc_enet",87,-0.0112340619244349,0.272727272727273,28.5992834568024,11.3792326450348
"Malawi","child_vitA",2,"sl_discrete",87,0.0332891771517288,0.318181818181818,23.7725508213043,8.82211995124817
"Malawi","child_vitA",2,"sl_nnls",87,0.0950785831236871,0.272727272727273,23.7725508213043,8.82211995124817
"Malawi","child_vitA",2,"mlr3_discrete",87,0.0724863329212257,0.272727272727273,23.7725508213043,8.82211995124817
"Malawi","child_vitA",2,"mean",87,-0.0907128515465807,0.136363636363636,23.7725508213043,8.82211995124817
"Malawi","child_vitA",2,"enet",87,-0.106861161689743,0.181818181818182,23.7725508213043,8.82211995124817
"Malawi","child_vitA",2,"rf",87,0.0818182240636854,0.227272727272727,23.7725508213043,8.82211995124817
"Malawi","child_vitA",2,"domain_index",87,0.249652675310554,0.409090909090909,23.7725508213043,8.82211995124817
"Malawi","child_vitA",2,"domain_pc_ridge",87,0.249471808963002,0.409090909090909,23.7725508213043,8.82211995124817
"Malawi","child_vitA",2,"domain_pc_enet",87,0.227965307182468,0.454545454545455,23.7725508213043,8.82211995124817
"Malawi","child_vitA",3,"sl_discrete",87,-0.0219534935479266,0.363636363636364,25.8005039691925,9.64854192733765
"Malawi","child_vitA",3,"sl_nnls",87,0.0245273587108174,0.454545454545455,25.8005039691925,9.64854192733765
"Malawi","child_vitA",3,"mlr3_discrete",87,0.0950500375070735,0.409090909090909,25.8005039691925,9.64854192733765
"Malawi","child_vitA",3,"mean",87,-0.105378273995929,0.181818181818182,25.8005039691925,9.64854192733765
"Malawi","child_vitA",3,"enet",87,-0.0522397312984614,0.181818181818182,25.8005039691925,9.64854192733765
"Malawi","child_vitA",3,"rf",87,0.20554032507075,0.454545454545455,25.8005039691925,9.64854192733765
"Malawi","child_vitA",3,"domain_index",87,0.220514154791771,0.409090909090909,25.8005039691925,9.64854192733765
"Malawi","child_vitA",3,"domain_pc_ridge",87,0.0539076908519663,0.409090909090909,25.8005039691925,9.64854192733765
"Malawi","child_vitA",3,"domain_pc_enet",87,0.0151737736548986,0.363636363636364,25.8005039691925,9.64854192733765
"Malawi","child_vitA",4,"sl_discrete",87,0.0739547750181403,0.454545454545455,34.5269429683685,14.1426556110382
"Malawi","child_vitA",4,"sl_nnls",87,0.189605047923268,0.5,34.5269429683685,14.1426556110382
"Malawi","child_vitA",4,"mlr3_discrete",87,0.140236220255344,0.454545454545455,34.5269429683685,14.1426556110382
"Malawi","child_vitA",4,"mean",87,-0.174989239116551,0.0909090909090909,34.5269429683685,14.1426556110382
"Malawi","child_vitA",4,"enet",87,-0.203280396265626,0.0909090909090909,34.5269429683685,14.1426556110382
"Malawi","child_vitA",4,"rf",87,0.2361733727772,0.454545454545455,34.5269429683685,14.1426556110382
"Malawi","child_vitA",4,"domain_index",87,0.305778358740396,0.545454545454545,34.5269429683685,14.1426556110382
"Malawi","child_vitA",4,"domain_pc_ridge",87,0.126965150973643,0.454545454545455,34.5269429683685,14.1426556110382
"Malawi","child_vitA",4,"domain_pc_enet",87,-0.00347435319662148,0.272727272727273,34.5269429683685,14.1426556110382
"Malawi","child_vitA",5,"sl_discrete",87,-0.11024701106746,0.136363636363636,32.136739730835,13.9172112941742
"Malawi","child_vitA",5,"sl_nnls",87,0.0585721387625197,0.318181818181818,32.136739730835,13.9172112941742
"Malawi","child_vitA",5,"mlr3_discrete",87,0.0477915517750736,0.272727272727273,32.136739730835,13.9172112941742
"Malawi","child_vitA",5,"mean",87,-0.176645717770154,0.181818181818182,32.136739730835,13.9172112941742
"Malawi","child_vitA",5,"enet",87,-0.122310249800486,0.181818181818182,32.136739730835,13.9172112941742
"Malawi","child_vitA",5,"rf",87,0.135916300544654,0.409090909090909,32.136739730835,13.9172112941742
"Malawi","child_vitA",5,"domain_index",87,0.167853489809769,0.409090909090909,32.136739730835,13.9172112941742
"Malawi","child_vitA",5,"domain_pc_ridge",87,-0.0049494241574614,0.272727272727273,32.136739730835,13.9172112941742
"Malawi","child_vitA",5,"domain_pc_enet",87,0.0321561327384677,0.409090909090909,32.136739730835,13.9172112941742
"Malawi","women_vitA",1,"sl_discrete",87,-0.035931327553403,0.136363636363636,25.3020920753479,9.55658435821533
"Malawi","women_vitA",1,"sl_nnls",87,0.00979049616291645,0.0909090909090909,25.3020920753479,9.55658435821533
"Malawi","women_vitA",1,"mlr3_discrete",87,-0.100375630087647,0.409090909090909,25.3020920753479,9.55658435821533
"Malawi","women_vitA",1,"mean",87,-0.0908704256992238,0.318181818181818,25.3020920753479,9.55658435821533
"Malawi","women_vitA",1,"enet",87,-0.0778787559483142,0.136363636363636,25.3020920753479,9.55658435821533
"Malawi","women_vitA",1,"rf",87,0.00569329692835141,0.272727272727273,25.3020920753479,9.55658435821533
"Malawi","women_vitA",1,"domain_index",87,-0.0114030484721027,0.0454545454545455,25.3020920753479,9.55658435821533
"Malawi","women_vitA",1,"domain_pc_ridge",87,-0.0628934505128456,0.0909090909090909,25.3020920753479,9.55658435821533
"Malawi","women_vitA",1,"domain_pc_enet",87,0.0300132184893439,0.136363636363636,25.3020920753479,9.55658435821533
"Malawi","women_vitA",2,"sl_discrete",87,-0.141622231858478,0.136363636363636,23.4536309242249,9.37946677207947
"Malawi","women_vitA",2,"sl_nnls",87,-0.0750001369925599,0.0909090909090909,23.4536309242249,9.37946677207947
"Malawi","women_vitA",2,"mlr3_discrete",87,-0.0758910368643488,0.181818181818182,23.4536309242249,9.37946677207947
"Malawi","women_vitA",2,"mean",87,-0.117597515423917,0.227272727272727,23.4536309242249,9.37946677207947
"Malawi","women_vitA",2,"enet",87,-0.037063669494643,0.227272727272727,23.4536309242249,9.37946677207947
"Malawi","women_vitA",2,"rf",87,0.0618858085188718,0.227272727272727,23.4536309242249,9.37946677207947
"Malawi","women_vitA",2,"domain_index",87,0.0054135684665538,0.0454545454545455,23.4536309242249,9.37946677207947
"Malawi","women_vitA",2,"domain_pc_ridge",87,-0.117666954724396,0.136363636363636,23.4536309242249,9.37946677207947
"Malawi","women_vitA",2,"domain_pc_enet",87,-0.0723246667149312,0.227272727272727,23.4536309242249,9.37946677207947
"Malawi","women_vitA",3,"sl_discrete",87,0.0347064859973551,0.363636363636364,23.1085386276245,8.41148328781128
"Malawi","women_vitA",3,"sl_nnls",87,0.0826883310716078,0.272727272727273,23.1085386276245,8.41148328781128
"Malawi","women_vitA",3,"mlr3_discrete",87,-0.0520522343664546,0.272727272727273,23.1085386276245,8.41148328781128
"Malawi","women_vitA",3,"mean",87,-0.162990744155205,0.181818181818182,23.1085386276245,8.41148328781128
"Malawi","women_vitA",3,"enet",87,-0.0651388288868187,0.227272727272727,23.1085386276245,8.41148328781128
"Malawi","women_vitA",3,"rf",87,0.107053727791486,0.272727272727273,23.1085386276245,8.41148328781128
"Malawi","women_vitA",3,"domain_index",87,0.110640833948656,0.136363636363636,23.1085386276245,8.41148328781128
"Malawi","women_vitA",3,"domain_pc_ridge",87,-0.0996292743753052,0.181818181818182,23.1085386276245,8.41148328781128
"Malawi","women_vitA",3,"domain_pc_enet",87,-0.0889854036557138,0.136363636363636,23.1085386276245,8.41148328781128
"Malawi","women_vitA",4,"sl_discrete",87,-0.261256546392711,0.181818181818182,24.8467309474945,9.90991139411926
"Malawi","women_vitA",4,"sl_nnls",87,-0.0624288108270672,0.0909090909090909,24.8467309474945,9.90991139411926
"Malawi","women_vitA",4,"mlr3_discrete",87,-0.131027397852756,0.272727272727273,24.8467309474945,9.90991139411926
"Malawi","women_vitA",4,"mean",87,-0.209635099612532,0.318181818181818,24.8467309474945,9.90991139411926
"Malawi","women_vitA",4,"enet",87,-0.216283806254013,0.272727272727273,24.8467309474945,9.90991139411926
"Malawi","women_vitA",4,"rf",87,0.0167178892462573,0.272727272727273,24.8467309474945,9.90991139411926
"Malawi","women_vitA",4,"domain_index",87,0.0846919054630772,0.136363636363636,24.8467309474945,9.90991139411926
"Malawi","women_vitA",4,"domain_pc_ridge",87,-0.217579379432343,0.0909090909090909,24.8467309474945,9.90991139411926
"Malawi","women_vitA",4,"domain_pc_enet",87,-0.198961049258448,0.136363636363636,24.8467309474945,9.90991139411926
"Malawi","women_vitA",5,"sl_discrete",87,0.0773264489644705,0.227272727272727,23.1300189495087,7.97650575637817
"Malawi","women_vitA",5,"sl_nnls",87,0.0305562207975392,0.136363636363636,23.1300189495087,7.97650575637817
"Malawi","women_vitA",5,"mlr3_discrete",87,-0.113466278180892,0.409090909090909,23.1300189495087,7.97650575637817
"Malawi","women_vitA",5,"mean",87,-0.103860311908492,0.272727272727273,23.1300189495087,7.97650575637817
"Malawi","women_vitA",5,"enet",87,0.0311414061148794,0.227272727272727,23.1300189495087,7.97650575637817
"Malawi","women_vitA",5,"rf",87,0.0556988731285247,0.227272727272727,23.1300189495087,7.97650575637817
"Malawi","women_vitA",5,"domain_index",87,0.0564393308215183,0.181818181818182,23.1300189495087,7.97650575637817
"Malawi","women_vitA",5,"domain_pc_ridge",87,-0.00791467000733245,0.227272727272727,23.1300189495087,7.97650575637817
"Malawi","women_vitA",5,"domain_pc_enet",87,0.0970852562411674,0.272727272727273,23.1300189495087,7.97650575637817
"Malawi","child_iron",1,"sl_discrete",87,0.240692523838068,0.272727272727273,31.4935097694397,13.5447506904602
"Malawi","child_iron",1,"sl_nnls",87,0.210266216163805,0.272727272727273,31.4935097694397,13.5447506904602
"Malawi","child_iron",1,"mlr3_discrete",87,0.11985968642314,0.318181818181818,31.4935097694397,13.5447506904602
"Malawi","child_iron",1,"mean",87,-0.141349832999269,0.136363636363636,31.4935097694397,13.5447506904602
"Malawi","child_iron",1,"enet",87,0.272910661209644,0.318181818181818,31.4935097694397,13.5447506904602
"Malawi","child_iron",1,"rf",87,0.245626766179728,0.409090909090909,31.4935097694397,13.5447506904602
"Malawi","child_iron",1,"domain_index",87,0.150635760655913,0.272727272727273,31.4935097694397,13.5447506904602
"Malawi","child_iron",1,"domain_pc_ridge",87,0.289505952696778,0.409090909090909,31.4935097694397,13.5447506904602
"Malawi","child_iron",1,"domain_pc_enet",87,0.186206084375824,0.318181818181818,31.4935097694397,13.5447506904602
"Malawi","child_iron",2,"sl_discrete",87,0.314122440830122,0.5,24.4581527709961,10.2845714092255
"Malawi","child_iron",2,"sl_nnls",87,0.320680149228741,0.545454545454545,24.4581527709961,10.2845714092255
"Malawi","child_iron",2,"mlr3_discrete",87,0.0158855587329621,0.363636363636364,24.4581527709961,10.2845714092255
"Malawi","child_iron",2,"mean",87,-0.291342624176991,0.227272727272727,24.4581527709961,10.2845714092255
"Malawi","child_iron",2,"enet",87,0.349109046417194,0.454545454545455,24.4581527709961,10.2845714092255
"Malawi","child_iron",2,"rf",87,0.226145173496207,0.5,24.4581527709961,10.2845714092255
"Malawi","child_iron",2,"domain_index",87,0.305010965600329,0.545454545454545,24.4581527709961,10.2845714092255
"Malawi","child_iron",2,"domain_pc_ridge",87,0.268109034889877,0.5,24.4581527709961,10.2845714092255
"Malawi","child_iron",2,"domain_pc_enet",87,0.216176362258806,0.363636363636364,24.4581527709961,10.2845714092255
"Malawi","child_iron",3,"sl_discrete",87,0.251682841807938,0.409090909090909,25.484726190567,13.3521602153778
"Malawi","child_iron",3,"sl_nnls",87,0.220691057192487,0.409090909090909,25.484726190567,13.3521602153778
"Malawi","child_iron",3,"mlr3_discrete",87,0.127103807998212,0.454545454545455,25.484726190567,13.3521602153778
"Malawi","child_iron",3,"mean",87,-0.267075319953804,0.0909090909090909,25.484726190567,13.3521602153778
"Malawi","child_iron",3,"enet",87,0.273836769068365,0.454545454545455,25.484726190567,13.3521602153778
"Malawi","child_iron",3,"rf",87,0.113706468157984,0.409090909090909,25.484726190567,13.3521602153778
"Malawi","child_iron",3,"domain_index",87,0.162291882121053,0.409090909090909,25.484726190567,13.3521602153778
"Malawi","child_iron",3,"domain_pc_ridge",87,0.0881140762712989,0.318181818181818,25.484726190567,13.3521602153778
"Malawi","child_iron",3,"domain_pc_enet",87,0.0279584435052247,0.363636363636364,25.484726190567,13.3521602153778
"Malawi","child_iron",4,"sl_discrete",87,0.337462045547879,0.545454545454545,27.3595912456512,10.6233026981354
"Malawi","child_iron",4,"sl_nnls",87,0.305403151220831,0.454545454545455,27.3595912456512,10.6233026981354
"Malawi","child_iron",4,"mlr3_discrete",87,0.0890111174499233,0.409090909090909,27.3595912456512,10.6233026981354
"Malawi","child_iron",4,"mean",87,-0.0414880609600093,0.227272727272727,27.3595912456512,10.6233026981354
"Malawi","child_iron",4,"enet",87,0.462669585041968,0.590909090909091,27.3595912456512,10.6233026981354
"Malawi","child_iron",4,"rf",87,0.281069401558081,0.409090909090909,27.3595912456512,10.6233026981354
"Malawi","child_iron",4,"domain_index",87,0.157777187187372,0.318181818181818,27.3595912456512,10.6233026981354
"Malawi","child_iron",4,"domain_pc_ridge",87,0.230778436175621,0.363636363636364,27.3595912456512,10.6233026981354
"Malawi","child_iron",4,"domain_pc_enet",87,0.284189247456676,0.5,27.3595912456512,10.6233026981354
"Malawi","child_iron",5,"sl_discrete",87,0.233660544456517,0.363636363636364,30.5657858848572,11.6694097518921
"Malawi","child_iron",5,"sl_nnls",87,0.206335239362964,0.409090909090909,30.5657858848572,11.6694097518921
"Malawi","child_iron",5,"mlr3_discrete",87,0.0315405952443475,0.227272727272727,30.5657858848572,11.6694097518921
"Malawi","child_iron",5,"mean",87,-0.292785444336022,0.136363636363636,30.5657858848572,11.6694097518921
"Malawi","child_iron",5,"enet",87,0.343490759388613,0.409090909090909,30.5657858848572,11.6694097518921
"Malawi","child_iron",5,"rf",87,0.199513033685401,0.409090909090909,30.5657858848572,11.6694097518921
"Malawi","child_iron",5,"domain_index",87,0.23902345480198,0.409090909090909,30.5657858848572,11.6694097518921
"Malawi","child_iron",5,"domain_pc_ridge",87,0.141615491384376,0.363636363636364,30.5657858848572,11.6694097518921
"Malawi","child_iron",5,"domain_pc_enet",87,-0.125420049527566,0.181818181818182,30.5657858848572,11.6694097518921
"Malawi","women_iron",1,"sl_discrete",87,-0.184992409833992,0.181818181818182,29.1497449874878,11.0763993263245
"Malawi","women_iron",1,"sl_nnls",87,-0.118147100633365,0.181818181818182,29.1497449874878,11.0763993263245
"Malawi","women_iron",1,"mlr3_discrete",87,-0.220988769578032,0.136363636363636,29.1497449874878,11.0763993263245
"Malawi","women_iron",1,"mean",87,-0.213100530928992,0.181818181818182,29.1497449874878,11.0763993263245
"Malawi","women_iron",1,"enet",87,-0.225499846360306,0.227272727272727,29.1497449874878,11.0763993263245
"Malawi","women_iron",1,"rf",87,-0.0690333027674425,0.227272727272727,29.1497449874878,11.0763993263245
"Malawi","women_iron",1,"domain_index",87,0.127792139716722,0.272727272727273,29.1497449874878,11.0763993263245
"Malawi","women_iron",1,"domain_pc_ridge",87,-0.140177036351589,0.136363636363636,29.1497449874878,11.0763993263245
"Malawi","women_iron",1,"domain_pc_enet",87,-0.205267096475009,0.0909090909090909,29.1497449874878,11.0763993263245
"Malawi","women_iron",2,"sl_discrete",87,-0.0789015308094789,0.318181818181818,25.7667956352234,9.65424752235413
"Malawi","women_iron",2,"sl_nnls",87,-0.00863721884962714,0.363636363636364,25.7667956352234,9.65424752235413
"Malawi","women_iron",2,"mlr3_discrete",87,-0.226387725731237,0.136363636363636,25.7667956352234,9.65424752235413
"Malawi","women_iron",2,"mean",87,-0.226387725731237,0.136363636363636,25.7667956352234,9.65424752235413
"Malawi","women_iron",2,"enet",87,-0.186174204934998,0.227272727272727,25.7667956352234,9.65424752235413
"Malawi","women_iron",2,"rf",87,-0.0944417790474947,0.181818181818182,25.7667956352234,9.65424752235413
"Malawi","women_iron",2,"domain_index",87,0.123645328287409,0.227272727272727,25.7667956352234,9.65424752235413
"Malawi","women_iron",2,"domain_pc_ridge",87,-0.0512299321993142,0.272727272727273,25.7667956352234,9.65424752235413
"Malawi","women_iron",2,"domain_pc_enet",87,-0.226387725731237,0.136363636363636,25.7667956352234,9.65424752235413
"Malawi","women_iron",3,"sl_discrete",87,-0.256738383296779,0.136363636363636,26.224949836731,9.19125604629517
"Malawi","women_iron",3,"sl_nnls",87,-0.219271910600422,0.0909090909090909,26.224949836731,9.19125604629517
"Malawi","women_iron",3,"mlr3_discrete",87,-0.320390023548323,0.136363636363636,26.224949836731,9.19125604629517
"Malawi","women_iron",3,"mean",87,-0.320390023548323,0.136363636363636,26.224949836731,9.19125604629517
"Malawi","women_iron",3,"enet",87,-0.193563271688435,0.0909090909090909,26.224949836731,9.19125604629517
"Malawi","women_iron",3,"rf",87,-0.146674941760914,0.136363636363636,26.224949836731,9.19125604629517
"Malawi","women_iron",3,"domain_index",87,0.0854261666989443,0.181818181818182,26.224949836731,9.19125604629517
"Malawi","women_iron",3,"domain_pc_ridge",87,-0.308122899238754,0.136363636363636,26.224949836731,9.19125604629517
"Malawi","women_iron",3,"domain_pc_enet",87,-0.320390023548323,0.136363636363636,26.224949836731,9.19125604629517
"Malawi","women_iron",4,"sl_discrete",87,-0.193849801550546,0.181818181818182,26.653862953186,9.56082797050476
"Malawi","women_iron",4,"sl_nnls",87,-0.191559309389356,0.227272727272727,26.653862953186,9.56082797050476
"Malawi","women_iron",4,"mlr3_discrete",87,-0.144657071034033,0.181818181818182,26.653862953186,9.56082797050476
"Malawi","women_iron",4,"mean",87,-0.111006884126394,0.272727272727273,26.653862953186,9.56082797050476
"Malawi","women_iron",4,"enet",87,-0.117646831055858,0.227272727272727,26.653862953186,9.56082797050476
"Malawi","women_iron",4,"rf",87,-0.0759477405748009,0.227272727272727,26.653862953186,9.56082797050476
"Malawi","women_iron",4,"domain_index",87,0.00297126443930665,0.136363636363636,26.653862953186,9.56082797050476
"Malawi","women_iron",4,"domain_pc_ridge",87,-0.208722339220829,0.0909090909090909,26.653862953186,9.56082797050476
"Malawi","women_iron",4,"domain_pc_enet",87,-0.207387663190013,0.0909090909090909,26.653862953186,9.56082797050476
"Malawi","women_iron",5,"sl_discrete",87,-0.138651328669479,0.227272727272727,25.8434906005859,9.4075300693512
"Malawi","women_iron",5,"sl_nnls",87,-0.107668996753941,0.272727272727273,25.8434906005859,9.4075300693512
"Malawi","women_iron",5,"mlr3_discrete",87,-0.105480393575869,0.181818181818182,25.8434906005859,9.4075300693512
"Malawi","women_iron",5,"mean",87,-0.065812472513214,0.318181818181818,25.8434906005859,9.4075300693512
"Malawi","women_iron",5,"enet",87,-0.135121647486682,0.181818181818182,25.8434906005859,9.4075300693512
"Malawi","women_iron",5,"rf",87,-0.0541769805709092,0.272727272727273,25.8434906005859,9.4075300693512
"Malawi","women_iron",5,"domain_index",87,0.0407461248032022,0.272727272727273,25.8434906005859,9.4075300693512
"Malawi","women_iron",5,"domain_pc_ridge",87,-0.105373440427,0.272727272727273,25.8434906005859,9.4075300693512
"Malawi","women_iron",5,"domain_pc_enet",87,-0.0955224699941999,0.227272727272727,25.8434906005859,9.4075300693512
"Malawi","women_folate",1,"sl_discrete",87,0.363037718312088,0.363636363636364,27.3717172145844,10.4834370613098
"Malawi","women_folate",1,"sl_nnls",87,0.39890861379726,0.454545454545455,27.3717172145844,10.4834370613098
"Malawi","women_folate",1,"mlr3_discrete",87,0.27596975839625,0.318181818181818,27.3717172145844,10.4834370613098
"Malawi","women_folate",1,"mean",87,-0.300258978399496,0.227272727272727,27.3717172145844,10.4834370613098
"Malawi","women_folate",1,"enet",87,0.390633585371942,0.454545454545455,27.3717172145844,10.4834370613098
"Malawi","women_folate",1,"rf",87,0.386304821911573,0.363636363636364,27.3717172145844,10.4834370613098
"Malawi","women_folate",1,"domain_index",87,0.358811576399271,0.363636363636364,27.3717172145844,10.4834370613098
"Malawi","women_folate",1,"domain_pc_ridge",87,0.357141643943654,0.363636363636364,27.3717172145844,10.4834370613098
"Malawi","women_folate",1,"domain_pc_enet",87,0.28996184722357,0.409090909090909,27.3717172145844,10.4834370613098
"Malawi","women_folate",2,"sl_discrete",87,0.372478900686859,0.454545454545455,34.3160133361816,16.1348478794098
"Malawi","women_folate",2,"sl_nnls",87,0.379802347489423,0.454545454545455,34.3160133361816,16.1348478794098
"Malawi","women_folate",2,"mlr3_discrete",87,0.392723333249362,0.454545454545455,34.3160133361816,16.1348478794098
"Malawi","women_folate",2,"mean",87,-0.176956179278726,0.0909090909090909,34.3160133361816,16.1348478794098
"Malawi","women_folate",2,"enet",87,0.371182137495067,0.454545454545455,34.3160133361816,16.1348478794098
"Malawi","women_folate",2,"rf",87,0.411754965704433,0.5,34.3160133361816,16.1348478794098
"Malawi","women_folate",2,"domain_index",87,0.431738179782259,0.454545454545455,34.3160133361816,16.1348478794098
"Malawi","women_folate",2,"domain_pc_ridge",87,0.424498696064055,0.454545454545455,34.3160133361816,16.1348478794098
"Malawi","women_folate",2,"domain_pc_enet",87,0.392732662480957,0.5,34.3160133361816,16.1348478794098
"Malawi","women_folate",3,"sl_discrete",87,0.385847689563387,0.5,29.9221019744873,11.337423324585
"Malawi","women_folate",3,"sl_nnls",87,0.386062261890087,0.454545454545455,29.9221019744873,11.337423324585
"Malawi","women_folate",3,"mlr3_discrete",87,0.44066625441927,0.545454545454545,29.9221019744873,11.337423324585
"Malawi","women_folate",3,"mean",87,-0.143654902064449,0.272727272727273,29.9221019744873,11.337423324585
"Malawi","women_folate",3,"enet",87,0.359054136420757,0.5,29.9221019744873,11.337423324585
"Malawi","women_folate",3,"rf",87,0.440871497514374,0.545454545454545,29.9221019744873,11.337423324585
"Malawi","women_folate",3,"domain_index",87,0.438949675805676,0.454545454545455,29.9221019744873,11.337423324585
"Malawi","women_folate",3,"domain_pc_ridge",87,0.431635558234707,0.454545454545455,29.9221019744873,11.337423324585
"Malawi","women_folate",3,"domain_pc_enet",87,0.428472948723791,0.409090909090909,29.9221019744873,11.337423324585
"Malawi","women_folate",4,"sl_discrete",87,0.29923510342962,0.272727272727273,29.7934322357178,11.8508563041687
"Malawi","women_folate",4,"sl_nnls",87,0.338240620730921,0.318181818181818,29.7934322357178,11.8508563041687
"Malawi","women_folate",4,"mlr3_discrete",87,0.247484128283889,0.227272727272727,29.7934322357178,11.8508563041687
"Malawi","women_folate",4,"mean",87,-0.165292400983518,0.136363636363636,29.7934322357178,11.8508563041687
"Malawi","women_folate",4,"enet",87,0.403778472690175,0.363636363636364,29.7934322357178,11.8508563041687
"Malawi","women_folate",4,"rf",87,0.352906172799241,0.409090909090909,29.7934322357178,11.8508563041687
"Malawi","women_folate",4,"domain_index",87,0.383692637064798,0.409090909090909,29.7934322357178,11.8508563041687
"Malawi","women_folate",4,"domain_pc_ridge",87,0.349081187845036,0.363636363636364,29.7934322357178,11.8508563041687
"Malawi","women_folate",4,"domain_pc_enet",87,0.419171704822954,0.363636363636364,29.7934322357178,11.8508563041687
"Malawi","women_folate",5,"sl_discrete",87,0.330460041580171,0.409090909090909,58.6380321979523,27.0883841514587
"Malawi","women_folate",5,"sl_nnls",87,0.396333745876868,0.363636363636364,58.6380321979523,27.0883841514587
"Malawi","women_folate",5,"mlr3_discrete",87,0.388571825189309,0.409090909090909,58.6380321979523,27.0883841514587
"Malawi","women_folate",5,"mean",87,-0.13846571090454,0.181818181818182,58.6380321979523,27.0883841514587
"Malawi","women_folate",5,"enet",87,0.35984410814271,0.409090909090909,58.6380321979523,27.0883841514587
"Malawi","women_folate",5,"rf",87,0.418061526263075,0.454545454545455,58.6380321979523,27.0883841514587
"Malawi","women_folate",5,"domain_index",87,0.405690965167278,0.363636363636364,58.6380321979523,27.0883841514587
"Malawi","women_folate",5,"domain_pc_ridge",87,0.418901157106681,0.5,58.6380321979523,27.0883841514587
"Malawi","women_folate",5,"domain_pc_enet",87,0.336953186770725,0.409090909090909,58.6380321979523,27.0883841514587
"Malawi","women_b12",1,"sl_discrete",87,0.531960376328371,0.363636363636364,61.7252359390259,34.1866316795349
"Malawi","women_b12",1,"sl_nnls",87,0.491338689878123,0.318181818181818,61.7252359390259,34.1866316795349
"Malawi","women_b12",1,"mlr3_discrete",87,0.500505057507361,0.363636363636364,61.7252359390259,34.1866316795349
"Malawi","women_b12",1,"mean",87,-0.228399607346584,0.136363636363636,61.7252359390259,34.1866316795349
"Malawi","women_b12",1,"enet",87,0.472549094303026,0.272727272727273,61.7252359390259,34.1866316795349
"Malawi","women_b12",1,"rf",87,0.519926481179913,0.363636363636364,61.7252359390259,34.1866316795349
"Malawi","women_b12",1,"domain_index",87,0.525039428553167,0.363636363636364,61.7252359390259,34.1866316795349
"Malawi","women_b12",1,"domain_pc_ridge",87,0.524670052126962,0.363636363636364,61.7252359390259,34.1866316795349
"Malawi","women_b12",1,"domain_pc_enet",87,0.473355890181315,0.272727272727273,61.7252359390259,34.1866316795349
"Malawi","women_b12",2,"sl_discrete",87,0.448384099683424,0.409090909090909,42.7114450931549,17.7574589252472
"Malawi","women_b12",2,"sl_nnls",87,0.491328969445854,0.409090909090909,42.7114450931549,17.7574589252472
"Malawi","women_b12",2,"mlr3_discrete",87,0.536412334307364,0.5,42.7114450931549,17.7574589252472
"Malawi","women_b12",2,"mean",87,-0.143393980870345,0.272727272727273,42.7114450931549,17.7574589252472
"Malawi","women_b12",2,"enet",87,0.45776431682257,0.5,42.7114450931549,17.7574589252472
"Malawi","women_b12",2,"rf",87,0.544480293090256,0.545454545454545,42.7114450931549,17.7574589252472
"Malawi","women_b12",2,"domain_index",87,0.562501974516138,0.409090909090909,42.7114450931549,17.7574589252472
"Malawi","women_b12",2,"domain_pc_ridge",87,0.535333366325556,0.454545454545455,42.7114450931549,17.7574589252472
"Malawi","women_b12",2,"domain_pc_enet",87,0.505861015687329,0.5,42.7114450931549,17.7574589252472
"Malawi","women_b12",3,"sl_discrete",87,0.52027641674158,0.363636363636364,73.9849979877472,32.2699837684631
"Malawi","women_b12",3,"sl_nnls",87,0.49650023941272,0.363636363636364,73.9849979877472,32.2699837684631
"Malawi","women_b12",3,"mlr3_discrete",87,0.531464634282675,0.454545454545455,73.9849979877472,32.2699837684631
"Malawi","women_b12",3,"mean",87,-0.118835256666351,0.272727272727273,73.9849979877472,32.2699837684631
"Malawi","women_b12",3,"enet",87,0.454867628006544,0.272727272727273,73.9849979877472,32.2699837684631
"Malawi","women_b12",3,"rf",87,0.539853367330429,0.409090909090909,73.9849979877472,32.2699837684631
"Malawi","women_b12",3,"domain_index",87,0.512470909629939,0.409090909090909,73.9849979877472,32.2699837684631
"Malawi","women_b12",3,"domain_pc_ridge",87,0.537870399147646,0.409090909090909,73.9849979877472,32.2699837684631
"Malawi","women_b12",3,"domain_pc_enet",87,0.470527244391169,0.409090909090909,73.9849979877472,32.2699837684631
"Malawi","women_b12",4,"sl_discrete",87,0.47439597643405,0.409090909090909,49.7166421413422,24.0723259449005
"Malawi","women_b12",4,"sl_nnls",87,0.481093354267077,0.409090909090909,49.7166421413422,24.0723259449005
"Malawi","women_b12",4,"mlr3_discrete",87,0.491397012471734,0.409090909090909,49.7166421413422,24.0723259449005
"Malawi","women_b12",4,"mean",87,-0.267740193422504,0.0909090909090909,49.7166421413422,24.0723259449005
"Malawi","women_b12",4,"enet",87,0.416987103456025,0.363636363636364,49.7166421413422,24.0723259449005
"Malawi","women_b12",4,"rf",87,0.48300827942398,0.454545454545455,49.7166421413422,24.0723259449005
"Malawi","women_b12",4,"domain_index",87,0.528120805582296,0.409090909090909,49.7166421413422,24.0723259449005
"Malawi","women_b12",4,"domain_pc_ridge",87,0.505511080125661,0.363636363636364,49.7166421413422,24.0723259449005
"Malawi","women_b12",4,"domain_pc_enet",87,0.415111060028196,0.272727272727273,49.7166421413422,24.0723259449005
"Malawi","women_b12",5,"sl_discrete",87,0.439363538538215,0.5,27.3676331043243,12.6122188568115
"Malawi","women_b12",5,"sl_nnls",87,0.460311070076929,0.5,27.3676331043243,12.6122188568115
"Malawi","women_b12",5,"mlr3_discrete",87,0.455081477516452,0.5,27.3676331043243,12.6122188568115
"Malawi","women_b12",5,"mean",87,-0.226524592652763,0.0909090909090909,27.3676331043243,12.6122188568115
"Malawi","women_b12",5,"enet",87,0.438274850124138,0.363636363636364,27.3676331043243,12.6122188568115
"Malawi","women_b12",5,"rf",87,0.460913736877578,0.5,27.3676331043243,12.6122188568115
"Malawi","women_b12",5,"domain_index",87,0.482794429914072,0.409090909090909,27.3676331043243,12.6122188568115
"Malawi","women_b12",5,"domain_pc_ridge",87,0.470128706668159,0.409090909090909,27.3676331043243,12.6122188568115
"Malawi","women_b12",5,"domain_pc_enet",87,0.455771628207518,0.409090909090909,27.3676331043243,12.6122188568115
"Malawi","child_zinc",1,"sl_discrete",87,-0.188524538616184,0.0909090909090909,31.2563571929932,12.7512152194977
"Malawi","child_zinc",1,"sl_nnls",87,-0.192053281161254,0.181818181818182,31.2563571929932,12.7512152194977
"Malawi","child_zinc",1,"mlr3_discrete",87,-0.17048684147226,0.227272727272727,31.2563571929932,12.7512152194977
"Malawi","child_zinc",1,"mean",87,-0.285937743839396,0.136363636363636,31.2563571929932,12.7512152194977
"Malawi","child_zinc",1,"enet",87,-0.314550008196985,0.136363636363636,31.2563571929932,12.7512152194977
"Malawi","child_zinc",1,"rf",87,-0.0688539281481877,0.0909090909090909,31.2563571929932,12.7512152194977
"Malawi","child_zinc",1,"domain_index",87,-0.0135829939018668,0.227272727272727,31.2563571929932,12.7512152194977
"Malawi","child_zinc",1,"domain_pc_ridge",87,-0.224149486166403,0.0909090909090909,31.2563571929932,12.7512152194977
"Malawi","child_zinc",1,"domain_pc_enet",87,-0.155681686891395,0.227272727272727,31.2563571929932,12.7512152194977
"Malawi","child_zinc",2,"sl_discrete",87,-0.181676336959164,0.227272727272727,29.8368589878082,10.5001962184906
"Malawi","child_zinc",2,"sl_nnls",87,-0.102118589052827,0.227272727272727,29.8368589878082,10.5001962184906
"Malawi","child_zinc",2,"mlr3_discrete",87,-0.106791771180436,0.136363636363636,29.8368589878082,10.5001962184906
"Malawi","child_zinc",2,"mean",87,-0.0864567886189953,0.272727272727273,29.8368589878082,10.5001962184906
"Malawi","child_zinc",2,"enet",87,-0.136666953517369,0.181818181818182,29.8368589878082,10.5001962184906
"Malawi","child_zinc",2,"rf",87,0.0806319335986655,0.363636363636364,29.8368589878082,10.5001962184906
"Malawi","child_zinc",2,"domain_index",87,-0.0211949401488861,0.227272727272727,29.8368589878082,10.5001962184906
"Malawi","child_zinc",2,"domain_pc_ridge",87,-0.145654365666803,0.181818181818182,29.8368589878082,10.5001962184906
"Malawi","child_zinc",2,"domain_pc_enet",87,-0.22110261565224,0.272727272727273,29.8368589878082,10.5001962184906
"Malawi","child_zinc",3,"sl_discrete",87,-0.196782814924516,0.272727272727273,30.3410651683807,12.7860970497131
"Malawi","child_zinc",3,"sl_nnls",87,-0.223535894444646,0.181818181818182,30.3410651683807,12.7860970497131
"Malawi","child_zinc",3,"mlr3_discrete",87,-0.196866550313009,0.272727272727273,30.3410651683807,12.7860970497131
"Malawi","child_zinc",3,"mean",87,-0.196782814924516,0.272727272727273,30.3410651683807,12.7860970497131
"Malawi","child_zinc",3,"enet",87,-0.244548233693821,0.272727272727273,30.3410651683807,12.7860970497131
"Malawi","child_zinc",3,"rf",87,0.00837769892336615,0.181818181818182,30.3410651683807,12.7860970497131
"Malawi","child_zinc",3,"domain_index",87,0.0410771614240347,0.272727272727273,30.3410651683807,12.7860970497131
"Malawi","child_zinc",3,"domain_pc_ridge",87,-0.243044180581091,0.181818181818182,30.3410651683807,12.7860970497131
"Malawi","child_zinc",3,"domain_pc_enet",87,-0.18474228151154,0.136363636363636,30.3410651683807,12.7860970497131
"Malawi","child_zinc",4,"sl_discrete",87,-0.230119146495059,0.136363636363636,30.6784732341766,13.7853298187256
"Malawi","child_zinc",4,"sl_nnls",87,-0.209310534402005,0.181818181818182,30.6784732341766,13.7853298187256
"Malawi","child_zinc",4,"mlr3_discrete",87,0.00188605992060913,0.363636363636364,30.6784732341766,13.7853298187256
"Malawi","child_zinc",4,"mean",87,-0.107800008752649,0.181818181818182,30.6784732341766,13.7853298187256
"Malawi","child_zinc",4,"enet",87,-0.107800008752649,0.181818181818182,30.6784732341766,13.7853298187256
"Malawi","child_zinc",4,"rf",87,-0.0647243333578886,0.272727272727273,30.6784732341766,13.7853298187256
"Malawi","child_zinc",4,"domain_index",87,-0.0256071341411703,0.272727272727273,30.6784732341766,13.7853298187256
"Malawi","child_zinc",4,"domain_pc_ridge",87,-0.119894990468021,0.181818181818182,30.6784732341766,13.7853298187256
"Malawi","child_zinc",4,"domain_pc_enet",87,-0.140160639232991,0.227272727272727,30.6784732341766,13.7853298187256
"Malawi","child_zinc",5,"sl_discrete",87,-0.392374608348442,0.136363636363636,26.4556457996368,9.60568404197693
"Malawi","child_zinc",5,"sl_nnls",87,-0.391392365715811,0.136363636363636,26.4556457996368,9.60568404197693
"Malawi","child_zinc",5,"mlr3_discrete",87,-0.282964596737677,0.227272727272727,26.4556457996368,9.60568404197693
"Malawi","child_zinc",5,"mean",87,-0.375916070741123,0.136363636363636,26.4556457996368,9.60568404197693
"Malawi","child_zinc",5,"enet",87,-0.394283838538346,0.0909090909090909,26.4556457996368,9.60568404197693
"Malawi","child_zinc",5,"rf",87,0.0324259794019732,0.181818181818182,26.4556457996368,9.60568404197693
"Malawi","child_zinc",5,"domain_index",87,0.0881618349160762,0.318181818181818,26.4556457996368,9.60568404197693
"Malawi","child_zinc",5,"domain_pc_ridge",87,-0.391563770580265,0.0909090909090909,26.4556457996368,9.60568404197693
"Malawi","child_zinc",5,"domain_pc_enet",87,-0.29370820728613,0.181818181818182,26.4556457996368,9.60568404197693
"Malawi","women_zinc",1,"sl_discrete",87,-0.228714735704337,0.272727272727273,44.8005821704865,22.9269988536835
"Malawi","women_zinc",1,"sl_nnls",87,-0.236026975700985,0.136363636363636,44.8005821704865,22.9269988536835
"Malawi","women_zinc",1,"mlr3_discrete",87,-0.230075584714814,0.272727272727273,44.8005821704865,22.9269988536835
"Malawi","women_zinc",1,"mean",87,-0.237375867007606,0.272727272727273,44.8005821704865,22.9269988536835
"Malawi","women_zinc",1,"enet",87,-0.237375867007606,0.272727272727273,44.8005821704865,22.9269988536835
"Malawi","women_zinc",1,"rf",87,-0.202330209308256,0.136363636363636,44.8005821704865,22.9269988536835
"Malawi","women_zinc",1,"domain_index",87,-0.0354352274349088,0.363636363636364,44.8005821704865,22.9269988536835
"Malawi","women_zinc",1,"domain_pc_ridge",87,-0.184721644128462,0.227272727272727,44.8005821704865,22.9269988536835
"Malawi","women_zinc",1,"domain_pc_enet",87,-0.12549510800393,0.181818181818182,44.8005821704865,22.9269988536835
"Malawi","women_zinc",2,"sl_discrete",87,-0.141028168984254,0.227272727272727,40.1182241439819,14.9593369960785
"Malawi","women_zinc",2,"sl_nnls",87,-0.136349030018876,0.181818181818182,40.1182241439819,14.9593369960785
"Malawi","women_zinc",2,"mlr3_discrete",87,-0.261727256215721,0.136363636363636,40.1182241439819,14.9593369960785
"Malawi","women_zinc",2,"mean",87,-0.261008430465663,0.181818181818182,40.1182241439819,14.9593369960785
"Malawi","women_zinc",2,"enet",87,-0.217081446693074,0.227272727272727,40.1182241439819,14.9593369960785
"Malawi","women_zinc",2,"rf",87,-0.0188335398266591,0.181818181818182,40.1182241439819,14.9593369960785
"Malawi","women_zinc",2,"domain_index",87,-0.0829627033646419,0.318181818181818,40.1182241439819,14.9593369960785
"Malawi","women_zinc",2,"domain_pc_ridge",87,-0.22619870825566,0.227272727272727,40.1182241439819,14.9593369960785
"Malawi","women_zinc",2,"domain_pc_enet",87,-0.176708465060708,0.136363636363636,40.1182241439819,14.9593369960785
"Malawi","women_zinc",3,"sl_discrete",87,-0.111203277073822,0.227272727272727,29.6570267677307,11.8179407119751
"Malawi","women_zinc",3,"sl_nnls",87,-0.0997687993177117,0.181818181818182,29.6570267677307,11.8179407119751
"Malawi","women_zinc",3,"mlr3_discrete",87,-0.0778759013893401,0.227272727272727,29.6570267677307,11.8179407119751
"Malawi","women_zinc",3,"mean",87,-0.111203277073822,0.227272727272727,29.6570267677307,11.8179407119751
"Malawi","women_zinc",3,"enet",87,-0.132472942758768,0.272727272727273,29.6570267677307,11.8179407119751
"Malawi","women_zinc",3,"rf",87,-0.0128605910618177,0.272727272727273,29.6570267677307,11.8179407119751
"Malawi","women_zinc",3,"domain_index",87,-0.0675958520247744,0.272727272727273,29.6570267677307,11.8179407119751
"Malawi","women_zinc",3,"domain_pc_ridge",87,-0.109021972102446,0.181818181818182,29.6570267677307,11.8179407119751
"Malawi","women_zinc",3,"domain_pc_enet",87,-0.104696882578069,0.318181818181818,29.6570267677307,11.8179407119751
"Malawi","women_zinc",4,"sl_discrete",87,-0.205645136961388,0.136363636363636,31.0283288955688,13.2787888050079
"Malawi","women_zinc",4,"sl_nnls",87,-0.222977932026584,0.136363636363636,31.0283288955688,13.2787888050079
"Malawi","women_zinc",4,"mlr3_discrete",87,-0.0372582618552732,0.136363636363636,31.0283288955688,13.2787888050079
"Malawi","women_zinc",4,"mean",87,-0.145002090425549,0.272727272727273,31.0283288955688,13.2787888050079
"Malawi","women_zinc",4,"enet",87,-0.104011152388109,0.227272727272727,31.0283288955688,13.2787888050079
"Malawi","women_zinc",4,"rf",87,-0.0848652659114826,0.0909090909090909,31.0283288955688,13.2787888050079
"Malawi","women_zinc",4,"domain_index",87,-0.138338249800093,0.227272727272727,31.0283288955688,13.2787888050079
"Malawi","women_zinc",4,"domain_pc_ridge",87,-0.237348407094966,0.136363636363636,31.0283288955688,13.2787888050079
"Malawi","women_zinc",4,"domain_pc_enet",87,-0.136908895052875,0.0909090909090909,31.0283288955688,13.2787888050079
"Malawi","women_zinc",5,"sl_discrete",87,-0.199422633482037,0.181818181818182,24.6257944107056,8.84969091415405
"Malawi","women_zinc",5,"sl_nnls",87,-0.186642122858985,0.318181818181818,24.6257944107056,8.84969091415405
"Malawi","women_zinc",5,"mlr3_discrete",87,-0.204449913495234,0.227272727272727,24.6257944107056,8.84969091415405
"Malawi","women_zinc",5,"mean",87,-0.228591256217943,0.136363636363636,24.6257944107056,8.84969091415405
"Malawi","women_zinc",5,"enet",87,-0.156123880982717,0.181818181818182,24.6257944107056,8.84969091415405
"Malawi","women_zinc",5,"rf",87,-0.0293250746402472,0.272727272727273,24.6257944107056,8.84969091415405
"Malawi","women_zinc",5,"domain_index",87,0.0320325674953667,0.318181818181818,24.6257944107056,8.84969091415405
"Malawi","women_zinc",5,"domain_pc_ridge",87,-0.216602958344743,0.136363636363636,24.6257944107056,8.84969091415405
"Malawi","women_zinc",5,"domain_pc_enet",87,-0.110240591698579,0.227272727272727,24.6257944107056,8.84969091415405
"SierraLeone","child_vitA",1,"sl_discrete",14,NA,NA,1.82009196281433,1.09277200698853
"SierraLeone","child_vitA",1,"sl_nnls",14,NA,NA,1.82009196281433,1.09277200698853
"SierraLeone","child_vitA",1,"mlr3_discrete",14,NA,NA,1.82009196281433,1.09277200698853
"SierraLeone","child_vitA",1,"mean",14,NA,NA,1.82009196281433,1.09277200698853
"SierraLeone","child_vitA",1,"enet",14,NA,NA,1.82009196281433,1.09277200698853
"SierraLeone","child_vitA",1,"rf",14,NA,NA,1.82009196281433,1.09277200698853
"SierraLeone","child_vitA",1,"domain_index",14,NA,NA,1.82009196281433,1.09277200698853
"SierraLeone","child_vitA",1,"domain_pc_ridge",14,NA,NA,1.82009196281433,1.09277200698853
"SierraLeone","child_vitA",1,"domain_pc_enet",14,NA,NA,1.82009196281433,1.09277200698853
"SierraLeone","child_vitA",2,"sl_discrete",14,NA,NA,1.94973802566528,1.14372491836548
"SierraLeone","child_vitA",2,"sl_nnls",14,NA,NA,1.94973802566528,1.14372491836548
"SierraLeone","child_vitA",2,"mlr3_discrete",14,NA,NA,1.94973802566528,1.14372491836548
"SierraLeone","child_vitA",2,"mean",14,NA,NA,1.94973802566528,1.14372491836548
"SierraLeone","child_vitA",2,"enet",14,NA,NA,1.94973802566528,1.14372491836548
"SierraLeone","child_vitA",2,"rf",14,NA,NA,1.94973802566528,1.14372491836548
"SierraLeone","child_vitA",2,"domain_index",14,NA,NA,1.94973802566528,1.14372491836548
"SierraLeone","child_vitA",2,"domain_pc_ridge",14,NA,NA,1.94973802566528,1.14372491836548
"SierraLeone","child_vitA",2,"domain_pc_enet",14,NA,NA,1.94973802566528,1.14372491836548
"SierraLeone","child_vitA",3,"sl_discrete",14,NA,NA,1.87034010887146,949.669440984726
"SierraLeone","child_vitA",3,"sl_nnls",14,NA,NA,1.87034010887146,949.669440984726
"SierraLeone","child_vitA",3,"mlr3_discrete",14,NA,NA,1.87034010887146,949.669440984726
"SierraLeone","child_vitA",3,"mean",14,NA,NA,1.87034010887146,949.669440984726
"SierraLeone","child_vitA",3,"enet",14,NA,NA,1.87034010887146,949.669440984726
"SierraLeone","child_vitA",3,"rf",14,NA,NA,1.87034010887146,949.669440984726
"SierraLeone","child_vitA",3,"domain_index",14,NA,NA,1.87034010887146,949.669440984726
"SierraLeone","child_vitA",3,"domain_pc_ridge",14,NA,NA,1.87034010887146,949.669440984726
"SierraLeone","child_vitA",3,"domain_pc_enet",14,NA,NA,1.87034010887146,949.669440984726
"SierraLeone","child_vitA",4,"sl_discrete",14,NA,NA,3.20424008369446,3.07985496520996
"SierraLeone","child_vitA",4,"sl_nnls",14,NA,NA,3.20424008369446,3.07985496520996
"SierraLeone","child_vitA",4,"mlr3_discrete",14,NA,NA,3.20424008369446,3.07985496520996
"SierraLeone","child_vitA",4,"mean",14,NA,NA,3.20424008369446,3.07985496520996
"SierraLeone","child_vitA",4,"enet",14,NA,NA,3.20424008369446,3.07985496520996
"SierraLeone","child_vitA",4,"rf",14,NA,NA,3.20424008369446,3.07985496520996
"SierraLeone","child_vitA",4,"domain_index",14,NA,NA,3.20424008369446,3.07985496520996
"SierraLeone","child_vitA",4,"domain_pc_ridge",14,NA,NA,3.20424008369446,3.07985496520996
"SierraLeone","child_vitA",4,"domain_pc_enet",14,NA,NA,3.20424008369446,3.07985496520996
"SierraLeone","child_vitA",5,"sl_discrete",14,NA,NA,2.63412404060364,1.37710499763489
"SierraLeone","child_vitA",5,"sl_nnls",14,NA,NA,2.63412404060364,1.37710499763489
"SierraLeone","child_vitA",5,"mlr3_discrete",14,NA,NA,2.63412404060364,1.37710499763489
"SierraLeone","child_vitA",5,"mean",14,NA,NA,2.63412404060364,1.37710499763489
"SierraLeone","child_vitA",5,"enet",14,NA,NA,2.63412404060364,1.37710499763489
"SierraLeone","child_vitA",5,"rf",14,NA,NA,2.63412404060364,1.37710499763489
"SierraLeone","child_vitA",5,"domain_index",14,NA,NA,2.63412404060364,1.37710499763489
"SierraLeone","child_vitA",5,"domain_pc_ridge",14,NA,NA,2.63412404060364,1.37710499763489
"SierraLeone","child_vitA",5,"domain_pc_enet",14,NA,NA,2.63412404060364,1.37710499763489
"SierraLeone","women_vitA",1,"sl_discrete",14,NA,NA,2.13973712921143,3.4779589176178
"SierraLeone","women_vitA",1,"sl_nnls",14,NA,NA,2.13973712921143,3.4779589176178
"SierraLeone","women_vitA",1,"mlr3_discrete",14,NA,NA,2.13973712921143,3.4779589176178
"SierraLeone","women_vitA",1,"mean",14,NA,NA,2.13973712921143,3.4779589176178
"SierraLeone","women_vitA",1,"enet",14,NA,NA,2.13973712921143,3.4779589176178
"SierraLeone","women_vitA",1,"rf",14,NA,NA,2.13973712921143,3.4779589176178
"SierraLeone","women_vitA",1,"domain_index",14,NA,NA,2.13973712921143,3.4779589176178
"SierraLeone","women_vitA",1,"domain_pc_ridge",14,NA,NA,2.13973712921143,3.4779589176178
"SierraLeone","women_vitA",1,"domain_pc_enet",14,NA,NA,2.13973712921143,3.4779589176178
"SierraLeone","women_vitA",2,"sl_discrete",14,NA,NA,3.62962603569031,1.89444589614868
"SierraLeone","women_vitA",2,"sl_nnls",14,NA,NA,3.62962603569031,1.89444589614868
"SierraLeone","women_vitA",2,"mlr3_discrete",14,NA,NA,3.62962603569031,1.89444589614868
"SierraLeone","women_vitA",2,"mean",14,NA,NA,3.62962603569031,1.89444589614868
"SierraLeone","women_vitA",2,"enet",14,NA,NA,3.62962603569031,1.89444589614868
"SierraLeone","women_vitA",2,"rf",14,NA,NA,3.62962603569031,1.89444589614868
"SierraLeone","women_vitA",2,"domain_index",14,NA,NA,3.62962603569031,1.89444589614868
"SierraLeone","women_vitA",2,"domain_pc_ridge",14,NA,NA,3.62962603569031,1.89444589614868
"SierraLeone","women_vitA",2,"domain_pc_enet",14,NA,NA,3.62962603569031,1.89444589614868
"SierraLeone","women_vitA",3,"sl_discrete",14,NA,NA,2.56437706947327,1.59819293022156
"SierraLeone","women_vitA",3,"sl_nnls",14,NA,NA,2.56437706947327,1.59819293022156
"SierraLeone","women_vitA",3,"mlr3_discrete",14,NA,NA,2.56437706947327,1.59819293022156
"SierraLeone","women_vitA",3,"mean",14,NA,NA,2.56437706947327,1.59819293022156
"SierraLeone","women_vitA",3,"enet",14,NA,NA,2.56437706947327,1.59819293022156
"SierraLeone","women_vitA",3,"rf",14,NA,NA,2.56437706947327,1.59819293022156
"SierraLeone","women_vitA",3,"domain_index",14,NA,NA,2.56437706947327,1.59819293022156
"SierraLeone","women_vitA",3,"domain_pc_ridge",14,NA,NA,2.56437706947327,1.59819293022156
"SierraLeone","women_vitA",3,"domain_pc_enet",14,NA,NA,2.56437706947327,1.59819293022156
"SierraLeone","women_vitA",4,"sl_discrete",14,NA,NA,2.44825410842896,1.81409287452698
"SierraLeone","women_vitA",4,"sl_nnls",14,NA,NA,2.44825410842896,1.81409287452698
"SierraLeone","women_vitA",4,"mlr3_discrete",14,NA,NA,2.44825410842896,1.81409287452698
"SierraLeone","women_vitA",4,"mean",14,NA,NA,2.44825410842896,1.81409287452698
"SierraLeone","women_vitA",4,"enet",14,NA,NA,2.44825410842896,1.81409287452698
"SierraLeone","women_vitA",4,"rf",14,NA,NA,2.44825410842896,1.81409287452698
"SierraLeone","women_vitA",4,"domain_index",14,NA,NA,2.44825410842896,1.81409287452698
"SierraLeone","women_vitA",4,"domain_pc_ridge",14,NA,NA,2.44825410842896,1.81409287452698
"SierraLeone","women_vitA",4,"domain_pc_enet",14,NA,NA,2.44825410842896,1.81409287452698
"SierraLeone","women_vitA",5,"sl_discrete",14,NA,NA,1.8806369304657,1.29507398605347
"SierraLeone","women_vitA",5,"sl_nnls",14,NA,NA,1.8806369304657,1.29507398605347
"SierraLeone","women_vitA",5,"mlr3_discrete",14,NA,NA,1.8806369304657,1.29507398605347
"SierraLeone","women_vitA",5,"mean",14,NA,NA,1.8806369304657,1.29507398605347
"SierraLeone","women_vitA",5,"enet",14,NA,NA,1.8806369304657,1.29507398605347
"SierraLeone","women_vitA",5,"rf",14,NA,NA,1.8806369304657,1.29507398605347
"SierraLeone","women_vitA",5,"domain_index",14,NA,NA,1.8806369304657,1.29507398605347
"SierraLeone","women_vitA",5,"domain_pc_ridge",14,NA,NA,1.8806369304657,1.29507398605347
"SierraLeone","women_vitA",5,"domain_pc_enet",14,NA,NA,1.8806369304657,1.29507398605347
"SierraLeone","child_iron",1,"sl_discrete",14,NA,NA,1.63119602203369,1.03897714614868
"SierraLeone","child_iron",1,"sl_nnls",14,NA,NA,1.63119602203369,1.03897714614868
"SierraLeone","child_iron",1,"mlr3_discrete",14,NA,NA,1.63119602203369,1.03897714614868
"SierraLeone","child_iron",1,"mean",14,NA,NA,1.63119602203369,1.03897714614868
"SierraLeone","child_iron",1,"enet",14,NA,NA,1.63119602203369,1.03897714614868
"SierraLeone","child_iron",1,"rf",14,NA,NA,1.63119602203369,1.03897714614868
"SierraLeone","child_iron",1,"domain_index",14,NA,NA,1.63119602203369,1.03897714614868
"SierraLeone","child_iron",1,"domain_pc_ridge",14,NA,NA,1.63119602203369,1.03897714614868
"SierraLeone","child_iron",1,"domain_pc_enet",14,NA,NA,1.63119602203369,1.03897714614868
"SierraLeone","child_iron",2,"sl_discrete",14,NA,NA,1.84636092185974,1.1554479598999
"SierraLeone","child_iron",2,"sl_nnls",14,NA,NA,1.84636092185974,1.1554479598999
"SierraLeone","child_iron",2,"mlr3_discrete",14,NA,NA,1.84636092185974,1.1554479598999
"SierraLeone","child_iron",2,"mean",14,NA,NA,1.84636092185974,1.1554479598999
"SierraLeone","child_iron",2,"enet",14,NA,NA,1.84636092185974,1.1554479598999
"SierraLeone","child_iron",2,"rf",14,NA,NA,1.84636092185974,1.1554479598999
"SierraLeone","child_iron",2,"domain_index",14,NA,NA,1.84636092185974,1.1554479598999
"SierraLeone","child_iron",2,"domain_pc_ridge",14,NA,NA,1.84636092185974,1.1554479598999
"SierraLeone","child_iron",2,"domain_pc_enet",14,NA,NA,1.84636092185974,1.1554479598999
"SierraLeone","child_iron",3,"sl_discrete",14,NA,NA,1.74667096138,1.30587697029114
"SierraLeone","child_iron",3,"sl_nnls",14,NA,NA,1.74667096138,1.30587697029114
"SierraLeone","child_iron",3,"mlr3_discrete",14,NA,NA,1.74667096138,1.30587697029114
"SierraLeone","child_iron",3,"mean",14,NA,NA,1.74667096138,1.30587697029114
"SierraLeone","child_iron",3,"enet",14,NA,NA,1.74667096138,1.30587697029114
"SierraLeone","child_iron",3,"rf",14,NA,NA,1.74667096138,1.30587697029114
"SierraLeone","child_iron",3,"domain_index",14,NA,NA,1.74667096138,1.30587697029114
"SierraLeone","child_iron",3,"domain_pc_ridge",14,NA,NA,1.74667096138,1.30587697029114
"SierraLeone","child_iron",3,"domain_pc_enet",14,NA,NA,1.74667096138,1.30587697029114
"SierraLeone","child_iron",4,"sl_discrete",14,NA,NA,1.74517107009888,1.25722289085388
"SierraLeone","child_iron",4,"sl_nnls",14,NA,NA,1.74517107009888,1.25722289085388
"SierraLeone","child_iron",4,"mlr3_discrete",14,NA,NA,1.74517107009888,1.25722289085388
"SierraLeone","child_iron",4,"mean",14,NA,NA,1.74517107009888,1.25722289085388
"SierraLeone","child_iron",4,"enet",14,NA,NA,1.74517107009888,1.25722289085388
"SierraLeone","child_iron",4,"rf",14,NA,NA,1.74517107009888,1.25722289085388
"SierraLeone","child_iron",4,"domain_index",14,NA,NA,1.74517107009888,1.25722289085388
"SierraLeone","child_iron",4,"domain_pc_ridge",14,NA,NA,1.74517107009888,1.25722289085388
"SierraLeone","child_iron",4,"domain_pc_enet",14,NA,NA,1.74517107009888,1.25722289085388
"SierraLeone","child_iron",5,"sl_discrete",14,NA,NA,1.85542798042297,0.971143007278442
"SierraLeone","child_iron",5,"sl_nnls",14,NA,NA,1.85542798042297,0.971143007278442
"SierraLeone","child_iron",5,"mlr3_discrete",14,NA,NA,1.85542798042297,0.971143007278442
"SierraLeone","child_iron",5,"mean",14,NA,NA,1.85542798042297,0.971143007278442
"SierraLeone","child_iron",5,"enet",14,NA,NA,1.85542798042297,0.971143007278442
"SierraLeone","child_iron",5,"rf",14,NA,NA,1.85542798042297,0.971143007278442
"SierraLeone","child_iron",5,"domain_index",14,NA,NA,1.85542798042297,0.971143007278442
"SierraLeone","child_iron",5,"domain_pc_ridge",14,NA,NA,1.85542798042297,0.971143007278442
"SierraLeone","child_iron",5,"domain_pc_enet",14,NA,NA,1.85542798042297,0.971143007278442
"SierraLeone","women_iron",1,"sl_discrete",14,NA,NA,2.23743486404419,1.73923301696777
"SierraLeone","women_iron",1,"sl_nnls",14,NA,NA,2.23743486404419,1.73923301696777
"SierraLeone","women_iron",1,"mlr3_discrete",14,NA,NA,2.23743486404419,1.73923301696777
"SierraLeone","women_iron",1,"mean",14,NA,NA,2.23743486404419,1.73923301696777
"SierraLeone","women_iron",1,"enet",14,NA,NA,2.23743486404419,1.73923301696777
"SierraLeone","women_iron",1,"rf",14,NA,NA,2.23743486404419,1.73923301696777
"SierraLeone","women_iron",1,"domain_index",14,NA,NA,2.23743486404419,1.73923301696777
"SierraLeone","women_iron",1,"domain_pc_ridge",14,NA,NA,2.23743486404419,1.73923301696777
"SierraLeone","women_iron",1,"domain_pc_enet",14,NA,NA,2.23743486404419,1.73923301696777
"SierraLeone","women_iron",2,"sl_discrete",14,NA,NA,2.27920484542847,1.46311712265015
"SierraLeone","women_iron",2,"sl_nnls",14,NA,NA,2.27920484542847,1.46311712265015
"SierraLeone","women_iron",2,"mlr3_discrete",14,NA,NA,2.27920484542847,1.46311712265015
"SierraLeone","women_iron",2,"mean",14,NA,NA,2.27920484542847,1.46311712265015
"SierraLeone","women_iron",2,"enet",14,NA,NA,2.27920484542847,1.46311712265015
"SierraLeone","women_iron",2,"rf",14,NA,NA,2.27920484542847,1.46311712265015
"SierraLeone","women_iron",2,"domain_index",14,NA,NA,2.27920484542847,1.46311712265015
"SierraLeone","women_iron",2,"domain_pc_ridge",14,NA,NA,2.27920484542847,1.46311712265015
"SierraLeone","women_iron",2,"domain_pc_enet",14,NA,NA,2.27920484542847,1.46311712265015
"SierraLeone","women_iron",3,"sl_discrete",14,NA,NA,2.20995497703552,1.71849393844604
"SierraLeone","women_iron",3,"sl_nnls",14,NA,NA,2.20995497703552,1.71849393844604
"SierraLeone","women_iron",3,"mlr3_discrete",14,NA,NA,2.20995497703552,1.71849393844604
"SierraLeone","women_iron",3,"mean",14,NA,NA,2.20995497703552,1.71849393844604
"SierraLeone","women_iron",3,"enet",14,NA,NA,2.20995497703552,1.71849393844604
"SierraLeone","women_iron",3,"rf",14,NA,NA,2.20995497703552,1.71849393844604
"SierraLeone","women_iron",3,"domain_index",14,NA,NA,2.20995497703552,1.71849393844604
"SierraLeone","women_iron",3,"domain_pc_ridge",14,NA,NA,2.20995497703552,1.71849393844604
"SierraLeone","women_iron",3,"domain_pc_enet",14,NA,NA,2.20995497703552,1.71849393844604
"SierraLeone","women_iron",4,"sl_discrete",14,NA,NA,2.42315196990967,1.93524408340454
"SierraLeone","women_iron",4,"sl_nnls",14,NA,NA,2.42315196990967,1.93524408340454
"SierraLeone","women_iron",4,"mlr3_discrete",14,NA,NA,2.42315196990967,1.93524408340454
"SierraLeone","women_iron",4,"mean",14,NA,NA,2.42315196990967,1.93524408340454
"SierraLeone","women_iron",4,"enet",14,NA,NA,2.42315196990967,1.93524408340454
"SierraLeone","women_iron",4,"rf",14,NA,NA,2.42315196990967,1.93524408340454
"SierraLeone","women_iron",4,"domain_index",14,NA,NA,2.42315196990967,1.93524408340454
"SierraLeone","women_iron",4,"domain_pc_ridge",14,NA,NA,2.42315196990967,1.93524408340454
"SierraLeone","women_iron",4,"domain_pc_enet",14,NA,NA,2.42315196990967,1.93524408340454
"SierraLeone","women_iron",5,"sl_discrete",14,NA,NA,2.55446791648865,1.70957803726196
"SierraLeone","women_iron",5,"sl_nnls",14,NA,NA,2.55446791648865,1.70957803726196
"SierraLeone","women_iron",5,"mlr3_discrete",14,NA,NA,2.55446791648865,1.70957803726196
"SierraLeone","women_iron",5,"mean",14,NA,NA,2.55446791648865,1.70957803726196
"SierraLeone","women_iron",5,"enet",14,NA,NA,2.55446791648865,1.70957803726196
"SierraLeone","women_iron",5,"rf",14,NA,NA,2.55446791648865,1.70957803726196
"SierraLeone","women_iron",5,"domain_index",14,NA,NA,2.55446791648865,1.70957803726196
"SierraLeone","women_iron",5,"domain_pc_ridge",14,NA,NA,2.55446791648865,1.70957803726196
"SierraLeone","women_iron",5,"domain_pc_enet",14,NA,NA,2.55446791648865,1.70957803726196
"SierraLeone","women_folate",1,"sl_discrete",14,NA,NA,2.87499690055847,1.47356796264648
"SierraLeone","women_folate",1,"sl_nnls",14,NA,NA,2.87499690055847,1.47356796264648
"SierraLeone","women_folate",1,"mlr3_discrete",14,NA,NA,2.87499690055847,1.47356796264648
"SierraLeone","women_folate",1,"mean",14,NA,NA,2.87499690055847,1.47356796264648
"SierraLeone","women_folate",1,"enet",14,NA,NA,2.87499690055847,1.47356796264648
"SierraLeone","women_folate",1,"rf",14,NA,NA,2.87499690055847,1.47356796264648
"SierraLeone","women_folate",1,"domain_index",14,NA,NA,2.87499690055847,1.47356796264648
"SierraLeone","women_folate",1,"domain_pc_ridge",14,NA,NA,2.87499690055847,1.47356796264648
"SierraLeone","women_folate",1,"domain_pc_enet",14,NA,NA,2.87499690055847,1.47356796264648
"SierraLeone","women_folate",2,"sl_discrete",14,NA,NA,2.59041595458984,1.68719887733459
"SierraLeone","women_folate",2,"sl_nnls",14,NA,NA,2.59041595458984,1.68719887733459
"SierraLeone","women_folate",2,"mlr3_discrete",14,NA,NA,2.59041595458984,1.68719887733459
"SierraLeone","women_folate",2,"mean",14,NA,NA,2.59041595458984,1.68719887733459
"SierraLeone","women_folate",2,"enet",14,NA,NA,2.59041595458984,1.68719887733459
"SierraLeone","women_folate",2,"rf",14,NA,NA,2.59041595458984,1.68719887733459
"SierraLeone","women_folate",2,"domain_index",14,NA,NA,2.59041595458984,1.68719887733459
"SierraLeone","women_folate",2,"domain_pc_ridge",14,NA,NA,2.59041595458984,1.68719887733459
"SierraLeone","women_folate",2,"domain_pc_enet",14,NA,NA,2.59041595458984,1.68719887733459
"SierraLeone","women_folate",3,"sl_discrete",14,NA,NA,2.85167098045349,2.46003699302673
"SierraLeone","women_folate",3,"sl_nnls",14,NA,NA,2.85167098045349,2.46003699302673
"SierraLeone","women_folate",3,"mlr3_discrete",14,NA,NA,2.85167098045349,2.46003699302673
"SierraLeone","women_folate",3,"mean",14,NA,NA,2.85167098045349,2.46003699302673
"SierraLeone","women_folate",3,"enet",14,NA,NA,2.85167098045349,2.46003699302673
"SierraLeone","women_folate",3,"rf",14,NA,NA,2.85167098045349,2.46003699302673
"SierraLeone","women_folate",3,"domain_index",14,NA,NA,2.85167098045349,2.46003699302673
"SierraLeone","women_folate",3,"domain_pc_ridge",14,NA,NA,2.85167098045349,2.46003699302673
"SierraLeone","women_folate",3,"domain_pc_enet",14,NA,NA,2.85167098045349,2.46003699302673
"SierraLeone","women_folate",4,"sl_discrete",14,NA,NA,2.86499094963074,1.81460785865784
"SierraLeone","women_folate",4,"sl_nnls",14,NA,NA,2.86499094963074,1.81460785865784
"SierraLeone","women_folate",4,"mlr3_discrete",14,NA,NA,2.86499094963074,1.81460785865784
"SierraLeone","women_folate",4,"mean",14,NA,NA,2.86499094963074,1.81460785865784
"SierraLeone","women_folate",4,"enet",14,NA,NA,2.86499094963074,1.81460785865784
"SierraLeone","women_folate",4,"rf",14,NA,NA,2.86499094963074,1.81460785865784
"SierraLeone","women_folate",4,"domain_index",14,NA,NA,2.86499094963074,1.81460785865784
"SierraLeone","women_folate",4,"domain_pc_ridge",14,NA,NA,2.86499094963074,1.81460785865784
"SierraLeone","women_folate",4,"domain_pc_enet",14,NA,NA,2.86499094963074,1.81460785865784
"SierraLeone","women_folate",5,"sl_discrete",14,NA,NA,2.59410381317139,1.71801495552063
"SierraLeone","women_folate",5,"sl_nnls",14,NA,NA,2.59410381317139,1.71801495552063
"SierraLeone","women_folate",5,"mlr3_discrete",14,NA,NA,2.59410381317139,1.71801495552063
"SierraLeone","women_folate",5,"mean",14,NA,NA,2.59410381317139,1.71801495552063
"SierraLeone","women_folate",5,"enet",14,NA,NA,2.59410381317139,1.71801495552063
"SierraLeone","women_folate",5,"rf",14,NA,NA,2.59410381317139,1.71801495552063
"SierraLeone","women_folate",5,"domain_index",14,NA,NA,2.59410381317139,1.71801495552063
"SierraLeone","women_folate",5,"domain_pc_ridge",14,NA,NA,2.59410381317139,1.71801495552063
"SierraLeone","women_folate",5,"domain_pc_enet",14,NA,NA,2.59410381317139,1.71801495552063
"SierraLeone","women_b12",1,"sl_discrete",14,NA,NA,3.02637505531311,1.60393500328064
"SierraLeone","women_b12",1,"sl_nnls",14,NA,NA,3.02637505531311,1.60393500328064
"SierraLeone","women_b12",1,"mlr3_discrete",14,NA,NA,3.02637505531311,1.60393500328064
"SierraLeone","women_b12",1,"mean",14,NA,NA,3.02637505531311,1.60393500328064
"SierraLeone","women_b12",1,"enet",14,NA,NA,3.02637505531311,1.60393500328064
"SierraLeone","women_b12",1,"rf",14,NA,NA,3.02637505531311,1.60393500328064
"SierraLeone","women_b12",1,"domain_index",14,NA,NA,3.02637505531311,1.60393500328064
"SierraLeone","women_b12",1,"domain_pc_ridge",14,NA,NA,3.02637505531311,1.60393500328064
"SierraLeone","women_b12",1,"domain_pc_enet",14,NA,NA,3.02637505531311,1.60393500328064
"SierraLeone","women_b12",2,"sl_discrete",14,NA,NA,2.51563787460327,1.41451096534729
"SierraLeone","women_b12",2,"sl_nnls",14,NA,NA,2.51563787460327,1.41451096534729
"SierraLeone","women_b12",2,"mlr3_discrete",14,NA,NA,2.51563787460327,1.41451096534729
"SierraLeone","women_b12",2,"mean",14,NA,NA,2.51563787460327,1.41451096534729
"SierraLeone","women_b12",2,"enet",14,NA,NA,2.51563787460327,1.41451096534729
"SierraLeone","women_b12",2,"rf",14,NA,NA,2.51563787460327,1.41451096534729
"SierraLeone","women_b12",2,"domain_index",14,NA,NA,2.51563787460327,1.41451096534729
"SierraLeone","women_b12",2,"domain_pc_ridge",14,NA,NA,2.51563787460327,1.41451096534729
"SierraLeone","women_b12",2,"domain_pc_enet",14,NA,NA,2.51563787460327,1.41451096534729
"SierraLeone","women_b12",3,"sl_discrete",14,NA,NA,2.75591111183167,1.57559299468994
"SierraLeone","women_b12",3,"sl_nnls",14,NA,NA,2.75591111183167,1.57559299468994
"SierraLeone","women_b12",3,"mlr3_discrete",14,NA,NA,2.75591111183167,1.57559299468994
"SierraLeone","women_b12",3,"mean",14,NA,NA,2.75591111183167,1.57559299468994
"SierraLeone","women_b12",3,"enet",14,NA,NA,2.75591111183167,1.57559299468994
"SierraLeone","women_b12",3,"rf",14,NA,NA,2.75591111183167,1.57559299468994
"SierraLeone","women_b12",3,"domain_index",14,NA,NA,2.75591111183167,1.57559299468994
"SierraLeone","women_b12",3,"domain_pc_ridge",14,NA,NA,2.75591111183167,1.57559299468994
"SierraLeone","women_b12",3,"domain_pc_enet",14,NA,NA,2.75591111183167,1.57559299468994
"SierraLeone","women_b12",4,"sl_discrete",14,NA,NA,2.30625104904175,2.05296087265015
"SierraLeone","women_b12",4,"sl_nnls",14,NA,NA,2.30625104904175,2.05296087265015
"SierraLeone","women_b12",4,"mlr3_discrete",14,NA,NA,2.30625104904175,2.05296087265015
"SierraLeone","women_b12",4,"mean",14,NA,NA,2.30625104904175,2.05296087265015
"SierraLeone","women_b12",4,"enet",14,NA,NA,2.30625104904175,2.05296087265015
"SierraLeone","women_b12",4,"rf",14,NA,NA,2.30625104904175,2.05296087265015
"SierraLeone","women_b12",4,"domain_index",14,NA,NA,2.30625104904175,2.05296087265015
"SierraLeone","women_b12",4,"domain_pc_ridge",14,NA,NA,2.30625104904175,2.05296087265015
"SierraLeone","women_b12",4,"domain_pc_enet",14,NA,NA,2.30625104904175,2.05296087265015
"SierraLeone","women_b12",5,"sl_discrete",14,NA,NA,2.17271304130554,1.41503190994263
"SierraLeone","women_b12",5,"sl_nnls",14,NA,NA,2.17271304130554,1.41503190994263
"SierraLeone","women_b12",5,"mlr3_discrete",14,NA,NA,2.17271304130554,1.41503190994263
"SierraLeone","women_b12",5,"mean",14,NA,NA,2.17271304130554,1.41503190994263
"SierraLeone","women_b12",5,"enet",14,NA,NA,2.17271304130554,1.41503190994263
"SierraLeone","women_b12",5,"rf",14,NA,NA,2.17271304130554,1.41503190994263
"SierraLeone","women_b12",5,"domain_index",14,NA,NA,2.17271304130554,1.41503190994263
"SierraLeone","women_b12",5,"domain_pc_ridge",14,NA,NA,2.17271304130554,1.41503190994263
"SierraLeone","women_b12",5,"domain_pc_enet",14,NA,NA,2.17271304130554,1.41503190994263
