"estimand","n_train","n_test","country","outcome","target","rep","mse_pick","rank_pick","library","w_mean","wr_mean","rho_mean","w_lasso","wr_lasso","rho_lasso","w_enet","wr_enet","rho_enet","w_ridge","wr_ridge","rho_ridge","w_ranger","wr_ranger","rho_ranger","w_xgb","wr_xgb","rho_xgb","w_domain_index","wr_domain_index","rho_domain_index","w_domain_pc_ridge","wr_domain_pc_ridge","rho_domain_pc_ridge","w_domain_pc_enet","wr_domain_pc_enet","rho_domain_pc_enet","w_domain_pc1_ols","wr_domain_pc1_ols","rho_domain_pc1_ols","w_hapc","wr_hapc","rho_hapc","w_hapc_lasso","wr_hapc_lasso","rho_hapc_lasso","w_spatial_gam","wr_spatial_gam","rho_spatial_gam","w_spatial_plus_domain","wr_spatial_plus_domain","rho_spatial_plus_domain"
"infill",69,18,"Malawi","child_vitA","prev",1,"ranger","xgb","mean,lasso,enet,ridge,ranger,xgb,domain_index,domain_pc_ridge,domain_pc_enet,domain_pc1_ols,hapc,hapc_lasso,spatial_gam,spatial_plus_domain",0.162965133620193,NA,-0.111728367444795,0,NA,-0.11629277178311,0,NA,-0.0138176684340766,0,NA,0.175227229509295,0,NA,0.207435753184884,0.333779756733846,NA,0.267086771195927,0.0947960677209474,NA,0.206679240591212,0,NA,-0.0615422994952235,0.408459041925014,NA,0.0881716763640481,0,NA,0.096928176064235,0,NA,0.189733358492957,0,NA,0.170196420761376,0,NA,0.0126526731291655,0,NA,0.0126526731291655
"infill",70,17,"Malawi","child_vitA","prev",1,"ranger","domain_index","mean,lasso,enet,ridge,ranger,xgb,domain_index,domain_pc_ridge,domain_pc_enet,domain_pc1_ols,hapc,hapc_lasso,spatial_gam,spatial_plus_domain",0,NA,-0.287567128790819,0,NA,-0.275214743416762,0,NA,-0.205929406111398,0,NA,-0.164703875911369,0.489357680410453,NA,0.210051516537601,0.347345339715111,NA,0.230068688298389,0.00553523420300769,NA,0.235514536498015,0,NA,-0.308654675549938,0,NA,-0.350620247522065,0,NA,-0.114877959994813,0,NA,0.1418312289558,0,NA,0.0663988721366561,0.157761745671429,NA,0.194725869408248,0,NA,0.156181774887247
"infill",70,17,"Malawi","child_vitA","prev",1,"spatial_gam","spatial_gam","mean,lasso,enet,ridge,ranger,xgb,domain_index,domain_pc_ridge,domain_pc_enet,domain_pc1_ols,hapc,hapc_lasso,spatial_gam,spatial_plus_domain",0,NA,-0.214790219837299,0,NA,-0.0320778205729752,0,NA,-0.0717567365457138,0,NA,-0.00225142638825188,0,NA,0.0802161434136841,0.083252712241378,NA,0.132543650276119,0,NA,0.037239318728263,0,NA,-0.0367309321244642,0,NA,-0.23027850512155,0,NA,-0.0449377444429307,0,NA,0.0754954106641237,0.186586093629379,NA,0.184199360554963,0.730161194129243,NA,0.228084018461453,0,NA,0.189029033291051
"infill",70,17,"Malawi","child_vitA","prev",1,"domain_pc_enet","xgb","mean,lasso,enet,ridge,ranger,xgb,domain_index,domain_pc_ridge,domain_pc_enet,domain_pc1_ols,hapc,hapc_lasso,spatial_gam,spatial_plus_domain",0.524400522982802,NA,-0.276813909640036,0,NA,-0.254604775425181,0,NA,-0.222733027689423,0,NA,-0.138346244453474,0,NA,0.0632706351738873,0.203490217181283,NA,0.129874195268657,0,NA,0.0112440434144043,0,NA,-0.271102310597461,0,NA,-0.0984759765157558,0,NA,-0.259199007308597,0.272109259835915,NA,0.1247466184673,0,NA,0.0701562383071382,0,NA,-0.00924795101673317,0,NA,0.0564399703635082
"infill",69,18,"Malawi","child_vitA","prev",1,"mean","domain_index","mean,lasso,enet,ridge,ranger,xgb,domain_index,domain_pc_ridge,domain_pc_enet,domain_pc1_ols,hapc,hapc_lasso,spatial_gam,spatial_plus_domain",0.884511732363127,NA,-0.270090445948205,0,NA,-0.269829586804317,0,NA,-0.193762333969956,0,NA,-0.223818110270627,0,NA,-0.120460690198594,0,NA,-0.126969996879189,0.0809379233331493,NA,0.0908221606677166,0,NA,-0.277096588574879,0,NA,-0.270090445948205,0.0345503443037235,NA,-0.0796908610778226,0,NA,-0.0987758401324678,0,NA,-0.0766287907754123,0,NA,-0.182626494828659,0,NA,-0.185245624143928
"infill",69,18,"Malawi","child_vitA","prev",2,"ranger","spatial_gam","mean,lasso,enet,ridge,ranger,xgb,domain_index,domain_pc_ridge,domain_pc_enet,domain_pc1_ols,hapc,hapc_lasso,spatial_gam,spatial_plus_domain",0.0680758595042313,NA,-0.306916939867008,0,NA,-0.327853715731426,0,NA,-0.258263770513815,0,NA,-0.286955696735043,0.605313473095988,NA,0.105097431513667,0,NA,0.0273280020611659,0,NA,0.0591947790634048,0,NA,-0.287684444428656,0.0800075712201486,NA,-0.12937656147543,0,NA,-0.0460361458308824,0,NA,0.0328203011495231,0,NA,-0.0698742495129881,0,NA,0.228235539893952,0.246603096179632,NA,0.228235539893952
"infill",70,17,"Malawi","child_vitA","prev",2,"ranger","hapc","mean,lasso,enet,ridge,ranger,xgb,domain_index,domain_pc_ridge,domain_pc_enet,domain_pc1_ols,hapc,hapc_lasso,spatial_gam,spatial_plus_domain",0.290902516438148,NA,-0.244074979541997,0,NA,-0.235567921392487,0,NA,-0.166108961399509,0,NA,-0.043939247443328,0,NA,0.118161934722078,0,NA,0.0755900912448291,0,NA,0.142447029159636,0,NA,-0.180222468302785,0,NA,-0.302890536979714,0,NA,-0.0385060956847754,0.613061846694355,NA,0.223360879845731,0,NA,-0.00991823676729065,0.096035636867497,NA,0.118253094986484,0,NA,0.0401652124969509
"infill",69,18,"Malawi","child_vitA","prev",2,"domain_pc_enet","domain_index","mean,lasso,enet,ridge,ranger,xgb,domain_index,domain_pc_ridge,domain_pc_enet,domain_pc1_ols,hapc,hapc_lasso,spatial_gam,spatial_plus_domain",0,NA,-0.295210322623411,0,NA,-0.279744722150414,0,NA,-0.360982427219261,0,NA,-0.412900389945143,0,NA,-0.0494165404857068,0.318966759395012,NA,0.0640259847203851,0,NA,0.0729709316473617,0,NA,-0.3155112303361,0.681033240604988,NA,-0.295210322623411,0,NA,-0.194137771363956,0,NA,0.0432561612588124,0,NA,-0.00455829918027168,0,NA,-0.189274314079566,0,NA,-0.189274314079566
"infill",70,17,"Malawi","child_vitA","prev",2,"enet","xgb","mean,lasso,enet,ridge,ranger,xgb,domain_index,domain_pc_ridge,domain_pc_enet,domain_pc1_ols,hapc,hapc_lasso,spatial_gam,spatial_plus_domain",0,NA,-0.444821020990626,0.344589888369614,NA,0.0742951567208169,0,NA,0.127407180286395,0,NA,-0.0833004484628116,0,NA,0.137325214684772,0.578724938642187,NA,0.327460742399867,0,NA,0.163472759916859,0,NA,-0.441619342413846,0,NA,-0.444821020990626,0,NA,0.0873670265742058,0,NA,0.0857293548460878,0.0766851729881998,NA,0.0399113480706513,0,NA,-0.0394329271163696,0,NA,0.0169287414591974
"infill",70,17,"Malawi","child_vitA","prev",2,"mean","domain_pc1_ols","mean,lasso,enet,ridge,ranger,xgb,domain_index,domain_pc_ridge,domain_pc_enet,domain_pc1_ols,hapc,hapc_lasso,spatial_gam,spatial_plus_domain",1,NA,-0.177108317822725,0,NA,-0.177108317822725,0,NA,-0.144771312203222,0,NA,-0.267933739702265,0,NA,-0.19810325600679,0,NA,-0.239375527249946,0,NA,-0.0818700398202351,0,NA,-0.315288733376129,0,NA,-0.285684050121216,0,NA,-0.0624735307200948,0,NA,-0.199178814312155,0,NA,-0.170886161940522,0,NA,-0.260722625141172,0,NA,-0.282416089266329
"infill",70,17,"Malawi","child_vitA","prev",3,"spatial_gam","hapc","mean,lasso,enet,ridge,ranger,xgb,domain_index,domain_pc_ridge,domain_pc_enet,domain_pc1_ols,hapc,hapc_lasso,spatial_gam,spatial_plus_domain",0,NA,-0.333653491487858,0,NA,-0.24001935148284,0,NA,-0.123786538221235,0,NA,-0.212741525025199,0,NA,0.0864307736740591,0,NA,0.0339998719472939,0,NA,0.0638431911846773,0,NA,-0.272758685875033,0,NA,-0.206882247763896,0,NA,-0.0518475259078304,0,NA,0.174830440737023,0.356941534636267,NA,0.104077892196837,0.123548317808405,NA,0.160720038116538,0.519510147555328,NA,0.164420828467905
"infill",69,18,"Malawi","child_vitA","prev",3,"hapc_lasso","hapc_lasso","mean,lasso,enet,ridge,ranger,xgb,domain_index,domain_pc_ridge,domain_pc_enet,domain_pc1_ols,hapc,hapc_lasso,spatial_gam,spatial_plus_domain",0.357696713899782,NA,-0.251621826347748,0,NA,-0.336158382597458,0,NA,-0.338408856047103,0,NA,-0.160079655278036,0,NA,-0.0266895708186404,0,NA,0.126342189134993,0,NA,0.0460616546884473,0,NA,-0.233524215105137,0,NA,-0.372784865383099,0,NA,-0.0100134031931407,0,NA,0.0303675708376594,0.642303286100218,NA,0.153647969380903,0,NA,0.0297898744995936,0,NA,0.0423066284910195
"infill",70,17,"Malawi","child_vitA","prev",3,"hapc_lasso","hapc_lasso","mean,lasso,enet,ridge,ranger,xgb,domain_index,domain_pc_ridge,domain_pc_enet,domain_pc1_ols,hapc,hapc_lasso,spatial_gam,spatial_plus_domain",0.281231047065418,NA,-0.150693871972817,0,NA,0.0797995340062428,0,NA,0.0011536927964602,0,NA,0.0927296683726998,0,NA,0.195548998529238,0,NA,0.0154732562746705,0,NA,0.185679075296046,0,NA,0.0252882448702011,0.0913815895636176,NA,0.188901043721207,0,NA,0.0829329913230563,0,NA,0.057022153892691,0.627387363370964,NA,0.202782059154676,0,NA,0.0392233312903481,0,NA,0.0518216748607307
"infill",70,17,"Malawi","child_vitA","prev",3,"ridge","xgb","mean,lasso,enet,ridge,ranger,xgb,domain_index,domain_pc_ridge,domain_pc_enet,domain_pc1_ols,hapc,hapc_lasso,spatial_gam,spatial_plus_domain",0,NA,-0.183117877068638,0,NA,-0.183117877068638,0.107504792145601,NA,-0.00826457757806143,0.58779826844844,NA,-0.160987364944248,0,NA,0.0596541436824963,0.261218403430768,NA,0.198798527724309,0.0434785359751906,NA,0.112763104729902,0,NA,-0.13970156384444,0,NA,-0.20306974305988,0,NA,-0.111906214524194,0,NA,0.149882859172923,0,NA,0.153474505354295,0,NA,-0.113857007120168,0,NA,-0.113857007120168
"infill",69,18,"Malawi","child_vitA","prev",3,"hapc_lasso","ranger","mean,lasso,enet,ridge,ranger,xgb,domain_index,domain_pc_ridge,domain_pc_enet,domain_pc1_ols,hapc,hapc_lasso,spatial_gam,spatial_plus_domain",0.210288222902149,NA,-0.172208773106219,0,NA,0.0246476310319871,0,NA,0.0690610412242487,0,NA,0.198885563617577,0,NA,0.222927301757542,0,NA,0.0541983575445969,0,NA,0.215426127535357,0,NA,0.163829443075416,0,NA,0.00672257132823662,0,NA,0.00165215736032934,0.26917567959722,NA,0.206937456959871,0.339688682648442,NA,0.196758648395084,0,NA,0.219926832068668,0.180847414852188,NA,0.219926832068668
"region",85,2,"Malawi","child_vitA","prev",1,"mean","domain_index","mean,lasso,enet,ridge,ranger,xgb,domain_index,domain_pc_ridge,domain_pc_enet,domain_pc1_ols,hapc,hapc_lasso,spatial_gam,spatial_plus_domain",0.447234307989862,NA,-0.114344020406941,0.214230304809007,NA,0.0596096799300786,0,NA,-0.080402479848367,0,NA,-0.0262708984577663,0,NA,0.0109776647536142,0,NA,0.0476446973971917,0,NA,0.111888521703427,0,NA,-0.0971972231484038,0,NA,-0.0184275331807815,0,NA,-0.0384524335096393,0,NA,0.072262824767518,0.293054989828815,NA,0.0541537588403199,0.0454803973723165,NA,0.105940586246775,0,NA,0.0849442720618883
"region",85,2,"Malawi","child_vitA","prev",1,"ranger","hapc_lasso","mean,lasso,enet,ridge,ranger,xgb,domain_index,domain_pc_ridge,domain_pc_enet,domain_pc1_ols,hapc,hapc_lasso,spatial_gam,spatial_plus_domain",0.375363058316206,NA,-0.260649723728727,0,NA,-0.284783188039198,0,NA,-0.19563377817198,0,NA,-0.119467838202713,0.147751252020272,NA,0.111760429598278,0.0104222654596818,NA,0.13912447870362,0.01537922351784,NA,0.130614177503568,0,NA,-0.215862621157394,0,NA,-0.177067957182934,0.0164519999676443,NA,0.0479587731887415,0,NA,0.109620053002838,0.434632200718356,NA,0.152796262219949,0,NA,-0.0458798428113521,0,NA,-0.0373593005749581
"region",85,2,"Malawi","child_vitA","prev",1,"lasso","domain_index","mean,lasso,enet,ridge,ranger,xgb,domain_index,domain_pc_ridge,domain_pc_enet,domain_pc1_ols,hapc,hapc_lasso,spatial_gam,spatial_plus_domain",0.371092721349315,NA,-0.193846215085039,0.193389588032477,NA,-0.0636342488844276,0,NA,-0.172674365103219,0,NA,-0.0689815452912748,0,NA,0.121450385000119,0.345274129229796,NA,0.141143118613482,0.0902435613884127,NA,0.158822862420213,0,NA,-0.180456457414094,0,NA,-0.187270302944902,0,NA,0.0127286022116314,0,NA,0.0993176637423543,0,NA,0.0547980558471993,0,NA,0.0793504315189963,0,NA,0.0793504315189963
"region",84,3,"Malawi","child_vitA","prev",1,"domain_pc_enet","hapc_lasso","mean,lasso,enet,ridge,ranger,xgb,domain_index,domain_pc_ridge,domain_pc_enet,domain_pc1_ols,hapc,hapc_lasso,spatial_gam,spatial_plus_domain",0,NA,-0.0734627754911129,0.106478437698428,NA,0.0946406321829659,0,NA,-0.0594468023418526,0,NA,0.0646068150372133,0,NA,0.0759900210178065,0.14192583438437,NA,0.101014084582188,0,NA,0.122620021420237,0,NA,-0.0822671364565952,0.651398151525264,NA,-0.00301047939209348,0,NA,-0.209908850227863,0.100197576391939,NA,0.114749890130596,0,NA,0.128865487537485,0,NA,0.0650710050864682,0,NA,0.0641953738571918
"region",82,5,"Malawi","child_vitA","prev",1,"hapc_lasso","hapc","mean,lasso,enet,ridge,ranger,xgb,domain_index,domain_pc_ridge,domain_pc_enet,domain_pc1_ols,hapc,hapc_lasso,spatial_gam,spatial_plus_domain",0.150961304708027,NA,-0.262412012648816,0,NA,-0.0735697290522436,0,NA,-0.070782419064936,0,NA,-0.0423361648581027,0,NA,0.166339483650912,0.0802019420083999,NA,0.149291811868222,0.006925099756918,NA,0.224181417897631,0,NA,-0.281637808800403,0,NA,-0.01785244884158,0,NA,0.0641894716126144,0.262986333312155,NA,0.250580372406863,0.4989253202145,NA,0.197385742303031,0,NA,0.0622625406265391,0,NA,0.06618441192761
"region",84,3,"Malawi","child_vitA","prev",1,"ridge","domain_index","mean,lasso,enet,ridge,ranger,xgb,domain_index,domain_pc_ridge,domain_pc_enet,domain_pc1_ols,hapc,hapc_lasso,spatial_gam,spatial_plus_domain",0.242300580386633,NA,-0.143621042364711,0,NA,-0.129817871147554,0,NA,-0.197924184809172,0.18827822364483,NA,0.153288458840713,0,NA,0.152469984994882,0,NA,0.0761074381318567,0.106227703836586,NA,0.241439154989803,0,NA,0.099026030929243,0,NA,-0.0553834968715578,0,NA,-0.0363529941914734,0.0254801042715384,NA,0.194892441082066,0.342064362177118,NA,0.205585748730201,0.095649025683295,NA,0.0863224169090514,0,NA,0.128542911917394
"region",83,4,"Malawi","child_vitA","prev",1,"mean","spatial_gam","mean,lasso,enet,ridge,ranger,xgb,domain_index,domain_pc_ridge,domain_pc_enet,domain_pc1_ols,hapc,hapc_lasso,spatial_gam,spatial_plus_domain",0.608714118553797,NA,-0.103204289401005,0,NA,-0.107870248994435,0,NA,-0.0157492815686691,0,NA,0.0539926343326182,0,NA,0.167274460409019,0,NA,0.103789399001094,0,NA,0.142642212927897,0,NA,0.0166106693248859,0,NA,0.0310156531993046,0.214268162921963,NA,0.165342733424456,0,NA,0.177227765549818,0.17701771852424,NA,0.139859216424713,0,NA,0.177511522056025,0,NA,0.159176486270343
"region",83,4,"Malawi","child_vitA","prev",1,"ranger","spatial_plus_domain","mean,lasso,enet,ridge,ranger,xgb,domain_index,domain_pc_ridge,domain_pc_enet,domain_pc1_ols,hapc,hapc_lasso,spatial_gam,spatial_plus_domain",0,NA,-0.106710681619809,0,NA,-0.0333711045537601,0,NA,0.046112325440686,0,NA,0.116545677710431,0.282206298045276,NA,0.275649240006796,0,NA,0.147909348296329,0,NA,0.240543125095441,0,NA,-0.0675586724580207,0,NA,-0.237333052150741,0,NA,0.0692076208739878,0.192497784889121,NA,0.247707863641815,0,NA,0.254199183002782,0.525295917065603,NA,0.293975073576874,0,NA,0.297529843703118
"region",83,4,"Malawi","child_vitA","prev",1,"mean","hapc_lasso","mean,lasso,enet,ridge,ranger,xgb,domain_index,domain_pc_ridge,domain_pc_enet,domain_pc1_ols,hapc,hapc_lasso,spatial_gam,spatial_plus_domain",0.439312654841068,NA,-0.175264119339662,0,NA,-0.103800057150816,0,NA,-0.0529626349725265,0,NA,-0.0926013602110822,0,NA,0.0625175876965774,0,NA,0.115079238599849,0,NA,0.157991626230401,0,NA,-0.0627870157636038,0,NA,-0.0800124604051325,0,NA,-0.0621780562987859,0,NA,0.130391009377672,0.560687345158932,NA,0.17541725377512,0,NA,0.107708121480053,0,NA,0.0648943074811179
"region",83,4,"Malawi","child_vitA","prev",1,"ranger","ranger","mean,lasso,enet,ridge,ranger,xgb,domain_index,domain_pc_ridge,domain_pc_enet,domain_pc1_ols,hapc,hapc_lasso,spatial_gam,spatial_plus_domain",0.0928592194336619,NA,-0.219686984035856,0,NA,-0.137351176072534,0,NA,-0.0751863660111174,0,NA,0.125093674248246,0.856187179101284,NA,0.216845769816647,0,NA,0.140329302345485,0,NA,0.191896883118733,0,NA,0.00642821271437943,0,NA,-0.130113099565877,0,NA,0.106605741585837,0.0509536014650539,NA,0.17732699521772,0,NA,-0.0142643022371713,0,NA,0.119232977766715,0,NA,0.119232977766715
"region",86,1,"Malawi","child_vitA","prev",1,"domain_pc_enet","hapc","mean,lasso,enet,ridge,ranger,xgb,domain_index,domain_pc_ridge,domain_pc_enet,domain_pc1_ols,hapc,hapc_lasso,spatial_gam,spatial_plus_domain",0,NA,-0.268215001146703,0,NA,-0.268215001146703,0,NA,-0.027944071399332,0,NA,-0.16620992780282,0,NA,0.114673226536579,0,NA,0.0375400086527168,0,NA,0.104387481331181,0,NA,-0.123431160836578,0.687182510243637,NA,-0.253218558968989,0,NA,-0.0863627493301654,0.312817489756363,NA,0.142973832586366,0,NA,0.0320812590379515,0,NA,-0.0743396805584039,0,NA,-0.043630512291614
"region",84,3,"Malawi","child_vitA","prev",1,"ranger","hapc_lasso","mean,lasso,enet,ridge,ranger,xgb,domain_index,domain_pc_ridge,domain_pc_enet,domain_pc1_ols,hapc,hapc_lasso,spatial_gam,spatial_plus_domain",0.371204002755323,NA,-0.0986125629166642,0,NA,-0.135842054357557,0.149207085959548,NA,0.0189861378805277,0,NA,0.0239546260974372,0,NA,0.182436630696226,0,NA,0.151179931113216,0,NA,0.164690618331346,0,NA,-0.0809052986157784,0,NA,-0.159534070283001,0,NA,-0.0010694195995542,0,NA,0.150597573905538,0.479588911285129,NA,0.185507241427619,0,NA,0.119542052266999,0,NA,0.119542052266999
"region",83,4,"Malawi","child_vitA","prev",1,"spatial_gam","spatial_gam","mean,lasso,enet,ridge,ranger,xgb,domain_index,domain_pc_ridge,domain_pc_enet,domain_pc1_ols,hapc,hapc_lasso,spatial_gam,spatial_plus_domain",0,NA,-0.238641335532964,0,NA,-0.231183058019038,0.231610917106466,NA,-0.238641335532964,0,NA,0.0141892297563752,0,NA,0.151972469239158,0,NA,-0.0288487129627107,0.0437612331476809,NA,0.179611823045657,0,NA,-0.231740157172544,0,NA,-0.111277448326098,0,NA,0.0662838759345208,0.228092638606725,NA,0.155655517578528,0,NA,0.0688675068591538,0.496535211139128,NA,0.210725335882727,0,NA,0.189297690469494
"region",85,2,"Malawi","child_vitA","prev",1,"domain_pc_enet","domain_index","mean,lasso,enet,ridge,ranger,xgb,domain_index,domain_pc_ridge,domain_pc_enet,domain_pc1_ols,hapc,hapc_lasso,spatial_gam,spatial_plus_domain",0,NA,-0.191517384025247,0,NA,-0.0597875565354028,0,NA,-0.100076551905497,0,NA,-0.100946825734631,0,NA,-0.00243834746850724,0,NA,0.0104063364764744,0.0878354261648541,NA,0.117101892232327,0,NA,-0.164613959850897,0.622804698227934,NA,-0.143288977412891,0,NA,-0.0334941202473192,0.00526241974265433,NA,0.0445329987449126,0,NA,0.0154666726454267,0.284097455864557,NA,0.0754765463264292,0,NA,0.0754765463264292
"region",85,2,"Malawi","child_vitA","prev",1,"mean","ranger","mean,lasso,enet,ridge,ranger,xgb,domain_index,domain_pc_ridge,domain_pc_enet,domain_pc1_ols,hapc,hapc_lasso,spatial_gam,spatial_plus_domain",0,NA,-0.069741089531748,0,NA,-0.110287441275048,0.510810813611888,NA,-0.069741089531748,0,NA,-0.0924064502118078,0.267289158017072,NA,0.118053849149651,0.197605619144518,NA,0.116554072481689,0,NA,0.0832120986660234,0,NA,-0.214857032833685,0,NA,0.00330779369751226,0,NA,-0.0139571053181854,0,NA,0.0719892800622194,0,NA,-0.0464216587702804,0.0242944092265226,NA,0.0634701404856954,0,NA,0.0628681893060368
"region",81,6,"Malawi","child_vitA","prev",1,"ridge","spatial_gam","mean,lasso,enet,ridge,ranger,xgb,domain_index,domain_pc_ridge,domain_pc_enet,domain_pc1_ols,hapc,hapc_lasso,spatial_gam,spatial_plus_domain",0.143748027482773,NA,-0.218745652406645,0,NA,-0.0278389043667564,0,NA,0.00287247059747739,0.746086546661861,NA,0.100637432371054,0,NA,0.11529699623318,0.0562469867614469,NA,0.123058843257152,0,NA,0.095780485582615,0,NA,0.0475368961893057,0,NA,-0.114530259284024,0.0249590170178737,NA,0.0341686164135718,0,NA,0.11065637752689,0,NA,0.0737198793976374,0,NA,0.181832161390114,0.0289594220760448,NA,0.176673301000888
"region",85,2,"Malawi","child_vitA","prev",1,"ranger","domain_index","mean,lasso,enet,ridge,ranger,xgb,domain_index,domain_pc_ridge,domain_pc_enet,domain_pc1_ols,hapc,hapc_lasso,spatial_gam,spatial_plus_domain",0,NA,-0.332599505650046,0,NA,-0.149512497403283,0,NA,-0.332599505650046,0,NA,-0.0461974484650373,0.540480058898542,NA,0.216275069028679,0.171121864035326,NA,0.155110381849373,0.0843261151945358,NA,0.231344333910053,0,NA,-0.204174765610054,0,NA,-0.196925986378421,0,NA,-0.00126512447209908,0,NA,0.210633021987786,0,NA,0.172363006706789,0.204071961871596,NA,0.072530402194777,0,NA,0.0941293417708556
"region",82,5,"Malawi","child_vitA","prev",1,"hapc_lasso","hapc_lasso","mean,lasso,enet,ridge,ranger,xgb,domain_index,domain_pc_ridge,domain_pc_enet,domain_pc1_ols,hapc,hapc_lasso,spatial_gam,spatial_plus_domain",0.0315743132048045,NA,-0.174859603076734,0,NA,-0.145107788867338,0,NA,0.0360545620878344,0,NA,0.0101105552284801,0,NA,0.126102863662806,0,NA,0.107683344251385,0,NA,0.171273192804045,0,NA,0.0364989861567852,0,NA,-0.00728455767339541,0,NA,-0.242797603564701,0.0204176613660902,NA,0.14054376688136,0.948008025429105,NA,0.209993856379069,0,NA,0.0971530466924863,0,NA,0.108805518049373
"region",83,4,"Malawi","child_vitA","prev",1,"mean","hapc","mean,lasso,enet,ridge,ranger,xgb,domain_index,domain_pc_ridge,domain_pc_enet,domain_pc1_ols,hapc,hapc_lasso,spatial_gam,spatial_plus_domain",0.532323687422303,NA,-0.261639983620638,0,NA,-0.183524822764734,0,NA,-0.260750199575885,0,NA,-0.106336730288773,0,NA,-0.0357678714038329,0,NA,-0.00376445807058859,0,NA,0.0752560430123238,0,NA,-0.264671208921881,0,NA,-0.282268299649501,0,NA,0.0114148083430751,0.176861125817413,NA,0.146902180484816,0.290815186760284,NA,0.131314453811294,0,NA,0.0402278158628294,0,NA,0.0467742194870494
"region",84,3,"Malawi","child_vitA","prev",1,"ranger","domain_index","mean,lasso,enet,ridge,ranger,xgb,domain_index,domain_pc_ridge,domain_pc_enet,domain_pc1_ols,hapc,hapc_lasso,spatial_gam,spatial_plus_domain",0.161606100615604,NA,-0.349351171983794,0,NA,-0.324389345080018,0,NA,-0.194933859334396,0,NA,-0.0670547311328543,0,NA,0.103356702471456,0,NA,0.0942732972629305,0.0274742732370864,NA,0.174631366337655,0,NA,-0.237674678887146,0,NA,-0.120756116367479,0,NA,0.0995376633477786,0.1107789976829,NA,0.171202670991812,0.286885337303723,NA,0.132484788163371,0.413255291160687,NA,0.08573848330974,0,NA,0.0929334686200934
"region",83,4,"Malawi","child_vitA","prev",1,"mean","domain_index","mean,lasso,enet,ridge,ranger,xgb,domain_index,domain_pc_ridge,domain_pc_enet,domain_pc1_ols,hapc,hapc_lasso,spatial_gam,spatial_plus_domain",0.772414949121559,NA,-0.126043557455714,0,NA,-0.099951688102662,0,NA,-0.0517893594723143,0,NA,-0.0944496243569778,0.135154922661339,NA,0.120662069236248,0,NA,0.0335601729623234,0.0924301282171029,NA,0.168264525095965,0,NA,-0.0632233916300086,0,NA,-0.137016238173265,0,NA,-0.145997791916687,0,NA,0.022012823975945,0,NA,0.0167138492976834,0,NA,0.0912527597718965,0,NA,0.0912527597718965
"region",84,3,"Malawi","child_vitA","prev",1,"ranger","hapc","mean,lasso,enet,ridge,ranger,xgb,domain_index,domain_pc_ridge,domain_pc_enet,domain_pc1_ols,hapc,hapc_lasso,spatial_gam,spatial_plus_domain",0.457823690699493,NA,-0.3055896876865,0,NA,-0.224926808602551,0,NA,-0.208992426494527,0,NA,-0.0730996562948707,0,NA,0.146240047181814,0.0669306803936286,NA,0.157516975010981,0,NA,0.184062757234195,0,NA,-0.130314695580811,0,NA,-0.207535211933991,0,NA,-0.0905013165783043,0.444249109659127,NA,0.185153389690913,0,NA,0.150909648282906,0.0309965192477516,NA,0.0803361985351111,0,NA,0.0659356146405875
"region",86,1,"Malawi","child_vitA","prev",1,"hapc_lasso","ranger","mean,lasso,enet,ridge,ranger,xgb,domain_index,domain_pc_ridge,domain_pc_enet,domain_pc1_ols,hapc,hapc_lasso,spatial_gam,spatial_plus_domain",0.207819380279981,NA,-0.181464597372809,0,NA,-0.125653520028894,0,NA,-0.156911068920384,0,NA,-0.101164797766588,0.104203464394167,NA,0.170869721214443,0.082065469272531,NA,0.166684350804569,0,NA,0.168816520636014,0,NA,-0.148837299622841,0,NA,-0.16669716673777,0,NA,0.112995129909979,0,NA,0.157593015551045,0.586236834044684,NA,0.165529425479203,0,NA,0.120862441741747,0.0196748520086363,NA,0.120862441741747
"region",82,5,"Malawi","child_vitA","prev",1,"ranger","hapc","mean,lasso,enet,ridge,ranger,xgb,domain_index,domain_pc_ridge,domain_pc_enet,domain_pc1_ols,hapc,hapc_lasso,spatial_gam,spatial_plus_domain",0.293216894164925,NA,-0.286273957830569,0,NA,-0.181886922754595,0,NA,-0.200285303411099,0,NA,-0.180594000186234,0,NA,0.0696705687537747,0,NA,0.0823102196025869,0,NA,0.0845354306992947,0,NA,-0.214682041137199,0,NA,-0.294422372492291,0,NA,-0.00292553134034171,0.494094832620645,NA,0.186748299806446,0,NA,-0.0681795643641025,0.212688273214431,NA,0.0935718209397324,0,NA,0.0717602339968759
"region",83,4,"Malawi","child_vitA","prev",1,"mean","hapc","mean,lasso,enet,ridge,ranger,xgb,domain_index,domain_pc_ridge,domain_pc_enet,domain_pc1_ols,hapc,hapc_lasso,spatial_gam,spatial_plus_domain",0.706033923235319,NA,-0.142383256472535,0,NA,-0.0932467044641901,0,NA,0.0268001741430657,0,NA,0.037590163754793,0,NA,0.0990493668519832,0,NA,0.127470125350415,0,NA,0.0454402301253465,0,NA,-0.0975211326425897,0,NA,-0.054460007698925,0,NA,0.00876260909990349,0.293966076764681,NA,0.173987815565838,0,NA,0.157924864631134,0,NA,0.0335551856623657,0,NA,0.0398990068049558
"region",84,3,"Malawi","child_vitA","prev",1,"ridge","spatial_gam","mean,lasso,enet,ridge,ranger,xgb,domain_index,domain_pc_ridge,domain_pc_enet,domain_pc1_ols,hapc,hapc_lasso,spatial_gam,spatial_plus_domain",0.738168316544445,NA,-0.0753721799414191,0,NA,-0.107932036174189,0,NA,-0.0938939219100276,0,NA,0.107342718626448,0,NA,0.105271561371853,0,NA,0.0457231619301097,0.120312480396708,NA,0.167690143201943,0,NA,-0.166909154574264,0,NA,-0.0687479026908934,0.0477539070918162,NA,0.0682325410269975,0,NA,0.0137516430914195,0,NA,0.0436625181641172,0,NA,0.213960006539357,0.0937652959670301,NA,0.213960006539357
"region",85,2,"Malawi","child_vitA","prev",1,"mean","domain_index","mean,lasso,enet,ridge,ranger,xgb,domain_index,domain_pc_ridge,domain_pc_enet,domain_pc1_ols,hapc,hapc_lasso,spatial_gam,spatial_plus_domain",0.508993612286564,NA,-0.171634378406238,0,NA,-0.150151027764098,0,NA,-0.0204821855352617,0,NA,-0.13484372551274,0.279690886837333,NA,0.111350788144605,0,NA,0.00792656212856842,0.0762831183630334,NA,0.155356521305404,0,NA,-0.193663545274817,0,NA,-0.178711572626477,0,NA,-0.021577863572214,0,NA,0.0609034431248016,0,NA,0.0475081675897014,0,NA,0.0934392155827626,0.135032382513069,NA,0.0934392155827626
"infill",69,18,"Malawi","child_vitA","level",1,"spatial_gam","xgb","mean,lasso,enet,ridge,ranger,xgb,domain_index,domain_pc_ridge,domain_pc_enet,domain_pc1_ols,hapc,hapc_lasso,spatial_gam,spatial_plus_domain",0,NA,-0.272126168046161,0,NA,-0.0341942899840089,0,NA,-0.118287290379003,0,NA,-0.112787723785166,0,NA,0.0589696748264523,0.574325161858673,NA,0.169455608330289,0.425674838141327,NA,0.157069784435513,0,NA,-0.142383190677358,0,NA,-0.252306919332009,0,NA,0.0467665327000365,0,NA,0.0135915235659481,0,NA,-0.0810749672882718,0,NA,0.139568871026672,0,NA,0.137705516989404
"infill",70,17,"Malawi","child_vitA","level",1,"ridge","domain_index","mean,lasso,enet,ridge,ranger,xgb,domain_index,domain_pc_ridge,domain_pc_enet,domain_pc1_ols,hapc,hapc_lasso,spatial_gam,spatial_plus_domain",0.477143780336086,NA,-0.258972485635024,0,NA,-0.253941157086934,0,NA,-0.207167164268866,0,NA,-0.096772983027109,0,NA,0.102230775960108,0.0163707473502332,NA,0.181174000524888,0.506485472313681,NA,0.252488846120199,0,NA,-0.211435379299775,0,NA,-0.258972485635024,0,NA,0.108214504417811,0,NA,0.111048902108302,0,NA,-0.0260169713935789,0,NA,0.00411162627941562,0,NA,-0.011844982941125
"infill",70,17,"Malawi","child_vitA","level",1,"spatial_plus_domain","domain_index","mean,lasso,enet,ridge,ranger,xgb,domain_index,domain_pc_ridge,domain_pc_enet,domain_pc1_ols,hapc,hapc_lasso,spatial_gam,spatial_plus_domain",0,NA,-0.152983746340381,0,NA,-0.0624420298726626,0.11229207759381,NA,0.0578325499436073,0,NA,0.0886186685329367,0.260256846729256,NA,0.095267255708162,0,NA,0.10006123698714,0.0818551588419352,NA,0.146041466188435,0,NA,-0.0589175140811261,0,NA,0.000652578331172147,0,NA,0.0274166739567842,0,NA,0.00113725833260432,0,NA,-0.0949558037938789,0,NA,0.120076983640976,0.545595916834999,NA,0.125080920304435
"infill",70,17,"Malawi","child_vitA","level",1,"ranger","hapc","mean,lasso,enet,ridge,ranger,xgb,domain_index,domain_pc_ridge,domain_pc_enet,domain_pc1_ols,hapc,hapc_lasso,spatial_gam,spatial_plus_domain",0.000777989518569924,NA,-0.236474875879086,0,NA,-0.0511833058665289,0,NA,-0.179123998534658,0,NA,0.119447117487534,0,NA,0.274464176362523,0,NA,0.277788469950136,0.356925107458416,NA,0.273414399440119,0,NA,-0.228472964919027,0,NA,-0.2042041059003,0,NA,0.116787682617444,0.642296903023014,NA,0.328597672994489,0,NA,0.224844720496894,0,NA,0.0879888023794944,0,NA,0.108144519289651
"infill",69,18,"Malawi","child_vitA","level",1,"enet","xgb","mean,lasso,enet,ridge,ranger,xgb,domain_index,domain_pc_ridge,domain_pc_enet,domain_pc1_ols,hapc,hapc_lasso,spatial_gam,spatial_plus_domain",0,NA,-0.270877027647484,0,NA,-0.132759697754438,0.664358922092518,NA,-0.11133477681284,0,NA,-0.0714472980881135,0,NA,0.0267080745341615,0,NA,0.164523200584582,0.148888872851136,NA,0.132517354767994,0,NA,-0.254274170315637,0,NA,-0.159785877027164,0.186752205056347,NA,0.0815126050420168,0,NA,0.041687979539642,0,NA,0.0869565217391304,0,NA,-0.0236755571793935,0,NA,-0.0751918158567775
"infill",69,18,"Malawi","child_vitA","level",2,"mean","domain_index","mean,lasso,enet,ridge,ranger,xgb,domain_index,domain_pc_ridge,domain_pc_enet,domain_pc1_ols,hapc,hapc_lasso,spatial_gam,spatial_plus_domain",0,NA,-0.213528432627616,0,NA,-0.261116843719389,0,NA,-0.26553387377713,0,NA,-0.177091706247717,0,NA,-0.034855681402996,0,NA,0.0835951772013153,0.554346237317027,NA,0.197040555352576,0,NA,-0.231985510267048,0.445653762682973,NA,-0.213528432627616,0,NA,0.0222871757398612,0,NA,-0.0769455608330289,0,NA,-0.283848667545479,0,NA,0.0345633905736208,0,NA,0.0345633905736208
"infill",70,17,"Malawi","child_vitA","level",2,"xgb","xgb","mean,lasso,enet,ridge,ranger,xgb,domain_index,domain_pc_ridge,domain_pc_enet,domain_pc1_ols,hapc,hapc_lasso,spatial_gam,spatial_plus_domain",0,NA,-0.384959100268279,0,NA,-0.0946825882222032,0,NA,-0.127235137326375,0,NA,0.0220278190884437,0,NA,0.209482984865716,0.878569711479288,NA,0.317959933514128,0.0441600828606084,NA,0.239751552795031,0,NA,-0.130329804916455,0.0772702056601032,NA,0.135333741579914,0,NA,-0.0161840608870615,0,NA,0.286116700201207,0,NA,0.108704400314933,0,NA,-0.258647537398303,0,NA,-0.219875776397516
"infill",69,18,"Malawi","child_vitA","level",2,"lasso","domain_index","mean,lasso,enet,ridge,ranger,xgb,domain_index,domain_pc_ridge,domain_pc_enet,domain_pc1_ols,hapc,hapc_lasso,spatial_gam,spatial_plus_domain",0,NA,-0.230158779427915,0.234677384565565,NA,-0.185730020495423,0,NA,-0.263333202584573,0,NA,-0.207965304639241,0,NA,0.00865911582024114,0.0570086419986728,NA,0.0413591523565948,0.0673121467886383,NA,0.0768724881256851,0,NA,-0.241687857142396,0.0513587386631351,NA,-0.189543362515117,0,NA,0.0736938253562295,0,NA,-0.00390938984289368,0,NA,-0.123975840923908,0,NA,0.0537084398976982,0.589643087983989,NA,0.0369747899159664
"infill",70,17,"Malawi","child_vitA","level",2,"xgb","xgb","mean,lasso,enet,ridge,ranger,xgb,domain_index,domain_pc_ridge,domain_pc_enet,domain_pc1_ols,hapc,hapc_lasso,spatial_gam,spatial_plus_domain",0,NA,-0.325965368019374,0,NA,-0.0280079564838208,0,NA,-0.294058396493353,0,NA,0.181425189454344,0,NA,0.320899308896859,0.810939304240237,NA,0.393228938850494,0.189060695759763,NA,0.360370921179249,0,NA,-0.16045840258945,0,NA,-0.279182813653581,0,NA,0.149295774647887,0,NA,0.345534074009273,0,NA,0.303717959933514,0,NA,0.122421485434345,0,NA,0.176694952322631
"infill",70,17,"Malawi","child_vitA","level",2,"mean","domain_pc1_ols","mean,lasso,enet,ridge,ranger,xgb,domain_index,domain_pc_ridge,domain_pc_enet,domain_pc1_ols,hapc,hapc_lasso,spatial_gam,spatial_plus_domain",0.299684588408013,NA,-0.189479868833348,0,NA,-0.088962300065738,0,NA,-0.162026719615447,0,NA,-0.190735351190479,0,NA,-0.0877438544309334,0,NA,-0.140267693115213,0,NA,0.0714723121336716,0,NA,-0.131115183393418,0,NA,-0.0413151604347481,0.314244929166053,NA,0.154264718747266,0,NA,-0.109054325955734,0,NA,-0.100198419892291,0,NA,0.0562155541947336,0.386070482425934,NA,0.0568104277840959
"infill",70,17,"Malawi","child_vitA","level",3,"domain_pc_enet","xgb","mean,lasso,enet,ridge,ranger,xgb,domain_index,domain_pc_ridge,domain_pc_enet,domain_pc1_ols,hapc,hapc_lasso,spatial_gam,spatial_plus_domain",0,NA,-0.405956869373822,0,NA,-0.204261435222223,0,NA,-0.221294603276133,0,NA,-0.353645615229944,0,NA,-0.23677718484822,0.859604656054163,NA,0.00232700551132884,0,NA,-0.0659084944449305,0,NA,-0.411460064736244,0,NA,-0.401030356396748,0,NA,-0.034485171900971,0,NA,-0.0554457177849707,0.140395343945837,NA,-0.110873939287901,0,NA,-0.0838596798180387,0,NA,-0.0846295162278016
"infill",69,18,"Malawi","child_vitA","level",3,"hapc","hapc","mean,lasso,enet,ridge,ranger,xgb,domain_index,domain_pc_ridge,domain_pc_enet,domain_pc1_ols,hapc,hapc_lasso,spatial_gam,spatial_plus_domain",0,NA,-0.250424684104962,0,NA,-0.162463107592654,0,NA,-0.138666651281719,0,NA,0.0394227256119839,0,NA,0.161088783339423,0.205329819382858,NA,0.267665327000365,0.316716893779116,NA,0.265217391304348,0,NA,-0.103215199123128,0,NA,-0.261389945803635,0,NA,-0.0222871757398612,0.477953286838025,NA,0.283120204603581,0,NA,0.112433907356218,0,NA,0.0541103397880892,0,NA,-0.0219948849104859
"infill",70,17,"Malawi","child_vitA","level",3,"xgb","domain_index","mean,lasso,enet,ridge,ranger,xgb,domain_index,domain_pc_ridge,domain_pc_enet,domain_pc1_ols,hapc,hapc_lasso,spatial_gam,spatial_plus_domain",0,NA,-0.306467439564228,0,NA,-0.192228411660682,0,NA,-0.108733426947858,0,NA,-0.131132749736317,0,NA,0.0672732044440556,0.390813404081002,NA,0.138028169014084,0.314163438333472,NA,0.169381506429884,0,NA,-0.16823286593767,0,NA,-0.218483571544666,0.295023157585526,NA,0.164552532586825,0,NA,0.0275216516490246,0,NA,-0.153302996068873,0,NA,-0.0349400752340128,0,NA,-0.0349400752340128
"infill",70,17,"Malawi","child_vitA","level",3,"xgb","xgb","mean,lasso,enet,ridge,ranger,xgb,domain_index,domain_pc_ridge,domain_pc_enet,domain_pc1_ols,hapc,hapc_lasso,spatial_gam,spatial_plus_domain",0,NA,-0.0964897485088025,0,NA,0.220492736060314,0.218161129035248,NA,0.213466198900967,0,NA,0.0173906794693843,0,NA,0.203989152305135,0.702581671718787,NA,0.332306884786983,0.0792571992459643,NA,0.272854518414837,0,NA,-0.019814834789359,0,NA,0.00658775811475624,0,NA,0.0202431983203569,0,NA,0.193246435132534,0,NA,0.122472542687421,0,NA,0.0108651911468813,0,NA,0.0297611757501531
"infill",69,18,"Malawi","child_vitA","level",3,"hapc_lasso","domain_index","mean,lasso,enet,ridge,ranger,xgb,domain_index,domain_pc_ridge,domain_pc_enet,domain_pc1_ols,hapc,hapc_lasso,spatial_gam,spatial_plus_domain",0.658928082817573,NA,0.0218319911470303,0,NA,0.0218319911470303,0,NA,0.0218319911470303,0,NA,0.151150895140665,0,NA,0.182791377420533,0,NA,0.188819875776398,0.341071917182427,NA,0.252246985750822,0,NA,0.0419437340153453,0,NA,0.0370833694958626,0,NA,-0.10018268176836,0,NA,0.166240409207161,0,NA,0.160175374497625,0,NA,0.182754841066862,0,NA,0.200328827183047
"region",85,2,"Malawi","child_vitA","level",1,"mean","xgb","mean,lasso,enet,ridge,ranger,xgb,domain_index,domain_pc_ridge,domain_pc_enet,domain_pc1_ols,hapc,hapc_lasso,spatial_gam,spatial_plus_domain",0.0839245583747784,NA,-0.219028358727609,0,NA,-0.171570886116386,0,NA,-0.275155651209962,0,NA,-0.102560093804964,0,NA,0.0607777994918898,0.603138459518639,NA,0.168770764119601,0.312936982106582,NA,0.144459644322845,0,NA,-0.222083251905413,0,NA,-0.275446424286748,0,NA,-0.0178620285323432,0,NA,-0.0155950752393981,0,NA,-0.0291772522962673,0,NA,0.0379323822552277,0,NA,0.0379323822552277
"region",85,2,"Malawi","child_vitA","level",1,"ranger","xgb","mean,lasso,enet,ridge,ranger,xgb,domain_index,domain_pc_ridge,domain_pc_enet,domain_pc1_ols,hapc,hapc_lasso,spatial_gam,spatial_plus_domain",0.0898703498023786,NA,-0.236659124445621,0.285419424738073,NA,0.00202097133598244,0,NA,-0.0479343007165543,0,NA,0.0555472801181192,0,NA,0.1656243892906,0.289886849951056,NA,0.185401602501466,0.294626265734002,NA,0.183701387531757,0,NA,-0.107953879226109,0,NA,-0.140345733458851,0.0401971097744898,NA,0.104905217901114,0,NA,0.165761188196209,0,NA,0.0704318936877077,0,NA,0.0247606019151847,0,NA,0.0379323822552277
"region",85,2,"Malawi","child_vitA","level",1,"hapc_lasso","hapc_lasso","mean,lasso,enet,ridge,ranger,xgb,domain_index,domain_pc_ridge,domain_pc_enet,domain_pc1_ols,hapc,hapc_lasso,spatial_gam,spatial_plus_domain",0,NA,-0.227843741586615,0,NA,-0.236148835902758,0,NA,-0.184474655826597,0,NA,-0.00689857338284151,0,NA,0.107523939808482,0,NA,0.16734414696111,0.0598008264181302,NA,0.196208716044557,0,NA,-0.188892146131096,0,NA,-0.0899430349916844,0.210776790699845,NA,0.201680672268908,0,NA,0.181903459058042,0.729422382882025,NA,0.234238811803791,0,NA,0.0131522376392417,0,NA,0.0224936486222396
"region",84,3,"Malawi","child_vitA","level",1,"domain_pc_enet","domain_index","mean,lasso,enet,ridge,ranger,xgb,domain_index,domain_pc_ridge,domain_pc_enet,domain_pc1_ols,hapc,hapc_lasso,spatial_gam,spatial_plus_domain",0.468601289899206,NA,-0.213819453505794,0,NA,-0.0885715514917996,0,NA,-0.159590648970711,0,NA,0.0863015085552293,0,NA,0.150855522932064,0.00639072994450212,NA,0.200728966285309,0.51774626401243,NA,0.238209982788296,0,NA,-0.0406196213425129,0,NA,0.0339150547518362,0.00726171614386245,NA,0.139698288954136,0,NA,0.149579831932773,0,NA,0.0312038068239344,0,NA,0.12935101751544,0,NA,0.120745165536094
"region",82,5,"Malawi","child_vitA","level",1,"enet","domain_index","mean,lasso,enet,ridge,ranger,xgb,domain_index,domain_pc_ridge,domain_pc_enet,domain_pc1_ols,hapc,hapc_lasso,spatial_gam,spatial_plus_domain",0.155499400255584,NA,-0.328570723237653,0,NA,-0.0498362011732567,0,NA,-0.0224877336685905,0,NA,-0.201799259012402,0,NA,0.0196232082802756,0,NA,0.0848162296884013,0.844500599744416,NA,0.203665610953298,0,NA,-0.243669954175602,0,NA,-0.273536987905592,0,NA,-0.0862311032748882,0,NA,0.0222135153078438,0,NA,0.0148779399440581,0,NA,0.0359269054537935,0,NA,0.0412381232246057
"region",84,3,"Malawi","child_vitA","level",1,"enet","domain_index","mean,lasso,enet,ridge,ranger,xgb,domain_index,domain_pc_ridge,domain_pc_enet,domain_pc1_ols,hapc,hapc_lasso,spatial_gam,spatial_plus_domain",0.234560682731068,NA,-0.198123723071574,0,NA,-0.159907949051608,0.0199117066164328,NA,-0.00503914415413746,0,NA,0.0359623367419257,0,NA,0.114852688063177,0.48413383079627,NA,0.177969018932874,0.261393779856229,NA,0.225291080287537,0,NA,-0.150106307583274,0,NA,-0.175537462794423,0,NA,-0.013060645945125,0,NA,0.102359015895515,0,NA,0.0547332185886403,0,NA,0.105760858560292,0,NA,0.108271742431913
"region",83,4,"Malawi","child_vitA","level",1,"hapc_lasso","domain_index","mean,lasso,enet,ridge,ranger,xgb,domain_index,domain_pc_ridge,domain_pc_enet,domain_pc1_ols,hapc,hapc_lasso,spatial_gam,spatial_plus_domain",0.403561008930864,NA,-0.130986751558459,0,NA,0.0987403202333366,0,NA,0.0769010862961597,0,NA,0.166155912850006,0,NA,0.129717476176483,0,NA,0.163196339364426,0.382690428719034,NA,0.26461945342345,0,NA,-0.0309552878014178,0,NA,0.0491593567002863,0.0137420487112424,NA,0.126296125267621,0,NA,0.122392007052601,0.20000651363886,NA,0.242873934763444,0,NA,0.111750136434239,0,NA,0.112652701397926
"region",83,4,"Malawi","child_vitA","level",1,"lasso","xgb","mean,lasso,enet,ridge,ranger,xgb,domain_index,domain_pc_ridge,domain_pc_enet,domain_pc1_ols,hapc,hapc_lasso,spatial_gam,spatial_plus_domain",0,NA,-0.272052702823886,0.218786934358004,NA,0.0871993289241028,0,NA,-0.040678393014567,0,NA,0.099177196591243,0,NA,0.152554468746064,0.3626087238369,NA,0.247743587590781,0.19166988262743,NA,0.21141010033164,0,NA,-0.11724948574787,0,NA,-0.153127601659897,0,NA,-0.0138743125813358,0,NA,0.0518660005877167,0,NA,0.143025061920154,0.226934459177666,NA,0.126946811636791,0,NA,0.0957348557995046
"region",83,4,"Malawi","child_vitA","level",1,"mean","domain_index","mean,lasso,enet,ridge,ranger,xgb,domain_index,domain_pc_ridge,domain_pc_enet,domain_pc1_ols,hapc,hapc_lasso,spatial_gam,spatial_plus_domain",0.751588981827868,NA,-0.168250870347557,0,NA,-0.0643628195189852,0,NA,-0.138195068067282,0,NA,-0.000358365807849428,0,NA,0.0223962050291759,0,NA,0.0416229377440074,0.248411018172132,NA,0.166407791444524,0,NA,-0.0936568573947357,0,NA,-0.171996705649845,0,NA,-0.0296377146215524,0,NA,0.0239074765962806,0,NA,-0.00386213844926745,0,NA,-0.0269300197304899,0,NA,-0.018093279039503
"region",83,4,"Malawi","child_vitA","level",1,"ranger","domain_index","mean,lasso,enet,ridge,ranger,xgb,domain_index,domain_pc_ridge,domain_pc_enet,domain_pc1_ols,hapc,hapc_lasso,spatial_gam,spatial_plus_domain",0,NA,-0.177815934469047,0.297355319763491,NA,0.0111936614098851,0,NA,-0.0499393293408998,0,NA,0.0829100373619915,0,NA,0.248898031148986,0.156454457779551,NA,0.244700054573695,0.546190222456958,NA,0.331954997691113,0,NA,-0.167335751924045,0,NA,-0.0505016582007472,0,NA,0.163490197724697,0,NA,0.195058981570883,0,NA,0.149594895260484,0,NA,0.167751143948617,0,NA,0.14187061836195
"region",86,1,"Malawi","child_vitA","level",1,"ridge","domain_index","mean,lasso,enet,ridge,ranger,xgb,domain_index,domain_pc_ridge,domain_pc_enet,domain_pc1_ols,hapc,hapc_lasso,spatial_gam,spatial_plus_domain",0,NA,-0.195894475139168,0.377042728875427,NA,-0.0610401670362157,0,NA,-0.0056352054905428,0,NA,-0.0124732195479746,0,NA,0.0418038586725789,0,NA,0.163847351290155,0.378106250535993,NA,0.222453889334403,0,NA,0.00804754941270815,0,NA,-0.133538279516941,0,NA,-0.0478607481484976,0,NA,0.0651634511061843,0,NA,0.097825369121185,0.24485102058858,NA,0.139582055757347,0,NA,0.139808481532148
"region",84,3,"Malawi","child_vitA","level",1,"mean","domain_index","mean,lasso,enet,ridge,ranger,xgb,domain_index,domain_pc_ridge,domain_pc_enet,domain_pc1_ols,hapc,hapc_lasso,spatial_gam,spatial_plus_domain",0.684422874097813,NA,-0.0536589388709026,0,NA,-0.107993211669152,0,NA,-0.112444434989983,0,NA,0.0127489354420015,0,NA,0.111754581350613,0,NA,0.12487597448618,0.184691206482883,NA,0.143991090412068,0,NA,-0.0708206413787737,0,NA,0.0639301844840452,0.0853433791913293,NA,0.0896831021565253,0.0455425402279749,NA,0.141135972461274,0,NA,-0.0236882133810713,0,NA,0.0713172015794269,0,NA,0.0800647970031386
"region",83,4,"Malawi","child_vitA","level",1,"ridge","domain_index","mean,lasso,enet,ridge,ranger,xgb,domain_index,domain_pc_ridge,domain_pc_enet,domain_pc1_ols,hapc,hapc_lasso,spatial_gam,spatial_plus_domain",0.567820948654109,NA,-0.259895538458946,0,NA,-0.19955469367695,0,NA,-0.105497505651791,0,NA,0.0485076193274841,0,NA,0.0828470677133621,0,NA,0.00507955165610176,0.289677662322846,NA,0.195940556651694,0,NA,-0.110208026084518,0,NA,-0.202123976283346,0.142501389023046,NA,0.146656311657781,0,NA,0.0922505352420133,0,NA,0.0193517536238691,0,NA,0.0668107971957516,0,NA,0.0668107971957516
"region",85,2,"Malawi","child_vitA","level",1,"ranger","xgb","mean,lasso,enet,ridge,ranger,xgb,domain_index,domain_pc_ridge,domain_pc_enet,domain_pc1_ols,hapc,hapc_lasso,spatial_gam,spatial_plus_domain",0.142036731368877,NA,-0.0732354883671263,0,NA,-0.107131101888001,0,NA,-0.0781115231897678,0,NA,-0.00667116751683523,0,NA,0.265604846589799,0.699953368430669,NA,0.314617940199336,0,NA,0.216396325972249,0,NA,-0.00733828426851875,0,NA,0.0220447607721019,0,NA,0.0444987297244479,0,NA,0.219093218682822,0,NA,0.114861807775157,0.158009900200454,NA,0.145769005276529,0,NA,0.145769005276529
"region",85,2,"Malawi","child_vitA","level",1,"enet","domain_index","mean,lasso,enet,ridge,ranger,xgb,domain_index,domain_pc_ridge,domain_pc_enet,domain_pc1_ols,hapc,hapc_lasso,spatial_gam,spatial_plus_domain",0,NA,-0.26107095390133,0,NA,0.00170703404107254,0.621045772003004,NA,0.113562634356068,0,NA,0.120383036935705,0,NA,0.182333398475669,0,NA,0.206136408051593,0.327565007664681,NA,0.253156146179402,0,NA,0.0591752980261872,0,NA,-0.132268564632612,0,NA,0.113894860269689,0.0513892203323147,NA,0.209829978503029,0,NA,0.249599374633574,0,NA,0.0483877271838968,0,NA,0.0681258549931601
"region",81,6,"Malawi","child_vitA","level",1,"ranger","domain_index","mean,lasso,enet,ridge,ranger,xgb,domain_index,domain_pc_ridge,domain_pc_enet,domain_pc1_ols,hapc,hapc_lasso,spatial_gam,spatial_plus_domain",0,NA,-0.226046997152338,0,NA,-0.0161246612466125,0,NA,0.0980816386234546,0,NA,-0.0791549746198952,0,NA,0.223938572719061,0,NA,0.286246612466125,0.475147718508114,NA,0.309959349593496,0,NA,-0.0417118337850045,0,NA,0.0252935883697944,0,NA,-0.0779584462511292,0.524852281491886,NA,0.247990063233966,0,NA,0.205081300813008,0,NA,0.109372177055104,0,NA,-0.0764227642276423
"region",85,2,"Malawi","child_vitA","level",1,"ranger","domain_index","mean,lasso,enet,ridge,ranger,xgb,domain_index,domain_pc_ridge,domain_pc_enet,domain_pc1_ols,hapc,hapc_lasso,spatial_gam,spatial_plus_domain",0.241529524713928,NA,-0.230895220268579,0,NA,-0.143528207016617,0,NA,-0.116647326139957,0,NA,-0.0566460606503038,0,NA,0.166542896228259,0.194492293928442,NA,0.17359781121751,0.393086145542046,NA,0.245925346882939,0,NA,-0.11709861100139,0,NA,-0.13411323207642,0.170892035815585,NA,0.182802423294899,0,NA,0.182626538987688,0,NA,0.0222306846958068,0,NA,0.0917920656634747,0,NA,0.119151846785226
"region",82,5,"Malawi","child_vitA","level",1,"hapc_lasso","hapc","mean,lasso,enet,ridge,ranger,xgb,domain_index,domain_pc_ridge,domain_pc_enet,domain_pc1_ols,hapc,hapc_lasso,spatial_gam,spatial_plus_domain",0,NA,-0.0872411920320665,0,NA,-0.124360898450452,0,NA,-0.040744668635312,0,NA,-0.0252645369509541,0,NA,0.109913910384084,0.268649973896094,NA,0.149203861516527,0.123624224238336,NA,0.164571565394369,0,NA,-0.136424126616597,0,NA,-0.0396466889703947,0,NA,-0.170165757882478,0,NA,0.17660887452248,0.60772580186557,NA,0.0453461141142964,0,NA,-0.102883077023541,0,NA,-0.0633754530316387
"region",83,4,"Malawi","child_vitA","level",1,"lasso","domain_index","mean,lasso,enet,ridge,ranger,xgb,domain_index,domain_pc_ridge,domain_pc_enet,domain_pc1_ols,hapc,hapc_lasso,spatial_gam,spatial_plus_domain",0.200667350233397,NA,-0.232999820643647,0.260914518257637,NA,0.144138521116843,0,NA,-0.00220926598485754,0,NA,0.190357247806557,0,NA,0.169472314344486,0,NA,0.193295831409261,0.145497319659267,NA,0.26231056630704,0,NA,0.101544719187979,0,NA,0.130656803394552,0.173646375324662,NA,0.219554174887704,0.219274436525037,NA,0.163930985265102,0,NA,0.141198942109903,0,NA,0.0143780697703707,0,NA,0.00379916880063809
"region",84,3,"Malawi","child_vitA","level",1,"spatial_gam","domain_index","mean,lasso,enet,ridge,ranger,xgb,domain_index,domain_pc_ridge,domain_pc_enet,domain_pc1_ols,hapc,hapc_lasso,spatial_gam,spatial_plus_domain",0.476186964680123,NA,-0.2501707238597,0,NA,-0.266774411638889,0,NA,-0.262481670846566,0,NA,-0.00139718538017617,0,NA,0.072289156626506,0,NA,0.0779183962741723,0.321656531614097,NA,0.154682595929938,0,NA,-0.283056944851466,0,NA,-0.221163566716569,0,NA,0.0572036043332996,0,NA,0.0859167763490939,0,NA,-0.196726872141677,0.20215650370578,NA,-0.0129998987546826,0,NA,-0.0238128986534373
"region",83,4,"Malawi","child_vitA","level",1,"domain_pc_enet","domain_index","mean,lasso,enet,ridge,ranger,xgb,domain_index,domain_pc_ridge,domain_pc_enet,domain_pc1_ols,hapc,hapc_lasso,spatial_gam,spatial_plus_domain",0,NA,-0.218111310980857,0,NA,0.0354099324125771,0,NA,-0.0681102599975577,0,NA,-0.10837076529113,0,NA,-0.0304563200537341,0,NA,0.0745770538600394,0.296390293848881,NA,0.179610427773813,0,NA,-0.162230804752109,0.703609706151118,NA,-0.104873385243343,0,NA,0.0233407497586163,0,NA,-0.0661601108265816,0,NA,-0.0314428445489274,0,NA,0.0240124260106629,0,NA,0.0243272742538097
"region",84,3,"Malawi","child_vitA","level",1,"ranger","domain_index","mean,lasso,enet,ridge,ranger,xgb,domain_index,domain_pc_ridge,domain_pc_enet,domain_pc1_ols,hapc,hapc_lasso,spatial_gam,spatial_plus_domain",0.225991320481148,NA,-0.217859631649164,0,NA,-0.207218416007475,0,NA,-0.128820036381297,0,NA,0.000850460666194189,0,NA,0.144942796395667,0.31637415260211,NA,0.184509466437177,0.457634526916743,NA,0.22612129189025,0,NA,-0.12262832843981,0,NA,-0.219891435280593,0,NA,0.0860180216664979,0,NA,0.155411562215248,0,NA,0.140123519287233,0,NA,0.0903513212513921,0,NA,0.0965070365495596
"region",86,1,"Malawi","child_vitA","level",1,"ridge","domain_index","mean,lasso,enet,ridge,ranger,xgb,domain_index,domain_pc_ridge,domain_pc_enet,domain_pc1_ols,hapc,hapc_lasso,spatial_gam,spatial_plus_domain",0.54432299835911,NA,-0.158362075822752,0.0567794124289646,NA,0.12979887678793,0,NA,0.0289537329749596,0,NA,0.20650974102552,0,NA,0.180319826406906,0,NA,0.117656493230813,0.398897589211925,NA,0.263399216944195,0,NA,0.0204514659480912,0,NA,-0.0432243255359723,0,NA,0.103127506014435,0,NA,0.103259587716402,0,NA,0.181867069201377,0,NA,0.060861361384971,0,NA,0.060861361384971
"region",82,5,"Malawi","child_vitA","level",1,"enet","domain_index","mean,lasso,enet,ridge,ranger,xgb,domain_index,domain_pc_ridge,domain_pc_enet,domain_pc1_ols,hapc,hapc_lasso,spatial_gam,spatial_plus_domain",0,NA,-0.206484150583662,0,NA,-0.096569607933524,0.705847970150159,NA,-0.0647146181674516,0,NA,0.0138293549298818,0,NA,-0.00268825981432505,0,NA,0.0267628780705478,0.217369514215263,NA,0.10971800481057,0,NA,-0.200646614227043,0,NA,-0.138080778398145,0.0767825156345774,NA,0.0852080408354284,0,NA,0.0788955279111024,0,NA,-0.0770548159286221,0,NA,-0.127632481144089,0,NA,-0.140235739706795
"region",83,4,"Malawi","child_vitA","level",1,"mean","domain_index","mean,lasso,enet,ridge,ranger,xgb,domain_index,domain_pc_ridge,domain_pc_enet,domain_pc1_ols,hapc,hapc_lasso,spatial_gam,spatial_plus_domain",0.202092601808767,NA,-0.0944402803574235,0.450729219675088,NA,-0.0164150574403748,0,NA,0.0032475417863331,0,NA,0.0566097141177952,0,NA,0.0264682423072079,0.133723436642217,NA,0.141052012929768,0.213454741873927,NA,0.198228453885227,0,NA,-0.145314734420271,0,NA,-0.100430494200151,0,NA,0.012635909491625,0,NA,0.0534822215692036,0,NA,-0.0135870436419969,0,NA,0.104235758364468,0,NA,0.104865454850762
"region",84,3,"Malawi","child_vitA","level",1,"lasso","xgb","mean,lasso,enet,ridge,ranger,xgb,domain_index,domain_pc_ridge,domain_pc_enet,domain_pc1_ols,hapc,hapc_lasso,spatial_gam,spatial_plus_domain",0,NA,-0.186478503717154,0.65696891309989,NA,0.0275515271513748,0,NA,-0.0234238813862611,0,NA,0.0721069150551787,0,NA,0.171286827984206,0.0565763180186329,NA,0.225068340589248,0.286454768881477,NA,0.219054368735446,0,NA,-0.0419965576592083,0,NA,-0.089901196502798,0,NA,0.0629340892983699,0,NA,0.121575377138807,0,NA,0.126273231233416,0,NA,0.064230029361142,0,NA,0.0760149843069758
"region",85,2,"Malawi","child_vitA","level",1,"lasso","domain_index","mean,lasso,enet,ridge,ranger,xgb,domain_index,domain_pc_ridge,domain_pc_enet,domain_pc1_ols,hapc,hapc_lasso,spatial_gam,spatial_plus_domain",0.364652817281235,NA,-0.0294976272589814,0.399123078444574,NA,0.0548997844473676,0,NA,0.0338659856884047,0,NA,0.0297439906195036,0,NA,0.149443033027164,0,NA,0.155970295094782,0.236224104274191,NA,0.214539769396131,0,NA,-0.115352334798454,0,NA,0.0103991728938902,0,NA,-0.00586281024037522,0,NA,0.0361149110807114,0,NA,-0.0713814924301369,0,NA,0.117197576705101,0,NA,0.0642954856361149
"infill",69,18,"Malawi","child_iron","prev",1,"lasso","lasso","mean,lasso,enet,ridge,ranger,xgb,domain_index,domain_pc_ridge,domain_pc_enet,domain_pc1_ols,hapc,hapc_lasso,spatial_gam,spatial_plus_domain",0,NA,-0.108146791550433,0.629325867324982,NA,0.484942195493024,0,NA,0.364570362505668,0,NA,0.246903925309069,0,NA,0.223213432438664,0.147109531019303,NA,0.269570754907295,0,NA,0.253594295980803,0,NA,0.276060048864852,0,NA,-0.00957856347537958,0.223564601655715,NA,0.311595788170459,0,NA,0.220124162920841,0,NA,0.0502691785444539,0,NA,-0.120280434480911,0,NA,-0.0152269911736473
"infill",70,17,"Malawi","child_iron","prev",1,"xgb","xgb","mean,lasso,enet,ridge,ranger,xgb,domain_index,domain_pc_ridge,domain_pc_enet,domain_pc1_ols,hapc,hapc_lasso,spatial_gam,spatial_plus_domain",0,NA,-0.278503204889739,0,NA,0.0626127790337115,0,NA,0.182146266279888,0,NA,0.214897566082137,0,NA,0.207874426391922,0.738494074443947,NA,0.309280857330437,0,NA,0.213619039405365,0,NA,0.16044634090289,0,NA,0.0634877401228284,0.0526181972752826,NA,0.2433929483165,0,NA,0.28038265162257,0.20888772828077,NA,0.222025790156744,0,NA,0.0241168662180198,0,NA,0.0902499721288715
"infill",70,17,"Malawi","child_iron","prev",1,"xgb","domain_pc1_ols","mean,lasso,enet,ridge,ranger,xgb,domain_index,domain_pc_ridge,domain_pc_enet,domain_pc1_ols,hapc,hapc_lasso,spatial_gam,spatial_plus_domain",0.220283716565939,NA,-0.191126902611399,0,NA,0.183887427424687,0,NA,0.233038912408676,0,NA,0.148640411118234,0,NA,0.212656118863348,0.427451635999754,NA,0.220518004196377,0,NA,0.252595897136488,0,NA,0.139132607697667,0,NA,0.0897375553046238,0.332002036839949,NA,0.405351103473569,0,NA,0.268547294772101,0,NA,0.0857722430327345,0.020262610594358,NA,0.108700632845094,0,NA,0.128171493625336
"infill",70,17,"Malawi","child_iron","prev",1,"xgb","xgb","mean,lasso,enet,ridge,ranger,xgb,domain_index,domain_pc_ridge,domain_pc_enet,domain_pc1_ols,hapc,hapc_lasso,spatial_gam,spatial_plus_domain",0.0951001568456214,NA,-0.0152660186412342,0.269493109256005,NA,0.256284218982493,0,NA,0.304332036128893,0,NA,0.0408134939668655,0,NA,0.0872147581377783,0.563606851189118,NA,0.33344449405719,0,NA,0.0497469196849348,0,NA,-0.00495717544747766,0,NA,-0.0898062941888678,0.0717998827092558,NA,0.207605807079524,0,NA,0.089509422390851,0,NA,-0.00881081007095852,0,NA,-0.0268002771542078,0,NA,-0.0336667533924101
"infill",69,18,"Malawi","child_iron","prev",1,"enet","enet","mean,lasso,enet,ridge,ranger,xgb,domain_index,domain_pc_ridge,domain_pc_enet,domain_pc1_ols,hapc,hapc_lasso,spatial_gam,spatial_plus_domain",0,NA,-0.173157152587636,0,NA,0.140239395040023,0.716371431982766,NA,0.283023366280999,0,NA,0.216542594944558,0,NA,0.0976453475007595,0.0174469906678749,NA,0.0447350664893909,0.0582049534254117,NA,0.230570312032605,0,NA,0.191943795096548,0,NA,0.0371816803650579,0.207976623923948,NA,0.228101287512544,0,NA,0.207928442730125,0,NA,0.0814778091619936,0,NA,0.158456506976322,0,NA,0.114160378179386
"infill",69,18,"Malawi","child_iron","prev",2,"xgb","xgb","mean,lasso,enet,ridge,ranger,xgb,domain_index,domain_pc_ridge,domain_pc_enet,domain_pc1_ols,hapc,hapc_lasso,spatial_gam,spatial_plus_domain",0.323607609848409,NA,-0.303717112120443,0,NA,-0.262450076460474,0,NA,0.0584186072109124,0,NA,0.0366419057435582,0,NA,-0.014353241521304,0.676392390151591,NA,0.240823623028146,0,NA,0.111991852634378,0,NA,0.00758801940298237,0,NA,-0.212526852868107,0,NA,-0.00837424791943596,0,NA,0.07125424485162,0,NA,0.0863937148893775,0,NA,-0.148012089318415,0,NA,0.0299498211616509
"infill",70,17,"Malawi","child_iron","prev",2,"ridge","domain_pc1_ols","mean,lasso,enet,ridge,ranger,xgb,domain_index,domain_pc_ridge,domain_pc_enet,domain_pc1_ols,hapc,hapc_lasso,spatial_gam,spatial_plus_domain",0,NA,-0.343149731737833,0,NA,-0.0259068447222389,0,NA,0.0553707805082414,0.644145636915367,NA,0.197325146344893,0,NA,0.101936153935975,0.0663037338404353,NA,0.0132518750694716,0,NA,0.112877266113544,0,NA,-0.0433793215616257,0,NA,-0.0928885172028716,0.289550629244198,NA,0.264319764430584,0,NA,0.13538969853011,0,NA,0.0829598889751995,0,NA,-0.0731216409051294,0,NA,-0.131240828792376
"infill",69,18,"Malawi","child_iron","prev",2,"ridge","ridge","mean,lasso,enet,ridge,ranger,xgb,domain_index,domain_pc_ridge,domain_pc_enet,domain_pc1_ols,hapc,hapc_lasso,spatial_gam,spatial_plus_domain",0,NA,-0.3235971185556,0,NA,0.14462761479884,0.102697002915061,NA,0.229320697264992,0,NA,0.358304957381984,0,NA,0.240973022172327,0.123023911884744,NA,0.245233985530159,0.181000890874465,NA,0.316225658298845,0,NA,-0.0911674628951897,0,NA,-0.0276651793436606,0.256547395171598,NA,0.32511333294222,0.336730799154133,NA,0.35146547113379,0,NA,0.0966582618488933,0,NA,-0.0882915497494115,0,NA,-0.0134595237397612
"infill",70,17,"Malawi","child_iron","prev",2,"xgb","xgb","mean,lasso,enet,ridge,ranger,xgb,domain_index,domain_pc_ridge,domain_pc_enet,domain_pc1_ols,hapc,hapc_lasso,spatial_gam,spatial_plus_domain",0,NA,-0.232992438269324,0,NA,0.221044828012529,0.0538012130383321,NA,0.389038520534229,0,NA,0.252288240038474,0,NA,0.171695433510874,0.64396016518045,NA,0.426523546826136,0,NA,0.234071217915304,0,NA,0.123928299539832,0,NA,-0.0902618413468205,0.174703458644971,NA,0.334947977922356,0,NA,0.308393164904351,0.114094264712585,NA,0.334334905062442,0.0134408984236618,NA,0.2928035978951,0,NA,0.279596256855802
"infill",70,17,"Malawi","child_iron","prev",2,"lasso","lasso","mean,lasso,enet,ridge,ranger,xgb,domain_index,domain_pc_ridge,domain_pc_enet,domain_pc1_ols,hapc,hapc_lasso,spatial_gam,spatial_plus_domain",0,NA,-0.307292835955855,0,NA,0.215642608522322,0.580749939709023,NA,0.121728080671714,0,NA,-0.0451357214231663,0,NA,0.06103918865337,0.318459109665042,NA,0.120204290309348,0,NA,0.0948428139334286,0,NA,0.0498472111642729,0,NA,0.17994738141312,0.100790950625935,NA,0.112462734675262,0,NA,0.148648377073501,0,NA,-0.0756681125223427,0,NA,-0.0637189579113229,0,NA,0.0245733089471099
"infill",70,17,"Malawi","child_iron","prev",3,"lasso","domain_pc1_ols","mean,lasso,enet,ridge,ranger,xgb,domain_index,domain_pc_ridge,domain_pc_enet,domain_pc1_ols,hapc,hapc_lasso,spatial_gam,spatial_plus_domain",0.189331104064215,NA,-0.233234518596061,0.337077140119044,NA,0.301095795921948,0,NA,0.285016334569048,0,NA,0.177854957055932,0,NA,0.0170253120207175,0,NA,0.0662796097596656,0,NA,0.0237863927203028,0,NA,0.0931487750269297,0,NA,0.0647654363638104,0.473591755816741,NA,0.477969870803847,0,NA,0.107809460378103,0,NA,-0.110421815457252,0,NA,0.0819737245441953,0,NA,0.160689519010352
"infill",69,18,"Malawi","child_iron","prev",3,"xgb","hapc","mean,lasso,enet,ridge,ranger,xgb,domain_index,domain_pc_ridge,domain_pc_enet,domain_pc1_ols,hapc,hapc_lasso,spatial_gam,spatial_plus_domain",0,NA,-0.309522503853179,0.223212989033438,NA,0.258349519077812,0,NA,0.232951579945596,0,NA,0.195412365375085,0,NA,0.177895284245738,0.525912842167191,NA,0.274550076364452,0,NA,0.222218253616863,0,NA,0.0360581252474659,0,NA,0.0491126503763868,0,NA,0.113422186059853,0.25087416879937,NA,0.297900089519125,0,NA,0.199361936903205,0,NA,-0.140356069675227,0,NA,-0.00124338362922296
"infill",70,17,"Malawi","child_iron","prev",3,"lasso","hapc","mean,lasso,enet,ridge,ranger,xgb,domain_index,domain_pc_ridge,domain_pc_enet,domain_pc1_ols,hapc,hapc_lasso,spatial_gam,spatial_plus_domain",0,NA,-0.296269357223226,0.558664510527425,NA,0.190366507289777,0,NA,0.134237753246828,0,NA,0.014260783060411,0,NA,0.170184160523238,0.0818652271415549,NA,0.243165265483651,0,NA,0.178766051915271,0,NA,0.0155174607619212,0,NA,-0.0240551803041211,0.190724753233874,NA,0.248682195664243,0.168745509097146,NA,0.277860626397156,0,NA,0.0590924521565714,0,NA,0.1250854455549,0,NA,0.158151998510326
"infill",70,17,"Malawi","child_iron","prev",3,"ridge","domain_index","mean,lasso,enet,ridge,ranger,xgb,domain_index,domain_pc_ridge,domain_pc_enet,domain_pc1_ols,hapc,hapc_lasso,spatial_gam,spatial_plus_domain",0.599995940938971,NA,-0.306623057195004,0,NA,0.025861999081755,0,NA,0.038041656141664,0.0305965593220681,NA,0.218464475161922,0,NA,0.0889787601961578,0.13071303319372,NA,0.149319068359871,0.238694466545241,NA,0.253264745724574,0,NA,0.168224647941191,0,NA,0.102542870297315,0,NA,0.0372334886754333,0,NA,0.165248769673761,0,NA,0.112243126180949,0,NA,-0.0520253541811885,0,NA,-0.000997794477903009
"infill",69,18,"Malawi","child_iron","prev",3,"xgb","xgb","mean,lasso,enet,ridge,ranger,xgb,domain_index,domain_pc_ridge,domain_pc_enet,domain_pc1_ols,hapc,hapc_lasso,spatial_gam,spatial_plus_domain",0.18942625763085,NA,-0.165176263158688,0.176085617849083,NA,0.152882681562107,0,NA,0.274242101758578,0,NA,0.137477684489445,0,NA,0.132301924916409,0.634488124520067,NA,0.293738072447117,0,NA,0.168989464504786,0,NA,0.180676073576058,0,NA,0.100186611099266,0,NA,0.00844947322523929,0,NA,0.167325174324057,0,NA,0.140257597758355,0,NA,0.0834888425827215,0,NA,0.0880793572570399
"region",85,2,"Malawi","child_iron","prev",1,"lasso","lasso","mean,lasso,enet,ridge,ranger,xgb,domain_index,domain_pc_ridge,domain_pc_enet,domain_pc1_ols,hapc,hapc_lasso,spatial_gam,spatial_plus_domain",0,NA,-0.0349544279593802,0.474863191718579,NA,0.425677340525816,0,NA,0.421921709178469,0,NA,0.255871946117921,0,NA,0.120952846022488,0.426881495963065,NA,0.288195804459016,0,NA,0.167409223365968,0,NA,0.256047991337328,0,NA,0.0819045820082718,0.0982553123183561,NA,0.219753335269611,0,NA,0.176583135355059,0,NA,0.15805926615747,0,NA,0.029076802072035,0,NA,0.188074976066341
"region",85,2,"Malawi","child_iron","prev",1,"enet","enet","mean,lasso,enet,ridge,ranger,xgb,domain_index,domain_pc_ridge,domain_pc_enet,domain_pc1_ols,hapc,hapc_lasso,spatial_gam,spatial_plus_domain",0,NA,-0.121810587003724,0,NA,0.315956826672355,0.799096011644759,NA,0.36661983057163,0,NA,0.180532788648603,0,NA,0.151989011697825,0.0441736757109497,NA,0.195014917344767,0,NA,0.164270952037043,0,NA,0.151412073417559,0,NA,0.0660349865531372,0.156730312644291,NA,0.279981302382559,0,NA,0.203072496038649,0,NA,0.17944736239251,0,NA,0.0482965790886931,0,NA,0.0689979068738243
"region",85,2,"Malawi","child_iron","prev",1,"hapc_lasso","enet","mean,lasso,enet,ridge,ranger,xgb,domain_index,domain_pc_ridge,domain_pc_enet,domain_pc1_ols,hapc,hapc_lasso,spatial_gam,spatial_plus_domain",0,NA,-0.126411002209391,0,NA,0.25635433700297,0.231610562333945,NA,0.334842870853247,0,NA,0.22746664399056,0,NA,0.248855824075149,0.345661262734044,NA,0.304622218607532,0,NA,0.152981049329278,0,NA,0.150079277080989,0,NA,0.136413481399103,0,NA,0.151836772205411,0,NA,0.230478929068774,0.422728174932012,NA,0.298147761718644,0,NA,0.123894894061072,0,NA,0.136413481399103
"region",84,3,"Malawi","child_iron","prev",1,"enet","domain_index","mean,lasso,enet,ridge,ranger,xgb,domain_index,domain_pc_ridge,domain_pc_enet,domain_pc1_ols,hapc,hapc_lasso,spatial_gam,spatial_plus_domain",0,NA,-0.350790549223995,0,NA,0.184251270293216,0.565905205589078,NA,0.22834307961264,0,NA,0.154448004099598,0.16854111011929,NA,0.183420305373842,0.10664511336927,NA,0.180025509666647,0,NA,0.235842031324057,0,NA,0.180258585192813,0,NA,-0.138381250324715,0.158908570922362,NA,0.232234427527754,0,NA,0.165655896792608,0,NA,-0.0140757350366998,0,NA,-0.00281717375104575,0,NA,0.0862379446812927
"region",82,5,"Malawi","child_iron","prev",1,"lasso","lasso","mean,lasso,enet,ridge,ranger,xgb,domain_index,domain_pc_ridge,domain_pc_enet,domain_pc1_ols,hapc,hapc_lasso,spatial_gam,spatial_plus_domain",0.195275787440208,NA,-0.258386140443852,0.384858384596435,NA,0.274729953085543,0,NA,0.231436399530069,0,NA,0.0946342104777928,0,NA,0.0654087809630264,0.127016241722992,NA,0.23169786034671,0.00518822554294935,NA,0.178207334942236,0,NA,0.0583057621109456,0,NA,-0.0766733844799766,0.287661360697416,NA,0.268999603520827,0,NA,0.054372955660637,0,NA,0.0032500416873155,0,NA,0.019380783033515,0,NA,0.0393825355065524
"region",84,3,"Malawi","child_iron","prev",1,"lasso","xgb","mean,lasso,enet,ridge,ranger,xgb,domain_index,domain_pc_ridge,domain_pc_enet,domain_pc1_ols,hapc,hapc_lasso,spatial_gam,spatial_plus_domain",0,NA,-0.287274618148581,0.525568131133824,NA,0.211021782586071,0,NA,0.211619578004162,0.049642021584085,NA,0.139407917923933,0,NA,0.0879468513394679,0.274461594188496,NA,0.262189017524356,0,NA,0.0964578369529648,0,NA,0.0795574512347352,0,NA,-0.129620284468412,0.143865097350853,NA,0.19809319015414,0,NA,0.184536405926927,0,NA,0.151029466136648,0.00646315574274199,NA,0.00330307298809522,0,NA,0.0445712210878248
"region",83,4,"Malawi","child_iron","prev",1,"enet","enet","mean,lasso,enet,ridge,ranger,xgb,domain_index,domain_pc_ridge,domain_pc_enet,domain_pc1_ols,hapc,hapc_lasso,spatial_gam,spatial_plus_domain",0,NA,-0.0988787833458055,0,NA,0.369195037528721,0.584689031650732,NA,0.462573516697847,0,NA,0.152353187412732,0,NA,0.0779515619038535,0.352062965893378,NA,0.256572178085319,0,NA,-0.0467793393586316,0,NA,0.132523956898791,0,NA,0.0708831974251021,0.0632480024558906,NA,0.262096635315368,0,NA,0.243611759412541,0,NA,0.206862565785273,0,NA,-0.0417695178781495,0,NA,0.069906439777964
"region",83,4,"Malawi","child_iron","prev",1,"enet","enet","mean,lasso,enet,ridge,ranger,xgb,domain_index,domain_pc_ridge,domain_pc_enet,domain_pc1_ols,hapc,hapc_lasso,spatial_gam,spatial_plus_domain",0,NA,-0.390728280757706,0,NA,0.400605290409687,0.658617216954238,NA,0.451765613593596,0,NA,0.229528111138649,0,NA,0.261915642222015,0.304026965820914,NA,0.444327932112239,0,NA,0.29642522367153,0,NA,0.161055218630904,0,NA,0.0352974714369473,0.0373558172248472,NA,0.268964631309572,0,NA,0.349529008824438,0,NA,0.254372908742334,0,NA,0.108003959477159,0,NA,0.208612258272291
"region",83,4,"Malawi","child_iron","prev",1,"xgb","xgb","mean,lasso,enet,ridge,ranger,xgb,domain_index,domain_pc_ridge,domain_pc_enet,domain_pc1_ols,hapc,hapc_lasso,spatial_gam,spatial_plus_domain",0,NA,-0.417587386443294,0.283161156737567,NA,0.282978749473854,0,NA,0.22942718242171,0,NA,0.142292963375508,0,NA,0.108227107755637,0.669523713194069,NA,0.382592227378028,0,NA,0.218681153960677,0,NA,0.0666821003623009,0,NA,-0.0690876140647216,0.0473151300683641,NA,0.273934438129817,0,NA,0.213460453916559,0,NA,0.0547700805433265,0,NA,-0.0108090550209212,0,NA,0.0644761707661945
"region",83,4,"Malawi","child_iron","prev",1,"enet","domain_pc1_ols","mean,lasso,enet,ridge,ranger,xgb,domain_index,domain_pc_ridge,domain_pc_enet,domain_pc1_ols,hapc,hapc_lasso,spatial_gam,spatial_plus_domain",0,NA,-0.372887297157306,0,NA,0.0967103564879532,0.525007067663146,NA,0.14380007724938,0,NA,-0.0118126181027158,0,NA,0.0599753334675536,0.308255473139772,NA,0.217406645674189,0,NA,0.0361679300406679,0,NA,-0.0812308184856464,0,NA,-0.141234615190595,0.166737459197082,NA,0.232224575200142,0,NA,0.141185148509506,0,NA,0.0269789234246446,0,NA,-0.00868492396737293,0,NA,0.0179054357489369
"region",86,1,"Malawi","child_iron","prev",1,"ridge","domain_pc1_ols","mean,lasso,enet,ridge,ranger,xgb,domain_index,domain_pc_ridge,domain_pc_enet,domain_pc1_ols,hapc,hapc_lasso,spatial_gam,spatial_plus_domain",0.146757280347727,NA,-0.246826294583653,0,NA,0.243972087931176,0.233233660766477,NA,0.283235003192925,0,NA,0.240959853691518,0.0763711871454611,NA,0.178260056351927,0.0903583672838379,NA,0.198769688855179,0,NA,0.175068410041568,0,NA,0.167504774850452,0,NA,0.0926521704060338,0.214884043902402,NA,0.30508550485615,0.238395460554095,NA,0.269108663310391,0,NA,0.141027330311263,0,NA,0.0636629568770363,0,NA,0.153123480972711
"region",84,3,"Malawi","child_iron","prev",1,"lasso","enet","mean,lasso,enet,ridge,ranger,xgb,domain_index,domain_pc_ridge,domain_pc_enet,domain_pc1_ols,hapc,hapc_lasso,spatial_gam,spatial_plus_domain",0.119584982279292,NA,-0.185656731541846,0.620586057585062,NA,0.27982520799698,0,NA,0.280544709310412,0,NA,0.0768954361453332,0,NA,0.0779290859195589,0,NA,0.279622531570662,0,NA,0.180898844310799,0,NA,0.0687883790925833,0,NA,-0.0584302668501797,0.259828960135646,NA,0.2624153029762,0,NA,0.107438773591569,0,NA,0.141873498423124,0,NA,0.0729635134747495,0,NA,0.0763482097942726
"region",83,4,"Malawi","child_iron","prev",1,"enet","hapc","mean,lasso,enet,ridge,ranger,xgb,domain_index,domain_pc_ridge,domain_pc_enet,domain_pc1_ols,hapc,hapc_lasso,spatial_gam,spatial_plus_domain",0,NA,-0.384801141029492,0.322039783879436,NA,0.145985389303532,0.275956404483956,NA,0.218626172712464,0,NA,0.132182064733852,0,NA,0.127118744762326,0.0360233092960018,NA,0.0951105788842324,0,NA,0.178025069621282,0,NA,0.133904854101757,0,NA,-0.0864651176050494,0.0788463702973394,NA,0.184285938299767,0.169262711225483,NA,0.226326200801943,0,NA,0.0413889640826017,0,NA,0.0804563644438189,0.117871420817783,NA,0.110678712074693
"region",85,2,"Malawi","child_iron","prev",1,"lasso","lasso","mean,lasso,enet,ridge,ranger,xgb,domain_index,domain_pc_ridge,domain_pc_enet,domain_pc1_ols,hapc,hapc_lasso,spatial_gam,spatial_plus_domain",0,NA,-0.262491149181562,0.858358937812444,NA,0.414693706468795,0,NA,0.377822915624322,0,NA,0.144451347685112,0,NA,0.149918395982741,0,NA,0.201322342051322,0,NA,0.131365639953041,0,NA,0.0782501850256316,0,NA,-0.120490223661515,0.141641062187556,NA,0.28017889021551,0,NA,0.169908819453856,0,NA,0.19182591289748,0,NA,0.0630324262579922,0,NA,0.10779571795432
"region",85,2,"Malawi","child_iron","prev",1,"lasso","lasso","mean,lasso,enet,ridge,ranger,xgb,domain_index,domain_pc_ridge,domain_pc_enet,domain_pc1_ols,hapc,hapc_lasso,spatial_gam,spatial_plus_domain",0,NA,-0.157097564989154,0.768916781411191,NA,0.35902986868572,0,NA,0.333312237281334,0,NA,0.181793340471081,0,NA,0.176424907147504,0.142960217597949,NA,0.201350474618903,0,NA,0.112541528453643,0,NA,0.120990210405502,0,NA,0.0808883068353926,0.0881230009908603,NA,0.199512104009008,0,NA,0.156232166139878,0,NA,0.15791407967659,0,NA,0.0235663466481257,0,NA,0.0462428436925256
"region",81,6,"Malawi","child_iron","prev",1,"lasso","lasso","mean,lasso,enet,ridge,ranger,xgb,domain_index,domain_pc_ridge,domain_pc_enet,domain_pc1_ols,hapc,hapc_lasso,spatial_gam,spatial_plus_domain",0,NA,-0.277037187108119,0.834138596520799,NA,0.299488676437376,0,NA,0.25231878601378,0,NA,0.0320004696355618,0,NA,-0.00864724806471381,0,NA,0.0742759046186071,0,NA,0.0829118490910795,0,NA,0.0213411821518689,0,NA,-0.121210175539415,0.165861403479201,NA,0.227270025606713,0,NA,-0.0207081809863473,0,NA,-0.0116087892319753,0,NA,-0.0361375843959347,0,NA,-0.0603950933460992
"region",85,2,"Malawi","child_iron","prev",1,"lasso","enet","mean,lasso,enet,ridge,ranger,xgb,domain_index,domain_pc_ridge,domain_pc_enet,domain_pc1_ols,hapc,hapc_lasso,spatial_gam,spatial_plus_domain",0,NA,-0.335791845009897,0,NA,0.408522494526392,0.524366968757111,NA,0.408551834678257,0,NA,0.278193539939269,0,NA,0.186867427232189,0.141203497739522,NA,0.30353365110055,0,NA,0.247141879214812,0,NA,0.247190779467921,0,NA,0.176686394534816,0.334429533503367,NA,0.380131007571085,0,NA,0.251161480020403,0,NA,0.142133475687727,0,NA,0.122123492115368,0,NA,0.100118378216147
"region",82,5,"Malawi","child_iron","prev",1,"ranger","hapc_lasso","mean,lasso,enet,ridge,ranger,xgb,domain_index,domain_pc_ridge,domain_pc_enet,domain_pc1_ols,hapc,hapc_lasso,spatial_gam,spatial_plus_domain",0,NA,-0.230395468753102,0.035344294943328,NA,0.121893740775404,0,NA,0.0659402837482856,0.00691245588656258,NA,0.16974283408488,0.0942535376372097,NA,0.157957557745055,0.462676009057264,NA,0.27028801513195,0,NA,0.211612152245961,0,NA,0.207745448825778,0,NA,-0.00173958936717727,0.102387138266964,NA,0.25664018587705,0,NA,0.194947205111087,0.298426564208671,NA,0.281485116867015,0,NA,0.103551406804733,0,NA,0.129235031212596
"region",83,4,"Malawi","child_iron","prev",1,"lasso","lasso","mean,lasso,enet,ridge,ranger,xgb,domain_index,domain_pc_ridge,domain_pc_enet,domain_pc1_ols,hapc,hapc_lasso,spatial_gam,spatial_plus_domain",0,NA,-0.250994790204963,0.63406662643846,NA,0.416683921142254,0,NA,0.392596384431237,0,NA,0.276539207988449,0,NA,0.215432709493908,0.240478290668426,NA,0.348812322934718,0,NA,0.241253540386048,0,NA,0.259563429826651,0,NA,0.205799795772145,0.125455082893114,NA,0.294502438592827,0,NA,0.193141495843329,0,NA,0.131866920337284,0,NA,0.0891333401626587,0,NA,0.216315113804298
"region",84,3,"Malawi","child_iron","prev",1,"lasso","lasso","mean,lasso,enet,ridge,ranger,xgb,domain_index,domain_pc_ridge,domain_pc_enet,domain_pc1_ols,hapc,hapc_lasso,spatial_gam,spatial_plus_domain",0,NA,-0.376159437532,0.501729853003552,NA,0.391293062094649,0,NA,0.384817451748682,0,NA,0.115000354000054,0,NA,0.095725532594687,0.182415606951413,NA,0.260098615241926,0,NA,0.00333407794025535,0,NA,-0.0375565132115086,0,NA,-0.21419669102584,0.315854540045036,NA,0.328401610127401,0,NA,0.142402623758262,0,NA,0.130201317253498,0,NA,0.0338474781776683,0,NA,-0.0950262882850286
"region",83,4,"Malawi","child_iron","prev",1,"lasso","lasso","mean,lasso,enet,ridge,ranger,xgb,domain_index,domain_pc_ridge,domain_pc_enet,domain_pc1_ols,hapc,hapc_lasso,spatial_gam,spatial_plus_domain",0,NA,-0.234515021868696,0.730055535145962,NA,0.392898958413799,0,NA,0.320720766251316,0,NA,0.164872176683188,0,NA,0.0817060076611553,0.106081133104476,NA,0.268942814109141,0,NA,0.187142263626058,0,NA,0.126613848076614,0,NA,0.0178612002458201,0.163863331749562,NA,0.324103298324714,0,NA,0.165975176272339,0,NA,0.197773078713882,0,NA,0.019486326075012,0,NA,0.0619780721523292
"region",84,3,"Malawi","child_iron","prev",1,"lasso","lasso","mean,lasso,enet,ridge,ranger,xgb,domain_index,domain_pc_ridge,domain_pc_enet,domain_pc1_ols,hapc,hapc_lasso,spatial_gam,spatial_plus_domain",0,NA,-0.284446058259413,0.458043537385965,NA,0.330320364379094,0,NA,0.252817292015267,0,NA,0.120814805010663,0,NA,0.102239604743548,0.457443662485586,NA,0.28726197598031,0,NA,0.0588974707869461,0,NA,0.148925882774425,0,NA,-0.0427244868377024,0.0845128001284482,NA,0.250760136721091,0,NA,0.21335639193881,0,NA,0.188923872656751,0,NA,0.00804621331810654,0,NA,0.0472943042262005
"region",86,1,"Malawi","child_iron","prev",1,"enet","enet","mean,lasso,enet,ridge,ranger,xgb,domain_index,domain_pc_ridge,domain_pc_enet,domain_pc1_ols,hapc,hapc_lasso,spatial_gam,spatial_plus_domain",0,NA,-0.209218364990496,0,NA,0.343377440487762,0.671299665868142,NA,0.368872960488778,0,NA,0.166693486880719,0,NA,0.153766313961685,0.224589129500428,NA,0.293982231182089,0,NA,0.172680212688365,0,NA,0.153369716983892,0,NA,-0.0105031130807469,0.10411120463143,NA,0.233180137372258,0,NA,0.159894681547115,0,NA,0.160017437754527,0,NA,0.018696714667412,0,NA,0.0253916493639751
"region",82,5,"Malawi","child_iron","prev",1,"xgb","xgb","mean,lasso,enet,ridge,ranger,xgb,domain_index,domain_pc_ridge,domain_pc_enet,domain_pc1_ols,hapc,hapc_lasso,spatial_gam,spatial_plus_domain",0,NA,-0.127516936272139,0.0876178282452839,NA,0.302353346101742,0.0776935604080216,NA,0.296470349420485,0,NA,0.226342850092235,0,NA,0.152075464210508,0.802304988159337,NA,0.42400064414419,0,NA,0.211809669401869,0,NA,0.130417320872841,0,NA,-0.0127355983710927,0.0323836231873579,NA,0.167861505305215,0,NA,0.187362549859754,0,NA,0.0864146845846942,0,NA,-0.0228565315505154,0,NA,0.139176449264936
"region",83,4,"Malawi","child_iron","prev",1,"hapc_lasso","xgb","mean,lasso,enet,ridge,ranger,xgb,domain_index,domain_pc_ridge,domain_pc_enet,domain_pc1_ols,hapc,hapc_lasso,spatial_gam,spatial_plus_domain",0.150662726684849,NA,-0.169431227205839,0.12821316181334,NA,0.28723008772464,0.110056853604262,NA,0.288028445134839,0,NA,0.149860089656575,0,NA,0.167875654899882,0.442525783952691,NA,0.307882333362158,0,NA,0.162486742381038,0,NA,0.149860089656575,0,NA,0.137002333471264,0.0651505517162137,NA,0.16818029128009,0,NA,0.196994690966616,0.103390922228644,NA,0.268174556907521,0,NA,0.141729449715863,0,NA,0.151404280963144
"region",84,3,"Malawi","child_iron","prev",1,"enet","enet","mean,lasso,enet,ridge,ranger,xgb,domain_index,domain_pc_ridge,domain_pc_enet,domain_pc1_ols,hapc,hapc_lasso,spatial_gam,spatial_plus_domain",0,NA,-0.168920288138157,0,NA,0.398911922129745,0.697241545366054,NA,0.418010979131462,0,NA,0.237882047897238,0,NA,0.223190465588226,0.247791869431379,NA,0.283172649911918,0,NA,0.184566802304118,0,NA,0.257244540167944,0,NA,0.137928627567301,0.0549665852025673,NA,0.224071960526766,0,NA,0.205317395799882,0,NA,0.0922732690263288,0,NA,0.0936107096227355,0,NA,0.111402722405236
"region",85,2,"Malawi","child_iron","prev",1,"enet","enet","mean,lasso,enet,ridge,ranger,xgb,domain_index,domain_pc_ridge,domain_pc_enet,domain_pc1_ols,hapc,hapc_lasso,spatial_gam,spatial_plus_domain",0,NA,-0.301812025459088,0,NA,0.292087227653222,0.489709220561961,NA,0.308221942270825,0,NA,0.159557659645719,0,NA,0.170118563759059,0.438635476674291,NA,0.258448792329249,0,NA,0.257754510669946,0,NA,0.154785695564876,0,NA,-0.219162442923376,0.0716553027637479,NA,0.187143132334361,0,NA,0.173775765739049,0,NA,0.133791009332152,0,NA,0.073486291121994,0,NA,-0.0503696454516821
"infill",69,18,"Malawi","child_iron","level",1,"xgb","lasso","mean,lasso,enet,ridge,ranger,xgb,domain_index,domain_pc_ridge,domain_pc_enet,domain_pc1_ols,hapc,hapc_lasso,spatial_gam,spatial_plus_domain",0,NA,-0.202230237379878,0.133459816918525,NA,0.56583850931677,0,NA,0.541870661308002,0,NA,0.358275484106686,0.0330766216012534,NA,0.470478626233102,0.525887235834517,NA,0.511947387650713,0,NA,0.302265253927658,0,NA,0.390464011691633,0,NA,0.135586408476434,0.0896561621922721,NA,0.167299963463646,0.217920163453433,NA,0.44778955060285,0,NA,0.348520277676288,0,NA,0.00763609791742784,0,NA,0.225319693094629
"infill",70,17,"Malawi","child_iron","level",1,"hapc","xgb","mean,lasso,enet,ridge,ranger,xgb,domain_index,domain_pc_ridge,domain_pc_enet,domain_pc1_ols,hapc,hapc_lasso,spatial_gam,spatial_plus_domain",0,NA,-0.344963349591056,0,NA,0.0865541072522089,0,NA,0.0976817426296912,0,NA,0.299273904295337,0,NA,0.363870177587263,0,NA,0.471612282389992,0,NA,0.0980666608345726,0,NA,0.0872889510978917,0,NA,0.00141719884524539,0.25485106346578,NA,0.402816901408451,0.506820962321415,NA,0.456460502143295,0,NA,0.388714898084157,0.238327974212806,NA,0.201854605896247,0,NA,0.250739217916193
"infill",70,17,"Malawi","child_iron","level",1,"ranger","ranger","mean,lasso,enet,ridge,ranger,xgb,domain_index,domain_pc_ridge,domain_pc_enet,domain_pc1_ols,hapc,hapc_lasso,spatial_gam,spatial_plus_domain",0,NA,-0.106488686178108,0,NA,0.0463927115945897,0,NA,0.144334589662928,0,NA,0.30777709736681,0.619876417229028,NA,0.394068760388417,0.293338131487813,NA,0.341614906832298,0,NA,0.283667220715598,0,NA,0.249199545096667,0.0867854512831591,NA,0.114725785469241,0,NA,0.289126060712099,0,NA,0.339060449654448,0,NA,0.285696789432246,0,NA,0.056845420348176,0,NA,0.0948823375032805
"infill",70,17,"Malawi","child_iron","level",1,"lasso","lasso","mean,lasso,enet,ridge,ranger,xgb,domain_index,domain_pc_ridge,domain_pc_enet,domain_pc1_ols,hapc,hapc_lasso,spatial_gam,spatial_plus_domain",0.0197218632726077,NA,-0.289469245526407,0.6775654469906,NA,0.268270492520339,0,NA,0.233242935876126,0,NA,0.110384043390779,0,NA,0.202799405126411,0.0899236701810172,NA,0.207278453328668,0,NA,0.147231213367159,0,NA,0.146601347213717,0,NA,-0.00572128422710174,0.114183949549308,NA,0.210707724608521,0.0986050700064673,NA,0.174000524888461,0,NA,0.135858630041116,0,NA,-0.150870440031493,0,NA,-0.137433295424722
"infill",69,18,"Malawi","child_iron","level",1,"hapc","hapc","mean,lasso,enet,ridge,ranger,xgb,domain_index,domain_pc_ridge,domain_pc_enet,domain_pc1_ols,hapc,hapc_lasso,spatial_gam,spatial_plus_domain",0.105956349598853,NA,-0.155415438259304,0,NA,0.217793204238217,0,NA,0.186627694556083,0,NA,0.211947387650712,0,NA,0.274607234198027,0,NA,0.314760686883449,0,NA,0.23032517354768,0,NA,0.194921446839605,0,NA,0.0567774936061381,0,NA,0.207709170624772,0.792587333892242,NA,0.375557179393497,0,NA,0.258092802338327,0.101456316508905,NA,0.211874314943369,0,NA,0.21881622214103
"infill",69,18,"Malawi","child_iron","level",2,"enet","enet","mean,lasso,enet,ridge,ranger,xgb,domain_index,domain_pc_ridge,domain_pc_enet,domain_pc1_ols,hapc,hapc_lasso,spatial_gam,spatial_plus_domain",0.0569049045655211,NA,-0.212130141136559,0,NA,0.140153452685422,0.871835081918986,NA,0.209718670076726,0,NA,0.165217391304348,0,NA,0.159663865546219,0,NA,0.154877603215199,0,NA,0.0762879064669346,0,NA,0.0361709901351845,0,NA,-0.0400438436244063,0,NA,-0.0371940080379978,0.0712600135154927,NA,0.205882352941177,0,NA,0.12725611983924,0,NA,-0.140409207161125,0,NA,0.016660577274388
"infill",70,17,"Malawi","child_iron","level",2,"hapc","hapc","mean,lasso,enet,ridge,ranger,xgb,domain_index,domain_pc_ridge,domain_pc_enet,domain_pc1_ols,hapc,hapc_lasso,spatial_gam,spatial_plus_domain",0,NA,-0.34446340270759,0.120806110965137,NA,0.154894584900709,0,NA,0.179109439244161,0,NA,0.281392704050389,0,NA,0.257422797655498,0,NA,0.289860904557781,0,NA,0.258752515090543,0,NA,0.149610707724609,0,NA,-0.0606565820280645,0.133324188475096,NA,0.290105852506342,0.745869700559767,NA,0.358551307847083,0,NA,0.262216778934476,0,NA,0.0228326480622868,0,NA,0.0661884349575715
"infill",69,18,"Malawi","child_iron","level",2,"hapc","hapc","mean,lasso,enet,ridge,ranger,xgb,domain_index,domain_pc_ridge,domain_pc_enet,domain_pc1_ols,hapc,hapc_lasso,spatial_gam,spatial_plus_domain",0,NA,-0.228089308021152,0,NA,0.301315308732189,0,NA,0.353854585312386,0,NA,0.334234563390574,0,NA,0.393350383631714,0,NA,0.413189623675557,0,NA,0.302411399342346,0,NA,0.220679576178297,0,NA,0.169894044574351,0.0909310877979767,NA,0.312787723785166,0.608286577506278,NA,0.463755937157472,0.300782334695745,NA,0.462550237486299,0,NA,-0.0794300328827183,0,NA,0.137449762513701
"infill",70,17,"Malawi","child_iron","level",2,"hapc_lasso","xgb","mean,lasso,enet,ridge,ranger,xgb,domain_index,domain_pc_ridge,domain_pc_enet,domain_pc1_ols,hapc,hapc_lasso,spatial_gam,spatial_plus_domain",0,NA,-0.282969936041359,0,NA,0.262006823549996,0,NA,0.256617968681655,0,NA,0.395118537310821,0,NA,0.379756801679643,0.276650761035823,NA,0.422867640626367,0,NA,0.237721984078383,0,NA,0.216691453066223,0,NA,0.173020733094217,0.011946016001059,NA,0.13946286414137,0.124180633032349,NA,0.421992826524364,0.433341003630551,NA,0.406281165252384,0.0691253400488587,NA,0.341754877088619,0.084756246251359,NA,0.388294987315196
"infill",70,17,"Malawi","child_iron","level",2,"xgb","xgb","mean,lasso,enet,ridge,ranger,xgb,domain_index,domain_pc_ridge,domain_pc_enet,domain_pc1_ols,hapc,hapc_lasso,spatial_gam,spatial_plus_domain",0,NA,-0.351462659076104,0.354154408217034,NA,0.333636602222028,0.100346708496509,NA,0.275548945849007,0,NA,-0.0133846557606509,0,NA,0.257632753039979,0.537587489849126,NA,0.405791269355262,0,NA,0.179774297961683,0,NA,0.0824249846907532,0,NA,0.173335666170939,0,NA,-0.0844545534074009,0.0079113934373307,NA,0.281147756101828,0,NA,0.246225177149856,0,NA,-0.0360948298486572,0,NA,0.115982853643601
"infill",70,17,"Malawi","child_iron","level",3,"lasso","hapc","mean,lasso,enet,ridge,ranger,xgb,domain_index,domain_pc_ridge,domain_pc_enet,domain_pc1_ols,hapc,hapc_lasso,spatial_gam,spatial_plus_domain",0,NA,-0.232975247694829,0.613480334797411,NA,0.430566004723996,0,NA,0.424687253958534,0,NA,0.250459277403552,0,NA,0.252418860992039,0,NA,0.302983116087831,0,NA,0.150240573878051,0,NA,0.170361298224127,0,NA,0.30795206018721,0,NA,0.186597847957309,0.386519665202589,NA,0.439139182923629,0,NA,0.363415274254221,0,NA,-0.0154492170413787,0,NA,0.23674219228414
"infill",69,18,"Malawi","child_iron","level",3,"lasso","lasso","mean,lasso,enet,ridge,ranger,xgb,domain_index,domain_pc_ridge,domain_pc_enet,domain_pc1_ols,hapc,hapc_lasso,spatial_gam,spatial_plus_domain",0,NA,-0.247739964442134,0.496406955293762,NA,0.470113262696383,0,NA,0.465728900255755,0,NA,0.376105224698575,0,NA,0.40825721592985,0.503593044706237,NA,0.424442820606504,0,NA,0.280818414322251,0,NA,0.250310559006211,0,NA,0.213226160029229,0,NA,0.0530142491779321,0,NA,0.43050785531604,0,NA,0.429156010230179,0,NA,0.0483010595542565,0,NA,0.197077091706248
"infill",70,17,"Malawi","child_iron","level",3,"hapc","hapc","mean,lasso,enet,ridge,ranger,xgb,domain_index,domain_pc_ridge,domain_pc_enet,domain_pc1_ols,hapc,hapc_lasso,spatial_gam,spatial_plus_domain",0,NA,-0.407456710024218,0.446775530360976,NA,0.279958008923104,0,NA,0.0485871752252646,0,NA,0.180334178986965,0,NA,0.250529262531712,0,NA,0.220750590499519,0,NA,0.139672819525851,0,NA,0.062374245472837,0,NA,0.00999037704487796,0,NA,0.120601872102178,0.553224469639024,NA,0.296509491733007,0,NA,0.187577639751553,0,NA,0.137713235937363,0,NA,0.145446592599073
"infill",70,17,"Malawi","child_iron","level",3,"hapc_lasso","hapc_lasso","mean,lasso,enet,ridge,ranger,xgb,domain_index,domain_pc_ridge,domain_pc_enet,domain_pc1_ols,hapc,hapc_lasso,spatial_gam,spatial_plus_domain",0,NA,-0.340963774523333,0.0151232764330507,NA,0.304382818651037,0.00736456189920148,NA,0.346478873239437,0,NA,0.29993876301286,0,NA,0.299413874551658,0,NA,0.316455253258683,0.152318878892306,NA,0.367159478610795,0,NA,0.258857492782784,0,NA,0.246225177149856,0,NA,-0.0423235062549208,0.189276479559051,NA,0.369643950660485,0.635916803216391,NA,0.379966757064124,0,NA,-0.0110051614032018,0,NA,0.0653136208555682
"infill",69,18,"Malawi","child_iron","level",3,"hapc","hapc","mean,lasso,enet,ridge,ranger,xgb,domain_index,domain_pc_ridge,domain_pc_enet,domain_pc1_ols,hapc,hapc_lasso,spatial_gam,spatial_plus_domain",0,NA,-0.282715895605096,0.453612212765385,NA,0.435732553891122,0,NA,0.340591888929485,0,NA,0.404347826086957,0,NA,0.396090610157106,0,NA,0.357690902447936,0,NA,0.292948483741323,0,NA,0.246181951041286,0,NA,0.0161856046766533,0,NA,0.0972597734746073,0.546387787234615,NA,0.475411033978809,0,NA,0.413372305443917,0,NA,0.0582389477530143,0,NA,0.0887468030690537
"region",85,2,"Malawi","child_iron","level",1,"hapc","hapc","mean,lasso,enet,ridge,ranger,xgb,domain_index,domain_pc_ridge,domain_pc_enet,domain_pc1_ols,hapc,hapc_lasso,spatial_gam,spatial_plus_domain",0,NA,-0.19597274201944,0,NA,0.363826460816885,0.389874598073433,NA,0.385655657611882,0,NA,0.321496970881376,0,NA,0.390541332812195,0,NA,0.363064295485636,0,NA,0.247371506742232,0,NA,0.284991205784639,0,NA,0.320148524526089,0.107701369957356,NA,0.192886456908345,0.502424031969211,NA,0.396853625170999,0,NA,0.32546413914403,0,NA,0.0109634551495017,0,NA,0.0616376783271448
"region",85,2,"Malawi","child_iron","level",1,"hapc","hapc","mean,lasso,enet,ridge,ranger,xgb,domain_index,domain_pc_ridge,domain_pc_enet,domain_pc1_ols,hapc,hapc_lasso,spatial_gam,spatial_plus_domain",0,NA,-0.138672753435901,0.399300492340301,NA,0.322044166503811,0,NA,0.295270666406097,0,NA,0.335704514363885,0,NA,0.363670119210475,0,NA,0.282646081688489,0,NA,0.239749853429744,0,NA,0.282118428766856,0,NA,0.114813367207348,0,NA,0.193863591948407,0.600699507659698,NA,0.392534688293922,0,NA,0.26015243306625,0,NA,0.0955051788157123,0,NA,0.129783076021106
"region",85,2,"Malawi","child_iron","level",1,"enet","enet","mean,lasso,enet,ridge,ranger,xgb,domain_index,domain_pc_ridge,domain_pc_enet,domain_pc1_ols,hapc,hapc_lasso,spatial_gam,spatial_plus_domain",0,NA,-0.236320071258736,0,NA,0.407641196013289,0.591224836614962,NA,0.418897791674809,0,NA,0.304572991987493,0,NA,0.360738714090287,0,NA,0.264471369943326,0,NA,0.193687707641196,0,NA,0.256927887434043,0,NA,0.272679304279851,0,NA,0.0848348641782294,0.408775163385038,NA,0.347762360758257,0,NA,0.356634746922025,0,NA,0.0768614422513191,0,NA,0.187453586085597
"region",84,3,"Malawi","child_iron","level",1,"hapc","hapc","mean,lasso,enet,ridge,ranger,xgb,domain_index,domain_pc_ridge,domain_pc_enet,domain_pc1_ols,hapc,hapc_lasso,spatial_gam,spatial_plus_domain",0,NA,-0.454483875851681,0.434341798126975,NA,0.282049205224258,0,NA,0.288994633998178,0,NA,0.266153690391819,0,NA,0.306834058924775,0,NA,0.31043839222436,0,NA,0.311612837906247,0,NA,0.249792447099322,0,NA,0.221241267591374,0.0780108695358095,NA,0.261374911410347,0.487647332337215,NA,0.360149843069758,0,NA,0.295312341804192,0,NA,0.0780196415915764,0,NA,0.139941277715906
"region",82,5,"Malawi","child_iron","level",1,"enet","xgb","mean,lasso,enet,ridge,ranger,xgb,domain_index,domain_pc_ridge,domain_pc_enet,domain_pc1_ols,hapc,hapc_lasso,spatial_gam,spatial_plus_domain",0,NA,-0.257480370677782,0,NA,0.27001229851656,0.494306352432635,NA,0.321317791491168,0,NA,0.266203023476018,0,NA,0.306755477193326,0.308576451439834,NA,0.386097234466321,0,NA,0.176587107236534,0,NA,0.211327695606273,0,NA,0.0020787758078384,0.0286846797696778,NA,0.124628595683547,0.0387507258036914,NA,0.253360324767906,0.129681790554162,NA,0.327129656838737,0,NA,-0.0138548775045983,0,NA,0.018513076697032
"region",84,3,"Malawi","child_iron","level",1,"hapc","hapc","mean,lasso,enet,ridge,ranger,xgb,domain_index,domain_pc_ridge,domain_pc_enet,domain_pc1_ols,hapc,hapc_lasso,spatial_gam,spatial_plus_domain",0,NA,-0.349284250077628,0.250434906085302,NA,0.311390098207958,0,NA,0.29029057406095,0,NA,0.170497114508454,0,NA,0.226222537207654,0,NA,0.328905538118862,0,NA,0.188539030069859,0,NA,0.114589450237926,0,NA,0.0627518477270426,0,NA,0.172157537713881,0.749565093914698,NA,0.358590665181735,0,NA,0.223731902399514,0,NA,-0.0862610104282677,0,NA,0.0764402146400729
"region",83,4,"Malawi","child_iron","level",1,"lasso","lasso","mean,lasso,enet,ridge,ranger,xgb,domain_index,domain_pc_ridge,domain_pc_enet,domain_pc1_ols,hapc,hapc_lasso,spatial_gam,spatial_plus_domain",0,NA,-0.205836323877578,0.497652671627014,NA,0.380189748541203,0,NA,0.36115192477226,0,NA,0.257566852776961,0,NA,0.299042861340834,0,NA,0.312266487552999,0,NA,0.0932580496200831,0,NA,0.18347256622308,0,NA,0.197871625876328,0,NA,0.222345829310272,0.254085356486214,NA,0.36404852860921,0.248261971886772,NA,0.339532345409513,0,NA,-0.0155744930943285,0,NA,0.131774484698375
"region",83,4,"Malawi","child_iron","level",1,"lasso","lasso","mean,lasso,enet,ridge,ranger,xgb,domain_index,domain_pc_ridge,domain_pc_enet,domain_pc1_ols,hapc,hapc_lasso,spatial_gam,spatial_plus_domain",0,NA,-0.409691083519461,0.480707424955026,NA,0.427878762436506,0.0514738722720316,NA,0.390054993493136,0,NA,0.218147852734982,0,NA,0.30888711640989,0.0293992127665748,NA,0.373493975903614,0,NA,0.216216783510348,0,NA,0.104655556021997,0,NA,0.0456949750220394,0,NA,0.127093740816926,0.438419490006368,NA,0.367931656941354,0,NA,0.247953486419546,0,NA,0.0446664707610931,0,NA,0.182737920322405
"region",83,4,"Malawi","child_iron","level",1,"hapc","hapc","mean,lasso,enet,ridge,ranger,xgb,domain_index,domain_pc_ridge,domain_pc_enet,domain_pc1_ols,hapc,hapc_lasso,spatial_gam,spatial_plus_domain",0,NA,-0.309702423302092,0,NA,0.289471474749171,0.338645908828381,NA,0.274358759078124,0,NA,0.26461945342345,0,NA,0.29811930649427,0,NA,0.35321774904496,0,NA,0.262751353847445,0,NA,0.201313966668066,0,NA,0.0764455525221812,0,NA,0.241257713781957,0.661354091171619,NA,0.381617060576802,0,NA,0.298539104151799,0,NA,0.070022249275849,0,NA,0.178749842575878
"region",83,4,"Malawi","child_iron","level",1,"hapc","hapc","mean,lasso,enet,ridge,ranger,xgb,domain_index,domain_pc_ridge,domain_pc_enet,domain_pc1_ols,hapc,hapc_lasso,spatial_gam,spatial_plus_domain",0,NA,-0.301251319615803,0.329407618619113,NA,0.330275807060997,0,NA,0.349880357667604,0,NA,0.261911758532387,0,NA,0.305234876789387,0,NA,0.337559296419126,0,NA,0.227404391083498,0,NA,0.226606775534192,0,NA,0.123441501196423,0.058198861540527,NA,0.238885857016918,0.61239351984036,NA,0.383044372612401,0,NA,0.248037445951052,0,NA,0.12642206456488,0,NA,0.127324629528567
"region",86,1,"Malawi","child_iron","level",1,"hapc","hapc","mean,lasso,enet,ridge,ranger,xgb,domain_index,domain_pc_ridge,domain_pc_enet,domain_pc1_ols,hapc,hapc_lasso,spatial_gam,spatial_plus_domain",0,NA,-0.237884930095271,0,NA,0.31251474126138,0,NA,0.280984952120383,0,NA,0.33504410585405,0,NA,0.354271427897542,0,NA,0.377404594556347,0,NA,0.303778480116987,0,NA,0.272022265201189,0,NA,0.23681305721968,0,NA,0.185357799896222,1,NA,0.479107505070994,0,NA,0.320024529458937,0,NA,0.0641822727487146,0,NA,0.135600735883768
"region",84,3,"Malawi","child_iron","level",1,"xgb","xgb","mean,lasso,enet,ridge,ranger,xgb,domain_index,domain_pc_ridge,domain_pc_enet,domain_pc1_ols,hapc,hapc_lasso,spatial_gam,spatial_plus_domain",0,NA,-0.0856290441793125,0,NA,0.359096891768756,0.233440851228387,NA,0.402693125442948,0,NA,0.323175053153792,0,NA,0.397084134858763,0.40561199375909,NA,0.442847018325402,0,NA,0.223772400526476,0,NA,0.273969828895414,0,NA,0.161324288751645,0,NA,0.236023083932368,0.25640133823897,NA,0.397894097397995,0.104545816773553,NA,0.318072289156626,0,NA,0.0980257163106206,0,NA,0.234747392933077
"region",83,4,"Malawi","child_iron","level",1,"hapc","hapc","mean,lasso,enet,ridge,ranger,xgb,domain_index,domain_pc_ridge,domain_pc_enet,domain_pc1_ols,hapc,hapc_lasso,spatial_gam,spatial_plus_domain",0,NA,-0.43276291791777,0.367422983293252,NA,0.180303093908736,0,NA,0.0491373158137777,0,NA,0.123525460727929,0,NA,0.225872129633517,0,NA,0.262205616892658,0,NA,0.163238319130179,0,NA,0.0812728264976281,0,NA,-0.0744511145627807,0,NA,0.0167709164182864,0.632577016706748,NA,0.30231728306956,0,NA,0.266697451828219,0,NA,-0.144263465009865,0,NA,0.0585827631081818
"region",85,2,"Malawi","child_iron","level",1,"enet","hapc","mean,lasso,enet,ridge,ranger,xgb,domain_index,domain_pc_ridge,domain_pc_enet,domain_pc1_ols,hapc,hapc_lasso,spatial_gam,spatial_plus_domain",0,NA,-0.298366804458663,0,NA,0.308794215360563,0.379522704360644,NA,0.314676568301739,0,NA,0.222435020519836,0,NA,0.292554230994723,0.136869624009187,NA,0.316181356263436,0,NA,0.179558334961892,0,NA,0.10719171389486,0,NA,-0.0290404533906586,0,NA,0.172933359390268,0.273940399309893,NA,0.364862223959351,0.209667272320276,NA,0.29015047879617,0,NA,0.0679108852843463,0,NA,0.201837013875318
"region",85,2,"Malawi","child_iron","level",1,"hapc","hapc","mean,lasso,enet,ridge,ranger,xgb,domain_index,domain_pc_ridge,domain_pc_enet,domain_pc1_ols,hapc,hapc_lasso,spatial_gam,spatial_plus_domain",0,NA,-0.304808815009475,0,NA,0.259487981239007,0,NA,0.321653312487786,0,NA,0.275962478014462,0,NA,0.27078366230213,0.386426392265345,NA,0.336994332616768,0,NA,0.21000586281024,0,NA,0.183134649208521,0,NA,0.0491108071135431,0.229756720923787,NA,0.354875903849912,0.383816886810868,NA,0.416474496775454,0,NA,0.296130545241352,0,NA,0.0771545827633379,0,NA,0.161676763728747
"region",81,6,"Malawi","child_iron","level",1,"lasso","xgb","mean,lasso,enet,ridge,ranger,xgb,domain_index,domain_pc_ridge,domain_pc_enet,domain_pc1_ols,hapc,hapc_lasso,spatial_gam,spatial_plus_domain",0.154332325660989,NA,-0.20413951096388,0.495599715283375,NA,0.273306233062331,0,NA,0.202055103884372,0,NA,0.114769647696477,0,NA,0.237262872628726,0.300590608213585,NA,0.281662149954833,0,NA,0.0958672086720867,0,NA,0.0690831074977416,0,NA,-0.0485607777848533,0.0247744699394524,NA,0.0891147244805781,0,NA,0.187443541102078,0.0247028809025988,NA,0.203229448961156,0,NA,0.0113595302619693,0,NA,0.000632339656729901
"region",85,2,"Malawi","child_iron","level",1,"hapc","hapc","mean,lasso,enet,ridge,ranger,xgb,domain_index,domain_pc_ridge,domain_pc_enet,domain_pc1_ols,hapc,hapc_lasso,spatial_gam,spatial_plus_domain",0,NA,-0.370585133265135,0,NA,0.382392026578073,0.241065852059946,NA,0.370080125073285,0,NA,0.29749853429744,0,NA,0.305569669728356,0,NA,0.378991596638656,0,NA,0.246003517686144,0,NA,0.286847762360758,0,NA,0.299863201094391,0.0682614125566388,NA,0.203205002931405,0.690672735383415,NA,0.427887434043385,0,NA,0.405843267539574,0,NA,0.0972249364862224,0,NA,0.224232948993551
"region",82,5,"Malawi","child_iron","level",1,"hapc","hapc","mean,lasso,enet,ridge,ranger,xgb,domain_index,domain_pc_ridge,domain_pc_enet,domain_pc1_ols,hapc,hapc_lasso,spatial_gam,spatial_plus_domain",0,NA,-0.287471613163978,0,NA,0.316115410150085,0,NA,0.311261305384138,0,NA,0.310717123235489,0,NA,0.308758067500354,0,NA,0.296045972507918,0,NA,0.274561661279263,0,NA,0.275562956432777,0,NA,0.3203382636236,0,NA,0.207039540274921,0.881310447615469,NA,0.428608743918765,0.118689552384531,NA,0.377129112656588,0,NA,0.15693124802734,0,NA,0.256581883087907
"region",83,4,"Malawi","child_iron","level",1,"xgb","xgb","mean,lasso,enet,ridge,ranger,xgb,domain_index,domain_pc_ridge,domain_pc_enet,domain_pc1_ols,hapc,hapc_lasso,spatial_gam,spatial_plus_domain",0,NA,-0.21979296279169,0.444731843293888,NA,0.451282481843751,0,NA,0.447777171403384,0,NA,0.254523319759876,0,NA,0.359031946601738,0.555268156706112,NA,0.478506359934511,0,NA,0.241719491205239,0,NA,0.247617648293522,0,NA,0.125960287141598,0,NA,0.171865160992402,0,NA,0.317786826749507,0,NA,0.338377901851308,0,NA,0.0221863062004114,0,NA,0.096679400528945
"region",84,3,"Malawi","child_iron","level",1,"enet","xgb","mean,lasso,enet,ridge,ranger,xgb,domain_index,domain_pc_ridge,domain_pc_enet,domain_pc1_ols,hapc,hapc_lasso,spatial_gam,spatial_plus_domain",0,NA,-0.412986803156602,0,NA,0.156788498531943,0.553161907366093,NA,0.227700718841754,0,NA,0.119590968917688,0,NA,0.0951301002328642,0.155728700513259,NA,0.289865343727853,0,NA,0.0110762377240053,0,NA,-0.0570213627619723,0,NA,-0.0436772299281158,0,NA,0.108433734939759,0.291109392120648,NA,0.276602207147919,0,NA,0.157294725118963,0,NA,-0.198785056191151,0,NA,-0.101650298673686
"region",83,4,"Malawi","child_iron","level",1,"lasso","xgb","mean,lasso,enet,ridge,ranger,xgb,domain_index,domain_pc_ridge,domain_pc_enet,domain_pc1_ols,hapc,hapc_lasso,spatial_gam,spatial_plus_domain",0,NA,-0.254143646596415,0.540689580136207,NA,0.359724612736661,0,NA,0.363250913059905,0,NA,0.236472020486126,0,NA,0.234163133369716,0.392562861264938,NA,0.384744553125393,0,NA,0.211074262205617,0,NA,0.163700096553461,0,NA,-0.062801729566349,0.0667475585988548,NA,0.247428739347634,0,NA,0.285105579110869,0,NA,0.262541455018681,0,NA,-0.0402376054741614,0,NA,0.104319717895974
"region",84,3,"Malawi","child_iron","level",1,"enet","enet","mean,lasso,enet,ridge,ranger,xgb,domain_index,domain_pc_ridge,domain_pc_enet,domain_pc1_ols,hapc,hapc_lasso,spatial_gam,spatial_plus_domain",0,NA,-0.287865275949254,0,NA,0.274901285815531,0.605975061888816,NA,0.332813607370659,0,NA,0.132671863926293,0,NA,0.152556444264453,0,NA,0.266052445074415,0,NA,0.0131213931355675,0,NA,0.0421585501670548,0,NA,0.0106915055178698,0,NA,0.0229624379872431,0.373749380188902,NA,0.250278424622861,0,NA,0.20198440822112,0,NA,-0.0382504809152577,0.0202755579222822,NA,0.0476662954338362
"region",86,1,"Malawi","child_iron","level",1,"hapc_lasso","xgb","mean,lasso,enet,ridge,ranger,xgb,domain_index,domain_pc_ridge,domain_pc_enet,domain_pc1_ols,hapc,hapc_lasso,spatial_gam,spatial_plus_domain",0,NA,-0.175443265249977,0,NA,0.274305391763762,0.249656920369018,NA,0.341836879098071,0,NA,0.265248360771735,0,NA,0.36961177414029,0.330145075700293,NA,0.42935044105854,0,NA,0.227774895042219,0,NA,0.25934242181235,0,NA,0.0979008443794519,0,NA,0.173942167083353,0,NA,0.347459785838955,0.420198003930689,NA,0.405764422850134,0,NA,0.0102929383461484,0,NA,0.0741261380253786
"region",82,5,"Malawi","child_iron","level",1,"hapc","hapc","mean,lasso,enet,ridge,ranger,xgb,domain_index,domain_pc_ridge,domain_pc_enet,domain_pc1_ols,hapc,hapc_lasso,spatial_gam,spatial_plus_domain",0,NA,-0.16087524626947,0,NA,0.160892894069503,0,NA,0.10728600017261,0,NA,0.293499200052242,0.200308491098831,NA,0.406231973966326,0.0029244305399446,NA,0.337469117663064,0,NA,0.175346371937615,0,NA,0.227587858207899,0,NA,0.170383430741938,0,NA,0.147593082356526,0.796767078361224,NA,0.428391071059305,0,NA,0.378914030104157,0,NA,-0.0651821377651527,0,NA,0.0169675993948695
"region",83,4,"Malawi","child_iron","level",1,"xgb","xgb","mean,lasso,enet,ridge,ranger,xgb,domain_index,domain_pc_ridge,domain_pc_enet,domain_pc1_ols,hapc,hapc_lasso,spatial_gam,spatial_plus_domain",0.067656002572142,NA,-0.272041991665855,0.343391065250533,NA,0.292011250577222,0,NA,0.286973678686873,0,NA,0.176713823936862,0.0852831138136646,NA,0.299798497124386,0.50366981836366,NA,0.402124176147097,0,NA,0.15459048738508,0,NA,0.0803702615339406,0,NA,0.0422946139960539,0,NA,0.0391881113303388,0,NA,0.268943369295999,0,NA,0.228768733470467,0,NA,0.00669577263758868,0,NA,0.0939507157550061
"region",84,3,"Malawi","child_iron","level",1,"lasso","lasso","mean,lasso,enet,ridge,ranger,xgb,domain_index,domain_pc_ridge,domain_pc_enet,domain_pc1_ols,hapc,hapc_lasso,spatial_gam,spatial_plus_domain",0,NA,-0.322005297907556,0.628205259923383,NA,0.400526475650501,0,NA,0.292517971043839,0,NA,0.270567986230637,0,NA,0.33060645945125,0,NA,0.328298066214438,0,NA,0.20945631264554,0,NA,0.245256656879619,0,NA,0.179588944011339,0,NA,0.153204414295839,0.371794740076618,NA,0.388458033815936,0,NA,0.308595727447606,0,NA,0.0825959299382404,0,NA,0.169282170699605
"region",85,2,"Malawi","child_iron","level",1,"lasso","hapc","mean,lasso,enet,ridge,ranger,xgb,domain_index,domain_pc_ridge,domain_pc_enet,domain_pc1_ols,hapc,hapc_lasso,spatial_gam,spatial_plus_domain",0,NA,-0.295315325776699,0.476356509496119,NA,0.385421145202267,0.0981703324221016,NA,0.35405511041626,0,NA,0.321496970881376,0,NA,0.349306234121556,0,NA,0.331287863982802,0,NA,0.248954465507133,0,NA,0.232636310338089,0,NA,0.247879616963064,0.0517049222700845,NA,0.240961500879422,0.373768235811695,NA,0.390052765292163,0,NA,0.288508891928865,0,NA,0.19468438538206,0,NA,0.260035176861442
"infill",69,18,"Malawi","women_b12","prev",1,"spatial_gam","domain_index","mean,lasso,enet,ridge,ranger,xgb,domain_index,domain_pc_ridge,domain_pc_enet,domain_pc1_ols,hapc,hapc_lasso,spatial_gam,spatial_plus_domain",0,NA,-0.447914139740264,0,NA,0.123629823061639,0,NA,0.215203141907862,0,NA,0.367130717475575,0,NA,0.251972692308046,0,NA,0.0566734066019799,0.261048627632242,NA,0.400199942358792,0.087423948878212,NA,0.334451000541512,0,NA,0.0882430258809521,0.0747083607612193,NA,0.247376498508023,0,NA,0.340157291996625,0.0865305887492828,NA,0.303368266198983,0,NA,0.33583375376101,0.490288473979043,NA,0.33583375376101
"infill",70,17,"Malawi","women_b12","prev",1,"hapc_lasso","domain_pc_ridge","mean,lasso,enet,ridge,ranger,xgb,domain_index,domain_pc_ridge,domain_pc_enet,domain_pc1_ols,hapc,hapc_lasso,spatial_gam,spatial_plus_domain",0,NA,-0.136769108296344,0,NA,0.242789475749223,0,NA,0.448159649099244,0.254345253620976,NA,0.483095704986644,0,NA,0.492990778873363,0,NA,0.226942192666278,0.103103973501955,NA,0.4215832245989,0.272443647181015,NA,0.520533963466088,0,NA,0.421981302283998,0,NA,0.147952206294713,0,NA,0.455931641998774,0.370107125696054,NA,0.474698161439103,0,NA,0.286672801511203,0,NA,0.287525825122127
"infill",70,17,"Malawi","women_b12","prev",1,"ridge","domain_pc_ridge","mean,lasso,enet,ridge,ranger,xgb,domain_index,domain_pc_ridge,domain_pc_enet,domain_pc1_ols,hapc,hapc_lasso,spatial_gam,spatial_plus_domain",0,NA,-0.138413587539867,0,NA,0.441615401263518,0.182180256627478,NA,0.471430026512627,0.493707154956048,NA,0.495018010124944,0.0105894489441071,NA,0.48538502923979,0,NA,0.384605002983128,0.0887881628437703,NA,0.418192240518058,0,NA,0.51558424117823,0,NA,0.237601319399224,0,NA,0.159603476072471,0,NA,0.434747781811175,0.224734976628597,NA,0.464837111838377,0,NA,0.257141985947626,0,NA,0.247344182195616
"infill",70,17,"Malawi","women_b12","prev",1,"ridge","domain_index","mean,lasso,enet,ridge,ranger,xgb,domain_index,domain_pc_ridge,domain_pc_enet,domain_pc1_ols,hapc,hapc_lasso,spatial_gam,spatial_plus_domain",0,NA,-0.336336221384589,0,NA,0.382892460395319,0.164747113469205,NA,0.398965566004706,0.0284918896882301,NA,0.446066588928441,0.01217663585399,NA,0.437556182774414,0,NA,0.325878425403531,0.269173129176513,NA,0.49449440123031,0.372759710163066,NA,0.484316031286629,0,NA,0.275706832776116,0,NA,0.091491604689283,0.152651521648996,NA,0.451222113369188,0,NA,0.386076754902839,0,NA,0.328039196676491,0,NA,0.31450594501953
"infill",69,18,"Malawi","women_b12","prev",1,"spatial_gam","domain_index","mean,lasso,enet,ridge,ranger,xgb,domain_index,domain_pc_ridge,domain_pc_enet,domain_pc1_ols,hapc,hapc_lasso,spatial_gam,spatial_plus_domain",0.152958746122914,NA,-0.381622168731799,0,NA,0.0271263892415663,0,NA,0.0517744217215905,0,NA,0.330415297935281,0,NA,0.351210260137595,0,NA,0.338140800652901,0.182981073452336,NA,0.452145211683837,0,NA,0.333764951995803,0,NA,0.222374432861805,0.222747168183665,NA,0.319146519535144,0,NA,0.406624768352701,0,NA,0.309446076273171,0.441313012241085,NA,0.375199979102835,0,NA,0.348131676347867
"infill",69,18,"Malawi","women_b12","prev",2,"hapc_lasso","domain_index","mean,lasso,enet,ridge,ranger,xgb,domain_index,domain_pc_ridge,domain_pc_enet,domain_pc1_ols,hapc,hapc_lasso,spatial_gam,spatial_plus_domain",0,NA,-0.276034781951776,0,NA,0.229126344413646,0.210093995268227,NA,0.367546638344887,0,NA,0.316991094978154,0,NA,0.401113167719776,0,NA,0.337193717153,0.276875579791299,NA,0.450590976634892,0,NA,0.374836042272183,0,NA,0.211902188359631,0,NA,0.150373348758259,0,NA,0.289890972312963,0.513030424940475,NA,0.416985256916308,0,NA,0.201928245889218,0,NA,0.119746095160506
"infill",70,17,"Malawi","women_b12","prev",2,"lasso","domain_index","mean,lasso,enet,ridge,ranger,xgb,domain_index,domain_pc_ridge,domain_pc_enet,domain_pc1_ols,hapc,hapc_lasso,spatial_gam,spatial_plus_domain",0,NA,-0.334393976491413,0.555843136451809,NA,0.520431203592172,0,NA,0.495267455925944,0,NA,0.46192782890645,0,NA,0.388606842212065,0,NA,0.35029059297754,0.444156863548191,NA,0.538017763299425,0,NA,0.510178613464965,0,NA,0.388812642378852,0,NA,0.147184537464846,0,NA,0.471282381942223,0,NA,0.385183075800972,0,NA,0.335678781135664,0,NA,0.332385978467072
"infill",69,18,"Malawi","women_b12","prev",2,"enet","enet","mean,lasso,enet,ridge,ranger,xgb,domain_index,domain_pc_ridge,domain_pc_enet,domain_pc1_ols,hapc,hapc_lasso,spatial_gam,spatial_plus_domain",0,NA,-0.217642971733705,0,NA,0.27655525118646,0.533408651087958,NA,0.500222368118584,0,NA,0.369003555782533,0,NA,0.363880378902834,0,NA,0.267811182376749,0.0409544569749493,NA,0.472622697183965,0,NA,0.469695167538423,0.175900385777557,NA,0.374184512852605,0,NA,0.0741705043748909,0,NA,0.354885929268175,0,NA,0.379750671191827,0.249736506159535,NA,0.410066011073956,0,NA,0.394137938594591
"infill",70,17,"Malawi","women_b12","prev",2,"domain_pc_ridge","domain_pc_ridge","mean,lasso,enet,ridge,ranger,xgb,domain_index,domain_pc_ridge,domain_pc_enet,domain_pc1_ols,hapc,hapc_lasso,spatial_gam,spatial_plus_domain",0.179048982372931,NA,-0.183357144049924,0,NA,0.0889240818822223,0,NA,0.128838551599698,0,NA,0.295173641386921,0,NA,0.184395178368616,0,NA,0.146043064408954,0.199553499739016,NA,0.333786147972885,0.621397517888053,NA,0.373886612423433,0,NA,0.200037335420059,0,NA,0.143941323925229,0,NA,0.223268077580882,0,NA,0.237310679927897,0,NA,0.153445654785261,0,NA,0.131275082602954
"infill",70,17,"Malawi","women_b12","prev",2,"hapc_lasso","hapc_lasso","mean,lasso,enet,ridge,ranger,xgb,domain_index,domain_pc_ridge,domain_pc_enet,domain_pc1_ols,hapc,hapc_lasso,spatial_gam,spatial_plus_domain",0,NA,-0.318168054659472,0,NA,0.334511580227757,0,NA,0.265707988458908,0.110901501100707,NA,0.429123578101967,0,NA,0.452804814338687,0,NA,0.396500698612113,0.142166548110303,NA,0.473643549246517,0,NA,0.412482709395083,0,NA,0.293380021263343,0,NA,0.209912134559354,0.255029182114263,NA,0.494821125372359,0.175194161825318,NA,0.514417442480806,0.316708606849409,NA,0.432719059915332,0,NA,0.324308694663129
"infill",70,17,"Malawi","women_b12","prev",3,"domain_pc_ridge","domain_index","mean,lasso,enet,ridge,ranger,xgb,domain_index,domain_pc_ridge,domain_pc_enet,domain_pc1_ols,hapc,hapc_lasso,spatial_gam,spatial_plus_domain",0,NA,-0.13499257819271,0,NA,0.30319319549933,0,NA,0.289273063598589,0,NA,0.471394789299945,0,NA,0.40605997666905,0,NA,0.368397039147288,0.422926173480766,NA,0.551360708310382,0.577073826519234,NA,0.509001597257591,0,NA,0.208595535176055,0,NA,0.373841606866529,0,NA,0.456033998586897,0,NA,0.461777923981423,0,NA,0.260459887352432,0,NA,0.286822072632195
"infill",69,18,"Malawi","women_b12","prev",3,"ridge","ridge","mean,lasso,enet,ridge,ranger,xgb,domain_index,domain_pc_ridge,domain_pc_enet,domain_pc1_ols,hapc,hapc_lasso,spatial_gam,spatial_plus_domain",0,NA,-0.250391375069712,0,NA,0.589775677684196,0,NA,0.588431958953465,0.64741653325006,NA,0.633242057495691,0,NA,0.56340763186665,0,NA,0.49265791956595,0.273441464602677,NA,0.593612092031358,0,NA,0.613105750719219,0.0329483800387814,NA,0.513203184216993,0,NA,0.325121510283561,0,NA,0.57733167378655,0,NA,0.57419633008151,0.0461936221084816,NA,0.533728974683532,0,NA,0.578792237624302
"infill",70,17,"Malawi","women_b12","prev",3,"domain_pc_enet","domain_pc_enet","mean,lasso,enet,ridge,ranger,xgb,domain_index,domain_pc_ridge,domain_pc_enet,domain_pc1_ols,hapc,hapc_lasso,spatial_gam,spatial_plus_domain",0,NA,-0.407097957636681,0,NA,0.359446314154192,0,NA,0.419521425129978,0,NA,0.423836417621118,0,NA,0.37149853456048,0,NA,0.232023841926604,0.411655167237489,NA,0.467339725538259,0,NA,0.460904435012679,0.588344832762511,NA,0.512014777106011,0,NA,0.0650596712672754,0,NA,0.375962319896142,0,NA,0.338373527548754,0,NA,0.185228492324413,0,NA,0.218948670714227
"infill",70,17,"Malawi","women_b12","prev",3,"hapc_lasso","domain_index","mean,lasso,enet,ridge,ranger,xgb,domain_index,domain_pc_ridge,domain_pc_enet,domain_pc1_ols,hapc,hapc_lasso,spatial_gam,spatial_plus_domain",0.399000797852206,NA,-0.342759176704446,0,NA,0.238888600698637,0,NA,0.131680057946078,0,NA,0.225811230145487,0,NA,0.203781317374904,0,NA,0.20912694692209,0.495689446699991,NA,0.430924330660174,0,NA,0.24632438989576,0,NA,0.0155559669521915,0,NA,-0.100216681268696,0,NA,0.188669278135973,0.105309755447803,NA,0.331133080116686,0,NA,0.186098196796669,0,NA,0.220946522287667
"infill",69,18,"Malawi","women_b12","prev",3,"hapc","hapc","mean,lasso,enet,ridge,ranger,xgb,domain_index,domain_pc_ridge,domain_pc_enet,domain_pc1_ols,hapc,hapc_lasso,spatial_gam,spatial_plus_domain",0,NA,-0.309062134821368,0,NA,0.022900424107571,0,NA,0.117441106922031,0,NA,0.351218735279422,0,NA,0.378143006517005,0,NA,0.35579487515277,0.0159487833872377,NA,0.445976390243049,0,NA,0.323801345521004,0,NA,0.138664928058763,0,NA,0.176674503644714,0.984051216612762,NA,0.451637390862233,0,NA,0.182019908410564,0,NA,0.244093667813257,0,NA,0.286205989492554
"region",85,2,"Malawi","women_b12","prev",1,"spatial_gam","domain_index","mean,lasso,enet,ridge,ranger,xgb,domain_index,domain_pc_ridge,domain_pc_enet,domain_pc1_ols,hapc,hapc_lasso,spatial_gam,spatial_plus_domain",0,NA,-0.216317172574143,0,NA,0.306811819992977,0,NA,0.283192558578277,0,NA,0.394287108315405,0,NA,0.327184340598367,0,NA,0.236659397969429,0.291355765486519,NA,0.467675898174433,0.195695435805899,NA,0.467551422488453,0,NA,0.332661270781486,0,NA,0.297797705733261,0.0681984649415339,NA,0.409452396057299,0,NA,0.398788978958348,0.444750333766047,NA,0.428020019215979,0,NA,0.426713024513189
"region",85,2,"Malawi","women_b12","prev",1,"domain_index","domain_index","mean,lasso,enet,ridge,ranger,xgb,domain_index,domain_pc_ridge,domain_pc_enet,domain_pc1_ols,hapc,hapc_lasso,spatial_gam,spatial_plus_domain",0.00503792294772393,NA,-0.365507635189754,0,NA,0.297714721942607,0,NA,0.366549776289534,0.100763843321768,NA,0.400998422384493,0,NA,0.362244992149393,0,NA,0.324902286355401,0.478009513672756,NA,0.496772089772252,0.120341625535301,NA,0.384069729091216,0,NA,0.260517237782258,0,NA,0.133406816449039,0,NA,0.350067120871019,0,NA,0.384712853468779,0.295847094522451,NA,0.387669151010803,0,NA,0.385190010265036
"region",85,2,"Malawi","women_b12","prev",1,"hapc_lasso","domain_index","mean,lasso,enet,ridge,ranger,xgb,domain_index,domain_pc_ridge,domain_pc_enet,domain_pc1_ols,hapc,hapc_lasso,spatial_gam,spatial_plus_domain",0.136122801999763,NA,-0.25242835305085,0,NA,0.160224193747036,0,NA,0.168468345002738,0,NA,0.385286396295238,0,NA,0.330777027057158,0,NA,0.348964187539079,0.42886296260856,NA,0.475888680575663,0.274363464693409,NA,0.43988956750715,0,NA,0.312506487042941,0,NA,0.085130502473544,0,NA,0.278185387061871,0,NA,0.40076372197756,0,NA,0.350756847483429,0.160650770698267,NA,0.346139705882575
"region",84,3,"Malawi","women_b12","prev",1,"hapc","domain_index","mean,lasso,enet,ridge,ranger,xgb,domain_index,domain_pc_ridge,domain_pc_enet,domain_pc1_ols,hapc,hapc_lasso,spatial_gam,spatial_plus_domain",0.192555517637502,NA,-0.285739184838681,0,NA,0.296813467736638,0,NA,0.246915453634504,0,NA,0.445915024987856,0,NA,0.358561182942474,0,NA,0.236853980151906,0.417044512640867,NA,0.48942497294954,0,NA,0.419791820281967,0,NA,0.228828500768035,0,NA,0.213800925277431,0.39039996972163,NA,0.435799689227514,0,NA,0.433160437618053,0,NA,0.302070426044462,0,NA,0.310138995250528
"region",82,5,"Malawi","women_b12","prev",1,"hapc_lasso","domain_index","mean,lasso,enet,ridge,ranger,xgb,domain_index,domain_pc_ridge,domain_pc_enet,domain_pc1_ols,hapc,hapc_lasso,spatial_gam,spatial_plus_domain",0.0548390334940028,NA,-0.420131428441665,0,NA,0.199171325519663,0,NA,0.217745442355551,0,NA,0.322195754762877,0,NA,0.360880193586492,0.176485309967352,NA,0.40078661378089,0.276710753776075,NA,0.481588677184129,0,NA,0.381211636012743,0,NA,0.186392891756628,0,NA,0.142378286572838,0,NA,0.401031010055047,0.49196490276257,NA,0.433745197038556,0,NA,0.330214280138771,0,NA,0.324825924189512
"region",84,3,"Malawi","women_b12","prev",1,"ridge","ridge","mean,lasso,enet,ridge,ranger,xgb,domain_index,domain_pc_ridge,domain_pc_enet,domain_pc1_ols,hapc,hapc_lasso,spatial_gam,spatial_plus_domain",0,NA,-0.243852253811988,0,NA,0.36420642009276,0,NA,0.37370077329475,0,NA,0.508678647550636,0.391846235091247,NA,0.478192788238431,0,NA,0.429800816958048,0.0897705818224999,NA,0.461510007982711,0.160704062671986,NA,0.493305806562237,0,NA,0.31793633390655,0.252226715856641,NA,0.445152006057731,0.105452404557627,NA,0.488607346710853,0,NA,0.476179162587838,0,NA,0.405377486486338,0,NA,0.392613698088224
"region",83,4,"Malawi","women_b12","prev",1,"ridge","domain_index","mean,lasso,enet,ridge,ranger,xgb,domain_index,domain_pc_ridge,domain_pc_enet,domain_pc1_ols,hapc,hapc_lasso,spatial_gam,spatial_plus_domain",0,NA,-0.192768383339318,0,NA,0.363511994417737,0.0933616690653348,NA,0.375627552581096,0.138761436993288,NA,0.414949382810637,0,NA,0.387505550780468,0.120106796875533,NA,0.379213576799383,0.315300814921797,NA,0.455990694684277,0.306677698917521,NA,0.427551373281209,0,NA,0.271417915045272,0,NA,0.319755711527097,0,NA,0.391487508272067,0,NA,0.342595405207604,0.0257915832265267,NA,0.278442902551757,0,NA,0.280694066020019
"region",83,4,"Malawi","women_b12","prev",1,"ridge","domain_pc_ridge","mean,lasso,enet,ridge,ranger,xgb,domain_index,domain_pc_ridge,domain_pc_enet,domain_pc1_ols,hapc,hapc_lasso,spatial_gam,spatial_plus_domain",0,NA,-0.347270200186339,0,NA,0.430406191107222,0.232027010497316,NA,0.439941563010213,0.493304520332164,NA,0.502144269442812,0,NA,0.422920478585247,0,NA,0.392398376933149,0.274668469170519,NA,0.504472415152771,0,NA,0.513907531977343,0,NA,0.365931036230453,0,NA,0.241659296803149,0,NA,0.478394955310595,0,NA,0.465974465039759,0,NA,0.366276359278342,0,NA,0.354379423305918
"region",83,4,"Malawi","women_b12","prev",1,"ridge","ridge","mean,lasso,enet,ridge,ranger,xgb,domain_index,domain_pc_ridge,domain_pc_enet,domain_pc1_ols,hapc,hapc_lasso,spatial_gam,spatial_plus_domain",0,NA,-0.396509874807952,0,NA,0.174588381977063,0,NA,0.117573714449152,0.39480588500987,NA,0.526238957075442,0,NA,0.440170477943453,0,NA,0.314397889631965,0.390292616826482,NA,0.523720371068848,0,NA,0.469878599105671,0,NA,0.266891760689819,0,NA,0.251724276072333,0,NA,0.488795978444085,0.154831948415773,NA,0.514597492867187,0.0600695497478759,NA,0.361131652198756,0,NA,0.391925563772706
"region",83,4,"Malawi","women_b12","prev",1,"spatial_gam","domain_index","mean,lasso,enet,ridge,ranger,xgb,domain_index,domain_pc_ridge,domain_pc_enet,domain_pc1_ols,hapc,hapc_lasso,spatial_gam,spatial_plus_domain",0,NA,-0.443809114798404,0,NA,0.166508026184703,0,NA,0.235260090239751,0,NA,0.215875405840005,0,NA,0.30601475082594,0,NA,0.233673763774073,0.380548847493606,NA,0.450280454864213,0,NA,0.256501114120611,0,NA,0.0624517603615733,0,NA,0.095539605294628,0,NA,0.291029028469317,0.0219463069073286,NA,0.320179183593949,0.597504845599065,NA,0.37921077909335,0,NA,0.365743879948547
"region",86,1,"Malawi","women_b12","prev",1,"ridge","domain_index","mean,lasso,enet,ridge,ranger,xgb,domain_index,domain_pc_ridge,domain_pc_enet,domain_pc1_ols,hapc,hapc_lasso,spatial_gam,spatial_plus_domain",0,NA,-0.436882977172124,0,NA,0.301369548749755,0,NA,0.283288781325846,0.193364802172483,NA,0.420355254195709,0,NA,0.343484384587232,0,NA,0.354186271357852,0.21575768589355,NA,0.427442995340228,0.0980453774293127,NA,0.417815312964033,0,NA,0.176300031499865,0,NA,0.0900926190239615,0,NA,0.383159672127091,0.353387325798797,NA,0.411400204477704,0.139444808705858,NA,0.344227292299264,0,NA,0.281963594596276
"region",84,3,"Malawi","women_b12","prev",1,"hapc_lasso","domain_index","mean,lasso,enet,ridge,ranger,xgb,domain_index,domain_pc_ridge,domain_pc_enet,domain_pc1_ols,hapc,hapc_lasso,spatial_gam,spatial_plus_domain",0,NA,-0.283898272954369,0,NA,0.327013810872165,0,NA,0.391895195161885,0,NA,0.403604653027223,0,NA,0.391065730345297,0.251557776813769,NA,0.417899455775431,0.358493334654377,NA,0.5067168247724,0.310760678622866,NA,0.430686140675298,0,NA,0.325774999782456,0,NA,0.234124523684673,0,NA,0.420409394765885,0,NA,0.44185698502337,0.0791882099089874,NA,0.393888065175765,0,NA,0.384160705053962
"region",83,4,"Malawi","women_b12","prev",1,"ridge","domain_index","mean,lasso,enet,ridge,ranger,xgb,domain_index,domain_pc_ridge,domain_pc_enet,domain_pc1_ols,hapc,hapc_lasso,spatial_gam,spatial_plus_domain",0.170966133291164,NA,-0.155769057598105,0.108395753041444,NA,0.275406588951673,0,NA,0.299864549326022,0.10598506609098,NA,0.43348963163028,0,NA,0.384980966465985,0.196159947806044,NA,0.440186723462664,0.418493099770367,NA,0.51296103386423,0,NA,0.456476946838734,0,NA,0.303925792514917,0,NA,0.142290576127917,0,NA,0.44001703363583,0,NA,0.47120602380793,0,NA,0.33224136828596,0,NA,0.353656224432418
"region",85,2,"Malawi","women_b12","prev",1,"domain_pc_ridge","domain_index","mean,lasso,enet,ridge,ranger,xgb,domain_index,domain_pc_ridge,domain_pc_enet,domain_pc1_ols,hapc,hapc_lasso,spatial_gam,spatial_plus_domain",0,NA,-0.319976649614664,0,NA,0.245528290595503,0,NA,0.206453298171622,0,NA,0.408186893249836,0,NA,0.418985159008599,0.106130638757032,NA,0.436007209066361,0.356294795583638,NA,0.474677655510807,0.215181589662696,NA,0.432843452047703,0,NA,0.133054135338763,0,NA,-0.0767600063543185,0,NA,0.381932896481893,0,NA,0.430499159961747,0.322392975996634,NA,0.387596540193982,0,NA,0.358396618857846
"region",85,2,"Malawi","women_b12","prev",1,"hapc_lasso","domain_index","mean,lasso,enet,ridge,ranger,xgb,domain_index,domain_pc_ridge,domain_pc_enet,domain_pc1_ols,hapc,hapc_lasso,spatial_gam,spatial_plus_domain",0.224381000838129,NA,-0.326401653691831,0.0165058074543741,NA,0.386556228002176,0,NA,0.36161475114799,0,NA,0.433045213419597,0,NA,0.369387357542701,0,NA,0.344686810536329,0.50828680518235,NA,0.488815235583263,0,NA,0.438806579345596,0,NA,0.274743828194707,0,NA,0.200526959857072,0.112520262537227,NA,0.471740642020758,0.0217545542274201,NA,0.485044159704427,0.116551569760501,NA,0.355036318781577,0,NA,0.328094076669453
"region",81,6,"Malawi","women_b12","prev",1,"ridge","domain_pc_ridge","mean,lasso,enet,ridge,ranger,xgb,domain_index,domain_pc_ridge,domain_pc_enet,domain_pc1_ols,hapc,hapc_lasso,spatial_gam,spatial_plus_domain",0,NA,-0.290985992346418,0,NA,0.378070763368328,0,NA,0.408277950149109,0.348902745020452,NA,0.504975038989482,0,NA,0.457442246892678,0.105421390502514,NA,0.453205204974213,0.237867070774098,NA,0.50568121264256,0,NA,0.507178787803397,0,NA,0.345087583606483,0.0799037620874235,NA,0.347340034051644,0,NA,0.461825393704884,0,NA,0.449236022027605,0.0126892161372092,NA,0.428294320591513,0.215215815478303,NA,0.44239344283744
"region",85,2,"Malawi","women_b12","prev",1,"hapc_lasso","domain_index","mean,lasso,enet,ridge,ranger,xgb,domain_index,domain_pc_ridge,domain_pc_enet,domain_pc1_ols,hapc,hapc_lasso,spatial_gam,spatial_plus_domain",0.185638105616018,NA,-0.324215335066876,0,NA,0.275577203091874,0.210399412137141,NA,0.36687760229169,0,NA,0.41350198008407,0,NA,0.377069810692496,0,NA,0.304153096737709,0.525642873239198,NA,0.48301430788237,0,NA,0.399674934771569,0,NA,0.213303124013981,0,NA,0.156172286790966,0,NA,0.310909493879045,0,NA,0.434871050112481,0,NA,0.309065887837378,0.0783196090076434,NA,0.36085445755329
"region",82,5,"Malawi","women_b12","prev",1,"spatial_gam","domain_index","mean,lasso,enet,ridge,ranger,xgb,domain_index,domain_pc_ridge,domain_pc_enet,domain_pc1_ols,hapc,hapc_lasso,spatial_gam,spatial_plus_domain",0.213135843813639,NA,-0.261077734852069,0,NA,0.144102572289425,0,NA,0.0935100761667944,0,NA,0.357118778186252,0,NA,0.305746171012298,0,NA,0.0973876869807285,0.374907362380317,NA,0.430357439239966,0.0296664967862595,NA,0.372537443671245,0,NA,0.133822473941292,0,NA,0.109066408307903,0,NA,0.324216447374528,0,NA,0.283375339393447,0.382290297019784,NA,0.367638805157784,0,NA,0.387084220334169
"region",83,4,"Malawi","women_b12","prev",1,"ridge","domain_index","mean,lasso,enet,ridge,ranger,xgb,domain_index,domain_pc_ridge,domain_pc_enet,domain_pc1_ols,hapc,hapc_lasso,spatial_gam,spatial_plus_domain",0,NA,-0.315327983827139,0,NA,0.100383644447106,0,NA,0.118014263542533,0,NA,0.359919663659408,0,NA,0.347301019300543,0,NA,0.254801255467807,0.354900660052843,NA,0.481293724425787,0.486665441062585,NA,0.393883554407391,0,NA,0.195223069052883,0,NA,0.0572717909609305,0,NA,0.29456440016982,0,NA,0.361217011102279,0.158433898884572,NA,0.369211776113476,0,NA,0.337909110889332
"region",84,3,"Malawi","women_b12","prev",1,"hapc_lasso","domain_index","mean,lasso,enet,ridge,ranger,xgb,domain_index,domain_pc_ridge,domain_pc_enet,domain_pc1_ols,hapc,hapc_lasso,spatial_gam,spatial_plus_domain",0,NA,-0.566643588998381,0,NA,0.141063482018046,0,NA,0.175514452504819,0.158996953307106,NA,0.327836421610045,0,NA,0.290351020794061,0,NA,0.237425409115658,0.321187051366791,NA,0.413143586624911,0,NA,0.246989761955434,0,NA,0.182076542121347,0,NA,0.186279710633894,0.178896493536332,NA,0.376312250296849,0.266475909590811,NA,0.354074057707503,0.0744435921989594,NA,0.240449117076215,0,NA,0.266172079478259
"region",83,4,"Malawi","women_b12","prev",1,"ridge","domain_pc_ridge","mean,lasso,enet,ridge,ranger,xgb,domain_index,domain_pc_ridge,domain_pc_enet,domain_pc1_ols,hapc,hapc_lasso,spatial_gam,spatial_plus_domain",0,NA,-0.349304495859713,0,NA,0.21419686554831,0,NA,0.3142413847499,0.507339504513011,NA,0.508028851605496,0,NA,0.449391427312627,0,NA,0.279067980905306,0.318536188656161,NA,0.47841033399046,0.174124306830828,NA,0.52754449059936,0,NA,0.384633446094726,0,NA,0.193380183954854,0,NA,0.464868177540805,0,NA,0.438473982889972,0,NA,0.412871727212804,0,NA,0.420576162085164
"region",84,3,"Malawi","women_b12","prev",1,"ridge","domain_index","mean,lasso,enet,ridge,ranger,xgb,domain_index,domain_pc_ridge,domain_pc_enet,domain_pc1_ols,hapc,hapc_lasso,spatial_gam,spatial_plus_domain",0.00159965057675809,NA,-0.288384372233701,0,NA,0.308233199126281,0,NA,0.347854631712999,0,NA,0.381501835656458,0,NA,0.328386699030319,0,NA,0.271843726297392,0.31924486512421,NA,0.435879286531446,0.303816738141316,NA,0.390805962232026,0,NA,0.191850001786279,0,NA,0.225540733807284,0,NA,0.351826568789119,0,NA,0.3242515316634,0.375338746157716,NA,0.365875255817258,0,NA,0.33984546544444
"region",86,1,"Malawi","women_b12","prev",1,"domain_pc_ridge","domain_index","mean,lasso,enet,ridge,ranger,xgb,domain_index,domain_pc_ridge,domain_pc_enet,domain_pc1_ols,hapc,hapc_lasso,spatial_gam,spatial_plus_domain",0,NA,-0.249888927643404,0,NA,0.235642294821754,0,NA,0.283820863876356,0,NA,0.41856825996947,0,NA,0.361093305221066,0,NA,0.335724010784521,0.368594164885726,NA,0.489746850216839,0.631405835114274,NA,0.460843724501441,0,NA,0.27371129541668,0,NA,0.179432291042485,0,NA,0.33799289109424,0,NA,0.432563034977204,0,NA,0.308306700493187,0,NA,0.307603949954778
"region",82,5,"Malawi","women_b12","prev",1,"hapc_lasso","domain_index","mean,lasso,enet,ridge,ranger,xgb,domain_index,domain_pc_ridge,domain_pc_enet,domain_pc1_ols,hapc,hapc_lasso,spatial_gam,spatial_plus_domain",0.30709703150954,NA,-0.306366441737779,0,NA,0.035828018328171,0,NA,0.0911200195949979,0,NA,0.382111750313765,0,NA,0.370610829666768,0,NA,0.309026741552986,0.614817309788972,NA,0.442220770448773,0,NA,0.359029241239681,0,NA,0.184648548624086,0,NA,0.225869784249647,0.0628902723515205,NA,0.393589623023594,0,NA,0.369458432808351,0.0151953863499682,NA,0.306502992433054,0,NA,0.253031778202525
"region",83,4,"Malawi","women_b12","prev",1,"spatial_plus_domain","domain_index","mean,lasso,enet,ridge,ranger,xgb,domain_index,domain_pc_ridge,domain_pc_enet,domain_pc1_ols,hapc,hapc_lasso,spatial_gam,spatial_plus_domain",0,NA,-0.518219201908153,0,NA,0.206891053901308,0,NA,0.123089207950264,0,NA,0.341441874013169,0,NA,0.367297659260519,0,NA,0.2967818813132,0.43337178596136,NA,0.461128415852959,0,NA,0.283954725515164,0.156451059531022,NA,0.283954725515164,0,NA,0.0553940611208383,0,NA,0.371338325266707,0,NA,0.367208115415507,0,NA,0.318608193534989,0.410177154507618,NA,0.338307839437732
"region",84,3,"Malawi","women_b12","prev",1,"enet","domain_index","mean,lasso,enet,ridge,ranger,xgb,domain_index,domain_pc_ridge,domain_pc_enet,domain_pc1_ols,hapc,hapc_lasso,spatial_gam,spatial_plus_domain",0,NA,-0.323377881610817,0,NA,0.340653770797884,0.442663499632102,NA,0.435613274488801,0,NA,0.443380348478128,0,NA,0.481321589241527,0,NA,0.396896403590546,0.32831575949899,NA,0.527202266246444,0,NA,0.428880374012616,0.0116677672127344,NA,0.370988202558185,0,NA,0.241059382328954,0,NA,0.426833572267856,0,NA,0.479608739360386,0.217352973656173,NA,0.395463642369214,0,NA,0.293328235305675
"region",85,2,"Malawi","women_b12","prev",1,"ridge","domain_pc_ridge","mean,lasso,enet,ridge,ranger,xgb,domain_index,domain_pc_ridge,domain_pc_enet,domain_pc1_ols,hapc,hapc_lasso,spatial_gam,spatial_plus_domain",0,NA,-0.19318436164579,0,NA,0.24953626775333,0,NA,0.270905337781741,0.204440192110846,NA,0.471009918542881,0,NA,0.412161175690131,0,NA,0.361765785539796,0.224537967920234,NA,0.483831360559927,0,NA,0.493436967038384,0,NA,0.337537031139936,0,NA,0.346294159837854,0,NA,0.4642744714702,0.386734722546259,NA,0.485622591429955,0.184287117422661,NA,0.411857399694629,0,NA,0.402408918731086
"infill",69,18,"Malawi","women_b12","level",1,"spatial_gam","spatial_gam","mean,lasso,enet,ridge,ranger,xgb,domain_index,domain_pc_ridge,domain_pc_enet,domain_pc1_ols,hapc,hapc_lasso,spatial_gam,spatial_plus_domain",0,NA,-0.354905024316711,0.227271942221234,NA,0.494373401534527,0,NA,0.43050785531604,0.0399903053749632,NA,0.506393861892583,0,NA,0.428425283156741,0,NA,0.310376324442821,0.102949989616762,NA,0.471903544026306,0,NA,0.448849104859335,0,NA,0.420569967117282,0,NA,0.227840701497991,0,NA,0.461052246985751,0,NA,0.448337595907928,0.629787762787041,NA,0.539166971136281,0,NA,0.530763609791743
"infill",70,17,"Malawi","women_b12","level",1,"lasso","ranger","mean,lasso,enet,ridge,ranger,xgb,domain_index,domain_pc_ridge,domain_pc_enet,domain_pc1_ols,hapc,hapc_lasso,spatial_gam,spatial_plus_domain",0,NA,-0.208977797288494,0.972571037162578,NA,0.715930364797481,0,NA,0.714320706849794,0,NA,0.701793368909107,0,NA,0.738150642988365,0.00443163051125892,NA,0.637791969206544,0,NA,0.6579476861167,0,NA,0.687901320969294,0.0229973323261632,NA,0.66575102790657,0,NA,0.490613244685504,0,NA,0.662531712011198,0,NA,0.679363135333742,0,NA,0.495757151605284,0,NA,0.519412124923454
"infill",70,17,"Malawi","women_b12","level",1,"ridge","ridge","mean,lasso,enet,ridge,ranger,xgb,domain_index,domain_pc_ridge,domain_pc_enet,domain_pc1_ols,hapc,hapc_lasso,spatial_gam,spatial_plus_domain",0,NA,-0.263472007586212,0,NA,0.564097629253783,0.0745919815248201,NA,0.59475111538798,0.874585565413254,NA,0.671454815851632,0,NA,0.619630828448955,0,NA,0.58691278103403,0,NA,0.496631965707287,0,NA,0.614906832298137,0,NA,0.532464351325343,0,NA,0.246505117662497,0,NA,0.578409587962558,0,NA,0.587087743854431,0,NA,0.447887323943662,0.0508224530619258,NA,0.460099728807628
"infill",70,17,"Malawi","women_b12","level",1,"hapc","hapc","mean,lasso,enet,ridge,ranger,xgb,domain_index,domain_pc_ridge,domain_pc_enet,domain_pc1_ols,hapc,hapc_lasso,spatial_gam,spatial_plus_domain",0,NA,-0.33496441192175,0,NA,0.677368559181174,0,NA,0.709176799930015,0,NA,0.762015571691016,0,NA,0.754317207593386,0,NA,0.679258157641501,0.0721099510060142,NA,0.720514390691978,0,NA,0.730452278890736,0,NA,0.700463651474062,0,NA,0.287726358148893,0.88207230219152,NA,0.767159478610795,0,NA,0.757781471437319,0.0458177468024658,NA,0.547826086956522,0,NA,0.548595923366285
"infill",69,18,"Malawi","women_b12","level",1,"ridge","ridge","mean,lasso,enet,ridge,ranger,xgb,domain_index,domain_pc_ridge,domain_pc_enet,domain_pc1_ols,hapc,hapc_lasso,spatial_gam,spatial_plus_domain",0,NA,-0.265395725002542,0,NA,0.634599926927293,0,NA,0.623894775301425,0.378927288443701,NA,0.642345633905736,0.0041030066228631,NA,0.592802338326635,0.017434683569066,NA,0.575922542930216,0,NA,0.577749360613811,0,NA,0.62955791012057,0.0868119120526288,NA,0.581220314212642,0.0817287860424249,NA,0.329704055535258,0,NA,0.611399342345634,0,NA,0.612458896602119,0.430994323269317,NA,0.631019364267446,0,NA,0.625502374862989
"infill",69,18,"Malawi","women_b12","level",2,"xgb","xgb","mean,lasso,enet,ridge,ranger,xgb,domain_index,domain_pc_ridge,domain_pc_enet,domain_pc1_ols,hapc,hapc_lasso,spatial_gam,spatial_plus_domain",0,NA,-0.352499962952094,0,NA,0.580526123492875,0,NA,0.607709170624772,0,NA,0.595031055900621,0,NA,0.61823164048228,0.807976448644688,NA,0.662148337595908,0.0767212659976025,NA,0.645633905736208,0,NA,0.616989404457435,0,NA,0.509061015710632,0.115302285357709,NA,0.434563390573621,0,NA,0.545560833028864,0,NA,0.591267811472415,0,NA,0.430544391669711,0,NA,0.430544391669711
"infill",70,17,"Malawi","women_b12","level",2,"lasso","lasso","mean,lasso,enet,ridge,ranger,xgb,domain_index,domain_pc_ridge,domain_pc_enet,domain_pc1_ols,hapc,hapc_lasso,spatial_gam,spatial_plus_domain",0,NA,-0.240474450946808,0.369447341896658,NA,0.724713498381594,0,NA,0.718729769923891,0,NA,0.690210830198583,0,NA,0.721424197358061,0.396036329047027,NA,0.645630303560493,0,NA,0.675024057387805,0,NA,0.681357711486309,0,NA,0.633417898696527,0,NA,0.446767561893098,0,NA,0.657527775347739,0,NA,0.724223602484472,0.234516329056315,NA,0.585723033855306,0,NA,0.583553494882337
"infill",69,18,"Malawi","women_b12","level",2,"lasso","enet","mean,lasso,enet,ridge,ranger,xgb,domain_index,domain_pc_ridge,domain_pc_enet,domain_pc1_ols,hapc,hapc_lasso,spatial_gam,spatial_plus_domain",0,NA,-0.171225454051517,0.814051074050771,NA,0.696967482645232,0,NA,0.703909389842894,0,NA,0.665180854950676,0,NA,0.581841432225064,0,NA,0.599159663865546,0,NA,0.609134088417976,0,NA,0.671465107782243,0,NA,0.587943003288272,0.0528682918341768,NA,0.329521373766898,0,NA,0.596090610157106,0,NA,0.645780051150895,0,NA,0.515564486664231,0.133080634115052,NA,0.569967117281695
"infill",70,17,"Malawi","women_b12","level",2,"spatial_gam","domain_pc_ridge","mean,lasso,enet,ridge,ranger,xgb,domain_index,domain_pc_ridge,domain_pc_enet,domain_pc1_ols,hapc,hapc_lasso,spatial_gam,spatial_plus_domain",0,NA,-0.269471370187795,0.158446096723512,NA,0.646155192021695,0,NA,0.642550957921442,0.0357557539818445,NA,0.637057125360861,0,NA,0.572845770273817,0,NA,0.545446592599073,0.140802612279522,NA,0.587822587700114,0,NA,0.665156154317208,0,NA,0.579809290525763,0.0198532814606286,NA,0.46044965444843,0.102219078768467,NA,0.601714635639926,0,NA,0.557728982591199,0.542923176786027,NA,0.605703787945062,0,NA,0.607418423584988
"infill",70,17,"Malawi","women_b12","level",2,"enet","ridge","mean,lasso,enet,ridge,ranger,xgb,domain_index,domain_pc_ridge,domain_pc_enet,domain_pc1_ols,hapc,hapc_lasso,spatial_gam,spatial_plus_domain",0,NA,-0.440953151216393,0,NA,0.624179861779372,0.468806587227866,NA,0.710961420698102,0.0847497673696303,NA,0.738745516577727,0,NA,0.666765812264894,0,NA,0.680202956871665,0.0564293485101565,NA,0.685801767124486,0,NA,0.669425247134984,0,NA,0.668095529699939,0,NA,0.273834310209081,0,NA,0.705012684804479,0,NA,0.654903333041729,0,NA,0.672119674569154,0.390014296892347,NA,0.676493745079171
"infill",70,17,"Malawi","women_b12","level",3,"lasso","lasso","mean,lasso,enet,ridge,ranger,xgb,domain_index,domain_pc_ridge,domain_pc_enet,domain_pc1_ols,hapc,hapc_lasso,spatial_gam,spatial_plus_domain",0,NA,-0.246973760431857,0.571140935893462,NA,0.717610007873327,0,NA,0.696229551220366,0,NA,0.69489983378532,0,NA,0.679993001487184,0,NA,0.608573178199633,0.0572283937549558,NA,0.643495757151605,0,NA,0.696404514040766,0,NA,0.662461726883037,0.0508537841801656,NA,0.492747791094392,0.320776886171416,NA,0.656862916630216,0,NA,0.638561805616306,0,NA,0.616796430758464,0,NA,0.616796430758464
"infill",69,18,"Malawi","women_b12","level",3,"ridge","domain_pc_enet","mean,lasso,enet,ridge,ranger,xgb,domain_index,domain_pc_ridge,domain_pc_enet,domain_pc1_ols,hapc,hapc_lasso,spatial_gam,spatial_plus_domain",0,NA,-0.279117625501444,0.141216967510147,NA,0.601826817683595,0,NA,0.62955791012057,0.0721990864087337,NA,0.687102667153818,0,NA,0.637413226160029,0.433519627938211,NA,0.64990865911582,0.150366730398735,NA,0.659554256485203,0,NA,0.617099013518451,0,NA,0.708037997807819,0,NA,0.334672999634637,0,NA,0.592181220314213,0,NA,0.607051516258677,0,NA,0.575118743149434,0.202697587744173,NA,0.61055900621118
"infill",70,17,"Malawi","women_b12","level",3,"enet","enet","mean,lasso,enet,ridge,ranger,xgb,domain_index,domain_pc_ridge,domain_pc_enet,domain_pc1_ols,hapc,hapc_lasso,spatial_gam,spatial_plus_domain",0,NA,-0.353462446609966,0.189308774063847,NA,0.722368996588225,0.715173021427588,NA,0.740845070422535,0.065054095711674,NA,0.685731781996326,0,NA,0.640696352025195,0,NA,0.599510104102878,0.0260539387534283,NA,0.647764849969382,0,NA,0.649339515352987,0,NA,0.665646050214329,0,NA,0.311731257107865,0,NA,0.631318344851719,0,NA,0.634537660747091,0,NA,0.467273204444056,0.00441017004346196,NA,0.467273204444056
"infill",70,17,"Malawi","women_b12","level",3,"ridge","domain_index","mean,lasso,enet,ridge,ranger,xgb,domain_index,domain_pc_ridge,domain_pc_enet,domain_pc1_ols,hapc,hapc_lasso,spatial_gam,spatial_plus_domain",0,NA,-0.288469351759477,0,NA,0.485924241098767,0,NA,0.51843233312921,0.219193877979043,NA,0.557344064386318,0,NA,0.566617093867553,0.449210048684872,NA,0.507584638264369,0.1437651479153,NA,0.580719097191847,0,NA,0.491942962120549,0,NA,0.406246172688304,0.049657117786666,NA,0.350957921441694,0,NA,0.532499343889423,0,NA,0.575715160528388,0.138173807634119,NA,0.475006561105765,0,NA,0.49204793981279
"infill",69,18,"Malawi","women_b12","level",3,"hapc","hapc","mean,lasso,enet,ridge,ranger,xgb,domain_index,domain_pc_ridge,domain_pc_enet,domain_pc1_ols,hapc,hapc_lasso,spatial_gam,spatial_plus_domain",0,NA,-0.181852469383547,0.155250091342311,NA,0.756850566313482,0,NA,0.741578370478626,0,NA,0.771903544026306,0,NA,0.750383631713555,0,NA,0.658640847643405,0.101077161792532,NA,0.707928388746803,0,NA,0.76200219218122,0.325642100062687,NA,0.738801607599562,0.0334232117637148,NA,0.534453781512605,0.213205715527953,NA,0.775301424917793,0,NA,0.734563390573621,0.171401719510802,NA,0.663207891852393,0,NA,0.663207891852393
"region",85,2,"Malawi","women_b12","level",1,"ridge","ridge","mean,lasso,enet,ridge,ranger,xgb,domain_index,domain_pc_ridge,domain_pc_enet,domain_pc1_ols,hapc,hapc_lasso,spatial_gam,spatial_plus_domain",0,NA,-0.354649633481547,0.0062091483871644,NA,0.620011725620481,0,NA,0.617041235098691,0.229332589731552,NA,0.672894273988665,0,NA,0.595133867500489,0,NA,0.528688684776236,0.0673407175273125,NA,0.616376783271448,0,NA,0.613875317568888,0,NA,0.600683994528044,0.115792666707852,NA,0.569337502442838,0.155666217489078,NA,0.63359390267735,0,NA,0.612018760992769,0.425658660157041,NA,0.603048661324995,0,NA,0.602130154387336
"region",85,2,"Malawi","women_b12","level",1,"xgb","lasso","mean,lasso,enet,ridge,ranger,xgb,domain_index,domain_pc_ridge,domain_pc_enet,domain_pc1_ols,hapc,hapc_lasso,spatial_gam,spatial_plus_domain",0,NA,-0.371602292825789,0.045977450500651,NA,0.723333984756693,0,NA,0.7031268321282,0,NA,0.697459448895837,0,NA,0.635919484072699,0.374131838934333,NA,0.658823529411765,0.0837097863089599,NA,0.668829392222005,0,NA,0.651299589603283,0.124089984050319,NA,0.694000390854016,0.00293957255120653,NA,0.424897400820793,0,NA,0.642153605628298,0,NA,0.683603674027751,0,NA,0.607680281414892,0.369151367654531,NA,0.630877467265976
"region",85,2,"Malawi","women_b12","level",1,"ridge","ridge","mean,lasso,enet,ridge,ranger,xgb,domain_index,domain_pc_ridge,domain_pc_enet,domain_pc1_ols,hapc,hapc_lasso,spatial_gam,spatial_plus_domain",0,NA,-0.133247902445744,0,NA,0.698807895251124,0,NA,0.705061559507524,0.433902547063061,NA,0.724877858119992,0,NA,0.692984170412351,0.145751785658205,NA,0.627222982216142,0.154479296598254,NA,0.670080125073285,0,NA,0.709321868282197,0,NA,0.690228649599375,0,NA,0.364940394762556,0,NA,0.652628493257768,0,NA,0.685577486808677,0,NA,0.62374438147352,0.26586637068048,NA,0.62374438147352
"region",84,3,"Malawi","women_b12","level",1,"ridge","ranger","mean,lasso,enet,ridge,ranger,xgb,domain_index,domain_pc_ridge,domain_pc_enet,domain_pc1_ols,hapc,hapc_lasso,spatial_gam,spatial_plus_domain",0,NA,-0.241015742184441,0.0823437730537881,NA,0.658074314062975,0,NA,0.667085147311937,0.21100944834989,NA,0.674678546117242,0,NA,0.678444871924674,0.248014085895072,NA,0.62039080692518,0.0341833545420408,NA,0.654064999493773,0,NA,0.642745773007998,0,NA,0.591961121798117,0,NA,0.378576490837299,0.0381345967831365,NA,0.642077553913132,0.0831964891989732,NA,0.677148931861901,0,NA,0.580803887820188,0.3031182521771,NA,0.587911309101954
"region",82,5,"Malawi","women_b12","level",1,"ridge","ranger","mean,lasso,enet,ridge,ranger,xgb,domain_index,domain_pc_ridge,domain_pc_enet,domain_pc1_ols,hapc,hapc_lasso,spatial_gam,spatial_plus_domain",0,NA,-0.410180226402867,0,NA,0.563043501920963,0,NA,0.604880225509082,0.0772130578371644,NA,0.673251270665317,0.208289446922917,NA,0.696759939486945,0.329049602340856,NA,0.633025326237198,0.231800559770339,NA,0.664391985285315,0,NA,0.662302325834503,0,NA,0.626125096592331,0,NA,0.376301955790642,0.153647333128724,NA,0.656642831488556,0,NA,0.625102034152872,0,NA,0.532939345457712,0,NA,0.540644964682579
"region",84,3,"Malawi","women_b12","level",1,"ridge","ridge","mean,lasso,enet,ridge,ranger,xgb,domain_index,domain_pc_ridge,domain_pc_enet,domain_pc1_ols,hapc,hapc_lasso,spatial_gam,spatial_plus_domain",0,NA,-0.138254689407409,0,NA,0.621018527893085,0,NA,0.604495292092741,0.187070801658013,NA,0.667976106105093,0.141751944948227,NA,0.66665991697884,0.135168762679693,NA,0.594350511288853,0,NA,0.587972056292396,0,NA,0.652404576288347,0,NA,0.641125847929533,0.162841151446736,NA,0.563065708210995,0,NA,0.614761567277513,0,NA,0.654125746684216,0,NA,0.651878100637845,0.373167339267332,NA,0.653133542573656
"region",83,4,"Malawi","women_b12","level",1,"ridge","ridge","mean,lasso,enet,ridge,ranger,xgb,domain_index,domain_pc_ridge,domain_pc_enet,domain_pc1_ols,hapc,hapc_lasso,spatial_gam,spatial_plus_domain",0,NA,-0.210752745413708,0,NA,0.615066537928718,0,NA,0.638302338272952,0.528824625454503,NA,0.693043952814743,0,NA,0.661370219554175,0.12207532437535,NA,0.607950967633601,0.0847225440594914,NA,0.643004072037278,0,NA,0.649196087485832,0,NA,0.538096637420763,0.0981269356255338,NA,0.484173628311154,0,NA,0.621237563494396,0,NA,0.660488644473364,0.166250570485122,NA,0.556420805171907,0,NA,0.558183955333529
"region",83,4,"Malawi","women_b12","level",1,"ridge","ridge","mean,lasso,enet,ridge,ranger,xgb,domain_index,domain_pc_ridge,domain_pc_enet,domain_pc1_ols,hapc,hapc_lasso,spatial_gam,spatial_plus_domain",0,NA,-0.411437002278479,0,NA,0.603585071995298,0,NA,0.661265270139793,0.808104806902068,NA,0.680995760043659,0,NA,0.616262961252676,0.182050627927045,NA,0.595461987322111,0,NA,0.60635573653499,0,NA,0.658851433609,0,NA,0.648440451702279,0,NA,0.280487804878049,0,NA,0.628605012384031,0,NA,0.608475714705512,0,NA,0.531086016540028,0.00984456517088774,NA,0.530813148062634
"region",83,4,"Malawi","women_b12","level",1,"ridge","ridge","mean,lasso,enet,ridge,ranger,xgb,domain_index,domain_pc_ridge,domain_pc_enet,domain_pc1_ols,hapc,hapc_lasso,spatial_gam,spatial_plus_domain",0,NA,-0.391010823913774,0,NA,0.617207505982116,0,NA,0.649741824440619,0.328879980009357,NA,0.703140086478317,0,NA,0.647453927207086,0.122530695222492,NA,0.60469753578775,0,NA,0.650434490575542,0,NA,0.665799084841106,0,NA,0.63849124721884,0.126840881349178,NA,0.55415389782125,0,NA,0.62115360396289,0,NA,0.655199193988497,0,NA,0.658725494311742,0.421748443418973,NA,0.67595818815331
"region",83,4,"Malawi","women_b12","level",1,"lasso","lasso","mean,lasso,enet,ridge,ranger,xgb,domain_index,domain_pc_ridge,domain_pc_enet,domain_pc1_ols,hapc,hapc_lasso,spatial_gam,spatial_plus_domain",0,NA,-0.411758337019403,0.585592781636152,NA,0.724360858066412,0.0952804180682249,NA,0.677931237143697,0,NA,0.674446916586205,0,NA,0.659376180680912,0.00720758571981579,NA,0.624532975105999,0.0453459299629727,NA,0.638575206750346,0,NA,0.626820872339532,0,NA,0.588115528315352,0,NA,0.402040216615591,0,NA,0.635825532093531,0,NA,0.700348432055749,0,NA,0.581461735443516,0.266573284612835,NA,0.586037529910583
"region",86,1,"Malawi","women_b12","level",1,"lasso","lasso","mean,lasso,enet,ridge,ranger,xgb,domain_index,domain_pc_ridge,domain_pc_enet,domain_pc1_ols,hapc,hapc_lasso,spatial_gam,spatial_plus_domain",0,NA,-0.580818212304983,0.526299336932595,NA,0.685475729987263,0,NA,0.670739185810651,0,NA,0.659983961507618,0,NA,0.658210292938346,0.21611372604606,NA,0.588357941412331,0,NA,0.600358507476768,0,NA,0.607736213972357,0,NA,0.628756073399689,0.0311397307549364,NA,0.391575074295957,0,NA,0.612340204726638,0,NA,0.622151988301335,0.226447206266409,NA,0.617906505023822,0,NA,0.585980470776924
"region",84,3,"Malawi","women_b12","level",1,"ridge","ridge","mean,lasso,enet,ridge,ranger,xgb,domain_index,domain_pc_ridge,domain_pc_enet,domain_pc1_ols,hapc,hapc_lasso,spatial_gam,spatial_plus_domain",0,NA,-0.347692977867707,0,NA,0.690614559076643,0,NA,0.661901387060848,0.580398742817219,NA,0.702602004657285,0,NA,0.644973169990888,0.0204158787247016,NA,0.619621342512909,0.0882643832040714,NA,0.680793763288448,0,NA,0.670284499341905,0,NA,0.644608686848233,0,NA,0.315824643110256,0,NA,0.627984205730485,0,NA,0.679720562923965,0.310920995254008,NA,0.59975701123823,0,NA,0.599109041206844
"region",83,4,"Malawi","women_b12","level",1,"enet","enet","mean,lasso,enet,ridge,ranger,xgb,domain_index,domain_pc_ridge,domain_pc_enet,domain_pc1_ols,hapc,hapc_lasso,spatial_gam,spatial_plus_domain",0,NA,-0.162938135964288,0,NA,0.697577767516057,0.306479562097195,NA,0.729125561479367,0,NA,0.702090592334495,0,NA,0.693547710003778,0.284022768886648,NA,0.63588850174216,0.194398551402746,NA,0.674635825532093,0,NA,0.690777045464086,0,NA,0.669325385164351,0,NA,0.501847109693128,0.0870502484537468,NA,0.658032828176819,0,NA,0.676818773351245,0.128048869159665,NA,0.565614373871794,0,NA,0.569203643843667
"region",85,2,"Malawi","women_b12","level",1,"ridge","ranger","mean,lasso,enet,ridge,ranger,xgb,domain_index,domain_pc_ridge,domain_pc_enet,domain_pc1_ols,hapc,hapc_lasso,spatial_gam,spatial_plus_domain",0,NA,-0.32549105940945,0,NA,0.687121360171976,0.0132591384458712,NA,0.692065663474692,0.148541442308965,NA,0.703967168262654,0,NA,0.71016220441665,0.304023644461419,NA,0.630447527848349,0.0961616328695324,NA,0.659722493648622,0,NA,0.684326753957397,0,NA,0.613367207348056,0.0481129247335345,NA,0.433418018370139,0,NA,0.652608950556967,0,NA,0.685323431698261,0,NA,0.648055501270276,0.389901217180678,NA,0.648055501270276
"region",85,2,"Malawi","women_b12","level",1,"hapc","ridge","mean,lasso,enet,ridge,ranger,xgb,domain_index,domain_pc_ridge,domain_pc_enet,domain_pc1_ols,hapc,hapc_lasso,spatial_gam,spatial_plus_domain",0,NA,-0.464163812845352,0,NA,0.657865937072504,0,NA,0.668145397693961,0.287975269942177,NA,0.70578463943717,0,NA,0.671389486026969,0,NA,0.622063709204612,0.0531223705196465,NA,0.650498338870432,0,NA,0.666640609732265,0,NA,0.608325190541333,0,NA,0.527379323822552,0.540870743824125,NA,0.688782489740082,0,NA,0.6874926714872,0.118031615714051,NA,0.589114715653703,0,NA,0.588000781708032
"region",81,6,"Malawi","women_b12","level",1,"xgb","ranger","mean,lasso,enet,ridge,ranger,xgb,domain_index,domain_pc_ridge,domain_pc_enet,domain_pc1_ols,hapc,hapc_lasso,spatial_gam,spatial_plus_domain",0,NA,-0.360004187817583,0.0574794911538208,NA,0.66386630532972,0,NA,0.641418247515808,0,NA,0.686065943992773,0.0205423022881754,NA,0.700158084914183,0.52798075596838,NA,0.662308039747064,0.0979402267849704,NA,0.667366757000903,0,NA,0.662420957542909,0,NA,0.593744354110208,0.0993934534470529,NA,0.517299006323397,0,NA,0.639747064137308,0,NA,0.655374887082204,0.1966637703576,NA,0.627168021680217,0,NA,0.630103884372177
"region",85,2,"Malawi","women_b12","level",1,"ridge","ridge","mean,lasso,enet,ridge,ranger,xgb,domain_index,domain_pc_ridge,domain_pc_enet,domain_pc1_ols,hapc,hapc_lasso,spatial_gam,spatial_plus_domain",0,NA,-0.251916517855439,0,NA,0.649267148719953,0,NA,0.649697088137581,0.143721562057597,NA,0.675434825092828,0,NA,0.663670119210475,0.420178431370405,NA,0.615262849325777,0.214348162392522,NA,0.64469415673246,0,NA,0.64141098299785,0,NA,0.56359194840727,0,NA,0.484502638264608,0,NA,0.600762165331249,0,NA,0.642309947234708,0.221751844179477,NA,0.567930427985148,0,NA,0.571135430916553
"region",82,5,"Malawi","women_b12","level",1,"ridge","ridge","mean,lasso,enet,ridge,ranger,xgb,domain_index,domain_pc_ridge,domain_pc_enet,domain_pc1_ols,hapc,hapc_lasso,spatial_gam,spatial_plus_domain",0,NA,-0.108612729270378,0,NA,0.592538174377728,0,NA,0.609647261131246,0.409480442542497,NA,0.613434768885841,0.337140451582319,NA,0.585463806445293,0,NA,0.464350627442017,0,NA,0.551528607655555,0,NA,0.53095852243663,0,NA,0.573970679465831,0,NA,0.384965335597131,0,NA,0.523731783502574,0,NA,0.518638238591221,0.253379105875184,NA,0.491472665730673,0,NA,0.518594704019329
"region",83,4,"Malawi","women_b12","level",1,"ridge","ridge","mean,lasso,enet,ridge,ranger,xgb,domain_index,domain_pc_ridge,domain_pc_enet,domain_pc1_ols,hapc,hapc_lasso,spatial_gam,spatial_plus_domain",0,NA,-0.282828127802854,0,NA,0.601255194996012,0,NA,0.587275933000294,0.645435703473297,NA,0.653729902187146,0,NA,0.596784349943327,0,NA,0.543742915914529,0,NA,0.571491541077201,0,NA,0.561773225305403,0,NA,0.582658158767474,0.00281089633886597,NA,0.461567524453213,0,NA,0.555560219973972,0,NA,0.609525208849334,0.351753400187837,NA,0.582952017127744,0,NA,0.582952017127744
"region",84,3,"Malawi","women_b12","level",1,"ridge","ridge","mean,lasso,enet,ridge,ranger,xgb,domain_index,domain_pc_ridge,domain_pc_enet,domain_pc1_ols,hapc,hapc_lasso,spatial_gam,spatial_plus_domain",0,NA,-0.597037066813162,0.0158837389741499,NA,0.616077756403766,0,NA,0.632438999696264,0.896447463497558,NA,0.654753467652121,0,NA,0.585258681785967,0,NA,0.57985218183659,0.0643615915587977,NA,0.60498126961628,0,NA,0.532854105497621,0,NA,0.58681785967399,0,NA,0.413040396881644,0.0233072059694945,NA,0.600971955047079,0,NA,0.620795788194796,0,NA,0.483203401842665,0,NA,0.474415308291992
"region",83,4,"Malawi","women_b12","level",1,"ridge","ranger","mean,lasso,enet,ridge,ranger,xgb,domain_index,domain_pc_ridge,domain_pc_enet,domain_pc1_ols,hapc,hapc_lasso,spatial_gam,spatial_plus_domain",0,NA,-0.449804370344748,0,NA,0.656773435204231,0,NA,0.653687922421393,0.344961095785685,NA,0.700432391587255,0,NA,0.720981486923303,0.32684634529318,NA,0.614688720036942,0.00808393620628207,NA,0.636266319633936,0,NA,0.673754250451282,0,NA,0.601234205113135,0.0898074419696845,NA,0.46809537802779,0.113574599906944,NA,0.631837454347005,0,NA,0.641723689181814,0,NA,0.544540531463834,0.116726580838225,NA,0.556084967045884
"region",84,3,"Malawi","women_b12","level",1,"ridge","ranger","mean,lasso,enet,ridge,ranger,xgb,domain_index,domain_pc_ridge,domain_pc_enet,domain_pc1_ols,hapc,hapc_lasso,spatial_gam,spatial_plus_domain",0,NA,-0.307962837301826,0,NA,0.618669636529311,0,NA,0.617576187101347,0.182297335834176,NA,0.645965374101448,0.27430953332735,NA,0.666315682899666,0.027248943358362,NA,0.58382099827883,0.0973847215131905,NA,0.618386149640579,0,NA,0.584124734231042,0,NA,0.54352536195201,0.0177793211944274,NA,0.360818062164625,0,NA,0.58384124734231,0,NA,0.604353548648375,0.400980144772494,NA,0.606499949377341,0,NA,0.59975701123823
"region",86,1,"Malawi","women_b12","level",1,"ridge","ridge","mean,lasso,enet,ridge,ranger,xgb,domain_index,domain_pc_ridge,domain_pc_enet,domain_pc1_ols,hapc,hapc_lasso,spatial_gam,spatial_plus_domain",0,NA,-0.243074761606699,0,NA,0.619831124109628,0.163691001164615,NA,0.584206802207651,0.082120260723024,NA,0.654889381574603,0.0553175574554706,NA,0.63675645077598,0.0763979006368609,NA,0.610547667342799,0.208607220353615,NA,0.626605028539082,0,NA,0.654021416104533,0,NA,0.565017217793292,0,NA,0.3515165809708,0,NA,0.59256568706071,0,NA,0.641794424265296,0.413866059666415,NA,0.567206000283032,0,NA,0.561941601018916
"region",82,5,"Malawi","women_b12","level",1,"lasso","enet","mean,lasso,enet,ridge,ranger,xgb,domain_index,domain_pc_ridge,domain_pc_enet,domain_pc1_ols,hapc,hapc_lasso,spatial_gam,spatial_plus_domain",0,NA,-0.209549922037807,0.986643513651013,NA,0.720791023171276,0,NA,0.729084359116684,0,NA,0.681718744898292,0,NA,0.651636355720987,0,NA,0.568877134554478,0,NA,0.629738466059359,0,NA,0.657557057498286,0,NA,0.612455241018274,0.0133564863489868,NA,0.491429131158782,0,NA,0.590927395217727,0,NA,0.637901198289091,0,NA,0.474515949978777,0,NA,0.491298527443106
"region",83,4,"Malawi","women_b12","level",1,"ridge","ranger","mean,lasso,enet,ridge,ranger,xgb,domain_index,domain_pc_ridge,domain_pc_enet,domain_pc1_ols,hapc,hapc_lasso,spatial_gam,spatial_plus_domain",0,NA,-0.514167718951729,0,NA,0.621762310566307,0,NA,0.676629864405356,0.585512806225167,NA,0.686075311699761,0,NA,0.700243482641367,0.348525350324895,NA,0.631438646572352,0,NA,0.618886696612233,0,NA,0.639120943705134,0,NA,0.5945804122413,0,NA,0.464925905713446,0,NA,0.637336803660635,0,NA,0.605117333445279,0.065961843449938,NA,0.558079005919147,0,NA,0.561038579404727
"region",84,3,"Malawi","women_b12","level",1,"ridge","lasso","mean,lasso,enet,ridge,ranger,xgb,domain_index,domain_pc_ridge,domain_pc_enet,domain_pc1_ols,hapc,hapc_lasso,spatial_gam,spatial_plus_domain",0,NA,-0.295449651287448,0.300456638440193,NA,0.72238533967804,0,NA,0.711005366001822,0.449487626264825,NA,0.716594107522527,0,NA,0.681947959906854,0.0940219931408269,NA,0.651756606256961,0,NA,0.652910802875367,0,NA,0.657021362761972,0,NA,0.575599878505619,0.0246857887582392,NA,0.503189227498228,0,NA,0.64825351827478,0,NA,0.666214437582262,0.131347953395916,NA,0.576713576997064,0,NA,0.576713576997064
"region",85,2,"Malawi","women_b12","level",1,"ridge","ridge","mean,lasso,enet,ridge,ranger,xgb,domain_index,domain_pc_ridge,domain_pc_enet,domain_pc1_ols,hapc,hapc_lasso,spatial_gam,spatial_plus_domain",0,NA,-0.210891082242373,0.132330234601038,NA,0.66953292945085,0,NA,0.654016025014657,0.184751015954343,NA,0.697518076998241,0,NA,0.647957787766269,0.139765763840647,NA,0.58874340433848,0.00216785734998146,NA,0.634746922024624,0,NA,0.655833496189173,0,NA,0.660953683799101,0.0560087706513093,NA,0.514500683994528,0,NA,0.619015047879617,0,NA,0.648133672073481,0.484976357602682,NA,0.649443033027164,0,NA,0.649443033027164
"infill",69,18,"Malawi","child_zinc","prev",1,"mean","domain_pc1_ols","mean,lasso,enet,ridge,ranger,xgb,domain_index,domain_pc_ridge,domain_pc_enet,domain_pc1_ols,hapc,hapc_lasso,spatial_gam,spatial_plus_domain",0.983675209216278,NA,-0.284923751921523,0,NA,-0.344188234476731,0,NA,-0.411968015456382,0,NA,-0.34348329738378,0,NA,-0.218853392143748,0,NA,-0.226821665962092,0,NA,-0.161522027537907,0,NA,-0.355398090234678,0,NA,-0.175233187906058,0.0163247907837218,NA,-0.106365489960469,0,NA,-0.398230932343404,0,NA,-0.339784740437291,0,NA,-0.308843713890371,0,NA,-0.308843713890371
"infill",70,17,"Malawi","child_zinc","prev",1,"mean","ranger","mean,lasso,enet,ridge,ranger,xgb,domain_index,domain_pc_ridge,domain_pc_enet,domain_pc1_ols,hapc,hapc_lasso,spatial_gam,spatial_plus_domain",1,NA,-0.311339522983637,0,NA,-0.337149038432359,0,NA,-0.348943248314436,0,NA,-0.331918169664414,0,NA,-0.0663545319036124,0,NA,-0.192114835709325,0,NA,-0.108782225212596,0,NA,-0.315601731124694,0,NA,-0.316916289123622,0,NA,-0.0985953780567261,0,NA,-0.178969952180015,0,NA,-0.175890781985733,0,NA,-0.168748098676531,0,NA,-0.168748098676531
"infill",70,17,"Malawi","child_zinc","prev",1,"domain_pc_enet","hapc_lasso","mean,lasso,enet,ridge,ranger,xgb,domain_index,domain_pc_ridge,domain_pc_enet,domain_pc1_ols,hapc,hapc_lasso,spatial_gam,spatial_plus_domain",0,NA,-0.116774379196502,0,NA,-0.0788920022061603,0,NA,-0.0780150466364974,0,NA,-0.157651144859936,0,NA,0.0477098926312445,0,NA,-0.155888486304657,0.0171530818487662,NA,-0.00626564253924634,0,NA,-0.0626701019439315,0.903064045302568,NA,0.0370146140651569,0,NA,-0.318620174377038,0,NA,0.0284054129642369,0,NA,0.0489525200622123,0.0797828728486657,NA,0.0445245659772142,0,NA,0.0445245659772142
"infill",70,17,"Malawi","child_zinc","prev",1,"mean","domain_pc1_ols","mean,lasso,enet,ridge,ranger,xgb,domain_index,domain_pc_ridge,domain_pc_enet,domain_pc1_ols,hapc,hapc_lasso,spatial_gam,spatial_plus_domain",0.825913270248472,NA,-0.17105517419195,0,NA,-0.16881168409578,0,NA,-0.106186511256698,0,NA,-0.210026261796025,0,NA,-0.127777643662445,0,NA,-0.0478903606932124,0,NA,-0.0488355651805784,0,NA,-0.25245754028483,0,NA,-0.138419946038715,0.174086729751527,NA,0.0800098094768545,0,NA,-0.216696880622065,0,NA,-0.195869654049255,0,NA,-0.14055540802869,0,NA,-0.131348416170273
"infill",69,18,"Malawi","child_zinc","prev",1,"mean","xgb","mean,lasso,enet,ridge,ranger,xgb,domain_index,domain_pc_ridge,domain_pc_enet,domain_pc1_ols,hapc,hapc_lasso,spatial_gam,spatial_plus_domain",0.501024586024693,NA,-0.207901453311944,0,NA,-0.143560779435705,0,NA,-0.122730931604509,0,NA,-0.0982673305833788,0,NA,0.0607123982214221,0,NA,0.160133062376912,0,NA,0.0899172183170971,0,NA,-0.125667297818599,0,NA,-0.174215834214292,0.352333405206832,NA,0.125153071348675,0,NA,0.0515561936732786,0,NA,-0.0757351529890346,0.146642008768476,NA,0.154430994873876,0,NA,0.154430994873876
"infill",69,18,"Malawi","child_zinc","prev",2,"domain_pc_enet","spatial_gam","mean,lasso,enet,ridge,ranger,xgb,domain_index,domain_pc_ridge,domain_pc_enet,domain_pc1_ols,hapc,hapc_lasso,spatial_gam,spatial_plus_domain",0,NA,-0.244953473923723,0,NA,-0.244953473923723,0,NA,-0.254466776809955,0,NA,-0.244953473923723,0,NA,-0.150094128270458,0,NA,-0.235000656937759,0,NA,-0.0825490292703831,0,NA,-0.25579470647471,0.882988081046343,NA,-0.203868227648586,0,NA,-0.0207240644659319,0.108115132796072,NA,-0.0990149746705636,0,NA,-0.106288499941676,0.00889678615758491,NA,0.0147663528117046,0,NA,0.0147663528117046
"infill",70,17,"Malawi","child_zinc","prev",2,"mean","domain_pc_enet","mean,lasso,enet,ridge,ranger,xgb,domain_index,domain_pc_ridge,domain_pc_enet,domain_pc1_ols,hapc,hapc_lasso,spatial_gam,spatial_plus_domain",0.959148389243928,NA,-0.123039686699473,0,NA,-0.126154081162135,0,NA,-0.125134796254786,0,NA,-0.184323616391872,0,NA,-0.0828979342993618,0,NA,-0.0891467861880594,0,NA,-0.157586592588082,0,NA,-0.144246382439931,0,NA,-0.0321369525704452,0.0408516107560722,NA,-0.0581300759730111,0,NA,-0.112969440027044,0,NA,-0.199123078671778,0,NA,-0.100436728676043,0,NA,-0.100436728676043
"infill",69,18,"Malawi","child_zinc","prev",2,"mean","xgb","mean,lasso,enet,ridge,ranger,xgb,domain_index,domain_pc_ridge,domain_pc_enet,domain_pc1_ols,hapc,hapc_lasso,spatial_gam,spatial_plus_domain",1,NA,-0.195527432971986,0,NA,-0.222433860744169,0,NA,-0.240857137158445,0,NA,-0.250088352344225,0,NA,-0.196768673749934,0,NA,-0.158314160507331,0,NA,-0.176828619592292,0,NA,-0.257799566018529,0,NA,-0.338022231442301,0,NA,-0.166812900363705,0,NA,-0.190846971140332,0,NA,-0.180628627313475,0,NA,-0.255473947768584,0,NA,-0.255473947768584
"infill",70,17,"Malawi","child_zinc","prev",2,"domain_pc_enet","domain_pc_enet","mean,lasso,enet,ridge,ranger,xgb,domain_index,domain_pc_ridge,domain_pc_enet,domain_pc1_ols,hapc,hapc_lasso,spatial_gam,spatial_plus_domain",0,NA,-0.249558653176055,0.0324899710065276,NA,-0.0988287693610592,0,NA,-0.124870043361166,0,NA,-0.312876976580084,0,NA,-0.0238205682853166,0,NA,-0.0240130930840958,0.0181642744197312,NA,0.00847109114628451,0,NA,-0.079110190043814,0.949345754573741,NA,0.0493958455142555,0,NA,-0.13924793628066,0,NA,-0.134312300530139,0,NA,-0.159539267671265,0,NA,-0.168389189914056,0,NA,-0.0553246262673664
"infill",70,17,"Malawi","child_zinc","prev",2,"mean","domain_index","mean,lasso,enet,ridge,ranger,xgb,domain_index,domain_pc_ridge,domain_pc_enet,domain_pc1_ols,hapc,hapc_lasso,spatial_gam,spatial_plus_domain",0.916805724535659,NA,-0.271840061939498,0,NA,-0.222430620496578,0,NA,-0.239953973108442,0,NA,-0.195968026211125,0,NA,-0.0656572791728351,0,NA,-0.161666390413304,0.0831942754643411,NA,0.0578155140250265,0,NA,-0.116814587949543,0,NA,-0.180613696680493,0,NA,-0.11923683970284,0,NA,-0.209907249224377,0,NA,-0.233506157677986,0,NA,-0.0557150412175778,0,NA,-0.0530719462682048
"infill",70,17,"Malawi","child_zinc","prev",3,"lasso","ranger","mean,lasso,enet,ridge,ranger,xgb,domain_index,domain_pc_ridge,domain_pc_enet,domain_pc1_ols,hapc,hapc_lasso,spatial_gam,spatial_plus_domain",0,NA,-0.171279762444562,0.377780991050187,NA,-0.169569176043874,0,NA,-0.180372670051566,0,NA,-0.148961845192468,0.405075455605142,NA,0.120215619267071,0,NA,0.0178687068382122,0,NA,0.0463431299780469,0,NA,-0.14837502113062,0.217143553344671,NA,-0.00682546098619271,0,NA,-0.0251666997388336,0,NA,0.0258842482014846,0,NA,-0.0984441488393179,0,NA,0.0934738131468083,0,NA,0.0934738131468083
"infill",69,18,"Malawi","child_zinc","prev",3,"mean","ranger","mean,lasso,enet,ridge,ranger,xgb,domain_index,domain_pc_ridge,domain_pc_enet,domain_pc1_ols,hapc,hapc_lasso,spatial_gam,spatial_plus_domain",0.884656885326465,NA,-0.0923446907412583,0,NA,-0.0956325240135373,0,NA,-0.101784975995749,0,NA,-0.0791239077748452,0,NA,-0.0176179265157889,0,NA,-0.0229362010138124,0,NA,-0.179870988348957,0,NA,-0.147931343124171,0,NA,-0.25934437831505,0.115343114673535,NA,-0.0306851645435785,0,NA,-0.0643127421255823,0,NA,-0.0856317797183762,0,NA,-0.229215803279072,0,NA,-0.229215803279072
"infill",70,17,"Malawi","child_zinc","prev",3,"domain_pc_enet","domain_index","mean,lasso,enet,ridge,ranger,xgb,domain_index,domain_pc_ridge,domain_pc_enet,domain_pc1_ols,hapc,hapc_lasso,spatial_gam,spatial_plus_domain",0.888988343653759,NA,-0.388365070199345,0,NA,-0.327537534500545,0,NA,-0.327612818749618,0,NA,-0.325196065283366,0,NA,-0.179076539050936,0,NA,-0.242841159494936,0.111011656346241,NA,-0.0110445993686972,0,NA,-0.314616868779686,0,NA,-0.388365070199345,0,NA,-0.197332509164329,0,NA,-0.153521681557596,0,NA,-0.16679807909414,0,NA,-0.220419397543587,0,NA,-0.220419397543587
"infill",70,17,"Malawi","child_zinc","prev",3,"mean","domain_index","mean,lasso,enet,ridge,ranger,xgb,domain_index,domain_pc_ridge,domain_pc_enet,domain_pc1_ols,hapc,hapc_lasso,spatial_gam,spatial_plus_domain",0,NA,-0.315862941193325,0.825757698656832,NA,-0.315862941193325,0,NA,-0.315862941193325,0,NA,-0.271206708268668,0,NA,-0.0311403273566727,0,NA,-0.0630158395076008,0.174242301343168,NA,0.0783146849880572,0,NA,-0.215380184779358,0,NA,-0.315862941193325,0,NA,-0.171560623059443,0,NA,-0.101105413609973,0,NA,-0.233947344722105,0,NA,-0.0310528053573566,0,NA,-0.0310528053573566
"infill",69,18,"Malawi","child_zinc","prev",3,"mean","domain_pc1_ols","mean,lasso,enet,ridge,ranger,xgb,domain_index,domain_pc_ridge,domain_pc_enet,domain_pc1_ols,hapc,hapc_lasso,spatial_gam,spatial_plus_domain",0.902352321341981,NA,-0.382390655196584,0,NA,-0.337813332050071,0,NA,-0.306394101008149,0,NA,-0.388138672059009,0,NA,-0.296636856879801,0,NA,-0.0507219962931448,0,NA,-0.0475233118422258,0,NA,-0.333834157815005,0.0976476786580189,NA,-0.247487088224597,0,NA,0.00111497000860607,0,NA,-0.207987602097187,0,NA,-0.303062607035543,0,NA,-0.271943012918706,0,NA,-0.271943012918706
"region",85,2,"Malawi","child_zinc","prev",1,"mean","mean","mean,lasso,enet,ridge,ranger,xgb,domain_index,domain_pc_ridge,domain_pc_enet,domain_pc1_ols,hapc,hapc_lasso,spatial_gam,spatial_plus_domain",0.98088952898135,NA,-0.0875082210436501,0,NA,-0.221800656669555,0,NA,-0.189292754659121,0,NA,-0.250889832006417,0,NA,-0.145842711083754,0,NA,-0.146654034476512,0,NA,-0.198138857484429,0,NA,-0.213819025681846,0.0118831209615784,NA,-0.157415184719151,0.00722735005707146,NA,-0.113067201012452,0,NA,-0.1586088357939,0,NA,-0.214861957914117,0,NA,-0.121112010075584,0,NA,-0.123526430292587
"region",85,2,"Malawi","child_zinc","prev",1,"mean","domain_pc1_ols","mean,lasso,enet,ridge,ranger,xgb,domain_index,domain_pc_ridge,domain_pc_enet,domain_pc1_ols,hapc,hapc_lasso,spatial_gam,spatial_plus_domain",0,NA,-0.265072394854695,0,NA,-0.276533081389555,0.693461292703224,NA,-0.265072394854695,0,NA,-0.248596963164868,0,NA,-0.16048798611788,0,NA,-0.200370492108924,0,NA,-0.0577416575708564,0,NA,-0.212178841921958,0,NA,-0.117359748784167,0,NA,-0.0162951317370268,0,NA,-0.220380170972568,0,NA,-0.226440747863363,0,NA,-0.0259920547623002,0.306538707296776,NA,-0.0243987095474619
"region",85,2,"Malawi","child_zinc","prev",1,"mean","domain_index","mean,lasso,enet,ridge,ranger,xgb,domain_index,domain_pc_ridge,domain_pc_enet,domain_pc1_ols,hapc,hapc_lasso,spatial_gam,spatial_plus_domain",0.944449648906117,NA,-0.179766708083471,0,NA,-0.189659202292408,0,NA,-0.205619758682264,0,NA,-0.235874283019347,0,NA,0.036060256185863,0,NA,-0.0758643665650536,0.0555503510938828,NA,0.0790803666423506,0,NA,-0.160218141100862,0,NA,-0.000667371123727941,0,NA,-0.130819845089565,0,NA,-0.195139846635506,0,NA,-0.16457318328685,0,NA,-0.048249776235679,0,NA,-0.0537335939966627
"region",84,3,"Malawi","child_zinc","prev",1,"mean","domain_pc1_ols","mean,lasso,enet,ridge,ranger,xgb,domain_index,domain_pc_ridge,domain_pc_enet,domain_pc1_ols,hapc,hapc_lasso,spatial_gam,spatial_plus_domain",0.612739206174292,NA,-0.131312839626055,0,NA,-0.194778935111792,0,NA,-0.193934978827556,0,NA,-0.194685015261674,0,NA,-0.146307135410198,0,NA,-0.138883410485951,0,NA,-0.125848848442969,0,NA,-0.18048079326634,0.387260793825708,NA,-0.127307157704269,0,NA,-0.0229699974463748,0,NA,-0.172568688928033,0,NA,-0.0975502767907271,0,NA,-0.24177238934738,0,NA,-0.24177238934738
"region",82,5,"Malawi","child_zinc","prev",1,"lasso","spatial_gam","mean,lasso,enet,ridge,ranger,xgb,domain_index,domain_pc_ridge,domain_pc_enet,domain_pc1_ols,hapc,hapc_lasso,spatial_gam,spatial_plus_domain",0,NA,-0.240562898500087,0.908781264774836,NA,-0.0816112365833702,0,NA,-0.0935297698019902,0,NA,-0.24580902793727,0.00303391289644474,NA,0.0548155511292899,0,NA,-0.162399915828325,0,NA,0.00276527308576755,0,NA,-0.196530353323921,0,NA,-0.177232517496572,0,NA,-0.0903612858735067,0,NA,-0.23495023017303,0,NA,-0.280794974126444,0.0881848223287196,NA,0.062033567097258,0,NA,0.062033567097258
"region",84,3,"Malawi","child_zinc","prev",1,"domain_pc_enet","spatial_gam","mean,lasso,enet,ridge,ranger,xgb,domain_index,domain_pc_ridge,domain_pc_enet,domain_pc1_ols,hapc,hapc_lasso,spatial_gam,spatial_plus_domain",0,NA,-0.238119604693073,0,NA,-0.221897331010621,0,NA,-0.238617920591944,0,NA,-0.214723468959492,0,NA,-0.145395811313159,0,NA,-0.133930255171989,0,NA,-0.155828251971644,0,NA,-0.233335819669793,1,NA,-0.187175337656084,0,NA,-0.20097134713171,0,NA,-0.169815825320545,0,NA,-0.134649678171406,0,NA,-0.0766024744661386,0,NA,-0.0766024744661386
"region",83,4,"Malawi","child_zinc","prev",1,"domain_pc_enet","spatial_gam","mean,lasso,enet,ridge,ranger,xgb,domain_index,domain_pc_ridge,domain_pc_enet,domain_pc1_ols,hapc,hapc_lasso,spatial_gam,spatial_plus_domain",0,NA,-0.334559157269784,0,NA,-0.308701229341309,0.672877762840337,NA,-0.238032660912266,0,NA,-0.29344285731312,0,NA,-0.11290467300725,0,NA,-0.142532438231953,0.00885277304323116,NA,0.0340687803522899,0,NA,-0.23651849447531,0.318269464116432,NA,-0.201321499706177,0,NA,-0.158868654635085,0,NA,-0.0902166500977587,0,NA,-0.156588466673118,0,NA,0.0541635863905897,0,NA,0.0541635863905897
"region",83,4,"Malawi","child_zinc","prev",1,"mean","spatial_gam","mean,lasso,enet,ridge,ranger,xgb,domain_index,domain_pc_ridge,domain_pc_enet,domain_pc1_ols,hapc,hapc_lasso,spatial_gam,spatial_plus_domain",0.941409843534473,NA,-0.108382947390222,0,NA,-0.137537280739703,0,NA,-0.15869687920613,0,NA,-0.260310499996499,0,NA,-0.0911758762637203,0,NA,-0.081705512331215,0,NA,-0.101202702821971,0,NA,-0.200388494559756,0,NA,-0.219680898648917,0.0585901564655266,NA,-0.0299124909575471,0,NA,-0.077652784528613,0,NA,-0.0891224771637053,0,NA,0.0424066517997658,0,NA,0.0410417434724646
"region",83,4,"Malawi","child_zinc","prev",1,"mean","spatial_gam","mean,lasso,enet,ridge,ranger,xgb,domain_index,domain_pc_ridge,domain_pc_enet,domain_pc1_ols,hapc,hapc_lasso,spatial_gam,spatial_plus_domain",1,NA,-0.20316679915172,0,NA,-0.169890926509657,0,NA,-0.20021144098966,0,NA,-0.250465487114835,0,NA,-0.132332491947792,0,NA,-0.224036126788249,0,NA,-0.0717881459689808,0,NA,-0.248715384939899,0,NA,-0.15060562269224,0,NA,-0.102380520545408,0,NA,-0.160930168113265,0,NA,-0.116275449726149,0,NA,-0.00179522856985898,0,NA,-0.00179522856985898
"region",83,4,"Malawi","child_zinc","prev",1,"mean","domain_index","mean,lasso,enet,ridge,ranger,xgb,domain_index,domain_pc_ridge,domain_pc_enet,domain_pc1_ols,hapc,hapc_lasso,spatial_gam,spatial_plus_domain",0.94394734774076,NA,-0.199703625327982,0,NA,-0.22925398050184,0,NA,-0.21952296570659,0,NA,-0.1893939163913,0,NA,-0.0996026253319488,0,NA,-0.173567049856412,0.0458103422720233,NA,0.0219216065872361,0,NA,-0.183019322821523,0,NA,-0.274503704496757,0,NA,-0.133440430902189,0,NA,-0.151582450146798,0,NA,-0.194746467686253,0.0102423099872168,NA,-0.0218901100260476,0,NA,-0.0218901100260476
"region",86,1,"Malawi","child_zinc","prev",1,"mean","spatial_plus_domain","mean,lasso,enet,ridge,ranger,xgb,domain_index,domain_pc_ridge,domain_pc_enet,domain_pc1_ols,hapc,hapc_lasso,spatial_gam,spatial_plus_domain",0.838560808924757,NA,-0.0910441741310383,0,NA,-0.127051714544463,0,NA,-0.165403834738077,0,NA,-0.143444275420491,0,NA,-0.0558539042208291,0,NA,-0.19420510090436,0,NA,-0.0410268539452423,0,NA,-0.119132485317294,0,NA,-0.0243389893741916,0,NA,-0.0577603740843991,0,NA,-0.0872917810304914,0,NA,-0.038431412299293,0,NA,0.0371478484307508,0.161439191075242,NA,0.0409041603401611
"region",84,3,"Malawi","child_zinc","prev",1,"mean","domain_index","mean,lasso,enet,ridge,ranger,xgb,domain_index,domain_pc_ridge,domain_pc_enet,domain_pc1_ols,hapc,hapc_lasso,spatial_gam,spatial_plus_domain",1,NA,-0.271939746358254,0,NA,-0.213424181015904,0,NA,-0.24293523363765,0,NA,-0.307666498730212,0,NA,-0.180722478201869,0,NA,-0.222593616737235,0,NA,-0.136876285962005,0,NA,-0.28104507790985,0,NA,-0.267359989888986,0,NA,-0.160242690558301,0,NA,-0.238059806515537,0,NA,-0.247347623166947,0,NA,-0.138162602990063,0,NA,-0.138162602990063
"region",83,4,"Malawi","child_zinc","prev",1,"domain_pc_enet","spatial_gam","mean,lasso,enet,ridge,ranger,xgb,domain_index,domain_pc_ridge,domain_pc_enet,domain_pc1_ols,hapc,hapc_lasso,spatial_gam,spatial_plus_domain",0,NA,-0.100428279414922,0,NA,-0.0252696132356648,0,NA,-0.0440524024115592,0,NA,-0.134718127344712,0.0340534850645033,NA,0.123950118042047,0,NA,0.0272236706829603,0,NA,0.0625839957351046,0,NA,-0.0227648313844516,0.742442376203712,NA,-0.00260513800666304,0,NA,-0.117482790182154,0,NA,0.077754919042809,0,NA,0.0564211362322516,0,NA,0.138617093724306,0.223504138731785,NA,0.138617093724306
"region",85,2,"Malawi","child_zinc","prev",1,"mean","domain_index","mean,lasso,enet,ridge,ranger,xgb,domain_index,domain_pc_ridge,domain_pc_enet,domain_pc1_ols,hapc,hapc_lasso,spatial_gam,spatial_plus_domain",1,NA,-0.276097228932505,0,NA,-0.335889126576204,0,NA,-0.253843554067314,0,NA,-0.303950570532019,0,NA,-0.153880754676135,0,NA,-0.151485837582014,0,NA,0.0330009800398064,0,NA,-0.288631019210914,0,NA,-0.340014240973311,0,NA,-0.231788874023664,0,NA,-0.189657883510759,0,NA,-0.327424026968813,0,NA,-0.271192591600814,0,NA,-0.271192591600814
"region",85,2,"Malawi","child_zinc","prev",1,"mean","domain_index","mean,lasso,enet,ridge,ranger,xgb,domain_index,domain_pc_ridge,domain_pc_enet,domain_pc1_ols,hapc,hapc_lasso,spatial_gam,spatial_plus_domain",0.926453707783613,NA,-0.221653575395447,0,NA,-0.193596500579754,0,NA,-0.20060499215775,0,NA,-0.207453428622513,0,NA,-0.0865672285092307,0,NA,-0.157064388853469,0,NA,-0.0229516545324835,0,NA,-0.230515583405051,0,NA,-0.253791783940884,0.0735462922163867,NA,-0.0275654453925057,0,NA,-0.141375544933266,0,NA,-0.170384070312291,0,NA,-0.0404977447734578,0,NA,-0.0404977447734578
"region",81,6,"Malawi","child_zinc","prev",1,"domain_pc_enet","mean","mean,lasso,enet,ridge,ranger,xgb,domain_index,domain_pc_ridge,domain_pc_enet,domain_pc1_ols,hapc,hapc_lasso,spatial_gam,spatial_plus_domain",0.208062696018824,NA,0.0566545095223903,0,NA,-0.0497229330615137,0,NA,-0.0566596879151884,0,NA,0.0507283897147745,0,NA,-0.0564438275782909,0,NA,-0.147497198422518,0,NA,-0.117609192064272,0,NA,-0.0492839391330867,0.71476861460528,NA,0.0325810347410654,0.0771686893758956,NA,0.0385629832604133,0,NA,-0.125595140853115,0,NA,0.0343860029767896,0,NA,-0.104235269340098,0,NA,-0.103071828427437
"region",85,2,"Malawi","child_zinc","prev",1,"domain_pc_enet","spatial_gam","mean,lasso,enet,ridge,ranger,xgb,domain_index,domain_pc_ridge,domain_pc_enet,domain_pc1_ols,hapc,hapc_lasso,spatial_gam,spatial_plus_domain",0.327164478220291,NA,-0.0907295357766945,0,NA,-0.136071274951741,0,NA,-0.0782610183136969,0,NA,-0.0993872822709135,0,NA,-0.022658183548907,0,NA,-0.113261593089381,0,NA,-0.0642014450169203,0,NA,-0.149117087203278,0.601691940999343,NA,-0.132661292871058,0,NA,-0.2177648891728,0,NA,-0.112890147457432,0,NA,-0.163670675298921,0,NA,0.0439381083055811,0.0711435807803656,NA,0.0439381083055811
"region",82,5,"Malawi","child_zinc","prev",1,"lasso","spatial_gam","mean,lasso,enet,ridge,ranger,xgb,domain_index,domain_pc_ridge,domain_pc_enet,domain_pc1_ols,hapc,hapc_lasso,spatial_gam,spatial_plus_domain",0,NA,-0.179797715752962,0.950739593994074,NA,-0.176143417142034,0,NA,-0.0874119585130671,0,NA,-0.142546275616782,0,NA,-0.0551369758604579,0,NA,0.0138604601639737,0,NA,-0.0545925744400347,0,NA,-0.0847594360597521,0,NA,-0.319482922087417,0,NA,-0.0745829945979733,0,NA,-0.0657092514450757,0,NA,-0.100158973329453,0,NA,0.0224075624646174,0.0492604060059263,NA,0.0224075624646174
"region",83,4,"Malawi","child_zinc","prev",1,"mean","domain_index","mean,lasso,enet,ridge,ranger,xgb,domain_index,domain_pc_ridge,domain_pc_enet,domain_pc1_ols,hapc,hapc_lasso,spatial_gam,spatial_plus_domain",0,NA,-0.121766820172334,1,NA,-0.121766820172334,0,NA,-0.150027044567114,0,NA,-0.175332513150211,0,NA,-0.101493857547112,0,NA,-0.137627686433869,0,NA,-0.0207438831726411,0,NA,-0.0971380272328225,0,NA,-0.189556115615286,0,NA,-0.158728498770412,0,NA,-0.170601642428436,0,NA,-0.121106466707299,0,NA,-0.136168476028506,0,NA,-0.136168476028506
"region",84,3,"Malawi","child_zinc","prev",1,"mean","spatial_gam","mean,lasso,enet,ridge,ranger,xgb,domain_index,domain_pc_ridge,domain_pc_enet,domain_pc1_ols,hapc,hapc_lasso,spatial_gam,spatial_plus_domain",0.841355385143139,NA,-0.278698710509087,0,NA,-0.278698710509087,0,NA,-0.275829546713593,0,NA,-0.304382744506189,0,NA,-0.0746060096581987,0,NA,-0.120366252888682,0,NA,0.0554835352847696,0,NA,-0.331453734788351,0,NA,-0.268749036638454,0,NA,-0.118087356313459,0,NA,-0.0930397508444493,0,NA,-0.0861422905434402,0.158644614856861,NA,0.0669185318777789,0,NA,0.0669185318777789
"region",83,4,"Malawi","child_zinc","prev",1,"mean","ranger","mean,lasso,enet,ridge,ranger,xgb,domain_index,domain_pc_ridge,domain_pc_enet,domain_pc1_ols,hapc,hapc_lasso,spatial_gam,spatial_plus_domain",0.591250621168197,NA,-0.178442219549083,0,NA,-0.138063664553069,0,NA,-0.139931914411703,0,NA,-0.203361750292999,0.407724333125532,NA,0.110166207772613,0,NA,0.00985857896678583,0,NA,0.101504516987098,0,NA,-0.197113589449752,0,NA,-0.158887930826104,0,NA,-0.132235145992191,0,NA,0.0181423050634781,0,NA,-0.00329642448292303,0,NA,0.1099457283708,0.00102504570627094,NA,0.1099457283708
"region",84,3,"Malawi","child_zinc","prev",1,"mean","domain_index","mean,lasso,enet,ridge,ranger,xgb,domain_index,domain_pc_ridge,domain_pc_enet,domain_pc1_ols,hapc,hapc_lasso,spatial_gam,spatial_plus_domain",0.803932755223288,NA,-0.303217310866355,0,NA,-0.288925136037743,0,NA,-0.305704742802306,0,NA,-0.213523328312598,0,NA,-0.102865890609296,0,NA,-0.0813831657193473,0.0869670883625867,NA,0.0462065963922417,0,NA,-0.217197337359761,0,NA,-0.282868922337605,0.109100156414126,NA,0.0442416512585077,0,NA,-0.135763528724596,0,NA,-0.128943078078618,0,NA,-0.0893239749195923,0,NA,-0.0893239749195923
"region",86,1,"Malawi","child_zinc","prev",1,"domain_pc_enet","xgb","mean,lasso,enet,ridge,ranger,xgb,domain_index,domain_pc_ridge,domain_pc_enet,domain_pc1_ols,hapc,hapc_lasso,spatial_gam,spatial_plus_domain",0,NA,-0.123129250731809,0.375653304293679,NA,-0.0801819580351998,0,NA,-0.101742135793882,0,NA,-0.182287467316943,0,NA,-0.105931771033218,0,NA,-0.0540795659319619,0,NA,-0.133131999482767,0,NA,-0.128318634975734,0.624346695706321,NA,-0.0647970459890737,0,NA,-0.175744432324444,0,NA,-0.147458837368407,0,NA,-0.180518332491952,0,NA,-0.0687933605720891,0,NA,-0.0687933605720891
"region",82,5,"Malawi","child_zinc","prev",1,"mean","domain_index","mean,lasso,enet,ridge,ranger,xgb,domain_index,domain_pc_ridge,domain_pc_enet,domain_pc1_ols,hapc,hapc_lasso,spatial_gam,spatial_plus_domain",0.981504740515611,NA,-0.252043243507467,0,NA,-0.252043243507467,0,NA,-0.252043243507467,0,NA,-0.252043243507467,0,NA,-0.221058436850123,0,NA,-0.185041035032648,0,NA,-0.10156297586258,0,NA,-0.249621663317353,0,NA,-0.256120059273519,0.0151980395722602,NA,-0.134433754607126,0,NA,-0.177081929612885,0,NA,-0.252256251160791,0,NA,-0.103119955445378,0.00329721991212932,NA,-0.103119955445378
"region",83,4,"Malawi","child_zinc","prev",1,"mean","spatial_gam","mean,lasso,enet,ridge,ranger,xgb,domain_index,domain_pc_ridge,domain_pc_enet,domain_pc1_ols,hapc,hapc_lasso,spatial_gam,spatial_plus_domain",0.88517946891909,NA,-0.1892914807809,0,NA,-0.0893134764422202,0,NA,-0.133321258421044,0,NA,-0.307133382617583,0,NA,-0.102722403206637,0,NA,-0.115898672219754,0,NA,-0.044410850936639,0,NA,-0.159994552582374,0,NA,-0.162292025265193,0,NA,-0.00257225968781952,0,NA,-0.166367457196686,0,NA,-0.199908740766505,0.11482053108091,NA,0.0108244887271099,0,NA,0.0108244887271099
"region",84,3,"Malawi","child_zinc","prev",1,"lasso","spatial_gam","mean,lasso,enet,ridge,ranger,xgb,domain_index,domain_pc_ridge,domain_pc_enet,domain_pc1_ols,hapc,hapc_lasso,spatial_gam,spatial_plus_domain",0.78548493289534,NA,-0.185021363492023,0,NA,-0.140598786202573,0,NA,-0.143047336837451,0,NA,-0.0990579201909401,0,NA,0.0107058039264348,0,NA,0.0329074332611037,0,NA,0.0536708183596763,0,NA,-0.209517748365402,0,NA,-0.143558545784363,0.03680273214531,NA,-0.0693699631903044,0,NA,-0.0815443967944431,0.082337026153929,NA,0.0538126170871787,0.0953753088054212,NA,0.114634142705193,0,NA,0.114634142705193
"region",85,2,"Malawi","child_zinc","prev",1,"mean","domain_index","mean,lasso,enet,ridge,ranger,xgb,domain_index,domain_pc_ridge,domain_pc_enet,domain_pc1_ols,hapc,hapc_lasso,spatial_gam,spatial_plus_domain",1,NA,-0.236072152039498,0,NA,-0.197789687832775,0,NA,-0.215556160385516,0,NA,-0.197782736827896,0,NA,-0.152091154586923,0,NA,-0.26343959226927,0,NA,-0.0251220687247504,0,NA,-0.261191313745265,0,NA,-0.287188350362585,0,NA,-0.192794770995429,0,NA,-0.0645744692590278,0,NA,-0.213383145849251,0,NA,-0.0822087929864402,0,NA,-0.0822087929864402
"infill",69,18,"Malawi","child_zinc","level",1,"mean","domain_pc1_ols","mean,lasso,enet,ridge,ranger,xgb,domain_index,domain_pc_ridge,domain_pc_enet,domain_pc1_ols,hapc,hapc_lasso,spatial_gam,spatial_plus_domain",1,NA,-0.298768281922426,0,NA,-0.42065278245197,0,NA,-0.422508126197301,0,NA,-0.471217128121908,0,NA,-0.325502374862989,0,NA,-0.239276580197296,0,NA,-0.170734380708805,0,NA,-0.255296637987186,0,NA,-0.364496735825039,0,NA,-0.128571428571429,0,NA,-0.417720131530873,0,NA,-0.425824430267587,0,NA,-0.201607599561564,0,NA,-0.201607599561564
"infill",70,17,"Malawi","child_zinc","level",1,"domain_pc_enet","domain_pc1_ols","mean,lasso,enet,ridge,ranger,xgb,domain_index,domain_pc_ridge,domain_pc_enet,domain_pc1_ols,hapc,hapc_lasso,spatial_gam,spatial_plus_domain",0,NA,-0.240474450946808,0,NA,-0.0831615916852024,0,NA,-0.248516838602445,0,NA,-0.25833928865071,0,NA,-0.154439681567667,0,NA,-0.217986177937188,0,NA,-0.222430233575365,0,NA,-0.259549803284576,0.768934259954836,NA,-0.269407430644588,0.0350382137091829,NA,-0.0445630303560493,0,NA,-0.147896072084682,0,NA,-0.281412957049392,0,NA,-0.234397690490771,0.196027526335981,NA,-0.234397690490771
"infill",70,17,"Malawi","child_zinc","level",1,"mean","domain_index","mean,lasso,enet,ridge,ranger,xgb,domain_index,domain_pc_ridge,domain_pc_enet,domain_pc1_ols,hapc,hapc_lasso,spatial_gam,spatial_plus_domain",0.912582280526612,NA,-0.0914902796741495,0,NA,0.0256780894257972,0,NA,-0.131353311874375,0,NA,-0.0884742998422639,0,NA,-0.00232700551132884,0,NA,-0.0136296037092118,0.0546984640914748,NA,0.0772110926428134,0,NA,-0.125379912506651,0.0327192553819127,NA,-0.0568630065690729,0,NA,-0.229148805878751,0,NA,-0.030251071647275,0,NA,-0.0631783291037842,0,NA,-0.0859942262269268,0,NA,-0.0859942262269268
"infill",70,17,"Malawi","child_zinc","level",1,"enet","domain_pc1_ols","mean,lasso,enet,ridge,ranger,xgb,domain_index,domain_pc_ridge,domain_pc_enet,domain_pc1_ols,hapc,hapc_lasso,spatial_gam,spatial_plus_domain",0,NA,-0.10848847371197,0,NA,-0.10848847371197,0.809917684130654,NA,-0.0631249840468432,0,NA,-0.123361083406968,0,NA,-0.0199632578077159,0,NA,0.00575627679118187,0.0402937517732633,NA,0.00134721371708512,0,NA,-0.218387723309607,0,NA,-0.0687641525795658,0.149788564096083,NA,0.0638439331642026,0,NA,-0.140862566704575,0,NA,-0.228508239423414,0,NA,-0.145796518239874,0,NA,-0.125850756714198
"infill",69,18,"Malawi","child_zinc","level",1,"domain_pc_enet","domain_pc1_ols","mean,lasso,enet,ridge,ranger,xgb,domain_index,domain_pc_ridge,domain_pc_enet,domain_pc1_ols,hapc,hapc_lasso,spatial_gam,spatial_plus_domain",0.62698112027209,NA,-0.134161407595243,0,NA,-0.134737650303741,0,NA,-0.11183961063556,0,NA,-0.111736813461694,0,NA,0.0597734746072342,0,NA,0.07197661673365,0,NA,-0.0358786993058093,0,NA,-0.077909415001119,0,NA,-0.0124900767601564,0.234575384989205,NA,0.130946291560102,0.138443494738705,NA,0.0865911582024114,0,NA,0.0135052155322986,0,NA,0.0571428571428571,0,NA,0.0571428571428571
"infill",69,18,"Malawi","child_zinc","level",2,"domain_pc_enet","ranger","mean,lasso,enet,ridge,ranger,xgb,domain_index,domain_pc_ridge,domain_pc_enet,domain_pc1_ols,hapc,hapc_lasso,spatial_gam,spatial_plus_domain",0,NA,-0.186364289928023,0,NA,-0.186364289928023,0,NA,-0.186364289928023,0,NA,-0.228941153715336,0,NA,0.0279868469126781,0,NA,-0.0664961636828645,0,NA,-0.00686883449031787,0,NA,-0.190148006984119,0.729387105875964,NA,-0.180606263784877,0,NA,-0.161746437705517,0.135107485822398,NA,0.0213372305443917,0,NA,-0.0417705999429122,0.135505408301638,NA,-0.026890756302521,0,NA,-0.026890756302521
"infill",70,17,"Malawi","child_zinc","level",2,"lasso","domain_pc1_ols","mean,lasso,enet,ridge,ranger,xgb,domain_index,domain_pc_ridge,domain_pc_enet,domain_pc1_ols,hapc,hapc_lasso,spatial_gam,spatial_plus_domain",0,NA,-0.0914902796741495,0.622248706893975,NA,-0.0944422420053629,0,NA,-0.170005473896441,0,NA,-0.200147425303696,0,NA,-0.0470824949698189,0,NA,0.00582626191934214,0,NA,-0.0181786370396291,0,NA,-0.0829656343198318,0,NA,-0.0871124779846436,0.21391349851178,NA,0.0469425247134984,0,NA,-0.0582801154754615,0.163837794594245,NA,-0.00130515666234429,0,NA,-0.0498119149680693,0,NA,-0.0498119149680693
"infill",69,18,"Malawi","child_zinc","level",2,"mean","domain_pc1_ols","mean,lasso,enet,ridge,ranger,xgb,domain_index,domain_pc_ridge,domain_pc_enet,domain_pc1_ols,hapc,hapc_lasso,spatial_gam,spatial_plus_domain",1,NA,-0.226243563252957,0,NA,-0.196403974801521,0,NA,-0.19762917918119,0,NA,-0.289370998034604,0,NA,-0.245597369382536,0,NA,-0.162842528315674,0,NA,-0.178991596638655,0,NA,-0.276896189805245,0,NA,-0.267391574011447,0,NA,-0.0975155279503106,0,NA,-0.191012056996712,0,NA,-0.250492570033714,0,NA,-0.326635001826818,0,NA,-0.326635001826818
"infill",70,17,"Malawi","child_zinc","level",2,"domain_pc_ridge","domain_index","mean,lasso,enet,ridge,ranger,xgb,domain_index,domain_pc_ridge,domain_pc_enet,domain_pc1_ols,hapc,hapc_lasso,spatial_gam,spatial_plus_domain",0,NA,-0.174981409212854,0,NA,-0.174981409212854,0,NA,-0.189441725814055,0,NA,-0.0759513603359286,0,NA,-0.0282914880587875,0,NA,-0.00733100630774538,0.0528258108598403,NA,0.0433732831773248,0.589000546589791,NA,0.0335753652348876,0.336482961425393,NA,-0.0959475093165304,0,NA,-0.215501705887499,0,NA,-0.185408100778585,0.021690681124975,NA,-0.200891204445685,0,NA,-0.109124311083895,0,NA,-0.0964919954509667
"infill",70,17,"Malawi","child_zinc","level",2,"ridge","domain_index","mean,lasso,enet,ridge,ranger,xgb,domain_index,domain_pc_ridge,domain_pc_enet,domain_pc1_ols,hapc,hapc_lasso,spatial_gam,spatial_plus_domain",0,NA,-0.290469139293338,0.273337619377326,NA,-0.334011183193212,0,NA,-0.295315737423858,0.172744966673387,NA,-0.290469139293338,0,NA,-0.224984690753215,0,NA,-0.224144869215292,0,NA,-0.0253521126760563,0.437143192731366,NA,-0.242170946826053,0.116774221217921,NA,-0.238947903877435,0,NA,-0.147616131572041,0,NA,-0.225474586650337,0,NA,-0.258776871220763,0,NA,-0.215956609220541,0,NA,-0.215956609220541
"infill",70,17,"Malawi","child_zinc","level",3,"spatial_gam","spatial_gam","mean,lasso,enet,ridge,ranger,xgb,domain_index,domain_pc_ridge,domain_pc_enet,domain_pc1_ols,hapc,hapc_lasso,spatial_gam,spatial_plus_domain",0.347753005502893,NA,-0.198478912735723,0,NA,-0.162115628043682,0,NA,-0.234963372759639,0,NA,-0.189699099261475,0,NA,-0.0242323506254921,0,NA,-0.179039454116,0,NA,0.0131747003761701,0,NA,-0.210023195692887,0,NA,-0.2229212342703,0,NA,-0.154474674131747,0,NA,-0.0336453503630479,0,NA,-0.212423065422631,0,NA,0.0652086431633278,0.652246994497107,NA,0.0652086431633278
"infill",69,18,"Malawi","child_zinc","level",3,"domain_pc_enet","hapc_lasso","mean,lasso,enet,ridge,ranger,xgb,domain_index,domain_pc_ridge,domain_pc_enet,domain_pc1_ols,hapc,hapc_lasso,spatial_gam,spatial_plus_domain",0,NA,-0.207823403344105,0,NA,-0.207823403344105,0,NA,-0.207823403344105,0,NA,-0.207823403344105,0,NA,-0.221812203142126,0,NA,-0.0942637924735111,0,NA,-0.103872853489222,0,NA,-0.233030160272542,0.87803595497582,NA,-0.221777566632629,0.0362325635179693,NA,-0.120460358056266,0,NA,-0.0728900255754476,0.0857314815062111,NA,-0.0231000202360431,0,NA,-0.178589696748265,0,NA,-0.178589696748265
"infill",70,17,"Malawi","child_zinc","level",3,"mean","domain_index","mean,lasso,enet,ridge,ranger,xgb,domain_index,domain_pc_ridge,domain_pc_enet,domain_pc1_ols,hapc,hapc_lasso,spatial_gam,spatial_plus_domain",0,NA,-0.347963030891847,0,NA,-0.299762738286535,0,NA,-0.364969097904636,0,NA,-0.248614706924394,0,NA,-0.138832997987928,0.108906015405339,NA,0.0135946111451317,0.0712473543010454,NA,0.0498819000962296,0,NA,-0.294859582176647,0.819846630293615,NA,-0.347963030891847,0,NA,-0.148385967981804,0,NA,-0.0543959408625667,0,NA,-0.17055222871445,0,NA,-0.179704312833523,0,NA,-0.179704312833523
"infill",70,17,"Malawi","child_zinc","level",3,"mean","domain_index","mean,lasso,enet,ridge,ranger,xgb,domain_index,domain_pc_ridge,domain_pc_enet,domain_pc1_ols,hapc,hapc_lasso,spatial_gam,spatial_plus_domain",0.903758084671644,NA,-0.237974716529482,0,NA,-0.237974716529482,0,NA,-0.237974716529482,0,NA,-0.262866658919573,0,NA,-0.13424897209343,0,NA,-0.033960283439769,0.0161113661726326,NA,-0.0174787857580264,0,NA,-0.24537628074748,0,NA,-0.237974716529482,0,NA,-0.214766862041816,0,NA,-0.0966319657072872,0.0801305491557238,NA,-0.0272805305211654,0,NA,-0.237826961770624,0,NA,-0.237826961770624
"infill",69,18,"Malawi","child_zinc","level",3,"enet","domain_pc1_ols","mean,lasso,enet,ridge,ranger,xgb,domain_index,domain_pc_ridge,domain_pc_enet,domain_pc1_ols,hapc,hapc_lasso,spatial_gam,spatial_plus_domain",0,NA,-0.361113438537002,0,NA,-0.378142624452456,0.79629377331229,NA,-0.354102629427128,0,NA,-0.348904792664895,0,NA,-0.1241870661308,0,NA,-0.139605407380343,0,NA,-0.0443551333576909,0,NA,-0.36314922989455,0,NA,-0.330294117064814,0.20370622668771,NA,0.207855316039459,0,NA,-0.153379612714651,0,NA,-0.125953859994745,0,NA,-0.213591523565948,0,NA,-0.213591523565948
"region",85,2,"Malawi","child_zinc","level",1,"domain_pc_enet","domain_pc1_ols","mean,lasso,enet,ridge,ranger,xgb,domain_index,domain_pc_ridge,domain_pc_enet,domain_pc1_ols,hapc,hapc_lasso,spatial_gam,spatial_plus_domain",0,NA,-0.140028966183441,0,NA,-0.140028966183441,0,NA,-0.151765569800089,0,NA,-0.212800907179665,0,NA,-0.0928082861051397,0,NA,-0.0569669728356459,0,NA,-0.139573969122533,0,NA,-0.200774233860717,0.835154008473075,NA,-0.137672869240876,0.164845991526925,NA,-0.0115301934727379,0,NA,-0.143208911471565,0,NA,-0.100624485482706,0,NA,-0.191831151065077,0,NA,-0.191831151065077
"region",85,2,"Malawi","child_zinc","level",1,"mean","domain_pc1_ols","mean,lasso,enet,ridge,ranger,xgb,domain_index,domain_pc_ridge,domain_pc_enet,domain_pc1_ols,hapc,hapc_lasso,spatial_gam,spatial_plus_domain",0,NA,-0.210212975868603,0,NA,-0.190483281416849,0,NA,-0.244322506754469,0,NA,-0.204532569272888,0,NA,-0.137267930427985,0,NA,-0.0881180379128396,0,NA,-0.0460230603869455,0,NA,-0.171984594763583,0.889822166203477,NA,-0.210212975868603,0.0672173993846669,NA,0.00486613249951143,0,NA,-0.155638069181161,0,NA,-0.18253641675534,0.0429604344118558,NA,-0.107699824115693,0,NA,-0.113543091655267
"region",85,2,"Malawi","child_zinc","level",1,"domain_pc_enet","xgb","mean,lasso,enet,ridge,ranger,xgb,domain_index,domain_pc_ridge,domain_pc_enet,domain_pc1_ols,hapc,hapc_lasso,spatial_gam,spatial_plus_domain",0.322727189854062,NA,-0.204788124878446,0,NA,-0.154507146865622,0,NA,-0.0973238178275666,0,NA,-0.204788124878446,0,NA,-0.026265389876881,0.137646204886829,NA,0.0719366816494039,0.051969114006882,NA,0.0580809067813172,0,NA,-0.242748473846148,0.487657491252227,NA,-0.107254819646706,0,NA,-0.162145788547977,0,NA,-0.147645104553449,0,NA,-0.203288549068204,0,NA,-0.0387922610904827,0,NA,-0.0387922610904827
"region",84,3,"Malawi","child_zinc","level",1,"lasso","domain_index","mean,lasso,enet,ridge,ranger,xgb,domain_index,domain_pc_ridge,domain_pc_enet,domain_pc1_ols,hapc,hapc_lasso,spatial_gam,spatial_plus_domain",0.212239883305301,NA,-0.165936626098175,0.784551588494505,NA,-0.120059571321787,0,NA,-0.136209277208513,0,NA,-0.159081165653952,0,NA,-0.139354054874962,0,NA,-0.133137592386352,0,NA,-0.0843171003341096,0.00320852820019417,NA,-0.199733332680591,0,NA,-0.129854231715159,0,NA,-0.100212615166549,0,NA,-0.169018932874355,0,NA,-0.111192562333254,0,NA,-0.118133036347069,0,NA,-0.118133036347069
"region",82,5,"Malawi","child_zinc","level",1,"enet","spatial_plus_domain","mean,lasso,enet,ridge,ranger,xgb,domain_index,domain_pc_ridge,domain_pc_enet,domain_pc1_ols,hapc,hapc_lasso,spatial_gam,spatial_plus_domain",0.741554511997519,NA,-0.191210832650878,0,NA,-0.0695123941911821,0,NA,-0.139459089960946,0,NA,-0.21832579755004,0,NA,-0.0543855639359607,0,NA,-0.13956095384247,0,NA,0.00292769995973052,0,NA,-0.26026518009146,0,NA,-0.150716272643206,0.0820018620946448,NA,0.0366452258900099,0,NA,-0.18666536062951,0,NA,-0.255423492386413,0.176443625907837,NA,0.0474200324332561,0,NA,0.0477900762943372
"region",84,3,"Malawi","child_zinc","level",1,"mean","spatial_gam","mean,lasso,enet,ridge,ranger,xgb,domain_index,domain_pc_ridge,domain_pc_enet,domain_pc1_ols,hapc,hapc_lasso,spatial_gam,spatial_plus_domain",0.841872179304434,NA,-0.192151285816157,0,NA,-0.192151285816157,0.115387505380314,NA,-0.158961382888132,0,NA,-0.221397314072342,0,NA,-0.186534372785259,0,NA,-0.20099220411056,0,NA,-0.139597043636732,0,NA,-0.192799068077239,0,NA,-0.192151285816157,0,NA,-0.195605953224663,0,NA,-0.160514326212413,0,NA,-0.159570230515111,0.0427403153152517,NA,-0.0421990482940164,0,NA,-0.0421990482940164
"region",83,4,"Malawi","child_zinc","level",1,"lasso","domain_index","mean,lasso,enet,ridge,ranger,xgb,domain_index,domain_pc_ridge,domain_pc_enet,domain_pc1_ols,hapc,hapc_lasso,spatial_gam,spatial_plus_domain",0,NA,-0.306371253154518,0.668098533712499,NA,-0.202023825542136,0,NA,-0.306371253154518,0.282765552690906,NA,-0.290021045284808,0,NA,-0.0868561353427648,0,NA,0.00927752823139247,0.0491359135965945,NA,0.0252928088661265,0,NA,-0.323273082984116,0,NA,-0.292025466480412,0,NA,-0.150413500692666,0,NA,-0.1227488350615,0,NA,-0.239638589364177,0,NA,-0.103270223752151,0,NA,-0.103270223752151
"region",83,4,"Malawi","child_zinc","level",1,"mean","spatial_gam","mean,lasso,enet,ridge,ranger,xgb,domain_index,domain_pc_ridge,domain_pc_enet,domain_pc1_ols,hapc,hapc_lasso,spatial_gam,spatial_plus_domain",0.836964313086117,NA,-0.12498850306122,0,NA,-0.12498850306122,0,NA,-0.12498850306122,0,NA,-0.17117345658374,0,NA,-0.0719952982662357,0.163035686913883,NA,-0.00692666134922967,0,NA,-0.0466185298686033,0,NA,-0.132211885526658,0,NA,-0.210426822350117,0,NA,-0.0723731161580118,0,NA,-0.0493052348767894,0,NA,-0.0712449313711837,0,NA,0.0300575122790815,0,NA,0.0300575122790815
"region",83,4,"Malawi","child_zinc","level",1,"mean","spatial_plus_domain","mean,lasso,enet,ridge,ranger,xgb,domain_index,domain_pc_ridge,domain_pc_enet,domain_pc1_ols,hapc,hapc_lasso,spatial_gam,spatial_plus_domain",0.921964203985802,NA,-0.144290009832693,0,NA,-0.144290009832693,0,NA,-0.156605248016814,0,NA,-0.156135699061943,0,NA,-0.191595650896268,0,NA,-0.178875781873137,0,NA,-0.112841610343814,0,NA,-0.154978894368083,0,NA,-0.212078292276584,0,NA,-0.118529868603333,0,NA,-0.213194240376139,0,NA,-0.139432730572171,0,NA,-0.0200663280298896,0.0780357960141982,NA,-0.019205742831955
"region",83,4,"Malawi","child_zinc","level",1,"mean","xgb","mean,lasso,enet,ridge,ranger,xgb,domain_index,domain_pc_ridge,domain_pc_enet,domain_pc1_ols,hapc,hapc_lasso,spatial_gam,spatial_plus_domain",0.670146556177078,NA,-0.185570812883335,0,NA,-0.183051795883636,0.329853443822922,NA,-0.144738420907016,0,NA,-0.214074931801231,0,NA,-0.167352336173964,0,NA,-0.0398178078166324,0,NA,-0.0677973216909449,0,NA,-0.200045519296471,0,NA,-0.35798065664918,0,NA,-0.173964149280047,0,NA,-0.223038495445195,0,NA,-0.216073501791567,0,NA,-0.112211913857521,0,NA,-0.108244825993871
"region",86,1,"Malawi","child_zinc","level",1,"domain_pc_enet","domain_index","mean,lasso,enet,ridge,ranger,xgb,domain_index,domain_pc_ridge,domain_pc_enet,domain_pc1_ols,hapc,hapc_lasso,spatial_gam,spatial_plus_domain",0,NA,-0.111095131686199,0,NA,-0.116518900745634,0,NA,-0.127570206110781,0,NA,-0.134248546095592,0,NA,-0.0327090900514175,0,NA,-0.0454455398839568,0,NA,-0.011689230624086,0,NA,-0.129421188276504,1,NA,-0.131904379965998,0,NA,-0.0934855417708382,0,NA,-0.0599745271003349,0,NA,-0.14770875803591,0,NA,-0.0470682579366951,0,NA,-0.0470682579366951
"region",84,3,"Malawi","child_zinc","level",1,"mean","domain_index","mean,lasso,enet,ridge,ranger,xgb,domain_index,domain_pc_ridge,domain_pc_enet,domain_pc1_ols,hapc,hapc_lasso,spatial_gam,spatial_plus_domain",0.710998415388488,NA,-0.138172025915985,0.188612404254231,NA,-0.0986928640121621,0,NA,-0.0872653458895484,0,NA,-0.14087082073088,0,NA,-0.144477067935608,0,NA,-0.192183861496406,0,NA,-0.0720259188012554,0,NA,-0.149353805426529,0.100389180357281,NA,-0.173530226873398,0,NA,-0.193884782828794,0,NA,-0.172805507745267,0,NA,-0.180773559698672,0,NA,-0.11517667307887,0,NA,-0.11517667307887
"region",83,4,"Malawi","child_zinc","level",1,"lasso","xgb","mean,lasso,enet,ridge,ranger,xgb,domain_index,domain_pc_ridge,domain_pc_enet,domain_pc1_ols,hapc,hapc_lasso,spatial_gam,spatial_plus_domain",0,NA,-0.114191655766189,0.576049334286159,NA,-0.114191655766189,0,NA,-0.114191655766189,0,NA,-0.141731257074718,0,NA,-0.0554342806767138,0,NA,0.0121951219512195,0,NA,0.000419797657529071,0,NA,-0.133933946143783,0,NA,-0.114191655766189,0,NA,-0.0980227530330381,0,NA,-0.012866798203266,0,NA,-0.200244587832422,0.423950665713841,NA,-0.00316947231434449,0,NA,-0.00316947231434449
"region",85,2,"Malawi","child_zinc","level",1,"mean","domain_index","mean,lasso,enet,ridge,ranger,xgb,domain_index,domain_pc_ridge,domain_pc_enet,domain_pc1_ols,hapc,hapc_lasso,spatial_gam,spatial_plus_domain",0,NA,-0.246830720052167,1,NA,-0.246830720052167,0,NA,-0.246830720052167,0,NA,-0.246830720052167,0,NA,-0.17391049443033,0,NA,-0.149638460035177,0,NA,-0.0345514950166113,0,NA,-0.237902631590428,0,NA,-0.263648236294514,0,NA,-0.19296462771155,0,NA,-0.254133281219465,0,NA,-0.265694022669257,0,NA,-0.216005471956224,0,NA,-0.216005471956224
"region",85,2,"Malawi","child_zinc","level",1,"domain_pc_enet","domain_index","mean,lasso,enet,ridge,ranger,xgb,domain_index,domain_pc_ridge,domain_pc_enet,domain_pc1_ols,hapc,hapc_lasso,spatial_gam,spatial_plus_domain",0,NA,-0.161728370144071,0,NA,-0.161728370144071,0,NA,-0.161728370144071,0,NA,-0.178860038471772,0,NA,-0.125268712136017,0,NA,-0.108110220832519,0,NA,-0.0528825483681845,0,NA,-0.185124898592178,1,NA,-0.145489176650393,0,NA,-0.124623803009576,0,NA,-0.152511237052961,0,NA,-0.0825447253218115,0,NA,-0.175239398084815,0,NA,-0.175239398084815
"region",81,6,"Malawi","child_zinc","level",1,"hapc_lasso","mean","mean,lasso,enet,ridge,ranger,xgb,domain_index,domain_pc_ridge,domain_pc_enet,domain_pc1_ols,hapc,hapc_lasso,spatial_gam,spatial_plus_domain",0,NA,-0.0251803562976221,0,NA,-0.0964069251262267,0,NA,-0.0470269284726933,0,NA,-0.0251803562976221,0,NA,-0.0501580849141825,0,NA,-0.186314363143631,0,NA,-0.0596657633242999,0,NA,-0.043491643302015,0,NA,-0.0640149329002222,0,NA,-0.0843721770551039,0,NA,-0.189792231255646,1,NA,-0.0778349040696444,0,NA,-0.0913956639566396,0,NA,-0.124232158988257
"region",85,2,"Malawi","child_zinc","level",1,"enet","enet","mean,lasso,enet,ridge,ranger,xgb,domain_index,domain_pc_ridge,domain_pc_enet,domain_pc1_ols,hapc,hapc_lasso,spatial_gam,spatial_plus_domain",0.903136705234862,NA,-0.0749307543015506,0.0968632947651376,NA,-0.0340831982432866,0,NA,-0.026495912853464,0,NA,-0.0640895091338645,0,NA,-0.0836427594293531,0,NA,-0.184248583154192,0,NA,-0.129939417627516,0,NA,-0.0474241526123257,0,NA,-0.0879290901066607,0,NA,-0.12608950556967,0,NA,-0.125288254836818,0,NA,-0.086071099028877,0,NA,-0.0576705100644909,0,NA,-0.0582763337893297
"region",82,5,"Malawi","child_zinc","level",1,"domain_pc_enet","hapc_lasso","mean,lasso,enet,ridge,ranger,xgb,domain_index,domain_pc_ridge,domain_pc_enet,domain_pc1_ols,hapc,hapc_lasso,spatial_gam,spatial_plus_domain",0,NA,-0.112278325574246,0,NA,-0.10140787343694,0,NA,-0.112278325574246,0,NA,-0.108074770229203,0,NA,-0.0675112373613696,0,NA,-0.147353642211121,0,NA,-0.0453303729824447,0,NA,-0.0618440006627206,0.679393000013201,NA,-0.0853968470978573,0,NA,-0.190518170241943,0,NA,-0.0477030071505534,0.320606999986799,NA,0.0369472465439576,0,NA,-0.170296361598154,0,NA,-0.170296361598154
"region",83,4,"Malawi","child_zinc","level",1,"domain_pc_ridge","domain_index","mean,lasso,enet,ridge,ranger,xgb,domain_index,domain_pc_ridge,domain_pc_enet,domain_pc1_ols,hapc,hapc_lasso,spatial_gam,spatial_plus_domain",0,NA,-0.152344800671842,0,NA,-0.152344800671842,0,NA,-0.152344800671842,0,NA,-0.12734946033115,0,NA,-0.109986986272617,0,NA,-0.18874102682507,0,NA,-0.0375299105830989,1,NA,-0.131699529999635,0,NA,-0.152344800671842,0,NA,-0.164287813274002,0,NA,-0.175391461315646,0,NA,-0.174259830002827,0,NA,-0.132530120481928,0,NA,-0.132530120481928
"region",84,3,"Malawi","child_zinc","level",1,"hapc_lasso","spatial_gam","mean,lasso,enet,ridge,ranger,xgb,domain_index,domain_pc_ridge,domain_pc_enet,domain_pc1_ols,hapc,hapc_lasso,spatial_gam,spatial_plus_domain",0.256461437075019,NA,-0.159137553928514,0,NA,-0.1603709433707,0,NA,-0.173581714608781,0,NA,-0.21158863431689,0,NA,-0.0707299787384834,0,NA,-0.207046674091323,0,NA,-0.0209577807026425,0,NA,-0.235435671986291,0,NA,-0.159137553928514,0,NA,-0.0863622557456718,0,NA,-0.0980459653741014,0.662318727961606,NA,-0.0668291173547295,0.0812198349633759,NA,0.0376227599473524,0,NA,0.0376227599473524
"region",83,4,"Malawi","child_zinc","level",1,"enet","xgb","mean,lasso,enet,ridge,ranger,xgb,domain_index,domain_pc_ridge,domain_pc_enet,domain_pc1_ols,hapc,hapc_lasso,spatial_gam,spatial_plus_domain",0.0927089468518225,NA,-0.0240786832532027,0,NA,-0.0240786832532027,0.639356235278967,NA,0.0594181449417146,0,NA,-0.0808606169860918,0,NA,0.0381596070693925,0,NA,0.121048654548508,0.0315503253447458,NA,0.0485076193274841,0,NA,-0.0545348438180277,0,NA,-0.0258892219208716,0,NA,-0.185508584862096,0,NA,-0.0550984425506906,0.156835636784917,NA,-0.0101731712624544,0,NA,0.0608916502245917,0.0795488557395473,NA,0.0608916502245917
"region",84,3,"Malawi","child_zinc","level",1,"domain_pc_enet","domain_pc1_ols","mean,lasso,enet,ridge,ranger,xgb,domain_index,domain_pc_ridge,domain_pc_enet,domain_pc1_ols,hapc,hapc_lasso,spatial_gam,spatial_plus_domain",0,NA,-0.308531148805369,0,NA,-0.22116435795542,0,NA,-0.215765641459354,0,NA,-0.220512301306065,0,NA,-0.0944821302014782,0,NA,-0.141358712159563,0.026901635542435,NA,0.0139921028652425,0,NA,-0.284217894112116,0.695103888147995,NA,-0.254115509747962,0.0481489326281943,NA,0.0154095373088995,0,NA,-0.114245216158753,0,NA,-0.147315020457405,0,NA,-0.131355674800041,0.229845543681375,NA,-0.131355674800041
"region",86,1,"Malawi","child_zinc","level",1,"mean","mean","mean,lasso,enet,ridge,ranger,xgb,domain_index,domain_pc_ridge,domain_pc_enet,domain_pc1_ols,hapc,hapc_lasso,spatial_gam,spatial_plus_domain",1,NA,-0.0431555191729541,0,NA,-0.0431555191729541,0,NA,-0.122728427510756,0,NA,-0.0989813173930929,0,NA,-0.0709750459927355,0,NA,-0.146865418180103,0,NA,-0.0923156752677013,0,NA,-0.141590538448305,0,NA,-0.0431555191729541,0,NA,-0.124090758998066,0,NA,-0.182923722817114,0,NA,-0.177272272551729,0,NA,-0.101033067597528,0,NA,-0.101033067597528
"region",82,5,"Malawi","child_zinc","level",1,"lasso","ranger","mean,lasso,enet,ridge,ranger,xgb,domain_index,domain_pc_ridge,domain_pc_enet,domain_pc1_ols,hapc,hapc_lasso,spatial_gam,spatial_plus_domain",0,NA,-0.218558402651253,1,NA,-0.218558402651253,0,NA,-0.218558402651253,0,NA,-0.218558402651253,0,NA,-0.145786397623012,0,NA,-0.169360368302478,0,NA,-0.147288340353283,0,NA,-0.220951879997617,0,NA,-0.255032999308147,0,NA,-0.182986689304644,0,NA,-0.148920886799229,0,NA,-0.200160184158498,0,NA,-0.187405448351672,0,NA,-0.187405448351672
"region",83,4,"Malawi","child_zinc","level",1,"mean","xgb","mean,lasso,enet,ridge,ranger,xgb,domain_index,domain_pc_ridge,domain_pc_enet,domain_pc1_ols,hapc,hapc_lasso,spatial_gam,spatial_plus_domain",0.990199312467727,NA,-0.101348977287279,0,NA,-0.120936464147273,0,NA,-0.0787194447163922,0,NA,-0.167986066789493,0,NA,-0.0519499601192225,0,NA,-0.0347172662776542,0,NA,-0.0588136518198228,0,NA,-0.133318466231779,0,NA,-0.133189632146808,0.00980068753227319,NA,-0.0651106166827589,0,NA,-0.101821921833676,0,NA,-0.0623347197428344,0,NA,-0.19241425632845,0,NA,-0.19241425632845
"region",84,3,"Malawi","child_zinc","level",1,"lasso","domain_index","mean,lasso,enet,ridge,ranger,xgb,domain_index,domain_pc_ridge,domain_pc_enet,domain_pc1_ols,hapc,hapc_lasso,spatial_gam,spatial_plus_domain",0,NA,-0.176972202203341,0,NA,-0.120738629656455,0.769725476769886,NA,-0.176972202203341,0,NA,-0.153462110816571,0,NA,-0.0139111066113192,0,NA,-0.028632175761871,0.0951618068836889,NA,0.0528095575579629,0,NA,-0.183222738864235,0,NA,-0.147275208567526,0,NA,-0.223043434241166,0,NA,-0.0879214336336944,0,NA,-0.134834234482134,0,NA,0.04626911005366,0.135112716346425,NA,0.04626911005366
"region",85,2,"Malawi","child_zinc","level",1,"domain_pc_enet","domain_index","mean,lasso,enet,ridge,ranger,xgb,domain_index,domain_pc_ridge,domain_pc_enet,domain_pc1_ols,hapc,hapc_lasso,spatial_gam,spatial_plus_domain",0,NA,-0.207839603560409,0,NA,-0.207839603560409,0,NA,-0.228214421803825,0,NA,-0.171696586198131,0,NA,-0.12296267344147,0,NA,-0.118409224154778,0,NA,-0.0583740472933359,0,NA,-0.271018564737986,1,NA,-0.179631960904594,0,NA,-0.207934336525308,0,NA,-0.0893687707641196,0,NA,-0.190834130956584,0,NA,-0.155188587062732,0,NA,-0.155188587062732
