"estimand","n_train","n_test","country","outcome","target","rep","mse_pick","rank_pick","library","w_mean","wr_mean","rho_mean","w_lasso","wr_lasso","rho_lasso","w_enet","wr_enet","rho_enet","w_ridge","wr_ridge","rho_ridge","w_ranger","wr_ranger","rho_ranger","w_xgb","wr_xgb","rho_xgb","w_domain_index","wr_domain_index","rho_domain_index","w_domain_pc_ridge","wr_domain_pc_ridge","rho_domain_pc_ridge","w_domain_pc_enet","wr_domain_pc_enet","rho_domain_pc_enet","w_domain_pc1_ols","wr_domain_pc1_ols","rho_domain_pc1_ols","w_hapc","wr_hapc","rho_hapc","w_hapc_lasso","wr_hapc_lasso","rho_hapc_lasso","w_spatial_gam","wr_spatial_gam","rho_spatial_gam","w_spatial_plus_domain","wr_spatial_plus_domain","rho_spatial_plus_domain"
"infill",24,6,"Gambia","child_vitA","prev",1,"hapc_lasso","domain_index","mean,lasso,enet,ridge,ranger,xgb,domain_index,domain_pc_ridge,domain_pc_enet,domain_pc1_ols,hapc,hapc_lasso,spatial_gam,spatial_plus_domain",0,NA,-0.66974878462467,0,NA,-0.631764084481274,0,NA,-0.316829870007236,0,NA,-0.0988031052837714,0,NA,0.140152422473015,0,NA,0.130576791123927,0.0772024943514186,NA,0.582372488412714,0,NA,-0.443090577880525,0,NA,-0.55364559436545,0.00129518851325679,NA,0.104896688869555,0,NA,0.395212421135086,0.700016960529061,NA,0.496191806270923,0.221485356606264,NA,0.322089418105686,0,NA,0.312513786756599
"infill",24,6,"Gambia","child_vitA","prev",1,"spatial_gam","domain_index","mean,lasso,enet,ridge,ranger,xgb,domain_index,domain_pc_ridge,domain_pc_enet,domain_pc1_ols,hapc,hapc_lasso,spatial_gam,spatial_plus_domain",0,NA,-0.560813187223521,0,NA,-0.531888685867429,0,NA,-0.256803803235704,0,NA,0.320348394224034,0,NA,0.511861021205794,0,NA,0.425245083093589,0.0412043650566956,NA,0.6550602354717,0,NA,-0.14363447023632,0,NA,-0.464633339637911,0.00540514081524737,NA,0.157127405319125,0,NA,0.410446380099544,0.259240661257099,NA,0.440043786087634,0.694149832870958,NA,0.471817471927789,0,NA,0.471817471927789
"infill",24,6,"Gambia","child_vitA","prev",1,"hapc_lasso","domain_index","mean,lasso,enet,ridge,ranger,xgb,domain_index,domain_pc_ridge,domain_pc_enet,domain_pc1_ols,hapc,hapc_lasso,spatial_gam,spatial_plus_domain",0,NA,-0.797789053468885,0,NA,0.261153582247854,0,NA,-0.188901091159281,0,NA,0.242872831490504,0.244995102782308,NA,0.231991432230177,0,NA,0.359956687531625,0.260508196095232,NA,0.672035218317811,0,NA,-0.369967574851126,0,NA,-0.55930392198082,0.0125292817964601,NA,0.0840044022897264,0,NA,0.0504896925679184,0,NA,0.23242668820059,0,NA,0.44091429802846,0.481967419326,NA,0.44091429802846
"infill",24,6,"Gambia","child_vitA","prev",1,"hapc_lasso","domain_index","mean,lasso,enet,ridge,ranger,xgb,domain_index,domain_pc_ridge,domain_pc_enet,domain_pc1_ols,hapc,hapc_lasso,spatial_gam,spatial_plus_domain",0,NA,-0.624082430787228,0,NA,-0.232477778921354,0,NA,-0.280561418204898,0,NA,0.189978664376213,0,NA,0.316776350920887,0,NA,0.071895595463475,0,NA,0.717213031108363,0,NA,-0.272767531879608,0,NA,-0.385971215998787,0.034743675958681,NA,-0.0257081220142123,0,NA,0.551635296101572,0.965256324041319,NA,0.68758333115978,0,NA,0.507626477060294,0,NA,0.507626477060294
"infill",24,6,"Gambia","child_vitA","prev",1,"ranger","domain_index","mean,lasso,enet,ridge,ranger,xgb,domain_index,domain_pc_ridge,domain_pc_enet,domain_pc1_ols,hapc,hapc_lasso,spatial_gam,spatial_plus_domain",0,NA,-0.482213649611318,0,NA,-0.0671609820336317,0,NA,-0.19162907000635,0,NA,0.161009634521435,0,NA,0.462141167193955,0,NA,-0.0443864397869901,0.0292458538628892,NA,0.54395146797782,0,NA,-0.0583115973672223,0,NA,-0.434733430416566,0.00425200161233318,NA,0.43603149673102,0,NA,0.333333459576808,0.737822967869001,NA,0.334203781925572,0,NA,0.446475364916194,0.228679176655776,NA,0.446475364916194
"infill",24,6,"Gambia","child_vitA","prev",2,"hapc_lasso","domain_index","mean,lasso,enet,ridge,ranger,xgb,domain_index,domain_pc_ridge,domain_pc_enet,domain_pc1_ols,hapc,hapc_lasso,spatial_gam,spatial_plus_domain",0,NA,-0.63682515233055,0,NA,-0.115016760116808,0,NA,-0.208007041354718,0,NA,0.352480551249627,0,NA,0.333333459576808,0,NA,0.0974761030616253,0,NA,0.671888853246203,0,NA,-0.362924419434801,0.307158995241763,NA,-0.293411317176348,0,NA,-0.224543165981244,0,NA,0.438642463777314,0.332181989679225,NA,0.56919081609199,0,NA,0.38207151110762,0.360659015079012,NA,0.399477958082911
"infill",24,6,"Gambia","child_vitA","prev",2,"spatial_plus_domain","domain_index","mean,lasso,enet,ridge,ranger,xgb,domain_index,domain_pc_ridge,domain_pc_enet,domain_pc1_ols,hapc,hapc_lasso,spatial_gam,spatial_plus_domain",0,NA,-0.682584759177745,0,NA,-0.502948253967898,0,NA,-0.421537259038152,0,NA,-0.00217913025256943,0,NA,0.245805892489832,0,NA,0.104162426072819,0.0182493647373121,NA,0.688169333761426,0,NA,-0.450644136231358,0,NA,-0.764282507041136,0,NA,0.0745262546378745,0,NA,0.44977248413033,0.436234409745182,NA,0.581391951385524,0,NA,0.50468656649508,0.545516225517506,NA,0.529092825323857
"infill",24,6,"Gambia","child_vitA","prev",2,"hapc_lasso","domain_index","mean,lasso,enet,ridge,ranger,xgb,domain_index,domain_pc_ridge,domain_pc_enet,domain_pc1_ols,hapc,hapc_lasso,spatial_gam,spatial_plus_domain",0,NA,-0.554510703173511,0,NA,-0.503997818092706,0,NA,-0.344515991038895,0,NA,-0.115426073724029,0,NA,0.127937385268383,0,NA,-0.163620601567728,0.0578466458676824,NA,0.580505006625929,0,NA,-0.311033618508261,0,NA,-0.439286655898549,0.0375551235592038,NA,0.200174140215838,0,NA,0.32027862434534,0.530168690970131,NA,0.476066324774188,0.374429539602983,NA,0.456919233101368,0,NA,0.456919233101368
"infill",24,6,"Gambia","child_vitA","prev",2,"spatial_plus_domain","domain_index","mean,lasso,enet,ridge,ranger,xgb,domain_index,domain_pc_ridge,domain_pc_enet,domain_pc1_ols,hapc,hapc_lasso,spatial_gam,spatial_plus_domain",0,NA,-0.637874888089025,0,NA,-0.349075288271298,0,NA,-0.363873991265343,0,NA,0.401741260691282,0,NA,0.502285389856706,0,NA,0.416539963685327,0.132184070163229,NA,0.621110269779479,0,NA,-0.234602968052655,0,NA,-0.498038451462331,0,NA,0.11403706424823,0,NA,0.366485527087822,0.284047959107024,NA,0.510990509264967,0,NA,0.517954604791577,0.583767970729747,NA,0.517954604791577
"infill",24,6,"Gambia","child_vitA","prev",2,"ranger","domain_index","mean,lasso,enet,ridge,ranger,xgb,domain_index,domain_pc_ridge,domain_pc_enet,domain_pc1_ols,hapc,hapc_lasso,spatial_gam,spatial_plus_domain",0,NA,-0.554606869286637,0,NA,-0.446456099708899,0,NA,-0.190773713604244,0,NA,0.305549691229989,0.63209384075834,NA,0.414363683833262,0,NA,0.0892274739346834,0,NA,0.63112115709898,0,NA,-0.0574537880945279,0,NA,-0.16568395064622,0.031924150019129,NA,0.337323377070145,0,NA,0.441784809969286,0,NA,0.160174197112017,0,NA,0.526224468229426,0.335982009222531,NA,0.526224468229426
"infill",24,6,"Gambia","child_vitA","prev",3,"spatial_gam","domain_index","mean,lasso,enet,ridge,ranger,xgb,domain_index,domain_pc_ridge,domain_pc_enet,domain_pc1_ols,hapc,hapc_lasso,spatial_gam,spatial_plus_domain",0,NA,-0.644274999963587,0,NA,-0.253263803490473,0,NA,-0.342907005413217,0,NA,0.102698037154212,0.348734179846663,NA,-0.0191470916728192,0,NA,-0.185378660286841,0.00719052534536922,NA,0.536118566838939,0,NA,-0.317667657299047,0,NA,-0.51853511453239,0,NA,-0.295909598579934,0,NA,0.12532641822209,0,NA,0.344647650110746,0.644075294807968,NA,0.398607635734146,0,NA,0.398607635734146
"infill",24,6,"Gambia","child_vitA","prev",3,"hapc_lasso","domain_index","mean,lasso,enet,ridge,ranger,xgb,domain_index,domain_pc_ridge,domain_pc_enet,domain_pc1_ols,hapc,hapc_lasso,spatial_gam,spatial_plus_domain",0.312970386320047,NA,-0.705063096535734,0,NA,-0.55317756287481,0,NA,-0.253650761399082,0,NA,0.10764903447693,0,NA,0.411855617735622,0,NA,0.104162426072819,0.334625138891798,NA,0.600568297608135,0,NA,-0.111571468931555,0,NA,-0.182040296993805,0.00108810047935,NA,0.25016415299497,0,NA,0.358684839572928,0,NA,0.512967261454844,0,NA,0.494226741282747,0.351316374308805,NA,0.494226741282747
"infill",24,6,"Gambia","child_vitA","prev",3,"ranger","domain_index","mean,lasso,enet,ridge,ranger,xgb,domain_index,domain_pc_ridge,domain_pc_enet,domain_pc1_ols,hapc,hapc_lasso,spatial_gam,spatial_plus_domain",0,NA,-0.71346199201276,0,NA,-0.301640965556443,0.412703314592629,NA,-0.297890276695258,0,NA,0.326441977809817,0,NA,0.44657262564383,0,NA,0.0718172351181598,0.42718516036753,NA,0.665506378761614,0,NA,0.0792165866151824,0,NA,0.110555016484925,0,NA,0.304679179289163,0,NA,0.467464912223659,0,NA,0.578455184678996,0,NA,0.634603204862285,0.160111525039841,NA,0.634603204862285
"infill",24,6,"Gambia","child_vitA","prev",3,"spatial_gam","domain_index","mean,lasso,enet,ridge,ranger,xgb,domain_index,domain_pc_ridge,domain_pc_enet,domain_pc1_ols,hapc,hapc_lasso,spatial_gam,spatial_plus_domain",0,NA,-0.603948494269099,0,NA,-0.0521966121583409,0,NA,-0.27403221383129,0,NA,0.204436730953502,0.466792274232191,NA,0.519356290975492,0,NA,0.340147922565188,0.0844174679752436,NA,0.646368047227455,0,NA,-0.00652457651979262,0,NA,-0.49376021452646,0.00844372235166783,NA,0.329273628365534,0,NA,0.448890864561732,0,NA,0.299695548142474,0.440346535440898,NA,0.551979173574455,0,NA,0.551979173574455
"infill",24,6,"Gambia","child_vitA","prev",3,"hapc_lasso","domain_index","mean,lasso,enet,ridge,ranger,xgb,domain_index,domain_pc_ridge,domain_pc_enet,domain_pc1_ols,hapc,hapc_lasso,spatial_gam,spatial_plus_domain",0,NA,-0.631056702147938,0,NA,-0.32326908617785,0,NA,-0.420697936787588,0,NA,-0.108084860527444,0,NA,-0.135106075659305,0,NA,-0.225757894166193,0,NA,0.640664294255412,0,NA,-0.401078664889651,0,NA,-0.439465731826284,0.000424520191178891,NA,-0.180867810963263,0,NA,0.374810403441942,0.573236058019866,NA,0.525170390869232,0,NA,0.514710565656899,0.426339421788956,NA,0.514710565656899
"region",28,2,"Gambia","child_vitA","prev",1,"spatial_plus_domain","domain_index","mean,lasso,enet,ridge,ranger,xgb,domain_index,domain_pc_ridge,domain_pc_enet,domain_pc1_ols,hapc,hapc_lasso,spatial_gam,spatial_plus_domain",0,NA,-0.67404987752011,0.0528251767117012,NA,-0.318191812539965,0,NA,-0.291352941706385,0,NA,0.191311715250289,0,NA,0.458271042834502,0,NA,0.150472968012046,0.213718420747802,NA,0.640812020422886,0,NA,-0.163629074504903,0,NA,-0.350137154700874,0.00334731379035788,NA,-0.00959299431770788,0,NA,0.459093299490306,0.303197656009578,NA,0.476086603710245,0,NA,0.536659510687772,0.426911432740561,NA,0.536659510687772
"region",26,4,"Gambia","child_vitA","prev",1,"spatial_gam","domain_index","mean,lasso,enet,ridge,ranger,xgb,domain_index,domain_pc_ridge,domain_pc_enet,domain_pc1_ols,hapc,hapc_lasso,spatial_gam,spatial_plus_domain",0.0368412769155731,NA,-0.690420014689374,0,NA,-0.162480491687009,0,NA,-0.210095095668015,0,NA,0.0496661268383692,0,NA,0.0106182753930307,0,NA,0.250385784267916,0,NA,0.586402821705435,0,NA,-0.243535284014348,0,NA,-0.30347716123307,0.0167400514689864,NA,0.0613119772694351,0,NA,0.232574483608639,0,NA,0.346635312830549,0.94641867161544,NA,0.563111120843303,0,NA,0.526803469499392
"region",22,8,"Gambia","child_vitA","prev",1,"mean","domain_index","mean,lasso,enet,ridge,ranger,xgb,domain_index,domain_pc_ridge,domain_pc_enet,domain_pc1_ols,hapc,hapc_lasso,spatial_gam,spatial_plus_domain",0.933534517225875,NA,-0.552318113650895,0,NA,-0.285902576393295,0,NA,-0.48690402392339,0,NA,-0.410562180579216,0,NA,-0.520387136682781,0,NA,-0.186863716110248,0.047606991753188,NA,0.280295574165372,0,NA,-0.482112436115843,0,NA,-0.645473318391398,0.0188584910209369,NA,0.148358465517833,0,NA,-0.197622536128717,0,NA,-0.132503362332721,0,NA,-0.253681650961791,0,NA,-0.34598100164655
"region",24,6,"Gambia","child_vitA","prev",1,"ranger","domain_index","mean,lasso,enet,ridge,ranger,xgb,domain_index,domain_pc_ridge,domain_pc_enet,domain_pc1_ols,hapc,hapc_lasso,spatial_gam,spatial_plus_domain",0.237645811095053,NA,-0.760346442379497,0,NA,-0.253153568967954,0,NA,-0.410613348978949,0,NA,0.375380635772069,0,NA,0.397129224171377,0.0223974963952029,NA,0.307960011734212,0.1988928092345,NA,0.653327595515234,0,NA,-0.0269682496151428,0,NA,-0.526750811031257,0.024486071238724,NA,-0.0530665556943133,0,NA,0.431057022074299,0,NA,0.336668148421299,0.51657781203652,NA,0.44802092102576,0,NA,0.423662502018534
"region",26,4,"Gambia","child_vitA","prev",1,"hapc_lasso","domain_index","mean,lasso,enet,ridge,ranger,xgb,domain_index,domain_pc_ridge,domain_pc_enet,domain_pc1_ols,hapc,hapc_lasso,spatial_gam,spatial_plus_domain",0.0679014308513671,NA,-0.670558530913828,0,NA,-0.385368887926515,0,NA,-0.594906705257163,0,NA,-0.297945642278483,0,NA,-0.304794967388333,0,NA,-0.403425248970176,0,NA,0.676028388342213,0,NA,-0.462329444914888,0,NA,-0.576489616835066,0.0471641893948002,NA,0.492808941653721,0,NA,0.376370414786268,0.884934379753833,NA,0.592124155746549,0,NA,0.448288328439695,0,NA,0.448288328439695
"region",24,6,"Gambia","child_vitA","prev",1,"hapc_lasso","domain_index","mean,lasso,enet,ridge,ranger,xgb,domain_index,domain_pc_ridge,domain_pc_enet,domain_pc1_ols,hapc,hapc_lasso,spatial_gam,spatial_plus_domain",0,NA,-0.597863908647869,0,NA,-0.156589836475023,0,NA,0.0657379252544704,0,NA,0.130491530395852,0,NA,0.303175322286364,0,NA,-0.0826446359173731,0.221105662128886,NA,0.585037027941405,0,NA,0.106133111388627,0,NA,-0.27097958365395,0.027250717455968,NA,0.309699898806156,0,NA,0.409743405442976,0.751643620415146,NA,0.426272332626451,0,NA,-0.0213136166313226,0,NA,-0.0213136166313226
"infill",24,6,"Gambia","child_vitA","level",1,"spatial_plus_domain","ranger","mean,lasso,enet,ridge,ranger,xgb,domain_index,domain_pc_ridge,domain_pc_enet,domain_pc1_ols,hapc,hapc_lasso,spatial_gam,spatial_plus_domain",0,NA,-0.622012973314552,0,NA,0.566086956521739,0.291360385110116,NA,0.716521739130435,0,NA,0.723478260869565,0,NA,0.753043478260869,0,NA,0.7,0.256296812748093,NA,0.703478260869565,0,NA,0.607826086956522,0,NA,-0.0660869565217391,0.0036350664748553,NA,0.122608695652174,0,NA,0.696521739130435,0,NA,0.681739130434783,0.448707735666936,NA,0.724347826086956,0,NA,0.724347826086956
"infill",24,6,"Gambia","child_vitA","level",1,"spatial_gam","spatial_plus_domain","mean,lasso,enet,ridge,ranger,xgb,domain_index,domain_pc_ridge,domain_pc_enet,domain_pc1_ols,hapc,hapc_lasso,spatial_gam,spatial_plus_domain",0.0135595253188095,NA,-0.481445547777499,0,NA,0.498260869565217,0,NA,0.711304347826087,0,NA,0.690434782608696,0,NA,0.778260869565217,0,NA,0.617391304347826,0,NA,0.707826086956522,0,NA,0.620869565217391,0,NA,0.144347826086957,0,NA,-0.29304347826087,0,NA,0.635652173913043,0.0773116474813567,NA,0.735652173913043,0.909128827199834,NA,0.78,0,NA,0.780869565217391
"infill",24,6,"Gambia","child_vitA","level",1,"xgb","spatial_gam","mean,lasso,enet,ridge,ranger,xgb,domain_index,domain_pc_ridge,domain_pc_enet,domain_pc1_ols,hapc,hapc_lasso,spatial_gam,spatial_plus_domain",0,NA,-0.735962048081316,0,NA,0.584347826086956,0,NA,0.582608695652174,0,NA,0.575652173913043,0.0426553068005567,NA,0.649565217391304,0.669082261230361,NA,0.652173913043478,0,NA,0.680869565217391,0,NA,0.363478260869565,0,NA,0.38,0.00947085220898577,NA,0.0417391304347826,0,NA,0.573913043478261,0.0422238061190017,NA,0.675652173913043,0.236567773641095,NA,0.72,0,NA,0.72
"infill",24,6,"Gambia","child_vitA","level",1,"hapc","hapc_lasso","mean,lasso,enet,ridge,ranger,xgb,domain_index,domain_pc_ridge,domain_pc_enet,domain_pc1_ols,hapc,hapc_lasso,spatial_gam,spatial_plus_domain",0,NA,-0.565180248735604,0,NA,-0.456900895460377,0,NA,-0.474782608695652,0,NA,0.587826086956522,0,NA,0.686086956521739,0,NA,0.485217391304348,0.196655190237302,NA,0.703478260869565,0,NA,0.390434782608696,0,NA,0.320869565217391,0,NA,-0.0373913043478261,0.147946794184127,NA,0.707826086956522,0.346799493226535,NA,0.740869565217391,0.308598522352036,NA,0.650434782608696,0,NA,0.650434782608696
"infill",24,6,"Gambia","child_vitA","level",1,"xgb","spatial_gam","mean,lasso,enet,ridge,ranger,xgb,domain_index,domain_pc_ridge,domain_pc_enet,domain_pc1_ols,hapc,hapc_lasso,spatial_gam,spatial_plus_domain",0,NA,-0.311723035897476,0.0932797070129959,NA,0.516521739130435,0,NA,0.573043478260869,0,NA,0.698260869565217,0.240564295244176,NA,0.698260869565217,0.18671709415113,NA,0.70695652173913,0.100197799069254,NA,0.669565217391304,0,NA,0.62695652173913,0,NA,0.494782608695652,0,NA,0.435652173913043,0,NA,0.665217391304348,0,NA,0.617391304347826,0,NA,0.725217391304348,0.379241104522444,NA,0.725217391304348
"infill",24,6,"Gambia","child_vitA","level",2,"lasso","spatial_gam","mean,lasso,enet,ridge,ranger,xgb,domain_index,domain_pc_ridge,domain_pc_enet,domain_pc1_ols,hapc,hapc_lasso,spatial_gam,spatial_plus_domain",0,NA,-0.636716718385742,0.632981365666092,NA,0.70695652173913,0,NA,0.528695652173913,0,NA,0.696521739130435,0,NA,0.683478260869565,0,NA,0.503478260869565,0.0926430376616581,NA,0.668695652173913,0,NA,0.567826086956522,0,NA,0.166086956521739,0.000209432375579001,NA,-0.00956521739130435,0,NA,0.578260869565217,0,NA,0.688695652173913,0.274166164296671,NA,0.716521739130435,0,NA,0.716521739130435
"infill",24,6,"Gambia","child_vitA","level",2,"hapc","hapc","mean,lasso,enet,ridge,ranger,xgb,domain_index,domain_pc_ridge,domain_pc_enet,domain_pc1_ols,hapc,hapc_lasso,spatial_gam,spatial_plus_domain",0,NA,-0.574600581839508,0,NA,-0.253913043478261,0,NA,0.155652173913043,0,NA,0.618260869565217,0,NA,0.700869565217391,0.328375205054149,NA,0.750434782608696,0.248561679864447,NA,0.669565217391304,0,NA,0.442608695652174,0,NA,0.0462886509493681,0,NA,-0.0139130434782609,0,NA,0.760869565217391,0.252577792066569,NA,0.627826086956522,0.170485323014836,NA,0.667826086956522,0,NA,0.667826086956522
"infill",24,6,"Gambia","child_vitA","level",2,"spatial_plus_domain","spatial_gam","mean,lasso,enet,ridge,ranger,xgb,domain_index,domain_pc_ridge,domain_pc_enet,domain_pc1_ols,hapc,hapc_lasso,spatial_gam,spatial_plus_domain",0,NA,-0.527263657462892,0.0247794796436046,NA,0.740869565217391,0,NA,0.521739130434782,0,NA,0.665217391304348,0,NA,0.673913043478261,0,NA,0.577391304347826,0.233021340098082,NA,0.651304347826087,0,NA,0.550434782608695,0.0931873506665956,NA,0.750434782608696,0.000515572280138204,NA,0.191304347826087,0,NA,0.657391304347826,0,NA,0.645217391304348,0,NA,0.790434782608695,0.648496257311579,NA,0.790434782608695
"infill",24,6,"Gambia","child_vitA","level",2,"xgb","spatial_gam","mean,lasso,enet,ridge,ranger,xgb,domain_index,domain_pc_ridge,domain_pc_enet,domain_pc1_ols,hapc,hapc_lasso,spatial_gam,spatial_plus_domain",0,NA,-0.737296924831161,0,NA,0.484347826086956,0,NA,0.373043478260869,0,NA,0.675652173913043,0,NA,0.720869565217391,0.552577153198148,NA,0.744347826086956,0,NA,0.696521739130435,0,NA,0.427826086956522,0,NA,0.102608695652174,0,NA,-0.0817391304347826,0,NA,0.693913043478261,0.0940221379014147,NA,0.625217391304348,0.353400708900438,NA,0.76,0,NA,0.76
"infill",24,6,"Gambia","child_vitA","level",2,"spatial_plus_domain","ridge","mean,lasso,enet,ridge,ranger,xgb,domain_index,domain_pc_ridge,domain_pc_enet,domain_pc1_ols,hapc,hapc_lasso,spatial_gam,spatial_plus_domain",0.165967266486181,NA,-0.560013390396876,0,NA,0.129565217391304,0,NA,0.682608695652174,0,NA,0.741739130434783,0,NA,0.733043478260869,0,NA,0.607826086956522,0.37251470664702,NA,0.696521739130435,0,NA,0.62695652173913,0,NA,0.412173913043478,0.0210532932635933,NA,0.348695652173913,0,NA,0.631304347826087,0,NA,0.678260869565217,0,NA,0.723478260869565,0.440464733603205,NA,0.723478260869565
"infill",24,6,"Gambia","child_vitA","level",3,"spatial_gam","spatial_gam","mean,lasso,enet,ridge,ranger,xgb,domain_index,domain_pc_ridge,domain_pc_enet,domain_pc1_ols,hapc,hapc_lasso,spatial_gam,spatial_plus_domain",0,NA,-0.623265022713091,0,NA,0.328695652173913,0,NA,0.238260869565217,0,NA,0.575652173913043,0,NA,0.632173913043478,0.491527359130687,NA,0.649565217391304,0,NA,0.660869565217391,0,NA,0.507826086956522,0,NA,0.342608695652174,0,NA,0.0243478260869565,0,NA,0.560869565217391,0,NA,0.622608695652174,0.172497078140736,NA,0.683478260869565,0.335975562728578,NA,0.676521739130435
"infill",24,6,"Gambia","child_vitA","level",3,"spatial_gam","spatial_gam","mean,lasso,enet,ridge,ranger,xgb,domain_index,domain_pc_ridge,domain_pc_enet,domain_pc1_ols,hapc,hapc_lasso,spatial_gam,spatial_plus_domain",0.0944938229549666,NA,-0.518206243436403,0,NA,0.374782608695652,0,NA,0.399130434782609,0,NA,0.667826086956522,0,NA,0.66695652173913,0,NA,0.472173913043478,0.390694874733184,NA,0.652173913043478,0,NA,0.647826086956522,0,NA,0.42,0.00465634574600675,NA,0.309565217391304,0,NA,0.62,0,NA,0.722608695652174,0.510154956565843,NA,0.804347826086956,0,NA,0.803478260869565
"infill",24,6,"Gambia","child_vitA","level",3,"domain_index","lasso","mean,lasso,enet,ridge,ranger,xgb,domain_index,domain_pc_ridge,domain_pc_enet,domain_pc1_ols,hapc,hapc_lasso,spatial_gam,spatial_plus_domain",0,NA,-0.683501361794071,0,NA,0.688695652173913,0.219799247621939,NA,0.677391304347826,0,NA,0.622608695652174,0,NA,0.613913043478261,0.136373222072331,NA,0.476521739130435,0.30799592365238,NA,0.625217391304348,0,NA,0.375652173913043,0,NA,0.553913043478261,0,NA,0.1,0,NA,0.534782608695652,0,NA,0.481739130434783,0.335831606653351,NA,0.688695652173913,0,NA,0.688695652173913
"infill",24,6,"Gambia","child_vitA","level",3,"spatial_gam","ranger","mean,lasso,enet,ridge,ranger,xgb,domain_index,domain_pc_ridge,domain_pc_enet,domain_pc1_ols,hapc,hapc_lasso,spatial_gam,spatial_plus_domain",0,NA,-0.545293287866241,0,NA,0.507826086956522,0,NA,0.68695652173913,0,NA,0.720869565217391,0,NA,0.744347826086956,0,NA,0.694782608695652,0.263879664591831,NA,0.70695652173913,0,NA,0.607826086956522,0,NA,0.29304347826087,0.00623594255546535,NA,0.455652173913043,0,NA,0.653913043478261,0.349182303773216,NA,0.729565217391304,0,NA,0.722608695652174,0.380702089079487,NA,0.722608695652174
"infill",24,6,"Gambia","child_vitA","level",3,"spatial_gam","hapc_lasso","mean,lasso,enet,ridge,ranger,xgb,domain_index,domain_pc_ridge,domain_pc_enet,domain_pc1_ols,hapc,hapc_lasso,spatial_gam,spatial_plus_domain",0,NA,-0.558108018517306,0,NA,-0.203478260869565,0,NA,-0.242608695652174,0,NA,0.640869565217391,0,NA,0.678260869565217,0,NA,0.631304347826087,0.304269729682837,NA,0.698260869565217,0,NA,0.329565217391304,0,NA,-0.11356496245547,0.00237021388558188,NA,-0.141739130434783,0,NA,0.648695652173913,0.474325807508771,NA,0.724347826086956,0.219034248922809,NA,0.673043478260869,0,NA,0.673043478260869
"region",28,2,"Gambia","child_vitA","level",1,"ranger","spatial_gam","mean,lasso,enet,ridge,ranger,xgb,domain_index,domain_pc_ridge,domain_pc_enet,domain_pc1_ols,hapc,hapc_lasso,spatial_gam,spatial_plus_domain",0,NA,-0.691542982727323,0,NA,0.205254515599343,0,NA,0.306513409961686,0,NA,0.670498084291188,0.352262462515119,NA,0.637657361795293,0.35561268755173,NA,0.617952928297756,0,NA,0.661740558292282,0,NA,0.389709906951286,0,NA,0.0290093048713738,0,NA,-0.0678708264915161,0,NA,0.606458675424193,0,NA,0.62616310892173,0.292124849933152,NA,0.734537493158183,0,NA,0.734537493158183
"region",26,4,"Gambia","child_vitA","level",1,"spatial_plus_domain","lasso","mean,lasso,enet,ridge,ranger,xgb,domain_index,domain_pc_ridge,domain_pc_enet,domain_pc1_ols,hapc,hapc_lasso,spatial_gam,spatial_plus_domain",0,NA,-0.741913255096209,0,NA,0.778461538461538,0,NA,0.648547008547008,0,NA,0.764102564102564,0,NA,0.748376068376068,0,NA,0.734700854700855,0.251687030919977,NA,0.745641025641026,0,NA,0.61025641025641,0,NA,0.72991452991453,0.0106571249722683,NA,0.176752136752137,0,NA,0.704615384615385,0.313337418112842,NA,0.684786324786325,0,NA,0.754529914529914,0.424318425994913,NA,0.754529914529914
"region",22,8,"Gambia","child_vitA","level",1,"spatial_gam","spatial_gam","mean,lasso,enet,ridge,ranger,xgb,domain_index,domain_pc_ridge,domain_pc_enet,domain_pc1_ols,hapc,hapc_lasso,spatial_gam,spatial_plus_domain",0.00884971472743518,NA,-0.671343267404508,0,NA,0.268210050818746,0,NA,-0.0424690263886927,0,NA,0.313382269904009,0,NA,0.500846979107849,0.0881329415149881,NA,0.308865047995483,0.0133443323425825,NA,0.448898927159797,0,NA,-0.0875211744776962,0,NA,-0.444507219080987,0.00448905010307618,NA,0.235460191981931,0,NA,0.323546019198193,0,NA,0.17673630717109,0.885183961311918,NA,0.652173913043478,0,NA,0.630717108977979
"region",24,6,"Gambia","child_vitA","level",1,"xgb","spatial_gam","mean,lasso,enet,ridge,ranger,xgb,domain_index,domain_pc_ridge,domain_pc_enet,domain_pc1_ols,hapc,hapc_lasso,spatial_gam,spatial_plus_domain",0,NA,-0.68374501561387,0,NA,-0.16,0,NA,0.148695652173913,0,NA,0.687826086956522,0,NA,0.700869565217391,0.550290075983036,NA,0.613913043478261,0.0611764695463867,NA,0.675652173913043,0,NA,0.643478260869565,0,NA,0.264347826086957,0.0151171605100131,NA,0.251304347826087,0,NA,0.615652173913043,0,NA,0.680869565217391,0.373416293960564,NA,0.723478260869565,0,NA,0.723478260869565
"region",26,4,"Gambia","child_vitA","level",1,"spatial_gam","hapc","mean,lasso,enet,ridge,ranger,xgb,domain_index,domain_pc_ridge,domain_pc_enet,domain_pc1_ols,hapc,hapc_lasso,spatial_gam,spatial_plus_domain",0,NA,-0.72713130219581,0,NA,-0.264957264957265,0,NA,-0.365470085470085,0,NA,0.647179487179487,0.50752271540898,NA,0.675897435897436,0,NA,0.697094017094017,0.0232735874164638,NA,0.698461538461538,0,NA,0.027008547008547,0,NA,-0.157144668063484,0.0519844220669751,NA,0.563760683760684,0,NA,0.706666666666667,0,NA,0.332649572649573,0.417219275107581,NA,0.683418803418803,0,NA,0.681367521367521
"region",24,6,"Gambia","child_vitA","level",1,"ridge","ridge","mean,lasso,enet,ridge,ranger,xgb,domain_index,domain_pc_ridge,domain_pc_enet,domain_pc1_ols,hapc,hapc_lasso,spatial_gam,spatial_plus_domain",0,NA,-0.585938970073303,0.0869282429594314,NA,0.155652173913043,0.150256113556007,NA,0.192173913043478,0,NA,0.7,0,NA,0.517391304347826,0.355126730528684,NA,0.635652173913043,0.13314401633197,NA,0.606086956521739,0,NA,0.559130434782609,0,NA,0.294782608695652,0.0140799937175439,NA,0.510434782608696,0,NA,0.547826086956522,0,NA,0.549565217391304,0,NA,0.666086956521739,0.260464902906363,NA,0.666086956521739
"infill",24,6,"Gambia","women_vitA","prev",1,"xgb","domain_index","mean,lasso,enet,ridge,ranger,xgb,domain_index,domain_pc_ridge,domain_pc_enet,domain_pc1_ols,hapc,hapc_lasso,spatial_gam,spatial_plus_domain",0,NA,-0.617535153910625,0,NA,-0.192023200939357,0,NA,-0.257859726975708,0,NA,-0.0944250174269717,0.0986897599465321,NA,0.598015111496854,0.662584954153345,NA,0.56418245228373,0.122085524554021,NA,0.649221298414016,0,NA,0.234999822101975,0,NA,-0.199958860433587,0,NA,0.182879238989864,0.116639761346102,NA,0.602587092471601,0,NA,0.437081381185774,0,NA,0.363929685589829,0,NA,0.363929685589829
"infill",24,6,"Gambia","women_vitA","prev",1,"domain_index","spatial_gam","mean,lasso,enet,ridge,ranger,xgb,domain_index,domain_pc_ridge,domain_pc_enet,domain_pc1_ols,hapc,hapc_lasso,spatial_gam,spatial_plus_domain",0,NA,-0.27839993552399,0,NA,0.068646831697629,0,NA,0.313637894867616,0,NA,0.469085248009001,0,NA,0.52394901970596,0,NA,0.376731232319119,0.632843840201619,NA,0.618131827785739,0,NA,0.22859904873733,0,NA,0.267676571921627,0,NA,-0.060350148866655,0,NA,0.598929507691804,0.367156159798381,NA,0.314552291062566,0,NA,0.648306902219067,0,NA,0.648306902219067
"infill",24,6,"Gambia","women_vitA","prev",1,"hapc","spatial_gam","mean,lasso,enet,ridge,ranger,xgb,domain_index,domain_pc_ridge,domain_pc_enet,domain_pc1_ols,hapc,hapc_lasso,spatial_gam,spatial_plus_domain",0,NA,-0.527809348088624,0,NA,-0.10454153364482,0,NA,0.0845624849926988,0,NA,-0.099025384055608,0,NA,0.375420263044509,0.0366241881804395,NA,0.330815875356052,0.349199288626678,NA,0.476709393420379,0,NA,0.400510231119266,0.131965041567332,NA,0.0358176921052199,0,NA,-0.538040426492007,0.476300719418422,NA,0.444185360730879,0,NA,0.37913729535188,0.00591076220712867,NA,0.549656152452542,0,NA,0.549656152452542
"infill",24,6,"Gambia","women_vitA","prev",1,"domain_pc_ridge","domain_index","mean,lasso,enet,ridge,ranger,xgb,domain_index,domain_pc_ridge,domain_pc_enet,domain_pc1_ols,hapc,hapc_lasso,spatial_gam,spatial_plus_domain",0,NA,-0.360249869278862,0,NA,-0.0361843979297191,0,NA,0.00640077336464523,0,NA,-0.056469863363189,0,NA,0.259688519365606,0,NA,-0.0338326592131248,0.423030461029389,NA,0.344727365495893,0.509938169252873,NA,0.266089292730252,0,NA,-0.0933496207917128,0.0670313697177383,NA,-0.00274318858484796,0,NA,0.0356614516030234,0,NA,-0.165706648229686,0,NA,0.0393190363828207,0,NA,0.0374902439929221
"infill",24,6,"Gambia","women_vitA","prev",1,"xgb","domain_index","mean,lasso,enet,ridge,ranger,xgb,domain_index,domain_pc_ridge,domain_pc_enet,domain_pc1_ols,hapc,hapc_lasso,spatial_gam,spatial_plus_domain",0,NA,-0.0480951474267451,0,NA,0.357528912225184,0,NA,0.583384772377665,0,NA,0.613559846810993,0,NA,0.492859549077683,0.896230322775188,NA,0.571497621843324,0,NA,0.642820525049371,0.0976903703604049,NA,0.575155206623121,0,NA,0.377645628514069,0.00123488644097425,NA,0.0576069602818071,0,NA,0.514805057756466,0,NA,0.568754433258476,0.00484442042343252,NA,0.592528734327159,0,NA,0.592528734327159
"infill",24,6,"Gambia","women_vitA","prev",2,"xgb","domain_index","mean,lasso,enet,ridge,ranger,xgb,domain_index,domain_pc_ridge,domain_pc_enet,domain_pc1_ols,hapc,hapc_lasso,spatial_gam,spatial_plus_domain",0,NA,-0.507095149201737,0,NA,0.0361701503401633,0,NA,0.208911425957156,0,NA,0.394784506461035,0.0815784126774248,NA,0.595749470157264,0.78628723030176,NA,0.57788591782871,0,NA,0.633262930047226,0,NA,-0.0813828382653675,0,NA,0.0696275394048144,0,NA,0.0348339270406796,0,NA,0.540372457938748,0,NA,0.518936195144483,0.132134357020815,NA,0.606467601554396,0,NA,0.615399377718673
"infill",24,6,"Gambia","women_vitA","prev",2,"enet","enet","mean,lasso,enet,ridge,ranger,xgb,domain_index,domain_pc_ridge,domain_pc_enet,domain_pc1_ols,hapc,hapc_lasso,spatial_gam,spatial_plus_domain",0,NA,-0.241998698863614,0,NA,0.514999919058653,0.581543443701666,NA,0.569623467492282,0,NA,0.490008873034126,0.0405283711976488,NA,0.469157431628418,0.234616782683106,NA,0.419872206487655,0.14227296321988,NA,0.53834630538372,0,NA,0.353526711105859,0,NA,0.383945223502701,0.00103843919769944,NA,0.146907882631121,0,NA,0.430297927190509,0,NA,0.508016936066328,0,NA,0.549719818877743,0,NA,0.549719818877743
"infill",24,6,"Gambia","women_vitA","prev",2,"hapc","domain_index","mean,lasso,enet,ridge,ranger,xgb,domain_index,domain_pc_ridge,domain_pc_enet,domain_pc1_ols,hapc,hapc_lasso,spatial_gam,spatial_plus_domain",0,NA,-0.579073064613755,0,NA,0.0824579728316614,0,NA,-0.0843535584139984,0,NA,0.645446890785763,0.0735766910230969,NA,0.580996980986304,0,NA,0.406603107411296,0.292878623963705,NA,0.688097566388347,0,NA,-0.0230291089593136,0,NA,-0.00959546206638066,0,NA,-0.00758234232934817,0.585338502415542,NA,0.641655719621089,0,NA,0.634073377291741,0.0482061825976566,NA,0.314667206667949,0,NA,0.264434188736018
"infill",24,6,"Gambia","women_vitA","prev",2,"hapc","spatial_gam","mean,lasso,enet,ridge,ranger,xgb,domain_index,domain_pc_ridge,domain_pc_enet,domain_pc1_ols,hapc,hapc_lasso,spatial_gam,spatial_plus_domain",0,NA,-0.519250277579078,0,NA,0.228863243144576,0.0878341744405013,NA,0.138132080941477,0,NA,0.442326844577194,0.0103792868759556,NA,0.459518118998786,0,NA,0.131490017873262,0.221638356208428,NA,0.504122506687243,0,NA,0.230456003057025,0.0220012187683915,NA,0.412019762003966,0,NA,-0.126843727489048,0.575800178728743,NA,0.442326844577194,0,NA,0.359622875738181,0.0823467849779812,NA,0.536181910338321,0,NA,0.53246487803095
"infill",24,6,"Gambia","women_vitA","prev",2,"ranger","domain_index","mean,lasso,enet,ridge,ranger,xgb,domain_index,domain_pc_ridge,domain_pc_enet,domain_pc1_ols,hapc,hapc_lasso,spatial_gam,spatial_plus_domain",0,NA,-0.363056272140055,0,NA,0.206169856938931,0,NA,0.217042160791927,0,NA,0.522508905610194,0.146374303879104,NA,0.501072642815929,0,NA,0.300107679119701,0.412461054535646,NA,0.535013392240181,0,NA,0.432297966350998,0,NA,0.228653469805487,0.0066067505376397,NA,0.267060107311877,0,NA,0.351911980872507,0.434557891047611,NA,0.521615727993766,0,NA,0.519829372760911,0,NA,0.513577129445917
"infill",24,6,"Gambia","women_vitA","prev",3,"xgb","spatial_gam","mean,lasso,enet,ridge,ranger,xgb,domain_index,domain_pc_ridge,domain_pc_enet,domain_pc1_ols,hapc,hapc_lasso,spatial_gam,spatial_plus_domain",0,NA,-0.496018853474257,0,NA,-0.230382213765358,0,NA,-0.22559682653581,0,NA,0.421486839280651,0,NA,0.475188053278936,0.749244882337247,NA,0.446757998809256,0,NA,0.53114562080656,0.106124641685417,NA,0.160069880464843,0.0648077933954912,NA,0.238357859147937,0.0130819916633409,NA,0.161554912700721,0,NA,0.470675346220256,0,NA,0.315438223401687,0.0667406909185036,NA,0.566796006570126,0,NA,0.540622305629786
"infill",24,6,"Gambia","women_vitA","prev",3,"domain_index","domain_index","mean,lasso,enet,ridge,ranger,xgb,domain_index,domain_pc_ridge,domain_pc_enet,domain_pc1_ols,hapc,hapc_lasso,spatial_gam,spatial_plus_domain",0,NA,-0.681952333397663,0,NA,0.0473896395584261,0,NA,0.0995182430726948,0,NA,0.422715584861161,0.236932703366416,NA,0.4426192334757,0.00219894611470658,NA,0.085301351205167,0.644333297449817,NA,0.644499097994595,0,NA,0.126056441225413,0.114657591509539,NA,0.369639188555723,0.00187746155952173,NA,0.0398072972290779,0,NA,0.218940134759928,0,NA,0.235052612209793,0,NA,0.0881447295786725,0,NA,0.0881447295786725
"infill",24,6,"Gambia","women_vitA","prev",3,"lasso","hapc_lasso","mean,lasso,enet,ridge,ranger,xgb,domain_index,domain_pc_ridge,domain_pc_enet,domain_pc1_ols,hapc,hapc_lasso,spatial_gam,spatial_plus_domain",0,NA,-0.483532836749443,0.605554970429333,NA,0.498345926247379,0,NA,0.336497799741349,0,NA,0.588871149547361,0,NA,0.516633850146365,0,NA,0.28163402804439,0.199921046939114,NA,0.601672696276652,0,NA,0.256945330780759,0.0362414907650504,NA,0.0532670809818718,0,NA,0.0841244499353373,0,NA,0.551380905554439,0,NA,0.622703808760486,0.158282491866502,NA,0.622703808760486,0,NA,0.622703808760486
"infill",24,6,"Gambia","women_vitA","prev",3,"hapc","spatial_gam","mean,lasso,enet,ridge,ranger,xgb,domain_index,domain_pc_ridge,domain_pc_enet,domain_pc1_ols,hapc,hapc_lasso,spatial_gam,spatial_plus_domain",0.338494317675244,NA,-0.394521365935646,0,NA,0.128379579565443,0,NA,0.25517729633696,0,NA,0.356503857635669,0,NA,0.495495235042993,0,NA,0.0794236442327566,0.661505682324756,NA,0.522571477395069,0,NA,0.250906512462572,0,NA,-0.0416090740412872,0,NA,-0.22067137516942,0,NA,0.458491037161822,0,NA,0.260383197285799,0,NA,0.574467608569881,0,NA,0.56814981868773
"infill",24,6,"Gambia","women_vitA","prev",3,"ranger","xgb","mean,lasso,enet,ridge,ranger,xgb,domain_index,domain_pc_ridge,domain_pc_enet,domain_pc1_ols,hapc,hapc_lasso,spatial_gam,spatial_plus_domain",0,NA,-0.447553824300363,0,NA,0.00756682625941527,0,NA,-0.0950189462971376,0,NA,0.0125449840373784,0.434270445647704,NA,0.390288392273994,0.278130093450034,NA,0.392611537466102,0.287599460902262,NA,0.344754746508695,0,NA,-0.295875827826235,0,NA,-0.234934503237525,0,NA,0.12405595325852,0,NA,0.328492730163945,0,NA,0.288999261898124,0,NA,0.331280504394474,0,NA,0.288999261898124
"region",28,2,"Gambia","women_vitA","prev",1,"lasso","ridge","mean,lasso,enet,ridge,ranger,xgb,domain_index,domain_pc_ridge,domain_pc_enet,domain_pc1_ols,hapc,hapc_lasso,spatial_gam,spatial_plus_domain",0.0411565264395547,NA,-0.449216828108238,0.611115099587108,NA,0.583751873874191,0,NA,0.583175043959295,0,NA,0.605671410640218,0,NA,0.49145908749092,0.125317052336069,NA,0.411279729320453,0.222411321637268,NA,0.5825982140444,0,NA,0.558371357618791,0,NA,0.254958822383787,0,NA,0.0524915222554855,0,NA,0.480499319107906,0,NA,0.605671410640218,0,NA,0.528376202044228,0,NA,0.535298161022973
"region",26,4,"Gambia","women_vitA","prev",1,"hapc","domain_index","mean,lasso,enet,ridge,ranger,xgb,domain_index,domain_pc_ridge,domain_pc_enet,domain_pc1_ols,hapc,hapc_lasso,spatial_gam,spatial_plus_domain",0,NA,-0.484562508966356,0,NA,-0.0209751676970815,0,NA,0.0606024288204819,0.239613341830459,NA,0.572017708891596,0,NA,0.550687029877614,0,NA,0.060081412556047,0.293619434018816,NA,0.606146795313965,0,NA,0.237126048372091,0,NA,0.383596710934762,0,NA,-0.143982083344373,0.4188178220675,NA,0.526512260328436,0,NA,0.449010793244304,0.0479494020832253,NA,0.516557943455244,0,NA,0.516557943455244
"region",22,8,"Gambia","women_vitA","prev",1,"hapc_lasso","domain_index","mean,lasso,enet,ridge,ranger,xgb,domain_index,domain_pc_ridge,domain_pc_enet,domain_pc1_ols,hapc,hapc_lasso,spatial_gam,spatial_plus_domain",0,NA,-0.279683448600602,0,NA,0.376092766005922,0.272457338071585,NA,0.328784267795302,0,NA,0.361726044144735,0,NA,0.335119224785577,0,NA,-0.212221059174231,0.726825291287611,NA,0.47448827857164,0,NA,-0.034305759061351,0,NA,-0.12959953423177,0,NA,-0.19448317960146,0.000717370640803718,NA,0.390866846300002,0,NA,0.416206674261104,0,NA,0.37059498393112,0,NA,0.357925069950569
"region",24,6,"Gambia","women_vitA","prev",1,"hapc","hapc_lasso","mean,lasso,enet,ridge,ranger,xgb,domain_index,domain_pc_ridge,domain_pc_enet,domain_pc1_ols,hapc,hapc_lasso,spatial_gam,spatial_plus_domain",0.0921165222838505,NA,-0.45309265817415,0,NA,0.344118472910228,0,NA,-0.0229392083754415,0,NA,0.379969934340801,0,NA,0.558673133864504,0.428953913292175,NA,0.421938109986519,0.287433743898747,NA,0.561832028805579,0,NA,0.213902314581401,0.18193333672052,NA,0.233306954933722,0.00956248380470784,NA,0.499105400689936,0,NA,0.478798218925879,0,NA,0.594323519628071,0,NA,0.589810812569391,0,NA,0.589810812569391
"region",26,4,"Gambia","women_vitA","prev",1,"xgb","xgb","mean,lasso,enet,ridge,ranger,xgb,domain_index,domain_pc_ridge,domain_pc_enet,domain_pc1_ols,hapc,hapc_lasso,spatial_gam,spatial_plus_domain",0,NA,-0.41976368554658,0.0785293845729682,NA,0.497267871966898,0,NA,0.0889755816226688,0,NA,0.462923140177854,0,NA,0.523574475039357,0.693443730618034,NA,0.696759611933045,0,NA,0.536727776575586,0,NA,-0.0975536530603686,0,NA,-0.228370659498183,0.0138458828538077,NA,-0.129706167926707,0,NA,0.469499790945969,0,NA,0.515536346322772,0,NA,0.495806394018428,0.21418100195519,NA,0.509690434528892
"region",24,6,"Gambia","women_vitA","prev",1,"hapc","domain_index","mean,lasso,enet,ridge,ranger,xgb,domain_index,domain_pc_ridge,domain_pc_enet,domain_pc1_ols,hapc,hapc_lasso,spatial_gam,spatial_plus_domain",0,NA,-0.43446603296658,0.0537886672402979,NA,0.228794247875043,0,NA,0.0498822368881226,0,NA,0.625461198332958,0,NA,0.43276860692735,0,NA,0.367334354576499,0.0945419348459498,NA,0.644414567979411,0,NA,0.354247504106329,0,NA,-0.000451270705867935,0.00148082526489037,NA,0.296936124461101,0,NA,0.500910483513408,0.48523225933,NA,0.574918879275749,0.364956313318862,NA,0.62726628115643,0,NA,0.628168822568166
"infill",24,6,"Gambia","women_vitA","level",1,"hapc","domain_index","mean,lasso,enet,ridge,ranger,xgb,domain_index,domain_pc_ridge,domain_pc_enet,domain_pc1_ols,hapc,hapc_lasso,spatial_gam,spatial_plus_domain",0,NA,-0.610428204470585,0,NA,0.391304347826087,0,NA,0.562608695652174,0,NA,0.722608695652174,0,NA,0.703478260869565,0,NA,0.64695652173913,0.484337777347083,NA,0.763478260869565,0,NA,0.712173913043478,0,NA,0.367826086956522,0.00486058383448883,NA,0.00434782608695652,0,NA,0.737391304347826,0.280082700850016,NA,-0.0515288755851456,0.230718937968412,NA,0.682608695652174,0,NA,0.669565217391304
"infill",24,6,"Gambia","women_vitA","level",1,"domain_index","domain_index","mean,lasso,enet,ridge,ranger,xgb,domain_index,domain_pc_ridge,domain_pc_enet,domain_pc1_ols,hapc,hapc_lasso,spatial_gam,spatial_plus_domain",0,NA,-0.496129192025796,0,NA,0.511304347826087,0,NA,0.706086956521739,0,NA,0.759130434782609,0,NA,0.753913043478261,0,NA,0.545217391304348,0.669331181521888,NA,0.810434782608696,0,NA,0.640869565217391,0,NA,0.576521739130435,0.00644730746561455,NA,0.0556521739130435,0,NA,0.748695652173913,0.121115060213283,NA,0.644347826086957,0.203106450799215,NA,0.761739130434783,0,NA,0.752173913043478
"infill",24,6,"Gambia","women_vitA","level",1,"domain_index","ranger","mean,lasso,enet,ridge,ranger,xgb,domain_index,domain_pc_ridge,domain_pc_enet,domain_pc1_ols,hapc,hapc_lasso,spatial_gam,spatial_plus_domain",0,NA,-0.581561304015889,0,NA,0.613913043478261,0,NA,0.700869565217391,0,NA,0.727826086956522,0.066981583796766,NA,0.749565217391304,0,NA,0.526086956521739,0.574660515745042,NA,0.74695652173913,0,NA,0.657391304347826,0,NA,0.492173913043478,0,NA,0.0373913043478261,0,NA,0.676521739130435,0.150071122366622,NA,0.0113913534359612,0.208286778091569,NA,0.745217391304348,0,NA,0.716521739130435
"infill",24,6,"Gambia","women_vitA","level",1,"domain_index","hapc","mean,lasso,enet,ridge,ranger,xgb,domain_index,domain_pc_ridge,domain_pc_enet,domain_pc1_ols,hapc,hapc_lasso,spatial_gam,spatial_plus_domain",0,NA,-0.681160410275665,0,NA,0.287826086956522,0,NA,0.538260869565217,0,NA,0.713913043478261,0,NA,0.66695652173913,0,NA,0.676521739130435,0.33282925003696,NA,0.721739130434783,0,NA,0.642608695652174,0,NA,0.535652173913043,0.158825043519078,NA,0.476521739130435,0.508345706443962,NA,0.735652173913043,0,NA,0.656521739130435,0,NA,0.576521739130435,0,NA,0.576521739130435
"infill",24,6,"Gambia","women_vitA","level",1,"enet","lasso","mean,lasso,enet,ridge,ranger,xgb,domain_index,domain_pc_ridge,domain_pc_enet,domain_pc1_ols,hapc,hapc_lasso,spatial_gam,spatial_plus_domain",0,NA,-0.426731962247115,0.598831823658785,NA,0.785217391304348,0,NA,0.770434782608695,0,NA,0.76695652173913,0.307789261659401,NA,0.744347826086956,0,NA,0.670434782608695,0,NA,0.775652173913043,0,NA,0.745217391304348,0,NA,0.687826086956522,0.00347117437109,NA,0.482608695652174,0,NA,0.759130434782609,0,NA,0.676521739130435,0,NA,0.662608695652174,0.0899077403107237,NA,0.685217391304348
"infill",24,6,"Gambia","women_vitA","level",2,"hapc","ridge","mean,lasso,enet,ridge,ranger,xgb,domain_index,domain_pc_ridge,domain_pc_enet,domain_pc1_ols,hapc,hapc_lasso,spatial_gam,spatial_plus_domain",0,NA,-0.622904109379473,0,NA,0.549565217391304,0,NA,0.50695652173913,0.304575106084152,NA,0.813043478260869,0,NA,0.748695652173913,0,NA,0.572173913043478,0.124202165421053,NA,0.760869565217391,0,NA,0.798260869565217,0,NA,0.130434782608696,0.00229740500878445,NA,0.302608695652174,0.475292436258723,NA,0.802608695652174,0,NA,0.715652173913043,0.0936328872272877,NA,0.662608695652174,0,NA,0.66695652173913
"infill",24,6,"Gambia","women_vitA","level",2,"domain_index","hapc","mean,lasso,enet,ridge,ranger,xgb,domain_index,domain_pc_ridge,domain_pc_enet,domain_pc1_ols,hapc,hapc_lasso,spatial_gam,spatial_plus_domain",0,NA,-0.594138777821686,0,NA,0.54695652173913,0,NA,0.575652173913043,0,NA,0.729565217391304,0,NA,0.752173913043478,0,NA,0.700869565217391,0.618185708418507,NA,0.74695652173913,0,NA,0.674782608695652,0,NA,-0.00436685386314793,0.00841829827573167,NA,0.234782608695652,0.259571209534013,NA,0.794782608695652,0,NA,0.691304347826087,0.113824783771749,NA,0.654782608695652,0,NA,0.647826086956522
"infill",24,6,"Gambia","women_vitA","level",2,"domain_index","ranger","mean,lasso,enet,ridge,ranger,xgb,domain_index,domain_pc_ridge,domain_pc_enet,domain_pc1_ols,hapc,hapc_lasso,spatial_gam,spatial_plus_domain",0,NA,-0.582131195422229,0.227658062106648,NA,0.698260869565217,0,NA,0.489565217391304,0,NA,0.730434782608696,0,NA,0.731304347826087,0.275154743082136,NA,0.698260869565217,0.390184056922313,NA,0.728695652173913,0,NA,0.702608695652174,0,NA,0.587826086956522,0,NA,-0.0634782608695652,0,NA,0.724347826086956,0.0458750543898109,NA,0.72695652173913,0.0611280834990926,NA,0.517391304347826,0,NA,0.517391304347826
"infill",24,6,"Gambia","women_vitA","level",2,"domain_index","domain_index","mean,lasso,enet,ridge,ranger,xgb,domain_index,domain_pc_ridge,domain_pc_enet,domain_pc1_ols,hapc,hapc_lasso,spatial_gam,spatial_plus_domain",0,NA,-0.629616867010315,0,NA,0.62695652173913,0,NA,0.448695652173913,0,NA,0.712173913043478,0.0884960766667822,NA,0.705217391304348,0,NA,0.600869565217391,0.448548792325427,NA,0.767826086956522,0,NA,0.643478260869565,0,NA,0.450434782608696,0,NA,0.0426086956521739,0,NA,0.694782608695652,0.234213684771696,NA,0.113475405381306,0,NA,0.718260869565217,0.228741446236094,NA,0.718260869565217
"infill",24,6,"Gambia","women_vitA","level",2,"domain_index","domain_index","mean,lasso,enet,ridge,ranger,xgb,domain_index,domain_pc_ridge,domain_pc_enet,domain_pc1_ols,hapc,hapc_lasso,spatial_gam,spatial_plus_domain",0,NA,-0.616548923449661,0.124469975376597,NA,0.642608695652174,0,NA,0.612173913043478,0,NA,0.744347826086956,0,NA,0.770434782608695,0,NA,0.666086956521739,0.661552682404027,NA,0.810434782608696,0,NA,0.656521739130435,0,NA,0.633913043478261,0.0220259855986863,NA,0.402608695652174,0,NA,0.698260869565217,0.19195135662069,NA,0.777391304347826,0,NA,0.703478260869565,0,NA,0.703478260869565
"infill",24,6,"Gambia","women_vitA","level",3,"hapc","ridge","mean,lasso,enet,ridge,ranger,xgb,domain_index,domain_pc_ridge,domain_pc_enet,domain_pc1_ols,hapc,hapc_lasso,spatial_gam,spatial_plus_domain",0,NA,-0.641047191692066,0,NA,0.432173913043478,0,NA,0.451304347826087,0,NA,0.794782608695652,0,NA,0.701739130434783,0,NA,0.607826086956522,0.116849917488298,NA,0.76,0,NA,0.709565217391304,0,NA,0.597391304347826,0,NA,0.165217391304348,0.820972066981378,NA,0.78695652173913,0,NA,0.702608695652174,0,NA,0.716521739130435,0.0621780155303245,NA,0.703478260869565
"infill",24,6,"Gambia","women_vitA","level",3,"domain_index","domain_index","mean,lasso,enet,ridge,ranger,xgb,domain_index,domain_pc_ridge,domain_pc_enet,domain_pc1_ols,hapc,hapc_lasso,spatial_gam,spatial_plus_domain",0.050967620077742,NA,-0.573712482022136,0,NA,0.449565217391304,0,NA,0.625217391304348,0,NA,0.700869565217391,0,NA,0.718260869565217,0,NA,0.62695652173913,0.823953804365248,NA,0.767826086956522,0,NA,0.716521739130435,0,NA,0.715652173913043,0,NA,0.190434782608696,0,NA,0.748695652173913,0,NA,0.681739130434783,0.0802358135245322,NA,0.646086956521739,0.0448427620324778,NA,0.646086956521739
"infill",24,6,"Gambia","women_vitA","level",3,"lasso","domain_index","mean,lasso,enet,ridge,ranger,xgb,domain_index,domain_pc_ridge,domain_pc_enet,domain_pc1_ols,hapc,hapc_lasso,spatial_gam,spatial_plus_domain",0,NA,-0.672807729015025,0.347916836179289,NA,0.54,0.262895971474777,NA,0.66,0.00528700579651986,NA,0.186901345342731,0,NA,0.695652173913043,0,NA,0.586086956521739,0.321217539311408,NA,0.714782608695652,0,NA,0.62,0,NA,-0.0847169649450698,0,NA,0.304347826086956,0,NA,0.661739130434783,0,NA,-0.234936737837359,0.0626826472380057,NA,0.579130434782609,0,NA,0.576521739130435
"infill",24,6,"Gambia","women_vitA","level",3,"domain_index","domain_index","mean,lasso,enet,ridge,ranger,xgb,domain_index,domain_pc_ridge,domain_pc_enet,domain_pc1_ols,hapc,hapc_lasso,spatial_gam,spatial_plus_domain",0,NA,-0.530639640879607,0,NA,0.297391304347826,0,NA,0.713913043478261,0,NA,0.746086956521739,0,NA,0.717391304347826,0,NA,0.527826086956522,0.651925588429743,NA,0.769565217391304,0,NA,0.747826086956522,0,NA,0.525769205123011,0.00190555161450653,NA,0.409565217391304,0,NA,0.705217391304348,0.331202309924937,NA,0.703478260869565,0.0149665500308133,NA,0.653043478260869,0,NA,0.634782608695652
"infill",24,6,"Gambia","women_vitA","level",3,"domain_index","hapc_lasso","mean,lasso,enet,ridge,ranger,xgb,domain_index,domain_pc_ridge,domain_pc_enet,domain_pc1_ols,hapc,hapc_lasso,spatial_gam,spatial_plus_domain",0,NA,-0.744292853494679,0,NA,0.578260869565217,0,NA,0.72695652173913,0,NA,0.78695652173913,0,NA,0.734782608695652,0,NA,0.616521739130435,0.827549526616307,NA,0.806086956521739,0,NA,0.777391304347826,0,NA,0.546086956521739,0.000176210223662207,NA,-0.36695652173913,0.0824162191051186,NA,0.764347826086957,0.0213478086292133,NA,0.808695652173913,0.0685102354256993,NA,0.740869565217391,0,NA,0.740869565217391
"region",28,2,"Gambia","women_vitA","level",1,"domain_index","domain_index","mean,lasso,enet,ridge,ranger,xgb,domain_index,domain_pc_ridge,domain_pc_enet,domain_pc1_ols,hapc,hapc_lasso,spatial_gam,spatial_plus_domain",0,NA,-0.671912808846174,0,NA,0.467432950191571,0,NA,0.47400109469075,0,NA,0.691297208538588,0.345797569757494,NA,0.650246305418719,0,NA,0.625068418171866,0.481341098643089,NA,0.722495894909688,0,NA,0.023535851122058,0,NA,0.444991789819376,0.00187818155473412,NA,0.300492610837438,0.0486557051370234,NA,0.695675971538041,0,NA,0.074248075468421,0.122327444907659,NA,0.686918445539135,0,NA,0.67487684729064
"region",26,4,"Gambia","women_vitA","level",1,"domain_index","domain_index","mean,lasso,enet,ridge,ranger,xgb,domain_index,domain_pc_ridge,domain_pc_enet,domain_pc1_ols,hapc,hapc_lasso,spatial_gam,spatial_plus_domain",0,NA,-0.781331796163939,0,NA,0.602735042735043,0,NA,0.543247863247863,0.233021562529002,NA,0.764786324786325,0,NA,0.735384615384615,0,NA,0.740854700854701,0.680062818682392,NA,0.805128205128205,0,NA,0.723076923076923,0,NA,0.682735042735043,0,NA,-0.323076923076923,0,NA,0.754529914529914,0,NA,0.763418803418803,0.0869156187886053,NA,0.698461538461538,0,NA,0.698461538461538
"region",22,8,"Gambia","women_vitA","level",1,"domain_index","domain_index","mean,lasso,enet,ridge,ranger,xgb,domain_index,domain_pc_ridge,domain_pc_enet,domain_pc1_ols,hapc,hapc_lasso,spatial_gam,spatial_plus_domain",0,NA,-0.740912517912747,0,NA,0.457933370976849,0,NA,0.571993224167137,0,NA,0.63184641445511,0,NA,0.723320158102767,0,NA,0.338226990400903,0.526745638645017,NA,0.77639751552795,0,NA,0.522303783173348,0,NA,0.428571428571429,0,NA,0.298701298701299,0,NA,0.719932241671372,0.274631102952,NA,0.756070016939582,0.198623258402982,NA,0.691699604743083,0,NA,0.672501411631846
"region",24,6,"Gambia","women_vitA","level",1,"domain_index","domain_index","mean,lasso,enet,ridge,ranger,xgb,domain_index,domain_pc_ridge,domain_pc_enet,domain_pc1_ols,hapc,hapc_lasso,spatial_gam,spatial_plus_domain",0,NA,-0.746556237520656,0.271039997582332,NA,0.426086956521739,0.0512892476045039,NA,0.651304347826087,0,NA,0.750434782608696,0,NA,0.758260869565217,0,NA,0.591304347826087,0.669295992685455,NA,0.76695652173913,0,NA,0.66,0,NA,0.533913043478261,0.00837476212770921,NA,0.325217391304348,0,NA,0.713043478260869,0,NA,0.723478260869565,0,NA,0.686086956521739,0,NA,0.687826086956522
"region",26,4,"Gambia","women_vitA","level",1,"domain_index","hapc","mean,lasso,enet,ridge,ranger,xgb,domain_index,domain_pc_ridge,domain_pc_enet,domain_pc1_ols,hapc,hapc_lasso,spatial_gam,spatial_plus_domain",0,NA,-0.769365453339806,0,NA,0.737435897435897,0,NA,0.772991452991453,0,NA,0.763418803418803,0,NA,0.816752136752137,0,NA,0.703247863247863,0.479010693280974,NA,0.813333333333333,0,NA,0.76,0,NA,0.382564102564103,0.00120831977138869,NA,0.47008547008547,0.471940864618805,NA,0.835213675213675,0,NA,0.773675213675214,0,NA,0.741538461538461,0.0478401223288322,NA,0.741538461538461
"region",24,6,"Gambia","women_vitA","level",1,"domain_index","ridge","mean,lasso,enet,ridge,ranger,xgb,domain_index,domain_pc_ridge,domain_pc_enet,domain_pc1_ols,hapc,hapc_lasso,spatial_gam,spatial_plus_domain",0,NA,-0.4989005625739,0,NA,0.485217391304348,0.0835565548519979,NA,0.5,0,NA,0.641739130434783,0,NA,0.523478260869565,0.33619418638646,NA,0.562608695652174,0.475048906445967,NA,0.630434782608696,0,NA,0.588695652173913,0.100381611781164,NA,0.596521739130435,0.00481874053441138,NA,0.306086956521739,0,NA,0.602608695652174,0,NA,0.319634710752437,0,NA,0.424347826086956,0,NA,0.408695652173913
"infill",24,6,"Gambia","child_iron","prev",1,"hapc_lasso","domain_index","mean,lasso,enet,ridge,ranger,xgb,domain_index,domain_pc_ridge,domain_pc_enet,domain_pc1_ols,hapc,hapc_lasso,spatial_gam,spatial_plus_domain",0.409248094849728,NA,-0.5395828873094,0,NA,-0.207066541949758,0,NA,-0.26021775207677,0,NA,0.280869565217391,0,NA,0.453913043478261,0,NA,0.146086956521739,0.566938539087941,NA,0.581739130434783,0,NA,0.106086956521739,0,NA,-0.214115615718261,0.00146506163908693,NA,0.0556521739130435,0,NA,0.540869565217391,0,NA,0.557391304347826,0,NA,0.441739130434783,0.0223483044232443,NA,0.441739130434783
"infill",24,6,"Gambia","child_iron","prev",1,"hapc_lasso","domain_index","mean,lasso,enet,ridge,ranger,xgb,domain_index,domain_pc_ridge,domain_pc_enet,domain_pc1_ols,hapc,hapc_lasso,spatial_gam,spatial_plus_domain",0.349190602182839,NA,-0.329714557211762,0,NA,-0.0655713579428788,0,NA,-0.063528701854399,0,NA,0.456521739130435,0,NA,0.48695652173913,0.163327867096778,NA,0.415652173913043,0.402354263742967,NA,0.579130434782609,0,NA,0.223883907914468,0,NA,0.211206794482729,0.00507749911113242,NA,0.178260869565217,0,NA,0.455652173913043,0,NA,0.531304347826087,0,NA,0.517391304347826,0.0800497678662837,NA,0.517391304347826
"infill",24,6,"Gambia","child_iron","prev",1,"ridge","domain_index","mean,lasso,enet,ridge,ranger,xgb,domain_index,domain_pc_ridge,domain_pc_enet,domain_pc1_ols,hapc,hapc_lasso,spatial_gam,spatial_plus_domain",0,NA,-0.542967927609225,0,NA,0.489671679329584,0,NA,0.469667330085214,0,NA,0.565340304732202,0,NA,0.544466201172859,0,NA,0.515329431621276,0.446525854189849,NA,0.644922824552196,0,NA,0.502717994054173,0.553474145810151,NA,0.482278767652317,0,NA,-0.053489890370816,0,NA,0.51489455446379,0,NA,0.577081987984332,0,NA,0.346162217359102,0,NA,0.343552954414184
"infill",24,6,"Gambia","child_iron","prev",1,"ranger","domain_index","mean,lasso,enet,ridge,ranger,xgb,domain_index,domain_pc_ridge,domain_pc_enet,domain_pc1_ols,hapc,hapc_lasso,spatial_gam,spatial_plus_domain",0,NA,-0.522916571893611,0,NA,-0.275877627968436,0.542316098436224,NA,-0.193955212238894,0,NA,-0.0991519919068784,0,NA,0.217003701585668,0,NA,0.0213089807168291,0.349732581233104,NA,0.347466848831561,0,NA,-0.186562300561627,0,NA,-0.117224988160556,0.0240853029573591,NA,0.134811918820756,0,NA,0.0652315736229463,0.0838660173733126,NA,-0.197869106656271,0,NA,0.253098505657032,0,NA,0.267884329011566
"infill",24,6,"Gambia","child_iron","prev",1,"ranger","domain_pc_ridge","mean,lasso,enet,ridge,ranger,xgb,domain_index,domain_pc_ridge,domain_pc_enet,domain_pc1_ols,hapc,hapc_lasso,spatial_gam,spatial_plus_domain",0.323877685553763,NA,-0.25338556271194,0,NA,0.195240815952798,0.0224345670253686,NA,0.652315736229463,0,NA,0.647097210339628,0,NA,0.659273770749244,0.269226912237133,NA,0.630571878355148,0.298199082762636,NA,0.676668857048697,0,NA,0.682322260096019,0,NA,0.492715819431988,0.00230181456131774,NA,0.12133072693868,0,NA,0.610132651953291,0,NA,0.631006755512634,0,NA,0.647532087497114,0.0839599378597822,NA,0.647532087497114
"infill",24,6,"Gambia","child_iron","prev",2,"hapc_lasso","domain_index","mean,lasso,enet,ridge,ranger,xgb,domain_index,domain_pc_ridge,domain_pc_enet,domain_pc1_ols,hapc,hapc_lasso,spatial_gam,spatial_plus_domain",0,NA,-0.458366377083301,0.340184634316881,NA,-0.234118285213652,0,NA,-0.0550337492946464,0,NA,0.630571878355148,0,NA,0.474450978817563,0.130132947001601,NA,0.592737565653839,0.337490020190379,NA,0.654490122016895,0,NA,0.410958913824562,0,NA,-0.42935003529238,0,NA,0.116112201048844,0.1769117470059,NA,0.582735391031654,0.0152806514852383,NA,0.633181141300066,0,NA,0.530550132133297,0,NA,0.521417711826084
"infill",24,6,"Gambia","child_iron","prev",2,"xgb","domain_index","mean,lasso,enet,ridge,ranger,xgb,domain_index,domain_pc_ridge,domain_pc_enet,domain_pc1_ols,hapc,hapc_lasso,spatial_gam,spatial_plus_domain",0,NA,-0.47568087233039,0,NA,-0.425797730560428,0,NA,-0.124482399432992,0,NA,0.249184611239655,0,NA,0.487062416384666,0.60812462644275,NA,0.455316383888165,0.336880711270739,NA,0.625788229622799,0,NA,0.0595781705756243,0,NA,0.114186316789463,0.00177267452860572,NA,0.018264840614425,0,NA,0.557077638739962,0,NA,0.492715819431988,0.0532219877579051,NA,0.457925646833083,0,NA,0.419656456974288
"infill",24,6,"Gambia","child_iron","prev",2,"hapc","ranger","mean,lasso,enet,ridge,ranger,xgb,domain_index,domain_pc_ridge,domain_pc_enet,domain_pc1_ols,hapc,hapc_lasso,spatial_gam,spatial_plus_domain",0.0222202416435373,NA,-0.414496156390072,0,NA,0.327897376744677,0,NA,0.515329431621276,0,NA,0.591867811338866,0.262276024526122,NA,0.62448359815034,0.267142473089029,NA,0.494020450904447,0.448361260741312,NA,0.584909776819086,0,NA,0.515329431621276,0,NA,0.560556655999852,0,NA,-0.311372044760197,0,NA,0.613611669213182,0,NA,0.572298339251983,0,NA,0.355294637666314,0,NA,0.355294637666314
"infill",24,6,"Gambia","child_iron","prev",2,"ranger","hapc_lasso","mean,lasso,enet,ridge,ranger,xgb,domain_index,domain_pc_ridge,domain_pc_enet,domain_pc1_ols,hapc,hapc_lasso,spatial_gam,spatial_plus_domain",0.358455199265141,NA,-0.42093113511785,0,NA,-0.0384283139957018,0,NA,0.153913043478261,0,NA,0.281739130434783,0,NA,0.459130434782609,0.232590651240537,NA,0.509565217391304,0.408954149494322,NA,0.532173913043478,0,NA,0.140869565217391,0,NA,-0.197594718538921,0,NA,-0.143478260869565,0,NA,0.444347826086956,0,NA,0.538260869565217,0,NA,0.456521739130435,0,NA,0.456521739130435
"infill",24,6,"Gambia","child_iron","prev",2,"ridge","domain_index","mean,lasso,enet,ridge,ranger,xgb,domain_index,domain_pc_ridge,domain_pc_enet,domain_pc1_ols,hapc,hapc_lasso,spatial_gam,spatial_plus_domain",0,NA,-0.449043180536115,0,NA,-0.33501052759686,0,NA,-0.131907665364083,0,NA,0.470971961557673,0,NA,0.435746911801282,0,NA,0.46183954125046,0.521045722213059,NA,0.593607319968812,0,NA,0.142204830498023,0,NA,-0.0275171619799246,0,NA,-0.0195694720868839,0,NA,0.393128950367623,0.478954277786941,NA,0.51837357172368,0,NA,0.474885855975049,0,NA,0.474885855975049
"infill",24,6,"Gambia","child_iron","prev",3,"xgb","domain_index","mean,lasso,enet,ridge,ranger,xgb,domain_index,domain_pc_ridge,domain_pc_enet,domain_pc1_ols,hapc,hapc_lasso,spatial_gam,spatial_plus_domain",0,NA,-0.490894591637408,0,NA,0.463144172722919,0,NA,-0.0751799223136732,0,NA,0.669710822528916,0,NA,0.679712997151101,0.796738990085169,NA,0.679712997151101,0.203261009914831,NA,0.720591449954814,0,NA,0.597521214386189,0,NA,0.289606135521367,0,NA,0.0913242030721249,0,NA,0.628397492567716,0,NA,0.57969125092925,0,NA,0.548380095590236,0,NA,0.548380095590236
"infill",24,6,"Gambia","child_iron","prev",3,"hapc_lasso","domain_index","mean,lasso,enet,ridge,ranger,xgb,domain_index,domain_pc_ridge,domain_pc_enet,domain_pc1_ols,hapc,hapc_lasso,spatial_gam,spatial_plus_domain",0,NA,-0.407060242288331,0,NA,-0.0123248139772063,0,NA,-0.0753745718266004,0,NA,0.48184389049483,0,NA,0.5431615697004,0.252101133273214,NA,0.398782353414945,0.315908940489962,NA,0.54664058696029,0,NA,0.347901725989047,0,NA,0.180474020356818,0,NA,-0.330941516847081,0,NA,0.419221579816802,0.431989926236824,NA,0.484888030597235,0,NA,0.235268542200093,0,NA,0.255272891444463
"infill",24,6,"Gambia","child_iron","prev",3,"domain_pc_enet","domain_index","mean,lasso,enet,ridge,ranger,xgb,domain_index,domain_pc_ridge,domain_pc_enet,domain_pc1_ols,hapc,hapc_lasso,spatial_gam,spatial_plus_domain",0,NA,-0.606995630128786,0,NA,0.357903900611232,0,NA,0.0735250890576476,0,NA,0.480974136179858,0,NA,0.35703414629626,0.132858132012701,NA,0.548814972747722,0.35339590991298,NA,0.59143293418138,0,NA,-0.237442927987525,0.513745958074319,NA,0.328332253902163,0,NA,-0.260056540176813,0,NA,0.451837366628275,0,NA,0.51489455446379,0,NA,0.425744737179096,0,NA,0.415307685399425
"infill",24,6,"Gambia","child_iron","prev",3,"hapc_lasso","domain_index","mean,lasso,enet,ridge,ranger,xgb,domain_index,domain_pc_ridge,domain_pc_enet,domain_pc1_ols,hapc,hapc_lasso,spatial_gam,spatial_plus_domain",0,NA,-0.395648468639105,0,NA,-0.0576424709935527,0,NA,-0.0368028341777208,0,NA,0.446086956521739,0,NA,0.460869565217391,0,NA,0.397391304347826,0.4791855896361,NA,0.599130434782609,0,NA,0.142608695652174,0,NA,-0.158953480618585,0.0077264176669033,NA,0.26695652173913,0,NA,0.411304347826087,0.513087992696996,NA,0.574782608695652,0,NA,0.456521739130435,0,NA,0.476521739130435
"infill",24,6,"Gambia","child_iron","prev",3,"ranger","domain_index","mean,lasso,enet,ridge,ranger,xgb,domain_index,domain_pc_ridge,domain_pc_enet,domain_pc1_ols,hapc,hapc_lasso,spatial_gam,spatial_plus_domain",0,NA,-0.621644244166282,0.100710454443299,NA,-0.176560125939441,0,NA,0.250494968799923,0,NA,-0.262400916636874,0.571587481106439,NA,0.408349650879644,0,NA,0.32050446506741,0.327599383626643,NA,0.460534909778001,0,NA,-0.370950215335822,0,NA,-0.412019827612537,0.000102680823618237,NA,0.0391389441737678,0,NA,0.366166566603472,0,NA,0.322243973697355,0,NA,0.410524036667076,0,NA,0.407479896564671
"region",28,2,"Gambia","child_iron","prev",1,"hapc_lasso","domain_index","mean,lasso,enet,ridge,ranger,xgb,domain_index,domain_pc_ridge,domain_pc_enet,domain_pc1_ols,hapc,hapc_lasso,spatial_gam,spatial_plus_domain",0,NA,-0.420984624161491,0,NA,-0.0337393930232831,0,NA,-0.127590927605897,0.312234987148986,NA,-0.00660073221239334,0.230846111141149,NA,0.529081707431745,0.0419390473277323,NA,0.481182432315058,0.414979854382133,NA,0.56083208408052,0,NA,-0.242020686486658,0,NA,-0.417507633008281,0,NA,0.0301081157876316,0,NA,0.482277272889154,0,NA,0.538661562455082,0,NA,0.45134802667095,0,NA,0.45134802667095
"region",26,4,"Gambia","child_iron","prev",1,"xgb","domain_index","mean,lasso,enet,ridge,ranger,xgb,domain_index,domain_pc_ridge,domain_pc_enet,domain_pc1_ols,hapc,hapc_lasso,spatial_gam,spatial_plus_domain",0.40206583005717,NA,-0.567345430367689,0,NA,0.0673504273504273,0,NA,-0.187010787897212,0,NA,0.517948717948718,0,NA,0.421538461538461,0.0520102010881386,NA,0.467350427350427,0.545923968854691,NA,0.58017094017094,0,NA,0.0598290598290598,0,NA,-0.0864957264957265,0,NA,-0.133675213675214,0,NA,0.403760683760684,0,NA,0.490598290598291,0,NA,0.394871794871795,0,NA,0.372307692307692
"region",22,8,"Gambia","child_iron","prev",1,"xgb","domain_index","mean,lasso,enet,ridge,ranger,xgb,domain_index,domain_pc_ridge,domain_pc_enet,domain_pc1_ols,hapc,hapc_lasso,spatial_gam,spatial_plus_domain",0,NA,-0.385638487854235,0,NA,-0.565234177514777,0,NA,-0.457508917934643,0,NA,0.381813062387227,0,NA,0.468794144647039,0.0877052588572639,NA,0.436035035743993,0,NA,0.559728912464115,0,NA,0.0248517377885177,0.200838860654933,NA,0.143231107078754,0.00390218458493269,NA,0.0982773267091383,0,NA,0.429257289074397,0.620789561748317,NA,0.550127104682188,0.0867641341545538,NA,0.362044634600906,0,NA,0.362044634600906
"region",24,6,"Gambia","child_iron","prev",1,"hapc_lasso","domain_index","mean,lasso,enet,ridge,ranger,xgb,domain_index,domain_pc_ridge,domain_pc_enet,domain_pc1_ols,hapc,hapc_lasso,spatial_gam,spatial_plus_domain",0.306089750482604,NA,-0.548252236929232,0,NA,-0.337525178258228,0,NA,-0.0452173913043478,0,NA,0.434782608695652,0,NA,0.509565217391304,0.271155521618997,NA,0.435652173913043,0.418544240521789,NA,0.604347826086956,0,NA,0.0730434782608696,0,NA,-0.249055529997529,0.00421048737660972,NA,0.412173913043478,0,NA,0.554782608695652,0,NA,0.566086956521739,0,NA,0.5,0,NA,0.461739130434783
"region",26,4,"Gambia","child_iron","prev",1,"lasso","domain_index","mean,lasso,enet,ridge,ranger,xgb,domain_index,domain_pc_ridge,domain_pc_enet,domain_pc1_ols,hapc,hapc_lasso,spatial_gam,spatial_plus_domain",0,NA,-0.560754220052959,0.203568294068055,NA,0.585741160894496,0,NA,-0.231532147742818,0,NA,0.646948205728188,0,NA,0.65002565490977,0.328499376264668,NA,0.607625243963525,0,NA,0.702684229794623,0,NA,0.0205163278772153,0,NA,-0.165845463188633,0.0100997358794814,NA,0.191485726854009,0,NA,0.602154223196268,0,NA,0.694135759845783,0.457832593787796,NA,0.609676876751247,0,NA,0.609676876751247
"region",24,6,"Gambia","child_iron","prev",1,"hapc_lasso","domain_index","mean,lasso,enet,ridge,ranger,xgb,domain_index,domain_pc_ridge,domain_pc_enet,domain_pc1_ols,hapc,hapc_lasso,spatial_gam,spatial_plus_domain",0,NA,-0.308290665924619,0.48532493018188,NA,0.344062635928665,0,NA,0.0682285838500963,0,NA,0.398347476257459,0,NA,0.493150696589474,0,NA,0.350945866091451,0.51467506981812,NA,0.53837792096805,0,NA,0.0608828020480833,0,NA,-0.0965637233579817,0,NA,0.184387914774195,0,NA,0.390519687422705,0,NA,0.394868458997569,0,NA,0.396607967627514,0,NA,0.366166566603472
"infill",24,6,"Gambia","child_iron","level",1,"hapc","domain_index","mean,lasso,enet,ridge,ranger,xgb,domain_index,domain_pc_ridge,domain_pc_enet,domain_pc1_ols,hapc,hapc_lasso,spatial_gam,spatial_plus_domain",0,NA,-0.520869029946069,0,NA,-0.397407383273706,0,NA,-0.210462945041481,0,NA,0.192173913043478,0,NA,0.468695652173913,0,NA,0.460869565217391,0.386758153060159,NA,0.613043478260869,0,NA,0.0747826086956522,0,NA,-0.180471451964118,0.0050462045313083,NA,0.194782608695652,0.117003336167452,NA,0.595652173913043,0.403964529691664,NA,0.183407862252213,0.0872277765494169,NA,0.52695652173913,0,NA,0.52695652173913
"infill",24,6,"Gambia","child_iron","level",1,"xgb","domain_index","mean,lasso,enet,ridge,ranger,xgb,domain_index,domain_pc_ridge,domain_pc_enet,domain_pc1_ols,hapc,hapc_lasso,spatial_gam,spatial_plus_domain",0,NA,-0.372875572123424,0.27694439705964,NA,-0.0217865440798409,0,NA,0.443478260869565,0,NA,0.535652173913043,0,NA,0.541739130434783,0.581142354310435,NA,0.548695652173913,0.126450727231314,NA,0.561739130434783,0,NA,0.244347826086956,0,NA,0.302608695652174,0.0154625213986108,NA,0.0565217391304348,0,NA,0.490434782608696,0,NA,0.543478260869565,0,NA,0.539130434782609,0,NA,0.539130434782609
"infill",24,6,"Gambia","child_iron","level",1,"xgb","domain_index","mean,lasso,enet,ridge,ranger,xgb,domain_index,domain_pc_ridge,domain_pc_enet,domain_pc1_ols,hapc,hapc_lasso,spatial_gam,spatial_plus_domain",0.0602023701769218,NA,-0.563762947351286,0,NA,0.276521739130435,0,NA,0.0982608695652174,0,NA,0.577391304347826,0,NA,0.519130434782609,0.406072400756673,NA,0.513043478260869,0.386078622058998,NA,0.653913043478261,0,NA,0.443478260869565,0.0446570859093263,NA,0.350434782608696,0,NA,-0.031304347826087,0.102989521098081,NA,0.524347826086956,0,NA,0.124101496240885,0,NA,0.504347826086956,0,NA,0.506086956521739
"infill",24,6,"Gambia","child_iron","level",1,"xgb","domain_index","mean,lasso,enet,ridge,ranger,xgb,domain_index,domain_pc_ridge,domain_pc_enet,domain_pc1_ols,hapc,hapc_lasso,spatial_gam,spatial_plus_domain",0,NA,-0.493361764089644,0,NA,-0.281711534773258,0.133222065681413,NA,-0.142616464478962,0,NA,-0.270153146590027,0,NA,0.350434782608696,0.866777934318587,NA,0.346086956521739,0,NA,0.352173913043478,0,NA,-0.333043478260869,0,NA,-0.192325521795083,0,NA,0.0678260869565217,0,NA,0.12,0,NA,0.0255244212126642,0,NA,0.183478260869565,0,NA,0.205217391304348
"infill",24,6,"Gambia","child_iron","level",1,"ranger","spatial_gam","mean,lasso,enet,ridge,ranger,xgb,domain_index,domain_pc_ridge,domain_pc_enet,domain_pc1_ols,hapc,hapc_lasso,spatial_gam,spatial_plus_domain",0.46747290126076,NA,-0.140319771144733,0,NA,0.0331880893599243,0,NA,0.330434782608696,0,NA,0.376422803003352,0,NA,0.403478260869565,0,NA,0.381739130434783,0.476161882559546,NA,0.44,0,NA,0.40695652173913,0,NA,0.384283139957018,0.0025110689636494,NA,-0.0104347826086957,0,NA,0.434782608695652,0,NA,0.250657411744691,0.0538541472160441,NA,0.567826086956522,0,NA,0.56
"infill",24,6,"Gambia","child_iron","level",2,"xgb","xgb","mean,lasso,enet,ridge,ranger,xgb,domain_index,domain_pc_ridge,domain_pc_enet,domain_pc1_ols,hapc,hapc_lasso,spatial_gam,spatial_plus_domain",0,NA,-0.4117048619933,0,NA,-0.521735872161654,0,NA,-0.363583949566736,0,NA,0.434782608695652,0,NA,0.429565217391304,0.890108301122037,NA,0.673913043478261,0.0875549157173887,NA,0.536521739130435,0.0223367831605741,NA,0.0678260869565217,0,NA,-0.384634449508976,0,NA,0.183478260869565,0,NA,0.437391304347826,0,NA,0.478260869565217,0,NA,0.510434782608696,0,NA,0.468695652173913
"infill",24,6,"Gambia","child_iron","level",2,"xgb","xgb","mean,lasso,enet,ridge,ranger,xgb,domain_index,domain_pc_ridge,domain_pc_enet,domain_pc1_ols,hapc,hapc_lasso,spatial_gam,spatial_plus_domain",0,NA,-0.357904226400806,0.053717904560032,NA,0.293452579603541,0,NA,0.129847802715852,0,NA,0.334782608695652,0,NA,0.522608695652174,0.929224937989357,NA,0.659130434782609,0.016615915182188,NA,0.497391304347826,0,NA,-0.0704347826086957,0,NA,-0.0327514039736095,0.000441242268422792,NA,0.0573913043478261,0,NA,0.427826086956522,0,NA,0.293913043478261,0,NA,0.36695652173913,0,NA,0.419130434782609
"infill",24,6,"Gambia","child_iron","level",2,"hapc","xgb","mean,lasso,enet,ridge,ranger,xgb,domain_index,domain_pc_ridge,domain_pc_enet,domain_pc1_ols,hapc,hapc_lasso,spatial_gam,spatial_plus_domain",0.0243261355036412,NA,-0.392548239058668,0,NA,0.276521739130435,0,NA,0.234782608695652,0,NA,0.473043478260869,0,NA,0.562608695652174,0.444278274657436,NA,0.620869565217391,0,NA,0.513913043478261,0,NA,0.367826086956522,0,NA,0.323478260869565,0,NA,-0.136521739130435,0.531395589838923,NA,0.602608695652174,0,NA,0.309565217391304,0,NA,0.492173913043478,0,NA,0.503478260869565
"infill",24,6,"Gambia","child_iron","level",2,"xgb","xgb","mean,lasso,enet,ridge,ranger,xgb,domain_index,domain_pc_ridge,domain_pc_enet,domain_pc1_ols,hapc,hapc_lasso,spatial_gam,spatial_plus_domain",0.0190572353916368,NA,-0.391563846621256,0,NA,-0.135381854296616,0,NA,-0.0847169649450698,0,NA,0.377391304347826,0,NA,0.510434782608696,0.896593458972555,NA,0.644347826086957,0,NA,0.56,0,NA,0.216521739130435,0,NA,-0.196714073828636,0,NA,-0.144347826086957,0,NA,0.599130434782609,0,NA,0.169555914604499,0.0843493056358078,NA,0.502608695652174,0,NA,0.502608695652174
"infill",24,6,"Gambia","child_iron","level",2,"ranger","domain_index","mean,lasso,enet,ridge,ranger,xgb,domain_index,domain_pc_ridge,domain_pc_enet,domain_pc1_ols,hapc,hapc_lasso,spatial_gam,spatial_plus_domain",0.448715803294097,NA,-0.40331647988837,0,NA,-0.132752357439697,0,NA,-0.0349348309051834,0,NA,0.241923704018395,0,NA,0.369565217391304,0,NA,0.281739130434783,0.551284196705903,NA,0.52695652173913,0,NA,0.0454152801767385,0,NA,-0.0820968526271811,0,NA,-0.0434782608695652,0,NA,0.425217391304348,0,NA,0.450434782608696,0,NA,0.449565217391304,0,NA,0.449565217391304
"infill",24,6,"Gambia","child_iron","level",3,"xgb","domain_index","mean,lasso,enet,ridge,ranger,xgb,domain_index,domain_pc_ridge,domain_pc_enet,domain_pc1_ols,hapc,hapc_lasso,spatial_gam,spatial_plus_domain",0.0384481585257421,NA,-0.365423572517946,0,NA,-0.320846718121867,0,NA,0.0993466410040746,0,NA,0.569565217391304,0,NA,0.516521739130435,0.752252202625297,NA,0.593043478260869,0.203514614301456,NA,0.609565217391304,0,NA,0.466086956521739,0,NA,-0.0422658955148914,0.00578502454750528,NA,0.292173913043478,0,NA,0.578260869565217,0,NA,0.553913043478261,0,NA,0.563478260869565,0,NA,0.563478260869565
"infill",24,6,"Gambia","child_iron","level",3,"xgb","xgb","mean,lasso,enet,ridge,ranger,xgb,domain_index,domain_pc_ridge,domain_pc_enet,domain_pc1_ols,hapc,hapc_lasso,spatial_gam,spatial_plus_domain",0,NA,-0.269982344481005,0,NA,0.0963766938891976,0,NA,0.00263459618897374,0.401637974313467,NA,0.38695652173913,0,NA,0.419130434782609,0.504343206116369,NA,0.551304347826087,0.0928366928621217,NA,0.502608695652174,0,NA,0.189565217391304,0,NA,0.119130434782609,0.00118212670804257,NA,-0.123478260869565,0,NA,0.417391304347826,0,NA,0.33712111823502,0,NA,0.367826086956522,0,NA,0.367826086956522
"infill",24,6,"Gambia","child_iron","level",3,"ridge","domain_index","mean,lasso,enet,ridge,ranger,xgb,domain_index,domain_pc_ridge,domain_pc_enet,domain_pc1_ols,hapc,hapc_lasso,spatial_gam,spatial_plus_domain",0,NA,-0.659440688041216,0,NA,-0.000869565217391304,0,NA,0.0765217391304348,0,NA,0.476521739130435,0,NA,0.163478260869565,0.171961055977744,NA,0.149565217391304,0.672120462509191,NA,0.524347826086956,0,NA,-0.355461904460242,0.155918481513065,NA,-0.354782608695652,0,NA,-0.356521739130435,0,NA,0.397391304347826,0,NA,-0.220962805475285,0,NA,0.499130434782609,0,NA,0.499130434782609
"infill",24,6,"Gambia","child_iron","level",3,"ranger","hapc_lasso","mean,lasso,enet,ridge,ranger,xgb,domain_index,domain_pc_ridge,domain_pc_enet,domain_pc1_ols,hapc,hapc_lasso,spatial_gam,spatial_plus_domain",0.196501443984077,NA,-0.277087143019979,0,NA,-0.104159793554773,0.182567654545282,NA,0.11873295312098,0,NA,0.454782608695652,0,NA,0.455652173913043,0,NA,0.407826086956522,0.44636702404073,NA,0.507826086956522,0,NA,0.299130434782609,0,NA,0.129258874349179,0.00428371482472415,NA,0.161739130434783,0,NA,0.428695652173913,0.170280162605188,NA,0.523478260869565,0,NA,0.448695652173913,0,NA,0.448695652173913
"infill",24,6,"Gambia","child_iron","level",3,"xgb","xgb","mean,lasso,enet,ridge,ranger,xgb,domain_index,domain_pc_ridge,domain_pc_enet,domain_pc1_ols,hapc,hapc_lasso,spatial_gam,spatial_plus_domain",0,NA,-0.541588021169194,0.34333922606318,NA,0.0174064469752902,0,NA,-0.218260869565217,0,NA,-0.290515020234922,0,NA,0.4,0.351337766057242,NA,0.437391304347826,0.305306040243908,NA,0.422608695652174,0,NA,-0.328695652173913,0,NA,-0.361265030635749,1.69676356692017e-05,NA,0.0721739130434783,0,NA,0.323478260869565,0,NA,-0.132932630471131,0,NA,0.405217391304348,0,NA,0.405217391304348
"region",28,2,"Gambia","child_iron","level",1,"xgb","xgb","mean,lasso,enet,ridge,ranger,xgb,domain_index,domain_pc_ridge,domain_pc_enet,domain_pc1_ols,hapc,hapc_lasso,spatial_gam,spatial_plus_domain",0,NA,-0.362316923634915,0,NA,-0.2698782074575,0,NA,-0.246632492196175,0,NA,0.032449158908421,0,NA,0.449370552818829,0.975551729600585,NA,0.574165298303229,0.0244482703994153,NA,0.473453749315818,0,NA,-0.26321592169921,0,NA,-0.0862546889289167,0,NA,-0.0377668308702791,0,NA,0.536945812807882,0,NA,0.443349753694581,0,NA,0.417077175697865,0,NA,0.41871921182266
"region",26,4,"Gambia","child_iron","level",1,"ranger","domain_index","mean,lasso,enet,ridge,ranger,xgb,domain_index,domain_pc_ridge,domain_pc_enet,domain_pc1_ols,hapc,hapc_lasso,spatial_gam,spatial_plus_domain",0,NA,-0.494139568384761,0,NA,-0.0995596462124058,0,NA,-0.114149441963234,0,NA,0.502905982905983,0,NA,0.545982905982906,0,NA,0.323076923076923,0.376530656933124,NA,0.582905982905983,0,NA,0.0837606837606838,0,NA,-0.209179326362651,0,NA,0.167179487179487,0.0179748859107916,NA,0.554871794871795,0.562533696238423,NA,0.519316239316239,0.0429607609176612,NA,0.546666666666667,0,NA,0.546666666666667
"region",22,8,"Gambia","child_iron","level",1,"ranger","spatial_gam","mean,lasso,enet,ridge,ranger,xgb,domain_index,domain_pc_ridge,domain_pc_enet,domain_pc1_ols,hapc,hapc_lasso,spatial_gam,spatial_plus_domain",0,NA,-0.463795003388261,0,NA,-0.333430857789677,0,NA,-0.197119465640743,0,NA,0.30660643704122,0,NA,0.323546019198193,0.193116905149754,NA,0.319028797289667,0.355260345206496,NA,0.468097120271033,0,NA,-0.0536420101637493,0,NA,-0.349618765706647,0,NA,-0.00959909655561829,0,NA,0.405985319028797,0.327786869352709,NA,0.42970073404856,0,NA,0.482778091473744,0.12383588029104,NA,0.482778091473744
"region",24,6,"Gambia","child_iron","level",1,"hapc","hapc","mean,lasso,enet,ridge,ranger,xgb,domain_index,domain_pc_ridge,domain_pc_enet,domain_pc1_ols,hapc,hapc_lasso,spatial_gam,spatial_plus_domain",0,NA,-0.474673376981283,0.0758637618286994,NA,-0.138290936080646,0,NA,-0.0756686254026178,0,NA,0.481739130434783,0,NA,0.439130434782609,0.582887230602582,NA,0.468695652173913,0.0906503938447992,NA,0.583478260869565,0,NA,0.158260869565217,0,NA,-0.0208695652173913,0.00899226303612674,NA,0.40695652173913,0.241606350687793,NA,0.636521739130435,0,NA,-0.059147412071337,0,NA,0.487826086956522,0,NA,0.487826086956522
"region",26,4,"Gambia","child_iron","level",1,"xgb","domain_index","mean,lasso,enet,ridge,ranger,xgb,domain_index,domain_pc_ridge,domain_pc_enet,domain_pc1_ols,hapc,hapc_lasso,spatial_gam,spatial_plus_domain",0,NA,-0.529334694338092,0,NA,-0.0936623849385003,0,NA,-0.185641025641026,0,NA,0.469401709401709,0,NA,0.528205128205128,0.646998869297304,NA,0.469401709401709,0,NA,0.565811965811966,0,NA,0.104957264957265,0,NA,-0.159572952117445,0.00663793148894944,NA,0.196581196581197,0,NA,0.50974358974359,0.216931071874197,NA,0.534358974358974,0,NA,0.451623931623932,0.12943212733955,NA,0.451623931623932
"region",24,6,"Gambia","child_iron","level",1,"hapc_lasso","domain_index","mean,lasso,enet,ridge,ranger,xgb,domain_index,domain_pc_ridge,domain_pc_enet,domain_pc1_ols,hapc,hapc_lasso,spatial_gam,spatial_plus_domain",0,NA,-0.295212742961894,0,NA,-0.0818281224376609,0.00156841696191256,NA,-0.00974482141952888,0,NA,0.251358997027087,0,NA,0.360869565217391,0,NA,0.233913043478261,0.425559456018275,NA,0.479130434782609,0.342062170955541,NA,0.0339204182839321,0,NA,-0.151337250805236,0,NA,0.16695652173913,0,NA,0.421739130434783,0.230809956064271,NA,0.366713954842289,0,NA,0.34695652173913,0,NA,0.34695652173913
"infill",24,6,"Gambia","women_iron","prev",1,"domain_pc_ridge","spatial_plus_domain","mean,lasso,enet,ridge,ranger,xgb,domain_index,domain_pc_ridge,domain_pc_enet,domain_pc1_ols,hapc,hapc_lasso,spatial_gam,spatial_plus_domain",0.506475974624258,NA,-0.643845806905106,0,NA,0.672173913043478,0,NA,0.465217391304348,0,NA,0.662608695652174,0,NA,0.570434782608696,0.0952235881520078,NA,0.604347826086956,0.0206335123293475,NA,0.710434782608696,0,NA,0.629565217391304,0.105005577602634,NA,0.519130434782609,0.0018737199928952,NA,0.130434782608696,0,NA,0.652173913043478,0.152303399876686,NA,0.619130434782609,0.118484227422172,NA,0.704347826086956,0,NA,0.714782608695652
"infill",24,6,"Gambia","women_iron","prev",1,"spatial_gam","enet","mean,lasso,enet,ridge,ranger,xgb,domain_index,domain_pc_ridge,domain_pc_enet,domain_pc1_ols,hapc,hapc_lasso,spatial_gam,spatial_plus_domain",0.24697012386533,NA,-0.500020054646692,0,NA,0.841487299736008,0,NA,0.870189192130104,0,NA,0.816264424601802,0,NA,0.8671450520277,0.0170195662571499,NA,0.827571230696446,0,NA,0.799304215459836,0,NA,0.836268773846172,0.117553616208016,NA,0.818003933231747,0.00860260989517757,NA,0.28397478383856,0,NA,0.844531439838412,0.162019342285194,NA,0.783213760632842,0,NA,0.857142877405515,0.447834741489133,NA,0.857142877405515
"infill",24,6,"Gambia","women_iron","prev",1,"xgb","xgb","mean,lasso,enet,ridge,ranger,xgb,domain_index,domain_pc_ridge,domain_pc_enet,domain_pc1_ols,hapc,hapc_lasso,spatial_gam,spatial_plus_domain",0.0296226661480572,NA,-0.725663283579378,0,NA,0.356164391981287,0.201708308001568,NA,0.561426410314825,0,NA,0.663622542324107,0,NA,0.574472725039414,0.673151949863985,NA,0.793650812412514,0,NA,0.716242678379951,0,NA,0.535768658023133,0.0875834445210835,NA,0.313981307705115,0.00236218963453302,NA,0.213959561483264,0,NA,0.662752788009135,0,NA,0.671015454001375,0,NA,0.728854115947054,0.0055714418307727,NA,0.728854115947054
"infill",24,6,"Gambia","women_iron","prev",1,"hapc","hapc","mean,lasso,enet,ridge,ranger,xgb,domain_index,domain_pc_ridge,domain_pc_enet,domain_pc1_ols,hapc,hapc_lasso,spatial_gam,spatial_plus_domain",0.0743390315668038,NA,-0.589619667028505,0,NA,0.441400314848604,0,NA,0.485322907754721,0,NA,0.66927594537143,0,NA,0.662752788009135,0.0992585481600745,NA,0.588388794078976,0,NA,0.700152223552957,0.202520312173263,NA,0.647097210339628,0,NA,0.678408365678642,0,NA,0.0339204182839321,0.567757284775476,NA,0.769297691593281,0.0561248233243819,NA,0.685801277355909,0,NA,0.651011104757005,0,NA,0.6479669646546
"infill",24,6,"Gambia","women_iron","prev",1,"enet","enet","mean,lasso,enet,ridge,ranger,xgb,domain_index,domain_pc_ridge,domain_pc_enet,domain_pc1_ols,hapc,hapc_lasso,spatial_gam,spatial_plus_domain",0.0383413738697257,NA,-0.394624141050935,0,NA,0.739726044884212,0.681515536403077,NA,0.754511868238746,0,NA,0.652315736229463,0,NA,0.631876509827607,0,NA,0.447488595053412,0,NA,0.647097210339628,0.045058313428568,NA,0.669710822528916,0,NA,0.423570351391665,0.000515642549165076,NA,0.556207884424989,0.172505327732835,NA,0.607088511850887,0,NA,0.567949567677119,0,NA,0.732333133206944,0.0620638060166297,NA,0.732333133206944
"infill",24,6,"Gambia","women_iron","prev",2,"xgb","spatial_gam","mean,lasso,enet,ridge,ranger,xgb,domain_index,domain_pc_ridge,domain_pc_enet,domain_pc1_ols,hapc,hapc_lasso,spatial_gam,spatial_plus_domain",0.122605524674133,NA,-0.629724541389115,0,NA,0.427049368651555,0,NA,0.437921297588713,0.458182196161228,NA,0.678843242836128,0,NA,0.626223106780285,0.104833245179382,NA,0.59969560017362,0.236666286447447,NA,0.704066117970334,0,NA,0.575342479354387,0,NA,0.42183084276172,0,NA,0.488801925014611,0,NA,0.629267246882689,0,NA,0.594911951441271,0.0777127475378102,NA,0.727984361632081,0,NA,0.727114607317109
"infill",24,6,"Gambia","women_iron","prev",2,"ridge","hapc","mean,lasso,enet,ridge,ranger,xgb,domain_index,domain_pc_ridge,domain_pc_enet,domain_pc1_ols,hapc,hapc_lasso,spatial_gam,spatial_plus_domain",0.213239450938484,NA,-0.418608050580198,0.0690964964334075,NA,0.452707120943248,0,NA,0.45357687525822,0.505012245998516,NA,0.667536436741484,0,NA,0.714503169750006,0,NA,0.596651460071216,0,NA,0.711459029647602,0,NA,0.568819321992092,0.00803959090101462,NA,0.586214408291544,0,NA,-0.0991519919068784,0,NA,0.724505344372191,0,NA,0.665362050954053,0,NA,0.653185490544436,0.204612215728578,NA,0.693194189033176
"infill",24,6,"Gambia","women_iron","prev",2,"spatial_gam","spatial_gam","mean,lasso,enet,ridge,ranger,xgb,domain_index,domain_pc_ridge,domain_pc_enet,domain_pc1_ols,hapc,hapc_lasso,spatial_gam,spatial_plus_domain",0.448791977648549,NA,-0.510758788320653,0,NA,0.183478260869565,0,NA,0.0982608695652174,0,NA,0.606086956521739,0,NA,0.566086956521739,0,NA,0.727826086956522,0.145537645815217,NA,0.64695652173913,0,NA,0.553913043478261,0,NA,0.473043478260869,0,NA,-0.348695652173913,0,NA,0.64,0,NA,0.613043478260869,0.405670376536234,NA,0.76,0,NA,0.76
"infill",24,6,"Gambia","women_iron","prev",2,"hapc","spatial_gam","mean,lasso,enet,ridge,ranger,xgb,domain_index,domain_pc_ridge,domain_pc_enet,domain_pc1_ols,hapc,hapc_lasso,spatial_gam,spatial_plus_domain",0,NA,-0.71765228136875,0,NA,0.180474020356818,0.0521623166237719,NA,0.507501642786523,0.740973902863136,NA,0.694933697663122,0,NA,0.590563179866407,0,NA,0.658838893591758,0,NA,0.718417064167382,0.0856078409861111,NA,0.636660158559956,0,NA,0.350076111776479,0,NA,0.113937815261413,0,NA,0.693629066190663,0,NA,0.640574052977333,0,NA,0.730593624576999,0.121255939526981,NA,0.730593624576999
"infill",24,6,"Gambia","women_iron","prev",2,"xgb","hapc","mean,lasso,enet,ridge,ranger,xgb,domain_index,domain_pc_ridge,domain_pc_enet,domain_pc1_ols,hapc,hapc_lasso,spatial_gam,spatial_plus_domain",0.272034860806388,NA,-0.646819917525168,0,NA,0.595652173913043,0,NA,0.728695652173913,0.0277505778698419,NA,0.807826086956522,0,NA,0.827826086956522,0.140907898845967,NA,0.825217391304348,0.012621053369698,NA,0.8,0,NA,0.797391304347826,0,NA,0.674782608695652,0.00366772090119025,NA,0.300869565217391,0,NA,0.832173913043478,0.543017888206915,NA,0.818260869565217,0,NA,0.815652173913043,0,NA,0.815652173913043
"infill",24,6,"Gambia","women_iron","prev",3,"hapc","hapc","mean,lasso,enet,ridge,ranger,xgb,domain_index,domain_pc_ridge,domain_pc_enet,domain_pc1_ols,hapc,hapc_lasso,spatial_gam,spatial_plus_domain",0,NA,-0.617041263570449,0,NA,0.496521739130435,0,NA,0.442608695652174,0.729237027405473,NA,0.724347826086956,0,NA,0.649565217391304,0,NA,0.545217391304348,0,NA,0.72,0,NA,0.620869565217391,0,NA,0.311304347826087,0,NA,0.434782608695652,0.193052628018951,NA,0.733043478260869,0,NA,0.66695652173913,0.0777103445755763,NA,0.721739130434783,0,NA,0.721739130434783
"infill",24,6,"Gambia","women_iron","prev",3,"ridge","spatial_gam","mean,lasso,enet,ridge,ranger,xgb,domain_index,domain_pc_ridge,domain_pc_enet,domain_pc1_ols,hapc,hapc_lasso,spatial_gam,spatial_plus_domain",0.459863890035227,NA,-0.453029402219419,0,NA,-0.290980905191062,0,NA,0.366601443760958,0,NA,0.693629066190663,0,NA,0.649271596127059,0,NA,0.513589922991331,0,NA,0.62796261541023,0,NA,0.642313561607278,0,NA,0.104370517796714,0.0113159445793936,NA,0.113502938103927,0.309144655350574,NA,0.608393143323346,0,NA,0.530115254975811,0.219675510034806,NA,0.764079165703445,0,NA,0.764079165703445
"infill",24,6,"Gambia","women_iron","prev",3,"domain_index","spatial_gam","mean,lasso,enet,ridge,ranger,xgb,domain_index,domain_pc_ridge,domain_pc_enet,domain_pc1_ols,hapc,hapc_lasso,spatial_gam,spatial_plus_domain",0,NA,-0.704888627352165,0,NA,0.229565217391304,0,NA,0.253913043478261,0.0323994360177615,NA,0.436521739130435,0,NA,0.563478260869565,0,NA,0.370434782608696,0.203351683783712,NA,0.658260869565217,0,NA,0.398260869565217,0,NA,0.048695652173913,0,NA,0.1,0.289902394892203,NA,0.617391304347826,0,NA,0.536521739130435,0,NA,0.736521739130435,0.474346485306323,NA,0.734782608695652
"infill",24,6,"Gambia","women_iron","prev",3,"xgb","ranger","mean,lasso,enet,ridge,ranger,xgb,domain_index,domain_pc_ridge,domain_pc_enet,domain_pc1_ols,hapc,hapc_lasso,spatial_gam,spatial_plus_domain",0.369343156206057,NA,-0.51543198164278,0,NA,0.522722343298543,0,NA,0.66101327937919,0,NA,0.747118956561479,0,NA,0.772341831695685,0.164267369098005,NA,0.767558182963335,0,NA,0.703196363655362,0,NA,0.740160922041698,0,NA,0.537508166653078,0.00519244513512345,NA,0.440095683376145,0,NA,0.74929334234891,0.461197029560815,NA,0.691454680403231,0,NA,0.743205062144102,0,NA,0.736681904781807
"infill",24,6,"Gambia","women_iron","prev",3,"hapc","xgb","mean,lasso,enet,ridge,ranger,xgb,domain_index,domain_pc_ridge,domain_pc_enet,domain_pc1_ols,hapc,hapc_lasso,spatial_gam,spatial_plus_domain",0,NA,-0.628119705043014,0,NA,0.703631240812848,0,NA,0.710589275332629,0,NA,0.723200712899732,0,NA,0.761469902758527,0.145811321416908,NA,0.772776708853171,0,NA,0.755381622553719,0,NA,0.729723870262026,0.185253895032356,NA,0.756251376868691,0.00556087273561013,NA,0.134811918820756,0.013644388476138,NA,0.764079165703445,0.565844568780443,NA,0.731898256049458,0.0838849535585448,NA,0.738421413411753,0,NA,0.738421413411753
"region",28,2,"Gambia","women_iron","prev",1,"hapc","spatial_plus_domain","mean,lasso,enet,ridge,ranger,xgb,domain_index,domain_pc_ridge,domain_pc_enet,domain_pc1_ols,hapc,hapc_lasso,spatial_gam,spatial_plus_domain",0,NA,-0.679296975162645,0,NA,0.428356374614941,0,NA,0.570138228960333,0.373987603701874,NA,0.713562344166869,0,NA,0.550704808770135,0.328587952454975,NA,0.549062547908991,0,NA,0.6612837067538,0,NA,0.342958809835476,0,NA,-0.14232927463244,0.000250199982002546,NA,0.0670589851633613,0.142298340288829,NA,0.721226228185539,0,NA,0.534829620445747,0.15487590357232,NA,0.719310257180872,0,NA,0.73244834407002
"region",26,4,"Gambia","women_iron","prev",1,"xgb","xgb","mean,lasso,enet,ridge,ranger,xgb,domain_index,domain_pc_ridge,domain_pc_enet,domain_pc1_ols,hapc,hapc_lasso,spatial_gam,spatial_plus_domain",0.0415356409793484,NA,-0.761752750906845,0.00583905266952498,NA,0.779278520536227,0,NA,0.787826990485066,0,NA,0.794665766444138,0,NA,0.767310662607851,0.516747166910373,NA,0.822362809078379,0,NA,0.778252704142366,0,NA,0.601470345600361,0,NA,0.561463506239791,0,NA,0.423320231866542,0,NA,0.792272194858463,0.435878139440754,NA,0.791246378464602,0,NA,0.77483331616283,0,NA,0.77483331616283
"region",22,8,"Gambia","women_iron","prev",1,"hapc","spatial_gam","mean,lasso,enet,ridge,ranger,xgb,domain_index,domain_pc_ridge,domain_pc_enet,domain_pc1_ols,hapc,hapc_lasso,spatial_gam,spatial_plus_domain",0.0702289676821452,NA,-0.763158270701012,0,NA,-0.12708275005492,0,NA,0.280146862343291,0,NA,0.577238091360571,0,NA,0.570460344690975,0.412567526801182,NA,0.663654361397916,0.0702929637536068,NA,0.599830580259223,0.25622057470934,NA,0.423044354627268,0,NA,0.332109586810191,0.00229822997652894,NA,0.224230452319126,0,NA,0.54673823134739,0,NA,0.364303883490771,0.188391737077197,NA,0.708274526972755,0,NA,0.708274526972755
"region",24,6,"Gambia","women_iron","prev",1,"ridge","ridge","mean,lasso,enet,ridge,ranger,xgb,domain_index,domain_pc_ridge,domain_pc_enet,domain_pc1_ols,hapc,hapc_lasso,spatial_gam,spatial_plus_domain",0.196500443849325,NA,-0.676566590253095,0,NA,0.466086956521739,0,NA,0.416521739130435,0.413731149856221,NA,0.766086956521739,0,NA,0.645217391304348,0,NA,0.592173913043478,0,NA,0.732173913043478,0,NA,0.720869565217391,0,NA,0.550434782608695,0.00334311621404568,NA,0.247826086956522,0.345869335006292,NA,0.722608695652174,0,NA,0.685217391304348,0.0405559550741163,NA,0.717391304347826,0,NA,0.717391304347826
"region",26,4,"Gambia","women_iron","prev",1,"hapc","hapc","mean,lasso,enet,ridge,ranger,xgb,domain_index,domain_pc_ridge,domain_pc_enet,domain_pc1_ols,hapc,hapc_lasso,spatial_gam,spatial_plus_domain",0,NA,-0.772313094034019,0.418007312445327,NA,0.695161576239644,0,NA,0.581979834117006,0,NA,0.691058310664201,0,NA,0.751239539104032,0.0128300780203449,NA,0.71191657733937,0,NA,0.730723211226817,0,NA,0.526243810050572,0,NA,0.25918960884882,0,NA,0.269789711585381,0.0114094302602646,NA,0.789536684474834,0.484018156638961,NA,0.630877082224369,0.0737350226351033,NA,0.73003933363091,0,NA,0.728671578439096
"region",24,6,"Gambia","women_iron","prev",1,"ridge","ridge","mean,lasso,enet,ridge,ranger,xgb,domain_index,domain_pc_ridge,domain_pc_enet,domain_pc1_ols,hapc,hapc_lasso,spatial_gam,spatial_plus_domain",0,NA,-0.556327965460104,0,NA,0.244347826086956,0,NA,0.160869565217391,0.838385916331259,NA,0.641739130434783,0.0836454804875523,NA,0.433043478260869,0,NA,0.418260869565217,0,NA,0.572173913043478,0,NA,0.513913043478261,0,NA,0.160904548269934,0.0027765423568499,NA,0.413043478260869,0,NA,0.599130434782609,0,NA,0.432173913043478,0,NA,0.618260869565217,0.0751920608243389,NA,0.610434782608696
"infill",24,6,"Gambia","women_iron","level",1,"hapc","domain_index","mean,lasso,enet,ridge,ranger,xgb,domain_index,domain_pc_ridge,domain_pc_enet,domain_pc1_ols,hapc,hapc_lasso,spatial_gam,spatial_plus_domain",0,NA,-0.534236070919877,0,NA,0.496074598853605,0,NA,0.563478260869565,0,NA,0.396521739130435,0,NA,0.497391304347826,0.185563912777,NA,0.553913043478261,0.342791143529307,NA,0.713043478260869,0,NA,0.621739130434782,0,NA,0.0704347826086957,0.0053129304236504,NA,0.000869565217391304,0,NA,0.651304347826087,0.464953779590109,NA,0.617391304347826,0.00137823367993337,NA,0.634782608695652,0,NA,0.633043478260869
"infill",24,6,"Gambia","women_iron","level",1,"xgb","domain_pc_enet","mean,lasso,enet,ridge,ranger,xgb,domain_index,domain_pc_ridge,domain_pc_enet,domain_pc1_ols,hapc,hapc_lasso,spatial_gam,spatial_plus_domain",0,NA,-0.268755185635499,0,NA,0.701739130434783,0,NA,0.754782608695652,0,NA,0.825217391304348,0,NA,0.828695652173913,0.542025180111044,NA,0.753043478260869,0.0929461605890817,NA,0.760869565217391,0,NA,0.775652173913043,0.239271186520578,NA,0.852173913043478,0.00230528097303838,NA,-0.0269565217391304,0,NA,0.808695652173913,0,NA,0.824347826086956,0,NA,0.786086956521739,0.123452191806259,NA,0.786086956521739
"infill",24,6,"Gambia","women_iron","level",1,"ridge","domain_index","mean,lasso,enet,ridge,ranger,xgb,domain_index,domain_pc_ridge,domain_pc_enet,domain_pc1_ols,hapc,hapc_lasso,spatial_gam,spatial_plus_domain",0.0392308914956598,NA,-0.692801033169655,0.209752663138235,NA,0.228695652173913,0,NA,0.320869565217391,0.28695716525506,NA,0.628695652173913,0,NA,0.547826086956522,0,NA,0.586086956521739,0.464059280111045,NA,0.714782608695652,0,NA,0.583478260869565,0,NA,-0.0331880893599243,0,NA,-0.0365217391304348,0,NA,0.614782608695652,0,NA,0.671304347826087,0,NA,0.637391304347826,0,NA,0.637391304347826
"infill",24,6,"Gambia","women_iron","level",1,"hapc","domain_index","mean,lasso,enet,ridge,ranger,xgb,domain_index,domain_pc_ridge,domain_pc_enet,domain_pc1_ols,hapc,hapc_lasso,spatial_gam,spatial_plus_domain",0,NA,-0.656626145334499,0,NA,-0.0713043478260869,0,NA,-0.10695652173913,0,NA,0.382608695652174,0,NA,0.606086956521739,0,NA,0.48,0.299656451760283,NA,0.735652173913043,0,NA,0.556521739130435,0,NA,0.502608695652174,0,NA,0.028695652173913,0.486711952349722,NA,0.727826086956522,0.213631595889995,NA,0.465217391304348,0,NA,0.624347826086956,0,NA,0.622608695652174
"infill",24,6,"Gambia","women_iron","level",1,"domain_pc_ridge","domain_index","mean,lasso,enet,ridge,ranger,xgb,domain_index,domain_pc_ridge,domain_pc_enet,domain_pc1_ols,hapc,hapc_lasso,spatial_gam,spatial_plus_domain",0,NA,-0.396980618365162,0,NA,0.229579584632449,0,NA,0.380869565217391,0,NA,0.611304347826087,0,NA,0.528695652173913,0,NA,0.283478260869565,0.334293294295421,NA,0.652173913043478,0.613043291227661,NA,0.494782608695652,0,NA,0.140612694393363,0,NA,0.482608695652174,0.0526634144769174,NA,0.576521739130435,0,NA,0.56695652173913,0,NA,0.598260869565217,0,NA,0.598260869565217
"infill",24,6,"Gambia","women_iron","level",2,"ridge","hapc_lasso","mean,lasso,enet,ridge,ranger,xgb,domain_index,domain_pc_ridge,domain_pc_enet,domain_pc1_ols,hapc,hapc_lasso,spatial_gam,spatial_plus_domain",0,NA,-0.50661085290734,0,NA,-0.18856272330744,0,NA,0.264347826086957,0,NA,0.582608695652174,0,NA,0.545217391304348,0,NA,0.48695652173913,0.246735711411258,NA,0.663478260869565,0,NA,0.568695652173913,0,NA,-0.004793039697565,0,NA,0.405217391304348,0,NA,0.582608695652174,0.753264288588742,NA,0.672173913043478,0,NA,0.619130434782609,0,NA,0.617391304347826
"infill",24,6,"Gambia","women_iron","level",2,"xgb","xgb","mean,lasso,enet,ridge,ranger,xgb,domain_index,domain_pc_ridge,domain_pc_enet,domain_pc1_ols,hapc,hapc_lasso,spatial_gam,spatial_plus_domain",0,NA,-0.48312630065022,0,NA,0.328695652173913,0,NA,0.125217391304348,0,NA,0.601739130434782,0,NA,0.697391304347826,0.820354370010344,NA,0.741739130434783,0,NA,0.719130434782609,0.178150809142656,NA,0.644347826086957,0,NA,0.230434782608696,0.0014948208470002,NA,0.0173913043478261,0,NA,0.706086956521739,0,NA,0.637391304347826,0,NA,0.635652173913043,0,NA,0.668695652173913
"infill",24,6,"Gambia","women_iron","level",2,"spatial_gam","spatial_gam","mean,lasso,enet,ridge,ranger,xgb,domain_index,domain_pc_ridge,domain_pc_enet,domain_pc1_ols,hapc,hapc_lasso,spatial_gam,spatial_plus_domain",0.164703065568132,NA,-0.560273395747371,0,NA,0.0652173913043478,0,NA,0.247826086956522,0,NA,0.624347826086956,0,NA,0.617391304347826,0,NA,0.633913043478261,0.350055104485424,NA,0.666086956521739,0,NA,0.607826086956522,0,NA,0.531304347826087,0,NA,-0.280869565217391,0,NA,0.683478260869565,0,NA,0.694782608695652,0,NA,0.753043478260869,0.485241829946444,NA,0.753043478260869
"infill",24,6,"Gambia","women_iron","level",2,"hapc","domain_index","mean,lasso,enet,ridge,ranger,xgb,domain_index,domain_pc_ridge,domain_pc_enet,domain_pc1_ols,hapc,hapc_lasso,spatial_gam,spatial_plus_domain",0,NA,-0.613598346012173,0,NA,0.0777299987640332,0,NA,-0.0515288755851456,0.487480314095666,NA,0.570434782608696,0,NA,0.538260869565217,0,NA,0.528695652173913,0.512519685904334,NA,0.674782608695652,0,NA,0.646086956521739,0,NA,0.00960707849892545,0,NA,-0.146086956521739,0,NA,0.649565217391304,0,NA,0.618260869565217,0,NA,0.643478260869565,0,NA,0.643478260869565
"infill",24,6,"Gambia","women_iron","level",2,"domain_index","domain_index","mean,lasso,enet,ridge,ranger,xgb,domain_index,domain_pc_ridge,domain_pc_enet,domain_pc1_ols,hapc,hapc_lasso,spatial_gam,spatial_plus_domain",0,NA,-0.622336025258214,0,NA,0.517391304347826,0,NA,0.525217391304348,0,NA,0.52695652173913,0,NA,0.690434782608696,0.253191493893721,NA,0.787826086956522,0.435925989576877,NA,0.809565217391304,0,NA,0.44,0,NA,0.450434782608696,0,NA,0.136521739130435,0,NA,0.742608695652174,0.310882516529402,NA,0.773913043478261,0,NA,0.706086956521739,0,NA,0.706086956521739
"infill",24,6,"Gambia","women_iron","level",3,"hapc","domain_index","mean,lasso,enet,ridge,ranger,xgb,domain_index,domain_pc_ridge,domain_pc_enet,domain_pc1_ols,hapc,hapc_lasso,spatial_gam,spatial_plus_domain",0,NA,-0.422326513250668,0,NA,0.200229310362005,0,NA,0.390434782608696,0,NA,0.510434782608696,0,NA,0.68695652173913,0,NA,0.624347826086956,0.190543012546824,NA,0.724347826086956,0,NA,0.464347826086956,0,NA,-0.190130024970939,0.0208871289829623,NA,0.447826086956522,0,NA,0.707826086956522,0.788569858470213,NA,0.618260869565217,0,NA,0.666086956521739,0,NA,0.666086956521739
"infill",24,6,"Gambia","women_iron","level",3,"hapc","ridge","mean,lasso,enet,ridge,ranger,xgb,domain_index,domain_pc_ridge,domain_pc_enet,domain_pc1_ols,hapc,hapc_lasso,spatial_gam,spatial_plus_domain",0.345519098569226,NA,-0.45515115640301,0,NA,0.117418566186062,0,NA,0.261739130434783,0,NA,0.723478260869565,0,NA,0.603478260869565,0,NA,0.423478260869565,0.392262063679011,NA,0.616521739130435,0,NA,0.506086956521739,0,NA,0.0210301909586976,0.0115087900063673,NA,-0.0339130434782609,0,NA,0.624347826086956,0,NA,0.615652173913043,0.250710047745396,NA,0.672173913043478,0,NA,0.672173913043478
"infill",24,6,"Gambia","women_iron","level",3,"domain_index","spatial_gam","mean,lasso,enet,ridge,ranger,xgb,domain_index,domain_pc_ridge,domain_pc_enet,domain_pc1_ols,hapc,hapc_lasso,spatial_gam,spatial_plus_domain",0,NA,-0.675035569177326,0,NA,0.384347826086956,0,NA,0.284347826086956,0,NA,0.18,0,NA,0.632173913043478,0,NA,0.555652173913043,0.438738441607939,NA,0.676521739130435,0,NA,0.497391304347826,0,NA,0.0642654438701494,0,NA,-0.0504347826086956,0.0305474218522024,NA,0.647826086956522,0.375419086583346,NA,0.0681229202651077,0,NA,0.720869565217391,0.155295049956512,NA,0.719130434782609
"infill",24,6,"Gambia","women_iron","level",3,"domain_pc_ridge","domain_pc_ridge","mean,lasso,enet,ridge,ranger,xgb,domain_index,domain_pc_ridge,domain_pc_enet,domain_pc1_ols,hapc,hapc_lasso,spatial_gam,spatial_plus_domain",0,NA,-0.456039256220382,0,NA,0.258260869565217,0,NA,0.566086956521739,0,NA,0.550434782608695,0,NA,0.636521739130435,0.00829776690582299,NA,0.682608695652174,0.451780357226373,NA,0.677391304347826,0,NA,0.741739130434783,0,NA,0.499130434782609,0.0129795533462194,NA,0.435652173913043,0,NA,0.689565217391304,0.526942322521584,NA,0.693913043478261,0,NA,0.627826086956522,0,NA,0.626086956521739
"infill",24,6,"Gambia","women_iron","level",3,"ridge","hapc","mean,lasso,enet,ridge,ranger,xgb,domain_index,domain_pc_ridge,domain_pc_enet,domain_pc1_ols,hapc,hapc_lasso,spatial_gam,spatial_plus_domain",0,NA,-0.630885304131963,0,NA,0.743478260869565,0,NA,0.46695652173913,0.17036296082454,NA,0.713913043478261,0,NA,0.739130434782609,0,NA,0.563478260869565,0.455468517814802,NA,0.744347826086956,0,NA,0.637391304347826,0,NA,0.408695652173913,0.00107464244166188,NA,0.243478260869565,0,NA,0.755652173913043,0.373093878918996,NA,0.705217391304348,0,NA,0.72,0,NA,0.72
"region",28,2,"Gambia","women_iron","level",1,"hapc","hapc","mean,lasso,enet,ridge,ranger,xgb,domain_index,domain_pc_ridge,domain_pc_enet,domain_pc1_ols,hapc,hapc_lasso,spatial_gam,spatial_plus_domain",0,NA,-0.629287288418537,0,NA,-0.0293486065233824,0,NA,-0.280201001356444,0,NA,0.403940886699507,0,NA,0.556650246305419,0,NA,0.506841817186645,0,NA,0.661193212917351,0,NA,-0.203065134099617,0,NA,-0.37045693894609,2.63524390546573e-05,NA,0.00218938149972633,0.809155869120118,NA,0.683087027914614,0.190817778440827,NA,0.564313081554461,0,NA,0.633825944170772,0,NA,0.633825944170772
"region",26,4,"Gambia","women_iron","level",1,"xgb","xgb","mean,lasso,enet,ridge,ranger,xgb,domain_index,domain_pc_ridge,domain_pc_enet,domain_pc1_ols,hapc,hapc_lasso,spatial_gam,spatial_plus_domain",0,NA,-0.72501959463861,0,NA,0.068034188034188,0,NA,0.550769230769231,0,NA,0.583589743589744,0,NA,0.599316239316239,0.599835222688934,NA,0.782564102564102,0.220872358248404,NA,0.77982905982906,0,NA,0.393504273504273,0,NA,-0.107885191540273,0,NA,0.275213675213675,0,NA,0.764102564102564,0.179292419062662,NA,0.72991452991453,0,NA,0.706666666666667,0,NA,0.705982905982906
"region",22,8,"Gambia","women_iron","level",1,"hapc","domain_index","mean,lasso,enet,ridge,ranger,xgb,domain_index,domain_pc_ridge,domain_pc_enet,domain_pc1_ols,hapc,hapc_lasso,spatial_gam,spatial_plus_domain",0.163891650634541,NA,-0.65742941730286,0,NA,-0.390175042348955,0,NA,-0.269980242338897,0,NA,0.399209486166008,0,NA,0.460191981931112,0,NA,0.340485601355167,0.140627604570944,NA,0.594579333709768,0,NA,0.27046866177301,0,NA,-0.225845293704174,0.00228435009375155,NA,-0.0920383963862225,0,NA,0.419536984754376,0.545135330091512,NA,0.250141163184641,0.148061064609252,NA,0.594579333709768,0,NA,0.594579333709768
"region",24,6,"Gambia","women_iron","level",1,"ridge","ridge","mean,lasso,enet,ridge,ranger,xgb,domain_index,domain_pc_ridge,domain_pc_enet,domain_pc1_ols,hapc,hapc_lasso,spatial_gam,spatial_plus_domain",0,NA,-0.655928617340865,0,NA,0.186086956521739,0,NA,0.38695652173913,0.46432155606966,NA,0.8,0,NA,0.661739130434783,0,NA,0.597391304347826,0.229342517463775,NA,0.712173913043478,0,NA,0.692173913043478,0,NA,-0.0992199999079304,0.00309577530134622,NA,0.220869565217391,0.303240151165219,NA,0.726086956521739,0,NA,0.698260869565217,0,NA,0.651304347826087,0,NA,0.651304347826087
"region",26,4,"Gambia","women_iron","level",1,"hapc","domain_index","mean,lasso,enet,ridge,ranger,xgb,domain_index,domain_pc_ridge,domain_pc_enet,domain_pc1_ols,hapc,hapc_lasso,spatial_gam,spatial_plus_domain",0,NA,-0.751063987844075,0,NA,0.0851282051282051,0,NA,-0.0909557202556544,0,NA,0.656752136752137,0,NA,0.693675213675214,0.165216165386457,NA,0.622564102564103,0.444074822718224,NA,0.723076923076923,0,NA,0.616410256410256,0,NA,-0.176224042773178,0,NA,0.171282051282051,0,NA,0.708717948717949,0.255718544501444,NA,0.354529914529914,0.134990467393874,NA,0.68957264957265,0,NA,0.68957264957265
"region",24,6,"Gambia","women_iron","level",1,"hapc","xgb","mean,lasso,enet,ridge,ranger,xgb,domain_index,domain_pc_ridge,domain_pc_enet,domain_pc1_ols,hapc,hapc_lasso,spatial_gam,spatial_plus_domain",0,NA,-0.54286841790865,0,NA,0.0817391304347826,0,NA,0.188695652173913,0,NA,0.673913043478261,0,NA,0.600869565217391,0.72410699440803,NA,0.766086956521739,0.273216908954054,NA,0.636521739130435,0,NA,0.642608695652174,0,NA,0.0630571878355148,0.00267609663791557,NA,0.256521739130435,0,NA,0.673043478260869,0,NA,0.562608695652174,0,NA,0.575652173913043,0,NA,0.579130434782609
