"country","outcome","target","estimand","arm","rep","n_areas","n","spearman","pearson","mae","wmae","bias","rmse_sd","topk"
"Gambia","child_vitA","prev","infill","domain_index",1,30,30,0.640312201026036,0.624146014618527,10.26792409894,8.90744425647054,1.19167575928459,0.959401136782253,0.75
"Gambia","child_vitA","prev","infill","sl_disc",1,30,30,0.694655219130507,0.643882586470909,8.49387127325273,6.86144886574567,-4.31685125950619,0.842021734841881,0.75
"Gambia","child_vitA","prev","infill","sl_nnls",1,30,30,0.608240911652906,0.607407732109219,8.46505878046241,6.80374030150966,-3.90446767191882,0.836939803752354,0.625
"Gambia","child_vitA","prev","infill","sl_rank_disc",1,30,30,0.636303289854395,0.629263936016201,9.91526681201169,8.48279527473672,0.943915851807465,0.937303773274955,0.75
"Gambia","child_vitA","prev","infill","sl_rank_nnls",1,30,30,0.553452458973809,0.494750899755233,10.616805558387,9.5016220638698,-0.28756335227102,1.13356140617775,0.625
"Gambia","child_vitA","prev","infill","sl_lrn_mean",1,30,30,-0.151304251720263,-0.154711447609166,10.5347296248448,9.43011879851985,-4.03841709045828,1.0459091414973,0.125
"Gambia","child_vitA","prev","infill","sl_lrn_lasso",1,30,30,0.509354436085755,0.530081194950786,9.10115745668445,7.3182171248354,-3.43465878317065,0.876774834300437,0.375
"Gambia","child_vitA","prev","infill","sl_lrn_enet",1,30,30,0.539421269873064,0.491080913006612,9.48783161168486,8.07634370286433,-3.756617007136,0.91484564999992,0.5
"Gambia","child_vitA","prev","infill","sl_lrn_ridge",1,30,30,0.583519292761118,0.566789560942225,9.01631039321001,7.54736859935,-3.41971425365287,0.862434190098808,0.625
"Gambia","child_vitA","prev","infill","sl_lrn_ranger",1,30,30,0.616926885858129,0.574088967168414,8.65778778994978,6.81511494999115,-3.92996324097447,0.861159479432258,0.75
"Gambia","child_vitA","prev","infill","sl_lrn_xgb",1,30,30,0.51559052013053,0.485559146717593,9.45755215801124,7.18499233088754,-4.48541963940804,0.95464920013514,0.375
"Gambia","child_vitA","prev","infill","sl_lrn_domain_index",1,30,30,0.636303289854395,0.629263936016201,9.91526681201169,8.48279527473672,0.943915851807465,0.937303773274955,0.75
"Gambia","child_vitA","prev","infill","sl_lrn_domain_pc_ridge",1,30,30,0.590868963242461,0.555155790048222,9.42777166619276,7.81438522708184,-3.54704082132771,0.890699758023046,0.625
"Gambia","child_vitA","prev","infill","sl_lrn_domain_pc_enet",1,30,30,0.612695257399174,0.529368553771983,9.25488609358072,7.76183042994013,-3.70819014987045,0.899057779920277,0.5
"Gambia","child_vitA","prev","infill","sl_lrn_domain_pc1_ols",1,30,30,0.280846499302202,0.527639169484832,22.209945610089,25.3223205943678,5.09075155724266,2.34707294500899,0.5
"Gambia","child_vitA","prev","infill","sl_lrn_hapc",1,30,30,0.513363347257396,0.427806678640668,9.52804398971424,6.76824930759737,-3.27438638083894,0.997850070836461,0.5
"Gambia","child_vitA","prev","infill","sl_lrn_hapc_lasso",1,30,30,0.651225348104393,0.602586749648545,8.8865570222435,7.65136486283752,-4.61630037447185,0.878573535443895,0.625
"Gambia","child_vitA","prev","infill","sl_lrn_spatial_gam",1,30,30,0.596214178137982,0.586076897179923,9.1518507954903,7.34556260022025,-2.7791959935065,0.87086377916476,0.5
"Gambia","child_vitA","prev","infill","sl_lrn_spatial_plus_domain",1,30,30,0.596214178137982,0.586076897179615,9.15185079548633,7.34556260020495,-2.77919599351353,0.870863779165017,0.5
"Gambia","child_vitA","prev","infill","domain_index",2,30,30,0.595991460850669,0.553046636819431,11.1817543940059,9.73774775620796,1.66363574410035,1.09601738658648,0.625
"Gambia","child_vitA","prev","infill","sl_disc",2,30,30,0.633853399693948,0.640302335666488,8.4524324244003,7.08092107066933,-2.93943295108336,0.788599465978998,0.625
"Gambia","child_vitA","prev","infill","sl_nnls",2,30,30,0.571492559246194,0.511135441931312,9.21851685482906,7.212252277289,-1.85404447822614,0.901900138696537,0.625
"Gambia","child_vitA","prev","infill","sl_rank_disc",2,30,30,0.595546026276042,0.557960309517058,10.8492806858855,9.44572073199757,1.45441349668709,1.0674135958802,0.625
"Gambia","child_vitA","prev","infill","sl_rank_nnls",2,30,30,0.572383428395448,0.622948979889991,11.0711195511015,10.0624011169432,1.13233695036025,1.16267671853491,0.625
"Gambia","child_vitA","prev","infill","sl_lrn_mean",2,30,30,-0.201739002293684,-0.193992493011024,10.7339579409297,9.52130977881212,-4.02552888371494,1.04598117651988,0.375
"Gambia","child_vitA","prev","infill","sl_lrn_lasso",2,30,30,0.54812958628711,0.503545006896257,9.35888740796791,7.91183264189351,-2.26612328162725,0.875386094875996,0.625
"Gambia","child_vitA","prev","infill","sl_lrn_enet",2,30,30,0.481960209746206,0.476086364245529,9.32595101410382,7.55507704524525,-3.18088975510751,0.89889595198639,0.625
"Gambia","child_vitA","prev","infill","sl_lrn_ridge",2,30,30,0.578619512440223,0.484855771321316,9.15585376617788,6.8717050290662,-3.93594917191586,0.91490137379264,0.625
"Gambia","child_vitA","prev","infill","sl_lrn_ranger",2,30,30,0.569710820947687,0.546301667498254,8.48004264592093,6.32625866827243,-3.27756762600022,0.861893553413013,0.5
"Gambia","child_vitA","prev","infill","sl_lrn_xgb",2,30,30,0.363029178320848,0.284323693831512,11.3260535360986,9.03340872670602,-2.96124515289147,1.11250891912258,0.375
"Gambia","child_vitA","prev","infill","sl_lrn_domain_index",2,30,30,0.595546026276042,0.557960309517058,10.8492806858855,9.44572073199757,1.45441349668709,1.0674135958802,0.625
"Gambia","child_vitA","prev","infill","sl_lrn_domain_pc_ridge",2,30,30,0.512695195395456,0.490888488875062,9.59280961878301,7.84093146880152,-3.31664458820232,0.902832830640973,0.625
"Gambia","child_vitA","prev","infill","sl_lrn_domain_pc_enet",2,30,30,0.478816850513501,0.469558848125328,9.84472736435649,8.47680153966207,-3.74780114556717,0.925940439352717,0.625
"Gambia","child_vitA","prev","infill","sl_lrn_domain_pc1_ols",2,30,30,0.260579226156683,0.293969298511139,25.0172782827916,29.4613062255823,7.99381201686511,2.72429903094166,0.5
"Gambia","child_vitA","prev","infill","sl_lrn_hapc",2,30,30,0.424053715044721,0.337771299146931,10.6051889797622,7.67440402256237,-1.66427593050423,1.09964142602036,0.375
"Gambia","child_vitA","prev","infill","sl_lrn_hapc_lasso",2,30,30,0.666147406354391,0.6259619796304,8.55396140873756,7.29098585390977,-4.33123039626553,0.845951111134223,0.5
"Gambia","child_vitA","prev","infill","sl_lrn_spatial_gam",2,30,30,0.552338872537242,0.532318386279604,9.12605701135307,6.99870926213624,-1.90000429798995,0.90907933636541,0.625
"Gambia","child_vitA","prev","infill","sl_lrn_spatial_plus_domain",2,30,30,0.552338872537242,0.532318386279766,9.12605701134681,6.9987092621312,-1.90000429797635,0.909079336365224,0.625
"Gambia","child_vitA","prev","infill","domain_index",3,30,30,0.58953265951858,0.564461156204335,10.1210154961491,9.01342525782194,-0.190613138690804,0.971789106599692,0.5
"Gambia","child_vitA","prev","infill","sl_disc",3,30,30,0.529398991943961,0.580021539629714,8.90335193016634,7.07674508203837,-3.1637826216216,0.862583809326951,0.5
"Gambia","child_vitA","prev","infill","sl_nnls",3,30,30,0.51559052013053,0.528664684638446,9.17835052308695,7.39632114813952,-3.60650041670819,0.888756590024894,0.625
"Gambia","child_vitA","prev","infill","sl_rank_disc",3,30,30,0.596882329999922,0.576181391165972,10.313121894709,9.37328349054119,0.26971687201073,0.979076958053202,0.625
"Gambia","child_vitA","prev","infill","sl_rank_nnls",3,30,30,0.51559052013053,0.56642057528551,9.47905352311912,7.78725046293465,-0.739846499992763,0.90262330366107,0.625
"Gambia","child_vitA","prev","infill","sl_lrn_mean",3,30,30,-0.5234309248701,-0.509809863380226,11.0535723180954,9.73193555909844,-3.99892691975002,1.08392679676277,0.125
"Gambia","child_vitA","prev","infill","sl_lrn_lasso",3,30,30,0.404900028335768,0.458262373805003,9.94522996912447,7.9711084279111,-2.03255319499227,0.898234940183143,0.375
"Gambia","child_vitA","prev","infill","sl_lrn_enet",3,30,30,0.318950379293723,0.384405094217286,10.2738061610472,8.41797207414734,-2.93634695594639,0.935939136971526,0.25
"Gambia","child_vitA","prev","infill","sl_lrn_ridge",3,30,30,0.527171819070827,0.489617804299455,9.39704761762415,7.62149055003564,-3.54323648743176,0.901404774034227,0.5
"Gambia","child_vitA","prev","infill","sl_lrn_ranger",3,30,30,0.514699650981276,0.451759065960051,9.24089171545232,7.49374722099397,-3.91395013362655,0.92951908501784,0.5
"Gambia","child_vitA","prev","infill","sl_lrn_xgb",3,30,30,0.324053653041003,0.30724971299328,11.1766079030633,8.94153779919584,-4.06754477228654,1.04258560825746,0.375
"Gambia","child_vitA","prev","infill","sl_lrn_domain_index",3,30,30,0.596882329999922,0.576181391165972,10.313121894709,9.37328349054119,0.26971687201073,0.979076958053202,0.625
"Gambia","child_vitA","prev","infill","sl_lrn_domain_pc_ridge",3,30,30,0.417372196425319,0.33960700109028,10.3283183597641,8.75465606982534,-3.77696452949364,0.969852727764464,0.5
"Gambia","child_vitA","prev","infill","sl_lrn_domain_pc_enet",3,30,30,0.472606083679043,0.496422193364386,9.70267474760156,7.65882271983913,-3.26440921011443,0.910270692530816,0.625
"Gambia","child_vitA","prev","infill","sl_lrn_domain_pc1_ols",3,30,30,0.0824053963059594,0.203638321528237,24.3708215332956,26.734085025571,7.49480574251177,2.50142710287674,0.375
"Gambia","child_vitA","prev","infill","sl_lrn_hapc",3,30,30,0.475724125701431,0.420853175172539,9.30273359642946,7.24764824391558,-2.89841854791393,0.988695175722772,0.5
"Gambia","child_vitA","prev","infill","sl_lrn_hapc_lasso",3,30,30,0.555234197272316,0.4456501893094,9.44076565060794,8.15924223059218,-5.38197220338574,0.974158583091211,0.625
"Gambia","child_vitA","prev","infill","sl_lrn_spatial_gam",3,30,30,0.529398991943961,0.580021539629714,8.90335193016634,7.07674508203837,-3.1637826216216,0.862583809326951,0.5
"Gambia","child_vitA","prev","infill","sl_lrn_spatial_plus_domain",3,30,30,0.529398991943961,0.580021539628501,8.90335193017957,7.07674508205088,-3.16378262162495,0.862583809328161,0.5
"Gambia","child_vitA","prev","region","domain_index",1,30,30,0.656347845712601,0.621695173659194,9.63247338897567,8.72509449640276,1.24123084148788,0.885881932627892,0.5
"Gambia","child_vitA","prev","region","sl_disc",1,30,30,0.319930133701517,0.264548235283104,11.6143369555408,10.6528709710389,-6.82879580511678,1.08534307785147,0.375
"Gambia","child_vitA","prev","region","sl_nnls",1,30,30,0.566370061637986,0.528121626228082,10.2162058183832,9.0360342471627,-6.14584768014118,0.960233687979198,0.625
"Gambia","child_vitA","prev","region","sl_rank_disc",1,30,30,0.675501532421554,0.631099655684423,9.46517285348751,8.47686951347615,1.25886373917238,0.877673447398343,0.625
"Gambia","child_vitA","prev","region","sl_rank_nnls",1,30,30,0.649220892518572,0.60086582371848,9.26802060417537,7.94696906497778,1.08971647001184,0.866969376546152,0.625
"Gambia","child_vitA","prev","region","sl_lrn_mean",1,30,30,-0.711993280617575,-0.670574685988155,11.8569274270765,10.7397943784154,-4.25627609910303,1.14543912063938,0
"Gambia","child_vitA","prev","region","sl_lrn_lasso",1,30,30,-0.0530593897073492,0.35511293935922,10.4756610015936,9.25572174362741,-2.8790606671214,0.985006018288552,0.25
"Gambia","child_vitA","prev","region","sl_lrn_enet",1,30,30,-0.119821900574611,-0.0924973306575841,11.5067584385067,9.39663025559847,-2.71070727230978,1.11428447319335,0.25
"Gambia","child_vitA","prev","region","sl_lrn_ridge",1,30,30,-0.0979956064178977,0.128142160157814,10.9873633897675,8.89759477816495,-4.3424387271741,1.04123921515261,0.25
"Gambia","child_vitA","prev","region","sl_lrn_ranger",1,30,30,0.517149541141724,0.442495312240149,10.0996528175147,8.34625474888059,-5.09010135577329,0.975242431110966,0.5
"Gambia","child_vitA","prev","region","sl_lrn_xgb",1,30,30,0.089309632212675,0.141512044820217,12.2984896274237,10.6995937257547,-4.97878675645681,1.15747915591557,0.25
"Gambia","child_vitA","prev","region","sl_lrn_domain_index",1,30,30,0.675501532421554,0.631099655684423,9.46517285348751,8.47686951347615,1.25886373917238,0.877673447398343,0.625
"Gambia","child_vitA","prev","region","sl_lrn_domain_pc_ridge",1,30,30,-0.0385300907052189,0.00908715697712252,11.1209195434723,8.913582659786,-3.72624960602555,1.04802099554658,0.25
"Gambia","child_vitA","prev","region","sl_lrn_domain_pc_enet",1,30,30,-0.0175946656977589,0.0880401703822214,10.6344297647273,8.65346202685482,-3.62528868716338,1.02634221147842,0.375
"Gambia","child_vitA","prev","region","sl_lrn_domain_pc1_ols",1,30,30,0.439421207869346,0.386891896697167,40.5038640893505,41.5554400379083,29.8151017356693,3.85624939351756,0.75
"Gambia","child_vitA","prev","region","sl_lrn_hapc",1,30,30,0.312249636813392,0.273287576035977,10.1560827386636,8.45397727130018,-2.96052593865152,0.995419966409387,0.5
"Gambia","child_vitA","prev","region","sl_lrn_hapc_lasso",1,30,30,0.602450262182758,0.463079348393966,9.53080951996833,8.22722320999982,-3.22748854798642,0.906531295679695,0.5
"Gambia","child_vitA","prev","region","sl_lrn_spatial_gam",1,30,30,0.559243108443957,0.580544871790172,9.54557950460961,8.14359187360019,-3.69721271524315,0.890619846242709,0.5
"Gambia","child_vitA","prev","region","sl_lrn_spatial_plus_domain",1,30,30,0.559243108443957,0.580544871790799,9.5455795046119,8.14359187360655,-3.69721271525496,0.890619846242705,0.5
"Gambia","child_vitA","level","infill","domain_index",1,30,30,0.714349276974416,0.674465159019536,0.0669389525799022,0.0668689279493209,0.000441164156311054,0.773599823290715,0.5
"Gambia","child_vitA","level","infill","sl_disc",1,30,30,0.6293659621802,0.615475612018139,0.0603650838607595,0.0537519714971701,-0.00238145541714698,0.780316727324616,0.5
"Gambia","child_vitA","level","infill","sl_nnls",1,30,30,0.685428253615128,0.679921195543153,0.0579388747530749,0.0481584967832272,9.92763785842886e-05,0.721631298161596,0.625
"Gambia","child_vitA","level","infill","sl_rank_disc",1,30,30,0.663181312569522,0.685791869604029,0.0573063887042372,0.0466518496004187,-0.00338151542226607,0.728965679968802,0.5
"Gambia","child_vitA","level","infill","sl_rank_nnls",1,30,30,0.629810901001112,0.659367040836702,0.0584482499390227,0.0461542377981436,-0.0070027665956707,0.751233975571075,0.375
"Gambia","child_vitA","level","infill","sl_lrn_mean",1,30,30,-0.269593687604134,-0.262948794586161,0.0884382908420006,0.0828032272777554,-0.0145890829202476,1.01683832456081,0.125
"Gambia","child_vitA","level","infill","sl_lrn_lasso",1,30,30,0.596440489432703,0.597899349069169,0.0617000563049826,0.0478846364764347,-0.0024775598786961,0.792064493903251,0.375
"Gambia","child_vitA","level","infill","sl_lrn_enet",1,30,30,0.625806451612903,0.632584979202155,0.0618891580877088,0.049424607740766,-0.00413853659586977,0.777061924628382,0.5
"Gambia","child_vitA","level","infill","sl_lrn_ridge",1,30,30,0.700111234705228,0.666350250596853,0.0583154195436674,0.0429484597225683,-0.00265545849128731,0.756922158032844,0.625
"Gambia","child_vitA","level","infill","sl_lrn_ranger",1,30,30,0.663181312569522,0.668770935145783,0.0583741811535674,0.0485319641544369,8.1372281142557e-05,0.73578156304823,0.5
"Gambia","child_vitA","level","infill","sl_lrn_xgb",1,30,30,0.632925472747497,0.610663043532003,0.0651165958294689,0.0554419215785502,0.00230176152285616,0.80007874667296,0.625
"Gambia","child_vitA","level","infill","sl_lrn_domain_index",1,30,30,0.721913236929922,0.673714095715943,0.066018901892391,0.065234833347474,0.000760653597550996,0.768131072319132,0.5
"Gambia","child_vitA","level","infill","sl_lrn_domain_pc_ridge",1,30,30,0.644938820912125,0.585718684803351,0.0644077103619354,0.0510944986903993,-0.00151979973401237,0.824259701089013,0.5
"Gambia","child_vitA","level","infill","sl_lrn_domain_pc_enet",1,30,30,0.681868743047831,0.642020978616101,0.0601298254683815,0.0458527097017411,-0.00332291749772457,0.768092278008328,0.5
"Gambia","child_vitA","level","infill","sl_lrn_domain_pc1_ols",1,30,30,-0.028698553948832,0.144504657598249,0.395680462002145,0.691637548760627,-0.124733656578125,5.84780066676092,0.25
"Gambia","child_vitA","level","infill","sl_lrn_hapc",1,30,30,0.621802002224694,0.60608712315014,0.0632143435865989,0.0530958370535143,-0.00217223215845586,0.790584053754847,0.5
"Gambia","child_vitA","level","infill","sl_lrn_hapc_lasso",1,30,30,0.698331479421579,0.669146353986925,0.0590727680580881,0.0510504476436679,0.00362151386692725,0.739485723704054,0.5
"Gambia","child_vitA","level","infill","sl_lrn_spatial_gam",1,30,30,0.664516129032258,0.682388012682176,0.0632316113930345,0.0586989944774699,0.00146024202276097,0.731956071844617,0.625
"Gambia","child_vitA","level","infill","sl_lrn_spatial_plus_domain",1,30,30,0.664516129032258,0.682388012682227,0.0632316113930285,0.0586989944774617,0.00146024202272934,0.731956071844566,0.625
"Gambia","child_vitA","level","infill","domain_index",2,30,30,0.720578420467186,0.680949538255742,0.067458562307531,0.0696994452481536,-0.000432267139095625,0.774179897993666,0.5
"Gambia","child_vitA","level","infill","sl_disc",2,30,30,0.644938820912125,0.616857744871681,0.067467572622285,0.0705807926317424,0.00408720097037437,0.811207651610584,0.375
"Gambia","child_vitA","level","infill","sl_nnls",2,30,30,0.702335928809789,0.675476560638538,0.0602818766350218,0.0523643152672974,0.00128669019503262,0.726737087303339,0.625
"Gambia","child_vitA","level","infill","sl_rank_disc",2,30,30,0.685428253615128,0.652511945833458,0.0565534557523901,0.0466868012370435,-0.00276698427954095,0.746403218762667,0.5
"Gambia","child_vitA","level","infill","sl_rank_nnls",2,30,30,0.663626251390434,0.647760463215117,0.0591617627454745,0.0537190440667647,-0.00222386024374326,0.749463759761036,0.5
"Gambia","child_vitA","level","infill","sl_lrn_mean",2,30,30,-0.0435706969865267,-0.112549823525126,0.088486857275003,0.0835508636460682,-0.0145122347815921,1.00450084673723,0.25
"Gambia","child_vitA","level","infill","sl_lrn_lasso",2,30,30,0.692547274749722,0.681151439833889,0.0627093415134119,0.049405352312246,-0.00286178138307217,0.773415064076498,0.375
"Gambia","child_vitA","level","infill","sl_lrn_enet",2,30,30,0.645383759733037,0.632666769650414,0.0606935328904028,0.0489493059644257,-0.0016361100523458,0.773112493047159,0.375
"Gambia","child_vitA","level","infill","sl_lrn_ridge",2,30,30,0.678754171301446,0.639561918716268,0.059446054207649,0.0455153336648535,-0.00447010708744637,0.781826255543464,0.375
"Gambia","child_vitA","level","infill","sl_lrn_ranger",2,30,30,0.657842046718576,0.661408879919709,0.0596936096648267,0.0499684955315678,0.00118203211570781,0.742253690633049,0.375
"Gambia","child_vitA","level","infill","sl_lrn_xgb",2,30,30,0.686763070077864,0.662948451172037,0.0654518157741056,0.0527462087917519,0.00991898315582852,0.747846399467756,0.25
"Gambia","child_vitA","level","infill","sl_lrn_domain_index",2,30,30,0.717018909899889,0.677411492041488,0.0671200348765006,0.0692169554042915,0.000223179768199892,0.77238032793998,0.5
"Gambia","child_vitA","level","infill","sl_lrn_domain_pc_ridge",2,30,30,0.644493882091212,0.596640903823902,0.0635437627884458,0.0500287950130804,-0.00126493894040002,0.815314605135049,0.625
"Gambia","child_vitA","level","infill","sl_lrn_domain_pc_enet",2,30,30,0.645828698553949,0.630933274601356,0.0651554601792132,0.0567484458826683,-0.00124029755668193,0.793685505904808,0.375
"Gambia","child_vitA","level","infill","sl_lrn_domain_pc1_ols",2,30,30,0.311679644048943,0.315596996497435,0.233954107416739,0.302080711258314,-0.00224781631179284,3.15272503350348,0.25
"Gambia","child_vitA","level","infill","sl_lrn_hapc",2,30,30,0.639154616240267,0.588720767399171,0.0673935035126852,0.0552953243804984,0.00258064127689452,0.819816006853735,0.375
"Gambia","child_vitA","level","infill","sl_lrn_hapc_lasso",2,30,30,0.704560622914349,0.707789384013208,0.056625872886735,0.0455400564745496,-0.000551483530812738,0.710561042723293,0.5
"Gambia","child_vitA","level","infill","sl_lrn_spatial_gam",2,30,30,0.711234705228031,0.684228846451997,0.0614614589664504,0.0564275586978319,0.00338078642745496,0.725155973636219,0.625
"Gambia","child_vitA","level","infill","sl_lrn_spatial_plus_domain",2,30,30,0.711234705228031,0.684228846451846,0.0614614589664432,0.056427558697825,0.00338078642740596,0.725155973636346,0.625
"Gambia","child_vitA","level","infill","domain_index",3,30,30,0.656062291434928,0.606922904288602,0.0697594392229162,0.0668284145508077,-0.0031818425561803,0.826268779778372,0.375
"Gambia","child_vitA","level","infill","sl_disc",3,30,30,0.65650723025584,0.652112208211223,0.0614910412866001,0.053436803147112,-0.00396089243922561,0.747735623995072,0.5
"Gambia","child_vitA","level","infill","sl_nnls",3,30,30,0.671635150166852,0.646156152968156,0.0642497860061719,0.0608390887386966,-0.00411667533996579,0.754446831056428,0.5
"Gambia","child_vitA","level","infill","sl_rank_disc",3,30,30,0.658286985539488,0.623492332807509,0.06405015623506,0.0522649393164251,-0.00127292774709653,0.769985875721179,0.625
"Gambia","child_vitA","level","infill","sl_rank_nnls",3,30,30,0.6587319243604,0.600648414750241,0.0661969030089199,0.0542182932727104,-0.00350321893616059,0.786976099009984,0.5
"Gambia","child_vitA","level","infill","sl_lrn_mean",3,30,30,-0.411198452810346,-0.505903310300604,0.0928391660100985,0.087006400813186,-0.0144753962356815,1.0520312176937,0.125
"Gambia","child_vitA","level","infill","sl_lrn_lasso",3,30,30,0.539488320355951,0.567657886231488,0.0693772225768009,0.0573374343790915,-0.00375549742066411,0.820474689177087,0.5
"Gambia","child_vitA","level","infill","sl_lrn_enet",3,30,30,0.565294771968854,0.561685486211959,0.066917851147758,0.0526482102488295,-0.00604966268874454,0.821636611866445,0.625
"Gambia","child_vitA","level","infill","sl_lrn_ridge",3,30,30,0.645383759733037,0.599727958701456,0.0632175957596185,0.0469375697175605,-0.00386008119704559,0.793160829305239,0.625
"Gambia","child_vitA","level","infill","sl_lrn_ranger",3,30,30,0.586206896551724,0.583231214731649,0.0639909813963383,0.0508775498785138,0.00102686689538017,0.799835056124548,0.375
"Gambia","child_vitA","level","infill","sl_lrn_xgb",3,30,30,0.705450500556174,0.678670647929685,0.0602908402101912,0.0491674048990278,-0.00334780862775514,0.722831439403836,0.375
"Gambia","child_vitA","level","infill","sl_lrn_domain_index",3,30,30,0.6587319243604,0.619232479609276,0.06930776657948,0.0670750532002831,-0.00175250729205926,0.815762291665973,0.375
"Gambia","child_vitA","level","infill","sl_lrn_domain_pc_ridge",3,30,30,0.553281423804227,0.513869400612625,0.0697381981954163,0.055697477916212,-0.000468241249679632,0.855705967672416,0.5
"Gambia","child_vitA","level","infill","sl_lrn_domain_pc_enet",3,30,30,0.506117908787542,0.392458734961114,0.0746720666397547,0.0625984665493082,-0.00369886786256116,0.908068460337557,0.5
"Gambia","child_vitA","level","infill","sl_lrn_domain_pc1_ols",3,30,30,0.170189098998888,0.182098325691267,0.392491238996096,0.512984557233476,-0.018232815774682,5.3427433580837,0.375
"Gambia","child_vitA","level","infill","sl_lrn_hapc",3,30,30,0.616907675194661,0.540389323824639,0.0685601224470736,0.0571927308129445,-0.000666727237539122,0.837004571532086,0.5
"Gambia","child_vitA","level","infill","sl_lrn_hapc_lasso",3,30,30,0.667630700778643,0.596886601916614,0.0639072153530099,0.0517616810509368,-0.000473581867919426,0.795752170859522,0.375
"Gambia","child_vitA","level","infill","sl_lrn_spatial_gam",3,30,30,0.684538375973304,0.684037353609401,0.061972359267375,0.0558525903401043,-0.000483589777114227,0.720215982689129,0.625
"Gambia","child_vitA","level","infill","sl_lrn_spatial_plus_domain",3,30,30,0.684538375973304,0.684037353608962,0.0619723592674304,0.0558525903401728,-0.000483589777170615,0.720215982689596,0.625
"Gambia","child_vitA","level","region","domain_index",1,30,30,0.728587319243604,0.61720272910888,0.0683007897305229,0.0639059621403521,0.00785904926634736,0.803650586737107,0.5
"Gambia","child_vitA","level","region","sl_disc",1,30,30,0.693437152391546,0.69890952681355,0.0645915308154857,0.0657075102919772,0.0039972841097271,0.725644086170342,0.625
"Gambia","child_vitA","level","region","sl_nnls",1,30,30,0.731701890989989,0.741250508896612,0.0574762690405706,0.0510509996057958,0.00434364400009719,0.664771568368441,0.625
"Gambia","child_vitA","level","region","sl_rank_disc",1,30,30,0.710789766407119,0.710919068031201,0.0558565625453019,0.0421127283635826,0.00283474915075877,0.712764930866586,0.5
"Gambia","child_vitA","level","region","sl_rank_nnls",1,30,30,0.733481646273637,0.708312297747791,0.0600234645065978,0.0490773461846053,0.00287100490630045,0.745579367156069,0.5
"Gambia","child_vitA","level","region","sl_lrn_mean",1,30,30,-0.723455114547121,-0.67876875468438,0.101349124865905,0.0981949934314412,-0.0190085875085071,1.11140313612731,0
"Gambia","child_vitA","level","region","sl_lrn_lasso",1,30,30,0.733036707452725,0.742035035603358,0.0633769341853349,0.0550818575827588,-0.00285731352601132,0.762531943146965,0.5
"Gambia","child_vitA","level","region","sl_lrn_enet",1,30,30,0.673859844271413,0.607548752028128,0.0644177071994237,0.0538202420601996,0.00236078308829484,0.80909326407191,0.5
"Gambia","child_vitA","level","region","sl_lrn_ridge",1,30,30,0.76952169076752,0.694758000180394,0.06328430778538,0.0472265670750794,-0.000354419880363957,0.797428740074731,0.625
"Gambia","child_vitA","level","region","sl_lrn_ranger",1,30,30,0.76551724137931,0.694074343000456,0.0600469779619864,0.0541313661237159,0.000108886788776768,0.758224829336004,0.5
"Gambia","child_vitA","level","region","sl_lrn_xgb",1,30,30,0.668965517241379,0.667404500292597,0.0622347461865816,0.0532369485128,0.00891313848097926,0.738728479371926,0.375
"Gambia","child_vitA","level","region","sl_lrn_domain_index",1,30,30,0.717908787541713,0.625532858844521,0.0675775137322282,0.0632229281736352,0.010436010528033,0.794747324314008,0.5
"Gambia","child_vitA","level","region","sl_lrn_domain_pc_ridge",1,30,30,0.508787541713014,0.481236491411601,0.075015153776844,0.0655669867624854,0.00130644203324711,0.898187200820756,0.625
"Gambia","child_vitA","level","region","sl_lrn_domain_pc_enet",1,30,30,0.673414905450501,0.616766940088528,0.0727303059047744,0.0665858602095217,-0.00468925925196453,0.872099004626633,0.625
"Gambia","child_vitA","level","region","sl_lrn_domain_pc1_ols",1,30,30,-0.385984427141268,-0.210767711548029,0.424555043848918,0.328726637698631,0.293926272345536,5.46314962626926,0
"Gambia","child_vitA","level","region","sl_lrn_hapc",1,30,30,0.616017797552836,0.576524119249414,0.0631363441656796,0.0521638897560032,0.00333374161976448,0.804873479397091,0.5
"Gambia","child_vitA","level","region","sl_lrn_hapc_lasso",1,30,30,0.730367074527253,0.633168937478279,0.0676668394839652,0.054611943005214,0.00833968128494185,0.835958191030904,0.5
"Gambia","child_vitA","level","region","sl_lrn_spatial_gam",1,30,30,0.745939933259177,0.764577929581074,0.0570756456056638,0.0513259788930713,0.00405951740206546,0.636847850757343,0.625
"Gambia","child_vitA","level","region","sl_lrn_spatial_plus_domain",1,30,30,0.745939933259177,0.764577929581014,0.0570756456056678,0.0513259788930687,0.00405951740204981,0.6368478507574,0.625
"Gambia","women_vitA","prev","infill","domain_index",1,30,30,0.447971513196102,0.288334360701654,3.39411879866387,2.57431081381758,-0.563332079216038,0.99631816251545,0.375
"Gambia","women_vitA","prev","infill","sl_disc",1,30,30,0.321253536702705,0.319216206454241,3.36057772349537,2.71408795606685,-1.34355427642771,0.972257215130873,0.25
"Gambia","women_vitA","prev","infill","sl_nnls",1,30,30,0.340261233176714,0.401929660886846,3.06815183657356,2.18613058858735,-1.36601786140826,0.939250686279421,0.25
"Gambia","women_vitA","prev","infill","sl_rank_disc",1,30,30,0.442808928968593,0.230439882592725,3.41668828895608,2.2335309662523,-1.03662222606452,1.03389998440761,0.25
"Gambia","women_vitA","prev","infill","sl_rank_nnls",1,30,30,0.284646121271279,0.120541891342212,4.00255960955672,2.84249760847875,-0.665575948747703,1.14634586497065,0.375
"Gambia","women_vitA","prev","infill","sl_lrn_mean",1,30,30,-0.0517036490659284,-0.0174976555138767,3.54897241800912,2.52583795475097,-2.18331069454433,1.07265164212157,0.375
"Gambia","women_vitA","prev","infill","sl_lrn_lasso",1,30,30,0.501474658826647,0.406458668525995,2.9967874968485,2.16505876799186,-1.37454352758079,0.93887521548882,0.375
"Gambia","women_vitA","prev","infill","sl_lrn_enet",1,30,30,0.371940727300064,0.295054399499545,3.21442112270806,2.26051146478504,-1.76410897944422,1.00159087853127,0.375
"Gambia","women_vitA","prev","infill","sl_lrn_ridge",1,30,30,0.39165241253237,0.218209839163821,3.4505824293694,2.42378411595111,-1.85465750733472,1.02892776077909,0.25
"Gambia","women_vitA","prev","infill","sl_lrn_ranger",1,30,30,0.340495896096147,0.261230195399816,3.29245401691767,2.40820213502878,-1.41735971836286,0.989537552852814,0.375
"Gambia","women_vitA","prev","infill","sl_lrn_xgb",1,30,30,0.279014211204906,0.17075714225156,3.41841225952064,2.53042998478747,-1.07156490873114,1.03039624459469,0.375
"Gambia","women_vitA","prev","infill","sl_lrn_domain_index",1,30,30,0.475192411850239,0.335111411533346,3.27879217139958,2.50014513436095,-0.585672268020381,0.96465506149144,0.375
"Gambia","women_vitA","prev","infill","sl_lrn_domain_pc_ridge",1,30,30,0.224572413896631,0.0635441950186139,3.47691098301176,2.35126557194168,-1.86778478611228,1.04899481070746,0.25
"Gambia","women_vitA","prev","infill","sl_lrn_domain_pc_enet",1,30,30,0.439758311015974,0.133092401728231,3.43834061826577,2.43668214979022,-1.70406333653936,1.03210222912276,0.375
"Gambia","women_vitA","prev","infill","sl_lrn_domain_pc1_ols",1,30,30,-0.0441166288532568,0.0450727896130963,28.7116495981572,30.2604512452131,25.5576332742595,9.2564277283311,0.25
"Gambia","women_vitA","prev","infill","sl_lrn_hapc",1,30,30,0.285584772949008,0.110681487154752,3.50732526755409,2.52067249757337,-1.34459319292872,1.04638821324054,0.25
"Gambia","women_vitA","prev","infill","sl_lrn_hapc_lasso",1,30,30,0.371940727300064,0.210887373598939,3.35160446082655,2.27284325577003,-1.61734576815343,1.01194231086515,0.25
"Gambia","women_vitA","prev","infill","sl_lrn_spatial_gam",1,30,30,0.368655446428013,0.330945720491037,3.16256287692951,2.44301389009646,-1.22822475890973,0.963352086402013,0.375
"Gambia","women_vitA","prev","infill","sl_lrn_spatial_plus_domain",1,30,30,0.443982243565754,0.369747782460555,3.04180014487834,2.41722865628375,-1.13407614167776,0.948771962547042,0.375
"Gambia","women_vitA","prev","infill","domain_index",2,30,30,0.458062018731687,0.415808923197674,3.31294577190013,2.49912561932535,-0.392262849578503,0.924881774019925,0.375
"Gambia","women_vitA","prev","infill","sl_disc",2,30,30,0.355279660020376,0.276429734695971,3.09913585936471,2.29909110368448,-1.43601893405896,0.991009182019941,0.25
"Gambia","women_vitA","prev","infill","sl_nnls",2,30,30,0.369594098105742,0.365103963904101,3.03066896927514,2.23672364854815,-1.44997596289469,0.958834197832603,0.5
"Gambia","women_vitA","prev","infill","sl_rank_disc",2,30,30,0.396580333840446,0.329143080058179,3.03012728009285,2.36631491882961,-1.24107539817466,0.968846816150522,0.375
"Gambia","women_vitA","prev","infill","sl_rank_nnls",2,30,30,0.390713760854641,0.230229425443199,3.17683228293903,2.13251138379405,-1.58815686566741,1.01300123834764,0.375
"Gambia","women_vitA","prev","infill","sl_lrn_mean",2,30,30,-0.49549330354848,-0.335472157844815,3.63213458349382,2.6107846676469,-2.1666043754227,1.08633686971915,0.125
"Gambia","women_vitA","prev","infill","sl_lrn_lasso",2,30,30,0.473549771414214,0.290377713638059,3.22098648847575,2.27405719923504,-1.94964065584216,1.02375273998767,0.375
"Gambia","women_vitA","prev","infill","sl_lrn_enet",2,30,30,0.448675501954399,0.326179379369856,3.20853746209764,2.22705478328297,-1.89707587229252,1.01320477573735,0.375
"Gambia","women_vitA","prev","infill","sl_lrn_ridge",2,30,30,0.366778143072555,0.326032835144199,3.37141543390088,2.38435490977281,-1.82988719765025,1.01071098151703,0.375
"Gambia","women_vitA","prev","infill","sl_lrn_ranger",2,30,30,0.332986682674316,0.31762603408592,3.19765274497741,2.29872739743162,-1.59227369452884,0.984511615945588,0.375
"Gambia","women_vitA","prev","infill","sl_lrn_xgb",2,30,30,0.257425222617142,0.256276227035002,3.12728824419468,2.36428013535826,-1.3729930155686,0.999766124179487,0.5
"Gambia","women_vitA","prev","infill","sl_lrn_domain_index",2,30,30,0.474019097253078,0.444058647426922,3.2428139754437,2.43897691696909,-0.425956976157914,0.903836699101839,0.375
"Gambia","women_vitA","prev","infill","sl_lrn_domain_pc_ridge",2,30,30,0.263761121441812,0.23079842823031,3.40653049003128,2.3420485432367,-1.81877595586499,1.02426527495333,0.25
"Gambia","women_vitA","prev","infill","sl_lrn_domain_pc_enet",2,30,30,0.276432919091151,0.135061767846785,3.42039216097282,2.39737916444986,-1.90142818854268,1.04311792921368,0.25
"Gambia","women_vitA","prev","infill","sl_lrn_domain_pc1_ols",2,30,30,0.29004336841822,0.373795488830394,13.869416704305,8.04056438575468,9.72186581001249,5.11494632941699,0.25
"Gambia","women_vitA","prev","infill","sl_lrn_hapc",2,30,30,0.383439210352242,0.323391781660105,3.08803996332352,2.29754897448126,-1.36129963591026,0.969390018139021,0.25
"Gambia","women_vitA","prev","infill","sl_lrn_hapc_lasso",2,30,30,0.448910164873831,0.367747954935253,3.24676544147915,2.22144938485079,-1.68455748597616,0.984932697502413,0.375
"Gambia","women_vitA","prev","infill","sl_lrn_spatial_gam",2,30,30,0.44984881655156,0.51285812361372,2.80986462907472,2.05189879745903,-1.26776612150921,0.883047779026522,0.5
"Gambia","women_vitA","prev","infill","sl_lrn_spatial_plus_domain",2,30,30,0.420985277461397,0.435364861748088,2.83253264234137,2.06977987181569,-1.30512736622496,0.921451386734223,0.375
"Gambia","women_vitA","prev","infill","domain_index",3,30,30,0.458296681651119,0.295207076176298,3.22580875222435,2.30225584715846,-0.95864640043047,0.979288147097674,0.375
"Gambia","women_vitA","prev","infill","sl_disc",3,30,30,0.425678535850041,0.297512460277193,3.22729649101322,2.2647432908615,-1.61245755177009,0.990471102110409,0.5
"Gambia","women_vitA","prev","infill","sl_nnls",3,30,30,0.359738255489588,0.291848911121793,3.22217283739196,2.28274230827685,-1.82885335029518,1.00948600602727,0.375
"Gambia","women_vitA","prev","infill","sl_rank_disc",3,30,30,0.360676907167317,0.256207140262398,3.10649216319763,2.01743569663129,-1.47311400082919,1.00622899490855,0.375
"Gambia","women_vitA","prev","infill","sl_rank_nnls",3,30,30,0.361615558845046,0.274982930302906,3.27641993248084,2.17983945377652,-1.70359128382158,1.00279479597402,0.375
"Gambia","women_vitA","prev","infill","sl_lrn_mean",3,30,30,-0.300168407077195,-0.225664379531078,3.57007096253879,2.54728966636393,-2.17860097322153,1.07798228579453,0.25
"Gambia","women_vitA","prev","infill","sl_lrn_lasso",3,30,30,0.441635614371432,0.434698581708109,3.18897108854683,2.24161134172142,-1.80890448289071,0.988338066692846,0.5
"Gambia","women_vitA","prev","infill","sl_lrn_enet",3,30,30,0.545825950599336,0.50938948954685,3.14136313409618,2.20712572326771,-1.70092943785258,0.963232772372895,0.5
"Gambia","women_vitA","prev","infill","sl_lrn_ridge",3,30,30,0.378745951963598,0.279945913320422,3.34132993565829,2.36429771871436,-1.94379957417259,1.02977464463438,0.375
"Gambia","women_vitA","prev","infill","sl_lrn_ranger",3,30,30,0.431779771755279,0.332644479985209,3.28471020101222,2.40973591057083,-1.63217673199167,0.986239542198554,0.375
"Gambia","women_vitA","prev","infill","sl_lrn_xgb",3,30,30,0.338853255660121,0.349621764407871,3.17337611885984,2.33384176297188,-1.3548497012493,0.959775531242527,0.5
"Gambia","women_vitA","prev","infill","sl_lrn_domain_index",3,30,30,0.473784434333646,0.377711853298487,3.10510075920828,2.24186535188478,-0.88538315882777,0.93454332985197,0.5
"Gambia","women_vitA","prev","infill","sl_lrn_domain_pc_ridge",3,30,30,0.377807300285869,0.309756544695705,3.39583860775153,2.38175917056577,-1.85505265438873,1.02095512498067,0.375
"Gambia","women_vitA","prev","infill","sl_lrn_domain_pc_enet",3,30,30,0.507810557651317,0.372178107271257,3.33086959090137,2.3536127865721,-1.82297232509349,1.00355443992256,0.375
"Gambia","women_vitA","prev","infill","sl_lrn_domain_pc1_ols",3,30,30,0.22128713302458,0.0211240333758344,15.7839002693042,10.0973676810835,12.1679338510908,6.37085451088752,0.5
"Gambia","women_vitA","prev","infill","sl_lrn_hapc",3,30,30,0.332282693916019,0.161814323084032,3.39985333886213,2.43530329434879,-1.73049285258272,1.03590584925424,0.375
"Gambia","women_vitA","prev","infill","sl_lrn_hapc_lasso",3,30,30,0.416996007831049,0.285289080715105,3.38826398888832,2.41438437662118,-1.79905231095725,1.01343488308254,0.375
"Gambia","women_vitA","prev","infill","sl_lrn_spatial_gam",3,30,30,0.297083256001187,0.184860793978648,3.26013548040465,2.33216032392137,-1.74482643451234,1.03221959950994,0.375
"Gambia","women_vitA","prev","infill","sl_lrn_spatial_plus_domain",3,30,30,0.23395893067392,0.196093850364675,3.21559813161089,2.26577979153134,-1.78672375534015,1.0357643982172,0.375
"Gambia","women_vitA","prev","region","domain_index",1,30,30,0.587830613177703,0.492523069344098,3.00119768964,2.2021131083721,-1.03040168904068,0.883337362033263,0.375
"Gambia","women_vitA","prev","region","sl_disc",1,30,30,0.465571232153518,0.301542283352504,3.32251089738583,2.19561435213284,-1.68606703539971,0.995605716853657,0.5
"Gambia","women_vitA","prev","region","sl_nnls",1,30,30,0.329701401802265,0.297424236312388,3.42484818548558,2.20805200715395,-1.83647854821051,1.01029460212086,0.375
"Gambia","women_vitA","prev","region","sl_rank_disc",1,30,30,0.29215533469311,0.381929657336099,3.31318969926234,2.1476286313177,-2.19163590128383,1.02702146164979,0.5
"Gambia","women_vitA","prev","region","sl_rank_nnls",1,30,30,-0.103017021630743,-0.0607917211380911,10.0533441248242,5.95228661470749,5.44277260877847,3.57307343165909,0.125
"Gambia","women_vitA","prev","region","sl_lrn_mean",1,30,30,-0.466050947830382,-0.404276160183661,3.64787601329257,2.671533456909,-2.21513239878863,1.08988086222292,0.125
"Gambia","women_vitA","prev","region","sl_lrn_lasso",1,30,30,0.667381342865225,0.613057982128284,2.92493524410565,1.96120349688198,-1.7422426547404,0.92290960322447,0.625
"Gambia","women_vitA","prev","region","sl_lrn_enet",1,30,30,0.735433589500567,0.670427052836193,3.09732932142324,2.22687794531769,-1.77124909387983,0.952652519594031,0.625
"Gambia","women_vitA","prev","region","sl_lrn_ridge",1,30,30,0.604491680457391,0.509340479943505,3.1626357627101,2.15217699380888,-1.59730868085632,0.962110469803398,0.5
"Gambia","women_vitA","prev","region","sl_lrn_ranger",1,30,30,0.528460894561352,0.4679610801025,3.21742713480088,2.16932057586426,-1.65129996283626,0.967849119362099,0.5
"Gambia","women_vitA","prev","region","sl_lrn_xgb",1,30,30,0.353871682503783,0.358362450364272,3.24689250025401,2.61978612530063,-1.31194191402204,0.953478339520051,0.375
"Gambia","women_vitA","prev","region","sl_lrn_domain_index",1,30,30,0.585249321063949,0.503996047942386,2.99603411745113,2.26641875311099,-0.764868043081445,0.863413605562729,0.375
"Gambia","women_vitA","prev","region","sl_lrn_domain_pc_ridge",1,30,30,0.365604828475394,0.380155960336833,3.41374406357179,2.26330616588213,-1.87286626300835,1.01812231563932,0.375
"Gambia","women_vitA","prev","region","sl_lrn_domain_pc_enet",1,30,30,-0.0316243825040169,0.147171189634496,3.64192428216146,2.52980162108115,-1.34747286514648,1.01443027652531,0.5
"Gambia","women_vitA","prev","region","sl_lrn_domain_pc1_ols",1,30,30,-0.31116303116712,-0.344320449955682,46.7942870532812,34.876313996008,43.7343629843991,11.9640051186908,0.25
"Gambia","women_vitA","prev","region","sl_lrn_hapc",1,30,30,0.491618816210494,0.50063213265288,3.16416848113303,2.12701824058955,-1.64942494024106,0.950268424825207,0.375
"Gambia","women_vitA","prev","region","sl_lrn_hapc_lasso",1,30,30,0.280656851640931,0.390402435427569,3.44605700228455,2.33016690196543,-2.03070790573133,1.03485165968646,0.5
"Gambia","women_vitA","prev","region","sl_lrn_spatial_gam",1,30,30,0.516258422750877,0.531462930380515,2.99793101422565,2.52302497308901,-1.11190389953536,0.861517825687015,0.5
"Gambia","women_vitA","prev","region","sl_lrn_spatial_plus_domain",1,30,30,0.516258422750877,0.532412906379938,2.99924974952668,2.50240006463576,-1.2428247506352,0.867912710775162,0.5
"Gambia","women_vitA","level","infill","domain_index",1,30,30,0.686318131256952,0.719404319569188,0.0711312668959683,0.0717074262213087,0.00225797094873399,0.715957408310086,0.5
"Gambia","women_vitA","level","infill","sl_disc",1,30,30,0.613793103448276,0.648273636073294,0.0717803032013841,0.0783508683399573,-0.00121699499919877,0.756121629662784,0.25
"Gambia","women_vitA","level","infill","sl_nnls",1,30,30,0.638709677419355,0.692255590990573,0.069101066389265,0.0743505297611072,-0.00546204764977058,0.711917390831493,0.5
"Gambia","women_vitA","level","infill","sl_rank_disc",1,30,30,0.637374860956618,0.611808002108598,0.080243625517978,0.0897313444207343,-0.00461441399654873,0.78756138507256,0.375
"Gambia","women_vitA","level","infill","sl_rank_nnls",1,30,30,0.690767519466073,0.636841950560398,0.0787626907306122,0.0935225469582016,-0.0218297491290862,0.80803284045381,0.5
"Gambia","women_vitA","level","infill","sl_lrn_mean",1,30,30,-0.0762487197264218,-0.140526429048496,0.105408451655052,0.0992298530386757,-0.0494659777049304,1.07932592790344,0.375
"Gambia","women_vitA","level","infill","sl_lrn_lasso",1,30,30,0.632035595105673,0.580162134474146,0.0782399818010325,0.0715502880761656,-0.00795893450839629,0.803445315020427,0.375
"Gambia","women_vitA","level","infill","sl_lrn_enet",1,30,30,0.638709677419355,0.649820923927296,0.0751587125988662,0.0691794370677445,-0.0095069354510828,0.762342416670792,0.375
"Gambia","women_vitA","level","infill","sl_lrn_ridge",1,30,30,0.665406006674082,0.696214560586689,0.0726268341080506,0.063626770745651,-0.0172167854381603,0.74962969508127,0.5
"Gambia","women_vitA","level","infill","sl_lrn_ranger",1,30,30,0.609788654060067,0.679914965337966,0.0737466561527839,0.0696171874275354,-0.00180042396496988,0.730919926921425,0.5
"Gambia","women_vitA","level","infill","sl_lrn_xgb",1,30,30,0.55817575083426,0.608521328043099,0.0761333904481705,0.0689509658353935,0.00569275027997092,0.786845745299771,0.375
"Gambia","women_vitA","level","infill","sl_lrn_domain_index",1,30,30,0.698776418242492,0.722801141283427,0.0704383560556345,0.0699201515291255,0.00216093482708174,0.706290080908219,0.5
"Gambia","women_vitA","level","infill","sl_lrn_domain_pc_ridge",1,30,30,0.610233592880979,0.656813816650346,0.0774351962366529,0.0704119060525599,-0.0146336903707729,0.794069142030407,0.5
"Gambia","women_vitA","level","infill","sl_lrn_domain_pc_enet",1,30,30,0.668520578420467,0.66472239711234,0.0767391304882147,0.0663029312296358,-0.0154676027431022,0.780757378337314,0.375
"Gambia","women_vitA","level","infill","sl_lrn_domain_pc1_ols",1,30,30,0.222691879866518,0.286702035711408,0.525182538843497,0.955404812487297,-0.055762880020548,6.50584388375284,0.375
"Gambia","women_vitA","level","infill","sl_lrn_hapc",1,30,30,0.577308120133482,0.6538306984647,0.0734633540522193,0.0721894355536772,0.0021023464144218,0.747629941762465,0.5
"Gambia","women_vitA","level","infill","sl_lrn_hapc_lasso",1,30,30,0.705895439377086,0.716259994968437,0.0690016494672672,0.0747410263403998,-0.000757098780251827,0.712771149371339,0.375
"Gambia","women_vitA","level","infill","sl_lrn_spatial_gam",1,30,30,0.65650723025584,0.674470523676932,0.073212008248577,0.0825584366081972,-0.000929884696493948,0.72959134665662,0.5
"Gambia","women_vitA","level","infill","sl_lrn_spatial_plus_domain",1,30,30,0.65650723025584,0.674470523676933,0.0732120082485789,0.0825584366082192,-0.000929884696474221,0.729591346656623,0.5
"Gambia","women_vitA","level","infill","domain_index",2,30,30,0.712124582869855,0.714186145612383,0.0754534356183869,0.074795786214222,-0.00221894254808704,0.731968867201001,0.5
"Gambia","women_vitA","level","infill","sl_disc",2,30,30,0.586651835372636,0.588697689015138,0.0889021372979586,0.0880609549564483,-0.00585068954496018,0.863424934811874,0.5
"Gambia","women_vitA","level","infill","sl_nnls",2,30,30,0.595105672969967,0.619290199842485,0.0820001371205734,0.082406113836951,-0.0123187026427691,0.801797600444343,0.375
"Gambia","women_vitA","level","infill","sl_rank_disc",2,30,30,0.598665183537264,0.598709621489324,0.0782025941223614,0.0734793777183162,-0.0153243646694959,0.797450181272608,0.375
"Gambia","women_vitA","level","infill","sl_rank_nnls",2,30,30,0.574638487208009,0.616985695550487,0.0773160761868777,0.0752396771173984,-0.0112693622251382,0.779662535931638,0.5
"Gambia","women_vitA","level","infill","sl_lrn_mean",2,30,30,-0.228746159179265,-0.296005387573409,0.110214447668987,0.105415429961116,-0.0492495685516734,1.10937593893421,0.125
"Gambia","women_vitA","level","infill","sl_lrn_lasso",2,30,30,0.611123470522803,0.592611707535065,0.078657369936826,0.0666294312147291,-0.0215273383244977,0.811415948159414,0.25
"Gambia","women_vitA","level","infill","sl_lrn_enet",2,30,30,0.591101223581758,0.523418995127274,0.0839068535587081,0.0748533649914133,-0.0236436855737161,0.863551458636005,0.25
"Gambia","women_vitA","level","infill","sl_lrn_ridge",2,30,30,0.581757508342603,0.647163642622335,0.0742836203832232,0.0582015065775622,-0.0215734076107743,0.785325443589596,0.375
"Gambia","women_vitA","level","infill","sl_lrn_ranger",2,30,30,0.596885428253615,0.660876259214306,0.0728682215059247,0.066828945331245,-0.00998980746746651,0.750283578534871,0.375
"Gambia","women_vitA","level","infill","sl_lrn_xgb",2,30,30,0.561735261401557,0.562606841273732,0.0842051784042956,0.0776154833765059,-0.0136539422572971,0.845443009064032,0.25
"Gambia","women_vitA","level","infill","sl_lrn_domain_index",2,30,30,0.674749721913237,0.708202309248088,0.075367230386666,0.0750970335931035,-0.00228111622736619,0.734246883037563,0.5
"Gambia","women_vitA","level","infill","sl_lrn_domain_pc_ridge",2,30,30,0.572413793103448,0.619965821404535,0.0768713543378193,0.069066206450334,-0.0181576122168675,0.812738256988303,0.375
"Gambia","women_vitA","level","infill","sl_lrn_domain_pc_enet",2,30,30,0.573748609566185,0.566545952092672,0.0830250136154139,0.0784252561132063,-0.0187377867412937,0.825450176282427,0.375
"Gambia","women_vitA","level","infill","sl_lrn_domain_pc1_ols",2,30,30,0.256062291434928,0.27406546845774,0.394072918088759,0.484504706559481,-0.0675665790725569,4.49763320006191,0.25
"Gambia","women_vitA","level","infill","sl_lrn_hapc",2,30,30,0.572413793103448,0.610767822360128,0.0790035615949734,0.0707257082603493,-0.00269137112851273,0.79667152445993,0.5
"Gambia","women_vitA","level","infill","sl_lrn_hapc_lasso",2,30,30,0.622691879866518,0.661346034245833,0.0735252233458578,0.0764158159182852,-0.00255521955297982,0.753167923977554,0.375
"Gambia","women_vitA","level","infill","sl_lrn_spatial_gam",2,30,30,0.612013348164627,0.591533896547959,0.0836843639711303,0.0873182070756243,-0.00316297083758741,0.810994109286474,0.375
"Gambia","women_vitA","level","infill","sl_lrn_spatial_plus_domain",2,30,30,0.611123470522803,0.593086605336651,0.0833690063879992,0.0871447974010287,-0.00274886666437187,0.809687013583487,0.375
"Gambia","women_vitA","level","infill","domain_index",3,30,30,0.632925472747497,0.659304215497433,0.0762089597996966,0.0719501643659091,-0.00188500902468299,0.775584586140559,0.5
"Gambia","women_vitA","level","infill","sl_disc",3,30,30,0.618687430478309,0.644266158879246,0.0794239090113733,0.0871834083911109,-0.000256578100258886,0.777009717860021,0.5
"Gambia","women_vitA","level","infill","sl_nnls",3,30,30,0.634705228031146,0.6554651243798,0.072567540713978,0.0742859866341316,-0.00354386417845766,0.747411641013444,0.5
"Gambia","women_vitA","level","infill","sl_rank_disc",3,30,30,0.599110122358176,0.62420459701418,0.0783266255706616,0.0805816631888506,-0.000659682326296797,0.7684697731223,0.375
"Gambia","women_vitA","level","infill","sl_rank_nnls",3,30,30,0.545272525027809,0.474397553425295,0.0948264574057939,0.112670824748946,-0.0179412554730578,0.989236262396708,0.625
"Gambia","women_vitA","level","infill","sl_lrn_mean",3,30,30,-0.345842407330556,-0.371650879779181,0.110442737978132,0.103773773637838,-0.0494716636547157,1.10456441779243,0.125
"Gambia","women_vitA","level","infill","sl_lrn_lasso",3,30,30,0.595105672969967,0.596782811140673,0.0767610039084472,0.0663147764113537,-0.0146586017365063,0.79950473645043,0.375
"Gambia","women_vitA","level","infill","sl_lrn_enet",3,30,30,0.569299221357063,0.581154738102588,0.0800424719798934,0.0688332552626782,-0.0184033007060614,0.823725880449768,0.25
"Gambia","women_vitA","level","infill","sl_lrn_ridge",3,30,30,0.575973303670745,0.618090954263245,0.0774264133083666,0.0634054050385693,-0.0177132757345994,0.794998856448268,0.375
"Gambia","women_vitA","level","infill","sl_lrn_ranger",3,30,30,0.544382647385984,0.592956988505007,0.0778251871747306,0.0715812216603251,-0.00717116531707049,0.795749177631522,0.25
"Gambia","women_vitA","level","infill","sl_lrn_xgb",3,30,30,0.468743047830923,0.504787388948493,0.0847576855242217,0.0817082014364133,-0.00362831645720407,0.870253896525174,0.125
"Gambia","women_vitA","level","infill","sl_lrn_domain_index",3,30,30,0.646718576195773,0.67133840992435,0.0757947595643864,0.0730782206350762,-0.000672247162954053,0.762784636191349,0.5
"Gambia","women_vitA","level","infill","sl_lrn_domain_pc_ridge",3,30,30,0.506562847608454,0.546499014251587,0.0828957505828685,0.0751626375563425,-0.0163654472825017,0.84511282580078,0.5
"Gambia","women_vitA","level","infill","sl_lrn_domain_pc_enet",3,30,30,0.525250278086763,0.461795575474763,0.0891126198984479,0.0860613755433536,-0.0204616617938661,0.891180543829075,0.5
"Gambia","women_vitA","level","infill","sl_lrn_domain_pc1_ols",3,30,30,0.205339265850946,0.236818250784666,0.644514625099751,0.965902051280334,-0.0875218889598768,8.66127100004047,0.375
"Gambia","women_vitA","level","infill","sl_lrn_hapc",3,30,30,0.531034482758621,0.567696079758309,0.0821200107002169,0.0763081603263992,-0.00273347340865105,0.819720228768077,0.375
"Gambia","women_vitA","level","infill","sl_lrn_hapc_lasso",3,30,30,0.626696329254728,0.640585405914292,0.0749510098912372,0.0727763964962926,-0.00141349434590728,0.763758960657631,0.5
"Gambia","women_vitA","level","infill","sl_lrn_spatial_gam",3,30,30,0.60622914349277,0.591437589155062,0.0774410145557317,0.0785983165791998,-0.00244562141658626,0.798889933319437,0.375
"Gambia","women_vitA","level","infill","sl_lrn_spatial_plus_domain",3,30,30,0.60622914349277,0.588605283333684,0.0776693597023792,0.0787840609438703,-0.00222189981618249,0.801218952680027,0.375
"Gambia","women_vitA","level","region","domain_index",1,30,30,0.759733036707453,0.736737864311134,0.0665786030241897,0.0625760638271234,0.00598506885833976,0.673737663365657,0.5
"Gambia","women_vitA","level","region","sl_disc",1,30,30,0.721023359288098,0.691496129805458,0.0736955258669268,0.0639920445414275,-0.0195101527736978,0.728213945946851,0.625
"Gambia","women_vitA","level","region","sl_nnls",1,30,30,0.751279199110122,0.723366901246611,0.0695183053481817,0.0627564849979169,-0.00467758032355604,0.689759210941111,0.625
"Gambia","women_vitA","level","region","sl_rank_disc",1,30,30,0.759733036707453,0.729734737639434,0.0661864682805914,0.0612292669196016,-0.00572636664164036,0.681980811456435,0.5
"Gambia","women_vitA","level","region","sl_rank_nnls",1,30,30,0.294771968854283,0.2647306883885,0.0897392683556021,0.0677139345672908,0.00621716393178284,1.02846630622014,0.375
"Gambia","women_vitA","level","region","sl_lrn_mean",1,30,30,-0.72481669882795,-0.69847877347057,0.12240103047614,0.120084309777443,-0.0557263294560739,1.19519614422939,0
"Gambia","women_vitA","level","region","sl_lrn_lasso",1,30,30,0.564849833147942,0.274393624678529,0.0985326763363065,0.0855979905558932,-0.0350327561184699,1.15595090512558,0.5
"Gambia","women_vitA","level","region","sl_lrn_enet",1,30,30,0.570189098998888,0.419255719958556,0.0839979100427411,0.0768176770836319,-0.0198053093457433,0.958685701078161,0.375
"Gambia","women_vitA","level","region","sl_lrn_ridge",1,30,30,0.730367074527253,0.722685211446624,0.0756963353179511,0.0631654269584736,-0.0179637982119446,0.775322637869426,0.625
"Gambia","women_vitA","level","region","sl_lrn_ranger",1,30,30,0.703670745272525,0.718884360649186,0.0752057509604609,0.0730078798482046,-0.00659718283458545,0.757919164208685,0.375
"Gambia","women_vitA","level","region","sl_lrn_xgb",1,30,30,0.539043381535039,0.504534262233422,0.0866668518431625,0.0818661519817529,0.0042471454191883,0.854734733883046,0.5
"Gambia","women_vitA","level","region","sl_lrn_domain_index",1,30,30,0.764627363737486,0.739785005400624,0.0655726348716544,0.0618945783710852,0.00427830077834695,0.667900271147642,0.5
"Gambia","women_vitA","level","region","sl_lrn_domain_pc_ridge",1,30,30,0.686318131256952,0.65080984871539,0.0823246526277199,0.0763581996597661,-0.0164535003045212,0.853322973444358,0.625
"Gambia","women_vitA","level","region","sl_lrn_domain_pc_enet",1,30,30,0.194660734149054,0.0762411918610338,0.0958735603877741,0.0792198909516841,-0.00869207083661027,1.01417490853098,0.25
"Gambia","women_vitA","level","region","sl_lrn_domain_pc1_ols",1,30,30,0.109677419354839,0.0792228615679355,0.598562604287679,0.420387708652408,0.409416927523413,7.00126193251906,0.375
"Gambia","women_vitA","level","region","sl_lrn_hapc",1,30,30,0.714794215795328,0.720064373590343,0.0673981944261231,0.0643385228581188,0.00064926198647422,0.707278611841124,0.375
"Gambia","women_vitA","level","region","sl_lrn_hapc_lasso",1,30,30,0.703670745272525,0.691985319080335,0.0846479641475418,0.088170934306469,0.00206692370756875,0.814288809088119,0.5
"Gambia","women_vitA","level","region","sl_lrn_spatial_gam",1,30,30,0.667630700778643,0.670204362955201,0.0799218215670234,0.091444839051025,-0.000972920589280714,0.76073761817662,0.5
"Gambia","women_vitA","level","region","sl_lrn_spatial_plus_domain",1,30,30,0.688097886540601,0.674435120625773,0.0818952264491511,0.0924425253867934,0.00245630853572827,0.764386963754904,0.5
"Gambia","child_iron","prev","infill","domain_index",1,30,30,0.290577374142056,0.397905238354457,14.0051618107593,14.9353172288749,0.961591220458364,1.09145947225914,0.125
"Gambia","child_iron","prev","infill","sl_disc",1,30,30,0.283235066832188,0.29896824927299,12.5707124485512,12.6759160967605,2.05566784397694,0.99589343272213,0.125
"Gambia","child_iron","prev","infill","sl_nnls",1,30,30,0.268550452212451,0.387284906822931,11.7990720140462,10.494686419536,-0.121873460804517,0.938483283108517,0.125
"Gambia","child_iron","prev","infill","sl_rank_disc",1,30,30,0.240738682099314,0.341220344786477,13.086714773895,12.6054653349173,1.11346479249299,1.02315053634721,0
"Gambia","child_iron","prev","infill","sl_rank_nnls",1,30,30,-0.0533985986172232,0.0884371209421986,20.5482072021975,22.5970304178205,1.07014011846332,1.56286779499448,0.125
"Gambia","child_iron","prev","infill","sl_lrn_mean",1,30,30,-0.270985416544553,-0.241257996251343,12.7518993980609,12.4942283604627,-2.52691574859428,1.02162656011369,0.125
"Gambia","child_iron","prev","infill","sl_lrn_lasso",1,30,30,0.262007696361684,0.263569612678411,11.5910239287894,11.5709362756744,-0.508787433418034,0.949005061356533,0.5
"Gambia","child_iron","prev","infill","sl_lrn_enet",1,30,30,0.228614558590096,0.267322191503897,11.7454781207243,11.8453647502523,0.245122327141601,0.947635962225362,0.375
"Gambia","child_iron","prev","infill","sl_lrn_ridge",1,30,30,0.16197574913891,0.276888435399655,12.2251689000017,11.0325140113108,-0.646523401392508,0.946281324363656,0.125
"Gambia","child_iron","prev","infill","sl_lrn_ranger",1,30,30,0.18378017690761,0.21045263928128,12.5615122757257,11.7424327902794,1.32247542462508,0.990067179405622,0.125
"Gambia","child_iron","prev","infill","sl_lrn_xgb",1,30,30,0.211591947020747,0.214498177138244,12.7329758648822,12.1982225484171,2.37787002271618,1.04765460524869,0.5
"Gambia","child_iron","prev","infill","sl_lrn_domain_index",1,30,30,0.316609190967952,0.417342551490064,13.9589300601748,14.8230673003731,0.885604377306997,1.08048068914728,0.125
"Gambia","child_iron","prev","infill","sl_lrn_domain_pc_ridge",1,30,30,0.110357103808928,0.118648081963495,12.6773184625858,12.1185666136711,0.0966831423691298,0.987697413531852,0
"Gambia","child_iron","prev","infill","sl_lrn_domain_pc_enet",1,30,30,-0.118066096262227,-0.0549417080718053,13.2188328406622,13.2395547663848,-0.339133258888377,1.02679992511752,0.125
"Gambia","child_iron","prev","infill","sl_lrn_domain_pc1_ols",1,30,30,-0.184002671068515,-0.0653189431348715,35.5797977198913,37.78888613323,-1.24953456252987,2.60881795484943,0.125
"Gambia","child_iron","prev","infill","sl_lrn_hapc",1,30,30,0.0427188788937785,0.0709646060024686,14.1291806991546,12.9288604251022,2.52473543863439,1.10673176924416,0.25
"Gambia","child_iron","prev","infill","sl_lrn_hapc_lasso",1,30,30,0.432973637121318,0.422789101332982,11.4056203895295,11.5581934529394,2.3891875795538,0.905289835294998,0.5
"Gambia","child_iron","prev","infill","sl_lrn_spatial_gam",1,30,30,0.238736234651169,0.340400996163508,12.523964618925,12.7368385670944,1.50241412313709,0.978270150456655,0.125
"Gambia","child_iron","prev","infill","sl_lrn_spatial_plus_domain",1,30,30,0.233841363111256,0.331920314873436,12.6314392245113,12.7801503956317,1.34437782259977,0.983100213125043,0.125
"Gambia","child_iron","prev","infill","domain_index",2,30,30,0.40382690204275,0.463325233975846,13.257403422213,14.4138188334603,0.676410372276896,1.06189405614457,0.375
"Gambia","child_iron","prev","infill","sl_disc",2,30,30,0.372455225355132,0.388858321961641,11.4323949278403,11.0668953679688,1.65443805351675,0.935968684830913,0.5
"Gambia","child_iron","prev","infill","sl_nnls",2,30,30,0.3929246881584,0.410075340293833,11.3542912580801,10.8636290237456,0.789300783972577,0.939172566776021,0.375
"Gambia","child_iron","prev","infill","sl_rank_disc",2,30,30,0.375125155285993,0.418223456445058,11.7975271386929,11.5490579519356,2.73604888021138,0.938432053973206,0.5
"Gambia","child_iron","prev","infill","sl_rank_nnls",2,30,30,0.557347873067267,0.585317557200213,9.42043928755642,8.72000061452719,-0.730663715032452,0.841174002730742,0.625
"Gambia","child_iron","prev","infill","sl_lrn_mean",2,30,30,-0.148429198006816,-0.122168146948467,13.0956316033912,12.8473069352314,-2.5483444480275,1.01175752208291,0.25
"Gambia","child_iron","prev","infill","sl_lrn_lasso",2,30,30,0.113694516222504,0.216998670723195,12.449845035554,11.7216552889767,-0.521820417021759,0.969012007750832,0.375
"Gambia","child_iron","prev","infill","sl_lrn_enet",2,30,30,0.316831685128857,0.327556964167133,11.6490587938264,10.6456687437506,0.33695675481162,0.932154853401616,0.5
"Gambia","child_iron","prev","infill","sl_lrn_ridge",2,30,30,0.352653245034578,0.407858439174234,11.7693630880672,11.2066371333894,-0.947554144269003,0.914522849123215,0.25
"Gambia","child_iron","prev","infill","sl_lrn_ranger",2,30,30,0.286127490923954,0.284544610620247,12.0275610921084,11.0997191888417,0.974735675518398,0.967367328719228,0.375
"Gambia","child_iron","prev","infill","sl_lrn_xgb",2,30,30,0.242963623708365,0.2469289770079,14.0161919419677,12.8626323857738,2.62037472423093,1.0869970694011,0.375
"Gambia","child_iron","prev","infill","sl_lrn_domain_index",2,30,30,0.409834244387188,0.473278074726157,13.145924583926,14.4694663526404,0.646470330192692,1.04945135411191,0.375
"Gambia","child_iron","prev","infill","sl_lrn_domain_pc_ridge",2,30,30,0.197797309044631,0.198354083720992,12.2467322095544,12.5092862776141,-0.326274511330898,0.965489410317708,0.25
"Gambia","child_iron","prev","infill","sl_lrn_domain_pc_enet",2,30,30,-0.0102748116220268,-0.00785558223632522,13.0593269611005,13.4022891099537,-1.32590500398452,1.01426638760077,0.375
"Gambia","child_iron","prev","infill","sl_lrn_domain_pc1_ols",2,30,30,0.40293692539913,0.38850268194762,28.4200498255238,34.7684612815457,-1.68332669174569,2.15029403722291,0.5
"Gambia","child_iron","prev","infill","sl_lrn_hapc",2,30,30,0.236956281363928,0.241156863424845,13.3682239710547,12.2038678492925,2.2115756409204,1.04897174806034,0.25
"Gambia","child_iron","prev","infill","sl_lrn_hapc_lasso",2,30,30,0.417399045857961,0.38084098281382,11.5273394993075,11.8356194476874,1.56934054809341,0.915472624748906,0.375
"Gambia","child_iron","prev","infill","sl_lrn_spatial_gam",2,30,30,0.32395149827782,0.395339695333751,11.7721312233644,12.3956347587468,1.20528094655077,0.934026228194804,0.25
"Gambia","child_iron","prev","infill","sl_lrn_spatial_plus_domain",2,30,30,0.32395149827782,0.39533969533088,11.7721312234293,12.3956347587989,1.20528094649237,0.934026228196174,0.25
"Gambia","child_iron","prev","infill","domain_index",3,30,30,0.284792525958524,0.386135961525901,13.8746085247109,14.144696555208,-0.078791110310618,1.10380257657084,0.25
"Gambia","child_iron","prev","infill","sl_disc",3,30,30,0.337523642093031,0.374478680761599,13.4246028549181,15.2196155370368,1.71030769783791,1.03680429132762,0.25
"Gambia","child_iron","prev","infill","sl_nnls",3,30,30,0.292357327429297,0.339866115862114,13.4515366303581,13.9770404471114,0.911447024203754,1.04190417292286,0.25
"Gambia","child_iron","prev","infill","sl_rank_disc",3,30,30,0.374457672803277,0.396229978955408,12.7941351222155,14.1936548864506,1.07983996513534,1.00862303059782,0.25
"Gambia","child_iron","prev","infill","sl_rank_nnls",3,30,30,0.406274337812706,0.43232053738148,12.3764927268744,12.1795198954736,0.306587963630947,0.964701579285588,0.375
"Gambia","child_iron","prev","infill","sl_lrn_mean",3,30,30,-0.610057621165627,-0.580495853709895,13.6496134966467,13.0440345462754,-2.5646212010039,1.08259962211758,0
"Gambia","child_iron","prev","infill","sl_lrn_lasso",3,30,30,0.0687965647735708,0.00758759162114507,12.7612117339022,11.7106309881772,-1.30832168154922,1.01532190100515,0.25
"Gambia","child_iron","prev","infill","sl_lrn_enet",3,30,30,-0.0863277344311774,-0.0772882634435444,12.8540181185894,11.7707158997636,-0.986603402854471,1.02609174523222,0
"Gambia","child_iron","prev","infill","sl_lrn_ridge",3,30,30,0.0990099016027679,0.140853521453433,12.3740790413161,10.6762942566446,-1.27551423106404,0.989251960464434,0
"Gambia","child_iron","prev","infill","sl_lrn_ranger",3,30,30,0.123261765141423,0.117748415464275,12.903689161537,11.4034518128032,0.481354619813864,1.03705151297857,0.125
"Gambia","child_iron","prev","infill","sl_lrn_xgb",3,30,30,0.0360440540666256,0.114907616292154,14.6416338612059,13.7452339521058,1.39378427830988,1.11282439536154,0.25
"Gambia","child_iron","prev","infill","sl_lrn_domain_index",3,30,30,0.327066416530492,0.411175248668463,13.767740374284,14.4078617763168,0.310034091819076,1.0934084065737,0.25
"Gambia","child_iron","prev","infill","sl_lrn_domain_pc_ridge",3,30,30,-0.0578484818353251,0.0138551439028433,12.7195654104276,11.3379307376024,-0.926299037165095,1.02574708990275,0.125
"Gambia","child_iron","prev","infill","sl_lrn_domain_pc_enet",3,30,30,-0.0324841474921441,-0.049028664903983,13.2389739544203,12.0405030997931,-1.39646166231151,1.03808264897026,0.125
"Gambia","child_iron","prev","infill","sl_lrn_domain_pc1_ols",3,30,30,0.0816553570521704,0.0677976693144507,35.9988902551575,41.2107535209205,-2.46407882154181,2.66645965497695,0.25
"Gambia","child_iron","prev","infill","sl_lrn_hapc",3,30,30,-0.062298365053427,0.0163747137055599,15.7225775261115,13.8043454573067,0.0255952310529606,1.18468862633046,0
"Gambia","child_iron","prev","infill","sl_lrn_hapc_lasso",3,30,30,0.185337636033945,0.177077509101785,12.9259219117233,12.0568185937299,0.854344155250763,0.998506973125655,0.25
"Gambia","child_iron","prev","infill","sl_lrn_spatial_gam",3,30,30,0.334186229679455,0.329352699149613,12.3842731834507,11.4089599030994,-0.186350657947007,0.979593557298979,0.125
"Gambia","child_iron","prev","infill","sl_lrn_spatial_plus_domain",3,30,30,0.332406276392214,0.330631227213309,12.351757849338,11.3690893371285,-0.203980900450807,0.981108974906864,0.125
"Gambia","child_iron","prev","region","domain_index",1,30,30,0.491267107278453,0.514360218108399,11.7701434383707,12.600986519773,0.49181523548832,0.975797469069661,0.375
"Gambia","child_iron","prev","region","sl_disc",1,30,30,0.31140791941724,0.381291875586228,12.6647363628959,14.6620257044777,5.74360687158894,1.01224820226232,0.5
"Gambia","child_iron","prev","region","sl_nnls",1,30,30,0.385804875009437,0.415286811289771,11.0455847841358,10.1968111381009,2.95370062346739,0.920117007114223,0.5
"Gambia","child_iron","prev","region","sl_rank_disc",1,30,30,0.51441293908023,0.501267135912586,11.6663709311605,12.1359222843654,4.25960616128834,0.93116650620637,0.5
"Gambia","child_iron","prev","region","sl_rank_nnls",1,30,30,0.267882969729736,0.32953643305585,11.6130871637337,10.2577647405589,4.16199614902454,1.02583852503057,0.375
"Gambia","child_iron","prev","region","sl_lrn_mean",1,30,30,-0.442564122497386,-0.515258706235157,14.0011542550125,14.0892548142585,-3.41501270539642,1.09065562379014,0
"Gambia","child_iron","prev","region","sl_lrn_lasso",1,30,30,0.211932345138003,0.269132116310397,12.1943090554511,13.1952335304327,2.98313707971655,0.984685172780771,0.375
"Gambia","child_iron","prev","region","sl_lrn_enet",1,30,30,0.188028482421006,0.160068147633768,12.3412974940647,13.1803696297696,0.345457789532851,0.986714272783483,0.375
"Gambia","child_iron","prev","region","sl_lrn_ridge",1,30,30,0.339303595380272,0.332996143767072,11.70714832067,12.3785454248854,-0.388579926641872,0.934334502681503,0.5
"Gambia","child_iron","prev","region","sl_lrn_ranger",1,30,30,0.379575038504095,0.340040882122653,11.8398913655409,12.7281209178378,0.0883947362791937,0.93354825055774,0.625
"Gambia","child_iron","prev","region","sl_lrn_xgb",1,30,30,0.384469910044007,0.356761952638196,11.9643837879501,12.7783963867561,1.63206213903189,0.979025651285619,0.625
"Gambia","child_iron","prev","region","sl_lrn_domain_index",1,30,30,0.523751254770597,0.520941955612293,11.8402596330853,12.6995263510185,0.935724488644476,0.963708392724251,0.5
"Gambia","child_iron","prev","region","sl_lrn_domain_pc_ridge",1,30,30,0.0384914898365817,0.0609738704807801,12.8313109150004,13.457272846357,-0.906401286168819,0.994153414489034,0.375
"Gambia","child_iron","prev","region","sl_lrn_domain_pc_enet",1,30,30,0.0438362260792167,-0.000222318477400422,12.9559619644802,13.7346679742455,-1.5290293596625,1.00579819279154,0.375
"Gambia","child_iron","prev","region","sl_lrn_domain_pc1_ols",1,30,30,-0.0671932365933391,-0.037907580666812,34.1766956419571,36.8871814892834,7.31326407082062,2.55545495101801,0.25
"Gambia","child_iron","prev","region","sl_lrn_hapc",1,30,30,0.384914898365817,0.358265811598604,12.2180207316873,13.5100024026907,0.694919210777834,0.986346629579113,0.625
"Gambia","child_iron","prev","region","sl_lrn_hapc_lasso",1,30,30,0.319056626737908,0.244921202135022,11.6179006159555,11.8263594962207,1.72748023996716,0.961829986823764,0.5
"Gambia","child_iron","prev","region","sl_lrn_spatial_gam",1,30,30,0.433863613764938,0.438110188857872,11.7719814117365,12.9400987328532,0.533574474706756,0.981939092226394,0.5
"Gambia","child_iron","prev","region","sl_lrn_spatial_plus_domain",1,30,30,0.433863613764938,0.438110188856929,11.7719814117627,12.9400987328934,0.533574474710337,0.981939092228827,0.5
"Gambia","child_iron","level","infill","domain_index",1,30,30,0.290767519466073,0.283308625885087,0.270804790909406,0.278870685656653,0.00483273100050724,1.12543613236939,0.125
"Gambia","child_iron","level","infill","sl_disc",1,30,30,0.0696329254727475,0.0467053216622922,0.265736491054123,0.221148872285877,-0.00912954088393915,1.06073616697507,0.25
"Gambia","child_iron","level","infill","sl_nnls",1,30,30,0.213793103448276,0.215299762088117,0.244970264449071,0.20218806369801,0.00331777737950669,0.979544207289145,0.375
"Gambia","child_iron","level","infill","sl_rank_disc",1,30,30,0.0847608453837597,0.0672640449778755,0.282709299091887,0.244407268914169,0.00466226825429929,1.15081062134233,0.25
"Gambia","child_iron","level","infill","sl_rank_nnls",1,30,30,-0.244493882091212,-0.212881154564785,0.323158430123621,0.272071112156709,0.035578500685672,1.39107548426932,0.25
"Gambia","child_iron","level","infill","sl_lrn_mean",1,30,30,-0.247808339110871,-0.210086318428841,0.245712591454037,0.20951449132109,-0.0595827412074219,1.01378901394121,0.125
"Gambia","child_iron","level","infill","sl_lrn_lasso",1,30,30,0.1559510567297,0.123371949461133,0.250888692802828,0.210912932126705,-0.0147541056336247,0.996775684640797,0.375
"Gambia","child_iron","level","infill","sl_lrn_enet",1,30,30,0.178642936596218,0.0648435204063034,0.254919581915322,0.218836581171175,-0.0144976154507319,1.01213818893153,0.375
"Gambia","child_iron","level","infill","sl_lrn_ridge",1,30,30,0.105228031145717,0.115536795713226,0.248040157698285,0.198147269473981,-0.0323811430045445,0.994207278037703,0.125
"Gambia","child_iron","level","infill","sl_lrn_ranger",1,30,30,0.0638487208008899,0.0862911701891183,0.247080502088993,0.201451723853334,-0.00509179936762984,1.01092112819148,0
"Gambia","child_iron","level","infill","sl_lrn_xgb",1,30,30,0.0816462736373749,0.0410157298771364,0.25934931899461,0.21623826078363,0.0143046471021209,1.05850442533914,0.375
"Gambia","child_iron","level","infill","sl_lrn_domain_index",1,30,30,0.280533926585095,0.299856165979044,0.267325726987848,0.275291637726292,0.00290816419803278,1.11535861984703,0.125
"Gambia","child_iron","level","infill","sl_lrn_domain_pc_ridge",1,30,30,0.0727474972191324,-0.0405007477213386,0.256580799300364,0.214171253432916,-0.0235796569957903,1.02431503539573,0.125
"Gambia","child_iron","level","infill","sl_lrn_domain_pc_enet",1,30,30,-0.0773566420837325,-0.226843450188202,0.268966186733067,0.233753006217831,-0.0293469329843806,1.07393732365868,0.125
"Gambia","child_iron","level","infill","sl_lrn_domain_pc1_ols",1,30,30,-0.521245828698554,-0.39174396920319,1.10461400442195,1.18077497916145,0.353325392835709,5.83439213698422,0
"Gambia","child_iron","level","infill","sl_lrn_hapc",1,30,30,-0.0740823136818687,-0.101562226405191,0.277267435527773,0.22690149240187,0.0202591712588815,1.14959831340188,0
"Gambia","child_iron","level","infill","sl_lrn_hapc_lasso",1,30,30,0.256062291434928,0.193100034967733,0.238482496270165,0.19785048944375,0.0108363522436451,0.97494405291515,0.25
"Gambia","child_iron","level","infill","sl_lrn_spatial_gam",1,30,30,0.202224694104561,0.141610847112906,0.254417279823552,0.22425456796227,0.00217725441707312,1.04092402606847,0.25
"Gambia","child_iron","level","infill","sl_lrn_spatial_plus_domain",1,30,30,0.187541713014461,0.127582018507449,0.256101091422871,0.224832179055653,-0.000651481355304403,1.04770523236412,0.125
"Gambia","child_iron","level","infill","domain_index",2,30,30,0.437597330367075,0.392255016965078,0.255887111954551,0.276733464306248,0.00181196349556304,1.0875204594002,0.375
"Gambia","child_iron","level","infill","sl_disc",2,30,30,0.267630700778643,0.280038296147595,0.232934279312027,0.199711428299864,0.000399174443797638,0.99447314039291,0.375
"Gambia","child_iron","level","infill","sl_nnls",2,30,30,0.243604004449388,0.251017761593346,0.237008534294666,0.204503731787923,-0.00531514963436168,1.00177044525164,0.375
"Gambia","child_iron","level","infill","sl_rank_disc",2,30,30,0.337931034482759,0.346452546869422,0.241465490951008,0.234672029050995,0.00414656889181444,1.02808168900736,0.5
"Gambia","child_iron","level","infill","sl_rank_nnls",2,30,30,0.324137931034483,0.399616091557196,0.223019177206864,0.20739193042531,-0.0385671657299104,0.958830152085808,0.375
"Gambia","child_iron","level","infill","sl_lrn_mean",2,30,30,-0.0653560454797901,-0.0338880000733203,0.243708844623152,0.210008442442783,-0.059818010009362,1.00924476567826,0.125
"Gambia","child_iron","level","infill","sl_lrn_lasso",2,30,30,0.146958129716742,0.142199964999588,0.248441337535737,0.213249790743146,-0.0248953894733371,1.00071469613704,0.25
"Gambia","child_iron","level","infill","sl_lrn_enet",2,30,30,0.203114571746385,0.235687129689251,0.240697954516473,0.205825147308365,-0.0407360030215038,0.993790947377681,0.375
"Gambia","child_iron","level","infill","sl_lrn_ridge",2,30,30,0.395773081201335,0.347416391561053,0.236718988385708,0.198844688117867,-0.0412185024376274,0.950824456391309,0.375
"Gambia","child_iron","level","infill","sl_lrn_ranger",2,30,30,0.240489432703003,0.187821984815105,0.240739147859991,0.195242414502936,-0.00634397541572712,0.989964571806635,0.25
"Gambia","child_iron","level","infill","sl_lrn_xgb",2,30,30,0.17285873192436,0.185280588116098,0.239935986255623,0.201607209380183,0.010556544119282,1.0407645083288,0.375
"Gambia","child_iron","level","infill","sl_lrn_domain_index",2,30,30,0.432258064516129,0.400952269595394,0.251372198321597,0.274302227444813,0.000764558933023348,1.07233047602521,0.375
"Gambia","child_iron","level","infill","sl_lrn_domain_pc_ridge",2,30,30,0.242269187986652,0.180475617398741,0.244476531536829,0.210990580673166,-0.0280765366743684,0.974998349250493,0.375
"Gambia","child_iron","level","infill","sl_lrn_domain_pc_enet",2,30,30,0.19377085650723,0.119024899960511,0.25294147739962,0.221276619890271,-0.044458482638773,1.00640244180589,0.25
"Gambia","child_iron","level","infill","sl_lrn_domain_pc1_ols",2,30,30,0.247163515016685,0.246806646142829,0.884254227906623,1.22945036439438,0.153829768810488,4.07136375781793,0.125
"Gambia","child_iron","level","infill","sl_lrn_hapc",2,30,30,0.142157953281424,0.128924069283692,0.250024017870735,0.204326590851712,0.0241383119698983,1.06895372838177,0.25
"Gambia","child_iron","level","infill","sl_lrn_hapc_lasso",2,30,30,0.333036707452725,0.229636811864889,0.241919875817271,0.212804477194357,0.000221299246222791,0.968282499977403,0.375
"Gambia","child_iron","level","infill","sl_lrn_spatial_gam",2,30,30,0.339710789766407,0.338440343349574,0.233336261487968,0.215358926943174,0.00664960489749922,0.936481053845002,0.25
"Gambia","child_iron","level","infill","sl_lrn_spatial_plus_domain",2,30,30,0.339710789766407,0.3384403433502,0.233336261487942,0.215358926942397,0.00664960489293247,0.936481053844266,0.25
"Gambia","child_iron","level","infill","domain_index",3,30,30,0.355728587319244,0.329731426461812,0.259580871548598,0.259230236187839,-0.0181901825557514,1.0929588739123,0.25
"Gambia","child_iron","level","infill","sl_disc",3,30,30,0.126140155728587,0.129852947041575,0.263275099418379,0.224292994374208,-0.0325044560826043,1.09481505650231,0.125
"Gambia","child_iron","level","infill","sl_nnls",3,30,30,0.308565072302558,0.306615938648062,0.235871247789016,0.199062474301541,-0.029890417640963,0.952216095613855,0.375
"Gambia","child_iron","level","infill","sl_rank_disc",3,30,30,0.293437152391546,0.276328897465048,0.245744589276,0.219951230442043,-0.0107426567867752,1.01456915540569,0.375
"Gambia","child_iron","level","infill","sl_rank_nnls",3,30,30,0.153726362625139,0.181293913229815,0.304958364177535,0.299309956402383,0.00246380200025382,1.24998662768024,0.25
"Gambia","child_iron","level","infill","sl_lrn_mean",3,30,30,-0.531017869523295,-0.506204877492299,0.253484365591633,0.21347183078814,-0.0597057658513122,1.05324218558323,0
"Gambia","child_iron","level","infill","sl_lrn_lasso",3,30,30,-0.143608020376695,-0.168703621362767,0.251413162419845,0.199029940767895,-0.0543002431130412,1.04721059867201,0.125
"Gambia","child_iron","level","infill","sl_lrn_enet",3,30,30,0.0549417931767758,0.0858055357857637,0.241342377660467,0.200558183645949,-0.0386889526396709,0.993500744569815,0.375
"Gambia","child_iron","level","infill","sl_lrn_ridge",3,30,30,0.115906562847608,0.117494784231548,0.243287505089311,0.19273618525234,-0.0436371636622967,0.992222797530191,0
"Gambia","child_iron","level","infill","sl_lrn_ranger",3,30,30,0.00734149054505006,0.030556604129669,0.252289090062103,0.192447265965857,-0.0270828605969767,1.04565504841571,0
"Gambia","child_iron","level","infill","sl_lrn_xgb",3,30,30,-0.0189098998887653,-0.015254299622854,0.27447704263884,0.223577028083237,-0.0386110213854279,1.15195008023197,0.25
"Gambia","child_iron","level","infill","sl_lrn_domain_index",3,30,30,0.376640711902113,0.350259799538806,0.256612955800898,0.260775681381688,-0.0109832379263119,1.08036888476026,0.25
"Gambia","child_iron","level","infill","sl_lrn_domain_pc_ridge",3,30,30,0.0193548387096774,0.0466991104006581,0.247453536971081,0.20081542656213,-0.0315865380982923,1.00383468129893,0
"Gambia","child_iron","level","infill","sl_lrn_domain_pc_enet",3,30,30,-0.0656621430649272,-0.15418296060671,0.264180439624963,0.21926273862331,-0.0503184175293357,1.07144029104631,0.125
"Gambia","child_iron","level","infill","sl_lrn_domain_pc1_ols",3,30,30,0.00111234705228031,0.0688088395826157,1.45309406247661,2.04684228135557,0.241898172777739,7.57352277115343,0.125
"Gambia","child_iron","level","infill","sl_lrn_hapc",3,30,30,-0.119021134593993,-0.116448239854532,0.286981546071144,0.213764931074939,-0.0244910991511472,1.20872944326678,0
"Gambia","child_iron","level","infill","sl_lrn_hapc_lasso",3,30,30,0.108787541713014,0.0165780537984704,0.251054948175258,0.204384160235887,-0.0153450432536906,1.02026538421797,0.125
"Gambia","child_iron","level","infill","sl_lrn_spatial_gam",3,30,30,0.31523915461624,0.208804238781627,0.241225163966534,0.200081362575843,-0.0187829186072649,1.01353811447258,0.25
"Gambia","child_iron","level","infill","sl_lrn_spatial_plus_domain",3,30,30,0.31523915461624,0.208804238780836,0.241225163966587,0.200081362575932,-0.0187829186068342,1.01353811447261,0.25
"Gambia","child_iron","level","region","domain_index",1,30,30,0.505228031145717,0.486604005244501,0.229062917540715,0.243627435115371,0.00925501262545239,0.942895472291304,0.375
"Gambia","child_iron","level","region","sl_disc",1,30,30,0.503448275862069,0.441184969880325,0.208626153342451,0.171546117568029,-0.0210985748239261,0.89025700840225,0.5
"Gambia","child_iron","level","region","sl_nnls",1,30,30,0.512791991101224,0.501273856931086,0.201528952252475,0.166822830783059,0.00147329438237193,0.851833310229011,0.5
"Gambia","child_iron","level","region","sl_rank_disc",1,30,30,0.510567296996663,0.463017352161537,0.211483239367979,0.19211184992474,0.012496710446116,0.928600440456678,0.375
"Gambia","child_iron","level","region","sl_rank_nnls",1,30,30,-0.0109010011123471,-0.0555738634991617,0.563589516636488,0.499270802313058,0.177778362196768,2.68321268436211,0.25
"Gambia","child_iron","level","region","sl_lrn_mean",1,30,30,-0.41029072995646,-0.447617567092815,0.253546273467122,0.223197934509536,-0.0691353336351188,1.06098891854382,0.125
"Gambia","child_iron","level","region","sl_lrn_lasso",1,30,30,0.257095198405433,0.308011955274794,0.22815768179239,0.207194395072809,-0.0172032091012514,0.938280892970795,0.5
"Gambia","child_iron","level","region","sl_lrn_enet",1,30,30,0.381535038932147,0.37466805475192,0.225829154625293,0.198827944882851,-0.0174798797216297,0.9202402312506,0.375
"Gambia","child_iron","level","region","sl_lrn_ridge",1,30,30,0.460289210233593,0.460356241959633,0.233345913797445,0.209146975435325,-0.0279133603531271,0.934430725387343,0.5
"Gambia","child_iron","level","region","sl_lrn_ranger",1,30,30,0.486095661846496,0.471108530443816,0.220536102117579,0.197979818375171,-0.00221435838485958,0.878774878441041,0.5
"Gambia","child_iron","level","region","sl_lrn_xgb",1,30,30,0.571078976640712,0.573770358759883,0.18053815599804,0.144002983860087,-0.00558562551521917,0.805523205193012,0.625
"Gambia","child_iron","level","region","sl_lrn_domain_index",1,30,30,0.510567296996663,0.483567554913764,0.231560830450512,0.247858044328231,0.0148341763058707,0.948543305425787,0.375
"Gambia","child_iron","level","region","sl_lrn_domain_pc_ridge",1,30,30,0.355728587319244,0.322065903836709,0.239533291855986,0.214971783507762,-0.023748131848158,0.954523276304589,0.375
"Gambia","child_iron","level","region","sl_lrn_domain_pc_enet",1,30,30,-0.128473006059106,-0.133326613683403,0.252184124084983,0.227433876116204,-0.0603946542112912,1.03328381781485,0.375
"Gambia","child_iron","level","region","sl_lrn_domain_pc1_ols",1,30,30,-0.127919911012236,-0.130633853874968,2.17611255964611,2.12276365875591,1.05659978271393,9.77184187101703,0.25
"Gambia","child_iron","level","region","sl_lrn_hapc",1,30,30,0.458064516129032,0.448200302577507,0.214266859043446,0.197434029355196,0.00477314239043793,0.88158418488087,0.5
"Gambia","child_iron","level","region","sl_lrn_hapc_lasso",1,30,30,0.340147768326137,0.358553104786746,0.230015650550606,0.213630569313729,0.0469381186138653,0.944095030206312,0.375
"Gambia","child_iron","level","region","sl_lrn_spatial_gam",1,30,30,0.432703003337041,0.404348274690785,0.22270435037141,0.224052416740046,0.0221600459230586,0.939970908429969,0.5
"Gambia","child_iron","level","region","sl_lrn_spatial_plus_domain",1,30,30,0.432703003337041,0.404348274694468,0.222704350370299,0.224052416737535,0.0221600459211442,0.939970908427663,0.5
"Gambia","women_iron","prev","infill","domain_index",1,30,30,0.721913236929922,0.666843565570124,10.9073162968456,11.2513221721466,0.833761607174105,0.791394541516622,0.5
"Gambia","women_iron","prev","infill","sl_disc",1,30,30,0.553281423804227,0.474127963532974,11.8424847251137,10.4758838397595,0.302853835696713,0.894103635921529,0.125
"Gambia","women_iron","prev","infill","sl_nnls",1,30,30,0.612013348164627,0.578630447646733,10.7685361499505,9.38002849632656,-1.01216917625342,0.804531772178722,0.375
"Gambia","women_iron","prev","infill","sl_rank_disc",1,30,30,0.602224694104561,0.585482769625826,10.7819759889366,8.5753043566443,-0.422086224169238,0.797701264903756,0.375
"Gambia","women_iron","prev","infill","sl_rank_nnls",1,30,30,0.595550611790879,0.569657598539238,10.8492988830367,8.61850364692299,-0.406895978234419,0.809170102849502,0.375
"Gambia","women_iron","prev","infill","sl_lrn_mean",1,30,30,-0.245085170549213,-0.278781373763608,13.9878980972718,11.1882644107104,-6.02716226741438,1.06480272529823,0.25
"Gambia","women_iron","prev","infill","sl_lrn_lasso",1,30,30,0.531924360400445,0.530943464235877,10.7455369627011,8.86290317387056,-0.891792106368246,0.835091123756277,0.25
"Gambia","women_iron","prev","infill","sl_lrn_enet",1,30,30,0.594660734149055,0.508611362812816,11.3108966146044,9.01476474293741,-1.9388569562294,0.855314587502792,0.25
"Gambia","women_iron","prev","infill","sl_lrn_ridge",1,30,30,0.618687430478309,0.557305654320187,11.0826536497297,8.17254440511011,-2.11911577621625,0.829873416041691,0.375
"Gambia","women_iron","prev","infill","sl_lrn_ranger",1,30,30,0.616907675194661,0.579052640067518,10.9365999978518,8.60622460982188,-0.361941540163846,0.801945241165212,0.375
"Gambia","women_iron","prev","infill","sl_lrn_xgb",1,30,30,0.531034482758621,0.505355511939326,11.3845748861551,9.22778010039334,1.48613784566052,0.894166592135678,0.375
"Gambia","women_iron","prev","infill","sl_lrn_domain_index",1,30,30,0.724137931034483,0.661643681525158,10.9379361032487,11.1565532707167,0.796229087726788,0.792714705769403,0.5
"Gambia","women_iron","prev","infill","sl_lrn_domain_pc_ridge",1,30,30,0.502558398220245,0.495897268812492,11.6543310510251,8.22391817577408,-2.19915310819775,0.870506723167048,0.25
"Gambia","women_iron","prev","infill","sl_lrn_domain_pc_enet",1,30,30,0.550166852057842,0.435948813955709,12.3376316963163,9.88864282248743,-1.58966813244722,0.890023050530653,0.25
"Gambia","women_iron","prev","infill","sl_lrn_domain_pc1_ols",1,30,30,0.0255839822024472,-0.0140490836664913,33.1504653938763,33.6974153601984,6.39228792833488,2.28337638592642,0.25
"Gambia","women_iron","prev","infill","sl_lrn_hapc",1,30,30,0.583092324805339,0.551413839285467,10.9742189316409,9.27013585733463,0.724359630312289,0.84704207012371,0.375
"Gambia","women_iron","prev","infill","sl_lrn_hapc_lasso",1,30,30,0.670745272525028,0.624260504221168,10.621693425148,9.72313961830968,0.679019795127839,0.773216713441728,0.375
"Gambia","women_iron","prev","infill","sl_lrn_spatial_gam",1,30,30,0.641379310344828,0.62023462687931,10.99672872107,10.6782538586592,0.0418373261279357,0.788872630927125,0.375
"Gambia","women_iron","prev","infill","sl_lrn_spatial_plus_domain",1,30,30,0.639154616240267,0.619338356633968,10.9698238669962,10.6635667814581,0.0149324720511612,0.789828275490474,0.375
"Gambia","women_iron","prev","infill","domain_index",2,30,30,0.75706340378198,0.705848650549123,10.3974745403461,11.5815527563451,0.916307693822733,0.757534939231788,0.5
"Gambia","women_iron","prev","infill","sl_disc",2,30,30,0.663626251390434,0.635055271321466,10.0952675882226,9.16945956386977,1.27084972089035,0.774808995411996,0.375
"Gambia","women_iron","prev","infill","sl_nnls",2,30,30,0.708120133481646,0.656865573421855,10.3206030900061,8.36570280860704,-1.60891035853164,0.754731438416886,0.5
"Gambia","women_iron","prev","infill","sl_rank_disc",2,30,30,0.693437152391546,0.614200092003848,10.5338943038165,10.8367037064297,0.607108081533805,0.792655565816671,0.625
"Gambia","women_iron","prev","infill","sl_rank_nnls",2,30,30,0.749054505005562,0.722575034305308,8.86659748126897,7.72565368555397,0.294307484910543,0.681620444151776,0.5
"Gambia","women_iron","prev","infill","sl_lrn_mean",2,30,30,0.0299548541782371,0.095249812621483,13.9853648928099,11.4169525527591,-6.04933949412419,1.04387303176074,0.375
"Gambia","women_iron","prev","infill","sl_lrn_lasso",2,30,30,0.76329254727475,0.705556969715231,9.97167460037342,7.43421703371652,-2.39281494952368,0.749089902941546,0.625
"Gambia","women_iron","prev","infill","sl_lrn_enet",2,30,30,0.717018909899889,0.702289950040103,9.71782781132685,7.14580094794376,-1.67645503389351,0.732409597991088,0.375
"Gambia","women_iron","prev","infill","sl_lrn_ridge",2,30,30,0.664071190211346,0.640324084269427,10.2865786848444,7.7432328505247,-2.078567879018,0.772283117875481,0.375
"Gambia","women_iron","prev","infill","sl_lrn_ranger",2,30,30,0.726362625139043,0.668196939253844,9.93661612238429,7.69057632049808,-0.785466675833434,0.738157760882925,0.625
"Gambia","women_iron","prev","infill","sl_lrn_xgb",2,30,30,0.669410456062291,0.631685633541518,9.72804707540164,8.16950902819154,0.854223978656132,0.793275340540195,0.5
"Gambia","women_iron","prev","infill","sl_lrn_domain_index",2,30,30,0.754393770856507,0.70091300257458,10.3437857954423,11.5697157723956,0.970454371430275,0.758635282418215,0.5
"Gambia","women_iron","prev","infill","sl_lrn_domain_pc_ridge",2,30,30,0.687652947719689,0.633170697898465,10.8704439414474,7.48005968400895,-2.35902386033652,0.810625628159848,0.5
"Gambia","women_iron","prev","infill","sl_lrn_domain_pc_enet",2,30,30,0.660956618464961,0.615320493437848,11.0542832343074,8.78240635415499,-2.41095768154859,0.813011166240018,0.5
"Gambia","women_iron","prev","infill","sl_lrn_domain_pc1_ols",2,30,30,0.523915461624027,0.522671829618337,23.4193312561577,23.4569187186646,3.63084848196609,1.64503595873936,0.625
"Gambia","women_iron","prev","infill","sl_lrn_hapc",2,30,30,0.655172413793103,0.660139833938854,9.74874588016879,8.23336038468175,1.22535339639077,0.751848456533397,0.5
"Gambia","women_iron","prev","infill","sl_lrn_hapc_lasso",2,30,30,0.709454949944383,0.671752643100632,9.89993048092979,8.74362167414253,0.216411969293066,0.735671697539566,0.25
"Gambia","women_iron","prev","infill","sl_lrn_spatial_gam",2,30,30,0.71301446051168,0.672658479659049,9.45524864515773,9.45391820167302,0.70008806039895,0.73801557829719,0.5
"Gambia","women_iron","prev","infill","sl_lrn_spatial_plus_domain",2,30,30,0.702780867630701,0.663263869719448,9.54006261856055,9.59905216261238,1.02301856369958,0.749995217498718,0.5
"Gambia","women_iron","prev","infill","domain_index",3,30,30,0.695216907675195,0.63766760894397,11.0406471306831,10.4288245753071,0.0734907309968217,0.79706695639991,0.375
"Gambia","women_iron","prev","infill","sl_disc",3,30,30,0.555506117908787,0.457222498336049,11.5916173369907,8.42140414777319,-0.997193545959318,0.903995961400014,0.375
"Gambia","women_iron","prev","infill","sl_nnls",3,30,30,0.706340378197998,0.652651604492125,10.1237477055943,7.03600753400814,-1.76194943808532,0.782177916768018,0.5
"Gambia","women_iron","prev","infill","sl_rank_disc",3,30,30,0.693882091212458,0.636128748609903,10.9006557399925,7.59468617217795,-2.43956382541177,0.808044034505379,0.375
"Gambia","women_iron","prev","infill","sl_rank_nnls",3,30,30,0.454060066740823,0.432137187001037,13.302569448166,13.4801843173445,-1.45893091599964,0.985190289542405,0.375
"Gambia","women_iron","prev","infill","sl_lrn_mean",3,30,30,-0.299548541782371,-0.476650677841565,14.511158320216,11.8183299594176,-6.01986377860849,1.09270400005182,0.25
"Gambia","women_iron","prev","infill","sl_lrn_lasso",3,30,30,0.615127919911012,0.577085157320547,10.0772743695009,6.53488265439257,-2.40948125807906,0.820738108332247,0.5
"Gambia","women_iron","prev","infill","sl_lrn_enet",3,30,30,0.683648498331479,0.629691130124992,10.4140986339717,7.13530902561321,-1.90326857915025,0.788467381789535,0.375
"Gambia","women_iron","prev","infill","sl_lrn_ridge",3,30,30,0.678754171301446,0.615077651385566,11.0264421283297,7.50474703572043,-2.84611552965835,0.825138927399779,0.375
"Gambia","women_iron","prev","infill","sl_lrn_ranger",3,30,30,0.618242491657397,0.581767071886843,10.7722099317242,7.77660568212278,-1.19680765875305,0.805133232425117,0.375
"Gambia","women_iron","prev","infill","sl_lrn_xgb",3,30,30,0.575528364849833,0.519766960030538,10.9905225900501,8.36529588422161,1.56446827839634,0.883365976982128,0.375
"Gambia","women_iron","prev","infill","sl_lrn_domain_index",3,30,30,0.704560622914349,0.641643532636067,11.0369214710856,10.6797755742041,0.272182999685804,0.796216222332692,0.375
"Gambia","women_iron","prev","infill","sl_lrn_domain_pc_ridge",3,30,30,0.557285873192436,0.50585022989706,11.8135460111128,8.24877454959307,-2.2366305168043,0.873780807516907,0.125
"Gambia","women_iron","prev","infill","sl_lrn_domain_pc_enet",3,30,30,0.601779755283649,0.534839804622402,11.2224444957257,7.74547208091355,-2.15907565289564,0.852643354134334,0.375
"Gambia","women_iron","prev","infill","sl_lrn_domain_pc1_ols",3,30,30,0.12258064516129,0.120459400833684,34.1751781326405,35.6514027542006,5.61373718310261,2.37221706747697,0.125
"Gambia","women_iron","prev","infill","sl_lrn_hapc",3,30,30,0.613348164627364,0.563368389935189,10.7613586872949,8.16572905973486,0.479989448716986,0.821910353813664,0.25
"Gambia","women_iron","prev","infill","sl_lrn_hapc_lasso",3,30,30,0.670745272525028,0.594990356029858,10.9442983931957,9.08856291723027,0.184488909435981,0.800358934834594,0.375
"Gambia","women_iron","prev","infill","sl_lrn_spatial_gam",3,30,30,0.696551724137931,0.653489572566225,10.1800469641086,9.58732461766804,0.288837338679877,0.75143318576733,0.375
"Gambia","women_iron","prev","infill","sl_lrn_spatial_plus_domain",3,30,30,0.696551724137931,0.653489572565981,10.1800469641113,9.58732461766793,0.288837338671966,0.751433185767576,0.375
"Gambia","women_iron","prev","region","domain_index",1,30,30,0.767741935483871,0.654817014129693,10.5251393007977,9.96692073136955,1.50955139845162,0.779169304304448,0.375
"Gambia","women_iron","prev","region","sl_disc",1,30,30,0.717018909899889,0.649454622518585,9.90412657572551,8.02559742431709,2.41598688526578,0.76562640606006,0.5
"Gambia","women_iron","prev","region","sl_nnls",1,30,30,0.782869855394883,0.722202428399875,9.17705584872111,7.73643493103478,0.549707775555272,0.707752911728764,0.5
"Gambia","women_iron","prev","region","sl_rank_disc",1,30,30,0.766852057842047,0.67548593787285,10.3980078408416,7.13678258437307,-1.24315964160475,0.78470872121442,0.625
"Gambia","women_iron","prev","region","sl_rank_nnls",1,30,30,0.515906562847608,0.434841439457145,12.699046406998,10.7176908852141,0.303660288250406,1.00174052912654,0.625
"Gambia","women_iron","prev","region","sl_lrn_mean",1,30,30,-0.732078481659038,-0.683071236584685,15.7524756779154,13.381655054609,-6.5791362109077,1.15003687925732,0
"Gambia","women_iron","prev","region","sl_lrn_lasso",1,30,30,0.707230255839822,0.693199118237436,9.1578107648022,6.64042147847636,-1.54569798801048,0.738177447191757,0.625
"Gambia","women_iron","prev","region","sl_lrn_enet",1,30,30,0.733481646273637,0.634144236777084,10.4960989218157,8.4685354876578,-2.85568275495592,0.779779287222004,0.5
"Gambia","women_iron","prev","region","sl_lrn_ridge",1,30,30,0.826028921023359,0.76671246067419,10.379399951897,7.15546190456537,-2.48836025181472,0.780752909869728,0.625
"Gambia","women_iron","prev","region","sl_lrn_ranger",1,30,30,0.810456062291435,0.739455384866486,9.68525967969444,8.17912380553551,-0.645263922274503,0.717892960164046,0.625
"Gambia","women_iron","prev","region","sl_lrn_xgb",1,30,30,0.739265850945495,0.715706550175856,8.67236961972515,8.50683674232359,2.2586574776604,0.700061046634276,0.625
"Gambia","women_iron","prev","region","sl_lrn_domain_index",1,30,30,0.750389321468298,0.660272098009868,10.1641059100622,10.014620494095,1.74491676766847,0.771310641725006,0.375
"Gambia","women_iron","prev","region","sl_lrn_domain_pc_ridge",1,30,30,0.527474972191324,0.504323077325576,11.6482188816863,8.06553026396332,-2.36611461173559,0.88819760762511,0.375
"Gambia","women_iron","prev","region","sl_lrn_domain_pc_enet",1,30,30,0.0327030033370412,0.15661086678124,13.7066972425374,9.57939487513531,-5.19211069163523,1.02345240441879,0.375
"Gambia","women_iron","prev","region","sl_lrn_domain_pc1_ols",1,30,30,0.046496106785317,0.0453240134421702,36.6745537400842,35.2301654595163,20.3388705762694,2.49859452520676,0.375
"Gambia","women_iron","prev","region","sl_lrn_hapc",1,30,30,0.793548387096774,0.709691268344277,8.81334318964784,7.35388962756995,0.306584610282734,0.695639648959884,0.375
"Gambia","women_iron","prev","region","sl_lrn_hapc_lasso",1,30,30,0.747719688542825,0.656266051362581,12.2793891885855,10.8916083479917,1.66701566721166,0.852407094718493,0.5
"Gambia","women_iron","prev","region","sl_lrn_spatial_gam",1,30,30,0.759733036707453,0.717195588689336,9.05800354323316,9.7311435709238,1.16938854341606,0.707184677299994,0.5
"Gambia","women_iron","prev","region","sl_lrn_spatial_plus_domain",1,30,30,0.759733036707453,0.717369022472793,9.0253956954339,9.67002277295246,1.29736287622692,0.705579782722743,0.5
"Gambia","women_iron","level","infill","domain_index",1,30,30,0.619132369299221,0.552248397246098,0.27976081104802,0.285478136112303,-0.0011722524507484,0.902278277847812,0.25
"Gambia","women_iron","level","infill","sl_disc",1,30,30,0.453170189098999,0.306033996404226,0.278103895499076,0.217097338886217,0.0123855502291908,0.988429410428627,0.25
"Gambia","women_iron","level","infill","sl_nnls",1,30,30,0.471412680756396,0.40591245232831,0.25684058860361,0.208662823758825,-0.00980863643776296,0.923727672359953,0.25
"Gambia","women_iron","level","infill","sl_rank_disc",1,30,30,0.562180200222469,0.465825099836495,0.247157067096184,0.19425388873077,0.00905462294707783,0.87952652489873,0.25
"Gambia","women_iron","level","infill","sl_rank_nnls",1,30,30,0.534149054505005,0.443534126044804,0.247783578726777,0.198347001834222,-0.00941477442599291,0.886542756218345,0.25
"Gambia","women_iron","level","infill","sl_lrn_mean",1,30,30,-0.269593687604134,-0.276647228434684,0.285537759456393,0.225391332760942,-0.131758228538156,1.07063803980752,0.25
"Gambia","women_iron","level","infill","sl_lrn_lasso",1,30,30,0.515906562847608,0.428862314952807,0.238442728305156,0.191250672799355,-0.0405993865264489,0.895883123309966,0.125
"Gambia","women_iron","level","infill","sl_lrn_enet",1,30,30,0.559510567296997,0.422303732500016,0.234012043575792,0.192656532915237,-0.0480777408514983,0.902060955160064,0.25
"Gambia","women_iron","level","infill","sl_lrn_ridge",1,30,30,0.493659621802002,0.39128541581653,0.244546484433714,0.186851349363246,-0.0702270958380994,0.926909299280934,0.125
"Gambia","women_iron","level","infill","sl_lrn_ranger",1,30,30,0.445606229143493,0.376196807012726,0.253529677156826,0.208253797356527,-0.0210882768715846,0.917661716030735,0
"Gambia","women_iron","level","infill","sl_lrn_xgb",1,30,30,0.436262513904338,0.303555781020132,0.281351874650285,0.236332564981719,0.0194408446991592,1.00227070736673,0.375
"Gambia","women_iron","level","infill","sl_lrn_domain_index",1,30,30,0.618687430478309,0.547096269269149,0.279559213910384,0.283426488796299,-0.00256005599041593,0.903888127680963,0.25
"Gambia","women_iron","level","infill","sl_lrn_domain_pc_ridge",1,30,30,0.338375973303671,0.282677204144388,0.258786282410612,0.193530906743159,-0.0613700967905163,0.959864827436169,0.125
"Gambia","women_iron","level","infill","sl_lrn_domain_pc_enet",1,30,30,0.347719688542825,0.181400545904458,0.271322997695642,0.224502499304796,-0.0492663143775716,1.0043385559793,0.25
"Gambia","women_iron","level","infill","sl_lrn_domain_pc1_ols",1,30,30,-0.0371523915461624,0.0386893803023087,1.70484839596113,2.76702592583539,0.299330070257541,6.44909995760597,0.125
"Gambia","women_iron","level","infill","sl_lrn_hapc",1,30,30,0.452280311457175,0.383232978931867,0.264271314007481,0.221465938862138,0.00421889414878261,0.948504115380735,0.125
"Gambia","women_iron","level","infill","sl_lrn_hapc_lasso",1,30,30,0.628031145717464,0.567053637814762,0.235396156465603,0.217737205595573,0.00811947136133924,0.820976547028897,0.375
"Gambia","women_iron","level","infill","sl_lrn_spatial_gam",1,30,30,0.540378197997775,0.445954983857944,0.272684122596683,0.263302381964555,-0.0180487293876455,0.91894187571273,0.25
"Gambia","women_iron","level","infill","sl_lrn_spatial_plus_domain",1,30,30,0.540378197997775,0.445954983857087,0.272684122597169,0.263302381965078,-0.0180487293871092,0.918941875713539,0.25
"Gambia","women_iron","level","infill","domain_index",2,30,30,0.656062291434928,0.594300134515067,0.270070699766601,0.300545296321446,0.00118681205961605,0.880457749385811,0.375
"Gambia","women_iron","level","infill","sl_disc",2,30,30,0.535928809788654,0.462171461347561,0.239995895105619,0.216488038563909,0.00171225131395422,0.887442677380364,0.25
"Gambia","women_iron","level","infill","sl_nnls",2,30,30,0.57908787541713,0.507264003264492,0.236536118351784,0.19922720969661,-0.00347038710355173,0.849264387697755,0.375
"Gambia","women_iron","level","infill","sl_rank_disc",2,30,30,0.567964404894327,0.489402088276327,0.258135114563145,0.234744048955929,0.0231100470872978,0.873321834014899,0.375
"Gambia","women_iron","level","infill","sl_rank_nnls",2,30,30,0.603559510567297,0.553396792280812,0.230921144507137,0.192256571204013,0.0273518706902879,0.833266419123784,0.25
"Gambia","women_iron","level","infill","sl_lrn_mean",2,30,30,0.0626328769181322,0.0797640711779696,0.278829749555891,0.220601584748246,-0.133368224636445,1.04939870274481,0.25
"Gambia","women_iron","level","infill","sl_lrn_lasso",2,30,30,0.621357063403782,0.54164435675429,0.228837991651725,0.162628003807513,-0.0778160096170904,0.879948373289009,0.625
"Gambia","women_iron","level","infill","sl_lrn_enet",2,30,30,0.639154616240267,0.440025810183926,0.245762030708046,0.167308012462914,-0.0327509615101566,0.891217716786723,0.375
"Gambia","women_iron","level","infill","sl_lrn_ridge",2,30,30,0.589321468298109,0.487668129127419,0.236546973879357,0.170880577281896,-0.0591157741259467,0.875873010528171,0.375
"Gambia","women_iron","level","infill","sl_lrn_ranger",2,30,30,0.610678531701891,0.520757310151392,0.227224625096482,0.175728192735441,-0.0243951298671205,0.842860864257365,0.625
"Gambia","women_iron","level","infill","sl_lrn_xgb",2,30,30,0.478086763070078,0.4002997025473,0.251293203199344,0.197685985725537,0.0195165028615941,0.946924471148847,0.375
"Gambia","women_iron","level","infill","sl_lrn_domain_index",2,30,30,0.657397107897664,0.59604045973227,0.267591911989383,0.299529839638863,0.00221708816969926,0.872872451433713,0.375
"Gambia","women_iron","level","infill","sl_lrn_domain_pc_ridge",2,30,30,0.527030033370412,0.496398973449636,0.235991732277604,0.168641154338672,-0.0606527537828153,0.884574201210896,0.375
"Gambia","women_iron","level","infill","sl_lrn_domain_pc_enet",2,30,30,0.541713014460512,0.396568229548024,0.247726707391907,0.21474079669815,-0.0648651671782766,0.921671603951101,0.5
"Gambia","women_iron","level","infill","sl_lrn_domain_pc1_ols",2,30,30,0.437152391546162,0.432640171570184,0.740939730372953,0.878140542618662,0.120562717548585,2.63149709434213,0.375
"Gambia","women_iron","level","infill","sl_lrn_hapc",2,30,30,0.574638487208009,0.529470391038102,0.245257193507533,0.200560260634264,0.0219521541938527,0.848314364554967,0.375
"Gambia","women_iron","level","infill","sl_lrn_hapc_lasso",2,30,30,0.65650723025584,0.623051569542405,0.221259774897345,0.206011542940183,-0.0050671839002481,0.789013965907897,0.375
"Gambia","women_iron","level","infill","sl_lrn_spatial_gam",2,30,30,0.610233592880979,0.5755489536372,0.230238640129085,0.235887297683366,0.00616052575261647,0.811240383346892,0.375
"Gambia","women_iron","level","infill","sl_lrn_spatial_plus_domain",2,30,30,0.609788654060067,0.561680142251636,0.233498352312082,0.242004587075101,0.0113341033317909,0.822373641403751,0.375
"Gambia","women_iron","level","infill","domain_index",3,30,30,0.591101223581758,0.537117479744473,0.283273457090869,0.26827789658824,-0.0136046344703993,0.901856082918636,0.25
"Gambia","women_iron","level","infill","sl_disc",3,30,30,0.426918798665184,0.359440407421129,0.269716001907926,0.197541527281735,-0.0106393926202116,0.95502761801713,0
"Gambia","women_iron","level","infill","sl_nnls",3,30,30,0.531034482758621,0.477548887300805,0.260959108912833,0.204137364186987,-0.0139655835645152,0.888143778468043,0.125
"Gambia","women_iron","level","infill","sl_rank_disc",3,30,30,0.688542825361513,0.610333527045172,0.22853773117378,0.214202159367909,-0.0376061197589527,0.786051653745577,0.625
"Gambia","women_iron","level","infill","sl_rank_nnls",3,30,30,0.398442714126808,0.357802702848908,0.368353632575675,0.449520032597434,-0.0514737690272206,1.29069046221468,0.125
"Gambia","women_iron","level","infill","sl_lrn_mean",3,30,30,-0.27504002472745,-0.469319737711392,0.284714875609914,0.219735928320366,-0.132870671808527,1.08690622181621,0.125
"Gambia","women_iron","level","infill","sl_lrn_lasso",3,30,30,0.587096774193548,0.45078148980678,0.237071550832644,0.163394213940723,-0.0621616444930333,0.896839868472457,0.375
"Gambia","women_iron","level","infill","sl_lrn_enet",3,30,30,0.546607341490545,0.419396105246451,0.245428169271007,0.178889766852476,-0.0663117464585674,0.916671505474633,0.25
"Gambia","women_iron","level","infill","sl_lrn_ridge",3,30,30,0.612013348164627,0.537544254129671,0.23657352592302,0.172212794425167,-0.0772501125274691,0.891749508501351,0.375
"Gambia","women_iron","level","infill","sl_lrn_ranger",3,30,30,0.518131256952169,0.473539212403062,0.23601522004983,0.169459627003002,-0.0367836738634258,0.872455688660259,0.125
"Gambia","women_iron","level","infill","sl_lrn_xgb",3,30,30,0.41357063403782,0.34551115942519,0.294542137950246,0.211651746864247,0.019224090421612,1.01097725589022,0.375
"Gambia","women_iron","level","infill","sl_lrn_domain_index",3,30,30,0.603114571746385,0.544929499000884,0.283567143037227,0.273710091187091,-0.00911375270533245,0.898907394712122,0.25
"Gambia","women_iron","level","infill","sl_lrn_domain_pc_ridge",3,30,30,0.421134593993326,0.389540476584492,0.25361110829913,0.185343257656897,-0.0631033985308311,0.927671597895395,0.125
"Gambia","women_iron","level","infill","sl_lrn_domain_pc_enet",3,30,30,0.377085650723026,0.288411135194895,0.257457128354898,0.196087784346657,-0.0626816023107858,0.959545453558093,0.125
"Gambia","women_iron","level","infill","sl_lrn_domain_pc1_ols",3,30,30,0.226251390433815,0.217789041400409,2.04852693162952,3.68032845794721,0.0020882959462176,8.93800249954784,0.125
"Gambia","women_iron","level","infill","sl_lrn_hapc",3,30,30,0.486095661846496,0.391929235646738,0.271417598561346,0.202899397761722,-0.00477634512481691,0.934394870410629,0.125
"Gambia","women_iron","level","infill","sl_lrn_hapc_lasso",3,30,30,0.578197997775306,0.437762449248703,0.242309794565918,0.208149017291562,-0.0107405893309541,0.886035214897751,0.25
"Gambia","women_iron","level","infill","sl_lrn_spatial_gam",3,30,30,0.576418242491657,0.512495404289967,0.255936930647162,0.231859667952516,-0.0245325442040731,0.865125386157806,0.25
"Gambia","women_iron","level","infill","sl_lrn_spatial_plus_domain",3,30,30,0.576418242491657,0.512495404295545,0.255936930645823,0.231859667952616,-0.0245325441998801,0.865125386151943,0.25
"Gambia","women_iron","level","region","domain_index",1,30,30,0.717463848720801,0.593308399008221,0.257011892121501,0.253800764903923,0.00275807245831317,0.843610137806111,0.375
"Gambia","women_iron","level","region","sl_disc",1,30,30,0.730812013348165,0.626937033691512,0.219745446644934,0.194011408976062,-0.0285647757893905,0.770899670528247,0.375
"Gambia","women_iron","level","region","sl_nnls",1,30,30,0.711234705228031,0.626884045724017,0.21497133457623,0.193280503539784,-0.0196452125301434,0.769357294286647,0.375
"Gambia","women_iron","level","region","sl_rank_disc",1,30,30,0.711234705228031,0.612996152779447,0.224747957213164,0.199365616102421,-0.0321023701303665,0.78266625618044,0.375
"Gambia","women_iron","level","region","sl_rank_nnls",1,30,30,0.469632925472747,0.271870924865719,0.482469420481462,0.423368322816323,-0.0114577210682929,2.32454359511219,0.5
"Gambia","women_iron","level","region","sl_lrn_mean",1,30,30,-0.676253526145051,-0.578868960987332,0.307246997123505,0.256007796538731,-0.145445900325222,1.13168113920399,0
"Gambia","women_iron","level","region","sl_lrn_lasso",1,30,30,0.611568409343715,0.524890819350361,0.218361193745856,0.151456695623532,-0.0524094435244758,0.850797419234068,0.5
"Gambia","women_iron","level","region","sl_lrn_enet",1,30,30,0.557125378906362,0.46465558083485,0.256727536948261,0.251061372395,-0.0696215287176872,0.908090322365759,0.375
"Gambia","women_iron","level","region","sl_lrn_ridge",1,30,30,0.669410456062291,0.638753575915771,0.230919085047521,0.186092353776594,-0.0821040347487472,0.877753753249857,0.5
"Gambia","women_iron","level","region","sl_lrn_ranger",1,30,30,0.740600667408231,0.617028448958094,0.219091107781125,0.196364735525728,-0.0435951477089029,0.81244945018894,0.5
"Gambia","women_iron","level","region","sl_lrn_xgb",1,30,30,0.696106785317019,0.601018823027382,0.212330648333911,0.184782801660292,0.00257077519537507,0.799986097911735,0.5
"Gambia","women_iron","level","region","sl_lrn_domain_index",1,30,30,0.704560622914349,0.602475953654642,0.251153235624826,0.256376360676762,0.00579891912101106,0.831508883099667,0.375
"Gambia","women_iron","level","region","sl_lrn_domain_pc_ridge",1,30,30,0.369521690767519,0.32397345256414,0.262704507953762,0.214999685356689,-0.0750681974051255,0.960434291538227,0.25
"Gambia","women_iron","level","region","sl_lrn_domain_pc_enet",1,30,30,-0.165513762368696,-0.125157398090989,0.297394203300686,0.249242555387437,-0.112958439923458,1.07444975469641,0.25
"Gambia","women_iron","level","region","sl_lrn_domain_pc1_ols",1,30,30,0.254727474972191,0.107062487712252,2.08823776515585,1.77772306365162,0.608867919829124,8.80423778125437,0.375
"Gambia","women_iron","level","region","sl_lrn_hapc",1,30,30,0.74460511679644,0.648226984739242,0.211275794519077,0.191052638449634,-0.0202601073740898,0.751636253759877,0.5
"Gambia","women_iron","level","region","sl_lrn_hapc_lasso",1,30,30,0.745494994438265,0.652796653961257,0.251410187897773,0.222689616733474,0.00943287210181592,0.867746955731164,0.375
"Gambia","women_iron","level","region","sl_lrn_spatial_gam",1,30,30,0.682313681868743,0.632958252788942,0.235144373750659,0.247075844907511,-0.00447909595339661,0.786705707224485,0.5
"Gambia","women_iron","level","region","sl_lrn_spatial_plus_domain",1,30,30,0.682313681868743,0.63295825278627,0.235144373753202,0.247075844910063,-0.00447909594936703,0.786705707228076,0.5
"Ghana","child_iron","prev","infill","domain_index",1,75,75,0.530704204008745,0.598779163131306,16.3669534205142,16.1705183248066,2.10984985840765,1.16406965038041,0.526315789473684
"Ghana","child_iron","prev","infill","sl_disc",1,75,75,0.551792450156739,0.547915270971044,12.7835022692934,12.8405140929572,-4.32397827350879,0.877118258025824,0.578947368421053
"Ghana","child_iron","prev","infill","sl_nnls",1,75,75,0.557946163149146,0.591448136513289,12.5407510296524,12.3766228520427,-3.51562386089533,0.855677657941104,0.578947368421053
"Ghana","child_iron","prev","infill","sl_rank_disc",1,75,75,0.583546180307814,0.563972802034179,15.2022077715419,15.1947817887065,-0.036535861013235,1.06746312535268,0.526315789473684
"Ghana","child_iron","prev","infill","sl_rank_nnls",1,75,75,0.563700098963392,0.59806323071224,13.2276169859625,13.1509930972607,-0.746271791291995,0.926109292960419,0.526315789473684
"Ghana","child_iron","prev","infill","sl_lrn_mean",1,75,75,-0.157146926834408,-0.155841601145891,14.2313548002971,14.3276912809685,-6.64971014184618,1.06678774212049,0.105263157894737
"Ghana","child_iron","prev","infill","sl_lrn_lasso",1,75,75,0.50264841275566,0.529761754865889,12.6548634485977,12.7325363725711,-4.85901435573816,0.882330092275513,0.578947368421053
"Ghana","child_iron","prev","infill","sl_lrn_enet",1,75,75,0.523008493329146,0.564262991063758,12.6071246614504,12.5874319536256,-5.38380184031806,0.877256736652941,0.631578947368421
"Ghana","child_iron","prev","infill","sl_lrn_ridge",1,75,75,0.556446998731042,0.593711027622574,12.178663239257,12.1195959530076,-4.64754444465859,0.837680460084114,0.526315789473684
"Ghana","child_iron","prev","infill","sl_lrn_ranger",1,75,75,0.549550842407764,0.550557938503161,12.9027092688143,12.7416336765127,-4.34383305740787,0.872709661788347,0.578947368421053
"Ghana","child_iron","prev","infill","sl_lrn_xgb",1,75,75,0.50718873927906,0.511735283661913,13.5293003716516,13.0763139104226,-3.53585420446064,0.923782099880694,0.526315789473684
"Ghana","child_iron","prev","infill","sl_lrn_domain_index",1,75,75,0.523979380761823,0.597477292733581,16.4246196076039,16.19355957793,2.12146676149447,1.16353301109861,0.526315789473684
"Ghana","child_iron","prev","infill","sl_lrn_domain_pc_ridge",1,75,75,0.545453126331614,0.579688038377383,12.3360393251796,12.3821315819165,-5.0922914972062,0.858049519774713,0.578947368421053
"Ghana","child_iron","prev","infill","sl_lrn_domain_pc_enet",1,75,75,0.524564768772701,0.493087122023362,12.7950400341405,12.8175665498766,-5.24098709617684,0.909493960991638,0.526315789473684
"Ghana","child_iron","prev","infill","sl_lrn_domain_pc1_ols",1,75,75,0.528362651965231,0.451613896096662,15.3345717726919,15.9944590286115,1.52791473592711,1.17858651415282,0.578947368421053
"Ghana","child_iron","prev","infill","sl_lrn_hapc",1,75,75,0.541612409869996,0.511511884168913,13.4029422067161,13.707032976574,-3.76127429657492,0.920998183478065,0.526315789473684
"Ghana","child_iron","prev","infill","sl_lrn_hapc_lasso",1,75,75,0.539099524750127,0.57265705058351,12.7345597502388,12.9011675838206,-5.53053635324875,0.869388775184825,0.526315789473684
"Ghana","child_iron","prev","infill","sl_lrn_spatial_gam",1,75,75,0.52189482833284,0.540301161425744,13.3149502933044,13.0700650710449,-3.87553139928675,0.887777173853927,0.578947368421053
"Ghana","child_iron","prev","infill","sl_lrn_spatial_plus_domain",1,75,75,0.527191875943473,0.542542203421384,13.2942055096634,13.0562558204825,-3.90430466625066,0.885527987666576,0.578947368421053
"Ghana","child_iron","prev","infill","domain_index",2,75,75,0.445423165253183,0.553833310635009,17.0846694398829,16.8585288177817,2.50091787188551,1.24106759004999,0.526315789473684
"Ghana","child_iron","prev","infill","sl_disc",2,75,75,0.418923649443653,0.30909335528395,16.9992616329176,16.6946948784475,-0.539593677772778,1.23314879779841,0.578947368421053
"Ghana","child_iron","prev","infill","sl_nnls",2,75,75,0.433429849908353,0.439681869009787,15.197656496562,15.0176123149904,-0.821414652068755,1.08791720714125,0.526315789473684
"Ghana","child_iron","prev","infill","sl_rank_disc",2,75,75,0.499878528021259,0.566777010335153,16.2640679389634,16.1039999401151,2.12721703877434,1.19095092682369,0.578947368421053
"Ghana","child_iron","prev","infill","sl_rank_nnls",2,75,75,0.457959035339804,0.45251281201849,15.2713048269777,14.9967830041445,-1.14270603480843,1.07837357380326,0.526315789473684
"Ghana","child_iron","prev","infill","sl_lrn_mean",2,75,75,-0.256811737177232,-0.159275864858527,14.55798375963,14.602159309993,-6.65153086339073,1.06717825879212,0.157894736842105
"Ghana","child_iron","prev","infill","sl_lrn_lasso",2,75,75,0.384457145583629,0.417243445257877,13.5867531864829,13.3587846750573,-4.20845681000029,0.961201584141889,0.578947368421053
"Ghana","child_iron","prev","infill","sl_lrn_enet",2,75,75,0.44792177261669,0.503583504006868,13.0048031054857,12.8744378827083,-4.82855221594353,0.897663444072201,0.578947368421053
"Ghana","child_iron","prev","infill","sl_lrn_ridge",2,75,75,0.471851292280899,0.526479416561887,12.73794282335,12.7057768351113,-4.09210394298699,0.873948360318443,0.578947368421053
"Ghana","child_iron","prev","infill","sl_lrn_ranger",2,75,75,0.469681073313739,0.487743832334264,13.5103518862511,13.3740450957456,-4.10907020475678,0.918479930656929,0.526315789473684
"Ghana","child_iron","prev","infill","sl_lrn_xgb",2,75,75,0.358885683937687,0.383291108825079,14.877640661858,14.3245433583489,-4.48848134122279,1.01025344703637,0.526315789473684
"Ghana","child_iron","prev","infill","sl_lrn_domain_index",2,75,75,0.447264995823997,0.556638706123103,17.1194213677608,16.9538443016324,2.55600543384045,1.24295324371438,0.526315789473684
"Ghana","child_iron","prev","infill","sl_lrn_domain_pc_ridge",2,75,75,0.458501590081594,0.528165260147644,12.7132407128302,12.6942054438835,-4.74052646595176,0.881393674928273,0.526315789473684
"Ghana","child_iron","prev","infill","sl_lrn_domain_pc_enet",2,75,75,0.448621382678472,0.483054018467483,12.9514416617512,12.871539604605,-3.82084186299257,0.897320002308191,0.473684210526316
"Ghana","child_iron","prev","infill","sl_lrn_domain_pc1_ols",2,75,75,0.323391181619534,0.330518902194803,17.0639043704658,17.9365122460954,0.453096222796985,1.23575472645181,0.526315789473684
"Ghana","child_iron","prev","infill","sl_lrn_hapc",2,75,75,0.481103278404054,0.448229243899831,14.1088263115542,13.8319162407129,-4.35325662351143,0.98308927360732,0.526315789473684
"Ghana","child_iron","prev","infill","sl_lrn_hapc_lasso",2,75,75,0.422949976737989,0.504187186114552,13.1303084324493,13.2203883094267,-5.81864734457792,0.917773377753789,0.578947368421053
"Ghana","child_iron","prev","infill","sl_lrn_spatial_gam",2,75,75,0.429603411203098,0.440686715914373,14.3155315022674,13.9844717264081,-3.77271147611494,0.977969508656697,0.578947368421053
"Ghana","child_iron","prev","infill","sl_lrn_spatial_plus_domain",2,75,75,0.452319321576461,0.420878557918357,14.5148828478925,14.270917991572,-4.30455458898508,0.999486357086685,0.526315789473684
"Ghana","child_iron","prev","infill","domain_index",3,75,75,0.518725166420278,0.59396205630233,16.360470208482,16.182596771587,2.12869922433161,1.17187876681011,0.526315789473684
"Ghana","child_iron","prev","infill","sl_disc",3,75,75,0.474821065604381,0.532819917176848,12.9359711262691,12.7390568825517,-4.3936430345896,0.882112457783863,0.578947368421053
"Ghana","child_iron","prev","infill","sl_nnls",3,75,75,0.472822179713576,0.561001798673045,12.7324537077409,12.8504190514424,-4.59406368592071,0.878051829879932,0.631578947368421
"Ghana","child_iron","prev","infill","sl_rank_disc",3,75,75,0.527091931648933,0.567633957608356,15.3063445952128,15.2472119474428,-1.47669879925786,1.0424239583735,0.684210526315789
"Ghana","child_iron","prev","infill","sl_rank_nnls",3,75,75,0.480417946098635,0.536764531090375,13.6149491937035,13.6062177399138,-2.87563996221945,0.970697295296989,0.578947368421053
"Ghana","child_iron","prev","infill","sl_lrn_mean",3,75,75,-0.163485259071123,-0.216605522801333,14.3848706954158,14.5366363964212,-6.65391220923605,1.0725816886482,0.0526315789473684
"Ghana","child_iron","prev","infill","sl_lrn_lasso",3,75,75,0.463598749103147,0.528563974942436,13.005581099957,12.9885364369086,-5.55254156551288,0.896020977588262,0.526315789473684
"Ghana","child_iron","prev","infill","sl_lrn_enet",3,75,75,0.521238051540147,0.558987163193678,12.2432849938161,12.0656040214914,-5.16472394372271,0.871208250860153,0.578947368421053
"Ghana","child_iron","prev","infill","sl_lrn_ridge",3,75,75,0.520538441478365,0.56525706727841,12.3985708550905,12.4035861465337,-4.52876941860013,0.856225122781758,0.473684210526316
"Ghana","child_iron","prev","infill","sl_lrn_ranger",3,75,75,0.54005613442644,0.578673661480889,12.3702241656883,12.3640298492295,-4.80527747333613,0.855250070757384,0.578947368421053
"Ghana","child_iron","prev","infill","sl_lrn_xgb",3,75,75,0.493781926054303,0.528011294195927,13.2873565845208,13.0378234984774,-4.58348505521374,0.917019707252204,0.526315789473684
"Ghana","child_iron","prev","infill","sl_lrn_domain_index",3,75,75,0.509044847606236,0.590291783298798,16.3947828845588,16.2216492563098,1.99886214976881,1.17296379392238,0.578947368421053
"Ghana","child_iron","prev","infill","sl_lrn_domain_pc_ridge",3,75,75,0.522637271663711,0.5652882778717,12.3918205684187,12.3235683534998,-5.19482743751054,0.868659839530565,0.526315789473684
"Ghana","child_iron","prev","infill","sl_lrn_domain_pc_enet",3,75,75,0.483658996793012,0.528677553632276,12.4005120658199,12.374078212206,-4.35160244451151,0.876128730487361,0.473684210526316
"Ghana","child_iron","prev","infill","sl_lrn_domain_pc1_ols",3,75,75,0.430345854533968,0.387604429318032,15.6461291984507,16.9749001997229,-0.748705804783406,1.18923337820364,0.473684210526316
"Ghana","child_iron","prev","infill","sl_lrn_hapc",3,75,75,0.51572683758407,0.517982145724541,13.1178196695169,13.2142879877443,-4.11244934201952,0.92606520867672,0.526315789473684
"Ghana","child_iron","prev","infill","sl_lrn_hapc_lasso",3,75,75,0.515955281685876,0.562105779888035,12.7906158528346,13.0389322994115,-6.07364673792808,0.884730002266896,0.526315789473684
"Ghana","child_iron","prev","infill","sl_lrn_spatial_gam",3,75,75,0.515155727329555,0.531628048403395,12.9436732746402,13.0326434845126,-5.09579239072521,0.905314661103226,0.578947368421053
"Ghana","child_iron","prev","infill","sl_lrn_spatial_plus_domain",3,75,75,0.50827384876264,0.527497050716532,13.083129245115,13.1966308366286,-5.1090139483225,0.912667872380664,0.631578947368421
"Ghana","child_iron","prev","region","domain_index",1,75,75,0.472036903113617,0.533408715021645,16.6018068833629,16.2152531116299,1.65797098980716,1.20357689103904,0.526315789473684
"Ghana","child_iron","prev","region","sl_disc",1,75,75,0.401876008346359,0.341324707539132,14.0739383849823,13.6705227386516,-4.45389736830626,1.00704169133121,0.421052631578947
"Ghana","child_iron","prev","region","sl_nnls",1,75,75,0.447293551336722,0.412193925218684,14.0900869598853,14.155165418881,-5.02059864882869,0.995555568439192,0.526315789473684
"Ghana","child_iron","prev","region","sl_rank_disc",1,75,75,0.198046758509693,0.0687074052667661,19.2275656852425,19.6725722510239,0.442434124745194,1.34681138449475,0.105263157894737
"Ghana","child_iron","prev","region","sl_rank_nnls",1,75,75,0.384157312700008,0.265733903673042,15.1935762900682,15.29351611021,-2.24260300855455,1.0947252412606,0.315789473684211
"Ghana","child_iron","prev","region","sl_lrn_mean",1,75,75,-0.651318965270459,-0.737733795040626,14.7478238895045,14.8052435654235,-6.67104967822778,1.1021589284999,0.0526315789473684
"Ghana","child_iron","prev","region","sl_lrn_lasso",1,75,75,0.308199648849416,0.245796552235517,14.9556874977782,14.563708919091,-4.36194039033112,1.04224761604297,0.263157894736842
"Ghana","child_iron","prev","region","sl_lrn_enet",1,75,75,0.379959652329317,0.327583102230158,13.5880560036492,13.3800697184713,-4.58308369436629,0.986101899322097,0.368421052631579
"Ghana","child_iron","prev","region","sl_lrn_ridge",1,75,75,0.432573184526579,0.436401451732249,13.2392317453348,13.0869299661441,-5.53683857177299,0.944798025345411,0.473684210526316
"Ghana","child_iron","prev","region","sl_lrn_ranger",1,75,75,0.389954081783343,0.302021460169363,14.5669722526782,14.3186975267358,-5.71477505579193,1.03760260410027,0.473684210526316
"Ghana","child_iron","prev","region","sl_lrn_xgb",1,75,75,0.330373004480989,0.24403847321729,15.3557385855121,14.7737977538358,-5.88018092009658,1.10330118266193,0.315789473684211
"Ghana","child_iron","prev","region","sl_lrn_domain_index",1,75,75,0.477305395211524,0.534200289743551,16.4514189408938,16.0718342387728,1.45796263413013,1.1972906140048,0.526315789473684
"Ghana","child_iron","prev","region","sl_lrn_domain_pc_ridge",1,75,75,0.440197506424364,0.350387445803348,13.8138164747251,13.8225516589576,-5.73326611392266,0.98579612930839,0.473684210526316
"Ghana","child_iron","prev","region","sl_lrn_domain_pc_enet",1,75,75,0.366809838719093,0.323040690746705,13.9998042041536,13.9833972391734,-5.96465401915391,0.998322371821313,0.368421052631579
"Ghana","child_iron","prev","region","sl_lrn_domain_pc1_ols",1,75,75,0.250260513528794,0.141717634277994,21.3403552142889,22.9610947132414,5.62965810968971,1.53279673677351,0.210526315789474
"Ghana","child_iron","prev","region","sl_lrn_hapc",1,75,75,0.308156815580327,0.154442597877591,16.3353390933165,16.2016070560192,-5.88184473943738,1.17391406262272,0.315789473684211
"Ghana","child_iron","prev","region","sl_lrn_hapc_lasso",1,75,75,0.362326623221144,0.275242931448682,14.752240532838,14.5254033503742,-5.542182637507,1.04754320596256,0.368421052631579
"Ghana","child_iron","prev","region","sl_lrn_spatial_gam",1,75,75,0.49258259451982,0.449159040875959,13.6538014869717,13.5428819002694,-4.79430489399528,0.961434823468788,0.473684210526316
"Ghana","child_iron","prev","region","sl_lrn_spatial_plus_domain",1,75,75,0.488941766647282,0.441082844196227,13.7291131489745,13.6671013793673,-4.98883626040716,0.966881639536958,0.473684210526316
"Ghana","child_iron","level","infill","domain_index",1,75,75,0.54352773826458,0.602808716179542,0.315875148466561,0.298563797814076,-0.00451995765220304,0.886335852936256,0.631578947368421
"Ghana","child_iron","level","infill","sl_disc",1,75,75,0.581792318634424,0.569503999498318,0.275334114091961,0.261598247891247,0.0130487647385745,0.82631399602052,0.578947368421053
"Ghana","child_iron","level","infill","sl_nnls",1,75,75,0.559573257467994,0.593457548679298,0.281704134198993,0.263509935015635,0.00871686845461783,0.803403904004989,0.631578947368421
"Ghana","child_iron","level","infill","sl_rank_disc",1,75,75,0.540341394025605,0.568813143769714,0.29447335157416,0.279977063130246,0.0120968613343132,0.841346301206625,0.631578947368421
"Ghana","child_iron","level","infill","sl_rank_nnls",1,75,75,0.571522048364154,0.626004528889061,0.2748942070907,0.259110085030304,0.0121142805797019,0.779617796411536,0.684210526315789
"Ghana","child_iron","level","infill","sl_lrn_mean",1,75,75,-0.14589369136363,-0.102265871647078,0.344171517320827,0.33796765628135,0.00984283880467782,0.99864534133019,0.210526315789474
"Ghana","child_iron","level","infill","sl_lrn_lasso",1,75,75,0.572290184921764,0.602006290664024,0.275705605391429,0.261363823017228,-0.00365992026978772,0.794186911060693,0.631578947368421
"Ghana","child_iron","level","infill","sl_lrn_enet",1,75,75,0.582190611664296,0.61802923611067,0.268109577401926,0.253743204993437,-0.00569568606418932,0.783036562256037,0.631578947368421
"Ghana","child_iron","level","infill","sl_lrn_ridge",1,75,75,0.554651493598862,0.612088765896079,0.280463500878981,0.265343349493238,-0.00290069542289644,0.790694306685584,0.578947368421053
"Ghana","child_iron","level","infill","sl_lrn_ranger",1,75,75,0.597894736842105,0.638597469861122,0.268879007464628,0.254565658157027,0.00362302335806223,0.764751151925607,0.631578947368421
"Ghana","child_iron","level","infill","sl_lrn_xgb",1,75,75,0.524438122332859,0.586918118829384,0.291500974307198,0.269749265170393,0.0184066531187733,0.821550141905723,0.631578947368421
"Ghana","child_iron","level","infill","sl_lrn_domain_index",1,75,75,0.542901849217639,0.600629359098767,0.316981314906431,0.298732986858623,-0.0033742554624643,0.889666172532725,0.631578947368421
"Ghana","child_iron","level","infill","sl_lrn_domain_pc_ridge",1,75,75,0.571578947368421,0.609384929649038,0.281002413343658,0.26578456285516,0.00481849152133085,0.802322941350748,0.578947368421053
"Ghana","child_iron","level","infill","sl_lrn_domain_pc_enet",1,75,75,0.537866287339971,0.542690964443405,0.297149354678368,0.284490651265451,0.000828234977283842,0.835078524229154,0.578947368421053
"Ghana","child_iron","level","infill","sl_lrn_domain_pc1_ols",1,75,75,0.513115220483641,0.538284918067655,0.332685996202362,0.327648923047911,0.0176330550610126,0.94523192986377,0.631578947368421
"Ghana","child_iron","level","infill","sl_lrn_hapc",1,75,75,0.565547652916074,0.602215127220402,0.283357115401441,0.271620499911409,0.00215059470842429,0.805619462883207,0.578947368421053
"Ghana","child_iron","level","infill","sl_lrn_hapc_lasso",1,75,75,0.501849217638691,0.55960931933786,0.295079011221374,0.279482631498543,-0.0103064286606675,0.823746539960844,0.684210526315789
"Ghana","child_iron","level","infill","sl_lrn_spatial_gam",1,75,75,0.510355618776671,0.554851743837318,0.303400785032299,0.285777188137146,-0.00218283238735063,0.850608031662224,0.631578947368421
"Ghana","child_iron","level","infill","sl_lrn_spatial_plus_domain",1,75,75,0.510355618776671,0.554851743836488,0.303400785032877,0.285777188137848,-0.00218283238908391,0.850608031663004,0.631578947368421
"Ghana","child_iron","level","infill","domain_index",2,75,75,0.494879089615932,0.566389101333468,0.32235282591997,0.303093607838749,0.005305926849671,0.926288744994393,0.631578947368421
"Ghana","child_iron","level","infill","sl_disc",2,75,75,0.498520625889047,0.497076316374535,0.301048815433,0.283118338631999,0.0498903436187455,0.890505005130354,0.631578947368421
"Ghana","child_iron","level","infill","sl_nnls",2,75,75,0.529302987197724,0.529394965780088,0.302654981790119,0.286559863266708,0.0455656579042351,0.88281398127609,0.578947368421053
"Ghana","child_iron","level","infill","sl_rank_disc",2,75,75,0.467652916073969,0.506536603313151,0.318304471131155,0.297387418466721,0.0525792124895667,0.919843352431264,0.631578947368421
"Ghana","child_iron","level","infill","sl_rank_nnls",2,75,75,0.496529160739687,0.518821048574049,0.303311198922513,0.283296796497698,0.0386930669592869,0.874020744577335,0.631578947368421
"Ghana","child_iron","level","infill","sl_lrn_mean",2,75,75,-0.173765918967427,-0.185856302291822,0.343810055410813,0.336284236871065,0.00989421793959179,1.0009709838869,0.210526315789474
"Ghana","child_iron","level","infill","sl_lrn_lasso",2,75,75,0.545917496443812,0.557357754158343,0.274949576978866,0.258704660242712,-0.0104686000782976,0.825632835586901,0.631578947368421
"Ghana","child_iron","level","infill","sl_lrn_enet",2,75,75,0.551550497866287,0.595881447118924,0.269105973851374,0.251401607559485,-0.00115669436032942,0.798106661930125,0.631578947368421
"Ghana","child_iron","level","infill","sl_lrn_ridge",2,75,75,0.494594594594595,0.544345832817312,0.285971345728117,0.269216389875239,0.019749727836249,0.835175804138243,0.631578947368421
"Ghana","child_iron","level","infill","sl_lrn_ranger",2,75,75,0.533143669985775,0.57737632448089,0.276752918736977,0.257564935753028,0.00727048321582985,0.812907489070699,0.578947368421053
"Ghana","child_iron","level","infill","sl_lrn_xgb",2,75,75,0.498349928876245,0.555741502288175,0.289523374423358,0.265569562849986,0.00164075346057013,0.835832043832933,0.578947368421053
"Ghana","child_iron","level","infill","sl_lrn_domain_index",2,75,75,0.502190611664296,0.568967639023199,0.324262050791049,0.305718509041698,0.00390067169745193,0.926468298454134,0.631578947368421
"Ghana","child_iron","level","infill","sl_lrn_domain_pc_ridge",2,75,75,0.50972972972973,0.550673145101833,0.288634428135979,0.272272777380882,0.0104497863351633,0.835491451098433,0.578947368421053
"Ghana","child_iron","level","infill","sl_lrn_domain_pc_enet",2,75,75,0.499800853485064,0.507537870947,0.297914040970397,0.283262964502076,0.0135344998075182,0.857345143693753,0.631578947368421
"Ghana","child_iron","level","infill","sl_lrn_domain_pc1_ols",2,75,75,0.416756756756757,0.414677028937375,0.351198120518604,0.35205229935537,0.0233744945138587,1.03620044787464,0.526315789473684
"Ghana","child_iron","level","infill","sl_lrn_hapc",2,75,75,0.544068278805121,0.566074351838495,0.285561403433085,0.266543625045773,-0.00595720799382962,0.824675953933954,0.578947368421053
"Ghana","child_iron","level","infill","sl_lrn_hapc_lasso",2,75,75,0.428335704125178,0.476486780374856,0.301406711835152,0.278205474322792,0.000538632256187697,0.874779170399846,0.631578947368421
"Ghana","child_iron","level","infill","sl_lrn_spatial_gam",2,75,75,0.406657183499289,0.504824938019236,0.320885088391087,0.297128223641549,0.0288387890713584,0.887126390768643,0.631578947368421
"Ghana","child_iron","level","infill","sl_lrn_spatial_plus_domain",2,75,75,0.406657183499289,0.504824938019233,0.320885088391087,0.297128223641548,0.0288387890713526,0.887126390768644,0.631578947368421
"Ghana","child_iron","level","infill","domain_index",3,75,75,0.527254623044097,0.591822175670819,0.311991393349695,0.292196891292761,-0.00517597279252575,0.896661366514109,0.631578947368421
"Ghana","child_iron","level","infill","sl_disc",3,75,75,0.499061166429587,0.541241716281446,0.296992815055708,0.280017847435132,0.033745681836446,0.84760009959653,0.526315789473684
"Ghana","child_iron","level","infill","sl_nnls",3,75,75,0.496529160739687,0.555938104892263,0.289827211664912,0.271789843379702,0.00161381458208391,0.829673300844822,0.578947368421053
"Ghana","child_iron","level","infill","sl_rank_disc",3,75,75,0.439032716927454,0.478388500771368,0.317869159107856,0.301244775373156,-0.0154837398256414,0.92619909950256,0.578947368421053
"Ghana","child_iron","level","infill","sl_rank_nnls",3,75,75,0.520426742532006,0.569449308301674,0.28542412923833,0.266224854398508,-0.00829008355538643,0.827671949458871,0.631578947368421
"Ghana","child_iron","level","infill","sl_lrn_mean",3,75,75,-0.186831025656708,-0.221256635362525,0.346453251387574,0.339862268655285,0.00976521540881025,1.00593519843757,0.157894736842105
"Ghana","child_iron","level","infill","sl_lrn_lasso",3,75,75,0.542247510668563,0.571361623034215,0.284025669851174,0.26787660653846,-0.00705253837496421,0.815394391827178,0.578947368421053
"Ghana","child_iron","level","infill","sl_lrn_enet",3,75,75,0.501593172119488,0.525734004252964,0.295821368969829,0.281669901733336,0.00475985297381468,0.846538266970404,0.526315789473684
"Ghana","child_iron","level","infill","sl_lrn_ridge",3,75,75,0.509132290184922,0.55652895667557,0.289029657623265,0.275392228874687,0.00261117636266234,0.825594988761714,0.578947368421053
"Ghana","child_iron","level","infill","sl_lrn_ranger",3,75,75,0.540142247510668,0.595623895925667,0.27861293211138,0.26335054991708,-0.00862599457356602,0.799398697305511,0.631578947368421
"Ghana","child_iron","level","infill","sl_lrn_xgb",3,75,75,0.515732574679943,0.58946685693551,0.286925510767115,0.26416931794362,-0.00976077903047805,0.825609561641389,0.578947368421053
"Ghana","child_iron","level","infill","sl_lrn_domain_index",3,75,75,0.532147937411095,0.590144251619634,0.31433999414009,0.294846582589376,-0.00777868019702138,0.899680857257612,0.631578947368421
"Ghana","child_iron","level","infill","sl_lrn_domain_pc_ridge",3,75,75,0.525945945945946,0.581632819546926,0.28566105750944,0.271704559977471,0.00252618900094387,0.818179272659604,0.578947368421053
"Ghana","child_iron","level","infill","sl_lrn_domain_pc_enet",3,75,75,0.486344238975818,0.504041750945225,0.302520729236375,0.287499000472249,-0.00211883056007441,0.857916461194716,0.578947368421053
"Ghana","child_iron","level","infill","sl_lrn_domain_pc1_ols",3,75,75,0.446088193456614,0.471090513884684,0.336087289570181,0.337143112088414,0.0136361381657329,0.965857820233168,0.578947368421053
"Ghana","child_iron","level","infill","sl_lrn_hapc",3,75,75,0.485718349928876,0.542705089485748,0.305496264515915,0.291564524126273,-0.00702553759875226,0.857200660671705,0.631578947368421
"Ghana","child_iron","level","infill","sl_lrn_hapc_lasso",3,75,75,0.500711237553343,0.546180216435637,0.285581435826031,0.268921766741245,-0.011223509551542,0.833696661620889,0.578947368421053
"Ghana","child_iron","level","infill","sl_lrn_spatial_gam",3,75,75,0.524864864864865,0.549932445571484,0.300382761658267,0.281416144812687,-0.0194361864222731,0.853157448693156,0.684210526315789
"Ghana","child_iron","level","infill","sl_lrn_spatial_plus_domain",3,75,75,0.524864864864865,0.549932445571484,0.300382761658267,0.281416144812687,-0.0194361864222687,0.853157448693155,0.684210526315789
"Ghana","child_iron","level","region","domain_index",1,75,75,0.530298719772404,0.564833941871836,0.312045703464296,0.290586423716724,-0.0111186720634414,0.899757586310313,0.526315789473684
"Ghana","child_iron","level","region","sl_disc",1,75,75,0.429928876244666,0.408720699930292,0.325705843807178,0.313757981226607,-0.00164629232387069,0.954915579366252,0.368421052631579
"Ghana","child_iron","level","region","sl_nnls",1,75,75,0.511550497866287,0.519390746812159,0.305542595775039,0.292197852916479,0.00235728835778475,0.864420494631283,0.578947368421053
"Ghana","child_iron","level","region","sl_rank_disc",1,75,75,0.419288762446657,0.394187434447533,0.343452668389348,0.331281324338482,0.0182105831112181,0.965353382241053,0.368421052631579
"Ghana","child_iron","level","region","sl_rank_nnls",1,75,75,0.379573257467994,0.420488500843755,0.358228402692651,0.345497403953915,-0.0245045802581053,0.948622969190222,0.526315789473684
"Ghana","child_iron","level","region","sl_lrn_mean",1,75,75,-0.546898583295625,-0.672225092981404,0.356289716973283,0.349600295068586,0.00901755437806397,1.04165124524958,0.0526315789473684
"Ghana","child_iron","level","region","sl_lrn_lasso",1,75,75,0.500113798008535,0.458805321862802,0.310554900451004,0.296886205998454,-0.00708870287078234,0.89669265658357,0.526315789473684
"Ghana","child_iron","level","region","sl_lrn_enet",1,75,75,0.51049786628734,0.51111184385391,0.289760752795802,0.273469051785761,-0.0126235146279813,0.854382786132416,0.526315789473684
"Ghana","child_iron","level","region","sl_lrn_ridge",1,75,75,0.450953058321479,0.464003330160782,0.308384639066821,0.293502860943558,-0.00567118069842077,0.881232477870652,0.526315789473684
"Ghana","child_iron","level","region","sl_lrn_ranger",1,75,75,0.501109530583215,0.477120987591615,0.30570540181432,0.290476181463762,-0.019465881850399,0.882383778441433,0.526315789473684
"Ghana","child_iron","level","region","sl_lrn_xgb",1,75,75,0.455135135135135,0.4096004431524,0.332933633952719,0.318749815112579,-0.0254384536418876,0.952176329993029,0.421052631578947
"Ghana","child_iron","level","region","sl_lrn_domain_index",1,75,75,0.52099573257468,0.567306932945298,0.31568377399939,0.29450102480419,-0.0184440403150364,0.90317349367229,0.578947368421053
"Ghana","child_iron","level","region","sl_lrn_domain_pc_ridge",1,75,75,0.487254623044097,0.453352780965925,0.303439522850834,0.290036588215076,-0.00911464451230803,0.886642427199061,0.526315789473684
"Ghana","child_iron","level","region","sl_lrn_domain_pc_enet",1,75,75,0.402133712660028,0.32344857687014,0.334181063740797,0.32402797584929,0.00478914353873076,0.947416520941965,0.473684210526316
"Ghana","child_iron","level","region","sl_lrn_domain_pc1_ols",1,75,75,0.206884779516358,0.224310042010618,0.596898538587534,0.596170239632461,-0.0428512459602899,1.75456984601784,0.263157894736842
"Ghana","child_iron","level","region","sl_lrn_hapc",1,75,75,0.381849217638691,0.348249068735888,0.35581137494972,0.339263340066923,-0.0272924359457765,1.00471715395899,0.210526315789474
"Ghana","child_iron","level","region","sl_lrn_hapc_lasso",1,75,75,0.477268847795164,0.458870151422958,0.305282633052743,0.28887004647809,-0.00572370011163314,0.883502479808922,0.473684210526316
"Ghana","child_iron","level","region","sl_lrn_spatial_gam",1,75,75,0.532517780938834,0.4610382127892,0.338011108482123,0.320907518308901,-0.115299208027058,0.988345238462958,0.578947368421053
"Ghana","child_iron","level","region","sl_lrn_spatial_plus_domain",1,75,75,0.532517780938834,0.461038212789142,0.338011108482135,0.320907518308911,-0.115299208027074,0.988345238463009,0.578947368421053
