"country","outcome","target","estimand","arm","rep","n_areas","n","spearman","pearson","mae","wmae","bias","rmse_sd","topk"
"Malawi","child_vitA","prev","infill","domain_index",1,87,87,0.242789273385026,0.209464448600977,9.29531256132666,8.73536860450232,-0.663435672241869,1.17679813313851,0.409090909090909
"Malawi","child_vitA","prev","infill","sl_disc",1,87,87,0.137808012082015,0.130189181114567,7.99393482249668,7.63476901494329,-4.94398684331063,1.08238795516537,0.363636363636364
"Malawi","child_vitA","prev","infill","sl_nnls",1,87,87,0.202865406983269,0.0827021769459591,8.04547801210923,7.7101432502598,-4.82680595852064,1.08993036737555,0.454545454545455
"Malawi","child_vitA","prev","infill","sl_rank_disc",1,87,87,0.230842575165139,0.101658980074789,8.25139906445055,7.90674358894184,-3.32022348943801,1.10705794737459,0.5
"Malawi","child_vitA","prev","infill","sl_rank_nnls",1,87,87,0.244778803208099,0.176947760159026,8.00235547812168,7.65764090447434,-4.44368648460847,1.06070428336889,0.5
"Malawi","child_vitA","prev","infill","sl_lrn_mean",1,87,87,-0.098805794176794,-0.0361033937995982,8.32717943578536,7.8740349977581,-4.95649171101765,1.09152508488219,0.227272727272727
"Malawi","child_vitA","prev","infill","sl_lrn_lasso",1,87,87,-0.0908807808162174,-0.0473079186689932,8.35924317957519,7.91002760516491,-4.95537612149377,1.0923337969573,0.318181818181818
"Malawi","child_vitA","prev","infill","sl_lrn_enet",1,87,87,0.00442410924297392,-0.0612872766640263,8.77525890937797,8.07622238430823,-3.99102651417831,1.16729212360582,0.363636363636364
"Malawi","child_vitA","prev","infill","sl_lrn_ridge",1,87,87,0.135906781263204,0.14095702324371,8.15344596509925,7.71946954843702,-4.70205020189096,1.07233706187279,0.409090909090909
"Malawi","child_vitA","prev","infill","sl_lrn_ranger",1,87,87,0.307301443772413,0.206637052785636,7.83922100256081,7.48888448943423,-4.59225085632974,1.05773205009865,0.545454545454545
"Malawi","child_vitA","prev","infill","sl_lrn_xgb",1,87,87,0.280837841341111,0.154542982184612,8.00611584346237,7.69486931263693,-3.43324507140713,1.08951123884104,0.545454545454545
"Malawi","child_vitA","prev","infill","sl_lrn_domain_index",1,87,87,0.235402310979741,0.2205337697775,8.90988132012477,8.40134487498034,-1.06780990567197,1.12049987850653,0.409090909090909
"Malawi","child_vitA","prev","infill","sl_lrn_domain_pc_ridge",1,87,87,0.14607337385192,0.0716877397061472,8.19569906984132,7.80474625700953,-4.75943494045196,1.08157710543028,0.363636363636364
"Malawi","child_vitA","prev","infill","sl_lrn_domain_pc_enet",1,87,87,-0.0319323636693089,-0.045670904678365,8.39853507555248,8.00854719901393,-4.61244277763435,1.11160887203985,0.227272727272727
"Malawi","child_vitA","prev","infill","sl_lrn_domain_pc1_ols",1,87,87,0.144236152532049,0.273635274443216,8.29608243467902,8.01731301983073,-2.49972967058252,1.04699697543035,0.363636363636364
"Malawi","child_vitA","prev","infill","sl_lrn_hapc",1,87,87,0.311489927610461,0.180058318894501,7.68164114528799,7.28419099040062,-3.57962822840312,1.07190730245895,0.363636363636364
"Malawi","child_vitA","prev","infill","sl_lrn_hapc_lasso",1,87,87,0.273136742647973,0.140777352868571,7.75257738392091,7.40684109335081,-4.72347997521273,1.0794069751059,0.409090909090909
"Malawi","child_vitA","prev","infill","sl_lrn_spatial_gam",1,87,87,0.155297557577076,0.213548920398695,8.01341289604122,7.62427997159956,-4.96604196992515,1.07072954820832,0.5
"Malawi","child_vitA","prev","infill","sl_lrn_spatial_plus_domain",1,87,87,0.152793986555697,0.219859088191935,8.01349771802088,7.63205041527424,-4.9657798291909,1.06951477725201,0.5
"Malawi","child_vitA","prev","infill","domain_index",2,87,87,0.198857789492774,0.130261730435085,9.04136438730422,8.56193334994767,-1.95731998480026,1.19695001579696,0.409090909090909
"Malawi","child_vitA","prev","infill","sl_disc",2,87,87,0.0206122468156544,0.0110961021519653,8.46476970925195,8.10910058087231,-5.14299161508633,1.10552994591227,0.227272727272727
"Malawi","child_vitA","prev","infill","sl_nnls",2,87,87,-0.0215749029875441,-0.0712149262553168,8.49089627119143,8.15683836015804,-5.10579590703626,1.11602111915115,0.272727272727273
"Malawi","child_vitA","prev","infill","sl_rank_disc",2,87,87,-0.0151261382242229,0.155214799215166,9.30543582037263,9.02861277262032,-3.09193295446675,1.25040435681642,0.272727272727273
"Malawi","child_vitA","prev","infill","sl_rank_nnls",2,87,87,0.102037177863717,0.128474484401914,8.22130870626735,7.94106856962364,-4.32250909580453,1.08395635430601,0.318181818181818
"Malawi","child_vitA","prev","infill","sl_lrn_mean",2,87,87,-0.0907128515465807,-0.0777877153373301,8.28459133193244,7.82411498509585,-4.95983566474956,1.09141745887149,0.136363636363636
"Malawi","child_vitA","prev","infill","sl_lrn_lasso",2,87,87,0.00921855316396389,-0.0624339203993981,8.69143794168785,8.61850090011897,-4.25470192791898,1.16561649750806,0.363636363636364
"Malawi","child_vitA","prev","infill","sl_lrn_enet",2,87,87,-0.0907128515465807,-0.0777877153373302,8.28459133193244,7.82411498509585,-4.95983566474956,1.09141745887149,0.136363636363636
"Malawi","child_vitA","prev","infill","sl_lrn_ridge",2,87,87,0.0786843782561672,0.0149295831447241,8.3115609636349,7.92767294501872,-4.9484133105437,1.09332685916124,0.363636363636364
"Malawi","child_vitA","prev","infill","sl_lrn_ranger",2,87,87,0.0962684933049507,-0.00926852624814333,8.39795065918884,8.07287664486226,-5.02076101575134,1.11302000641476,0.227272727272727
"Malawi","child_vitA","prev","infill","sl_lrn_xgb",2,87,87,0.0205711672136852,-0.0600292987098925,8.70938223318906,8.37039682398486,-4.47123844595783,1.15083351430326,0.272727272727273
"Malawi","child_vitA","prev","infill","sl_lrn_domain_index",2,87,87,0.207701201959925,0.136507901465264,8.95217589277086,8.50494476545063,-2.19898266702995,1.15929629024089,0.409090909090909
"Malawi","child_vitA","prev","infill","sl_lrn_domain_pc_ridge",2,87,87,0.138772148620315,0.163653419691878,8.17171947688949,7.7488111603279,-4.68424076720649,1.06925037353761,0.318181818181818
"Malawi","child_vitA","prev","infill","sl_lrn_domain_pc_enet",2,87,87,-0.014239799333792,0.0380783549402052,8.31662611119095,7.8503652331567,-4.93308981108811,1.08923490467905,0.318181818181818
"Malawi","child_vitA","prev","infill","sl_lrn_domain_pc1_ols",2,87,87,-0.0187720230196146,0.0953268022192769,9.86446537738867,9.27200123439281,-2.32459567079688,1.31415086002519,0.227272727272727
"Malawi","child_vitA","prev","infill","sl_lrn_hapc",2,87,87,0.0158876807402316,-0.0343993905162038,8.67402969587062,8.28348012176765,-4.50644609666786,1.1499078488627,0.181818181818182
"Malawi","child_vitA","prev","infill","sl_lrn_hapc_lasso",2,87,87,0.181427985157624,0.0511428622121823,8.06283017678315,7.58179659567217,-5.28893971100282,1.10892748146212,0.227272727272727
"Malawi","child_vitA","prev","infill","sl_lrn_spatial_gam",2,87,87,0.120028619804422,0.106694278271328,8.09019378054263,7.68620731350748,-5.08988041298767,1.09239095963596,0.409090909090909
"Malawi","child_vitA","prev","infill","sl_lrn_spatial_plus_domain",2,87,87,0.120028619804422,0.106694278271328,8.09019378054263,7.68620731350747,-5.08988041298765,1.09239095963596,0.409090909090909
"Malawi","child_vitA","prev","infill","domain_index",3,87,87,0.213850657776695,0.216744087075516,8.93261448940112,8.52737150332962,-1.59079914991423,1.14843155270333,0.454545454545455
"Malawi","child_vitA","prev","infill","sl_disc",3,87,87,0.162939247407701,0.105453609683995,8.44850390453019,7.95343278804038,-4.38443384043119,1.12621661175721,0.454545454545455
"Malawi","child_vitA","prev","infill","sl_nnls",3,87,87,0.222056278386689,0.150199497601207,8.20500708841912,7.71797696733133,-4.86924848246581,1.0803817973959,0.454545454545455
"Malawi","child_vitA","prev","infill","sl_rank_disc",3,87,87,0.204854936806342,0.118156488698475,8.37557661249812,8.01921611450577,-4.12837255377492,1.1178969952863,0.454545454545455
"Malawi","child_vitA","prev","infill","sl_rank_nnls",3,87,87,0.218952992633953,0.165379274002612,8.25148475965198,7.91796214379756,-4.65813250338045,1.07476201797527,0.5
"Malawi","child_vitA","prev","infill","sl_lrn_mean",3,87,87,-0.105378273995929,-0.115242276868406,8.31374858905599,7.86970064910794,-4.9587511328366,1.09357387577636,0.181818181818182
"Malawi","child_vitA","prev","infill","sl_lrn_lasso",3,87,87,0.0124593256274748,0.047442629546628,8.43174870406238,8.02376131931326,-4.88852778184972,1.08978572579189,0.318181818181818
"Malawi","child_vitA","prev","infill","sl_lrn_enet",3,87,87,-0.105378273995929,-0.115242276868407,8.31374858905599,7.86970064910794,-4.9587511328366,1.09357387577636,0.181818181818182
"Malawi","child_vitA","prev","infill","sl_lrn_ridge",3,87,87,-0.0984022908701299,0.00815915317172426,8.46311527712899,8.01074684209933,-4.97118121571186,1.09939138024001,0.272727272727273
"Malawi","child_vitA","prev","infill","sl_lrn_ranger",3,87,87,0.207824952618776,0.14940354960919,8.1416039034797,7.77719810964331,-4.76778675709326,1.07596582625864,0.5
"Malawi","child_vitA","prev","infill","sl_lrn_xgb",3,87,87,0.163665005971721,0.13779617692805,8.2228585072793,7.92456074589364,-4.60292924598731,1.09097033956658,0.363636363636364
"Malawi","child_vitA","prev","infill","sl_lrn_domain_index",3,87,87,0.168462723822576,0.182183038007995,9.09028003072976,8.70719795294488,-1.7059195315647,1.15587758249872,0.454545454545455
"Malawi","child_vitA","prev","infill","sl_lrn_domain_pc_ridge",3,87,87,-0.0860923814347843,0.017543748196029,8.39429421043662,7.97705286225917,-4.97414335105578,1.09310029283984,0.272727272727273
"Malawi","child_vitA","prev","infill","sl_lrn_domain_pc_enet",3,87,87,-0.102058690125847,-0.0886430364723261,8.31158746252428,7.87181681843016,-4.96586519292028,1.09360249052833,0.181818181818182
"Malawi","child_vitA","prev","infill","sl_lrn_domain_pc1_ols",3,87,87,0.0146787319960678,-0.0193178535083483,10.0359380509671,9.61110004163043,-2.1937681434973,1.37564296213246,0.318181818181818
"Malawi","child_vitA","prev","infill","sl_lrn_hapc",3,87,87,0.205435612974799,0.100705080781377,8.45644817143484,8.0526612345696,-3.98005819231508,1.13639585968859,0.409090909090909
"Malawi","child_vitA","prev","infill","sl_lrn_hapc_lasso",3,87,87,0.253222405854345,0.126731371347247,8.4474238523805,7.99480784577925,-4.03152014259513,1.11866163135577,0.5
"Malawi","child_vitA","prev","infill","sl_lrn_spatial_gam",3,87,87,0.193203336311409,0.122738231423099,8.15407440776278,7.79780023665628,-5.12866196595657,1.09105254139334,0.454545454545455
"Malawi","child_vitA","prev","infill","sl_lrn_spatial_plus_domain",3,87,87,0.190509379661028,0.123080524984626,8.13840642830179,7.78818548044243,-5.12832742548617,1.09108609399528,0.454545454545455
"Malawi","child_vitA","prev","region","domain_index",1,87,87,0.164969147530386,0.178795711428648,8.9642085834997,8.42257436313945,-1.21865709388039,1.15443990828108,0.454545454545455
"Malawi","child_vitA","prev","region","sl_disc",1,87,87,-0.199957963506275,-0.0937010077836445,8.5905585606995,8.31153198699382,-5.20655115624157,1.11749358133051,0.227272727272727
"Malawi","child_vitA","prev","region","sl_nnls",1,87,87,-0.0220561751199022,0.0133733645382057,8.51403807748442,8.19844826527283,-5.16448229761085,1.10362789176762,0.363636363636364
"Malawi","child_vitA","prev","region","sl_rank_disc",1,87,87,-0.00730128887223348,0.0259628944917326,9.29676685258685,8.61035886640688,-2.88777247766782,1.18011004465567,0.454545454545455
"Malawi","child_vitA","prev","region","sl_rank_nnls",1,87,87,0.081513607057282,0.107450448113073,8.4461991292604,8.05529487035939,-4.49959414405661,1.07682518551641,0.409090909090909
"Malawi","child_vitA","prev","region","sl_lrn_mean",1,87,87,-0.505839385396057,-0.452276973708999,8.36121911791732,7.89933542330834,-4.94378361637766,1.09606160573277,0.0909090909090909
"Malawi","child_vitA","prev","region","sl_lrn_lasso",1,87,87,-0.46707325970142,-0.397700715626636,8.37738427001242,7.91256885691143,-4.93508123634855,1.09774214975815,0.136363636363636
"Malawi","child_vitA","prev","region","sl_lrn_enet",1,87,87,-0.40710410365032,0.037513369382465,8.31245755512851,7.82689930166186,-4.66794436225344,1.08277519009698,0.227272727272727
"Malawi","child_vitA","prev","region","sl_lrn_ridge",1,87,87,-0.0996387729324203,-0.127489334314642,8.49422102767846,8.04961142051591,-4.92598866471812,1.10573394652885,0.227272727272727
"Malawi","child_vitA","prev","region","sl_lrn_ranger",1,87,87,0.125644995859987,0.140287681787067,8.2453672075088,7.90588726753273,-4.92817232140022,1.08077632717694,0.409090909090909
"Malawi","child_vitA","prev","region","sl_lrn_xgb",1,87,87,0.120409391062427,0.0890128974133842,8.18844252781346,7.79232548730314,-4.38250265244753,1.08395390130252,0.454545454545455
"Malawi","child_vitA","prev","region","sl_lrn_domain_index",1,87,87,0.14690155133808,0.156295708880686,9.02405475502265,8.46729953992664,-1.20194758544787,1.14265592115657,0.454545454545455
"Malawi","child_vitA","prev","region","sl_lrn_domain_pc_ridge",1,87,87,-0.180815822922583,-0.117326969827716,8.42467693707492,8.0243767658361,-5.00598748578769,1.10125604838151,0.272727272727273
"Malawi","child_vitA","prev","region","sl_lrn_domain_pc_enet",1,87,87,-0.254874617852,-0.141580448632439,8.38236559383194,7.93041573356207,-5.01059642013457,1.10081633850153,0.272727272727273
"Malawi","child_vitA","prev","region","sl_lrn_domain_pc1_ols",1,87,87,0.0216754038618978,0.168163498847798,9.11409294059161,8.35915832793155,-2.57282052738248,1.13148105741662,0.272727272727273
"Malawi","child_vitA","prev","region","sl_lrn_hapc",1,87,87,0.120314198247926,0.0613674962244406,8.54461096447232,8.10107220880185,-3.98775290253266,1.09923847643817,0.363636363636364
"Malawi","child_vitA","prev","region","sl_lrn_hapc_lasso",1,87,87,0.152936775777449,0.0708668601857082,8.34519607741541,8.03630467022847,-4.91366689874221,1.1002062843596,0.272727272727273
"Malawi","child_vitA","prev","region","sl_lrn_spatial_gam",1,87,87,0.112422713925785,0.169395948840322,8.16043247222702,7.77321298885392,-5.03952866308463,1.0806807153263,0.454545454545455
"Malawi","child_vitA","prev","region","sl_lrn_spatial_plus_domain",1,87,87,0.117886781478148,0.175608090175663,8.15624352072425,7.81124131745105,-5.12541851915885,1.08304493156885,0.454545454545455
"Malawi","child_vitA","level","infill","domain_index",1,87,87,0.200225996938106,0.24407884090098,0.0962058512882399,0.10153091901704,-0.00657432775213692,1.22332614935973,0.409090909090909
"Malawi","child_vitA","level","infill","sl_disc",1,87,87,-0.00336604129403662,0.0211231924241233,0.0834666282731346,0.0832651105321699,-0.00108274425614152,1.02027997579194,0.227272727272727
"Malawi","child_vitA","level","infill","sl_nnls",1,87,87,0.148921046876139,0.175170491248349,0.0814301451434781,0.0834097405591819,-0.0032371858459968,1.01992503265174,0.318181818181818
"Malawi","child_vitA","level","infill","sl_rank_disc",1,87,87,0.135762192899322,0.208362004777353,0.0894611612020733,0.0927423785786008,-0.0116935986240597,1.13267546690994,0.363636363636364
"Malawi","child_vitA","level","infill","sl_rank_nnls",1,87,87,0.173634905591602,0.173225146473126,0.0827336403286606,0.0841917458379586,-0.00174275210710017,1.01968074900939,0.363636363636364
"Malawi","child_vitA","level","infill","sl_lrn_mean",1,87,87,-0.243906662787662,-0.272656956476048,0.0822256837013791,0.081313836614371,0.0033928824597985,1.01180267503373,0.0454545454545455
"Malawi","child_vitA","level","infill","sl_lrn_lasso",1,87,87,0.120738437720879,0.0970254407979009,0.0810046966190082,0.0808470057195823,0.000882463908567057,0.999927411791097,0.409090909090909
"Malawi","child_vitA","level","infill","sl_lrn_enet",1,87,87,0.0381789575035567,0.0597739098925482,0.0816195140144972,0.0806068185506608,0.00258078632963804,0.994824478286287,0.318181818181818
"Malawi","child_vitA","level","infill","sl_lrn_ridge",1,87,87,0.0433194879580365,0.0453950030421448,0.0814614779022817,0.0809799143189562,0.00284707985020774,0.996361622283628,0.227272727272727
"Malawi","child_vitA","level","infill","sl_lrn_ranger",1,87,87,0.152566158781075,0.152413095096793,0.0819477208541403,0.0840297112083145,-0.000661945314671317,1.00647673739181,0.409090909090909
"Malawi","child_vitA","level","infill","sl_lrn_xgb",1,87,87,0.205019319093096,0.234892601355122,0.0835630277179742,0.0870936841203849,-0.000257784946758169,1.03457553492421,0.454545454545455
"Malawi","child_vitA","level","infill","sl_lrn_domain_index",1,87,87,0.19833053874754,0.248581231211615,0.0945892123455012,0.0992497357649616,-0.00764005559674843,1.20680183605428,0.409090909090909
"Malawi","child_vitA","level","infill","sl_lrn_domain_pc_ridge",1,87,87,0.0189888633870109,0.0058117971080989,0.0819039345445012,0.0813198691032923,0.00239964700720488,0.999975719408569,0.227272727272727
"Malawi","child_vitA","level","infill","sl_lrn_domain_pc_enet",1,87,87,-0.152624361500802,-0.144691341968316,0.0823112103827843,0.0811188366508781,0.00304017949105946,1.00940699990262,0.0454545454545455
"Malawi","child_vitA","level","infill","sl_lrn_domain_pc1_ols",1,87,87,0.163519720055406,0.148376079241447,0.0947818708064902,0.093781610409417,0.00485530854036087,1.15524119305821,0.272727272727273
"Malawi","child_vitA","level","infill","sl_lrn_hapc",1,87,87,0.233560545308741,0.223795665196168,0.0866657797716037,0.0901356818497839,0.00253270411477091,1.06143527320927,0.454545454545455
"Malawi","child_vitA","level","infill","sl_lrn_hapc_lasso",1,87,87,0.0460410105364482,0.0459255856393968,0.0817882043453914,0.0814398130737735,-0.00158756250433277,1.00939323287484,0.318181818181818
"Malawi","child_vitA","level","infill","sl_lrn_spatial_gam",1,87,87,0.00913100532186338,0.0726840454147593,0.0853586804587517,0.0859499746019431,0.000129494816541906,1.01421004224525,0.227272727272727
"Malawi","child_vitA","level","infill","sl_lrn_spatial_plus_domain",1,87,87,-0.00207771378581322,0.0739247600468995,0.0856479878955162,0.0862194403449511,-0.000232738439416803,1.01702168444577,0.0909090909090909
"Malawi","child_vitA","level","infill","domain_index",2,87,87,0.245224903404534,0.271375808992263,0.0942984128075702,0.0979319420203478,-0.00401201882130927,1.16655107838361,0.409090909090909
"Malawi","child_vitA","level","infill","sl_disc",2,87,87,-0.1343533755498,-0.138679659863457,0.0900500518828565,0.0907736849374892,-0.00786830077207842,1.0868905500104,0.272727272727273
"Malawi","child_vitA","level","infill","sl_nnls",2,87,87,0.100550411897645,0.109438204772753,0.0876984888932066,0.090527151078815,-0.0105167939361086,1.04483003508019,0.409090909090909
"Malawi","child_vitA","level","infill","sl_rank_disc",2,87,87,0.1680943354961,0.243147140506015,0.0941530288877235,0.100207204064185,-0.0126091465296579,1.12207406825081,0.454545454545455
"Malawi","child_vitA","level","infill","sl_rank_nnls",2,87,87,0.139206823649486,0.187330131457087,0.0845197067945799,0.08710446513724,-0.00774735767947782,1.01792266480969,0.363636363636364
"Malawi","child_vitA","level","infill","sl_lrn_mean",2,87,87,-0.133992880487392,-0.12855043397123,0.0812027380828271,0.0806547212146623,0.00352548166714576,1.00104920296762,0.181818181818182
"Malawi","child_vitA","level","infill","sl_lrn_lasso",2,87,87,-0.104088722670019,-0.0135172566541462,0.0817319034528854,0.0810383945430971,0.00107720505879168,1.01270959678151,0.227272727272727
"Malawi","child_vitA","level","infill","sl_lrn_enet",2,87,87,0.0184727916384294,0.070231406276798,0.0871025200318301,0.0840899157665077,0.00821567570270169,1.09124584203406,0.272727272727273
"Malawi","child_vitA","level","infill","sl_lrn_ridge",2,87,87,0.0381096449661005,0.0167350190030856,0.0820038372921432,0.0819726496438333,0.00299592740806416,1.00347598020204,0.272727272727273
"Malawi","child_vitA","level","infill","sl_lrn_ranger",2,87,87,0.121218196398629,0.138568667381297,0.0830207386031348,0.0853071998273898,-0.000425028383400035,1.00869227690706,0.409090909090909
"Malawi","child_vitA","level","infill","sl_lrn_xgb",2,87,87,0.146424145221258,0.170953675761207,0.0855762805975365,0.0903277450999039,-0.00386089812935642,1.04436356263987,0.409090909090909
"Malawi","child_vitA","level","infill","sl_lrn_domain_index",2,87,87,0.241433987023402,0.27974116169466,0.0933111495367821,0.0968013098702009,-0.00467379172606061,1.15856682394856,0.363636363636364
"Malawi","child_vitA","level","infill","sl_lrn_domain_pc_ridge",2,87,87,0.0241555122874129,0.0246661324502596,0.0821800610369074,0.0820562836703644,0.00320502407472104,1.00581586183418,0.363636363636364
"Malawi","child_vitA","level","infill","sl_lrn_domain_pc_enet",2,87,87,-0.107855725608911,-0.105509407875733,0.0827700073914089,0.082187342922128,0.00192454563336392,1.01012867603303,0.181818181818182
"Malawi","child_vitA","level","infill","sl_lrn_domain_pc1_ols",2,87,87,0.135361230589779,0.143011807139635,0.0966959280985097,0.0959947925743583,-0.00246759036091846,1.19199873460044,0.363636363636364
"Malawi","child_vitA","level","infill","sl_lrn_hapc",2,87,87,0.134887366042137,0.135417068485224,0.0866111241969547,0.0914306266440485,-0.0071439838989351,1.06549798647667,0.454545454545455
"Malawi","child_vitA","level","infill","sl_lrn_hapc_lasso",2,87,87,0.11268863454108,0.133761677506198,0.0842368792137581,0.0872874417761518,-0.000475442483095534,1.00395894671242,0.227272727272727
"Malawi","child_vitA","level","infill","sl_lrn_spatial_gam",2,87,87,0.158544142305169,0.190236681537598,0.0822099090397583,0.0828902627398169,-0.00122079611387615,0.979639081235418,0.318181818181818
"Malawi","child_vitA","level","infill","sl_lrn_spatial_plus_domain",2,87,87,0.050284318728585,0.0944074619634235,0.0844808535607341,0.0845669762338828,-0.00243390318578407,1.01621216165588,0.272727272727273
"Malawi","child_vitA","level","infill","domain_index",3,87,87,0.255267186702632,0.272306230249532,0.0916531557336075,0.0963482537001493,-0.00351564501939499,1.172679699936,0.409090909090909
"Malawi","child_vitA","level","infill","sl_disc",3,87,87,0.190201939199533,0.215103283417159,0.0858383671668454,0.0907756926713736,-0.0027481565990712,1.02195512515193,0.363636363636364
"Malawi","child_vitA","level","infill","sl_nnls",3,87,87,0.0488991762047095,0.0958424781926067,0.0894382757622479,0.0951493604885931,-0.00470727986953024,1.08865835072625,0.318181818181818
"Malawi","child_vitA","level","infill","sl_rank_disc",3,87,87,0.122676241160604,0.178048402955024,0.0902155766990945,0.0955365967250818,-0.00429001524820565,1.12799139067389,0.363636363636364
"Malawi","child_vitA","level","infill","sl_rank_nnls",3,87,87,0.106327914266968,0.134906937110247,0.0867006105798026,0.0910142295025488,-0.00301560811744344,1.06140414159783,0.272727272727273
"Malawi","child_vitA","level","infill","sl_lrn_mean",3,87,87,-0.120404791475656,-0.128050105134377,0.0811914354160807,0.080797793101774,0.00332295402220094,1.00204054616538,0.227272727272727
"Malawi","child_vitA","level","infill","sl_lrn_lasso",3,87,87,0.00338351342635415,0.0778846381054288,0.0819678488810165,0.0799871026819303,0.00457819489646521,1.01086342707082,0.272727272727273
"Malawi","child_vitA","level","infill","sl_lrn_enet",3,87,87,0.0332782552308948,0.0751476636520709,0.0839629750825086,0.0819178047511534,0.00470794822711763,1.0563557545868,0.272727272727273
"Malawi","child_vitA","level","infill","sl_lrn_ridge",3,87,87,0.123496391339214,0.106767263061347,0.0799858284737283,0.0803083167083696,0.00260813380103692,0.990377630058663,0.409090909090909
"Malawi","child_vitA","level","infill","sl_lrn_ranger",3,87,87,0.168586425603266,0.196591800148903,0.081907484485116,0.0842083606005631,0.000178444720994215,0.993198780889621,0.363636363636364
"Malawi","child_vitA","level","infill","sl_lrn_xgb",3,87,87,0.115969235255522,0.162155809179597,0.088936107849977,0.0939739332462871,-0.00270921107425449,1.05348064986191,0.363636363636364
"Malawi","child_vitA","level","infill","sl_lrn_domain_index",3,87,87,0.238025807392287,0.267268877425736,0.0916917606700269,0.0962430297671666,-0.00350317911873906,1.17214533600724,0.363636363636364
"Malawi","child_vitA","level","infill","sl_lrn_domain_pc_ridge",3,87,87,0.0918750455638988,0.0873903697869676,0.0802677595750726,0.0808013746608422,0.00226456185022923,0.992952001920486,0.409090909090909
"Malawi","child_vitA","level","infill","sl_lrn_domain_pc_enet",3,87,87,-0.04141865670372,0.0176956662437379,0.0815046105270001,0.0812065146701545,0.00146551487013228,0.998314502488044,0.272727272727273
"Malawi","child_vitA","level","infill","sl_lrn_domain_pc1_ols",3,87,87,0.11779179120799,0.11782549204277,0.0952341725796012,0.0926730459095337,0.00606083342961557,1.20790913906317,0.363636363636364
"Malawi","child_vitA","level","infill","sl_lrn_hapc",3,87,87,0.176642122913173,0.206224385870153,0.0855180001805618,0.0907244932484118,-0.00658368308916295,1.04874402754379,0.409090909090909
"Malawi","child_vitA","level","infill","sl_lrn_hapc_lasso",3,87,87,0.261372749143399,0.271922613976447,0.0797658899423131,0.0797911022714885,0.000190751159124453,0.957189603453164,0.363636363636364
"Malawi","child_vitA","level","infill","sl_lrn_spatial_gam",3,87,87,0.113836844791135,0.147497663255126,0.0822631426780286,0.083268159788172,-0.000965790357652561,0.99145206690426,0.363636363636364
"Malawi","child_vitA","level","infill","sl_lrn_spatial_plus_domain",3,87,87,0.100058321790479,0.123567363407995,0.0853667633988992,0.0889172682573999,-0.00659275512339293,1.02916735687923,0.363636363636364
"Malawi","child_vitA","level","region","domain_index",1,87,87,0.206404461616972,0.244688905007842,0.091830336456715,0.0948083314745369,-0.00180752364812447,1.15120311515543,0.363636363636364
"Malawi","child_vitA","level","region","sl_disc",1,87,87,-0.112282237441814,-0.0746946733260373,0.0848419188714948,0.0845133139276162,0.00110300897300366,1.02966720974518,0.227272727272727
"Malawi","child_vitA","level","region","sl_nnls",1,87,87,0.109827221695706,0.0935510450175803,0.0858910285393803,0.0880568651026651,-0.00574161266649399,1.06092468519399,0.272727272727273
"Malawi","child_vitA","level","region","sl_rank_disc",1,87,87,0.23613034920172,0.261642229253525,0.0867995798154488,0.0906320448532674,-0.00529390843179806,1.09724911483859,0.454545454545455
"Malawi","child_vitA","level","region","sl_rank_nnls",1,87,87,0.135087847196909,0.180962339177231,0.0837700359791951,0.0860607006418077,-0.00641938049883169,1.02992038724189,0.272727272727273
"Malawi","child_vitA","level","region","sl_lrn_mean",1,87,87,-0.471801581893459,-0.524619060903571,0.0817973033590794,0.0812130152073401,0.00381837275776207,1.01011908225302,0.136363636363636
"Malawi","child_vitA","level","region","sl_lrn_lasso",1,87,87,-0.00759163738274758,-0.0272689562873508,0.0828078578349704,0.0812225540030352,0.00112275435005326,1.01035943174833,0.272727272727273
"Malawi","child_vitA","level","region","sl_lrn_enet",1,87,87,-0.116604392774334,-0.114272144857444,0.0841338591800773,0.0828460993978555,0.000969217748939469,1.02423975473986,0.227272727272727
"Malawi","child_vitA","level","region","sl_lrn_ridge",1,87,87,0.0522709047167748,0.0374141340134953,0.081895847787928,0.0815556365059699,0.00452417344706459,0.998516658947757,0.272727272727273
"Malawi","child_vitA","level","region","sl_lrn_ranger",1,87,87,0.152438579864402,0.138768182156978,0.0819920353695371,0.0839463080545347,0.0028085568025755,0.996705881699183,0.363636363636364
"Malawi","child_vitA","level","region","sl_lrn_xgb",1,87,87,0.230535102427644,0.28194948201613,0.08029316731478,0.0838207767998541,0.000824172401859864,0.990010509326691,0.454545454545455
"Malawi","child_vitA","level","region","sl_lrn_domain_index",1,87,87,0.202194357366771,0.241011822238706,0.0921599259817005,0.0948060954886993,-9.01550833504806e-05,1.14755027738013,0.409090909090909
"Malawi","child_vitA","level","region","sl_lrn_domain_pc_ridge",1,87,87,-0.1892906612233,-0.189455424834899,0.083653952838947,0.0834360670165205,0.00360562783760205,1.02093302727318,0.181818181818182
"Malawi","child_vitA","level","region","sl_lrn_domain_pc_enet",1,87,87,-0.0514806731683167,-0.123036556406117,0.0848677171429904,0.0838081385460344,0.00346155093625806,1.02498393642378,0.181818181818182
"Malawi","child_vitA","level","region","sl_lrn_domain_pc1_ols",1,87,87,0.118867099219946,0.127164912129999,0.0937258378323765,0.0922163451218904,0.00304801335613714,1.17854301407102,0.318181818181818
"Malawi","child_vitA","level","region","sl_lrn_hapc",1,87,87,0.142195815411533,0.168429096930862,0.0840734140606415,0.0877546967018037,-0.000118998506268027,1.0239016985639,0.363636363636364
"Malawi","child_vitA","level","region","sl_lrn_hapc_lasso",1,87,87,0.029434278632354,0.0577003297441147,0.0827954582292314,0.0834888787214518,-0.000993885310784469,1.0087266087678,0.318181818181818
"Malawi","child_vitA","level","region","sl_lrn_spatial_gam",1,87,87,0.0729204636582343,0.0761975878778785,0.0845178640851819,0.0850128806767209,-0.00125105999780737,1.01111727857776,0.272727272727273
"Malawi","child_vitA","level","region","sl_lrn_spatial_plus_domain",1,87,87,0.0728475614201356,0.0251508635814101,0.0894489330498228,0.0938234491768447,-0.00622346137065619,1.08267044012514,0.272727272727273
"Malawi","child_iron","prev","infill","domain_index",1,87,87,0.140758155376768,0.148289877583384,15.4222382061948,15.3805804801679,-2.51835365768451,1.38835678393373,0.318181818181818
"Malawi","child_iron","prev","infill","sl_disc",1,87,87,0.263256877910648,0.210256928141192,11.9830754032877,11.6456032287915,-5.29306563166245,1.05323202078467,0.363636363636364
"Malawi","child_iron","prev","infill","sl_nnls",1,87,87,0.235411698855035,0.241124806962811,11.815590989632,11.5319310358277,-5.17714680686104,1.04214947211883,0.409090909090909
"Malawi","child_iron","prev","infill","sl_rank_disc",1,87,87,0.164280172011038,0.0936255214621901,12.7934347246745,12.2019496159776,-4.46232140762137,1.15014394016311,0.272727272727273
"Malawi","child_iron","prev","infill","sl_rank_nnls",1,87,87,0.216696236220866,0.204366247861708,11.6412905263458,11.4824013305594,-4.75674672454479,1.05780256068353,0.409090909090909
"Malawi","child_iron","prev","infill","sl_lrn_mean",1,87,87,-0.141349832999269,-0.191236733478058,11.3550813157101,11.2378652660786,-4.77499234654404,1.04890933779265,0.136363636363636
"Malawi","child_iron","prev","infill","sl_lrn_lasso",1,87,87,0.231973234228777,0.127002482611809,11.7574625944827,11.2590765107768,-5.38202942283835,1.06331715931335,0.363636363636364
"Malawi","child_iron","prev","infill","sl_lrn_enet",1,87,87,0.278430943276982,0.139529725066354,11.9128461467154,11.5904171069102,-5.52771115341781,1.05980223796071,0.318181818181818
"Malawi","child_iron","prev","infill","sl_lrn_ridge",1,87,87,0.319293818663247,0.299673662225374,11.1592257528126,10.8741712942149,-5.16198640001362,1.00830264404887,0.363636363636364
"Malawi","child_iron","prev","infill","sl_lrn_ranger",1,87,87,0.20457496436862,0.146377852620621,11.9976802489149,11.7415958024179,-5.95908308470956,1.07181867029174,0.363636363636364
"Malawi","child_iron","prev","infill","sl_lrn_xgb",1,87,87,0.245307545325831,0.246197750404999,12.2528514283333,11.799743789695,-4.90720172437339,1.04963925511695,0.363636363636364
"Malawi","child_iron","prev","infill","sl_lrn_domain_index",1,87,87,0.146440286576128,0.154003710023939,15.1991390959961,15.3488598632044,-2.88018732465191,1.3772795743922,0.318181818181818
"Malawi","child_iron","prev","infill","sl_lrn_domain_pc_ridge",1,87,87,0.31306445171435,0.286927869045211,11.13235395812,10.9390369902208,-5.1777836997734,1.01232422451205,0.409090909090909
"Malawi","child_iron","prev","infill","sl_lrn_domain_pc_enet",1,87,87,0.0976086165257676,0.0378059988021617,11.6784902139841,11.3007357806004,-5.1296567392349,1.09257127237565,0.272727272727273
"Malawi","child_iron","prev","infill","sl_lrn_domain_pc1_ols",1,87,87,0.229118487735359,0.333668103005988,13.121002048561,12.4739930803181,-2.0572756123518,1.17144889224356,0.454545454545455
"Malawi","child_iron","prev","infill","sl_lrn_hapc",1,87,87,0.223481959515127,0.272723012702759,12.1900819095458,12.0031559675136,-5.14164007722812,1.06401971299882,0.409090909090909
"Malawi","child_iron","prev","infill","sl_lrn_hapc_lasso",1,87,87,0.295552907729163,0.287902794466691,11.5593100762398,11.4020568307867,-5.62374855669473,1.02813531425081,0.363636363636364
"Malawi","child_iron","prev","infill","sl_lrn_spatial_gam",1,87,87,0.0672917560014122,0.0235967115885478,12.0185436014693,12.0528876143448,-5.77593037096283,1.10389390512249,0.272727272727273
"Malawi","child_iron","prev","infill","sl_lrn_spatial_plus_domain",1,87,87,0.1043487368409,0.03823833630156,12.2765834731925,12.3059549649454,-6.07645471921954,1.11003123760006,0.272727272727273
"Malawi","child_iron","prev","infill","domain_index",2,87,87,0.30192820421127,0.309309408411762,14.552088803385,14.2615700978575,-1.28752221082586,1.33341840010251,0.545454545454545
"Malawi","child_iron","prev","infill","sl_disc",2,87,87,0.271383328791274,0.27383905357224,11.4808381328907,10.8618138309488,-3.31739522184255,1.02584427996842,0.5
"Malawi","child_iron","prev","infill","sl_nnls",2,87,87,0.299000492951246,0.293552139178972,11.4699727424654,10.9505207450919,-3.37999246569089,1.02856808974493,0.5
"Malawi","child_iron","prev","infill","sl_rank_disc",2,87,87,0.292844090768954,0.287459073138219,11.6726269837275,11.3530199852357,-2.28455332621073,1.08911966354507,0.454545454545455
"Malawi","child_iron","prev","infill","sl_rank_nnls",2,87,87,0.278141690298057,0.286805095926235,11.5726742896701,11.0118322845628,-3.04235497718862,1.06665620710964,0.545454545454545
"Malawi","child_iron","prev","infill","sl_lrn_mean",2,87,87,-0.291342624176991,-0.294026543262983,11.7142404272092,11.5564829912864,-4.75172759176163,1.06826703156431,0.227272727272727
"Malawi","child_iron","prev","infill","sl_lrn_lasso",2,87,87,0.314724400154613,0.222559506612498,11.1839246426033,10.6236241092884,-3.7735002111933,1.03580234854199,0.409090909090909
"Malawi","child_iron","prev","infill","sl_lrn_enet",2,87,87,0.337270513035541,0.24559530704241,10.9820546701488,10.4108776803735,-4.07466598274626,1.01966756033161,0.454545454545455
"Malawi","child_iron","prev","infill","sl_lrn_ridge",2,87,87,0.226081329325428,0.233999209260488,11.4507055113884,11.0198593149951,-3.96462937655888,1.03452943820867,0.454545454545455
"Malawi","child_iron","prev","infill","sl_lrn_ranger",2,87,87,0.223317788790265,0.196989332487035,11.3822522963753,11.0449138896954,-5.19328980314658,1.0448922348253,0.454545454545455
"Malawi","child_iron","prev","infill","sl_lrn_xgb",2,87,87,0.299593331679912,0.322165748004192,11.1362120332114,10.4239543817574,-3.49908073071585,1.01046675752907,0.5
"Malawi","child_iron","prev","infill","sl_lrn_domain_index",2,87,87,0.321382435107314,0.316538439327044,14.0795598971007,13.8137980667645,-1.54800167841318,1.30432586257285,0.545454545454545
"Malawi","child_iron","prev","infill","sl_lrn_domain_pc_ridge",2,87,87,0.326061300765856,0.317225729018506,10.7972837173393,10.356277761836,-4.40763067225131,0.988061960372714,0.454545454545455
"Malawi","child_iron","prev","infill","sl_lrn_domain_pc_enet",2,87,87,0.077503661661831,0.0961664898808444,11.6814882221733,11.358794825315,-4.70716952872246,1.05078060521527,0.363636363636364
"Malawi","child_iron","prev","infill","sl_lrn_domain_pc1_ols",2,87,87,0.319521833558888,0.410794692873784,12.126686280762,11.7709826272252,-1.13856262581273,1.14331534620647,0.545454545454545
"Malawi","child_iron","prev","infill","sl_lrn_hapc",2,87,87,0.178745436990468,0.224723173376442,12.6546334443341,12.2365359361852,-3.23722157898877,1.09694604483868,0.5
"Malawi","child_iron","prev","infill","sl_lrn_hapc_lasso",2,87,87,0.166998109567072,0.186802781295076,11.9349088520692,11.4565599693394,-4.81336928180246,1.07262475802759,0.409090909090909
"Malawi","child_iron","prev","infill","sl_lrn_spatial_gam",2,87,87,0.0824866686468924,-0.00537253285026103,11.9614994832319,11.8057852151004,-5.71459248367299,1.11723993889084,0.363636363636364
"Malawi","child_iron","prev","infill","sl_lrn_spatial_plus_domain",2,87,87,0.115302572427467,0.159863892382072,12.1620773636355,12.0711431015903,-4.15487765479533,1.11746435339053,0.318181818181818
"Malawi","child_iron","prev","infill","domain_index",3,87,87,0.187884274007738,0.200979144513336,16.2168237993863,16.7970828424597,-1.2174073890273,1.42343395166135,0.454545454545455
"Malawi","child_iron","prev","infill","sl_disc",3,87,87,0.225625299534147,0.215219342166544,11.874127724914,11.7857074027252,-4.55821717182819,1.05427199750125,0.409090909090909
"Malawi","child_iron","prev","infill","sl_nnls",3,87,87,0.184144829719235,0.244123815505358,11.6730613870086,11.7116498371187,-4.41338775919909,1.03935432468512,0.409090909090909
"Malawi","child_iron","prev","infill","sl_rank_disc",3,87,87,0.109410667524118,0.199810576019358,14.5279273301936,14.6716966587292,-1.33571478274774,1.2799452547097,0.454545454545455
"Malawi","child_iron","prev","infill","sl_rank_nnls",3,87,87,0.12707726163834,0.187322653463616,12.8958864109927,13.1069726871927,-3.9758652326158,1.1362010225021,0.363636363636364
"Malawi","child_iron","prev","infill","sl_lrn_mean",3,87,87,-0.267075319953804,-0.290454529513629,11.6087005060945,11.4746460491615,-4.72668813403311,1.06582776859814,0.0909090909090909
"Malawi","child_iron","prev","infill","sl_lrn_lasso",3,87,87,0.310428599520746,0.265081093449193,11.3657993438726,11.0962765080198,-4.60410278508138,1.01146096290742,0.5
"Malawi","child_iron","prev","infill","sl_lrn_enet",3,87,87,0.287143718377943,0.28856121150995,11.3424930526701,10.9846739882886,-4.64512650782828,1.00114033018272,0.454545454545455
"Malawi","child_iron","prev","infill","sl_lrn_ridge",3,87,87,0.0121577542355493,0.0688194713438172,12.2695062235144,12.1053765478632,-5.15457757380349,1.10108648123713,0.318181818181818
"Malawi","child_iron","prev","infill","sl_lrn_ranger",3,87,87,0.107695995508901,0.122527679648916,12.3998276316177,12.2748651239872,-5.92755026729878,1.08758491205481,0.409090909090909
"Malawi","child_iron","prev","infill","sl_lrn_xgb",3,87,87,0.2094453625395,0.237546685711674,12.1995265187249,12.1279939786394,-4.55948699431715,1.06483390890339,0.409090909090909
"Malawi","child_iron","prev","infill","sl_lrn_domain_index",3,87,87,0.180186491130916,0.226042378532099,15.7918550519583,16.5407733335997,-1.04259903298088,1.39028499641338,0.454545454545455
"Malawi","child_iron","prev","infill","sl_lrn_domain_pc_ridge",3,87,87,0.116853073717822,0.128418884068166,11.9838645683641,11.7990584769417,-4.79065861193118,1.05693697583366,0.318181818181818
"Malawi","child_iron","prev","infill","sl_lrn_domain_pc_enet",3,87,87,-0.00791881258415826,0.0681924667370688,11.7712548556809,11.6836216855341,-5.12113314840455,1.06926144314262,0.318181818181818
"Malawi","child_iron","prev","infill","sl_lrn_domain_pc1_ols",3,87,87,0.168083460470321,0.315046678816213,12.4643301378299,12.3721790532525,-3.17147207319934,1.13755313711456,0.454545454545455
"Malawi","child_iron","prev","infill","sl_lrn_hapc",3,87,87,0.0868827958348404,0.165880150035523,13.7985021469974,13.5755036475876,-3.53308484007172,1.16447069924358,0.363636363636364
"Malawi","child_iron","prev","infill","sl_lrn_hapc_lasso",3,87,87,0.0706298940735885,0.108388817490133,12.798548066794,12.6809016852061,-5.7114006745765,1.10530651179691,0.363636363636364
"Malawi","child_iron","prev","infill","sl_lrn_spatial_gam",3,87,87,0.0948724377780821,0.0360651159304312,11.7646641971582,11.5463299367838,-5.67757281144263,1.09854199870491,0.318181818181818
"Malawi","child_iron","prev","infill","sl_lrn_spatial_plus_domain",3,87,87,0.130187384814876,0.114670637046772,12.564287784958,12.2693003237339,-5.3932014522804,1.13097665663646,0.318181818181818
"Malawi","child_iron","prev","region","domain_index",1,87,87,0.162145952587843,0.252994796101835,14.4724975933754,14.8314041209468,-2.00857387845507,1.30585002581554,0.409090909090909
"Malawi","child_iron","prev","region","sl_disc",1,87,87,0.239069057781108,0.219368858773046,11.4211061296301,11.1602915535215,-3.6196357155098,1.02097898791569,0.363636363636364
"Malawi","child_iron","prev","region","sl_nnls",1,87,87,0.283075932639717,0.314381443797027,11.0797499245654,10.8396386991483,-4.13762012738007,1.00224262001813,0.409090909090909
"Malawi","child_iron","prev","region","sl_rank_disc",1,87,87,0.152934150803969,0.186205649561233,11.6934632330434,11.4205911850051,-3.75940553424735,1.05302623714064,0.318181818181818
"Malawi","child_iron","prev","region","sl_rank_nnls",1,87,87,0.262700521565285,0.30098698139696,10.9216863092185,10.6321564279395,-4.43763503764033,1.02008541344439,0.409090909090909
"Malawi","child_iron","prev","region","sl_lrn_mean",1,87,87,-0.590250962837293,-0.499820648485388,11.5490680519654,11.4442415072465,-4.7732473766694,1.05945741064786,0.0454545454545455
"Malawi","child_iron","prev","region","sl_lrn_lasso",1,87,87,0.40075898057767,0.318867456549036,11.2096892203464,10.9764112997602,-3.85054878465686,0.984893014020926,0.454545454545455
"Malawi","child_iron","prev","region","sl_lrn_enet",1,87,87,0.388136075955015,0.3176926092275,11.1960452435996,10.8579434552861,-4.0014896349048,0.983366578058938,0.454545454545455
"Malawi","child_iron","prev","region","sl_lrn_ridge",1,87,87,0.20524076786389,0.244372793422164,11.002418894098,10.6653742581131,-4.18446971738783,1.01563918316923,0.409090909090909
"Malawi","child_iron","prev","region","sl_lrn_ranger",1,87,87,0.235913331625444,0.238607149858529,11.2620997054942,11.0059731316696,-5.58015804907174,1.035016830988,0.5
"Malawi","child_iron","prev","region","sl_lrn_xgb",1,87,87,0.343052970788983,0.343768524852845,11.066974338711,10.818617906217,-3.30628081509438,0.994818060257226,0.5
"Malawi","child_iron","prev","region","sl_lrn_domain_index",1,87,87,0.165675623172357,0.274605815265335,13.974525836212,14.259596955058,-1.89919143585033,1.28205820566585,0.409090909090909
"Malawi","child_iron","prev","region","sl_lrn_domain_pc_ridge",1,87,87,0.158725729153236,0.253533964396217,11.1284004042882,10.9339622503328,-4.40009035203939,1.00621716737271,0.318181818181818
"Malawi","child_iron","prev","region","sl_lrn_domain_pc_enet",1,87,87,0.0371074822703825,-0.0306471330772899,12.1126845820243,11.9144700884138,-4.90507802719454,1.09514474636861,0.272727272727273
"Malawi","child_iron","prev","region","sl_lrn_domain_pc1_ols",1,87,87,0.26689599564507,0.415027540521075,12.2299337645858,11.6403138124103,-1.8077814987931,1.1400164318928,0.5
"Malawi","child_iron","prev","region","sl_lrn_hapc",1,87,87,0.215547041146839,0.300720806669822,12.1259744832755,12.0469430140786,-4.0121695170965,1.04141849733074,0.409090909090909
"Malawi","child_iron","prev","region","sl_lrn_hapc_lasso",1,87,87,0.265199564821505,0.334189420265883,10.8012018050885,10.6335719766818,-4.60556283649536,0.986377397799501,0.454545454545455
"Malawi","child_iron","prev","region","sl_lrn_spatial_gam",1,87,87,0.0588734460543665,-0.00946894843573211,12.1735724773707,12.133755970851,-5.77695598189899,1.1156589242811,0.272727272727273
"Malawi","child_iron","prev","region","sl_lrn_spatial_plus_domain",1,87,87,0.0912515612353116,0.0176940577825349,13.2695618058376,13.062575174172,-5.24854799684886,1.16851372844363,0.227272727272727
"Malawi","child_iron","level","infill","domain_index",1,87,87,0.223955675439236,0.23854745534024,0.304034790489206,0.299200484083987,-0.0139393435190795,1.12199549244028,0.272727272727273
"Malawi","child_iron","level","infill","sl_disc",1,87,87,0.449661004592841,0.43888404651245,0.253872558830989,0.248488436841695,-0.011112393972863,0.900444365264836,0.545454545454545
"Malawi","child_iron","level","infill","sl_nnls",1,87,87,0.420773492746227,0.407615905478926,0.254233996095523,0.251445184349825,-0.0102889740873226,0.912267479254536,0.454545454545455
"Malawi","child_iron","level","infill","sl_rank_disc",1,87,87,0.383465772399213,0.379142622942064,0.254532182316658,0.25130848559227,-0.0128097627647309,0.924189625897683,0.409090909090909
"Malawi","child_iron","level","infill","sl_rank_nnls",1,87,87,0.358733688124225,0.308825013177021,0.261707547026966,0.258024785421869,-0.00543216608244737,0.955822897832605,0.318181818181818
"Malawi","child_iron","level","infill","sl_lrn_mean",1,87,87,0.00679869477589252,-0.0506785978849732,0.276229624539041,0.272948933467288,0.0107690970992228,0.997293740106171,0.181818181818182
"Malawi","child_iron","level","infill","sl_lrn_lasso",1,87,87,0.489739009987607,0.430921151180429,0.246345497029228,0.239439092624921,0.00307137968705617,0.899454383600003,0.454545454545455
"Malawi","child_iron","level","infill","sl_lrn_enet",1,87,87,0.481792666034847,0.41370878077262,0.248760524133499,0.240134128263877,-0.00309918292062797,0.905616269150017,0.454545454545455
"Malawi","child_iron","level","infill","sl_lrn_ridge",1,87,87,0.390883575125756,0.381599341593333,0.250154896682313,0.242944883025183,-0.0046726081682264,0.9193541855478,0.363636363636364
"Malawi","child_iron","level","infill","sl_lrn_ranger",1,87,87,0.462510024057738,0.440894903179317,0.245631824530198,0.239213898811203,-0.0111882634064282,0.895680964486028,0.454545454545455
"Malawi","child_iron","level","infill","sl_lrn_xgb",1,87,87,0.43052416709193,0.435936562348415,0.24883900910584,0.247289250574424,-0.0112087265848605,0.904872519960071,0.454545454545455
"Malawi","child_iron","level","infill","sl_lrn_domain_index",1,87,87,0.223317780855872,0.243027234312467,0.298222926900537,0.297034286438204,-0.0253930935893708,1.11705752436544,0.272727272727273
"Malawi","child_iron","level","infill","sl_lrn_domain_pc_ridge",1,87,87,0.367263249981774,0.35354235747542,0.252086953930703,0.245946050588663,-0.00738707913020427,0.932073607739812,0.318181818181818
"Malawi","child_iron","level","infill","sl_lrn_domain_pc_enet",1,87,87,0.338886053801852,0.358268624518265,0.255924649408236,0.25156838259969,-0.0161146171679762,0.942191306803017,0.363636363636364
"Malawi","child_iron","level","infill","sl_lrn_domain_pc1_ols",1,87,87,0.257964569512284,0.239042357417735,0.306271096266462,0.300181520593262,-0.00383389764118234,1.11752097715125,0.454545454545455
"Malawi","child_iron","level","infill","sl_lrn_hapc",1,87,87,0.485620033535029,0.489067332453298,0.245209853805901,0.235275696678164,-0.0155570847358497,0.871047792558295,0.5
"Malawi","child_iron","level","infill","sl_lrn_hapc_lasso",1,87,87,0.415360501567398,0.429593296990662,0.24931720753454,0.240006890354388,-0.00582016287101822,0.898496525594781,0.409090909090909
"Malawi","child_iron","level","infill","sl_lrn_spatial_gam",1,87,87,0.0534737916454035,-0.00187998828138429,0.292055129154811,0.291955640538495,0.00127253799228587,1.04942180361657,0.136363636363636
"Malawi","child_iron","level","infill","sl_lrn_spatial_plus_domain",1,87,87,0.266257199096012,0.251058749391341,0.261274329921376,0.255119545792534,-0.00198426826114739,0.983692500937641,0.227272727272727
"Malawi","child_iron","level","infill","domain_index",2,87,87,0.381369833053875,0.396221618341709,0.27526506804728,0.269285356387765,-0.00568351668413614,1.0314097436751,0.409090909090909
"Malawi","child_iron","level","infill","sl_disc",2,87,87,0.368958227017569,0.342095617878883,0.252301296309472,0.236510692239716,0.0144476426942598,0.966844670635482,0.409090909090909
"Malawi","child_iron","level","infill","sl_nnls",2,87,87,0.370252241743821,0.347062686965162,0.250730299365973,0.235354527176616,0.0153834259199268,0.952917847654019,0.409090909090909
"Malawi","child_iron","level","infill","sl_rank_disc",2,87,87,0.369669023839032,0.361713101467553,0.25335275452637,0.235769252235356,0.0200673429903533,0.963435009787205,0.5
"Malawi","child_iron","level","infill","sl_rank_nnls",2,87,87,0.380786615149085,0.381070482649315,0.250315154632432,0.238510846360803,0.011714776071498,0.929961527458235,0.454545454545455
"Malawi","child_iron","level","infill","sl_lrn_mean",2,87,87,-0.414748282949591,-0.413657834536733,0.285681956149943,0.280435214642715,0.0102632461798486,1.03546234615442,0.181818181818182
"Malawi","child_iron","level","infill","sl_lrn_lasso",2,87,87,0.391503244149595,0.326698091592729,0.249459510566548,0.232104559215555,0.02152001631078,0.955218969996664,0.5
"Malawi","child_iron","level","infill","sl_lrn_enet",2,87,87,0.398483633447547,0.313626938848345,0.249356596707971,0.231640705714979,0.016586750808404,0.959375402697167,0.5
"Malawi","child_iron","level","infill","sl_lrn_ridge",2,87,87,0.387931034482759,0.409555966350754,0.240991138100942,0.228614398151054,0.00904292530109457,0.911388353548054,0.545454545454545
"Malawi","child_iron","level","infill","sl_lrn_ranger",2,87,87,0.484052635415907,0.472894119218043,0.237852467300301,0.228169851978919,0.000297408239019671,0.878007849115057,0.590909090909091
"Malawi","child_iron","level","infill","sl_lrn_xgb",2,87,87,0.53643289348983,0.515089051325471,0.229909363663705,0.21668532696882,0.00696316207350961,0.857818263095459,0.590909090909091
"Malawi","child_iron","level","infill","sl_lrn_domain_index",2,87,87,0.375683458482175,0.397095693422532,0.270856390807337,0.265535857135212,-0.00956032824759516,1.02482152540575,0.454545454545455
"Malawi","child_iron","level","infill","sl_lrn_domain_pc_ridge",2,87,87,0.382062404315812,0.398924912692792,0.247157014704877,0.237205995191536,0.00113490835210675,0.914833007559768,0.545454545454545
"Malawi","child_iron","level","infill","sl_lrn_domain_pc_enet",2,87,87,0.343879857111613,0.338945005560181,0.25453898898531,0.243476322034601,-0.00223912077925,0.937304613800022,0.454545454545455
"Malawi","child_iron","level","infill","sl_lrn_domain_pc1_ols",2,87,87,0.286287089013633,0.322133455376133,0.291130486992711,0.283712664712704,0.00464914199801818,1.07025329970666,0.5
"Malawi","child_iron","level","infill","sl_lrn_hapc",2,87,87,0.46240067070059,0.478406139083303,0.24017662324706,0.225946591341688,-0.00332296128967643,0.882888918054121,0.545454545454545
"Malawi","child_iron","level","infill","sl_lrn_hapc_lasso",2,87,87,0.393836115768754,0.401847339966359,0.241850983043187,0.234988650343057,0.00242961250359818,0.910563642759087,0.5
"Malawi","child_iron","level","infill","sl_lrn_spatial_gam",2,87,87,0.163118757745863,0.0823595729417995,0.283391566593125,0.27538364722671,0.00746337217556799,1.02791044610976,0.272727272727273
"Malawi","child_iron","level","infill","sl_lrn_spatial_plus_domain",2,87,87,0.355544215207407,0.347702468553056,0.251364648056733,0.236635280739628,0.00484845830118104,0.94768436827783,0.454545454545455
"Malawi","child_iron","level","infill","domain_index",3,87,87,0.334912881825472,0.337084941101947,0.288994826431262,0.286932895220501,-0.0235326975724098,1.08239847647821,0.409090909090909
"Malawi","child_iron","level","infill","sl_disc",3,87,87,0.380185171684771,0.362466388580975,0.256509718687425,0.246444928096708,-0.0237067868777849,0.942079584971526,0.409090909090909
"Malawi","child_iron","level","infill","sl_nnls",3,87,87,0.391649048625793,0.393051104725908,0.254729340157937,0.247603455911377,-0.0208795128995463,0.921607527354769,0.5
"Malawi","child_iron","level","infill","sl_rank_disc",3,87,87,0.429485310199023,0.40295742837702,0.256498043880696,0.248037335114081,-0.0208550296310144,0.921560765156768,0.5
"Malawi","child_iron","level","infill","sl_rank_nnls",3,87,87,0.377761172267989,0.366571401677866,0.258065784051771,0.252619581833375,-0.0208431892056187,0.933522934417001,0.454545454545455
"Malawi","child_iron","level","infill","sl_lrn_mean",3,87,87,-0.278551174470562,-0.288209153781095,0.282247423514622,0.276671435392555,0.0110583699579904,1.01497915153054,0.136363636363636
"Malawi","child_iron","level","infill","sl_lrn_lasso",3,87,87,0.387256688780346,0.393493980852279,0.253701439196793,0.247502003219302,-0.0236323600379058,0.918125163036295,0.5
"Malawi","child_iron","level","infill","sl_lrn_enet",3,87,87,0.441094991616243,0.41297436545586,0.251772684117898,0.245770859259104,-0.00629593501330987,0.905688977517326,0.5
"Malawi","child_iron","level","infill","sl_lrn_ridge",3,87,87,0.289458336370926,0.314705347578162,0.26167456393656,0.256516689194281,-0.0196203675473709,0.950664402875351,0.363636363636364
"Malawi","child_iron","level","infill","sl_lrn_ranger",3,87,87,0.440220164759058,0.420700373960802,0.250426617315953,0.242449872348441,-0.0100478839783656,0.902661823559432,0.5
"Malawi","child_iron","level","infill","sl_lrn_xgb",3,87,87,0.426879055186994,0.437991367827444,0.257160733656755,0.247008394346921,-0.0246729609260105,0.9113981020527,0.409090909090909
"Malawi","child_iron","level","infill","sl_lrn_domain_index",3,87,87,0.340344098563826,0.343601327761069,0.288332667447309,0.287283512464955,-0.0169542112804124,1.07867144328012,0.409090909090909
"Malawi","child_iron","level","infill","sl_lrn_domain_pc_ridge",3,87,87,0.300430123204782,0.323744056555273,0.25961254827121,0.254089728781207,-0.00589911591974782,0.94116061557318,0.409090909090909
"Malawi","child_iron","level","infill","sl_lrn_domain_pc_enet",3,87,87,0.25225996938106,0.308806805834121,0.263804380005226,0.25739321693952,-0.0210350646021354,0.950863626324246,0.409090909090909
"Malawi","child_iron","level","infill","sl_lrn_domain_pc1_ols",3,87,87,0.232102500546767,0.231121027603097,0.291162253474524,0.286354050766714,-0.0193513286019245,1.05827828283165,0.318181818181818
"Malawi","child_iron","level","infill","sl_lrn_hapc",3,87,87,0.415743238317416,0.41663928885601,0.263400411601921,0.251287586145543,-0.0148386388061226,0.927889012208331,0.5
"Malawi","child_iron","level","infill","sl_lrn_hapc_lasso",3,87,87,0.405810308376467,0.413788173466452,0.251713605285526,0.246711670002285,-0.0137396920601913,0.906853788641274,0.454545454545455
"Malawi","child_iron","level","infill","sl_lrn_spatial_gam",3,87,87,0.140191003863819,0.102308551265665,0.282120173372831,0.274772401117067,-0.00566599786764918,1.02215343335496,0.136363636363636
"Malawi","child_iron","level","infill","sl_lrn_spatial_plus_domain",3,87,87,0.21664722606984,0.226965206405194,0.272487286322162,0.261477715237889,-0.0372483183385689,1.00986635248619,0.318181818181818
"Malawi","child_iron","level","region","domain_index",1,87,87,0.214751767879274,0.232201596035363,0.294310251433103,0.296369852916693,-0.0145218476931376,1.115750890809,0.409090909090909
"Malawi","child_iron","level","region","sl_disc",1,87,87,0.318327622658016,0.32179930720715,0.261023265417396,0.257658175297065,0.0286058961724412,0.95166236515293,0.545454545454545
"Malawi","child_iron","level","region","sl_nnls",1,87,87,0.391557920828169,0.378208618280036,0.246012355405249,0.241777142004472,0.0176272939705707,0.92192953696604,0.5
"Malawi","child_iron","level","region","sl_rank_disc",1,87,87,0.337172851206532,0.345966449382073,0.254498531982815,0.249072190548144,0.0406939504459303,0.948530138800202,0.5
"Malawi","child_iron","level","region","sl_rank_nnls",1,87,87,0.352063133338193,0.332352337314906,0.252921414865515,0.249265466218437,0.0195717985308343,0.941074741428704,0.454545454545455
"Malawi","child_iron","level","region","sl_lrn_mean",1,87,87,-0.699534208188945,-0.648703083197879,0.281849283732935,0.277905849353797,0.01072257277306,1.01892406344419,0
"Malawi","child_iron","level","region","sl_lrn_lasso",1,87,87,0.411423780710068,0.309834934283436,0.262346272927355,0.255670586784235,0.0197252879253039,0.968530938023893,0.363636363636364
"Malawi","child_iron","level","region","sl_lrn_enet",1,87,87,0.415688561638842,0.330527980242919,0.258008370944726,0.249959798213343,0.0229221929840702,0.944374865732517,0.409090909090909
"Malawi","child_iron","level","region","sl_lrn_ridge",1,87,87,0.288474156156594,0.290524647098153,0.253139407245166,0.249006851860334,0.012203263285225,0.962814546870343,0.409090909090909
"Malawi","child_iron","level","region","sl_lrn_ranger",1,87,87,0.355580666326456,0.352919781637134,0.251806242097949,0.24783763031465,0.0194924750594648,0.933268383610197,0.454545454545455
"Malawi","child_iron","level","region","sl_lrn_xgb",1,87,87,0.420992199460523,0.408353642009126,0.23927411674321,0.23561320065972,0.0324373596365933,0.91674779623989,0.5
"Malawi","child_iron","level","region","sl_lrn_domain_index",1,87,87,0.204180943354961,0.22997530535618,0.294747200056954,0.295958245251025,-0.0134820278615772,1.1159541712937,0.409090909090909
"Malawi","child_iron","level","region","sl_lrn_domain_pc_ridge",1,87,87,0.185627323758839,0.23323453974452,0.259176086809262,0.253450984312861,0.00896149032917281,0.968809624670789,0.409090909090909
"Malawi","child_iron","level","region","sl_lrn_domain_pc_enet",1,87,87,0.259367937595684,0.28777523334305,0.252847420010599,0.247863924617373,-0.0102407209335988,0.960458202765064,0.454545454545455
"Malawi","child_iron","level","region","sl_lrn_domain_pc1_ols",1,87,87,0.225869359189327,0.25487424257925,0.284683488372582,0.281691337485926,0.00503693489265847,1.07167526227347,0.5
"Malawi","child_iron","level","region","sl_lrn_hapc",1,87,87,0.397608806590362,0.42593807997819,0.240629076566998,0.23774300104951,0.0151076015658247,0.90315273892001,0.5
"Malawi","child_iron","level","region","sl_lrn_hapc_lasso",1,87,87,0.344098563825909,0.365190074212611,0.247644356978469,0.243773609593232,0.0197078260713328,0.927640120895279,0.545454545454545
"Malawi","child_iron","level","region","sl_lrn_spatial_gam",1,87,87,0.0200663410366698,-0.0266122798120055,0.30091348550599,0.301518852978899,-0.00170177314855125,1.10350455323608,0.0909090909090909
"Malawi","child_iron","level","region","sl_lrn_spatial_plus_domain",1,87,87,0.200335350295254,0.18170619566738,0.267145199001818,0.260231218356869,0.0137844697272811,1.03304550907142,0.318181818181818
"Malawi","women_b12","prev","infill","domain_index",1,87,87,0.534322441369627,0.344075887955364,11.0197544448973,10.4222694954117,0.218171305203724,1.16065755954919,0.409090909090909
"Malawi","women_b12","prev","infill","sl_disc",1,87,87,0.431616354020185,0.272041209333785,9.37664227799664,8.92886038246742,-5.86786226119561,1.03906110724435,0.318181818181818
"Malawi","women_b12","prev","infill","sl_nnls",1,87,87,0.486099376885377,0.316782495994184,9.01707217587961,8.57642734819052,-5.22665115990782,1.01033683530552,0.363636363636364
"Malawi","women_b12","prev","infill","sl_rank_disc",1,87,87,0.552353843227777,0.326131897278287,9.69078207698613,9.30717199197719,-3.06998172750744,1.05018445731018,0.454545454545455
"Malawi","women_b12","prev","infill","sl_rank_nnls",1,87,87,0.511343339486788,0.288066582612779,9.40352363512194,8.91447258386673,-4.81333539455656,1.02162397585406,0.454545454545455
"Malawi","women_b12","prev","infill","sl_lrn_mean",1,87,87,-0.228399607346584,-0.214683023182366,11.000441434962,10.6330092794717,-7.33695775779112,1.12228593025721,0.136363636363636
"Malawi","women_b12","prev","infill","sl_lrn_lasso",1,87,87,0.396476991369396,0.140114859509106,10.0511782249849,9.55470823985795,-5.81043338942743,1.07751730218725,0.318181818181818
"Malawi","women_b12","prev","infill","sl_lrn_enet",1,87,87,0.453846982618347,0.212049865895342,9.84764727097786,9.35220880005388,-5.82545186527236,1.05418830794443,0.272727272727273
"Malawi","women_b12","prev","infill","sl_lrn_ridge",1,87,87,0.511693275048455,0.363357602715217,8.97159490781385,8.55581002067263,-5.30086709321947,0.996462095162368,0.363636363636364
"Malawi","women_b12","prev","infill","sl_lrn_ranger",1,87,87,0.489832022876499,0.392158205276936,8.79371709152264,8.41592374810672,-5.1715352378459,0.983150581272135,0.409090909090909
"Malawi","women_b12","prev","infill","sl_lrn_xgb",1,87,87,0.496130862986515,0.308080898940031,9.12397274375518,9.1360585208648,-3.80232799759798,1.0031458297442,0.409090909090909
"Malawi","women_b12","prev","infill","sl_lrn_domain_index",1,87,87,0.526604418148403,0.347107676115854,10.9615727577851,10.3930549560213,0.0609879625743771,1.16202041084053,0.409090909090909
"Malawi","women_b12","prev","infill","sl_lrn_domain_pc_ridge",1,87,87,0.526740504200162,0.439736929447044,9.29651175073274,8.96149693269464,-6.21571045761279,1.01616992200231,0.409090909090909
"Malawi","women_b12","prev","infill","sl_lrn_domain_pc_enet",1,87,87,0.438294290988675,0.383344440571062,9.53551003383303,9.13292926073129,-6.08677644950662,1.02069427599174,0.318181818181818
"Malawi","women_b12","prev","infill","sl_lrn_domain_pc1_ols",1,87,87,0.326664846816709,0.0519276792583152,11.3784094148135,10.3415139173605,-1.98729603119375,1.25531134577052,0.318181818181818
"Malawi","women_b12","prev","infill","sl_lrn_hapc",1,87,87,0.544713583464701,0.402783822453965,8.51728311051576,8.29233918903373,-3.81357522786214,0.952242950766074,0.590909090909091
"Malawi","women_b12","prev","infill","sl_lrn_hapc_lasso",1,87,87,0.503207337678016,0.392266782361397,9.00769354970769,8.66566466507579,-5.90103512899024,1.00811152297029,0.363636363636364
"Malawi","women_b12","prev","infill","sl_lrn_spatial_gam",1,87,87,0.435601731250288,0.237195227015568,9.93971283342915,9.4628768081393,-4.72365237102568,1.07241999028672,0.363636363636364
"Malawi","women_b12","prev","infill","sl_lrn_spatial_plus_domain",1,87,87,0.440189775281041,0.234148717864144,9.96571718829466,9.46440428825378,-4.66463357208521,1.07329902402877,0.363636363636364
"Malawi","women_b12","prev","infill","domain_index",2,87,87,0.571746105603524,0.395493719679538,10.1058216092713,9.65725027187414,-0.429644958002659,1.08071522038315,0.409090909090909
"Malawi","women_b12","prev","infill","sl_disc",2,87,87,0.458085091087432,0.271322932634481,9.67812806431766,9.30296459646145,-5.39511854260089,1.02807137500569,0.454545454545455
"Malawi","women_b12","prev","infill","sl_nnls",2,87,87,0.478595203174061,0.35848722733887,8.86271256983252,8.49184793489647,-5.06175023120433,0.991559737030086,0.409090909090909
"Malawi","women_b12","prev","infill","sl_rank_disc",2,87,87,0.496655766329017,0.275073271440943,10.4366780081334,9.95987659161448,-2.63760640954474,1.08162332711805,0.409090909090909
"Malawi","women_b12","prev","infill","sl_rank_nnls",2,87,87,0.483066602017592,0.327230638182159,9.18256143782791,8.80904891672286,-4.72555245744294,1.00254749996094,0.363636363636364
"Malawi","women_b12","prev","infill","sl_lrn_mean",2,87,87,-0.143393980870345,-0.109300466759092,10.9113034519873,10.5456181784405,-7.34908674013446,1.11777993216224,0.272727272727273
"Malawi","women_b12","prev","infill","sl_lrn_lasso",2,87,87,0.402698068021265,0.216723033722783,9.97804721601642,9.56183640919496,-5.03337071178921,1.04406057651399,0.363636363636364
"Malawi","women_b12","prev","infill","sl_lrn_enet",2,87,87,0.421302975383259,0.240564710326064,9.85570881453862,9.4448849455861,-5.18410463858215,1.03474437061376,0.363636363636364
"Malawi","women_b12","prev","infill","sl_lrn_ridge",2,87,87,0.536081839610234,0.43945344791129,8.6095960314884,8.22239725968754,-5.22511865897753,0.968990548459023,0.5
"Malawi","women_b12","prev","infill","sl_lrn_ranger",2,87,87,0.555435220256906,0.438909629087324,8.69643148173606,8.3742686677881,-5.20222278255898,0.967623367699723,0.5
"Malawi","women_b12","prev","infill","sl_lrn_xgb",2,87,87,0.486361828556628,0.421435790543375,8.64726230654069,8.56865078582952,-4.19748051454588,0.954148187544435,0.545454545454545
"Malawi","women_b12","prev","infill","sl_lrn_domain_index",2,87,87,0.568616126413052,0.393961493604483,10.0219918175503,9.5276704234857,-0.531861226593775,1.07635413938183,0.454545454545455
"Malawi","women_b12","prev","infill","sl_lrn_domain_pc_ridge",2,87,87,0.527887515207851,0.45562070880205,9.37719638710244,9.07338640422776,-6.27951431717631,1.01641901742002,0.5
"Malawi","women_b12","prev","infill","sl_lrn_domain_pc_enet",2,87,87,0.463781264396799,0.378967498311912,9.35764008611199,9.07923558485681,-5.74781262896139,1.00747953916381,0.454545454545455
"Malawi","women_b12","prev","infill","sl_lrn_domain_pc1_ols",2,87,87,0.296959205804037,0.0815020212297652,12.7108647451997,11.9311460993589,-1.64541272493457,1.36538113456661,0.363636363636364
"Malawi","women_b12","prev","infill","sl_lrn_hapc",2,87,87,0.503878047504546,0.425355953803236,8.48499411235729,8.32826382974373,-4.05109750206202,0.945783346439638,0.590909090909091
"Malawi","women_b12","prev","infill","sl_lrn_hapc_lasso",2,87,87,0.524524245642934,0.400120883016451,9.02107014237213,8.69061221080548,-5.81401683753325,1.00244987432536,0.409090909090909
"Malawi","women_b12","prev","infill","sl_lrn_spatial_gam",2,87,87,0.461565005839571,0.29469886565113,9.28792021858929,8.87645932465399,-5.62927393172068,1.0326297767504,0.409090909090909
"Malawi","women_b12","prev","infill","sl_lrn_spatial_plus_domain",2,87,87,0.477098256604705,0.330636246130799,9.18160065010132,8.78585416853213,-5.50329108476576,1.01551696397836,0.409090909090909
"Malawi","women_b12","prev","infill","domain_index",3,87,87,0.51680622242171,0.362504760031366,10.9312793158436,10.3403853285729,0.437345996631332,1.13840969174833,0.409090909090909
"Malawi","women_b12","prev","infill","sl_disc",3,87,87,0.470867459520568,0.378693191107513,9.26985214915819,9.00086294689721,-5.18310927233981,0.987127840458972,0.363636363636364
"Malawi","women_b12","prev","infill","sl_nnls",3,87,87,0.50371280015598,0.404998060130264,8.96426981368555,8.69722882995254,-4.39582723550959,0.96009083993932,0.409090909090909
"Malawi","women_b12","prev","infill","sl_rank_disc",3,87,87,0.494128453939195,0.38721086667817,9.16568837061563,8.94588139490057,-3.35950107491138,0.991612395316095,0.363636363636364
"Malawi","women_b12","prev","infill","sl_rank_nnls",3,87,87,0.513161060321006,0.372089796553692,8.61101955537349,8.34207469165428,-4.07945409736373,0.977896834911273,0.363636363636364
"Malawi","women_b12","prev","infill","sl_lrn_mean",3,87,87,-0.118835256666351,-0.128605795277064,10.9064550684363,10.5415247133852,-7.36366329082192,1.11822688442781,0.272727272727273
"Malawi","women_b12","prev","infill","sl_lrn_lasso",3,87,87,0.408773338189105,0.205724502771288,9.89604413076538,9.39591059505503,-4.68791302642699,1.04704096689592,0.318181818181818
"Malawi","women_b12","prev","infill","sl_lrn_enet",3,87,87,0.472063072689599,0.297013967118014,9.37501272570663,8.98431961267615,-5.46007114230756,1.02144137669015,0.363636363636364
"Malawi","women_b12","prev","infill","sl_lrn_ridge",3,87,87,0.51012828545322,0.401550055666535,9.07149554370989,8.61769918977289,-5.21081374915385,0.983087330943871,0.409090909090909
"Malawi","women_b12","prev","infill","sl_lrn_ranger",3,87,87,0.510108844588683,0.359284054209441,9.04935894185703,8.69759621763722,-5.00914528124803,0.98998200978042,0.363636363636364
"Malawi","women_b12","prev","infill","sl_lrn_xgb",3,87,87,0.433171623183152,0.304917289070395,9.56109643966157,9.40035431767224,-3.48896977588576,1.00737947834436,0.363636363636364
"Malawi","women_b12","prev","infill","sl_lrn_domain_index",3,87,87,0.520791599651813,0.360613684447614,10.9368821128795,10.3486071629661,0.32889282407357,1.14458749924834,0.409090909090909
"Malawi","women_b12","prev","infill","sl_lrn_domain_pc_ridge",3,87,87,0.527829192614239,0.417195326959239,9.31317146335624,8.94244495396618,-6.0891682113995,1.01538514698865,0.363636363636364
"Malawi","women_b12","prev","infill","sl_lrn_domain_pc_enet",3,87,87,0.447178766082125,0.322593743735319,9.33859137049221,9.00553017590621,-5.5032903623197,1.01481951189903,0.318181818181818
"Malawi","women_b12","prev","infill","sl_lrn_domain_pc1_ols",3,87,87,0.413011446658191,0.11842519943843,12.0923903430182,11.4374363859961,-1.14783538427739,1.29791152545108,0.272727272727273
"Malawi","women_b12","prev","infill","sl_lrn_hapc",3,87,87,0.560421802010669,0.438498853367945,8.64922903735108,8.47171113887084,-3.84723962287785,0.93481155217235,0.5
"Malawi","women_b12","prev","infill","sl_lrn_hapc_lasso",3,87,87,0.48635210812436,0.340547538672758,9.23652688429715,8.95195683464232,-5.80301849958348,1.01705035807086,0.454545454545455
"Malawi","women_b12","prev","infill","sl_lrn_spatial_gam",3,87,87,0.487635205183808,0.274871871936307,9.47195639444506,9.01676040704202,-5.51509678304741,1.03687980800644,0.363636363636364
"Malawi","women_b12","prev","infill","sl_lrn_spatial_plus_domain",3,87,87,0.473909954820623,0.293045186134229,9.36232839233245,8.90047456292293,-5.40050897553592,1.02600767318856,0.363636363636364
"Malawi","women_b12","prev","region","domain_index",1,87,87,0.491659464142985,0.304750111652855,10.7605653099625,10.2039542636332,-0.917742830409741,1.1427769697106,0.454545454545455
"Malawi","women_b12","prev","region","sl_disc",1,87,87,0.33607422525266,0.194275848809577,9.84152546291808,9.52761622187182,-5.64915566214485,1.05447015162097,0.227272727272727
"Malawi","women_b12","prev","region","sl_nnls",1,87,87,0.409968951358136,0.220250988462563,9.72783533815564,9.38401855883352,-4.84161101532566,1.05280221746322,0.409090909090909
"Malawi","women_b12","prev","region","sl_rank_disc",1,87,87,0.504062735717648,0.341130392736647,9.44076024507192,9.15370232548156,-2.83036847571287,1.05719219033473,0.409090909090909
"Malawi","women_b12","prev","region","sl_rank_nnls",1,87,87,0.439042764273353,0.254084213933386,9.46010173006753,9.17918194490085,-4.67391771410972,1.04789285885874,0.409090909090909
"Malawi","women_b12","prev","region","sl_lrn_mean",1,87,87,-0.712141200590743,-0.645301462053924,11.0493905881877,10.688925798117,-7.37407426620744,1.12660613141138,0
"Malawi","women_b12","prev","region","sl_lrn_lasso",1,87,87,0.205489938157032,0.049676564349369,10.4206063139448,10.0872697840288,-5.98487900155666,1.09111997431426,0.227272727272727
"Malawi","women_b12","prev","region","sl_lrn_enet",1,87,87,0.290456236616381,0.131993856534894,10.1177452820315,9.98290766045999,-5.78659916337157,1.06934020220273,0.227272727272727
"Malawi","women_b12","prev","region","sl_lrn_ridge",1,87,87,0.44327115231017,0.271695721423966,9.642048564776,9.27629585208042,-5.96180414188067,1.04137168669775,0.318181818181818
"Malawi","women_b12","prev","region","sl_lrn_ranger",1,87,87,0.453205434088623,0.256731877110394,9.69769564056366,9.43367981600899,-5.96435901602953,1.04520857303253,0.409090909090909
"Malawi","women_b12","prev","region","sl_lrn_xgb",1,87,87,0.270966769917949,0.171111715487369,9.90285449908618,9.79777503785895,-5.39642496721819,1.07622896300239,0.318181818181818
"Malawi","women_b12","prev","region","sl_lrn_domain_index",1,87,87,0.489171033482238,0.315161579598475,10.527104162188,10.0292712148642,-1.17375026031511,1.11921951201265,0.454545454545455
"Malawi","women_b12","prev","region","sl_lrn_domain_pc_ridge",1,87,87,0.442824012425817,0.335838033950781,9.90172481571155,9.6013018623824,-6.66284862747875,1.0578276582023,0.363636363636364
"Malawi","women_b12","prev","region","sl_lrn_domain_pc_enet",1,87,87,0.257892788516756,0.18394586818781,10.0275624770228,9.69473565330572,-6.33341389680541,1.07076689459674,0.227272727272727
"Malawi","women_b12","prev","region","sl_lrn_domain_pc1_ols",1,87,87,0.208824046425143,-0.00664345512861344,11.9660949582244,11.2792608781183,-2.94350183695427,1.24366721274063,0.227272727272727
"Malawi","women_b12","prev","region","sl_lrn_hapc",1,87,87,0.400851185890241,0.250825554324689,9.49701515406309,9.26796002477361,-5.13751447373453,1.03532151026609,0.363636363636364
"Malawi","women_b12","prev","region","sl_lrn_hapc_lasso",1,87,87,0.442522679025492,0.268338954521983,9.77412067679358,9.43979879157764,-6.59601827017077,1.06176999924403,0.363636363636364
"Malawi","women_b12","prev","region","sl_lrn_spatial_gam",1,87,87,0.386358021377842,0.208901551231217,9.9155747617049,9.51741515860542,-5.35220633511444,1.07309536933635,0.409090909090909
"Malawi","women_b12","prev","region","sl_lrn_spatial_plus_domain",1,87,87,0.346513969509077,0.193934069250385,10.1125121737111,9.72158732730532,-5.30140903913386,1.07744390106138,0.363636363636364
"Malawi","women_b12","level","infill","domain_index",1,87,87,0.721003134796238,0.679508792112238,0.290132522197602,0.267025439335666,0.0178332456459297,0.770542392037528,0.5
"Malawi","women_b12","level","infill","sl_disc",1,87,87,0.646733979733178,0.647674486661923,0.258601335352062,0.238765566489579,0.00176627938954847,0.757545568822624,0.363636363636364
"Malawi","women_b12","level","infill","sl_nnls",1,87,87,0.658343661150397,0.669767215345598,0.254569402748079,0.236296004649485,-4.12926129006873e-05,0.738692633680754,0.363636363636364
"Malawi","women_b12","level","infill","sl_rank_disc",1,87,87,0.63162499088722,0.640275198092716,0.259087942640436,0.238666494712126,-0.0101818185236411,0.764132830444708,0.363636363636364
"Malawi","women_b12","level","infill","sl_rank_nnls",1,87,87,0.68952759349712,0.7027022514413,0.247499480163712,0.229422251870677,-0.00157415057493326,0.712658243463017,0.454545454545455
"Malawi","women_b12","level","infill","sl_lrn_mean",1,87,87,-0.301588612172184,-0.26842981377325,0.383802039154171,0.364631492002721,-0.0151556341191208,1.01565825039075,0.0909090909090909
"Malawi","women_b12","level","infill","sl_lrn_lasso",1,87,87,0.71863381205803,0.723500669651853,0.241089981073804,0.220639729117685,0.0112280926517718,0.701172089752243,0.454545454545455
"Malawi","women_b12","level","infill","sl_lrn_enet",1,87,87,0.676623897353649,0.692486555590727,0.245524093773927,0.224771898790333,0.00576649652496948,0.734420269498318,0.5
"Malawi","women_b12","level","infill","sl_lrn_ridge",1,87,87,0.719617992272363,0.732236588132519,0.239377662273902,0.219564321290891,0.000596494406342923,0.688148675875299,0.5
"Malawi","women_b12","level","infill","sl_lrn_ranger",1,87,87,0.699788583509514,0.721051308263901,0.230119624373063,0.209620673231876,0.000830540586092091,0.699380081249909,0.545454545454545
"Malawi","women_b12","level","infill","sl_lrn_xgb",1,87,87,0.665998396150762,0.697326238449901,0.241875591657614,0.221299302572537,0.00965741579847879,0.714643637977884,0.5
"Malawi","women_b12","level","infill","sl_lrn_domain_index",1,87,87,0.711143107093388,0.666618592497406,0.294571816817595,0.271423460801663,0.018215710151621,0.782529911086124,0.545454545454545
"Malawi","women_b12","level","infill","sl_lrn_domain_pc_ridge",1,87,87,0.700900342640519,0.698017724337064,0.268222325965568,0.249789012653788,-0.00954312307949791,0.770183682804146,0.454545454545455
"Malawi","women_b12","level","infill","sl_lrn_domain_pc_enet",1,87,87,0.68052416709193,0.668478508302199,0.248949207573998,0.22581963576294,0.00838588099995973,0.750421771099681,0.454545454545455
"Malawi","women_b12","level","infill","sl_lrn_domain_pc1_ols",1,87,87,0.5367062768827,0.591218115943204,0.298853215600233,0.2744564790156,0.0104299272487769,0.836189528616534,0.272727272727273
"Malawi","women_b12","level","infill","sl_lrn_hapc",1,87,87,0.622512211124881,0.664802015405103,0.252269603801982,0.234056071086804,0.00697679585948513,0.745986655283112,0.409090909090909
"Malawi","women_b12","level","infill","sl_lrn_hapc_lasso",1,87,87,0.733250710796821,0.717844736706689,0.239994939559385,0.220452005195484,-0.000904212253547125,0.704290285570727,0.545454545454545
"Malawi","women_b12","level","infill","sl_lrn_spatial_gam",1,87,87,0.654899030400233,0.691848880590653,0.262055274084943,0.250236274758145,0.00348463302770471,0.718799164246029,0.318181818181818
"Malawi","women_b12","level","infill","sl_lrn_spatial_plus_domain",1,87,87,0.662426186483925,0.691546724227906,0.263441189328318,0.250827602610137,0.00488743646410344,0.720328471804748,0.363636363636364
"Malawi","women_b12","level","infill","domain_index",2,87,87,0.694266238973536,0.663920730716609,0.296301127961887,0.279683029634783,0.00926925962977275,0.794288647425616,0.545454545454545
"Malawi","women_b12","level","infill","sl_disc",2,87,87,0.622566887803455,0.605890884259513,0.274084285023526,0.261080553297946,-0.00130299922370776,0.802270401962565,0.454545454545455
"Malawi","women_b12","level","infill","sl_nnls",2,87,87,0.654297586935919,0.639811059563223,0.264245825051933,0.249000464218782,0.00282089265907516,0.769449024390499,0.454545454545455
"Malawi","women_b12","level","infill","sl_rank_disc",2,87,87,0.642633228840125,0.637361709433932,0.26255667882706,0.243524308251784,0.0181257778860987,0.767131369192757,0.409090909090909
"Malawi","women_b12","level","infill","sl_rank_nnls",2,87,87,0.655135962674054,0.638492028159044,0.258542496638125,0.241822850452896,0.00610254703499718,0.766120890954053,0.5
"Malawi","women_b12","level","infill","sl_lrn_mean",2,87,87,-0.138289729990076,-0.203037001308788,0.379198121205336,0.36042862131194,-0.0146785049973082,1.00708024212097,0.181818181818182
"Malawi","women_b12","level","infill","sl_lrn_lasso",2,87,87,0.650761828388131,0.614059074313907,0.267998030333693,0.256527991408191,-0.0146935416769208,0.789892819835083,0.454545454545455
"Malawi","women_b12","level","infill","sl_lrn_enet",2,87,87,0.645968506233141,0.606295804644962,0.268273186842958,0.252314657365172,-0.0133859270061341,0.798547126495108,0.409090909090909
"Malawi","women_b12","level","infill","sl_lrn_ridge",2,87,87,0.695122840271196,0.678975164493428,0.257842718219103,0.235988520946425,-0.00503744589342017,0.730835774567024,0.5
"Malawi","women_b12","level","infill","sl_lrn_ranger",2,87,87,0.679922723627615,0.675989461025288,0.237283397754412,0.218517862899839,0.00686206863764369,0.734968535667112,0.5
"Malawi","women_b12","level","infill","sl_lrn_xgb",2,87,87,0.642141138732959,0.645561501109706,0.245806025658323,0.226725023507835,0.0188858371522245,0.769238499785812,0.454545454545455
"Malawi","women_b12","level","infill","sl_lrn_domain_index",2,87,87,0.692771743092513,0.658620060124712,0.300118975169232,0.283635160576724,0.0102720096776546,0.798316924630624,0.545454545454545
"Malawi","women_b12","level","infill","sl_lrn_domain_pc_ridge",2,87,87,0.685700225996938,0.666274907877875,0.271386140115879,0.255147302544018,-0.00525254174785065,0.783054152498416,0.409090909090909
"Malawi","women_b12","level","infill","sl_lrn_domain_pc_enet",2,87,87,0.667019027484144,0.657378011296842,0.256051750648332,0.237584998948465,0.00240543004641292,0.749299054454425,0.5
"Malawi","women_b12","level","infill","sl_lrn_domain_pc1_ols",2,87,87,0.523930159655901,0.513004057792118,0.310116861338321,0.288685396137759,0.00517413701127717,0.897215009529205,0.409090909090909
"Malawi","women_b12","level","infill","sl_lrn_hapc",2,87,87,0.6468980097689,0.629464817766273,0.258665441764151,0.239633763643071,-0.00260235819971161,0.782799913557292,0.5
"Malawi","women_b12","level","infill","sl_lrn_hapc_lasso",2,87,87,0.7033972442954,0.682158073307956,0.252682426424184,0.234534084362287,-0.00507209410852706,0.732258173749326,0.545454545454545
"Malawi","women_b12","level","infill","sl_lrn_spatial_gam",2,87,87,0.611431070933877,0.613873480744283,0.28313234197727,0.26992314547593,-0.0139057326966948,0.802261917199875,0.363636363636364
"Malawi","women_b12","level","infill","sl_lrn_spatial_plus_domain",2,87,87,0.611431070933877,0.613873480744282,0.28313234197727,0.26992314547593,-0.0139057326966936,0.802261917199876,0.363636363636364
"Malawi","women_b12","level","infill","domain_index",3,87,87,0.71692060946271,0.675980496394545,0.296727948713178,0.277156236598192,0.0147409041340165,0.778595332894978,0.545454545454545
"Malawi","women_b12","level","infill","sl_disc",3,87,87,0.710833272581468,0.700723664924597,0.237963996172813,0.218602860684846,-0.0100464559073571,0.709811374749462,0.5
"Malawi","women_b12","level","infill","sl_nnls",3,87,87,0.711616971641029,0.702600546516009,0.238543530744537,0.22037786625885,-0.010445498489788,0.708009895566737,0.545454545454545
"Malawi","women_b12","level","infill","sl_rank_disc",3,87,87,0.727382080629875,0.710010516626974,0.244898225065535,0.228151172484477,-0.0236896757148012,0.703708067955902,0.5
"Malawi","women_b12","level","infill","sl_rank_nnls",3,87,87,0.720766202522417,0.71053173706513,0.238784076890787,0.219422312559468,-0.00926701499398637,0.700982893562796,0.545454545454545
"Malawi","women_b12","level","infill","sl_lrn_mean",3,87,87,-0.197738781983927,-0.202799592532805,0.381363815626652,0.363352499982136,-0.0157972063074969,1.00808497588785,0.227272727272727
"Malawi","women_b12","level","infill","sl_lrn_lasso",3,87,87,0.722442953998688,0.70977011508317,0.240166485377112,0.220671847071407,-0.00709907491560188,0.716700373066436,0.5
"Malawi","women_b12","level","infill","sl_lrn_enet",3,87,87,0.730279944594299,0.684750602669023,0.240631798922886,0.222738618519512,-0.012721855137277,0.726764323441315,0.545454545454545
"Malawi","women_b12","level","infill","sl_lrn_ridge",3,87,87,0.7203105635343,0.72969806074987,0.235808286833383,0.213077212477764,-0.00123359058517231,0.686153155119007,0.5
"Malawi","women_b12","level","infill","sl_lrn_ranger",3,87,87,0.737515491725596,0.717368353891888,0.22933360233587,0.209601007288545,0.0072420406086816,0.70322459724376,0.5
"Malawi","women_b12","level","infill","sl_lrn_xgb",3,87,87,0.673853612305898,0.693370708487851,0.242081464094183,0.226058952886351,0.0124405060172091,0.719170569775051,0.454545454545455
"Malawi","women_b12","level","infill","sl_lrn_domain_index",3,87,87,0.710523438069549,0.671446628727124,0.300080140696423,0.281277471555323,0.0123963892120852,0.782082000326508,0.545454545454545
"Malawi","women_b12","level","infill","sl_lrn_domain_pc_ridge",3,87,87,0.724976306772618,0.709839122922159,0.263178807827336,0.245308478044477,-0.0027921009151455,0.766462711264798,0.545454545454545
"Malawi","women_b12","level","infill","sl_lrn_domain_pc_enet",3,87,87,0.694758329080703,0.664859051917013,0.248298506477699,0.224296332419991,-0.0144524568596267,0.7448856816679,0.5
"Malawi","women_b12","level","infill","sl_lrn_domain_pc1_ols",3,87,87,0.540278486549537,0.563736816315422,0.296875242937922,0.267464878850549,0.0188716789400845,0.864039114627073,0.409090909090909
"Malawi","women_b12","level","infill","sl_lrn_hapc",3,87,87,0.68956404461617,0.682921629066529,0.246254538244376,0.229380126065761,-0.00438167314040375,0.728428146459751,0.545454545454545
"Malawi","women_b12","level","infill","sl_lrn_hapc_lasso",3,87,87,0.731774440475322,0.717991272001989,0.242529379000163,0.22201688303582,-0.00497532605684281,0.7055305908689,0.545454545454545
"Malawi","women_b12","level","infill","sl_lrn_spatial_gam",3,87,87,0.650215061602391,0.666391141079837,0.265612783720451,0.253308269060414,0.00763720437726861,0.747222355980347,0.363636363636364
"Malawi","women_b12","level","infill","sl_lrn_spatial_plus_domain",3,87,87,0.6511081140191,0.67086104863231,0.264711659551663,0.252001799730045,0.00327788217800502,0.744797255582207,0.363636363636364
"Malawi","women_b12","level","region","domain_index",1,87,87,0.6581978566742,0.598203264513098,0.312537765491406,0.298930115314107,0.0422047029798573,0.825887614737016,0.545454545454545
"Malawi","women_b12","level","region","sl_disc",1,87,87,0.66213457753153,0.650707221367029,0.258305451510497,0.238740309496227,0.00731366120264364,0.759283391822206,0.545454545454545
"Malawi","women_b12","level","region","sl_nnls",1,87,87,0.632335787708683,0.627478466078419,0.265579048930106,0.250057490685386,0.0173566578263886,0.778234376679547,0.5
"Malawi","women_b12","level","region","sl_rank_disc",1,87,87,0.673233943282059,0.666647865738584,0.254625700454052,0.234056093779606,-0.00599086194794109,0.750482817886206,0.545454545454545
"Malawi","women_b12","level","region","sl_rank_nnls",1,87,87,0.66918786906758,0.648875431817157,0.263822978577807,0.246980500543363,0.0252169095249884,0.769137829515671,0.5
"Malawi","women_b12","level","region","sl_lrn_mean",1,87,87,-0.747612818883202,-0.768999002071491,0.387239236674422,0.368163741357505,-0.0151394343871302,1.02664687860809,0.0454545454545455
"Malawi","women_b12","level","region","sl_lrn_lasso",1,87,87,0.668167237734198,0.648530450953751,0.25561565080793,0.241082343475699,0.0233115966700794,0.772527937260902,0.5
"Malawi","women_b12","level","region","sl_lrn_enet",1,87,87,0.694776554640227,0.681279496699479,0.247081672986629,0.233212010077454,0.0198398108747481,0.748479430650529,0.5
"Malawi","women_b12","level","region","sl_lrn_ridge",1,87,87,0.702212582926296,0.692597003278398,0.252406243475091,0.232123378203952,0.00692976206500344,0.730254691434496,0.5
"Malawi","women_b12","level","region","sl_lrn_ranger",1,87,87,0.679211926806153,0.673048278271336,0.254174499713873,0.239263399682768,0.0170833101592055,0.766224214411046,0.545454545454545
"Malawi","women_b12","level","region","sl_lrn_xgb",1,87,87,0.649340234745207,0.655384130133782,0.249911789898685,0.235685148527112,0.00750964806285503,0.752104520681092,0.545454545454545
"Malawi","women_b12","level","region","sl_lrn_domain_index",1,87,87,0.645312386090253,0.584164922809702,0.316908518635742,0.303213986486388,0.0445138573376062,0.83772929586204,0.545454545454545
"Malawi","women_b12","level","region","sl_lrn_domain_pc_ridge",1,87,87,0.668039658817526,0.644971691985246,0.292092422247889,0.27516623592871,0.00643224013713252,0.832237505355748,0.5
"Malawi","women_b12","level","region","sl_lrn_domain_pc_enet",1,87,87,0.675457461544069,0.649288329855452,0.258449415479616,0.237711014296171,0.0220749895565075,0.765157032297528,0.545454545454545
"Malawi","women_b12","level","region","sl_lrn_domain_pc1_ols",1,87,87,0.526900925858424,0.541731590910309,0.312928443618727,0.285431652309459,0.0282345945884343,0.863373434993316,0.272727272727273
"Malawi","women_b12","level","region","sl_lrn_hapc",1,87,87,0.632864328934898,0.644221397135937,0.256652572482214,0.239836570409954,0.0132019346884268,0.761385133058525,0.5
"Malawi","women_b12","level","region","sl_lrn_hapc_lasso",1,87,87,0.688379383247066,0.664752733514873,0.260452727970272,0.243672942144611,0.01532659685428,0.766277216265009,0.545454545454545
"Malawi","women_b12","level","region","sl_lrn_spatial_gam",1,87,87,0.596777721076037,0.637056610052545,0.277887290345828,0.26134632488525,0.0350813267967277,0.770729369438194,0.363636363636364
"Malawi","women_b12","level","region","sl_lrn_spatial_plus_domain",1,87,87,0.595356127433112,0.635796332100457,0.277613370487443,0.260624723527309,0.0336127362895273,0.771521579793053,0.363636363636364
"Malawi","child_zinc","prev","infill","domain_index",1,87,87,0.0179678395842815,0.0107593374939626,28.288350736375,28.0236224521341,-1.0902894969599,1.50438805620875,0.272727272727273
"Malawi","child_zinc","prev","infill","sl_disc",1,87,87,-0.27675496456663,-0.25984324670932,20.4855033108237,19.8921472210812,1.65853162362773,1.03465044728108,0.136363636363636
"Malawi","child_zinc","prev","infill","sl_nnls",1,87,87,-0.288413903578194,-0.242013131382905,22.1894598234821,21.7892557197314,1.13713152185924,1.09839360552275,0.136363636363636
"Malawi","child_zinc","prev","infill","sl_rank_disc",1,87,87,-0.180881721477074,-0.16769824732404,25.5589232080659,24.7679622508716,-0.118182468234103,1.30872259919786,0.181818181818182
"Malawi","child_zinc","prev","infill","sl_rank_nnls",1,87,87,-0.163096203958589,-0.176684915815628,24.2129047184121,23.6038682909481,0.185386943950589,1.23299846054768,0.227272727272727
"Malawi","child_zinc","prev","infill","sl_lrn_mean",1,87,87,-0.285937743839396,-0.271364280449625,20.4848003997435,19.8733807174699,1.57128319444534,1.03240917362008,0.136363636363636
"Malawi","child_zinc","prev","infill","sl_lrn_lasso",1,87,87,-0.367526268981799,-0.263223553407154,21.2509108006774,20.5857740920903,0.788879932800985,1.0699924617056,0.0454545454545455
"Malawi","child_zinc","prev","infill","sl_lrn_enet",1,87,87,-0.307556625111842,-0.26724293457076,20.8487456111665,20.1892915366847,1.34609361254852,1.04873819152241,0.0454545454545455
"Malawi","child_zinc","prev","infill","sl_lrn_ridge",1,87,87,-0.313607075048314,-0.293888098540209,20.6566311345104,20.0397580657784,1.64669954827265,1.04100835475401,0.0909090909090909
"Malawi","child_zinc","prev","infill","sl_lrn_ranger",1,87,87,-0.0999124920566844,-0.0726166091489659,21.7711196519155,21.2863177266826,0.56953521501552,1.09888355330925,0.136363636363636
"Malawi","child_zinc","prev","infill","sl_lrn_xgb",1,87,87,-0.180735863824437,-0.164853653018699,25.9448050262648,25.9468299086452,-0.38887250511388,1.2768639821851,0.0909090909090909
"Malawi","child_zinc","prev","infill","sl_lrn_domain_index",1,87,87,0.0261541003385609,0.0219979008851646,27.6441939625964,27.5503563367083,-0.731346574270998,1.47668171013285,0.318181818181818
"Malawi","child_zinc","prev","infill","sl_lrn_domain_pc_ridge",1,87,87,-0.224730178301221,-0.219969171711329,21.098818753362,20.4297691540645,1.31166583155829,1.05547806918395,0.136363636363636
"Malawi","child_zinc","prev","infill","sl_lrn_domain_pc_enet",1,87,87,-0.274441567576801,-0.254949455605643,21.6665245886385,20.9257059917484,0.927115501029829,1.08240705990401,0.136363636363636
"Malawi","child_zinc","prev","infill","sl_lrn_domain_pc1_ols",1,87,87,-0.131973827327064,-0.139693579912307,27.5781206116903,27.527925607968,-1.04593833970456,1.41041640436472,0.181818181818182
"Malawi","child_zinc","prev","infill","sl_lrn_hapc",1,87,87,-0.0636486331696871,-0.043893156106979,25.8890206763934,25.8411729405737,-1.69216759998092,1.27543760765409,0.136363636363636
"Malawi","child_zinc","prev","infill","sl_lrn_hapc_lasso",1,87,87,-0.213047291985101,-0.05209505691931,23.1047377099745,22.8494907388727,0.727958823277949,1.16284612721793,0.0909090909090909
"Malawi","child_zinc","prev","infill","sl_lrn_spatial_gam",1,87,87,0.0955185302709799,0.0558098359060912,21.2123032450657,20.2240816811786,-0.466832485006437,1.07763936876839,0.227272727272727
"Malawi","child_zinc","prev","infill","sl_lrn_spatial_plus_domain",1,87,87,0.0513783581415578,0.01895531878081,21.8569924714935,20.9592622547146,-1.04899532297168,1.10810573715458,0.181818181818182
"Malawi","child_zinc","prev","infill","domain_index",2,87,87,0.0109210917412325,0.0068783744818182,28.850695886953,27.6761672505074,0.530857707982105,1.54325393241576,0.318181818181818
"Malawi","child_zinc","prev","infill","sl_disc",2,87,87,-0.152913365769335,-0.158338840871205,20.2869568550676,19.5550761616647,1.22094081426456,1.01251760951193,0.227272727272727
"Malawi","child_zinc","prev","infill","sl_nnls",2,87,87,-0.164956522127834,-0.144520332933324,20.4205917636064,19.618771427946,1.49532461373905,1.02319284179835,0.227272727272727
"Malawi","child_zinc","prev","infill","sl_rank_disc",2,87,87,0.01106694939387,-0.00876437517844401,21.8074838715284,20.9321521940144,3.55045023852217,1.15069042714125,0.363636363636364
"Malawi","child_zinc","prev","infill","sl_rank_nnls",2,87,87,-0.0159987612736753,-0.035343991646505,22.5943225049963,21.3673871925096,3.13264354646576,1.17366935135799,0.227272727272727
"Malawi","child_zinc","prev","infill","sl_lrn_mean",2,87,87,-0.0864567886189953,-0.10446986437238,19.9599044308251,19.273709781619,1.58612687718423,1.00154500785108,0.272727272727273
"Malawi","child_zinc","prev","infill","sl_lrn_lasso",2,87,87,-0.0326883532462925,-0.0302158698365159,20.4194899450731,19.7530419589145,2.6106867172493,1.01942637802369,0.318181818181818
"Malawi","child_zinc","prev","infill","sl_lrn_enet",2,87,87,-0.0356982115031182,-0.0362195317896495,20.2773712409881,19.5480060217462,2.28419228681968,1.01152512423999,0.272727272727273
"Malawi","child_zinc","prev","infill","sl_lrn_ridge",2,87,87,-0.133260633516212,-0.144933347537689,20.1195955721942,19.4044113478921,1.83543666021745,1.00864856600937,0.181818181818182
"Malawi","child_zinc","prev","infill","sl_lrn_ranger",2,87,87,0.0219789250318126,0.0290119207183194,20.7698011269245,19.4955472491831,1.23147346536454,1.0590263694427,0.318181818181818
"Malawi","child_zinc","prev","infill","sl_lrn_xgb",2,87,87,0.0277494184142835,0.0108825190893927,23.7981047578199,22.6466677999034,1.1984040044466,1.17734038772454,0.181818181818182
"Malawi","child_zinc","prev","infill","sl_lrn_domain_index",2,87,87,0.0190070753593236,0.00907078564039801,28.6202592042879,27.5362052292782,0.752763620409318,1.52745517705,0.318181818181818
"Malawi","child_zinc","prev","infill","sl_lrn_domain_pc_ridge",2,87,87,-0.123554979061433,-0.133231588935387,20.512954353858,19.6529031434066,1.76123622686722,1.03246290708184,0.227272727272727
"Malawi","child_zinc","prev","infill","sl_lrn_domain_pc_enet",2,87,87,-0.130413410936549,-0.127056956285303,20.4161063702102,19.6508952723258,1.58404258854661,1.01812466101535,0.227272727272727
"Malawi","child_zinc","prev","infill","sl_lrn_domain_pc1_ols",2,87,87,-0.0497739239625453,-0.0208753437320605,27.1989347132091,26.6936107447882,2.53005683955162,1.36421176398372,0.181818181818182
"Malawi","child_zinc","prev","infill","sl_lrn_hapc",2,87,87,-0.0155429561091831,-0.00957120750919444,24.5950689058089,23.7032448099088,1.58812711082527,1.22228037429322,0.318181818181818
"Malawi","child_zinc","prev","infill","sl_lrn_hapc_lasso",2,87,87,0.0049777018891668,-0.0249110743882,21.8502409833402,20.7720306861138,0.25726588006133,1.12463183714412,0.272727272727273
"Malawi","child_zinc","prev","infill","sl_lrn_spatial_gam",2,87,87,0.000164089859217182,-0.000237573344602632,21.8870693414342,20.3976309484369,1.66338265764886,1.10384533342203,0.227272727272727
"Malawi","child_zinc","prev","infill","sl_lrn_spatial_plus_domain",2,87,87,0.000164089859217182,-0.000237573344602061,21.8870693414342,20.3976309484369,1.66338265764883,1.10384533342203,0.227272727272727
"Malawi","child_zinc","prev","infill","domain_index",3,87,87,0.0926104933215198,0.0746707423774264,27.2880113526271,27.3241420474758,-0.18457769806204,1.4554104053688,0.318181818181818
"Malawi","child_zinc","prev","infill","sl_disc",3,87,87,-0.196782814924516,-0.181134497934517,20.1991275042679,19.6410994043246,1.58064008095071,1.01545624950113,0.272727272727273
"Malawi","child_zinc","prev","infill","sl_nnls",3,87,87,-0.140860874724037,-0.126290053726524,20.2621002857944,19.5283990886965,2.05660348572403,1.02564632090253,0.227272727272727
"Malawi","child_zinc","prev","infill","sl_rank_disc",3,87,87,-0.158200856491944,-0.140822069870931,27.0468804528727,26.7638162486936,0.270458669961783,1.37890260295468,0.227272727272727
"Malawi","child_zinc","prev","infill","sl_rank_nnls",3,87,87,-0.113896594503304,-0.0852755587177443,24.9402733928104,24.5997494038557,0.599220508707516,1.25953470233164,0.181818181818182
"Malawi","child_zinc","prev","infill","sl_lrn_mean",3,87,87,-0.196782814924516,-0.181134497934517,20.1991275042679,19.6410994043246,1.58064008095071,1.01545624950113,0.272727272727273
"Malawi","child_zinc","prev","infill","sl_lrn_lasso",3,87,87,-0.196782814924516,-0.181134497934517,20.1991275042679,19.6410994043246,1.58064008095071,1.01545624950113,0.272727272727273
"Malawi","child_zinc","prev","infill","sl_lrn_enet",3,87,87,-0.22029253121156,-0.167792076730075,20.3419835903826,19.7614604654216,1.44706663327432,1.02072091943655,0.272727272727273
"Malawi","child_zinc","prev","infill","sl_lrn_ridge",3,87,87,-0.258330730113751,-0.212348308399817,20.3476327667174,19.7701349880109,1.86282047901977,1.02490360014856,0.181818181818182
"Malawi","child_zinc","prev","infill","sl_lrn_ranger",3,87,87,-0.0339939491678263,0.00122415004766866,21.3687246331296,20.5465066297599,0.727162853050798,1.06724919351061,0.227272727272727
"Malawi","child_zinc","prev","infill","sl_lrn_xgb",3,87,87,-0.128327386011127,-0.125730508234306,25.8349845058106,25.6716651113924,-0.559800197382441,1.30288009957051,0.181818181818182
"Malawi","child_zinc","prev","infill","sl_lrn_domain_index",3,87,87,0.0889184714891332,0.0684761394682672,27.7023309791097,27.7067497319212,-0.321720411922512,1.45743216703171,0.272727272727273
"Malawi","child_zinc","prev","infill","sl_lrn_domain_pc_ridge",3,87,87,-0.172547360698135,-0.134900122918308,20.3614232396637,19.7106837542898,1.90863956957782,1.02073156319944,0.181818181818182
"Malawi","child_zinc","prev","infill","sl_lrn_domain_pc_enet",3,87,87,-0.196782814924516,-0.181134497934517,20.1991275042679,19.6410994043246,1.58064008095071,1.01545624950113,0.272727272727273
"Malawi","child_zinc","prev","infill","sl_lrn_domain_pc1_ols",3,87,87,-0.09609284477824,-0.0708066349299645,25.4172600916706,24.7665179824372,-0.552141827838898,1.29257129590873,0.181818181818182
"Malawi","child_zinc","prev","infill","sl_lrn_hapc",3,87,87,0.0165366113677761,0.0256702785235637,23.9603952638755,23.6225026585265,0.530477159671883,1.19873223248769,0.136363636363636
"Malawi","child_zinc","prev","infill","sl_lrn_hapc_lasso",3,87,87,0.02928059934804,0.0233642008209461,23.1479510797375,22.3523626238959,-0.0213369349856543,1.17077213466811,0.181818181818182
"Malawi","child_zinc","prev","infill","sl_lrn_spatial_gam",3,87,87,0.00200554272376556,-0.0409074925488111,20.7045510808497,20.0220513466399,1.82044178254571,1.04347288482604,0.363636363636364
"Malawi","child_zinc","prev","infill","sl_lrn_spatial_plus_domain",3,87,87,0.00200554272376556,-0.0409074925488122,20.7045510808497,20.02205134664,1.82044178254568,1.04347288482604,0.363636363636364
"Malawi","child_zinc","prev","region","domain_index",1,87,87,0.00170471131520073,-0.031057614215434,28.7422116210254,28.0389898197254,0.837330105198564,1.53214916902233,0.318181818181818
"Malawi","child_zinc","prev","region","sl_disc",1,87,87,-0.468759836647204,-0.227276233824845,20.5752922467939,19.9228103497828,0.665804995231544,1.03500478176622,0.0909090909090909
"Malawi","child_zinc","prev","region","sl_nnls",1,87,87,-0.427752815320721,-0.265791443503803,21.1069602161573,20.4868675698961,0.386323834164297,1.05663957019586,0.0454545454545455
"Malawi","child_zinc","prev","region","sl_rank_disc",1,87,87,-0.124432431978656,-0.0726286772037697,24.9176585270344,23.8098007252029,0.76492794144247,1.28373407831677,0.227272727272727
"Malawi","child_zinc","prev","region","sl_rank_nnls",1,87,87,-0.21724585750026,-0.176446896831102,22.8291813535803,21.9442299511242,0.597244434634478,1.18159380991931,0.227272727272727
"Malawi","child_zinc","prev","region","sl_lrn_mean",1,87,87,-0.529053037876915,-0.539328375833641,20.1224797111776,19.4427972067755,1.68965394181345,1.01601236735727,0.0909090909090909
"Malawi","child_zinc","prev","region","sl_lrn_lasso",1,87,87,-0.473411046302087,-0.222814741618603,20.5606866680668,19.9112894932459,0.668761893975086,1.03330881908542,0.0909090909090909
"Malawi","child_zinc","prev","region","sl_lrn_enet",1,87,87,-0.478711503540252,-0.185754719543699,20.5421531299417,19.7932664774178,0.764665261206481,1.03223495876973,0.0909090909090909
"Malawi","child_zinc","prev","region","sl_lrn_ridge",1,87,87,-0.463451793621048,-0.379680914709794,20.289747231907,19.6002232579143,1.7897299337802,1.02786052089051,0.0454545454545455
"Malawi","child_zinc","prev","region","sl_lrn_ranger",1,87,87,-0.119457417510109,-0.152064433830143,21.5940790122353,20.7186119969343,-0.128712068047577,1.1071604972933,0.0909090909090909
"Malawi","child_zinc","prev","region","sl_lrn_xgb",1,87,87,-0.158902796445261,-0.191714974587956,24.4783167446014,23.4652204257221,-1.41662215478603,1.25600459388685,0.181818181818182
"Malawi","child_zinc","prev","region","sl_lrn_domain_index",1,87,87,-0.00407489817056003,-0.030257640098019,28.560759122137,27.8155937548571,1.30329963788615,1.51773755965844,0.272727272727273
"Malawi","child_zinc","prev","region","sl_lrn_domain_pc_ridge",1,87,87,-0.434673414857307,-0.276918474859635,20.687672774579,19.9732505276364,1.34471615250935,1.04602265749843,0.0454545454545455
"Malawi","child_zinc","prev","region","sl_lrn_domain_pc_enet",1,87,87,-0.510591062414076,-0.419252989240721,20.3027105663064,19.6211360144822,1.53884725097983,1.02325178519902,0.0909090909090909
"Malawi","child_zinc","prev","region","sl_lrn_domain_pc1_ols",1,87,87,-0.135921100051566,-0.134264162222645,25.5648111433935,24.9793848974373,-1.46745534416807,1.29348572840655,0.181818181818182
"Malawi","child_zinc","prev","region","sl_lrn_hapc",1,87,87,-0.168593214242365,-0.16201940265485,25.1964274696579,24.8564948272831,0.314676276586252,1.26683145286646,0.136363636363636
"Malawi","child_zinc","prev","region","sl_lrn_hapc_lasso",1,87,87,-0.216330197888414,-0.150632518817579,21.3760705256669,20.5641863780937,0.356472435548485,1.09352197131105,0.0909090909090909
"Malawi","child_zinc","prev","region","sl_lrn_spatial_gam",1,87,87,-0.0958467099894142,-0.0877269597253796,22.8769392791025,21.9135756680124,-0.0500387738020757,1.18504499025055,0.181818181818182
"Malawi","child_zinc","prev","region","sl_lrn_spatial_plus_domain",1,87,87,-0.0948165903176619,-0.0879847978289842,22.8915707391616,21.9294506475396,-0.0611511217010743,1.18530274677273,0.181818181818182
"Malawi","child_zinc","level","infill","domain_index",1,87,87,-0.0247503098345119,-0.05652436104006,0.165027006890803,0.166872438695937,-0.0128316549328157,1.51931232355535,0.181818181818182
"Malawi","child_zinc","level","infill","sl_disc",1,87,87,-0.189058845250464,-0.186186694458268,0.113050498083223,0.110263758980885,0.00237401107801282,1.02129200961819,0.0909090909090909
"Malawi","child_zinc","level","infill","sl_nnls",1,87,87,-0.218241712568694,-0.236578738176026,0.114009475812528,0.111608860826526,-9.31099617897001e-05,1.03740368657534,0.136363636363636
"Malawi","child_zinc","level","infill","sl_rank_disc",1,87,87,-0.150123933804768,-0.174608614602455,0.151096958745212,0.145690169009236,-0.0105003606149075,1.40409618832223,0.136363636363636
"Malawi","child_zinc","level","infill","sl_rank_nnls",1,87,87,-0.167274185317489,-0.203010155520263,0.126126533465464,0.12238769578569,-0.00569976898347665,1.17528974900168,0.181818181818182
"Malawi","child_zinc","level","infill","sl_lrn_mean",1,87,87,-0.208332097099853,-0.221803800683583,0.110930905450358,0.108310267407585,0.00206065112012169,1.01196636162117,0.181818181818182
"Malawi","child_zinc","level","infill","sl_lrn_lasso",1,87,87,-0.228822459007575,-0.210336119307885,0.11164594652177,0.109012712192718,0.00138931287066217,1.01728796587501,0.181818181818182
"Malawi","child_zinc","level","infill","sl_lrn_enet",1,87,87,-0.208332097099853,-0.22180380068358,0.110930905450358,0.108310267407585,0.00206065112012222,1.01196636162117,0.181818181818182
"Malawi","child_zinc","level","infill","sl_lrn_ridge",1,87,87,-0.260043084687472,-0.241479182697708,0.112181790424166,0.109881174784529,0.002543124659364,1.01899034369772,0.136363636363636
"Malawi","child_zinc","level","infill","sl_lrn_ranger",1,87,87,-0.139626011518554,-0.141175476581161,0.119485734401404,0.118273004200256,-0.00640942130102723,1.09327048951527,0.181818181818182
"Malawi","child_zinc","level","infill","sl_lrn_xgb",1,87,87,-0.104213749362105,-0.100439264782462,0.129923939123021,0.130533012747593,-0.00754075229307902,1.17275242464214,0.136363636363636
"Malawi","child_zinc","level","infill","sl_lrn_domain_index",1,87,87,-0.00947729095283225,-0.0466621507072005,0.163645432524199,0.166044565478617,-0.0114163318994594,1.49472363932649,0.181818181818182
"Malawi","child_zinc","level","infill","sl_lrn_domain_pc_ridge",1,87,87,-0.228651293719407,-0.231425472606658,0.112028794045025,0.10943838214944,0.00165372892900531,1.02050618789867,0.136363636363636
"Malawi","child_zinc","level","infill","sl_lrn_domain_pc_enet",1,87,87,-0.223274641270201,-0.226251486189672,0.11634497409673,0.114119024890142,0.00428072049997565,1.05574070842771,0.136363636363636
"Malawi","child_zinc","level","infill","sl_lrn_domain_pc1_ols",1,87,87,-0.126667638696508,-0.163050045727825,0.132516684335153,0.128878581113195,-0.0119303287753179,1.25759648440157,0.227272727272727
"Malawi","child_zinc","level","infill","sl_lrn_hapc",1,87,87,-0.137694102208938,-0.134591724952767,0.137381237593902,0.137712589613185,-0.00733692942566289,1.23906751369801,0.136363636363636
"Malawi","child_zinc","level","infill","sl_lrn_hapc_lasso",1,87,87,-0.228412579712151,-0.190898634711905,0.129391662805321,0.128785342824698,-0.0117861081249829,1.16781094426794,0.181818181818182
"Malawi","child_zinc","level","infill","sl_lrn_spatial_gam",1,87,87,-0.148665889042794,-0.165300724735485,0.11205003176486,0.10917675874617,0.000300355435847314,1.02304383970186,0.136363636363636
"Malawi","child_zinc","level","infill","sl_lrn_spatial_plus_domain",1,87,87,-0.148665889042794,-0.165300724783013,0.112050031767485,0.109176758749323,0.000300355429576295,1.02304383971457,0.136363636363636
"Malawi","child_zinc","level","infill","domain_index",2,87,87,-0.0966501421593643,-0.109220267290255,0.15942668645899,0.1555908532056,0.00847175158589546,1.49051199311062,0.227272727272727
"Malawi","child_zinc","level","infill","sl_disc",2,87,87,-0.332672298564395,-0.33177176003607,0.113566446190584,0.110374618883643,0.000995693734732952,1.03426626928171,0.0454545454545455
"Malawi","child_zinc","level","infill","sl_nnls",2,87,87,-0.313042258518196,-0.260675351573269,0.115570207528613,0.111841544849923,0.00253981076198045,1.04989007055316,0.0909090909090909
"Malawi","child_zinc","level","infill","sl_rank_disc",2,87,87,-0.0968688488736604,-0.092970329252086,0.158756772978691,0.159093684165358,0.0185469701733166,1.51808118767306,0.181818181818182
"Malawi","child_zinc","level","infill","sl_rank_nnls",2,87,87,-0.145148356054531,-0.119897799974622,0.129786805287962,0.126598621181383,0.00746534121695159,1.17938403075596,0.181818181818182
"Malawi","child_zinc","level","infill","sl_lrn_mean",2,87,87,-0.228067843084044,-0.224989387589958,0.110722977652347,0.108178528093374,0.00209059341089882,1.01327782103761,0.181818181818182
"Malawi","child_zinc","level","infill","sl_lrn_lasso",2,87,87,-0.228067843084044,-0.22498938758996,0.110722977652347,0.108178528093374,0.00209059341089936,1.01327782103761,0.181818181818182
"Malawi","child_zinc","level","infill","sl_lrn_enet",2,87,87,-0.228067843084044,-0.22498938758996,0.110722977652347,0.108178528093374,0.00209059341089936,1.01327782103761,0.181818181818182
"Malawi","child_zinc","level","infill","sl_lrn_ridge",2,87,87,-0.303216173144669,-0.319658340129234,0.112274813430727,0.109297191850783,0.00192358505523279,1.02700186365735,0.0454545454545455
"Malawi","child_zinc","level","infill","sl_lrn_ranger",2,87,87,-0.14884814463804,-0.145109805367888,0.116934853879812,0.112820121279869,-0.000847431039437036,1.0727373723273,0.181818181818182
"Malawi","child_zinc","level","infill","sl_lrn_xgb",2,87,87,-0.0618757745862798,-0.038618241617348,0.120860447287199,0.119283010070087,0.00257602216728601,1.10066187062166,0.136363636363636
"Malawi","child_zinc","level","infill","sl_lrn_domain_index",2,87,87,-0.0847488517897499,-0.104363997473622,0.15744224664576,0.154923362785096,0.00672945740342186,1.46688228498345,0.181818181818182
"Malawi","child_zinc","level","infill","sl_lrn_domain_pc_ridge",2,87,87,-0.338607625146162,-0.337146778431351,0.112579417506334,0.109647815175055,0.00188305206674652,1.02919680475077,0.0454545454545455
"Malawi","child_zinc","level","infill","sl_lrn_domain_pc_enet",2,87,87,-0.330948638077311,-0.29259816513257,0.113189561932471,0.110387708485129,0.000486061467336168,1.02755545301839,0.0909090909090909
"Malawi","child_zinc","level","infill","sl_lrn_domain_pc1_ols",2,87,87,-0.133957862506379,-0.0780531237738749,0.15188078063419,0.149987899948504,0.00531078644286488,1.41119146091696,0.181818181818182
"Malawi","child_zinc","level","infill","sl_lrn_hapc",2,87,87,-0.184843624699278,-0.135872092881123,0.137433985322194,0.133535586175207,0.00264412916231311,1.21713509175069,0.227272727272727
"Malawi","child_zinc","level","infill","sl_lrn_hapc_lasso",2,87,87,-0.324784331868362,-0.232133885187182,0.115274793008202,0.111792571746619,0.000317292165135286,1.05584689014646,0.0909090909090909
"Malawi","child_zinc","level","infill","sl_lrn_spatial_gam",2,87,87,-0.168021433258001,-0.159614365965166,0.114844796799886,0.111067630137396,-0.00153541630723945,1.0425153083193,0.227272727272727
"Malawi","child_zinc","level","infill","sl_lrn_spatial_plus_domain",2,87,87,-0.168021433258001,-0.159614365967588,0.114844796800837,0.111067630138747,-0.00153541631052657,1.04251530832318,0.227272727272727
"Malawi","child_zinc","level","infill","domain_index",3,87,87,-0.0664686155864985,-0.0855863628293112,0.156900101603915,0.162306752817415,-0.000581118368061696,1.45858641075178,0.227272727272727
"Malawi","child_zinc","level","infill","sl_disc",3,87,87,-0.218341862994685,-0.225469620403131,0.112643871368172,0.109660918038183,0.0030016663294409,1.03462913871411,0.272727272727273
"Malawi","child_zinc","level","infill","sl_nnls",3,87,87,-0.284573886418313,-0.311064567512524,0.114987041775488,0.112435152572238,0.000531520899648634,1.05482719115154,0.136363636363636
"Malawi","child_zinc","level","infill","sl_rank_disc",3,87,87,-0.190584675949552,-0.174330310386585,0.157338303590307,0.161392284623447,0.00201370653787398,1.43240254271939,0.136363636363636
"Malawi","child_zinc","level","infill","sl_rank_nnls",3,87,87,-0.182620106437268,-0.201016971363716,0.132379578426921,0.131268359537978,-0.00659623201214308,1.23684822150783,0.181818181818182
"Malawi","child_zinc","level","infill","sl_lrn_mean",3,87,87,-0.215670223198593,-0.220698233638318,0.111193416140457,0.108945502188268,0.00207472370240608,1.01385343976202,0.318181818181818
"Malawi","child_zinc","level","infill","sl_lrn_lasso",3,87,87,-0.215670223198593,-0.220698233638318,0.111193416140457,0.108945502188268,0.00207472370240625,1.01385343976202,0.318181818181818
"Malawi","child_zinc","level","infill","sl_lrn_enet",3,87,87,-0.215670223198593,-0.220698233638318,0.111193416140457,0.108945502188268,0.00207472370240625,1.01385343976202,0.318181818181818
"Malawi","child_zinc","level","infill","sl_lrn_ridge",3,87,87,-0.269579441711379,-0.276455416451972,0.111394158624327,0.109014063349696,0.00229383848020597,1.02179336009999,0.272727272727273
"Malawi","child_zinc","level","infill","sl_lrn_ranger",3,87,87,-0.231355252606255,-0.231595510211704,0.120915060493579,0.119528605115493,-0.00457121237789755,1.0977185043747,0.136363636363636
"Malawi","child_zinc","level","infill","sl_lrn_xgb",3,87,87,-0.179740468032369,-0.159754640474075,0.127425002403164,0.126880460138715,-0.00464433651685916,1.1362139073081,0.181818181818182
"Malawi","child_zinc","level","infill","sl_lrn_domain_index",3,87,87,-0.058868557264708,-0.0657555137878595,0.156884407476315,0.161964711011784,-0.000250551564069252,1.43315130194119,0.227272727272727
"Malawi","child_zinc","level","infill","sl_lrn_domain_pc_ridge",3,87,87,-0.237251030121527,-0.23803606331308,0.111149314478703,0.108802587739997,0.00206931145940983,1.01538734910177,0.272727272727273
"Malawi","child_zinc","level","infill","sl_lrn_domain_pc_enet",3,87,87,-0.215670223198593,-0.220698233638318,0.111193416140457,0.108945502188268,0.00207472370240625,1.01385343976202,0.318181818181818
"Malawi","child_zinc","level","infill","sl_lrn_domain_pc1_ols",3,87,87,-0.119140482612816,-0.153447293550274,0.139180018594566,0.137069447175513,-0.00615072717422215,1.28722705726971,0.272727272727273
"Malawi","child_zinc","level","infill","sl_lrn_hapc",3,87,87,-0.190602901509076,-0.154558237076387,0.136623282434116,0.136571875308794,-0.000235549640013662,1.2340979081676,0.181818181818182
"Malawi","child_zinc","level","infill","sl_lrn_hapc_lasso",3,87,87,-0.290179917935559,-0.217758346859695,0.124841330236447,0.124131961216444,-0.00197461275014046,1.13498442373485,0.272727272727273
"Malawi","child_zinc","level","infill","sl_lrn_spatial_gam",3,87,87,-0.201592913902457,-0.225232638215452,0.113550735120909,0.11051683962749,0.00241546480086137,1.04038345677156,0.181818181818182
"Malawi","child_zinc","level","infill","sl_lrn_spatial_plus_domain",3,87,87,-0.201592913902457,-0.225232638231972,0.113550735121828,0.110516839628703,0.00241546479814782,1.04038345677712,0.181818181818182
"Malawi","child_zinc","level","region","domain_index",1,87,87,-0.0340635707516221,-0.0427570507818765,0.155905092891962,0.156061555644726,0.00481758399923599,1.43612006996369,0.136363636363636
"Malawi","child_zinc","level","region","sl_disc",1,87,87,-0.400855647970303,-0.079820917463924,0.11051029546867,0.107617428017903,-0.00109716067034545,1.00846479948198,0.0909090909090909
"Malawi","child_zinc","level","region","sl_nnls",1,87,87,-0.511321163720096,-0.467193550943388,0.113136696662957,0.109778924469649,0.00163348823378064,1.0267783694399,0.0909090909090909
"Malawi","child_zinc","level","region","sl_rank_disc",1,87,87,-0.137410220685669,-0.129542357190613,0.129176444376154,0.122467300714263,0.0113580692031225,1.20041672485684,0.227272727272727
"Malawi","child_zinc","level","region","sl_rank_nnls",1,87,87,-0.197947801997521,-0.147703659950057,0.120935081967534,0.115457539591759,-0.000984626071291062,1.11121941052808,0.181818181818182
"Malawi","child_zinc","level","region","sl_lrn_mean",1,87,87,-0.446170601804129,-0.463840064975516,0.10992599297112,0.107119128322743,0.00247789814965899,1.00545116896951,0.181818181818182
"Malawi","child_zinc","level","region","sl_lrn_lasso",1,87,87,-0.395219171201956,-0.127897367051,0.110012374128228,0.107115626219693,0.000234249909079692,1.00657899969493,0.181818181818182
"Malawi","child_zinc","level","region","sl_lrn_enet",1,87,87,-0.395219171201956,-0.083582628678936,0.110559029226864,0.107703189055796,-0.00084425184033158,1.00896647749483,0.181818181818182
"Malawi","child_zinc","level","region","sl_lrn_ridge",1,87,87,-0.447412596515269,-0.385924926021587,0.110376823518617,0.107645205940091,0.00277292207493751,1.01074575527637,0.136363636363636
"Malawi","child_zinc","level","region","sl_lrn_ranger",1,87,87,-0.117591310053219,-0.148470478445539,0.11402853521822,0.110203456503603,-0.00727518732104083,1.05655113953944,0.0909090909090909
"Malawi","child_zinc","level","region","sl_lrn_xgb",1,87,87,-0.0787708682656557,-0.0877159954904981,0.118003081654292,0.115223201537764,-0.00661923159953022,1.1066242907672,0.136363636363636
"Malawi","child_zinc","level","region","sl_lrn_domain_index",1,87,87,-0.0278486549537071,-0.0330554501960971,0.15387549579264,0.153478376944833,0.00737512800175523,1.41338611141398,0.136363636363636
"Malawi","child_zinc","level","region","sl_lrn_domain_pc_ridge",1,87,87,-0.39561543286216,-0.366889554152201,0.110057771681248,0.10701329012449,0.00291948278069239,1.0111679474095,0.0909090909090909
"Malawi","child_zinc","level","region","sl_lrn_domain_pc_enet",1,87,87,-0.438461292654289,-0.344625000017409,0.110635730090049,0.107827835343592,0.00174662032404288,1.00814875175378,0.181818181818182
"Malawi","child_zinc","level","region","sl_lrn_domain_pc1_ols",1,87,87,-0.149595392578552,-0.119791266519875,0.139910193338268,0.135269999745773,-0.00593867349460696,1.28622370800182,0.0909090909090909
"Malawi","child_zinc","level","region","sl_lrn_hapc",1,87,87,-0.162116351972006,-0.1754412373783,0.128417937122936,0.124297449508365,0.00251525215592568,1.19195115567143,0.181818181818182
"Malawi","child_zinc","level","region","sl_lrn_hapc_lasso",1,87,87,-0.361535650154758,-0.187275590035675,0.114848365283392,0.111995444139273,0.000524601559063114,1.04594410296696,0.227272727272727
"Malawi","child_zinc","level","region","sl_lrn_spatial_gam",1,87,87,-0.179375956841875,-0.160575244706783,0.11530905086584,0.111832874567985,-0.00577164795016724,1.042599150098,0.318181818181818
"Malawi","child_zinc","level","region","sl_lrn_spatial_plus_domain",1,87,87,-0.179375956841875,-0.160575245035277,0.115309050870794,0.11183287457255,-0.00577164795862161,1.04259915015879,0.318181818181818
