"country","outcome","target","estimand","arm","rep","n_areas","predictor_tiers","n","spearman","pearson","mae","wmae","bias","rmse_sd","topk"
"Ghana","child_vitA","prev","infill","null_train_mean",1,75,"open,survey_public,survey_dhs",75,-0.19335497273896,-0.213310004815244,14.2520671871185,12.4866185488917,-2.58288580049411e-16,1.00594224955625,0.210526315789474
"Ghana","child_vitA","prev","infill","spatial",1,75,"open,survey_public,survey_dhs",75,0.247436918660004,0.236547455983878,15.3026069312479,14.0129005605022,-3.84065904698821,1.09677353636271,0.526315789473684
"Ghana","child_vitA","prev","infill","domain_index",1,75,"open,survey_public,survey_dhs",75,0.270377807009525,0.449676409469634,21.2183601182308,21.0604945854566,2.18655590250737,1.43342120520299,0.473684210526316
"Ghana","child_vitA","prev","infill","domain_enet",1,75,"open,survey_public,survey_dhs",75,0.341678258881684,0.424871209140454,13.2182774513916,12.1505890143597,-4.06339993173389,0.948929745215878,0.421052631578947
"Ghana","child_vitA","prev","infill","raw_enet",1,75,"open,survey_public,survey_dhs",75,0.33219431621205,0.34201953998302,13.5288251225991,12.3741583435347,-5.17619130428142,0.988927696234112,0.473684210526316
"Ghana","child_vitA","prev","infill","spatial_plus_domain",1,75,"open,survey_public,survey_dhs",75,0.24564265923602,0.287628837296808,14.9490376998495,13.8524855209319,-3.33449300152839,1.06002810264686,0.473684210526316
"Ghana","child_vitA","prev","infill","domain_index_cal",1,75,"open,survey_public,survey_dhs",75,0.240217160501589,0.407300646334487,13.5969188687074,12.4104850153968,-5.14844429373563,0.96515656711201,0.421052631578947
"Ghana","child_vitA","prev","infill","region_mean_jk",1,75,"open,survey_public,survey_dhs",75,0.259120060149215,0.258374019651237,15.9878251252209,15.4120513565489,-2.39368255818893,1.16259194634662,0.473684210526316
"Ghana","child_vitA","prev","infill","null_train_mean",2,75,"open,survey_public,survey_dhs",75,-0.183545532182868,-0.205554615063567,14.2284429937182,12.4418802445259,-1.85091380879484e-16,1.0050457278359,0.210526315789474
"Ghana","child_vitA","prev","infill","spatial",2,75,"open,survey_public,survey_dhs",75,0.217917079089206,0.237926981297575,15.6499687466823,14.8964828593048,-3.25827930696732,1.10202808313304,0.473684210526316
"Ghana","child_vitA","prev","infill","domain_index",2,75,"open,survey_public,survey_dhs",75,0.312343541314948,0.438464494072046,20.8440044782235,20.6877701403455,2.69953589864307,1.44977603321647,0.473684210526316
"Ghana","child_vitA","prev","infill","domain_enet",2,75,"open,survey_public,survey_dhs",75,0.335341390281103,0.368860051220086,13.6002562241744,12.8891660818132,-5.40148380505145,0.978544383970189,0.421052631578947
"Ghana","child_vitA","prev","infill","raw_enet",2,75,"open,survey_public,survey_dhs",75,0.252164649840663,0.277931577318787,13.8359665200109,12.7414868987065,-5.51159388903796,1.0156501973929,0.473684210526316
"Ghana","child_vitA","prev","infill","spatial_plus_domain",2,75,"open,survey_public,survey_dhs",75,0.244062002124414,0.265932464223913,15.1301273422278,14.3292441162077,-3.24417889948871,1.07442532085591,0.473684210526316
"Ghana","child_vitA","prev","infill","domain_index_cal",2,75,"open,survey_public,survey_dhs",75,0.217760437393462,0.350252090201197,13.731371711879,12.874809567,-4.61229211445102,0.986467905397828,0.526315789473684
"Ghana","child_vitA","prev","infill","region_mean_jk",2,75,"open,survey_public,survey_dhs",75,0.298423006211147,0.214908714882548,17.2929342316039,17.3400350144833,-1.85837438351875,1.25706203116291,0.263157894736842
"Ghana","child_vitA","prev","infill","null_train_mean",3,75,"open,survey_public,survey_dhs",75,-0.173518104058863,-0.202409256041395,14.2470580530363,12.4931242347878,4.05550340127255e-16,1.00469136704438,0.263157894736842
"Ghana","child_vitA","prev","infill","spatial",3,75,"open,survey_public,survey_dhs",75,0.263414371625965,0.285874750859902,15.0014038100678,14.1570388140711,-4.59957905782645,1.04402478308919,0.526315789473684
"Ghana","child_vitA","prev","infill","domain_index",3,75,"open,survey_public,survey_dhs",75,0.33783341725886,0.457122318705998,20.6386863544344,20.6139271200647,2.12119842180492,1.40969421716625,0.578947368421053
"Ghana","child_vitA","prev","infill","domain_enet",3,75,"open,survey_public,survey_dhs",75,0.341792180114953,0.364981582392507,13.1705470510668,12.2101049065704,-4.46575777407458,0.983652653842001,0.473684210526316
"Ghana","child_vitA","prev","infill","raw_enet",3,75,"open,survey_public,survey_dhs",75,0.188753243372373,0.223237832945247,14.2810449806613,13.2602244355812,-5.88602187387042,1.03762839715157,0.473684210526316
"Ghana","child_vitA","prev","infill","spatial_plus_domain",3,75,"open,survey_public,survey_dhs",75,0.329403245996963,0.378955381888303,13.9956870620941,13.3833605519058,-4.32668434726898,0.987219802462931,0.526315789473684
"Ghana","child_vitA","prev","infill","domain_index_cal",3,75,"open,survey_public,survey_dhs",75,0.260979305264842,0.403183827555254,13.339044610905,12.3319713272458,-5.04286423825828,0.962267410765508,0.578947368421053
"Ghana","child_vitA","prev","infill","region_mean_jk",3,75,"open,survey_public,survey_dhs",75,0.353866752474128,0.361023766812586,14.3074779735627,13.9455388112442,-2.90157094722528,1.0506883697352,0.473684210526316
"Ghana","child_vitA","prev","infill","null_train_mean",4,75,"open,survey_public,survey_dhs",75,-0.214935741962361,-0.219241590300701,14.3728070237752,12.7094310438335,-2.58293097558463e-16,1.00664978132711,0.157894736842105
"Ghana","child_vitA","prev","infill","spatial",4,75,"open,survey_public,survey_dhs",75,0.248462209759424,0.20739515681329,15.6239125674695,14.6036753926909,-3.9182059193322,1.10907195599966,0.473684210526316
"Ghana","child_vitA","prev","infill","domain_index",4,75,"open,survey_public,survey_dhs",75,0.272513830133316,0.425965554302065,20.7089676005192,20.3113991580382,2.07920605666797,1.43756259819889,0.578947368421053
"Ghana","child_vitA","prev","infill","domain_enet",4,75,"open,survey_public,survey_dhs",75,0.312955867943768,0.337254880653755,13.9245344925823,12.9826701514764,-5.36681524241874,0.99551675695738,0.473684210526316
"Ghana","child_vitA","prev","infill","raw_enet",4,75,"open,survey_public,survey_dhs",75,0.24246710485865,0.258655709302369,14.318386491295,13.3374670809672,-4.9221503431391,1.01656126791867,0.421052631578947
"Ghana","child_vitA","prev","infill","spatial_plus_domain",4,75,"open,survey_public,survey_dhs",75,0.302717197103728,0.301860404745501,14.4393599774679,13.4432348359605,-3.41954231066804,1.0377263430614,0.578947368421053
"Ghana","child_vitA","prev","infill","domain_index_cal",4,75,"open,survey_public,survey_dhs",75,0.28558629165092,0.363904801880584,13.8827643118002,12.7921303710766,-5.05015451006659,0.986469278718042,0.526315789473684
"Ghana","child_vitA","prev","infill","region_mean_jk",4,75,"open,survey_public,survey_dhs",75,0.263087829771013,0.289080969628442,15.1297249024408,14.6304550370771,-2.93803075871632,1.04790550799233,0.315789473684211
"Ghana","child_vitA","prev","infill","null_train_mean",5,75,"open,survey_public,survey_dhs",75,-0.142999844551023,-0.180302750981249,14.1623529515437,12.4385654707279,-7.76415245753078e-16,1.00235183802046,0.0526315789473684
"Ghana","child_vitA","prev","infill","spatial",5,75,"open,survey_public,survey_dhs",75,0.332066154824623,0.304421762922152,14.3077999360883,13.2209817824342,-4.11122575026459,1.05193769481717,0.368421052631579
"Ghana","child_vitA","prev","infill","domain_index",5,75,"open,survey_public,survey_dhs",75,0.314807087984388,0.4196909076878,20.7228552660545,20.2838323871213,2.05160158569999,1.45298615718101,0.473684210526316
"Ghana","child_vitA","prev","infill","domain_enet",5,75,"open,survey_public,survey_dhs",75,0.390507747491557,0.423679571107611,12.9895851362156,11.9622894016213,-4.10410783643049,0.941797212796869,0.421052631578947
"Ghana","child_vitA","prev","infill","raw_enet",5,75,"open,survey_public,survey_dhs",75,0.244930651528089,0.267429733675176,14.4390796471484,13.5194820779377,-5.6869782431687,1.02918918898666,0.368421052631579
"Ghana","child_vitA","prev","infill","spatial_plus_domain",5,75,"open,survey_public,survey_dhs",75,0.355391527336426,0.393648762471658,13.296761412785,12.4300145150269,-3.67179079896592,0.977790922914614,0.526315789473684
"Ghana","child_vitA","prev","infill","domain_index_cal",5,75,"open,survey_public,survey_dhs",75,0.296907214207015,0.379227525257243,13.6624238377724,12.7500844189136,-4.80377287973761,0.977642396187322,0.473684210526316
"Ghana","child_vitA","prev","infill","region_mean_jk",5,75,"open,survey_public,survey_dhs",75,0.30847040503809,0.223093544827615,15.7173751708329,15.2962866309544,-3.32068437158183,1.20114043284425,0.526315789473684
"Ghana","child_vitA","prev","infill","null_train_mean",6,75,"open,survey_public,survey_dhs",75,-0.255481429594206,-0.284384048979931,14.339694771684,12.4231434964995,-2.58003976979134e-16,1.01565343307944,0.210526315789474
"Ghana","child_vitA","prev","infill","spatial",6,75,"open,survey_public,survey_dhs",75,0.255283243601398,0.261824366078345,15.6695206603181,15.0222297474964,-3.98811801137822,1.09092602958131,0.473684210526316
"Ghana","child_vitA","prev","infill","domain_index",6,75,"open,survey_public,survey_dhs",75,0.311531852527907,0.408117275657527,21.1165592925552,20.8672495017772,2.18086970004909,1.46076114813545,0.473684210526316
"Ghana","child_vitA","prev","infill","domain_enet",6,75,"open,survey_public,survey_dhs",75,0.267088331398886,0.305388158802058,14.4152046873158,13.6365091239974,-4.64215420038166,1.02818979588903,0.368421052631579
"Ghana","child_vitA","prev","infill","raw_enet",6,75,"open,survey_public,survey_dhs",75,0.25905688445343,0.258986899997606,14.3200842666205,13.394822918577,-5.45996162881067,1.02629293848527,0.526315789473684
"Ghana","child_vitA","prev","infill","spatial_plus_domain",6,75,"open,survey_public,survey_dhs",75,0.249387819779734,0.266104911392245,15.4286616048626,14.8094702533791,-4.07549261782772,1.07683391326369,0.368421052631579
"Ghana","child_vitA","prev","infill","domain_index_cal",6,75,"open,survey_public,survey_dhs",75,0.26418333995053,0.354735803308352,13.9200768494298,12.9980489442237,-4.83954852975809,0.992963722360649,0.526315789473684
"Ghana","child_vitA","prev","infill","region_mean_jk",6,75,"open,survey_public,survey_dhs",75,0.331312941958685,0.261349077054891,16.0125434959154,15.6145213640496,-2.69618825069636,1.20469240121966,0.473684210526316
"Ghana","child_vitA","prev","infill","null_train_mean",7,75,"open,survey_public,survey_dhs",75,-0.199240637072614,-0.196764171017674,14.3035753645643,12.5530426684132,4.05545822618203e-16,1.00406878440155,0.157894736842105
"Ghana","child_vitA","prev","infill","spatial",7,75,"open,survey_public,survey_dhs",75,0.311147368365625,0.28576073251358,14.4817314927855,13.5571084806948,-4.35766218366647,1.05354648091139,0.526315789473684
"Ghana","child_vitA","prev","infill","domain_index",7,75,"open,survey_public,survey_dhs",75,0.353867830841454,0.444836276754,21.1480393083394,20.9152945021032,2.41137234407751,1.45359839267952,0.526315789473684
"Ghana","child_vitA","prev","infill","domain_enet",7,75,"open,survey_public,survey_dhs",75,0.336067638143192,0.391673539550035,13.203076689907,12.4067492957955,-4.51288633254035,0.960620856028536,0.368421052631579
"Ghana","child_vitA","prev","infill","raw_enet",7,75,"open,survey_public,survey_dhs",75,0.339812798686906,0.350215271810153,13.5556551740827,12.6353331890596,-5.23115581801203,0.979888298790188,0.526315789473684
"Ghana","child_vitA","prev","infill","spatial_plus_domain",7,75,"open,survey_public,survey_dhs",75,0.30197670908748,0.301447147199296,14.6546650068308,13.6418867308325,-3.90815932301577,1.05364547432185,0.578947368421053
"Ghana","child_vitA","prev","infill","domain_index_cal",7,75,"open,survey_public,survey_dhs",75,0.322226208301023,0.425282334031396,13.1700278715445,12.3150160341629,-4.71823052236408,0.951393918127025,0.526315789473684
"Ghana","child_vitA","prev","infill","region_mean_jk",7,75,"open,survey_public,survey_dhs",75,0.285251363059367,0.285813263127316,15.3669428437756,14.8728178474252,-4.28635296165427,1.12369147239114,0.473684210526316
"Ghana","child_vitA","prev","infill","null_train_mean",8,75,"open,survey_public,survey_dhs",75,-0.211229953307837,-0.255840674574694,14.3823534300812,12.6432088940235,-6.29415501200251e-16,1.01143160265154,0.0526315789473684
"Ghana","child_vitA","prev","infill","spatial",8,75,"open,survey_public,survey_dhs",75,0.263798855788247,0.248553465366232,14.9292643506182,13.778311661655,-3.73177419386105,1.08080912596795,0.526315789473684
"Ghana","child_vitA","prev","infill","domain_index",8,75,"open,survey_public,survey_dhs",75,0.290271302369103,0.441325202607922,21.0437150771806,20.6485763982143,2.76112461208828,1.44216289165094,0.473684210526316
"Ghana","child_vitA","prev","infill","domain_enet",8,75,"open,survey_public,survey_dhs",75,0.289972259131772,0.380852583085599,13.7101807747632,12.6119173396752,-4.20184503282422,0.961927860848061,0.473684210526316
"Ghana","child_vitA","prev","infill","raw_enet",8,75,"open,survey_public,survey_dhs",75,0.265009268891729,0.272080401490117,13.9456823083651,12.837706219769,-5.22810500208215,1.00275067499369,0.473684210526316
"Ghana","child_vitA","prev","infill","spatial_plus_domain",8,75,"open,survey_public,survey_dhs",75,0.287181188916684,0.329082794203282,13.7639747757953,12.8408339171618,-3.65500704692867,1.01870939417955,0.578947368421053
"Ghana","child_vitA","prev","infill","domain_index_cal",8,75,"open,survey_public,survey_dhs",75,0.24471704921571,0.375497320024346,13.4799866401764,12.2334669670915,-4.21005370200547,0.970169539318496,0.526315789473684
"Ghana","child_vitA","prev","infill","region_mean_jk",8,75,"open,survey_public,survey_dhs",75,0.331685805086234,0.303820871916223,14.9025221434745,14.5327513339884,-2.47055310691305,1.11657524130226,0.473684210526316
"Ghana","child_vitA","prev","infill","null_train_mean",9,75,"open,survey_public,survey_dhs",75,-0.216461654937753,-0.253525781742768,14.3308057899925,12.6031024805853,-7.02784365714156e-16,1.01110804090427,0.210526315789474
"Ghana","child_vitA","prev","infill","spatial",9,75,"open,survey_public,survey_dhs",75,0.334814504577234,0.297212474907644,14.2469201551808,13.1866313669434,-4.23655180122924,1.04973458428933,0.578947368421053
"Ghana","child_vitA","prev","infill","domain_index",9,75,"open,survey_public,survey_dhs",75,0.344355407863503,0.454010627458141,20.1635352149898,19.99018548855,1.9105184724025,1.39982939083416,0.473684210526316
"Ghana","child_vitA","prev","infill","domain_enet",9,75,"open,survey_public,survey_dhs",75,0.334358819644159,0.379350233333427,13.5812904168202,12.6206438811385,-4.34022285717421,0.973701546820431,0.368421052631579
"Ghana","child_vitA","prev","infill","raw_enet",9,75,"open,survey_public,survey_dhs",75,0.217546835081082,0.201345862666255,14.6677285713897,13.7402129099171,-4.47980635486938,1.07086342086714,0.315789473684211
"Ghana","child_vitA","prev","infill","spatial_plus_domain",9,75,"open,survey_public,survey_dhs",75,0.33311992623236,0.348616717293029,13.8771117969578,12.9540407266854,-3.53303854424052,1.01593882472235,0.473684210526316
"Ghana","child_vitA","prev","infill","domain_index_cal",9,75,"open,survey_public,survey_dhs",75,0.278694057038153,0.380630830792431,13.4334637670151,12.45385968274,-5.22828998493501,0.977101069519366,0.368421052631579
"Ghana","child_vitA","prev","infill","region_mean_jk",9,75,"open,survey_public,survey_dhs",75,0.345745757136909,0.249709013583382,16.1341754429237,15.9159064986359,-0.971617332039862,1.2792566060754,0.526315789473684
"Ghana","child_vitA","prev","infill","null_train_mean",10,75,"open,survey_public,survey_dhs",75,-0.232156759827499,-0.244776638214697,14.2518537296882,12.4647285853132,3.32167923086194e-16,1.00991080107026,0.210526315789474
"Ghana","child_vitA","prev","infill","spatial",10,75,"open,survey_public,survey_dhs",75,0.29501327370392,0.255527887047528,14.6546866987956,13.6407267249306,-4.08055564936419,1.07584096772632,0.473684210526316
"Ghana","child_vitA","prev","infill","domain_index",10,75,"open,survey_public,survey_dhs",75,0.342404506743773,0.446777389828858,21.0296166638048,20.8183033525853,2.44101955676321,1.45023284853518,0.526315789473684
"Ghana","child_vitA","prev","infill","domain_enet",10,75,"open,survey_public,survey_dhs",75,0.296624274340435,0.355059268504727,13.3562654758997,12.4810487283819,-4.94814322430089,0.974617236166926,0.421052631578947
"Ghana","child_vitA","prev","infill","raw_enet",10,75,"open,survey_public,survey_dhs",75,0.305209224081485,0.328229630313621,13.242085552359,12.2097645276877,-5.00699217990109,0.979707280679022,0.526315789473684
"Ghana","child_vitA","prev","infill","spatial_plus_domain",10,75,"open,survey_public,survey_dhs",75,0.319791141939901,0.288082637281657,14.2298704244657,13.2582700054795,-4.1965458256126,1.04904001627818,0.473684210526316
"Ghana","child_vitA","prev","infill","domain_index_cal",10,75,"open,survey_public,survey_dhs",75,0.32410590864996,0.419698109855806,12.9762821358713,12.0994504645621,-4.6723066854079,0.955613000510716,0.473684210526316
"Ghana","child_vitA","prev","infill","region_mean_jk",10,75,"open,survey_public,survey_dhs",75,0.358460679850242,0.334999972392061,14.4020917856495,14.4542700905596,-2.63832404663832,1.04716630503401,0.421052631578947
"Ghana","child_vitA","prev","region","null_train_mean",1,75,"open,survey_public,survey_dhs",75,-0.512716639827331,-0.553612897437177,14.548691959788,12.8289001260216,0.0105250901066283,1.02501443827838,0.263157894736842
"Ghana","child_vitA","prev","region","spatial",1,75,"open,survey_public,survey_dhs",75,0.250683673808168,0.159390985514671,15.806754531353,14.6175795208225,-3.11173574794901,1.1762020679186,0.368421052631579
"Ghana","child_vitA","prev","region","domain_index",1,75,"open,survey_public,survey_dhs",75,0.256223093775867,0.4261105009418,20.3092385181419,19.558821742343,2.67125946486398,1.40516227279377,0.473684210526316
"Ghana","child_vitA","prev","region","domain_enet",1,75,"open,survey_public,survey_dhs",75,0.307117404738738,0.332786614053402,13.5727609241036,12.398770781528,-3.48856907131721,0.965354048420841,0.263157894736842
"Ghana","child_vitA","prev","region","raw_enet",1,75,"open,survey_public,survey_dhs",75,0.227757025612806,0.19843781229966,14.0131519393639,12.5708763236939,-4.60363032993243,1.02455756266971,0.473684210526316
"Ghana","child_vitA","prev","region","spatial_plus_domain",1,75,"open,survey_public,survey_dhs",75,0.237839054757101,0.145425769015835,16.2172135495868,15.0097566283002,-3.91128344956368,1.16250017193276,0.315789473684211
"Ghana","child_vitA","prev","region","domain_index_cal",1,75,"open,survey_public,survey_dhs",75,0.222046723795203,0.347634846616104,13.7126184883328,12.4319308035708,-4.65371871581207,0.980463836798034,0.473684210526316
"Ghana","child_vitA","level","infill","null_train_mean",1,75,"open,survey_public,survey_dhs",75,-0.188137536325636,-0.232210665880861,0.104159220337182,0.0990443582147709,4.26669694945462e-18,1.00826249656291,0.263157894736842
"Ghana","child_vitA","level","infill","spatial",1,75,"open,survey_public,survey_dhs",75,0.299288762446657,0.395668302391331,0.0990449183803155,0.0932825408707356,0.00402230479209093,0.925800974344631,0.631578947368421
"Ghana","child_vitA","level","infill","domain_index",1,75,"open,survey_public,survey_dhs",75,0.26076813655761,0.421385922041832,0.117714329441068,0.116870434756059,-1.86364492436959e-05,1.0676500585284,0.578947368421053
"Ghana","child_vitA","level","infill","domain_enet",1,75,"open,survey_public,survey_dhs",75,0.402304409672831,0.454445773729605,0.0978791588022266,0.0944570562542753,-0.00600459866740024,0.9025737982017,0.578947368421053
"Ghana","child_vitA","level","infill","raw_enet",1,75,"open,survey_public,survey_dhs",75,0.361820768136558,0.387227924731782,0.0987566189394344,0.0963606987860805,-0.000673139741411516,0.917425771645613,0.578947368421053
"Ghana","child_vitA","level","infill","spatial_plus_domain",1,75,"open,survey_public,survey_dhs",75,0.321792318634424,0.410258970560571,0.0976759648868655,0.0922538484504775,0.00341817726801313,0.916659530201244,0.631578947368421
"Ghana","child_vitA","level","infill","domain_index_cal",1,75,"open,survey_public,survey_dhs",75,0.22551920341394,0.366528307331736,0.10085739087086,0.0962089110912752,-0.000781340115604819,0.928969434529163,0.578947368421053
"Ghana","child_vitA","level","infill","region_mean_jk",1,75,"open,survey_public,survey_dhs",75,0.333779182553435,0.367951551554374,0.106619018952708,0.105918930034985,0.00113265550991328,0.987152992776486,0.578947368421053
"Ghana","child_vitA","level","infill","null_train_mean",2,75,"open,survey_public,survey_dhs",75,-0.101472328620077,-0.0873018917051422,0.103327439521589,0.0985714408645199,-5.35884993787169e-18,0.995437926708921,0.105263157894737
"Ghana","child_vitA","level","infill","spatial",2,75,"open,survey_public,survey_dhs",75,0.312546230440967,0.41234149968691,0.0998942684739492,0.0936137662995846,0.00132131777503153,0.916334755689566,0.631578947368421
"Ghana","child_vitA","level","infill","domain_index",2,75,"open,survey_public,survey_dhs",75,0.274196301564723,0.428875389859466,0.114528414259497,0.11131244093595,0.00456497458295869,1.0363348956302,0.631578947368421
"Ghana","child_vitA","level","infill","domain_enet",2,75,"open,survey_public,survey_dhs",75,0.227308301296751,0.204348570287767,0.11322206656098,0.106619160181835,-0.0087979550715975,1.05870658945859,0.421052631578947
"Ghana","child_vitA","level","infill","raw_enet",2,75,"open,survey_public,survey_dhs",75,0.335504978662873,0.367415820335694,0.0994972338631424,0.0940788305203281,-0.00133940507846425,0.924899257268136,0.631578947368421
"Ghana","child_vitA","level","infill","spatial_plus_domain",2,75,"open,survey_public,survey_dhs",75,0.33425320056899,0.415907200979163,0.0997683880461428,0.0939939278021463,-0.000246245752594819,0.914700157093435,0.684210526315789
"Ghana","child_vitA","level","infill","domain_index_cal",2,75,"open,survey_public,survey_dhs",75,0.221706970128023,0.364261977034786,0.10041516398644,0.095286108531826,0.00118447426672633,0.927382727928357,0.578947368421053
"Ghana","child_vitA","level","infill","region_mean_jk",2,75,"open,survey_public,survey_dhs",75,0.390721538382387,0.38884991012235,0.107208734815924,0.105931550030921,0.00447004445154494,0.978667243252679,0.473684210526316
"Ghana","child_vitA","level","infill","null_train_mean",3,75,"open,survey_public,survey_dhs",75,-0.216009763929434,-0.19985778354303,0.104309256441568,0.0994448176805352,-5.6324302860622e-19,1.00440783839951,0.105263157894737
"Ghana","child_vitA","level","infill","spatial",3,75,"open,survey_public,survey_dhs",75,0.251977240398293,0.393036214773148,0.100544255939637,0.0965017352792898,-0.00874914873649587,0.926217556183415,0.578947368421053
"Ghana","child_vitA","level","infill","domain_index",3,75,"open,survey_public,survey_dhs",75,0.302958748221906,0.457385935094155,0.113088335460045,0.112156641433114,-0.00229692009306278,1.02321209747867,0.631578947368421
"Ghana","child_vitA","level","infill","domain_enet",3,75,"open,survey_public,survey_dhs",75,0.373883357041252,0.479806826907058,0.0953284390566907,0.0927720946481855,-0.00391427263875257,0.872635727868148,0.631578947368421
"Ghana","child_vitA","level","infill","raw_enet",3,75,"open,survey_public,survey_dhs",75,0.418122332859175,0.479916445378872,0.093835323765194,0.0905018122635773,-0.00242053877191955,0.875114621491502,0.578947368421053
"Ghana","child_vitA","level","infill","spatial_plus_domain",3,75,"open,survey_public,survey_dhs",75,0.311834992887624,0.413183347490379,0.100613828574435,0.0967258352138271,-0.0117371698176629,0.919561811759227,0.578947368421053
"Ghana","child_vitA","level","infill","domain_index_cal",3,75,"open,survey_public,survey_dhs",75,0.258918918918919,0.429471337244972,0.0970205555482,0.0926606425171794,-0.00121294768668249,0.897294617124921,0.631578947368421
"Ghana","child_vitA","level","infill","region_mean_jk",3,75,"open,survey_public,survey_dhs",75,0.391294775431126,0.468228658589731,0.0988238227627804,0.097170219151698,0.000544433598503797,0.905358531149179,0.631578947368421
"Ghana","child_vitA","level","infill","null_train_mean",4,75,"open,survey_public,survey_dhs",75,-0.239526955970138,-0.246075575474642,0.104665168272769,0.100067660356454,-6.85410025900076e-18,1.01008597974417,0.157894736842105
"Ghana","child_vitA","level","infill","spatial",4,75,"open,survey_public,survey_dhs",75,0.35126600284495,0.368704530094369,0.100969944508713,0.0933305349053904,-0.00316311763374944,0.942408812711896,0.526315789473684
"Ghana","child_vitA","level","infill","domain_index",4,75,"open,survey_public,survey_dhs",75,0.230469416785206,0.396239053977802,0.116948779891477,0.113645371841988,-0.000699299329110853,1.06659917646179,0.578947368421053
"Ghana","child_vitA","level","infill","domain_enet",4,75,"open,survey_public,survey_dhs",75,0.285177809388336,0.286664477784907,0.10552752017184,0.10106296319517,-0.00259305486231815,0.991856519526422,0.526315789473684
"Ghana","child_vitA","level","infill","raw_enet",4,75,"open,survey_public,survey_dhs",75,0.216756756756757,0.186292373404827,0.107653808733908,0.104069492269996,-0.00575768478549385,0.993618411281628,0.368421052631579
"Ghana","child_vitA","level","infill","spatial_plus_domain",4,75,"open,survey_public,survey_dhs",75,0.35126600284495,0.368704530094371,0.100969944508714,0.0933305349053914,-0.00316311763375187,0.942408812711894,0.526315789473684
"Ghana","child_vitA","level","infill","domain_index_cal",4,75,"open,survey_public,survey_dhs",75,0.220028449502134,0.336438429677463,0.101112303994702,0.0959096557497886,-0.000909168711532358,0.941667157525481,0.526315789473684
"Ghana","child_vitA","level","infill","region_mean_jk",4,75,"open,survey_public,survey_dhs",75,0.323985494219035,0.340246281330081,0.109797952821288,0.107243482643362,0.000850956409053563,0.996534354786434,0.368421052631579
"Ghana","child_vitA","level","infill","null_train_mean",5,75,"open,survey_public,survey_dhs",75,-0.214703253260506,-0.244557876860239,0.103914930131243,0.0990936236317937,-1.66406963440317e-18,1.00988138648371,0.105263157894737
"Ghana","child_vitA","level","infill","spatial",5,75,"open,survey_public,survey_dhs",75,0.311123755334282,0.440986734778329,0.0969755374246119,0.0906205900257849,0.00430914817379386,0.901592749877781,0.578947368421053
"Ghana","child_vitA","level","infill","domain_index",5,75,"open,survey_public,survey_dhs",75,0.279743954480797,0.429681376104679,0.115497758142585,0.113182311806828,0.00193546539803201,1.04535850333036,0.526315789473684
"Ghana","child_vitA","level","infill","domain_enet",5,75,"open,survey_public,survey_dhs",75,0.30122332859175,0.366646921500583,0.100388296353932,0.0953508312572532,0.000854851126787954,0.931115845685398,0.526315789473684
"Ghana","child_vitA","level","infill","raw_enet",5,75,"open,survey_public,survey_dhs",75,0.350440967283073,0.378454148516906,0.0989285770754944,0.0951521828169133,0.00174587549045204,0.922002656952928,0.578947368421053
"Ghana","child_vitA","level","infill","spatial_plus_domain",5,75,"open,survey_public,survey_dhs",75,0.340341394025604,0.468961200384742,0.0948006346470675,0.0890306537872949,0.00501967215554304,0.884418234005173,0.578947368421053
"Ghana","child_vitA","level","infill","domain_index_cal",5,75,"open,survey_public,survey_dhs",75,0.25800853485064,0.39012950206696,0.0990880219002137,0.094217477444382,0.000784247701465632,0.916210220462927,0.526315789473684
"Ghana","child_vitA","level","infill","region_mean_jk",5,75,"open,survey_public,survey_dhs",75,0.417619505398357,0.436377348065589,0.100074209760037,0.0980331808571274,0.000680388808587373,0.92473503702159,0.578947368421053
"Ghana","child_vitA","level","infill","null_train_mean",6,75,"open,survey_public,survey_dhs",75,-0.245624005758469,-0.235909380572961,0.105238811850606,0.100170563237921,1.12947213069583e-17,1.00873892190158,0.210526315789474
"Ghana","child_vitA","level","infill","spatial",6,75,"open,survey_public,survey_dhs",75,0.382048364153627,0.491448760433947,0.0923903487602921,0.0872815515362153,-0.0001576491895064,0.867987036652615,0.631578947368421
"Ghana","child_vitA","level","infill","domain_index",6,75,"open,survey_public,survey_dhs",75,0.319943100995733,0.447606485982195,0.113612283360994,0.111656372766959,0.00169547352654122,1.02936386923168,0.578947368421053
"Ghana","child_vitA","level","infill","domain_enet",6,75,"open,survey_public,survey_dhs",75,0.428051209103841,0.395573963105429,0.0982438333242056,0.093777192372907,-0.00273404896907155,0.933430839689903,0.578947368421053
"Ghana","child_vitA","level","infill","raw_enet",6,75,"open,survey_public,survey_dhs",75,0.44153627311522,0.402496729535759,0.0972507449977942,0.0933764035730865,-0.00103660675555163,0.909332461723945,0.578947368421053
"Ghana","child_vitA","level","infill","spatial_plus_domain",6,75,"open,survey_public,survey_dhs",75,0.437297297297297,0.497393662137386,0.0919818229573698,0.0877833830261782,-0.00028729112419065,0.865450810684105,0.631578947368421
"Ghana","child_vitA","level","infill","domain_index_cal",6,75,"open,survey_public,survey_dhs",75,0.290810810810811,0.417539754516813,0.0969188692033161,0.092520015266988,0.000542706524298943,0.902974962905058,0.631578947368421
"Ghana","child_vitA","level","infill","region_mean_jk",6,75,"open,survey_public,survey_dhs",75,0.454278996285484,0.484359531909674,0.0947080292368468,0.0945210530733668,0.000872764000618802,0.891608984437435,0.631578947368421
"Ghana","child_vitA","level","infill","null_train_mean",7,75,"open,survey_public,survey_dhs",75,-0.2051221750217,-0.215853934943175,0.104408743293752,0.0998566024142256,4.62443849128432e-18,1.00624337908359,0.105263157894737
"Ghana","child_vitA","level","infill","spatial",7,75,"open,survey_public,survey_dhs",75,0.388847795163585,0.464532017226168,0.0953942184903694,0.0910093878273347,8.26747180720766e-05,0.881419158513289,0.578947368421053
"Ghana","child_vitA","level","infill","domain_index",7,75,"open,survey_public,survey_dhs",75,0.335590327169275,0.469168675901836,0.11337647486944,0.11221532583193,0.00172676174739352,1.01613222836441,0.578947368421053
"Ghana","child_vitA","level","infill","domain_enet",7,75,"open,survey_public,survey_dhs",75,0.32099573257468,0.368723409721794,0.10203958505,0.100469575072644,0.00398697773086402,0.941051469955883,0.473684210526316
"Ghana","child_vitA","level","infill","raw_enet",7,75,"open,survey_public,survey_dhs",75,0.260938833570412,0.320659650615844,0.102589552045466,0.101984695128472,-0.00124678877837714,0.950715320084212,0.473684210526316
"Ghana","child_vitA","level","infill","spatial_plus_domain",7,75,"open,survey_public,survey_dhs",75,0.382816500711238,0.460900169008832,0.0955951318489086,0.0911861624183699,-0.000255498135482892,0.88373351198436,0.578947368421053
"Ghana","child_vitA","level","infill","domain_index_cal",7,75,"open,survey_public,survey_dhs",75,0.283243243243243,0.422263385955961,0.09822487572892,0.0943036696765581,0.000668483322073554,0.900586234118528,0.473684210526316
"Ghana","child_vitA","level","infill","region_mean_jk",7,75,"open,survey_public,survey_dhs",75,0.388018102214422,0.447194637875566,0.0990210633394455,0.0984805413795436,-0.00377678348505935,0.914241547811115,0.526315789473684
"Ghana","child_vitA","level","infill","null_train_mean",8,75,"open,survey_public,survey_dhs",75,-0.156345776715054,-0.156215541637273,0.103899807957489,0.098963555647595,5.00183119749031e-18,1.00010524228247,0.157894736842105
"Ghana","child_vitA","level","infill","spatial",8,75,"open,survey_public,survey_dhs",75,0.37172119487909,0.457313506963054,0.0951555380849513,0.0880016181316683,0.00238532664027584,0.890026862580286,0.631578947368421
"Ghana","child_vitA","level","infill","domain_index",8,75,"open,survey_public,survey_dhs",75,0.304096728307255,0.45116740527212,0.115136244119427,0.112629265343867,0.00362065340378513,1.03036933426033,0.578947368421053
"Ghana","child_vitA","level","infill","domain_enet",8,75,"open,survey_public,survey_dhs",75,0.3625320056899,0.399560701630522,0.0987549966564608,0.0942035192671426,0.00849257724362356,0.919095548837546,0.578947368421053
"Ghana","child_vitA","level","infill","raw_enet",8,75,"open,survey_public,survey_dhs",75,0.376870554765292,0.390706642714993,0.0997125198133339,0.0949836238138189,0.00428398346746931,0.915629543254019,0.526315789473684
"Ghana","child_vitA","level","infill","spatial_plus_domain",8,75,"open,survey_public,survey_dhs",75,0.373342816500711,0.455464271019827,0.095049820691213,0.0880412926742506,0.00284734481742256,0.89148923334325,0.631578947368421
"Ghana","child_vitA","level","infill","domain_index_cal",8,75,"open,survey_public,survey_dhs",75,0.257951635846373,0.41908124318485,0.0974943157663336,0.0922302425945087,0.00208635177810086,0.902369636431926,0.578947368421053
"Ghana","child_vitA","level","infill","region_mean_jk",8,75,"open,survey_public,survey_dhs",75,0.475881522506083,0.475665515033482,0.0957759439417311,0.0927381422933334,0.00407905698988749,0.893208287871551,0.631578947368421
"Ghana","child_vitA","level","infill","null_train_mean",9,75,"open,survey_public,survey_dhs",75,-0.209912714141103,-0.24291260564683,0.104957657604668,0.0994542194982653,-5.63965830054543e-19,1.00966097925331,0.105263157894737
"Ghana","child_vitA","level","infill","spatial",9,75,"open,survey_public,survey_dhs",75,0.447368421052632,0.468523443382658,0.0950674614103686,0.0895332572596579,0.000352359062742534,0.882699740856758,0.631578947368421
"Ghana","child_vitA","level","infill","domain_index",9,75,"open,survey_public,survey_dhs",75,0.367965860597439,0.47278754428154,0.110277896426753,0.108055631248995,0.00047774363584262,0.995932858284305,0.578947368421053
"Ghana","child_vitA","level","infill","domain_enet",9,75,"open,survey_public,survey_dhs",75,0.377524893314367,0.406871472371152,0.0991216159697805,0.0963192287605595,-0.00276006858177913,0.917896749969427,0.578947368421053
"Ghana","child_vitA","level","infill","raw_enet",9,75,"open,survey_public,survey_dhs",75,0.331635846372688,0.403495894957935,0.100479593293254,0.0965569266116258,-7.82669536031751e-06,0.91472926533923,0.473684210526316
"Ghana","child_vitA","level","infill","spatial_plus_domain",9,75,"open,survey_public,survey_dhs",75,0.450156472261735,0.470974560141406,0.0949833219902341,0.089793501393658,-0.00044315682696643,0.881179917585349,0.631578947368421
"Ghana","child_vitA","level","infill","domain_index_cal",9,75,"open,survey_public,survey_dhs",75,0.337325746799431,0.44021022933203,0.0964314605458234,0.0914592022629911,-0.000366152400818495,0.891923182392847,0.578947368421053
"Ghana","child_vitA","level","infill","region_mean_jk",9,75,"open,survey_public,survey_dhs",75,0.429896861069688,0.46063732434314,0.101725813530929,0.100061777335674,0.0103487968784221,0.934901204958192,0.578947368421053
"Ghana","child_vitA","level","infill","null_train_mean",10,75,"open,survey_public,survey_dhs",75,-0.206428685690628,-0.161576066237572,0.104033961328429,0.0993974104548947,5.63965830054543e-19,1.00057781038858,0.157894736842105
"Ghana","child_vitA","level","infill","spatial",10,75,"open,survey_public,survey_dhs",75,0.403413940256045,0.49504120916026,0.0918507646263748,0.0871164314015044,-0.00151901654299343,0.864355457318023,0.631578947368421
"Ghana","child_vitA","level","infill","domain_index",10,75,"open,survey_public,survey_dhs",75,0.341365576102418,0.47488376946057,0.111789349633559,0.110648440918589,0.00117479492329413,1.00969238209234,0.631578947368421
"Ghana","child_vitA","level","infill","domain_enet",10,75,"open,survey_public,survey_dhs",75,0.40475106685633,0.460072545059544,0.0960970749933865,0.0944448166402092,-0.00595971191005199,0.883089968160561,0.578947368421053
"Ghana","child_vitA","level","infill","raw_enet",10,75,"open,survey_public,survey_dhs",75,0.402844950213371,0.444375300563996,0.0931547613537656,0.0909587189100124,0.00114831664933546,0.890190978213952,0.578947368421053
"Ghana","child_vitA","level","infill","spatial_plus_domain",10,75,"open,survey_public,survey_dhs",75,0.440199146514936,0.50613940616597,0.0911263519090601,0.0869356566562396,-0.00182019504909574,0.857539887111527,0.684210526315789
"Ghana","child_vitA","level","infill","domain_index_cal",10,75,"open,survey_public,survey_dhs",75,0.304807965860597,0.435978025573758,0.0951917714703729,0.0904427623573066,-0.00107370698300645,0.894243210402797,0.631578947368421
"Ghana","child_vitA","level","infill","region_mean_jk",10,75,"open,survey_public,survey_dhs",75,0.490807188323681,0.498112097676864,0.0944604496840316,0.09367273138682,0.00101519047436035,0.879683672645618,0.526315789473684
"Ghana","child_vitA","level","region","null_train_mean",1,75,"open,survey_public,survey_dhs",75,-0.573884932594131,-0.60173038599419,0.105705044682369,0.100580032911278,8.04597750524888e-05,1.0293565932925,0.0526315789473684
"Ghana","child_vitA","level","region","spatial",1,75,"open,survey_public,survey_dhs",75,0.269416785206259,0.283126555195571,0.103270348314536,0.0937492753677253,0.0108851762414386,1.0190710585796,0.578947368421053
"Ghana","child_vitA","level","region","domain_index",1,75,"open,survey_public,survey_dhs",75,0.262560455192034,0.431151667208012,0.111786673305146,0.108025918077385,0.00675204336469749,1.01691218902328,0.578947368421053
"Ghana","child_vitA","level","region","domain_enet",1,75,"open,survey_public,survey_dhs",75,0.267567567567568,0.326780420037497,0.10631536561872,0.102722911905484,0.00395568240995551,0.951542356131169,0.421052631578947
"Ghana","child_vitA","level","region","raw_enet",1,75,"open,survey_public,survey_dhs",75,0.225832147937411,0.164795059834843,0.102622265727126,0.0966669307138931,0.00475134690369859,0.990377097724334,0.473684210526316
"Ghana","child_vitA","level","region","spatial_plus_domain",1,75,"open,survey_public,survey_dhs",75,0.26122332859175,0.287269332563141,0.103085231048052,0.0939237758659922,0.010259719156678,1.01639811553983,0.578947368421053
"Ghana","child_vitA","level","region","domain_index_cal",1,75,"open,survey_public,survey_dhs",75,0.226116642958748,0.366837168625827,0.0977475342522884,0.0924464214367392,0.000102573314585508,0.9241848624313,0.526315789473684
"Ghana","women_vitA","prev","infill","null_train_mean",1,75,"open,survey_public,survey_dhs",75,-0.139899688714026,-0.175553617576685,4.53994854806366,4.36265525980311,-4.63541603828073e-17,1.0018838515438,0.210526315789474
"Ghana","women_vitA","prev","infill","spatial",1,75,"open,survey_public,survey_dhs",75,0.0985734890725564,0.0342837575246195,3.65619596729475,3.56786140944121,-1.79941900829328,1.0383644278348,0.263157894736842
"Ghana","women_vitA","prev","infill","domain_index",1,75,"open,survey_public,survey_dhs",75,0.056095315772979,0.00719744569728016,4.26943723620185,4.19088234252653,-0.740484485511028,1.14764746368152,0.263157894736842
"Ghana","women_vitA","prev","infill","domain_enet",1,75,"open,survey_public,survey_dhs",75,-0.151371463188576,-0.16573985931803,3.61720243882052,3.53424078541604,-1.92895056919276,1.04599584980136,0.157894736842105
"Ghana","women_vitA","prev","infill","raw_enet",1,75,"open,survey_public,survey_dhs",75,-0.151371463188576,-0.16573985931803,3.61720243882052,3.53424078541604,-1.92895056919276,1.04599584980136,0.157894736842105
"Ghana","women_vitA","prev","infill","spatial_plus_domain",1,75,"open,survey_public,survey_dhs",75,0.0985734890725564,0.0342837575246204,3.65619596729475,3.56786140944121,-1.79941900829328,1.0383644278348,0.263157894736842
"Ghana","women_vitA","prev","infill","domain_index_cal",1,75,"open,survey_public,survey_dhs",75,-0.0724724428282378,-0.0586101189513205,3.62227315885812,3.54284643056293,-1.93006740520393,1.04590696741987,0.263157894736842
"Ghana","women_vitA","prev","infill","region_mean_jk",1,75,"open,survey_public,survey_dhs",75,-0.0613631732025762,-0.107304403954363,4.02256465862715,3.87368033458835,-1.49239599060674,1.08178570583239,0.157894736842105
"Ghana","women_vitA","prev","infill","null_train_mean",2,75,"open,survey_public,survey_dhs",75,-0.18382819097023,-0.203523918135082,4.56894995683801,4.39644087856535,6.45642393715118e-17,1.00481633569629,0.157894736842105
"Ghana","women_vitA","prev","infill","spatial",2,75,"open,survey_public,survey_dhs",75,0.0213670329549079,-0.029493419469138,3.68461478826603,3.56573712348953,-1.76989054609947,1.04336625587509,0.263157894736842
"Ghana","women_vitA","prev","infill","domain_index",2,75,"open,survey_public,survey_dhs",75,0.0470294061531036,-0.0596219019886046,4.64189959006216,4.4609544797618,-0.290327761607918,1.22137526943395,0.210526315789474
"Ghana","women_vitA","prev","infill","domain_enet",2,75,"open,survey_public,survey_dhs",75,-0.133499161784197,-0.105991592136338,3.64635641782134,3.56022899966178,-1.90619049596965,1.04719986835148,0.210526315789474
"Ghana","women_vitA","prev","infill","raw_enet",2,75,"open,survey_public,survey_dhs",75,-0.165404206481915,-0.187463587096964,3.62402217052585,3.54233214351603,-1.92764125183488,1.04679453157515,0.157894736842105
"Ghana","women_vitA","prev","infill","spatial_plus_domain",2,75,"open,survey_public,survey_dhs",75,0.0213670329549079,-0.0294934194691379,3.68461478826603,3.56573712348953,-1.76989054609947,1.04336625587509,0.263157894736842
"Ghana","women_vitA","prev","infill","domain_index_cal",2,75,"open,survey_public,survey_dhs",75,-0.0947350999189802,-0.0679885755559064,3.63892605101422,3.54251453559639,-1.88845864424985,1.04601391656795,0.263157894736842
"Ghana","women_vitA","prev","infill","region_mean_jk",2,75,"open,survey_public,survey_dhs",75,-0.172455312080392,-0.176812101628547,4.04629548567811,3.81526161470227,-1.5277103013615,1.09809589766283,0.105263157894737
"Ghana","women_vitA","prev","infill","null_train_mean",3,75,"open,survey_public,survey_dhs",75,-0.146055275017443,-0.169593782648216,4.5355555767293,4.31639065183209,1.47939386435647e-16,1.00131393929893,0.105263157894737
"Ghana","women_vitA","prev","infill","spatial",3,75,"open,survey_public,survey_dhs",75,0.146443685230729,0.0644817680446421,3.6723460437018,3.55714863472533,-1.75429161707421,1.03479433131795,0.263157894736842
"Ghana","women_vitA","prev","infill","domain_index",3,75,"open,survey_public,survey_dhs",75,0.0398826911100163,0.0509190895824081,4.5510672569611,4.36682559964561,0.00251697523795311,1.22686936749673,0.263157894736842
"Ghana","women_vitA","prev","infill","domain_enet",3,75,"open,survey_public,survey_dhs",75,-0.118643309939309,-0.108122733012366,3.63191359392638,3.54109492157155,-1.90958062157758,1.04533483195591,0.210526315789474
"Ghana","women_vitA","prev","infill","raw_enet",3,75,"open,survey_public,survey_dhs",75,-0.130257670243844,-0.0318505308773429,3.61765541920271,3.52177383789071,-1.92593606113282,1.04520329096677,0.157894736842105
"Ghana","women_vitA","prev","infill","spatial_plus_domain",3,75,"open,survey_public,survey_dhs",75,0.146443685230729,0.0644817680446397,3.6723460437018,3.55714863472533,-1.75429161707421,1.03479433131795,0.263157894736842
"Ghana","women_vitA","prev","infill","domain_index_cal",3,75,"open,survey_public,survey_dhs",75,-0.0226464960061,-0.0124179230103255,3.62215135181938,3.52583969589016,-1.91219361306138,1.0443429418336,0.210526315789474
"Ghana","women_vitA","prev","infill","region_mean_jk",3,75,"open,survey_public,survey_dhs",75,-0.0735860421116701,-0.0512092434809336,3.86227996385423,3.73107406310837,-1.6154256524437,1.05238084083035,0.157894736842105
"Ghana","women_vitA","prev","infill","null_train_mean",4,75,"open,survey_public,survey_dhs",75,-0.113598547235789,-0.18153938860282,4.53007474132937,4.33185486688373,-8.81366016049675e-17,1.00247571127813,0.263157894736842
"Ghana","women_vitA","prev","infill","spatial",4,75,"open,survey_public,survey_dhs",75,0.137706780395446,0.00952487369828026,3.64931582814901,3.49828083325186,-1.76343310229721,1.0405984694208,0.263157894736842
"Ghana","women_vitA","prev","infill","domain_index",4,75,"open,survey_public,survey_dhs",75,0.0988659377699718,0.0643355458841715,4.08067835550405,3.80971526191187,-0.680748575243652,1.10269230890072,0.368421052631579
"Ghana","women_vitA","prev","infill","domain_enet",4,75,"open,survey_public,survey_dhs",75,-0.177516014952963,-0.141582780204397,3.67601606316341,3.57226679921744,-1.86457920894959,1.04959939767124,0.157894736842105
"Ghana","women_vitA","prev","infill","raw_enet",4,75,"open,survey_public,survey_dhs",75,-0.113598547235789,-0.179144423746699,3.61232453008757,3.52406693692686,-1.92956217262876,1.04580182337926,0.263157894736842
"Ghana","women_vitA","prev","infill","spatial_plus_domain",4,75,"open,survey_public,survey_dhs",75,0.131218074921543,0.00839955965500822,3.64859244091161,3.49570916864805,-1.76354084903933,1.04070047845376,0.263157894736842
"Ghana","women_vitA","prev","infill","domain_index_cal",4,75,"open,survey_public,survey_dhs",75,-0.0245474125392997,-0.0536577555384498,3.60257755819927,3.50600006978953,-1.93660963586966,1.04667716157895,0.315789473684211
"Ghana","women_vitA","prev","infill","region_mean_jk",4,75,"open,survey_public,survey_dhs",75,0.0592071502282673,-0.0136316663019243,3.68816225945805,3.46490162896165,-1.75773872089608,1.04959132046505,0.210526315789474
"Ghana","women_vitA","prev","infill","null_train_mean",5,75,"open,survey_public,survey_dhs",75,-0.111080352838936,-0.141425683901126,4.52646440841823,4.31998725565839,-5.04786461473043e-17,0.998883049222379,0.210526315789474
"Ghana","women_vitA","prev","infill","spatial",5,75,"open,survey_public,survey_dhs",75,0.155911711809551,0.0697940689876693,3.6233445361282,3.52732861569587,-1.7979242125812,1.03555261372677,0.263157894736842
"Ghana","women_vitA","prev","infill","domain_index",5,75,"open,survey_public,survey_dhs",75,0.0436296900456503,-0.0674819394338389,4.54259772191709,4.3791696797397,-0.461315310197426,1.1976007943954,0.210526315789474
"Ghana","women_vitA","prev","infill","domain_enet",5,75,"open,survey_public,survey_dhs",75,-0.0853833365389597,-0.111872703624847,3.66852915099799,3.579583433767,-1.8823103432153,1.04955572646326,0.157894736842105
"Ghana","women_vitA","prev","infill","raw_enet",5,75,"open,survey_public,survey_dhs",75,-0.198343197545507,-0.189254566855723,3.63182576001167,3.53884379160053,-1.918842967978,1.04755759225952,0.157894736842105
"Ghana","women_vitA","prev","infill","spatial_plus_domain",5,75,"open,survey_public,survey_dhs",75,0.155911711809551,0.0697940689876682,3.6233445361282,3.52732861569587,-1.7979242125812,1.03555261372677,0.263157894736842
"Ghana","women_vitA","prev","infill","domain_index_cal",5,75,"open,survey_public,survey_dhs",75,-0.0738615741409606,-0.0941991520279535,3.63639315000886,3.5438443533299,-1.91153691226481,1.04647716458142,0.263157894736842
"Ghana","women_vitA","prev","infill","region_mean_jk",5,75,"open,survey_public,survey_dhs",75,-0.0137251060767897,-0.0981652889474425,3.7892299831672,3.65388665731461,-1.728528815884,1.05946730403118,0.157894736842105
"Ghana","women_vitA","prev","infill","null_train_mean",6,75,"open,survey_public,survey_dhs",75,-0.238668868946128,-0.258313126736116,4.57333535947795,4.3465970253945,1.47939386435647e-16,1.01178031919888,0.0526315789473684
"Ghana","women_vitA","prev","infill","spatial",6,75,"open,survey_public,survey_dhs",75,0.108187740000086,0.0803465208589306,3.63145676592529,3.52223472741763,-1.83630047217201,1.03656135446081,0.263157894736842
"Ghana","women_vitA","prev","infill","domain_index",6,75,"open,survey_public,survey_dhs",75,0.0701876873796805,0.115326017689858,4.304346118128,4.13442174918236,-0.120310411961274,1.1319110324563,0.421052631578947
"Ghana","women_vitA","prev","infill","domain_enet",6,75,"open,survey_public,survey_dhs",75,-0.12306860601333,-0.10765973717206,3.65326183243482,3.5596612303878,-1.89574047236836,1.04784292202222,0.210526315789474
"Ghana","women_vitA","prev","infill","raw_enet",6,75,"open,survey_public,survey_dhs",75,-0.181509939525471,-0.181328364106032,3.63991031892957,3.5503019658424,-1.91888086796454,1.04940656848573,0.157894736842105
"Ghana","women_vitA","prev","infill","spatial_plus_domain",6,75,"open,survey_public,survey_dhs",75,0.108187740000086,0.0803465208425737,3.63145676593861,3.52223472742665,-1.8363004721454,1.03656135446079,0.263157894736842
"Ghana","women_vitA","prev","infill","domain_index_cal",6,75,"open,survey_public,survey_dhs",75,-0.13931524823123,-0.115524100270431,3.63536652043556,3.54228161191966,-1.91037088483499,1.04736173409284,0.210526315789474
"Ghana","women_vitA","prev","infill","region_mean_jk",6,75,"open,survey_public,survey_dhs",75,-0.0406485346489943,-0.0103305561513254,3.80283386511183,3.64970967209951,-1.63428882166106,1.04344562856136,0.157894736842105
"Ghana","women_vitA","prev","infill","null_train_mean",7,75,"open,survey_public,survey_dhs",75,-0.148573469414295,-0.289702092809185,4.55910963449317,4.35422218453832,-5.58364118830035e-17,1.01648724517205,0.105263157894737
"Ghana","women_vitA","prev","infill","spatial",7,75,"open,survey_public,survey_dhs",75,0.0229389447035154,-0.101172750173735,3.77470361602167,3.64994451188861,-1.72255798741283,1.05648430664536,0.157894736842105
"Ghana","women_vitA","prev","infill","domain_index",7,75,"open,survey_public,survey_dhs",75,0.10670721846942,-0.0265968279371898,4.60394839823476,4.43476130918861,-0.101271958645596,1.30870355368215,0.368421052631579
"Ghana","women_vitA","prev","infill","domain_enet",7,75,"open,survey_public,survey_dhs",75,-0.174200125742794,-0.148239596200916,3.65091420119538,3.57040327762669,-1.91125070880407,1.05021203347925,0.105263157894737
"Ghana","women_vitA","prev","infill","raw_enet",7,75,"open,survey_public,survey_dhs",75,-0.146604896401087,-0.139092706081648,3.67526682352354,3.58618716571027,-1.88148802170905,1.05177755302247,0.157894736842105
"Ghana","women_vitA","prev","infill","spatial_plus_domain",7,75,"open,survey_public,survey_dhs",75,0.0170899707552086,-0.103034033251916,3.77635056975292,3.65174458857659,-1.72310041644151,1.05676290214674,0.157894736842105
"Ghana","women_vitA","prev","infill","domain_index_cal",7,75,"open,survey_public,survey_dhs",75,-0.0692006730259037,-0.165470882362898,3.67824312083695,3.5784519835125,-1.87400820940389,1.05176810007278,0.210526315789474
"Ghana","women_vitA","prev","infill","region_mean_jk",7,75,"open,survey_public,survey_dhs",75,-0.00733122389789583,-0.123955038602161,3.89111954450977,3.71709634440198,-1.62922962512133,1.08793008815213,0.210526315789474
"Ghana","women_vitA","prev","infill","null_train_mean",8,75,"open,survey_public,survey_dhs",75,-0.224678900074725,-0.223666618689262,4.56900281980543,4.35897443765768,5.58364118830035e-17,1.00718991080232,0.157894736842105
"Ghana","women_vitA","prev","infill","spatial",8,75,"open,survey_public,survey_dhs",75,0.069931794769442,0.00936267638274599,3.67298092738054,3.56119559572903,-1.75881714731482,1.03923911307883,0.315789473684211
"Ghana","women_vitA","prev","infill","domain_index",8,75,"open,survey_public,survey_dhs",75,0.147065138712737,0.0699154836859264,4.11186572368129,3.92124603974922,-0.532190710989498,1.1305154052713,0.368421052631579
"Ghana","women_vitA","prev","infill","domain_enet",8,75,"open,survey_public,survey_dhs",75,-0.224678900074725,-0.220153475034478,3.62653245132769,3.53411638207809,-1.92706408715654,1.04752129078525,0.157894736842105
"Ghana","women_vitA","prev","infill","raw_enet",8,75,"open,survey_public,survey_dhs",75,-0.224678900074725,-0.220153475034478,3.62653245132769,3.53411638207809,-1.92706408715654,1.04752129078525,0.157894736842105
"Ghana","women_vitA","prev","infill","spatial_plus_domain",8,75,"open,survey_public,survey_dhs",75,0.069931794769442,0.00936267638755315,3.67298092739825,3.56119559574508,-1.75881714727479,1.03923911307641,0.315789473684211
"Ghana","women_vitA","prev","infill","domain_index_cal",8,75,"open,survey_public,survey_dhs",75,-0.109339256746158,-0.1146757902431,3.62500271455132,3.53066181095826,-1.91696124641649,1.0458369972474,0.263157894736842
"Ghana","women_vitA","prev","infill","region_mean_jk",8,75,"open,survey_public,survey_dhs",75,0.0328230164801187,-0.0227963058937737,3.80240471415619,3.68345193747381,-1.61656790490665,1.04779286335048,0.210526315789474
"Ghana","women_vitA","prev","infill","null_train_mean",9,75,"open,survey_public,survey_dhs",75,-0.179071601553953,-0.26428219698316,4.55598522589898,4.31131832139508,-4.39553630761832e-18,1.01263551481671,0.157894736842105
"Ghana","women_vitA","prev","infill","spatial",9,75,"open,survey_public,survey_dhs",75,0.164776562949953,0.171955319866284,3.6043307447758,3.48995657264029,-1.82329431920005,1.02907908254595,0.315789473684211
"Ghana","women_vitA","prev","infill","domain_index",9,75,"open,survey_public,survey_dhs",75,0.124510032924579,0.14404363314987,4.01873973922446,3.84950070791179,-0.555430807621762,1.06433254809006,0.421052631578947
"Ghana","women_vitA","prev","infill","domain_enet",9,75,"open,survey_public,survey_dhs",75,-0.250093983812447,-0.232648421912667,3.62657252934815,3.52766646499544,-1.92955188925718,1.04791906627911,0.105263157894737
"Ghana","women_vitA","prev","infill","raw_enet",9,75,"open,survey_public,survey_dhs",75,-0.271976975191119,-0.189355258867692,3.64540256486676,3.54346496411041,-1.93848344074286,1.05068627607764,0.105263157894737
"Ghana","women_vitA","prev","infill","spatial_plus_domain",9,75,"open,survey_public,survey_dhs",75,0.164776562949953,0.171955319866282,3.6043307447758,3.48995657264029,-1.82329431920005,1.02907908254595,0.315789473684211
"Ghana","women_vitA","prev","infill","domain_index_cal",9,75,"open,survey_public,survey_dhs",75,-0.12153071181966,-0.124551828688073,3.63101517674025,3.53226106999578,-1.93826382612824,1.04909444087103,0.157894736842105
"Ghana","women_vitA","prev","infill","region_mean_jk",9,75,"open,survey_public,survey_dhs",75,0.0159268054078038,-0.0853475929962451,4.44324685190087,4.2529001924421,-0.879714091578137,1.2302318211691,0.210526315789474
"Ghana","women_vitA","prev","infill","null_train_mean",10,75,"open,survey_public,survey_dhs",75,-0.0626750605438835,-0.121535017123942,4.51590816456078,4.31100816122734,3.22414621042877e-17,0.99742891409946,0.210526315789474
"Ghana","women_vitA","prev","infill","spatial",10,75,"open,survey_public,survey_dhs",75,0.159731822919538,-0.0226897200209777,3.65451078431266,3.55239623900708,-1.83803308367533,1.04662476990627,0.263157894736842
"Ghana","women_vitA","prev","infill","domain_index",10,75,"open,survey_public,survey_dhs",75,0.179801114779666,0.0573900853026987,4.36898318810619,4.29876770869926,-0.157594411151392,1.23260875758574,0.473684210526316
"Ghana","women_vitA","prev","infill","domain_enet",10,75,"open,survey_public,survey_dhs",75,-0.086737807002696,-0.0974587145925168,3.61068317178992,3.5233693268096,-1.93009768447709,1.0449408551517,0.157894736842105
"Ghana","women_vitA","prev","infill","raw_enet",10,75,"open,survey_public,survey_dhs",75,-0.0324127676615734,-0.0566537293973896,3.63783886390455,3.55670817724269,-1.92393573808521,1.04789124209632,0.157894736842105
"Ghana","women_vitA","prev","infill","spatial_plus_domain",10,75,"open,survey_public,survey_dhs",75,0.159731822919538,-0.0226897200209775,3.65451078431266,3.55239623900708,-1.83803308367533,1.04662476990627,0.263157894736842
"Ghana","women_vitA","prev","infill","domain_index_cal",10,75,"open,survey_public,survey_dhs",75,-0.0362636384795016,-0.133288527921996,3.64246199904389,3.56039572713925,-1.93067937529766,1.05072602686427,0.210526315789474
"Ghana","women_vitA","prev","infill","region_mean_jk",10,75,"open,survey_public,survey_dhs",75,0.0234670748893497,-0.0144992989149865,3.71875783646968,3.58857406465747,-1.74010780282126,1.04405919825195,0.210526315789474
"Ghana","women_vitA","prev","region","null_train_mean",1,75,"open,survey_public,survey_dhs",75,-0.3342528732687,-0.367434754930681,4.5616258200487,4.37519414428796,-0.0221113100876521,1.0083939900771,0.105263157894737
"Ghana","women_vitA","prev","region","spatial",1,75,"open,survey_public,survey_dhs",75,0.057411334911348,0.029174745599177,3.64327158807196,3.53518388202021,-1.79814255606414,1.03883685865281,0.315789473684211
"Ghana","women_vitA","prev","region","domain_index",1,75,"open,survey_public,survey_dhs",75,0.0790342604764943,0.00353307475116703,3.79669891219593,3.69992605228375,-1.508165211836,1.09445407168309,0.263157894736842
"Ghana","women_vitA","prev","region","domain_enet",1,75,"open,survey_public,survey_dhs",75,-0.305797507851953,-0.240852238321641,3.62130666771824,3.55057659021984,-2.00129799313809,1.05465340140833,0.157894736842105
"Ghana","women_vitA","prev","region","raw_enet",1,75,"open,survey_public,survey_dhs",75,-0.312363882763758,-0.26122421687639,3.61890861025049,3.53723689542698,-1.94524944938847,1.04820622108607,0.105263157894737
"Ghana","women_vitA","prev","region","spatial_plus_domain",1,75,"open,survey_public,survey_dhs",75,0.057411334911348,0.0291747455991784,3.64327158807196,3.53518388202021,-1.79814255606414,1.03883685865281,0.315789473684211
"Ghana","women_vitA","prev","region","domain_index_cal",1,75,"open,survey_public,survey_dhs",75,-0.23713933751666,-0.218549732681739,3.61131718984151,3.53041690558095,-1.97412006018637,1.05071111253801,0.157894736842105
"Ghana","women_vitA","level","infill","null_train_mean",1,75,"open,survey_public,survey_dhs",75,-0.162878330059694,-0.179323216891031,0.136728008523493,0.133351791969935,4.04895301314712e-18,1.00225430885137,0.157894736842105
"Ghana","women_vitA","level","infill","spatial",1,75,"open,survey_public,survey_dhs",75,0.412318634423898,0.448236637569226,0.1183645505358,0.116690938403697,0.00638131517629557,0.902085329871663,0.526315789473684
"Ghana","women_vitA","level","infill","domain_index",1,75,"open,survey_public,survey_dhs",75,0.443897581792319,0.460059374052648,0.134536051905984,0.13113684600059,-0.00629503445748858,1.00774924140568,0.368421052631579
"Ghana","women_vitA","level","infill","domain_enet",1,75,"open,survey_public,survey_dhs",75,0.315761024182077,0.297653322741748,0.126430313460963,0.125178863305642,0.00176372679197978,0.954113183550944,0.368421052631579
"Ghana","women_vitA","level","infill","raw_enet",1,75,"open,survey_public,survey_dhs",75,0.398662873399715,0.401382598756071,0.120901212039208,0.119226782412281,0.000120143010724095,0.909856433517152,0.421052631578947
"Ghana","women_vitA","level","infill","spatial_plus_domain",1,75,"open,survey_public,survey_dhs",75,0.412318634423898,0.448236637569225,0.1183645505358,0.116690938403698,0.00638131517629493,0.902085329871664,0.526315789473684
"Ghana","women_vitA","level","infill","domain_index_cal",1,75,"open,survey_public,survey_dhs",75,0.416130867709815,0.429105214067535,0.117204383797809,0.113986163823579,-0.00154120212297672,0.898252078829863,0.368421052631579
"Ghana","women_vitA","level","infill","region_mean_jk",1,75,"open,survey_public,survey_dhs",75,0.352205478120265,0.395028256558458,0.124603228848025,0.122563005278589,0.00150376470668102,0.952473761266818,0.368421052631579
"Ghana","women_vitA","level","infill","null_train_mean",2,75,"open,survey_public,survey_dhs",75,-0.277415765369051,-0.239060268325116,0.137186642937752,0.133472789468327,-8.54062191339248e-18,1.00915053994265,0.105263157894737
"Ghana","women_vitA","level","infill","spatial",2,75,"open,survey_public,survey_dhs",75,0.413627311522048,0.489982930714248,0.11536668044885,0.112759533017497,-0.000284823100237345,0.868149654775456,0.526315789473684
"Ghana","women_vitA","level","infill","domain_index",2,75,"open,survey_public,survey_dhs",75,0.400967283072546,0.444236333593724,0.136757386056126,0.133306829354067,0.00238451445409609,1.0121914728856,0.421052631578947
"Ghana","women_vitA","level","infill","domain_enet",2,75,"open,survey_public,survey_dhs",75,0.277496443812233,0.266535819378641,0.12936220202926,0.12593028916496,0.000997272079834247,0.965077875188189,0.315789473684211
"Ghana","women_vitA","level","infill","raw_enet",2,75,"open,survey_public,survey_dhs",75,0.291522048364154,0.310125723729773,0.128691746465789,0.126979367397095,0.00124163966265439,0.952594245535775,0.368421052631579
"Ghana","women_vitA","level","infill","spatial_plus_domain",2,75,"open,survey_public,survey_dhs",75,0.413627311522048,0.489982930714247,0.11536668044885,0.112759533017497,-0.00028482310023735,0.868149654775456,0.526315789473684
"Ghana","women_vitA","level","infill","domain_index_cal",2,75,"open,survey_public,survey_dhs",75,0.362304409672831,0.41212566033016,0.120535449701557,0.116438308813849,-0.00179656025368893,0.90567382313494,0.473684210526316
"Ghana","women_vitA","level","infill","region_mean_jk",2,75,"open,survey_public,survey_dhs",75,0.277145321969587,0.31730070937267,0.132351466763459,0.131427067822228,3.04457900521747e-05,1.01470153731562,0.263157894736842
"Ghana","women_vitA","level","infill","null_train_mean",3,75,"open,survey_public,survey_dhs",75,-0.16549135139755,-0.117636724265743,0.13563117809474,0.132369294206199,1.44113959770394e-17,0.997169483114045,0.157894736842105
"Ghana","women_vitA","level","infill","spatial",3,75,"open,survey_public,survey_dhs",75,0.416614509246088,0.476648039946644,0.117614259510758,0.114333344040401,0.00627058283971977,0.885517488204852,0.526315789473684
"Ghana","women_vitA","level","infill","domain_index",3,75,"open,survey_public,survey_dhs",75,0.474423897581792,0.494177863496902,0.134742770489023,0.131592435621487,0.00160824237330236,0.999902675082773,0.473684210526316
"Ghana","women_vitA","level","infill","domain_enet",3,75,"open,survey_public,survey_dhs",75,0.328620199146515,0.308490829838523,0.133099380916108,0.133160807013656,0.00326305691994206,0.978645008571103,0.315789473684211
"Ghana","women_vitA","level","infill","raw_enet",3,75,"open,survey_public,survey_dhs",75,0.403641536273115,0.40497362725604,0.124061912937485,0.122997829749723,-0.000424295482466715,0.908804613555995,0.421052631578947
"Ghana","women_vitA","level","infill","spatial_plus_domain",3,75,"open,survey_public,survey_dhs",75,0.416614509246088,0.476648039946644,0.117614259510758,0.114333344040401,0.00627058283971943,0.885517488204852,0.526315789473684
"Ghana","women_vitA","level","infill","domain_index_cal",3,75,"open,survey_public,survey_dhs",75,0.434822190611664,0.459541561589614,0.117818999965937,0.114085371589671,0.00189878292611723,0.883225389953107,0.473684210526316
"Ghana","women_vitA","level","infill","region_mean_jk",3,75,"open,survey_public,survey_dhs",75,0.324888494815232,0.370836283287525,0.129021905167522,0.126113911994092,-0.00148209601262928,0.993526916291707,0.421052631578947
"Ghana","women_vitA","level","infill","null_train_mean",4,75,"open,survey_public,survey_dhs",75,-0.179427465199449,-0.19038871603501,0.136517669474748,0.132821273802182,3.3454865035661e-18,1.00338638157942,0.157894736842105
"Ghana","women_vitA","level","infill","spatial",4,75,"open,survey_public,survey_dhs",75,0.459203413940256,0.524506656010841,0.111315219760613,0.106842797734335,-0.000444677858751319,0.848939995217726,0.526315789473684
"Ghana","women_vitA","level","infill","domain_index",4,75,"open,survey_public,survey_dhs",75,0.490924608819346,0.526410110385129,0.127766876992839,0.123913622774168,-0.00241019830417064,0.949801452581785,0.473684210526316
"Ghana","women_vitA","level","infill","domain_enet",4,75,"open,survey_public,survey_dhs",75,0.410782361308677,0.406961689451174,0.12067790797699,0.117073084349496,-0.00209125900383492,0.908973101711173,0.421052631578947
"Ghana","women_vitA","level","infill","raw_enet",4,75,"open,survey_public,survey_dhs",75,0.432631578947368,0.456609783077536,0.117872245649196,0.114301834578579,-0.0054109483041353,0.884498998808215,0.368421052631579
"Ghana","women_vitA","level","infill","spatial_plus_domain",4,75,"open,survey_public,survey_dhs",75,0.46176386913229,0.524868227410081,0.111473470912607,0.106899200614928,-0.000927786091185695,0.848716308521253,0.526315789473684
"Ghana","women_vitA","level","infill","domain_index_cal",4,75,"open,survey_public,survey_dhs",75,0.470128022759602,0.511149614915759,0.11226375857639,0.10791828006058,-0.00133187454598177,0.855280017530706,0.421052631578947
"Ghana","women_vitA","level","infill","region_mean_jk",4,75,"open,survey_public,survey_dhs",75,0.354256398950153,0.425501965811971,0.123634886316929,0.120588648960776,-0.00553217656723647,0.947662024073894,0.421052631578947
"Ghana","women_vitA","level","infill","null_train_mean",5,75,"open,survey_public,survey_dhs",75,-0.116279449534594,-0.115813070612293,0.135151364111238,0.131864329571661,3.3454865035661e-18,0.99705100021606,0.210526315789474
"Ghana","women_vitA","level","infill","spatial",5,75,"open,survey_public,survey_dhs",75,0.46475106685633,0.525728744954518,0.114954890152447,0.11139914491678,0.00813719884320363,0.855584925949014,0.526315789473684
"Ghana","women_vitA","level","infill","domain_index",5,75,"open,survey_public,survey_dhs",75,0.495903271692745,0.540440413931074,0.125604779111324,0.122175837396916,0.0033974438405042,0.935983722642234,0.473684210526316
"Ghana","women_vitA","level","infill","domain_enet",5,75,"open,survey_public,survey_dhs",75,0.303470839260313,0.339465868624137,0.125470527398686,0.122354707109777,0.00503113603429133,0.942855660427731,0.368421052631579
"Ghana","women_vitA","level","infill","raw_enet",5,75,"open,survey_public,survey_dhs",75,0.195590327169275,0.24676542465536,0.136141483048534,0.134063241277384,0.0164824212924811,1.0331648230002,0.368421052631579
"Ghana","women_vitA","level","infill","spatial_plus_domain",5,75,"open,survey_public,survey_dhs",75,0.465120910384068,0.526552794489495,0.11486117471761,0.111307889186488,0.00800278530939753,0.854971899057909,0.526315789473684
"Ghana","women_vitA","level","infill","domain_index_cal",5,75,"open,survey_public,survey_dhs",75,0.47800853485064,0.528259983540283,0.110870741776576,0.106768554584307,0.00103071763961303,0.845568326429762,0.473684210526316
"Ghana","women_vitA","level","infill","region_mean_jk",5,75,"open,survey_public,survey_dhs",75,0.413891268025645,0.487473095552996,0.11486356952127,0.113342327166733,0.00595140852358477,0.896218649788317,0.473684210526316
"Ghana","women_vitA","level","infill","null_train_mean",6,75,"open,survey_public,survey_dhs",75,-0.0879717183744871,-0.0589372682875615,0.135130172530074,0.131581203337902,4.04895301314712e-18,0.994280903744456,0.157894736842105
"Ghana","women_vitA","level","infill","spatial",6,75,"open,survey_public,survey_dhs",75,0.424438122332859,0.487747082434241,0.116528889490881,0.113269107585672,0.00224770315019646,0.877273495554149,0.526315789473684
"Ghana","women_vitA","level","infill","domain_index",6,75,"open,survey_public,survey_dhs",75,0.452347083926031,0.491923468278737,0.128634070161884,0.125041889784166,0.00547046311310042,0.969454524272591,0.473684210526316
"Ghana","women_vitA","level","infill","domain_enet",6,75,"open,survey_public,survey_dhs",75,0.375391180654339,0.389398769882773,0.121588907303721,0.119230158505151,0.000199478267343362,0.917902869878036,0.421052631578947
"Ghana","women_vitA","level","infill","raw_enet",6,75,"open,survey_public,survey_dhs",75,0.326173541963016,0.334456725816378,0.124503380175765,0.121462585683727,0.00302078533254436,0.939188911781149,0.526315789473684
"Ghana","women_vitA","level","infill","spatial_plus_domain",6,75,"open,survey_public,survey_dhs",75,0.424438122332859,0.487747082434241,0.116528889490881,0.113269107585672,0.00224770315019647,0.877273495554149,0.526315789473684
"Ghana","women_vitA","level","infill","domain_index_cal",6,75,"open,survey_public,survey_dhs",75,0.451749644381223,0.486577756171797,0.115177875501621,0.111625038266025,0.0023975296004594,0.868282565642567,0.473684210526316
"Ghana","women_vitA","level","infill","region_mean_jk",6,75,"open,survey_public,survey_dhs",75,0.269459562512903,0.373103152910057,0.126917063693757,0.124559091507315,0.0112733926229755,0.967193364200006,0.421052631578947
"Ghana","women_vitA","level","infill","null_train_mean",7,75,"open,survey_public,survey_dhs",75,-0.132828584674349,-0.0932685477484692,0.13548836338811,0.132022356058838,3.34404090066946e-18,0.995738230598872,0.105263157894737
"Ghana","women_vitA","level","infill","spatial",7,75,"open,survey_public,survey_dhs",75,0.502162162162162,0.509471331671704,0.112272176904501,0.109967029922782,0.00189390133231182,0.860334513334179,0.526315789473684
"Ghana","women_vitA","level","infill","domain_index",7,75,"open,survey_public,survey_dhs",75,0.473143669985775,0.509965696619282,0.1268121422242,0.123380850885244,-0.00116561554515725,0.969287368784008,0.473684210526316
"Ghana","women_vitA","level","infill","domain_enet",7,75,"open,survey_public,survey_dhs",75,0.409075391180654,0.388993450393344,0.122456655115751,0.12090791044241,0.00169251362221319,0.920350131548521,0.473684210526316
"Ghana","women_vitA","level","infill","raw_enet",7,75,"open,survey_public,survey_dhs",75,0.465803698435277,0.426828549601208,0.119346790374163,0.116771019626473,0.00171103247037788,0.900912549291022,0.473684210526316
"Ghana","women_vitA","level","infill","spatial_plus_domain",7,75,"open,survey_public,survey_dhs",75,0.504238975817923,0.509858435205599,0.112402691946733,0.109948909945423,0.00215130626553334,0.860592439245949,0.526315789473684
"Ghana","women_vitA","level","infill","domain_index_cal",7,75,"open,survey_public,survey_dhs",75,0.466116642958748,0.497645407562865,0.11307767739665,0.10892769915214,0.000760190551815566,0.862008880130726,0.526315789473684
"Ghana","women_vitA","level","infill","region_mean_jk",7,75,"open,survey_public,survey_dhs",75,0.414514955785525,0.465239799001399,0.115581499891339,0.114871176658319,-0.00762788306066273,0.906980055326724,0.315789473684211
"Ghana","women_vitA","level","infill","null_train_mean",8,75,"open,survey_public,survey_dhs",75,-0.272625226249648,-0.260193742886458,0.138479602092456,0.134577913359637,4.04895301314712e-18,1.01204772698542,0.105263157894737
"Ghana","women_vitA","level","infill","spatial",8,75,"open,survey_public,survey_dhs",75,0.423812233285917,0.454271618571826,0.120271119330074,0.117478214508957,0.00451709582784725,0.899734037072805,0.526315789473684
"Ghana","women_vitA","level","infill","domain_index",8,75,"open,survey_public,survey_dhs",75,0.47823613086771,0.513520148494221,0.127877715604007,0.123511808522001,-0.0027198655350831,0.960072460574991,0.421052631578947
"Ghana","women_vitA","level","infill","domain_enet",8,75,"open,survey_public,survey_dhs",75,0.261963015647226,0.238804098230352,0.128557425120976,0.124523672286441,4.60809816879813e-05,0.993335616761416,0.315789473684211
"Ghana","women_vitA","level","infill","raw_enet",8,75,"open,survey_public,survey_dhs",75,0.348165007112376,0.366840018172394,0.122928194916813,0.119217076806361,-0.00272716955247394,0.928997319102005,0.368421052631579
"Ghana","women_vitA","level","infill","spatial_plus_domain",8,75,"open,survey_public,survey_dhs",75,0.396813655761024,0.429759728900492,0.122490184298286,0.118656305858657,0.00585292418357191,0.918768567776246,0.526315789473684
"Ghana","women_vitA","level","infill","domain_index_cal",8,75,"open,survey_public,survey_dhs",75,0.443954480796586,0.471896474688921,0.114506456280972,0.110936719013069,-0.00115200379426567,0.875891108811129,0.421052631578947
"Ghana","women_vitA","level","infill","region_mean_jk",8,75,"open,survey_public,survey_dhs",75,0.338982343937999,0.37223713889357,0.124981175128112,0.122191866471111,0.0102171957801184,0.955441039482255,0.421052631578947
"Ghana","women_vitA","level","infill","null_train_mean",9,75,"open,survey_public,survey_dhs",75,-0.326627667232007,-0.354326099148391,0.139835938720155,0.135620626159127,-1.88783992778607e-17,1.02778657467642,0.105263157894737
"Ghana","women_vitA","level","infill","spatial",9,75,"open,survey_public,survey_dhs",75,0.394196301564723,0.445865918707175,0.117981699906218,0.113657176052678,0.00621319183195376,0.905996143487108,0.526315789473684
"Ghana","women_vitA","level","infill","domain_index",9,75,"open,survey_public,survey_dhs",75,0.44850640113798,0.466493526748347,0.134191150163078,0.130251974630213,-0.000503789642781703,1.00589459825352,0.421052631578947
"Ghana","women_vitA","level","infill","domain_enet",9,75,"open,survey_public,survey_dhs",75,0.232944523470839,0.214299458181473,0.132155975567995,0.129357046024212,0.00630136615560401,1.00547654449549,0.263157894736842
"Ghana","women_vitA","level","infill","raw_enet",9,75,"open,survey_public,survey_dhs",75,0.257581792318634,0.209568894903569,0.131833424548983,0.129764845927851,0.00336448556663564,0.978118734091751,0.263157894736842
"Ghana","women_vitA","level","infill","spatial_plus_domain",9,75,"open,survey_public,survey_dhs",75,0.394196301564723,0.445865918707175,0.117981699906218,0.113657176052678,0.00621319183195419,0.905996143487108,0.526315789473684
"Ghana","women_vitA","level","infill","domain_index_cal",9,75,"open,survey_public,survey_dhs",75,0.39601706970128,0.40030539807784,0.11970447173791,0.115607376723127,-0.000445172227430942,0.913427596511168,0.368421052631579
"Ghana","women_vitA","level","infill","region_mean_jk",9,75,"open,survey_public,survey_dhs",75,0.204411254485653,0.26892554439418,0.142348533501624,0.140813035524697,0.0231005044368634,1.05165399991072,0.421052631578947
"Ghana","women_vitA","level","infill","null_train_mean",10,75,"open,survey_public,survey_dhs",75,-0.14589369136363,-0.197849844751696,0.136111890212129,0.132729219536015,-8.53628510470254e-18,1.00418718277996,0.105263157894737
"Ghana","women_vitA","level","infill","spatial",10,75,"open,survey_public,survey_dhs",75,0.456927453769559,0.46789689034317,0.117786435598637,0.114201255735886,-0.00511467251210858,0.887619913171772,0.526315789473684
"Ghana","women_vitA","level","infill","domain_index",10,75,"open,survey_public,survey_dhs",75,0.511123755334282,0.530387473231058,0.126694505538508,0.124176409743652,-0.00304999716387372,0.945306546164121,0.421052631578947
"Ghana","women_vitA","level","infill","domain_enet",10,75,"open,survey_public,survey_dhs",75,0.352432432432432,0.308165013317148,0.12514858699496,0.122357578451591,-0.00433462035570575,0.952950763989515,0.421052631578947
"Ghana","women_vitA","level","infill","raw_enet",10,75,"open,survey_public,survey_dhs",75,0.437439544807966,0.354434797671931,0.122619573266263,0.120320605465914,-0.0049791318285966,0.930936317511114,0.421052631578947
"Ghana","women_vitA","level","infill","spatial_plus_domain",10,75,"open,survey_public,survey_dhs",75,0.454509246088193,0.467704687040126,0.117801946506125,0.11428461612215,-0.0054109492842674,0.887977228753586,0.526315789473684
"Ghana","women_vitA","level","infill","domain_index_cal",10,75,"open,survey_public,survey_dhs",75,0.486543385490754,0.494356204944042,0.112733169005119,0.109533798239782,-0.00358366142837332,0.864212190357171,0.473684210526316
"Ghana","women_vitA","level","infill","region_mean_jk",10,75,"open,survey_public,survey_dhs",75,0.36704522494731,0.380957378180756,0.125285105573286,0.122562467061918,0.00124999610260364,0.956972304858414,0.473684210526316
"Ghana","women_vitA","level","region","null_train_mean",1,75,"open,survey_public,survey_dhs",75,-0.551141540279032,-0.567124766263683,0.138633091126767,0.134990633660328,-7.47523201163909e-05,1.02774993915195,0.0526315789473684
"Ghana","women_vitA","level","region","spatial",1,75,"open,survey_public,survey_dhs",75,0.506600284495021,0.478415053862425,0.116202584986493,0.112390850615161,-0.00529412822073339,0.883688870824103,0.526315789473684
"Ghana","women_vitA","level","region","domain_index",1,75,"open,survey_public,survey_dhs",75,0.458207681365576,0.498788231675522,0.124839314574052,0.121890853576367,-0.0193891428850416,0.935552356428146,0.473684210526316
"Ghana","women_vitA","level","region","domain_enet",1,75,"open,survey_public,survey_dhs",75,0.281507823613087,0.257668755489128,0.129407786223358,0.124061395312896,0.000216122752170689,0.965492975667454,0.315789473684211
"Ghana","women_vitA","level","region","raw_enet",1,75,"open,survey_public,survey_dhs",75,0.373741109530583,0.27986409325395,0.124595767482713,0.121782692082439,-0.0121920910988512,0.957776528460756,0.473684210526316
"Ghana","women_vitA","level","region","spatial_plus_domain",1,75,"open,survey_public,survey_dhs",75,0.504466571834993,0.481450557900788,0.115628146250199,0.111759324809642,-0.00622867072540615,0.881279638761089,0.526315789473684
"Ghana","women_vitA","level","region","domain_index_cal",1,75,"open,survey_public,survey_dhs",75,0.424466571834993,0.454231727145373,0.116750864235482,0.11301231822412,-0.0108120979269994,0.889642195072463,0.473684210526316
"Ghana","child_iron","prev","infill","null_train_mean",1,75,"open,survey_public,survey_dhs",75,-0.157146926834408,-0.180521783670738,14.7212072635126,14.5009865319331,1.1458209959551e-15,1.00237371780558,0.105263157894737
"Ghana","child_iron","prev","infill","spatial",1,75,"open,survey_public,survey_dhs",75,0.522951382303694,0.540301023297509,13.3149640494153,13.070071749132,-3.87548063047885,0.887777539622654,0.578947368421053
"Ghana","child_iron","prev","infill","domain_index",1,75,"open,survey_public,survey_dhs",75,0.544824905051647,0.610048610518609,15.9048909399614,15.5447554842883,2.03609904215184,1.11855112476317,0.631578947368421
"Ghana","child_iron","prev","infill","domain_enet",1,75,"open,survey_public,survey_dhs",75,0.532631701117736,0.57600225040357,12.8034202604893,12.8137081581544,-5.48590733736256,0.868215075021594,0.526315789473684
"Ghana","child_iron","prev","infill","raw_enet",1,75,"open,survey_public,survey_dhs",75,0.533731088357679,0.606406828433919,12.3203162322865,12.377899405735,-5.70493262679453,0.847761946442207,0.578947368421053
"Ghana","child_iron","prev","infill","spatial_plus_domain",1,75,"open,survey_public,survey_dhs",75,0.512043176442444,0.550205860468668,13.1322738415283,12.9036688614188,-4.01878743307728,0.878042122376085,0.578947368421053
"Ghana","child_iron","prev","infill","domain_index_cal",1,75,"open,survey_public,survey_dhs",75,0.529276428372456,0.602734535232444,12.3581594075657,12.4164608803823,-5.13897603212064,0.845728524240791,0.578947368421053
"Ghana","child_iron","prev","infill","region_mean_jk",1,75,"open,survey_public,survey_dhs",75,0.507861608356273,0.5970715033203,13.7925914714534,14.4385776349423,-1.35415471295661,0.881392791398628,0.631578947368421
"Ghana","child_iron","prev","infill","null_train_mean",2,75,"open,survey_public,survey_dhs",75,-0.214629043325993,-0.20427373595535,14.675606210843,14.2988583890623,-1.76002152666814e-17,1.00490077770062,0.157894736842105
"Ghana","child_iron","prev","infill","spatial",2,75,"open,survey_public,survey_dhs",75,0.429603411203098,0.440693190382685,14.3154422084416,13.9843863589587,-3.7726401555162,0.977964514982119,0.578947368421053
"Ghana","child_iron","prev","infill","domain_index",2,75,"open,survey_public,survey_dhs",75,0.457287980790748,0.566134424570541,16.5084282589487,16.1136741354764,2.25901747889214,1.19001383769426,0.578947368421053
"Ghana","child_iron","prev","infill","domain_enet",2,75,"open,survey_public,survey_dhs",75,0.471936958819076,0.532374502247845,12.8724229604708,12.730556957377,-4.48082929933051,0.892576719522945,0.473684210526316
"Ghana","child_iron","prev","infill","raw_enet",2,75,"open,survey_public,survey_dhs",75,0.451848155616485,0.521483598596499,13.289953043298,12.7673324751572,-5.96262097367433,0.90852884826031,0.578947368421053
"Ghana","child_iron","prev","infill","spatial_plus_domain",2,75,"open,survey_public,survey_dhs",75,0.437484732715415,0.414295934144449,14.5962203092734,14.2652685723101,-4.02003655768847,1.00561270391843,0.578947368421053
"Ghana","child_iron","prev","infill","domain_index_cal",2,75,"open,survey_public,survey_dhs",75,0.400833732131868,0.518327751475898,13.1683719934562,13.222654413483,-4.57463817524778,0.907681181907472,0.578947368421053
"Ghana","child_iron","prev","infill","region_mean_jk",2,75,"open,survey_public,survey_dhs",75,0.492256889928831,0.651431365525929,12.8460082061065,13.2630249482035,-2.78184448937805,0.814323291909539,0.631578947368421
"Ghana","child_iron","prev","infill","null_train_mean",3,75,"open,survey_public,survey_dhs",75,-0.184467324406454,-0.223150408422635,14.6827513061103,14.4389810884297,4.82578386973298e-16,1.0071263599068,0.105263157894737
"Ghana","child_iron","prev","infill","spatial",3,75,"open,survey_public,survey_dhs",75,0.515155727329555,0.531632526375305,12.943547584086,13.0325452298738,-5.09588757688318,0.905312001239688,0.578947368421053
"Ghana","child_iron","prev","infill","domain_index",3,75,"open,survey_public,survey_dhs",75,0.532274757208664,0.604381970880482,15.5390562903685,15.1918367379327,1.65927471346471,1.10512161799796,0.578947368421053
"Ghana","child_iron","prev","infill","domain_enet",3,75,"open,survey_public,survey_dhs",75,0.43178790792662,0.407239305163786,14.0966401398143,14.1407540686342,-4.49752940597329,0.995454845018832,0.368421052631579
"Ghana","child_iron","prev","infill","raw_enet",3,75,"open,survey_public,survey_dhs",75,0.472593735611769,0.516906669893084,13.1683190559083,13.0449280556184,-6.17778053729148,0.921924197460399,0.578947368421053
"Ghana","child_iron","prev","infill","spatial_plus_domain",3,75,"open,survey_public,survey_dhs",75,0.517625779180335,0.532038410368777,12.9549468973105,13.0445815431651,-5.1095896119561,0.905264979470541,0.578947368421053
"Ghana","child_iron","prev","infill","domain_index_cal",3,75,"open,survey_public,survey_dhs",75,0.508316682031729,0.595622912649341,12.395358150735,12.5009285355027,-5.55439881638508,0.854584673772448,0.578947368421053
"Ghana","child_iron","prev","infill","region_mean_jk",3,75,"open,survey_public,survey_dhs",75,0.495604105327939,0.649612311805095,12.3684590015382,13.024157081451,-2.88944205041876,0.801977348722307,0.578947368421053
"Ghana","child_iron","prev","infill","null_train_mean",4,75,"open,survey_public,survey_dhs",75,-0.111248658913371,-0.18345208464775,14.6386839831101,14.4139835509324,4.82578386973298e-16,1.00266894190074,0.157894736842105
"Ghana","child_iron","prev","infill","spatial",4,75,"open,survey_public,survey_dhs",75,0.463655860128598,0.445030376363251,14.1716251183224,14.3875390837614,-3.56194595372575,0.972280319979811,0.578947368421053
"Ghana","child_iron","prev","infill","domain_index",4,75,"open,survey_public,survey_dhs",75,0.517111779951271,0.586863630422691,15.4542273786247,15.0163772550836,1.20525710184801,1.11343131895998,0.578947368421053
"Ghana","child_iron","prev","infill","domain_enet",4,75,"open,survey_public,survey_dhs",75,0.481089000647691,0.451439683324491,13.6505024970262,14.1451194156348,-4.29068427506262,0.957491002652073,0.473684210526316
"Ghana","child_iron","prev","infill","raw_enet",4,75,"open,survey_public,survey_dhs",75,0.538000137510184,0.508510691120101,12.9385760768978,13.0721941163423,-5.52930603993873,0.920560594466069,0.578947368421053
"Ghana","child_iron","prev","infill","spatial_plus_domain",4,75,"open,survey_public,survey_dhs",75,0.448607104922109,0.435631878135542,14.3030581230666,14.5278415066477,-3.46788042005434,0.980888475431664,0.578947368421053
"Ghana","child_iron","prev","infill","domain_index_cal",4,75,"open,survey_public,survey_dhs",75,0.508216737737188,0.577991009374854,12.5483139999425,12.7211376581562,-5.54193375293768,0.869247008820179,0.578947368421053
"Ghana","child_iron","prev","infill","region_mean_jk",4,75,"open,survey_public,survey_dhs",75,0.511659119614568,0.630729594995317,12.5884091674582,13.2679945247821,-3.10313849220206,0.821769430105707,0.578947368421053
"Ghana","child_iron","prev","infill","null_train_mean",5,75,"open,survey_public,survey_dhs",75,-0.122176817942189,-0.0883766445797149,14.6291270251435,14.3404044749139,7.03177389001682e-16,0.995490560498765,0.157894736842105
"Ghana","child_iron","prev","infill","spatial",5,75,"open,survey_public,survey_dhs",75,0.558188885007315,0.562941690171966,12.780508891845,12.7768911906217,-5.26525560781021,0.874875684030821,0.631578947368421
"Ghana","child_iron","prev","infill","domain_index",5,75,"open,survey_public,survey_dhs",75,0.53206059086322,0.588697369992601,15.5597289545238,15.2908685157865,1.31152219041017,1.10906736263939,0.631578947368421
"Ghana","child_iron","prev","infill","domain_enet",5,75,"open,survey_public,survey_dhs",75,0.519538998532963,0.509233370177192,13.2540629620384,13.3185433955072,-5.42293584460663,0.914441310384461,0.421052631578947
"Ghana","child_iron","prev","infill","raw_enet",5,75,"open,survey_public,survey_dhs",75,0.559388216541798,0.591853466585017,12.7573557993497,13.029119161078,-6.42196186891034,0.872346516841179,0.631578947368421
"Ghana","child_iron","prev","infill","spatial_plus_domain",5,75,"open,survey_public,survey_dhs",75,0.558188885007315,0.562941690171966,12.780508891845,12.7768911906217,-5.26525560781024,0.874875684030821,0.631578947368421
"Ghana","child_iron","prev","infill","domain_index_cal",5,75,"open,survey_public,survey_dhs",75,0.497337087388664,0.568886322956271,12.6178058599249,12.6722573255056,-5.34797372794475,0.873308925144211,0.578947368421053
"Ghana","child_iron","prev","infill","region_mean_jk",5,75,"open,survey_public,survey_dhs",75,0.515111647446692,0.662367414666834,12.0035983263883,12.7146107304305,-3.32103569270456,0.789186881112854,0.631578947368421
"Ghana","child_iron","prev","infill","null_train_mean",6,75,"open,survey_public,survey_dhs",75,-0.275389607526223,-0.270835429434828,14.7400244054469,14.4323262477802,1.12648605721244e-16,1.01359603996182,0.157894736842105
"Ghana","child_iron","prev","infill","spatial",6,75,"open,survey_public,survey_dhs",75,0.46252791737593,0.484336540363226,13.8133898202486,13.7909276640597,-3.9940403403241,0.935526119684325,0.473684210526316
"Ghana","child_iron","prev","infill","domain_index",6,75,"open,survey_public,survey_dhs",75,0.502134413526596,0.581317024519865,15.9338269285122,15.5300646856059,1.85612719353414,1.13649058347075,0.578947368421053
"Ghana","child_iron","prev","infill","domain_enet",6,75,"open,survey_public,survey_dhs",75,0.493553481952497,0.464158343138027,13.3680168293703,13.4552806913695,-5.45786003559422,0.947313884029037,0.473684210526316
"Ghana","child_iron","prev","infill","raw_enet",6,75,"open,survey_public,survey_dhs",75,0.521337995834687,0.498631406727785,13.2140229226712,13.4834517300477,-6.58101402966895,0.931378687460675,0.526315789473684
"Ghana","child_iron","prev","infill","spatial_plus_domain",6,75,"open,survey_public,survey_dhs",75,0.463498804808606,0.437788851191847,14.1464727990975,14.2617454291715,-3.81286469449909,0.978197511149125,0.526315789473684
"Ghana","child_iron","prev","infill","domain_index_cal",6,75,"open,survey_public,survey_dhs",75,0.459986476743335,0.557414754291426,12.7013825274321,12.8187563212776,-5.05944464086866,0.879455498126274,0.526315789473684
"Ghana","child_iron","prev","infill","region_mean_jk",6,75,"open,survey_public,survey_dhs",75,0.474014616713781,0.598558133059419,12.9206906343393,13.1148108862509,-1.50849298844035,0.832697010412561,0.631578947368421
"Ghana","child_iron","prev","infill","null_train_mean",7,75,"open,survey_public,survey_dhs",75,-0.283476445207548,-0.293199468297453,14.974352853287,14.6856649034832,-7.95840534676777e-16,1.01704363565344,0.105263157894737
"Ghana","child_iron","prev","infill","spatial",7,75,"open,survey_public,survey_dhs",75,0.550279007982272,0.577782539414959,12.4336690471755,12.3266258261615,-4.44456236091363,0.857178806352203,0.631578947368421
"Ghana","child_iron","prev","infill","domain_index",7,75,"open,survey_public,survey_dhs",75,0.547780400618766,0.598972894339048,15.7874467003528,15.5768592258469,1.65359214388556,1.12037023519455,0.631578947368421
"Ghana","child_iron","prev","infill","domain_enet",7,75,"open,survey_public,survey_dhs",75,0.575807636359125,0.531430970621012,12.693897095274,12.8810660570772,-5.20158737387884,0.898641538469989,0.473684210526316
"Ghana","child_iron","prev","infill","raw_enet",7,75,"open,survey_public,survey_dhs",75,0.560244881923572,0.558560283891738,12.9725789367797,13.0149858272345,-6.85228224009326,0.904986531252292,0.631578947368421
"Ghana","child_iron","prev","infill","spatial_plus_domain",7,75,"open,survey_public,survey_dhs",75,0.555775944181986,0.577990140616617,12.3124350844334,12.1124936224731,-4.46986311975298,0.85895175489919,0.684210526315789
"Ghana","child_iron","prev","infill","domain_index_cal",7,75,"open,survey_public,survey_dhs",75,0.512742786504225,0.590059780762044,12.4725040943317,12.5602125930211,-5.34625161830895,0.85672487753346,0.631578947368421
"Ghana","child_iron","prev","infill","region_mean_jk",7,75,"open,survey_public,survey_dhs",75,0.483469020543515,0.625156785431786,13.2019897916506,13.8464008851245,-3.22223518140932,0.85060888870759,0.578947368421053
"Ghana","child_iron","prev","infill","null_train_mean",8,75,"open,survey_public,survey_dhs",75,-0.0756228604794231,-0.0860441468562005,14.5698080731692,14.2600366754642,4.26199874004052e-16,0.995377145612267,0.210526315789474
"Ghana","child_iron","prev","infill","spatial",8,75,"open,survey_public,survey_dhs",75,0.526292377292611,0.519389065306883,13.6306996061382,13.4544457839067,-4.90312204666089,0.916948509865972,0.526315789473684
"Ghana","child_iron","prev","infill","domain_index",8,75,"open,survey_public,survey_dhs",75,0.535501530146677,0.600711160602588,16.06922489125,15.7715041019401,2.02593648226511,1.1430308428113,0.631578947368421
"Ghana","child_iron","prev","infill","domain_enet",8,75,"open,survey_public,survey_dhs",75,0.499036140395848,0.539542980025392,12.9789178846555,13.0541144109255,-4.71381690887318,0.892489157022127,0.578947368421053
"Ghana","child_iron","prev","infill","raw_enet",8,75,"open,survey_public,survey_dhs",75,0.547023679531532,0.626261017324639,12.5724409241551,12.5172545476473,-6.14891003679667,0.842591133048408,0.684210526315789
"Ghana","child_iron","prev","infill","spatial_plus_domain",8,75,"open,survey_public,survey_dhs",75,0.512200231762436,0.512597676908839,13.6206470856213,13.3829168084904,-4.7295463828037,0.921537703776017,0.526315789473684
"Ghana","child_iron","prev","infill","domain_index_cal",8,75,"open,survey_public,survey_dhs",75,0.514027784576886,0.595320204732283,12.4353187688119,12.4503213837672,-5.15437295818153,0.853499207457712,0.631578947368421
"Ghana","child_iron","prev","infill","region_mean_jk",8,75,"open,survey_public,survey_dhs",75,0.458423768520483,0.620812526730204,12.7742819661695,13.2854850856597,-2.87407790130413,0.833760345430655,0.578947368421053
"Ghana","child_iron","prev","infill","null_train_mean",9,75,"open,survey_public,survey_dhs",75,-0.0594491851167719,-0.114109357053662,14.5592947294449,14.2800140659136,-4.05636172799243e-16,0.996941969898681,0.210526315789474
"Ghana","child_iron","prev","infill","spatial",9,75,"open,survey_public,survey_dhs",75,0.535430141364863,0.508467870631389,13.6496569973094,13.7913027655365,-4.03118984349498,0.924694671155904,0.578947368421053
"Ghana","child_iron","prev","infill","domain_index",9,75,"open,survey_public,survey_dhs",75,0.539670635004642,0.591562406991477,15.8178068850146,15.4235215475894,1.75164949435979,1.12845785789713,0.526315789473684
"Ghana","child_iron","prev","infill","domain_enet",9,75,"open,survey_public,survey_dhs",75,0.518939332765721,0.5435134673919,12.6230197676407,12.3605624080803,-4.25381719907369,0.888123257812122,0.473684210526316
"Ghana","child_iron","prev","infill","raw_enet",9,75,"open,survey_public,survey_dhs",75,0.540084689939166,0.604102881466364,12.2486163901152,12.0740907113754,-5.31939367364386,0.844811471946039,0.578947368421053
"Ghana","child_iron","prev","infill","spatial_plus_domain",9,75,"open,survey_public,survey_dhs",75,0.535572918928492,0.5074964108106,13.6613742480646,13.8241402706815,-4.08151874536487,0.925644557535656,0.578947368421053
"Ghana","child_iron","prev","infill","domain_index_cal",9,75,"open,survey_public,survey_dhs",75,0.532374701503204,0.581315684585642,12.3732748868885,12.3464635233829,-5.23944222811913,0.864511295639464,0.578947368421053
"Ghana","child_iron","prev","infill","region_mean_jk",9,75,"open,survey_public,survey_dhs",75,0.556694931503255,0.688415266872399,11.5560404102107,11.826071102134,-2.51344497388185,0.748279939832606,0.684210526315789
"Ghana","child_iron","prev","infill","null_train_mean",10,75,"open,survey_public,survey_dhs",75,-0.294841730597519,-0.293470030812484,14.9636212268365,14.7201248725297,-1.28947778380943e-16,1.01708694436778,0.105263157894737
"Ghana","child_iron","prev","infill","spatial",10,75,"open,survey_public,survey_dhs",75,0.528576818310674,0.564260878156515,12.6666929305216,12.6279720238084,-5.01179671814182,0.87556400686039,0.631578947368421
"Ghana","child_iron","prev","infill","domain_index",10,75,"open,survey_public,survey_dhs",75,0.545710125946146,0.613545857076934,15.8604739035871,15.5540801818828,1.98122093215103,1.11744585765672,0.631578947368421
"Ghana","child_iron","prev","infill","domain_enet",10,75,"open,survey_public,survey_dhs",75,0.475149454000727,0.467869354677539,13.259921675544,13.2465572740432,-5.62794854988391,0.960476538277546,0.578947368421053
"Ghana","child_iron","prev","infill","raw_enet",10,75,"open,survey_public,survey_dhs",75,0.545167571204356,0.616769206684739,12.1787744888956,12.2838301764699,-4.65109388652738,0.827922644054747,0.631578947368421
"Ghana","child_iron","prev","infill","spatial_plus_domain",10,75,"open,survey_public,survey_dhs",75,0.528576818310674,0.564260878157794,12.6666929305254,12.6279720238133,-5.01179671820969,0.875564006860017,0.631578947368421
"Ghana","child_iron","prev","infill","domain_index_cal",10,75,"open,survey_public,survey_dhs",75,0.51010140157709,0.590056494588676,12.4607432936029,12.5593067100973,-5.34414641050813,0.856449884872918,0.578947368421053
"Ghana","child_iron","prev","infill","region_mean_jk",10,75,"open,survey_public,survey_dhs",75,0.480709391737722,0.644188289783265,12.6308155764674,13.3842361020327,-3.54583042476032,0.819383543362301,0.578947368421053
"Ghana","child_iron","prev","region","null_train_mean",1,75,"open,survey_public,survey_dhs",75,-0.65144801882793,-0.732653478893389,15.4449082237968,15.1522789102584,-0.0420363506235266,1.05259501894724,0.0526315789473684
"Ghana","child_iron","prev","region","spatial",1,75,"open,survey_public,survey_dhs",75,0.49258259451982,0.449160634844853,13.6537545859211,13.5428314790431,-4.79419991435256,0.961432137939329,0.473684210526316
"Ghana","child_iron","prev","region","domain_index",1,75,"open,survey_public,survey_dhs",75,0.466440022619362,0.533646454877091,15.4385596785888,14.9414902662389,0.781113631724559,1.13902802111077,0.526315789473684
"Ghana","child_iron","prev","region","domain_enet",1,75,"open,survey_public,survey_dhs",75,0.415811098556543,0.351908389158475,14.7708502077028,14.4568234574786,-6.89300466473944,1.02941953559153,0.368421052631579
"Ghana","child_iron","prev","region","raw_enet",1,75,"open,survey_public,survey_dhs",75,0.371121721140686,0.236576103580123,15.9167543288391,15.9792863861213,-6.68709568004223,1.13314798153078,0.473684210526316
"Ghana","child_iron","prev","region","spatial_plus_domain",1,75,"open,survey_public,survey_dhs",75,0.453261653496412,0.330067905838061,14.9209228443925,15.1042432114171,-4.7248843938826,1.06204579664027,0.473684210526316
"Ghana","child_iron","prev","region","domain_index_cal",1,75,"open,survey_public,survey_dhs",75,0.410571161971361,0.449441894344078,13.7294121836368,13.919375734726,-6.23335886662646,0.962130699637469,0.473684210526316
"Ghana","child_iron","level","infill","null_train_mean",1,75,"open,survey_public,survey_dhs",75,-0.144587180694702,-0.119851863004195,0.344824177226292,0.337635482776336,-7.10239159151804e-17,0.997315871225391,0.210526315789474
"Ghana","child_iron","level","infill","spatial",1,75,"open,survey_public,survey_dhs",75,0.510355618776671,0.554845457916689,0.303404823710755,0.285780093846115,-0.00218555043137478,0.850612511028286,0.631578947368421
"Ghana","child_iron","level","infill","domain_index",1,75,"open,survey_public,survey_dhs",75,0.527709815078236,0.594574187393018,0.325877280022843,0.308162303646423,-0.00218705880166238,0.892453872169256,0.631578947368421
"Ghana","child_iron","level","infill","domain_enet",1,75,"open,survey_public,survey_dhs",75,0.535618776671408,0.540846933973078,0.30190087256928,0.289735008192758,-0.0170986200241437,0.841098799102885,0.631578947368421
"Ghana","child_iron","level","infill","raw_enet",1,75,"open,survey_public,survey_dhs",75,0.550953058321479,0.568264995674999,0.281711842294884,0.260215382865296,-0.0195820328700117,0.824610170910195,0.578947368421053
"Ghana","child_iron","level","infill","spatial_plus_domain",1,75,"open,survey_public,survey_dhs",75,0.506059743954481,0.553210631136296,0.303583896842092,0.285722601270948,-0.00226359119056256,0.852176994637219,0.631578947368421
"Ghana","child_iron","level","infill","domain_index_cal",1,75,"open,survey_public,survey_dhs",75,0.50927453769559,0.590457774250038,0.290163772778872,0.270990951119201,-0.0010142865211719,0.801679438491794,0.631578947368421
"Ghana","child_iron","level","infill","region_mean_jk",1,75,"open,survey_public,survey_dhs",75,0.389840653235528,0.522527476945139,0.317078302617197,0.316306723999142,0.0337698285111856,0.891483815825617,0.631578947368421
"Ghana","child_iron","level","infill","null_train_mean",2,75,"open,survey_public,survey_dhs",75,-0.177685450974212,-0.210962267324005,0.345744445678137,0.336804843504791,-7.10239159151804e-17,1.005667432647,0.210526315789474
"Ghana","child_iron","level","infill","spatial",2,75,"open,survey_public,survey_dhs",75,0.406657183499289,0.504802722003145,0.320891078472258,0.297133301452409,0.0288355671940172,0.88714480617323,0.631578947368421
"Ghana","child_iron","level","infill","domain_index",2,75,"open,survey_public,survey_dhs",75,0.465775248933144,0.561811489265755,0.328594472425144,0.307744053873552,0.00737919454911725,0.921185249485367,0.684210526315789
"Ghana","child_iron","level","infill","domain_enet",2,75,"open,survey_public,survey_dhs",75,0.457354196301565,0.488458043315548,0.312875312206156,0.290387640025015,0.00493858863409365,0.879756570187074,0.526315789473684
"Ghana","child_iron","level","infill","raw_enet",2,75,"open,survey_public,survey_dhs",75,0.489871977240398,0.48984376227675,0.305492273364588,0.28127898955038,-0.00435744786427763,0.881431240037545,0.631578947368421
"Ghana","child_iron","level","infill","spatial_plus_domain",2,75,"open,survey_public,survey_dhs",75,0.406657183499289,0.504802722003139,0.320891078472259,0.29713330145241,0.0288355671940117,0.887144806173234,0.631578947368421
"Ghana","child_iron","level","infill","domain_index_cal",2,75,"open,survey_public,survey_dhs",75,0.416130867709815,0.525302472403466,0.29906136713719,0.276680307967062,0.00724020651423823,0.847113782901327,0.631578947368421
"Ghana","child_iron","level","infill","region_mean_jk",2,75,"open,survey_public,survey_dhs",75,0.402191583543234,0.558185325493224,0.30096818499951,0.292444704272345,0.0117692063202601,0.850350586646272,0.578947368421053
"Ghana","child_iron","level","infill","null_train_mean",3,75,"open,survey_public,survey_dhs",75,-0.177249947417902,-0.226044698999024,0.347888821368189,0.341070925746502,1.7749112365036e-17,1.00748452145254,0.157894736842105
"Ghana","child_iron","level","infill","spatial",3,75,"open,survey_public,survey_dhs",75,0.524864864864865,0.549928324871641,0.300386288907789,0.281419178620804,-0.0194357489087422,0.853157883103326,0.684210526315789
"Ghana","child_iron","level","infill","domain_index",3,75,"open,survey_public,survey_dhs",75,0.500369843527738,0.580609083059527,0.319105336328375,0.297117587492478,-0.00524116195000411,0.895968816957742,0.684210526315789
"Ghana","child_iron","level","infill","domain_enet",3,75,"open,survey_public,survey_dhs",75,0.462076813655761,0.501825291135673,0.308260465842819,0.292451864839784,-0.0237576304702169,0.864632610677867,0.526315789473684
"Ghana","child_iron","level","infill","raw_enet",3,75,"open,survey_public,survey_dhs",75,0.502446657183499,0.5488320137325,0.303821324640744,0.288277581593429,0.00535866644282375,0.860101849884655,0.526315789473684
"Ghana","child_iron","level","infill","spatial_plus_domain",3,75,"open,survey_public,survey_dhs",75,0.524864864864865,0.549928324871641,0.300386288907789,0.281419178620804,-0.0194357489087397,0.853157883103326,0.684210526315789
"Ghana","child_iron","level","infill","domain_index_cal",3,75,"open,survey_public,survey_dhs",75,0.471664295874822,0.560664564868952,0.293047055183429,0.272988685378581,-0.00566499403966043,0.822643898129465,0.578947368421053
"Ghana","child_iron","level","infill","region_mean_jk",3,75,"open,survey_public,survey_dhs",75,0.296957162299912,0.487069091490479,0.326615149386939,0.324621973014237,0.00754630744285337,0.907417555327813,0.578947368421053
"Ghana","child_iron","level","infill","null_train_mean",4,75,"open,survey_public,survey_dhs",75,-0.229510374175023,-0.286206179936412,0.348603867501658,0.34137102683249,-7.10239159151804e-17,1.01593746074373,0.157894736842105
"Ghana","child_iron","level","infill","spatial",4,75,"open,survey_public,survey_dhs",75,0.520739687055476,0.54284563349366,0.307325263445256,0.288680297585957,0.000552572743008799,0.856691248333709,0.684210526315789
"Ghana","child_iron","level","infill","domain_index",4,75,"open,survey_public,survey_dhs",75,0.529217638691323,0.588779119890483,0.316644740903132,0.3011210682977,-0.0138125329057311,0.883323755968002,0.631578947368421
"Ghana","child_iron","level","infill","domain_enet",4,75,"open,survey_public,survey_dhs",75,0.445604551920341,0.459436450447999,0.32538448657714,0.312454680684097,0.0091782090656723,0.904957529271775,0.578947368421053
"Ghana","child_iron","level","infill","raw_enet",4,75,"open,survey_public,survey_dhs",75,0.53325746799431,0.509454201241614,0.299710722815093,0.287212496758311,0.0112987565730851,0.871057701055703,0.578947368421053
"Ghana","child_iron","level","infill","spatial_plus_domain",4,75,"open,survey_public,survey_dhs",75,0.544665718349929,0.554966034868057,0.301464888610979,0.283268705711268,0.00255403893024996,0.844483266966159,0.684210526315789
"Ghana","child_iron","level","infill","domain_index_cal",4,75,"open,survey_public,survey_dhs",75,0.491891891891892,0.569915595926038,0.291198168083583,0.274179220015431,-0.00719082131236839,0.816445035978036,0.578947368421053
"Ghana","child_iron","level","infill","region_mean_jk",4,75,"open,survey_public,survey_dhs",75,0.322733101357569,0.485461205345968,0.328642873399327,0.328807666831941,-0.00949850538360184,0.906673272531631,0.578947368421053
"Ghana","child_iron","level","infill","null_train_mean",5,75,"open,survey_public,survey_dhs",75,-0.101907832176386,-0.117908344845986,0.343899566084208,0.336003572182661,1.06530814262632e-16,0.997187287492658,0.157894736842105
"Ghana","child_iron","level","infill","spatial",5,75,"open,survey_public,survey_dhs",75,0.472005689900427,0.506228257376269,0.31644273082734,0.296346534922503,0.0004421625239228,0.883475433526388,0.684210526315789
"Ghana","child_iron","level","infill","domain_index",5,75,"open,survey_public,survey_dhs",75,0.486543385490754,0.56877711702293,0.323668562068458,0.302679322422789,-0.00191643623842728,0.905057284119556,0.684210526315789
"Ghana","child_iron","level","infill","domain_enet",5,75,"open,survey_public,survey_dhs",75,0.533655761024182,0.498466013173245,0.30409632141757,0.289050676684444,0.00280729480920431,0.871444370212604,0.631578947368421
"Ghana","child_iron","level","infill","raw_enet",5,75,"open,survey_public,survey_dhs",75,0.524096728307255,0.527179591970735,0.29355545010214,0.271676109189011,-0.00600150765960898,0.846245706900312,0.631578947368421
"Ghana","child_iron","level","infill","spatial_plus_domain",5,75,"open,survey_public,survey_dhs",75,0.472005689900427,0.50622825737627,0.31644273082734,0.296346534922503,0.000442162523919247,0.883475433526386,0.684210526315789
"Ghana","child_iron","level","infill","domain_index_cal",5,75,"open,survey_public,survey_dhs",75,0.432119487908962,0.544839653257091,0.296069476773615,0.275093368899535,-0.000750121643027584,0.833628323934018,0.684210526315789
"Ghana","child_iron","level","infill","region_mean_jk",5,75,"open,survey_public,survey_dhs",75,0.268831528417124,0.447956805957127,0.335228048372542,0.330264726542414,-0.000504813620422884,0.944538382081851,0.631578947368421
"Ghana","child_iron","level","infill","null_train_mean",6,75,"open,survey_public,survey_dhs",75,-0.246495012871088,-0.233873637449709,0.34904625683384,0.341508951141205,-7.10239159151804e-17,1.00847579748837,0.210526315789474
"Ghana","child_iron","level","infill","spatial",6,75,"open,survey_public,survey_dhs",75,0.530810810810811,0.559629361195462,0.297106495349475,0.275503455206889,0.0191116205470718,0.834836622669496,0.631578947368421
"Ghana","child_iron","level","infill","domain_index",6,75,"open,survey_public,survey_dhs",75,0.516301564722617,0.583729019914297,0.319043053709264,0.296395103660087,0.0066396933322506,0.888360862334907,0.578947368421053
"Ghana","child_iron","level","infill","domain_enet",6,75,"open,survey_public,survey_dhs",75,0.541450924608819,0.543484949588741,0.310137093365518,0.304128777494921,0.00305361566429628,0.838309656748177,0.578947368421053
"Ghana","child_iron","level","infill","raw_enet",6,75,"open,survey_public,survey_dhs",75,0.548961593172119,0.588152541006887,0.283670902197936,0.266322095507439,0.0167567014391696,0.806710401281515,0.526315789473684
"Ghana","child_iron","level","infill","spatial_plus_domain",6,75,"open,survey_public,survey_dhs",75,0.531920341394026,0.559064890024181,0.297372312055613,0.275812816448945,0.0192168764556004,0.835463242640098,0.631578947368421
"Ghana","child_iron","level","infill","domain_index_cal",6,75,"open,survey_public,survey_dhs",75,0.494110953058321,0.571596458102587,0.292117318268351,0.272255849219559,0.00428174774422194,0.815105304903121,0.578947368421053
"Ghana","child_iron","level","infill","region_mean_jk",6,75,"open,survey_public,survey_dhs",75,0.369667327575,0.505748084878003,0.313985663852875,0.303812230221601,0.0478370751453439,0.884170653214593,0.578947368421053
"Ghana","child_iron","level","infill","null_train_mean",7,75,"open,survey_public,survey_dhs",75,-0.28481932582631,-0.29826381728565,0.349648482849142,0.341900070032861,1.7749112365036e-17,1.01786059496189,0.105263157894737
"Ghana","child_iron","level","infill","spatial",7,75,"open,survey_public,survey_dhs",75,0.599544807965861,0.649918089623771,0.27724001170493,0.260201009354298,0.0130796297736599,0.764570171268873,0.736842105263158
"Ghana","child_iron","level","infill","domain_index",7,75,"open,survey_public,survey_dhs",75,0.558036984352774,0.60230506573449,0.312303776769043,0.292793145518297,-0.00156792922557284,0.873252794077812,0.631578947368421
"Ghana","child_iron","level","infill","domain_enet",7,75,"open,survey_public,survey_dhs",75,0.520284495021337,0.556843302398563,0.298397321089944,0.286765076325527,-0.00978344570423306,0.825613436428125,0.526315789473684
"Ghana","child_iron","level","infill","raw_enet",7,75,"open,survey_public,survey_dhs",75,0.602958748221906,0.617046975040213,0.273574404224053,0.253564618536775,0.0030123054061237,0.782843407822664,0.684210526315789
"Ghana","child_iron","level","infill","spatial_plus_domain",7,75,"open,survey_public,survey_dhs",75,0.594310099573257,0.641001299646764,0.280487922087608,0.264406704184937,0.0111892819376774,0.775774470116751,0.736842105263158
"Ghana","child_iron","level","infill","domain_index_cal",7,75,"open,survey_public,survey_dhs",75,0.521706970128023,0.57980941905347,0.287684826797684,0.266585413122999,-0.000313351878661573,0.809460882764392,0.631578947368421
"Ghana","child_iron","level","infill","region_mean_jk",7,75,"open,survey_public,survey_dhs",75,0.395417867980788,0.560732525656773,0.305532255555575,0.303650271936774,7.82973168594481e-05,0.854560955145339,0.578947368421053
"Ghana","child_iron","level","infill","null_train_mean",8,75,"open,survey_public,survey_dhs",75,-0.0892782290434151,-0.0947798362764457,0.342490506424764,0.33494762162655,-7.10239159151804e-17,0.99581742920277,0.210526315789474
"Ghana","child_iron","level","infill","spatial",8,75,"open,survey_public,survey_dhs",75,0.577155049786629,0.606432039385274,0.287492164234497,0.271035379496173,-0.00533760505475574,0.799556809033638,0.684210526315789
"Ghana","child_iron","level","infill","domain_index",8,75,"open,survey_public,survey_dhs",75,0.582674253200569,0.614657412557956,0.317407082381329,0.301195488112099,-0.00254821182639422,0.87421211545807,0.631578947368421
"Ghana","child_iron","level","infill","domain_enet",8,75,"open,survey_public,survey_dhs",75,0.544039829302987,0.589716128963793,0.291917787561461,0.280551239799719,-0.000766209943023105,0.802509427132069,0.578947368421053
"Ghana","child_iron","level","infill","raw_enet",8,75,"open,survey_public,survey_dhs",75,0.634850640113798,0.634339275499148,0.263894986492926,0.25539092464711,0.0150754218111449,0.794410010211238,0.526315789473684
"Ghana","child_iron","level","infill","spatial_plus_domain",8,75,"open,survey_public,survey_dhs",75,0.577155049786629,0.606432039385273,0.287492164234498,0.271035379496174,-0.00533760505475521,0.79955680903364,0.684210526315789
"Ghana","child_iron","level","infill","domain_index_cal",8,75,"open,survey_public,survey_dhs",75,0.566429587482219,0.606236220545266,0.283517991064258,0.264725635092115,-0.00403290798498547,0.790259002243975,0.631578947368421
"Ghana","child_iron","level","infill","region_mean_jk",8,75,"open,survey_public,survey_dhs",75,0.27907739208563,0.515854912865266,0.310062760848597,0.304789184129113,0.0124612359652099,0.879406804645252,0.578947368421053
"Ghana","child_iron","level","infill","null_train_mean",9,75,"open,survey_public,survey_dhs",75,-0.137183620237443,-0.151208581069429,0.344906443791635,0.337090265771108,-7.10239159151804e-17,0.99967805121728,0.157894736842105
"Ghana","child_iron","level","infill","spatial",9,75,"open,survey_public,survey_dhs",75,0.555106685633001,0.580686978009517,0.299493970715695,0.275956689728943,0.00526044511578173,0.822251211415039,0.631578947368421
"Ghana","child_iron","level","infill","domain_index",9,75,"open,survey_public,survey_dhs",75,0.573684210526316,0.604919633185858,0.314339856009049,0.297819568984815,-0.00422397553013131,0.871607273248628,0.684210526315789
"Ghana","child_iron","level","infill","domain_enet",9,75,"open,survey_public,survey_dhs",75,0.5025320056899,0.488847967718541,0.315898687854584,0.303675590425141,0.0208178386613174,0.888898260047812,0.473684210526316
"Ghana","child_iron","level","infill","raw_enet",9,75,"open,survey_public,survey_dhs",75,0.567083926031294,0.561587257754827,0.286541636449836,0.2680718582599,0.0112119171983535,0.845666282780625,0.526315789473684
"Ghana","child_iron","level","infill","spatial_plus_domain",9,75,"open,survey_public,survey_dhs",75,0.555106685633001,0.580686978009515,0.299493970715695,0.275956689728943,0.00526044511578591,0.822251211415041,0.631578947368421
"Ghana","child_iron","level","infill","domain_index_cal",9,75,"open,survey_public,survey_dhs",75,0.560711237553343,0.599938212919424,0.283187329029796,0.265231831685478,-0.00290030563512381,0.795127285988902,0.684210526315789
"Ghana","child_iron","level","infill","region_mean_jk",9,75,"open,survey_public,survey_dhs",75,0.442860220125479,0.566861772139414,0.299347172499431,0.292805828127201,0.00697915587783253,0.834813923196171,0.684210526315789
"Ghana","child_iron","level","infill","null_train_mean",10,75,"open,survey_public,survey_dhs",75,-0.319659610331057,-0.342845116022593,0.356309928027242,0.349073775459457,-7.10239159151804e-17,1.02562317934214,0.210526315789474
"Ghana","child_iron","level","infill","spatial",10,75,"open,survey_public,survey_dhs",75,0.560170697012802,0.621478489025182,0.279652544132351,0.260367024590237,-0.00841348971113736,0.788779497203148,0.684210526315789
"Ghana","child_iron","level","infill","domain_index",10,75,"open,survey_public,survey_dhs",75,0.529331436699858,0.603142391985516,0.307695513011749,0.287829701201187,0.00253718051927583,0.872033269989134,0.631578947368421
"Ghana","child_iron","level","infill","domain_enet",10,75,"open,survey_public,survey_dhs",75,0.545832147937411,0.593332828373711,0.288956945596864,0.275147754211027,-0.00464727964193087,0.800212464780121,0.578947368421053
"Ghana","child_iron","level","infill","raw_enet",10,75,"open,survey_public,survey_dhs",75,0.547994310099573,0.585086406004134,0.27745706869802,0.259155382941963,-0.0228766959024964,0.807262285464671,0.578947368421053
"Ghana","child_iron","level","infill","spatial_plus_domain",10,75,"open,survey_public,survey_dhs",75,0.560170697012802,0.621478489025182,0.279652544132351,0.260367024590237,-0.00841348971113639,0.788779497203148,0.684210526315789
"Ghana","child_iron","level","infill","domain_index_cal",10,75,"open,survey_public,survey_dhs",75,0.475049786628734,0.564127363037755,0.288720978842008,0.269024931061204,-0.00329894052373514,0.820212492931607,0.631578947368421
"Ghana","child_iron","level","infill","region_mean_jk",10,75,"open,survey_public,survey_dhs",75,0.387878559934433,0.565650315358435,0.306140455281672,0.30546600854873,0.00688200230190019,0.840751349790624,0.578947368421053
"Ghana","child_iron","level","region","null_train_mean",1,75,"open,survey_public,survey_dhs",75,-0.556384520793882,-0.6790032635716,0.35718310424837,0.349832868941553,-0.00160511921733188,1.04321464539942,0.0526315789473684
"Ghana","child_iron","level","region","spatial",1,75,"open,survey_public,survey_dhs",75,0.532517780938834,0.461042324635411,0.338005525753571,0.320900356031407,-0.115293755710211,0.988326932909573,0.578947368421053
"Ghana","child_iron","level","region","domain_index",1,75,"open,survey_public,survey_dhs",75,0.50927453769559,0.554993340853413,0.318659627269734,0.298132005933267,-0.0136851518414465,0.89618338676465,0.578947368421053
"Ghana","child_iron","level","region","domain_enet",1,75,"open,survey_public,survey_dhs",75,0.370184921763869,0.348569008630317,0.346147647186839,0.335865617634911,-0.0444806272930172,0.963792558903108,0.315789473684211
"Ghana","child_iron","level","region","raw_enet",1,75,"open,survey_public,survey_dhs",75,0.461706970128023,0.439584984326644,0.313354442568097,0.29836264557675,-0.0445192372982771,0.905926941815909,0.526315789473684
"Ghana","child_iron","level","region","spatial_plus_domain",1,75,"open,survey_public,survey_dhs",75,0.532517780938834,0.461042324635344,0.338005525753584,0.320900356031417,-0.115293755710227,0.988326932909631,0.578947368421053
"Ghana","child_iron","level","region","domain_index_cal",1,75,"open,survey_public,survey_dhs",75,0.469189189189189,0.493860952567903,0.305911701757427,0.286931398857566,-0.0154768935178568,0.864490140824237,0.526315789473684
"Ghana","women_iron","prev","infill","null_train_mean",1,75,"open,survey_public,survey_dhs",75,-0.15351678117869,-0.165412721488233,9.64106426369433,8.67869949247176,3.14707750600126e-16,1.00092568462668,0.105263157894737
"Ghana","women_iron","prev","infill","spatial",1,75,"open,survey_public,survey_dhs",75,0.429976549629624,0.373641514981416,8.97180649449956,8.50260777425046,-4.20001873299716,0.994582684303197,0.368421052631579
"Ghana","women_iron","prev","infill","domain_index",1,75,"open,survey_public,survey_dhs",75,0.136414391213976,0.0774376710792421,15.7299081476666,16.2596342223014,0.795889998984584,1.79560175919355,0.263157894736842
"Ghana","women_iron","prev","infill","domain_enet",1,75,"open,survey_public,survey_dhs",75,-0.03824754427944,0.0741695775645633,10.7562284198338,10.1115039080531,-6.73399177405019,1.14630168493231,0.368421052631579
"Ghana","women_iron","prev","infill","raw_enet",1,75,"open,survey_public,survey_dhs",75,0.132587133745047,0.232520786898835,10.6769797832008,10.0508104593499,-4.18365845087351,1.14631043116449,0.368421052631579
"Ghana","women_iron","prev","infill","spatial_plus_domain",1,75,"open,survey_public,survey_dhs",75,0.429976549629624,0.373641514981414,8.97180649449956,8.50260777425046,-4.20001873299714,0.994582684303198,0.368421052631579
"Ghana","women_iron","prev","infill","domain_index_cal",1,75,"open,survey_public,survey_dhs",75,0.0840701706426815,0.0732193724354901,10.6662078456313,10.118145205924,-6.21324126715446,1.13543437975642,0.315789473684211
"Ghana","women_iron","prev","infill","region_mean_jk",1,75,"open,survey_public,survey_dhs",75,0.268455271469935,0.270913595493691,9.9216467496647,9.38743830860783,-3.33217659821447,1.06784694110063,0.421052631578947
"Ghana","women_iron","prev","infill","null_train_mean",2,75,"open,survey_public,survey_dhs",75,-0.216289066165672,-0.195051637459642,9.66836344240748,8.71235815195707,-7.34185571134767e-17,1.00388331995042,0.157894736842105
"Ghana","women_iron","prev","infill","spatial",2,75,"open,survey_public,survey_dhs",75,0.499183724161765,0.469075070396452,8.66862122602095,8.23479917619233,-4.63331859878059,0.95931612325994,0.473684210526316
"Ghana","women_iron","prev","infill","domain_index",2,75,"open,survey_public,survey_dhs",75,0.267677811849469,0.280040075889345,13.3178972002131,13.5498830366467,1.45909120807169,1.51625000814246,0.421052631578947
"Ghana","women_iron","prev","infill","domain_enet",2,75,"open,survey_public,survey_dhs",75,0.0659715290898542,-0.023867290877696,10.8741803291829,10.3805571098651,-5.94812319806354,1.17580140256702,0.263157894736842
"Ghana","women_iron","prev","infill","raw_enet",2,75,"open,survey_public,survey_dhs",75,0.0675237567732508,0.173106496917602,10.260220273695,9.53757319520656,-6.2852324483659,1.11115428172942,0.421052631578947
"Ghana","women_iron","prev","infill","spatial_plus_domain",2,75,"open,survey_public,survey_dhs",75,0.499183724161765,0.469075070396453,8.66862122602094,8.23479917619232,-4.63331859878059,0.95931612325994,0.473684210526316
"Ghana","women_iron","prev","infill","domain_index_cal",2,75,"open,survey_public,survey_dhs",75,0.203578443337892,0.251536639996464,10.229622170673,9.62082981009353,-6.07221761005008,1.08832211448777,0.421052631578947
"Ghana","women_iron","prev","infill","region_mean_jk",2,75,"open,survey_public,survey_dhs",75,0.241833385847806,0.203375977865463,10.6474318244374,10.079831891727,-2.50681349230069,1.17607861863525,0.263157894736842
"Ghana","women_iron","prev","infill","null_train_mean",3,75,"open,survey_public,survey_dhs",75,-0.15153449849489,-0.201665832953626,9.62817259651418,8.6984444954735,-8.36823376796729e-17,1.00460839221413,0.263157894736842
"Ghana","women_iron","prev","infill","spatial",3,75,"open,survey_public,survey_dhs",75,0.546218704108868,0.548385275298407,8.05377244665375,7.57177529775665,-4.69989469411229,0.921043071507658,0.578947368421053
"Ghana","women_iron","prev","infill","domain_index",3,75,"open,survey_public,survey_dhs",75,0.311432285394633,0.314124213355499,12.8415996087654,12.2002421401732,1.40003382866,1.4407263549826,0.473684210526316
"Ghana","women_iron","prev","infill","domain_enet",3,75,"open,survey_public,survey_dhs",75,0.0265861769678474,0.00711761261194267,10.568178920224,10.0243793494641,-6.34160318093467,1.1583094373925,0.368421052631579
"Ghana","women_iron","prev","infill","raw_enet",3,75,"open,survey_public,survey_dhs",75,0.169233843419343,0.0627151235892507,11.111115022959,11.2887182284662,-5.33712905960489,1.2052875163338,0.421052631578947
"Ghana","women_iron","prev","infill","spatial_plus_domain",3,75,"open,survey_public,survey_dhs",75,0.546218704108868,0.548385275298398,8.05377244665372,7.5717752977566,-4.69989469411209,0.921043071507654,0.578947368421053
"Ghana","women_iron","prev","infill","domain_index_cal",3,75,"open,survey_public,survey_dhs",75,0.251001904306277,0.234726906733544,10.1711288959486,9.52034313908516,-6.11658147202136,1.09336681156499,0.421052631578947
"Ghana","women_iron","prev","infill","region_mean_jk",3,75,"open,survey_public,survey_dhs",75,0.370588277381757,0.32230268821288,9.36421049725796,8.87018610019829,-3.03269259794169,1.05401074700028,0.473684210526316
"Ghana","women_iron","prev","infill","null_train_mean",4,75,"open,survey_public,survey_dhs",75,-0.212324500798073,-0.21434333696342,9.73801635994364,8.78052913626945,-7.34185571134767e-17,1.00606414723541,0.210526315789474
"Ghana","women_iron","prev","infill","spatial",4,75,"open,survey_public,survey_dhs",75,0.492622711357886,0.498708334351875,8.73852716672938,8.22650700087066,-4.61480390150545,0.943879288849347,0.526315789473684
"Ghana","women_iron","prev","infill","domain_index",4,75,"open,survey_public,survey_dhs",75,0.266253381438101,0.309974621353405,12.4809472826623,11.9244338588562,-0.502739467597749,1.38165370996393,0.421052631578947
"Ghana","women_iron","prev","infill","domain_enet",4,75,"open,survey_public,survey_dhs",75,0.0501572163033352,-0.000294204630418959,11.1224925838568,10.4538958127575,-5.85824914055017,1.17856245934176,0.315789473684211
"Ghana","women_iron","prev","infill","raw_enet",4,75,"open,survey_public,survey_dhs",75,0.131915591665342,0.101900417314718,10.7555289067566,10.1153517030342,-6.07682499503883,1.1322629497363,0.368421052631579
"Ghana","women_iron","prev","infill","spatial_plus_domain",4,75,"open,survey_public,survey_dhs",75,0.492622711357886,0.498708334351859,8.73852716672956,8.22650700087087,-4.61480390150577,0.943879288849366,0.526315789473684
"Ghana","women_iron","prev","infill","domain_index_cal",4,75,"open,survey_public,survey_dhs",75,0.219707599814093,0.278648804369995,10.2621630202485,9.65733267033455,-6.35506714234268,1.09442683658276,0.421052631578947
"Ghana","women_iron","prev","infill","region_mean_jk",4,75,"open,survey_public,survey_dhs",75,0.339378201908273,0.374287521586898,9.46145456606579,9.18544605628077,-3.46674179918739,1.0142199141188,0.421052631578947
"Ghana","women_iron","prev","infill","null_train_mean",5,75,"open,survey_public,survey_dhs",75,-0.230825805846868,-0.235600260243311,9.70732801797103,8.71806948946462,-4.07515456564885e-16,1.00869882498419,0.157894736842105
"Ghana","women_iron","prev","infill","spatial",5,75,"open,survey_public,survey_dhs",75,0.523053724691665,0.554470657350888,8.11563374226844,7.6931069546872,-3.45117490749656,0.880441940347693,0.526315789473684
"Ghana","women_iron","prev","infill","domain_index",5,75,"open,survey_public,survey_dhs",75,0.344712159551149,0.379897110968056,11.9813998137835,12.3870614898636,0.488503117934394,1.32926911823153,0.473684210526316
"Ghana","women_iron","prev","infill","domain_enet",5,75,"open,survey_public,survey_dhs",75,-0.158389922821469,-0.089901772102887,10.7175106061824,10.1689335483791,-6.61391418940268,1.16199284799316,0.157894736842105
"Ghana","women_iron","prev","infill","raw_enet",5,75,"open,survey_public,survey_dhs",75,0.25996729668027,0.234719545146585,10.0303817292002,9.67720945914363,-5.5457679887367,1.0730407884748,0.526315789473684
"Ghana","women_iron","prev","infill","spatial_plus_domain",5,75,"open,survey_public,survey_dhs",75,0.523053724691665,0.554470657350889,8.11563374226843,7.6931069546872,-3.45117490749655,0.880441940347692,0.526315789473684
"Ghana","women_iron","prev","infill","domain_index_cal",5,75,"open,survey_public,survey_dhs",75,0.207563970852528,0.156115254698883,10.2732879650316,9.62326517074549,-6.32303640343934,1.11491569398933,0.421052631578947
"Ghana","women_iron","prev","infill","region_mean_jk",5,75,"open,survey_public,survey_dhs",75,0.413012163513806,0.413910821760351,9.50478067987314,9.03855416176894,-2.62017946120902,1.00705205674255,0.421052631578947
"Ghana","women_iron","prev","infill","null_train_mean",6,75,"open,survey_public,survey_dhs",75,-0.295800627149182,-0.299109945667823,9.82745868542097,8.80040026832106,3.88307008075683e-16,1.0179983881339,0.105263157894737
"Ghana","women_iron","prev","infill","spatial",6,75,"open,survey_public,survey_dhs",75,0.515773302589116,0.525419491793146,8.03939184976458,7.530388083021,-4.28339020196673,0.918540475706767,0.631578947368421
"Ghana","women_iron","prev","infill","domain_index",6,75,"open,survey_public,survey_dhs",75,0.343661821975089,0.394974486350388,12.2988936884724,12.2038795089698,0.85893751695317,1.32005201965537,0.473684210526316
"Ghana","women_iron","prev","infill","domain_enet",6,75,"open,survey_public,survey_dhs",75,-0.0886205898928247,-0.032857888897997,10.6632989694607,10.0894996690345,-6.54511990649138,1.15672969403293,0.157894736842105
"Ghana","women_iron","prev","infill","raw_enet",6,75,"open,survey_public,survey_dhs",75,-0.0223043735315813,0.0638374624510805,10.4530649162535,9.73874198533593,-5.98319879995016,1.12300368806258,0.315789473684211
"Ghana","women_iron","prev","infill","spatial_plus_domain",6,75,"open,survey_public,survey_dhs",75,0.515773302589116,0.525419491793145,8.03939184976459,7.530388083021,-4.28339020196674,0.918540475706768,0.631578947368421
"Ghana","women_iron","prev","infill","domain_index_cal",6,75,"open,survey_public,survey_dhs",75,0.164313083816434,0.224243481125394,10.1526292298102,9.52530700805777,-6.31340582738738,1.10459342060488,0.421052631578947
"Ghana","women_iron","prev","infill","region_mean_jk",6,75,"open,survey_public,survey_dhs",75,0.366050416539447,0.398997186223799,8.97902654210218,8.6549984314303,-2.49141297192147,0.987694044929444,0.473684210526316
"Ghana","women_iron","prev","infill","null_train_mean",7,75,"open,survey_public,survey_dhs",75,-0.204835877325942,-0.20429341443878,9.66631981610433,8.70537380197481,-3.51118873559431e-16,1.00490299791237,0.105263157894737
"Ghana","women_iron","prev","infill","spatial",7,75,"open,survey_public,survey_dhs",75,0.476738154043233,0.486819994773247,8.51611709790377,8.03673789287006,-4.45100527965978,0.944645221987834,0.473684210526316
"Ghana","women_iron","prev","infill","domain_index",7,75,"open,survey_public,survey_dhs",75,0.25543346558609,0.302388205781135,13.1139301404455,13.1532647152418,0.497913218192096,1.406783833395,0.421052631578947
"Ghana","women_iron","prev","infill","domain_enet",7,75,"open,survey_public,survey_dhs",75,0.0158037465307966,-0.027708673126634,11.1446338811824,10.4792359900181,-5.3317493442997,1.20616225156954,0.210526315789474
"Ghana","women_iron","prev","infill","raw_enet",7,75,"open,survey_public,survey_dhs",75,-0.0180577143071304,-0.0786947162023029,11.3296917568234,10.4593793546132,-5.38291340147358,1.18893460204984,0.263157894736842
"Ghana","women_iron","prev","infill","spatial_plus_domain",7,75,"open,survey_public,survey_dhs",75,0.476738154043233,0.486819994773248,8.51611709790375,8.03673789287004,-4.45100527965974,0.944645221987833,0.473684210526316
"Ghana","women_iron","prev","infill","domain_index_cal",7,75,"open,survey_public,survey_dhs",75,0.13765177520769,0.181164971140932,10.2361914191841,9.57186343846184,-6.25639875068689,1.10853025923879,0.315789473684211
"Ghana","women_iron","prev","infill","region_mean_jk",7,75,"open,survey_public,survey_dhs",75,0.250682258523568,0.290213785275819,9.82288849023801,9.32007660051902,-3.26186710627359,1.06236072131571,0.315789473684211
"Ghana","women_iron","prev","infill","null_train_mean",8,75,"open,survey_public,survey_dhs",75,-0.196245985696144,-0.216267288256846,9.69942028111104,8.76391829027874,-1.11564403548758e-16,1.00629263703458,0.263157894736842
"Ghana","women_iron","prev","infill","spatial",8,75,"open,survey_public,survey_dhs",75,0.551714991150714,0.483467713009703,8.40150101227846,7.96884179114905,-4.41917633137654,0.945725223763907,0.578947368421053
"Ghana","women_iron","prev","infill","domain_index",8,75,"open,survey_public,survey_dhs",75,0.313604901476619,0.302286514479055,12.6093735543131,12.5475529152184,-0.137272870648441,1.45717031987277,0.473684210526316
"Ghana","women_iron","prev","infill","domain_enet",8,75,"open,survey_public,survey_dhs",75,0.0956261127926994,0.166595644694788,10.3628511517671,9.72095011389847,-6.60465347989905,1.12484439660351,0.421052631578947
"Ghana","women_iron","prev","infill","raw_enet",8,75,"open,survey_public,survey_dhs",75,0.326280893319201,0.368937035821669,9.6233089064705,9.13780990280178,-5.98136125812293,1.05072626456227,0.473684210526316
"Ghana","women_iron","prev","infill","spatial_plus_domain",8,75,"open,survey_public,survey_dhs",75,0.551714991150714,0.483467713009704,8.40150101227845,7.96884179114903,-4.41917633137654,0.945725223763907,0.578947368421053
"Ghana","women_iron","prev","infill","domain_index_cal",8,75,"open,survey_public,survey_dhs",75,0.227707431215314,0.264041878402246,10.1469963275819,9.52965231331569,-6.3744424014456,1.09829726129486,0.473684210526316
"Ghana","women_iron","prev","infill","region_mean_jk",8,75,"open,survey_public,survey_dhs",75,0.409534448324352,0.407736600323142,8.93788445384387,8.52816217307144,-3.26162753612413,0.981948594207288,0.473684210526316
"Ghana","women_iron","prev","infill","null_train_mean",9,75,"open,survey_public,survey_dhs",75,-0.220473885164804,-0.240879794491929,9.78036581518528,8.81069803678097,3.64653330679291e-17,1.00939064465181,0.105263157894737
"Ghana","women_iron","prev","infill","spatial",9,75,"open,survey_public,survey_dhs",75,0.516478323701813,0.524214067954799,8.40986039226975,7.97473509473519,-4.48809863856644,0.926598218740879,0.526315789473684
"Ghana","women_iron","prev","infill","domain_index",9,75,"open,survey_public,survey_dhs",75,0.339690682646426,0.360384139668038,12.856925075916,13.067361748795,0.917903744387314,1.38802776286452,0.473684210526316
"Ghana","women_iron","prev","infill","domain_enet",9,75,"open,survey_public,survey_dhs",75,0.0978849967940382,0.319459424373292,9.98556767716804,9.37797142390378,-5.92497267104519,1.06493246698671,0.368421052631579
"Ghana","women_iron","prev","infill","raw_enet",9,75,"open,survey_public,survey_dhs",75,0.0305385010659086,-0.0248124763271323,10.392554337255,9.75673475143696,-5.79370764872558,1.13925203529816,0.210526315789474
"Ghana","women_iron","prev","infill","spatial_plus_domain",9,75,"open,survey_public,survey_dhs",75,0.516478323701813,0.524214067954799,8.40986039226975,7.97473509473519,-4.48809863856643,0.926598218740879,0.526315789473684
"Ghana","women_iron","prev","infill","domain_index_cal",9,75,"open,survey_public,survey_dhs",75,0.2230600471459,0.230828995117382,10.2189634989567,9.62867508269485,-6.25198896517414,1.09935581617635,0.315789473684211
"Ghana","women_iron","prev","infill","region_mean_jk",9,75,"open,survey_public,survey_dhs",75,0.445244218874856,0.499947153741645,8.57322411524056,8.32917731082116,-3.02288338527373,0.912697301528641,0.421052631578947
"Ghana","women_iron","prev","infill","null_train_mean",10,75,"open,survey_public,survey_dhs",75,-0.130610403499229,-0.195960565020391,9.60940780664306,8.67135358400428,2.78152067351156e-16,1.00398155762723,0.210526315789474
"Ghana","women_iron","prev","infill","spatial",10,75,"open,survey_public,survey_dhs",75,0.382035113966195,0.310828972267041,9.33479468372379,8.75193302039722,-4.93570817589092,1.04797788242868,0.421052631578947
"Ghana","women_iron","prev","infill","domain_index",10,75,"open,survey_public,survey_dhs",75,0.346539459169773,0.257731983675256,13.451872657486,13.0763478349681,-0.00457694865200041,1.50765149861976,0.421052631578947
"Ghana","women_iron","prev","infill","domain_enet",10,75,"open,survey_public,survey_dhs",75,0.172269750659734,0.0729163728648132,10.9305030893481,10.381889322357,-5.51050783027412,1.15076247943672,0.368421052631579
"Ghana","women_iron","prev","infill","raw_enet",10,75,"open,survey_public,survey_dhs",75,0.147277471623907,0.149622358736731,10.4874943697472,9.99850253687093,-5.97525816627208,1.11417951667308,0.473684210526316
"Ghana","women_iron","prev","infill","spatial_plus_domain",10,75,"open,survey_public,survey_dhs",75,0.382035113966195,0.310828972267042,9.3347946837238,8.75193302039723,-4.93570817589097,1.04797788242868,0.421052631578947
"Ghana","women_iron","prev","infill","domain_index_cal",10,75,"open,survey_public,survey_dhs",75,0.302813761996556,0.232825162498849,10.1318381351323,9.52557865085211,-6.45610564765967,1.10709885167036,0.368421052631579
"Ghana","women_iron","prev","infill","region_mean_jk",10,75,"open,survey_public,survey_dhs",75,0.400198208522561,0.340533777565376,9.48557181958603,9.11845588014426,-3.74543812538184,1.03708053535613,0.421052631578947
"Ghana","women_iron","prev","region","null_train_mean",1,75,"open,survey_public,survey_dhs",75,-0.572332767421751,-0.613508646868319,9.8179718278774,8.84239618999816,-0.0454503723495008,1.0228935963282,0.0526315789473684
"Ghana","women_iron","prev","region","spatial",1,75,"open,survey_public,survey_dhs",75,0.405156928825478,0.360787967402611,9.17104144421553,8.63261544608813,-4.59806580094454,1.00449384809966,0.315789473684211
"Ghana","women_iron","prev","region","domain_index",1,75,"open,survey_public,survey_dhs",75,0.106947386340416,0.0912440523271118,12.0735250943408,11.1760502980191,-3.88397154202492,1.28035485213088,0.210526315789474
"Ghana","women_iron","prev","region","domain_enet",1,75,"open,survey_public,survey_dhs",75,-0.136839267011512,-0.0445455280170688,11.95645130319,11.4431482878944,-4.88854346304822,1.26436042501306,0.210526315789474
"Ghana","women_iron","prev","region","raw_enet",1,75,"open,survey_public,survey_dhs",75,-0.131737824660673,0.0383089153233284,10.5954036912772,9.79483263076305,-6.2406672599461,1.14688154070675,0.263157894736842
"Ghana","women_iron","prev","region","spatial_plus_domain",1,75,"open,survey_public,survey_dhs",75,0.405156928825478,0.360787967402605,9.17104144421555,8.63261544608815,-4.59806580094455,1.00449384809966,0.315789473684211
"Ghana","women_iron","prev","region","domain_index_cal",1,75,"open,survey_public,survey_dhs",75,-0.0254670891729499,-0.017646778830191,10.694055721221,10.0032641581843,-6.6307622218294,1.15309627820804,0.157894736842105
"Ghana","women_iron","level","infill","null_train_mean",1,75,"open,survey_public,survey_dhs",75,-0.13892563446268,-0.117922590120299,0.281159677772199,0.265236582152703,6.51486243424815e-17,0.99718822237647,0.210526315789474
"Ghana","women_iron","level","infill","spatial",1,75,"open,survey_public,survey_dhs",75,0.528449502133713,0.506450678718643,0.233932238735572,0.220769498135633,-0.00326585827002834,0.864499316118247,0.578947368421053
"Ghana","women_iron","level","infill","domain_index",1,75,"open,survey_public,survey_dhs",75,0.273314366998577,0.258553763269763,0.347354021041161,0.344039773163758,-0.012326676857698,1.21507766213737,0.368421052631579
"Ghana","women_iron","level","infill","domain_enet",1,75,"open,survey_public,survey_dhs",75,0.263584637268848,0.301846401949401,0.271058298909362,0.254027866722125,0.00140181060529712,0.96019795066341,0.421052631578947
"Ghana","women_iron","level","infill","raw_enet",1,75,"open,survey_public,survey_dhs",75,0.348022759601707,0.354229909486425,0.269176526390328,0.248600199921635,0.0129372691124175,0.976705889775618,0.473684210526316
"Ghana","women_iron","level","infill","spatial_plus_domain",1,75,"open,survey_public,survey_dhs",75,0.528449502133713,0.506450678718643,0.233932238735572,0.220769498135634,-0.00326585827002718,0.864499316118248,0.578947368421053
"Ghana","women_iron","level","infill","domain_index_cal",1,75,"open,survey_public,survey_dhs",75,0.219061166429587,0.227148947280096,0.28009401414139,0.263030682589076,-0.00900504957022634,0.993274161748672,0.368421052631579
"Ghana","women_iron","level","infill","region_mean_jk",1,75,"open,survey_public,survey_dhs",75,0.317686410131748,0.273908031298031,0.292983554963791,0.279027583434419,-0.00218021051350818,1.04334344728401,0.473684210526316
"Ghana","women_iron","level","infill","null_train_mean",2,75,"open,survey_public,survey_dhs",75,-0.179427465199449,-0.187497965347388,0.282705496646474,0.266534459981046,-2.3711501512258e-17,1.00308422475727,0.105263157894737
"Ghana","women_iron","level","infill","spatial",2,75,"open,survey_public,survey_dhs",75,0.584352773826458,0.564948254354854,0.219870201773986,0.21005090620072,-0.00252061914090779,0.821016065923938,0.631578947368421
"Ghana","women_iron","level","infill","domain_index",2,75,"open,survey_public,survey_dhs",75,0.412688477951636,0.42556861882065,0.292275525557587,0.284559789161505,0.0110787481836311,1.02041844159213,0.578947368421053
"Ghana","women_iron","level","infill","domain_enet",2,75,"open,survey_public,survey_dhs",75,0.396842105263158,0.396065534875287,0.253236858052664,0.230683080235623,-0.0037006913967008,0.914937535961999,0.315789473684211
"Ghana","women_iron","level","infill","raw_enet",2,75,"open,survey_public,survey_dhs",75,0.408364153627311,0.342852064171264,0.256010460863548,0.238923968782354,0.00252488956415917,0.949605974220968,0.473684210526316
"Ghana","women_iron","level","infill","spatial_plus_domain",2,75,"open,survey_public,survey_dhs",75,0.585576102418208,0.565941586334516,0.219767775507637,0.209659071433475,-0.0026805610878229,0.82046083493554,0.631578947368421
"Ghana","women_iron","level","infill","domain_index_cal",2,75,"open,survey_public,survey_dhs",75,0.394879089615932,0.413965699036319,0.252774291713009,0.23695635627025,0.00474385400582478,0.904568334579238,0.526315789473684
"Ghana","women_iron","level","infill","region_mean_jk",2,75,"open,survey_public,survey_dhs",75,0.312537384395177,0.291865604034153,0.304296377085052,0.2923996530679,0.0020451733605514,1.05519459470024,0.315789473684211
"Ghana","women_iron","level","infill","null_train_mean",3,75,"open,survey_public,survey_dhs",75,-0.114101931753048,-0.145022808776702,0.280550592871982,0.264627361242956,6.51457331366882e-17,0.999169261450737,0.210526315789474
"Ghana","women_iron","level","infill","spatial",3,75,"open,survey_public,survey_dhs",75,0.57425320056899,0.566461017936946,0.223189013081004,0.212285450951545,-0.00861696967331461,0.821021677675917,0.631578947368421
"Ghana","women_iron","level","infill","domain_index",3,75,"open,survey_public,survey_dhs",75,0.397866287339971,0.408441303738704,0.30413229637955,0.292678866403707,0.00433313350351212,1.05435006418762,0.473684210526316
"Ghana","women_iron","level","infill","domain_enet",3,75,"open,survey_public,survey_dhs",75,0.246315789473684,0.282326577029601,0.273530937541765,0.256661208617572,-0.0155238895104909,0.965747482304838,0.368421052631579
"Ghana","women_iron","level","infill","raw_enet",3,75,"open,survey_public,survey_dhs",75,0.43027027027027,0.427957864111031,0.238686915508116,0.219367855469606,-0.0297806894531981,0.930864122717025,0.526315789473684
"Ghana","women_iron","level","infill","spatial_plus_domain",3,75,"open,survey_public,survey_dhs",75,0.57425320056899,0.566461017936945,0.223189013081003,0.212285450951545,-0.00861696967331257,0.821021677675917,0.631578947368421
"Ghana","women_iron","level","infill","domain_index_cal",3,75,"open,survey_public,survey_dhs",75,0.371237553342816,0.383170272098407,0.257951110556416,0.240376843565338,0.00257997595148441,0.917934315355612,0.421052631578947
"Ghana","women_iron","level","infill","region_mean_jk",3,75,"open,survey_public,survey_dhs",75,0.407871445008481,0.376319189296957,0.2737015400958,0.261297034385655,0.00740538075153913,0.976556413948868,0.578947368421053
"Ghana","women_iron","level","infill","null_train_mean",4,75,"open,survey_public,survey_dhs",75,-0.228203863506095,-0.238607938641891,0.283470449295611,0.267230818473674,6.51486243424815e-17,1.00909112423963,0.157894736842105
"Ghana","women_iron","level","infill","spatial",4,75,"open,survey_public,survey_dhs",75,0.462247510668563,0.464410262474858,0.2491773098244,0.233765800187811,-0.0180242314088095,0.892048102953778,0.473684210526316
"Ghana","women_iron","level","infill","domain_index",4,75,"open,survey_public,survey_dhs",75,0.334423897581792,0.348427335626824,0.318433321011361,0.306020035783296,-0.0186464476114259,1.09468537450911,0.421052631578947
"Ghana","women_iron","level","infill","domain_enet",4,75,"open,survey_public,survey_dhs",75,0.232574679943101,0.255262017086444,0.276653539893683,0.25492367827486,-0.013275025926125,0.985716044136888,0.315789473684211
"Ghana","women_iron","level","infill","raw_enet",4,75,"open,survey_public,survey_dhs",75,0.380199146514936,0.383982449966256,0.259693048481181,0.239164594225802,-0.0191103399037272,0.92894378950036,0.473684210526316
"Ghana","women_iron","level","infill","spatial_plus_domain",4,75,"open,survey_public,survey_dhs",75,0.462247510668563,0.464410262474857,0.249177309824401,0.233765800187811,-0.0180242314088111,0.892048102953779,0.473684210526316
"Ghana","women_iron","level","infill","domain_index_cal",4,75,"open,survey_public,survey_dhs",75,0.317980085348506,0.327193584205446,0.266272029721568,0.244343177589958,-0.00810555315068723,0.942763453010625,0.421052631578947
"Ghana","women_iron","level","infill","region_mean_jk",4,75,"open,survey_public,survey_dhs",75,0.270474162865485,0.263733950827062,0.285391518190096,0.269169383002775,-0.0136293715586094,1.02211940069206,0.315789473684211
"Ghana","women_iron","level","infill","null_train_mean",5,75,"open,survey_public,survey_dhs",75,-0.227332856393477,-0.206248830720342,0.283423174133277,0.265679381608431,-1.12480554384509e-16,1.00512465827029,0.105263157894737
"Ghana","women_iron","level","infill","spatial",5,75,"open,survey_public,survey_dhs",75,0.618293029871977,0.597091098777255,0.221406407825407,0.215210148918558,0.0160277970994252,0.803712915148736,0.684210526315789
"Ghana","women_iron","level","infill","domain_index",5,75,"open,survey_public,survey_dhs",75,0.464267425320057,0.480170793528546,0.284452207767979,0.279672818173552,-0.00404112832401513,0.977418082735962,0.526315789473684
"Ghana","women_iron","level","infill","domain_enet",5,75,"open,survey_public,survey_dhs",75,0.315960170697013,0.340907317464821,0.264065429061731,0.244620786953737,0.0125235698689032,0.946003725354753,0.421052631578947
"Ghana","women_iron","level","infill","raw_enet",5,75,"open,survey_public,survey_dhs",75,0.487254623044097,0.455087698201933,0.239559011635752,0.226237974215007,-0.0103168384007667,0.899880239283519,0.526315789473684
"Ghana","women_iron","level","infill","spatial_plus_domain",5,75,"open,survey_public,survey_dhs",75,0.613399715504979,0.593955378993424,0.222363929766293,0.214557680086601,0.0132544177756898,0.806785856851321,0.684210526315789
"Ghana","women_iron","level","infill","domain_index_cal",5,75,"open,survey_public,survey_dhs",75,0.434537695590327,0.453436798511907,0.248008747368421,0.230398469315543,0.000423041321013156,0.888647649919505,0.526315789473684
"Ghana","women_iron","level","infill","region_mean_jk",5,75,"open,survey_public,survey_dhs",75,0.477015164916305,0.471665358767456,0.263352796721311,0.253759386488683,0.0142572597711945,0.907152251418257,0.526315789473684
"Ghana","women_iron","level","infill","null_train_mean",6,75,"open,survey_public,survey_dhs",75,-0.308772021423324,-0.338775199029266,0.283784873726711,0.266442796736852,-2.37086103064647e-17,1.02487231368428,0.157894736842105
"Ghana","women_iron","level","infill","spatial",6,75,"open,survey_public,survey_dhs",75,0.601137980085348,0.591341512086818,0.216379659089912,0.206577191941133,0.00573027859628815,0.801237808154658,0.684210526315789
"Ghana","women_iron","level","infill","domain_index",6,75,"open,survey_public,survey_dhs",75,0.42697012802276,0.438671868631635,0.285479225076301,0.276196728361956,0.00257667372803511,1.00030198558971,0.526315789473684
"Ghana","women_iron","level","infill","domain_enet",6,75,"open,survey_public,survey_dhs",75,0.253086770981508,0.272771130734234,0.278601690562964,0.261023414359803,-0.00932274713519676,0.979438112731062,0.421052631578947
"Ghana","women_iron","level","infill","raw_enet",6,75,"open,survey_public,survey_dhs",75,0.256870554765292,0.268041924356682,0.270654458650553,0.247748206736977,0.00258122009427378,0.984133969014352,0.421052631578947
"Ghana","women_iron","level","infill","spatial_plus_domain",6,75,"open,survey_public,survey_dhs",75,0.601137980085348,0.591341512086818,0.216379659089912,0.206577191941133,0.00573027859628664,0.801237808154658,0.684210526315789
"Ghana","women_iron","level","infill","domain_index_cal",6,75,"open,survey_public,survey_dhs",75,0.368904694167852,0.382259257591829,0.255013890777418,0.236365547652408,0.000793958828027564,0.917877492572394,0.526315789473684
"Ghana","women_iron","level","infill","region_mean_jk",6,75,"open,survey_public,survey_dhs",75,0.394498703609274,0.398936916813428,0.266294542637493,0.258952440270435,0.0343774501905531,0.951742568621636,0.578947368421053
"Ghana","women_iron","level","infill","null_train_mean",7,75,"open,survey_public,survey_dhs",75,-0.0796971508046096,-0.112145106132555,0.278456313066422,0.261882336546419,-2.37086103064647e-17,0.996818257229987,0.157894736842105
"Ghana","women_iron","level","infill","spatial",7,75,"open,survey_public,survey_dhs",75,0.592631578947368,0.579649238108086,0.221232035468475,0.208079748794388,-0.00855119726734297,0.810750410223335,0.684210526315789
"Ghana","women_iron","level","infill","domain_index",7,75,"open,survey_public,survey_dhs",75,0.459601706970128,0.477912321277595,0.287171283513235,0.282732933843664,-0.00570522798126987,0.992529565141613,0.526315789473684
"Ghana","women_iron","level","infill","domain_enet",7,75,"open,survey_public,survey_dhs",75,0.406002844950213,0.404312649506751,0.251024967952536,0.232460158354908,-0.0167614600404146,0.910260932339168,0.473684210526316
"Ghana","women_iron","level","infill","raw_enet",7,75,"open,survey_public,survey_dhs",75,0.38375533428165,0.4197728562518,0.246981323045604,0.234616328555967,-0.00757183953110376,0.907507766701838,0.421052631578947
"Ghana","women_iron","level","infill","spatial_plus_domain",7,75,"open,survey_public,survey_dhs",75,0.592631578947368,0.579649238108087,0.221232035468474,0.208079748794388,-0.00855119726734233,0.810750410223334,0.684210526315789
"Ghana","women_iron","level","infill","domain_index_cal",7,75,"open,survey_public,survey_dhs",75,0.432887624466572,0.458982424312291,0.245023451039041,0.228053491943912,-0.00437553750114238,0.884534947880762,0.526315789473684
"Ghana","women_iron","level","infill","region_mean_jk",7,75,"open,survey_public,survey_dhs",75,0.374058159489797,0.364497213894305,0.275130243404897,0.261607271334415,-0.0213616994584041,0.997308527867691,0.526315789473684
"Ghana","women_iron","level","infill","null_train_mean",8,75,"open,survey_public,survey_dhs",75,-0.155039266046126,-0.15568141123627,0.280311026643998,0.264449661841636,-2.37086103064647e-17,1.00005901634262,0.157894736842105
"Ghana","women_iron","level","infill","spatial",8,75,"open,survey_public,survey_dhs",75,0.610953058321479,0.611296037185387,0.213906431926353,0.206046810394568,-0.00518762439006199,0.786599378046657,0.631578947368421
"Ghana","women_iron","level","infill","domain_index",8,75,"open,survey_public,survey_dhs",75,0.447908961593172,0.439196714776778,0.300750739949772,0.2930081942275,-0.0253316862810078,1.03421702442043,0.473684210526316
"Ghana","women_iron","level","infill","domain_enet",8,75,"open,survey_public,survey_dhs",75,0.345945945945946,0.365660199494985,0.269888857113842,0.255860611639463,0.0010287395904069,0.940353542500458,0.315789473684211
"Ghana","women_iron","level","infill","raw_enet",8,75,"open,survey_public,survey_dhs",75,0.449132290184922,0.466387984182463,0.238154668211342,0.220895912014293,0.00145255725245402,0.886499353590651,0.473684210526316
"Ghana","women_iron","level","infill","spatial_plus_domain",8,75,"open,survey_public,survey_dhs",75,0.576984352773826,0.58919442584045,0.217229240706199,0.208629808551048,-0.0114635558663198,0.805083759064995,0.578947368421053
"Ghana","women_iron","level","infill","domain_index_cal",8,75,"open,survey_public,survey_dhs",75,0.408534850640114,0.396235728814702,0.257738207975367,0.241334512345777,-0.00884576445809188,0.912418192131958,0.473684210526316
"Ghana","women_iron","level","infill","region_mean_jk",8,75,"open,survey_public,survey_dhs",75,0.372563267066642,0.386716443782061,0.27363707461422,0.26546568938872,0.0134159377419538,0.963319420940516,0.578947368421053
"Ghana","women_iron","level","infill","null_train_mean",9,75,"open,survey_public,survey_dhs",75,-0.224719835055621,-0.218854754277754,0.281437281676197,0.266099206427111,-2.3711501512258e-17,1.00660306257854,0.105263157894737
"Ghana","women_iron","level","infill","spatial",9,75,"open,survey_public,survey_dhs",75,0.597894736842105,0.5970449824136,0.21466955220733,0.204881505358053,0.00250429776381106,0.796919810173134,0.631578947368421
"Ghana","women_iron","level","infill","domain_index",9,75,"open,survey_public,survey_dhs",75,0.435874822190612,0.451939031439586,0.288938227781313,0.280601944032529,-0.00744278193327849,1.00107922401569,0.526315789473684
"Ghana","women_iron","level","infill","domain_enet",9,75,"open,survey_public,survey_dhs",75,0.449018492176387,0.45006990256079,0.253339899405998,0.235497013005324,0.0139753145178833,0.887973973307601,0.473684210526316
"Ghana","women_iron","level","infill","raw_enet",9,75,"open,survey_public,survey_dhs",75,0.470440967283072,0.468142028328106,0.23366585630252,0.21720063173508,-0.00560323460434656,0.87886559121689,0.526315789473684
"Ghana","women_iron","level","infill","spatial_plus_domain",9,75,"open,survey_public,survey_dhs",75,0.591152204836415,0.588984209423123,0.215389679651903,0.204684751517395,0.00500786348194318,0.803055511973646,0.631578947368421
"Ghana","women_iron","level","infill","domain_index_cal",9,75,"open,survey_public,survey_dhs",75,0.41601706970128,0.427888022196564,0.25045350043507,0.232727781218848,-0.00302487171042903,0.898326310590485,0.473684210526316
"Ghana","women_iron","level","infill","region_mean_jk",9,75,"open,survey_public,survey_dhs",75,0.444567797608129,0.393566019543323,0.279142090374943,0.273287868442641,0.0183085145776312,0.969544730340456,0.631578947368421
"Ghana","women_iron","level","infill","null_train_mean",10,75,"open,survey_public,survey_dhs",75,-0.170717394073262,-0.202587977498415,0.28168177325405,0.266628202526257,6.51486243424815e-17,1.0047113589756,0.157894736842105
"Ghana","women_iron","level","infill","spatial",10,75,"open,survey_public,survey_dhs",75,0.423015647226173,0.425527619642368,0.249508698259173,0.234991954044562,-0.0220719503225817,0.912941296242689,0.473684210526316
"Ghana","women_iron","level","infill","domain_index",10,75,"open,survey_public,survey_dhs",75,0.411692745376956,0.421744214605144,0.30579288433583,0.29299602380982,-0.0177868055459083,1.04256266902308,0.421052631578947
"Ghana","women_iron","level","infill","domain_enet",10,75,"open,survey_public,survey_dhs",75,0.323100995732575,0.321035630982767,0.260620363054544,0.244080340726002,-0.00932099629240216,0.950791782385181,0.421052631578947
"Ghana","women_iron","level","infill","raw_enet",10,75,"open,survey_public,survey_dhs",75,0.410156472261735,0.420041608376983,0.248899078434584,0.233787670692156,-0.0261485414024673,0.908470308488261,0.368421052631579
"Ghana","women_iron","level","infill","spatial_plus_domain",10,75,"open,survey_public,survey_dhs",75,0.418890469416785,0.419078558688251,0.249466760864015,0.23551206744066,-0.0182889653979549,0.917591254825751,0.421052631578947
"Ghana","women_iron","level","infill","domain_index_cal",10,75,"open,survey_public,survey_dhs",75,0.397098150782361,0.400790928788306,0.254171442217751,0.236759613648088,-0.00915112022286436,0.910434250343123,0.421052631578947
"Ghana","women_iron","level","infill","region_mean_jk",10,75,"open,survey_public,survey_dhs",75,0.341914303098089,0.322261078185711,0.277731638449227,0.267639801588839,0.00393262610555097,0.985132286910589,0.473684210526316
"Ghana","women_iron","level","region","null_train_mean",1,75,"open,survey_public,survey_dhs",75,-0.517355030966714,-0.560572839766748,0.285649106639227,0.269411283038767,-0.000395294322542981,1.024503862123,0.0526315789473684
"Ghana","women_iron","level","region","spatial",1,75,"open,survey_public,survey_dhs",75,0.441650071123755,0.457438159670474,0.24096504849771,0.232503271878982,0.0136587835573387,0.891023445477609,0.473684210526316
"Ghana","women_iron","level","region","domain_index",1,75,"open,survey_public,survey_dhs",75,0.2924893314367,0.312784156473042,0.302606103911536,0.289637419061506,-0.0479920674480409,1.06299914686429,0.315789473684211
"Ghana","women_iron","level","region","domain_enet",1,75,"open,survey_public,survey_dhs",75,0.127681365576102,0.136057949885984,0.308194370160428,0.293575026681854,0.010312180322589,1.09720692162285,0.315789473684211
"Ghana","women_iron","level","region","raw_enet",1,75,"open,survey_public,survey_dhs",75,0.215561877667141,0.232009772781218,0.270674679010543,0.257791134429927,0.00874111007190942,1.01294798884266,0.315789473684211
"Ghana","women_iron","level","region","spatial_plus_domain",1,75,"open,survey_public,survey_dhs",75,0.381650071123755,0.377216573747897,0.256401923448872,0.243396981877821,-0.00264378664862504,0.950000616403711,0.473684210526316
"Ghana","women_iron","level","region","domain_index_cal",1,75,"open,survey_public,survey_dhs",75,0.215846372688478,0.20983118656086,0.270498851079284,0.253854072582993,-0.0166180838732052,0.978489316872728,0.315789473684211
"Ghana","women_folate","prev","infill","null_train_mean",1,75,"open,survey_public,survey_dhs",75,-0.179989908947815,-0.170058952440013,25.8923758865584,23.6147994511768,-3.70074341541719e-16,1.00135772475222,0.105263157894737
"Ghana","women_folate","prev","infill","spatial",1,75,"open,survey_public,survey_dhs",75,0.400910015347629,0.445410501931309,22.5225864782462,20.8806633400154,0.371703884268447,0.966960657104041,0.421052631578947
"Ghana","women_folate","prev","infill","domain_index",1,75,"open,survey_public,survey_dhs",75,0.217699981672059,0.281209496997631,32.0018358119135,30.916973775586,-4.2802546348607,1.36507067095945,0.157894736842105
"Ghana","women_folate","prev","infill","domain_enet",1,75,"open,survey_public,survey_dhs",75,0.443851425807721,0.465384525431127,21.9160342641989,20.7723284377643,0.759900865698523,0.946754542900154,0.368421052631579
"Ghana","women_folate","prev","infill","raw_enet",1,75,"open,survey_public,survey_dhs",75,0.274736664267908,0.322459074349345,23.9670452494612,21.4774486376938,-1.09872912425394,1.01979050298267,0.263157894736842
"Ghana","women_folate","prev","infill","spatial_plus_domain",1,75,"open,survey_public,survey_dhs",75,0.385617571463235,0.436277799434789,22.7857686295068,21.1527322961997,0.470118566705441,0.975233397245713,0.368421052631579
"Ghana","women_folate","prev","infill","domain_index_cal",1,75,"open,survey_public,survey_dhs",75,0.205400467159261,0.255986793318881,25.4617723173087,23.5234759162856,-1.31154910055947,1.0432669690784,0.157894736842105
"Ghana","women_folate","prev","infill","region_mean_jk",1,75,"open,survey_public,survey_dhs",75,0.277885853289797,0.362603811692826,24.5746115888696,23.4915269558718,1.85424486033431,1.04769189999293,0.263157894736842
"Ghana","women_folate","prev","infill","null_train_mean",2,75,"open,survey_public,survey_dhs",75,-0.212497177351723,-0.233983426422797,25.8743337766542,23.580321512858,-3.70652582700378e-16,1.00848993153039,0.263157894736842
"Ghana","women_folate","prev","infill","spatial",2,75,"open,survey_public,survey_dhs",75,0.287834293279798,0.33506369081753,26.0251083509928,23.9254121426468,-0.124151426515182,1.11206566983811,0.210526315789474
"Ghana","women_folate","prev","infill","domain_index",2,75,"open,survey_public,survey_dhs",75,0.177737248538936,0.262698134468388,32.702213389721,32.2106574088323,-3.37176199806223,1.39471562125367,0.157894736842105
"Ghana","women_folate","prev","infill","domain_enet",2,75,"open,survey_public,survey_dhs",75,0.291497068748846,0.310583459870449,25.7035202911002,24.1644743658495,-1.35785304091943,1.13221563520688,0.315789473684211
"Ghana","women_folate","prev","infill","raw_enet",2,75,"open,survey_public,survey_dhs",75,0.263030812395927,0.275601910299288,23.5478055275253,20.6568735253834,-1.22637221385698,1.02325951526913,0.473684210526316
"Ghana","women_folate","prev","infill","spatial_plus_domain",2,75,"open,survey_public,survey_dhs",75,0.226764282054608,0.258057971799345,27.5795648912859,25.4618298544408,-1.32198198851401,1.187253510942,0.263157894736842
"Ghana","women_folate","prev","infill","domain_index_cal",2,75,"open,survey_public,survey_dhs",75,0.163827252983327,0.20989473809677,25.8916578293487,23.8781148802252,-0.884323854930126,1.08453569290539,0.210526315789474
"Ghana","women_folate","prev","infill","region_mean_jk",2,75,"open,survey_public,survey_dhs",75,0.0941535645994045,0.19753908160792,28.7594786819862,26.8571312663055,0.292867665022637,1.19844402843622,0.157894736842105
"Ghana","women_folate","prev","infill","null_train_mean",3,75,"open,survey_public,survey_dhs",75,-0.264639708549939,-0.280329988136582,26.1464135448976,23.8482883648917,-3.70074341541719e-16,1.01502772741175,0.157894736842105
"Ghana","women_folate","prev","infill","spatial",3,75,"open,survey_public,survey_dhs",75,0.382125820529706,0.435830342341256,23.3282059097974,21.9030453713926,0.48876863448859,0.984676032904184,0.368421052631579
"Ghana","women_folate","prev","infill","domain_index",3,75,"open,survey_public,survey_dhs",75,0.262365889531976,0.297482046686171,31.4494533538264,30.7199355710607,-4.14382558671073,1.35185839629022,0.263157894736842
"Ghana","women_folate","prev","infill","domain_enet",3,75,"open,survey_public,survey_dhs",75,0.307587627132333,0.342172839117801,24.4791843636516,23.2771893921462,-4.72421023005625,1.1151296070604,0.368421052631579
"Ghana","women_folate","prev","infill","raw_enet",3,75,"open,survey_public,survey_dhs",75,0.274294850884481,0.312113838511689,25.8420702692735,24.0296834149498,-1.79833226523499,1.09691569308834,0.315789473684211
"Ghana","women_folate","prev","infill","spatial_plus_domain",3,75,"open,survey_public,survey_dhs",75,0.382125820529706,0.435830342341256,23.3282059097974,21.9030453713927,0.488768634488292,0.984676032904184,0.368421052631579
"Ghana","women_folate","prev","infill","domain_index_cal",3,75,"open,survey_public,survey_dhs",75,0.168345151129975,0.201177945532747,26.2327922536933,24.6640768185379,-1.83378637202703,1.06941199873442,0.263157894736842
"Ghana","women_folate","prev","infill","region_mean_jk",3,75,"open,survey_public,survey_dhs",75,0.230103873142594,0.250928569106367,26.2952323560616,24.4148321660376,-0.450225560696685,1.13280696189902,0.210526315789474
"Ghana","women_folate","prev","infill","null_train_mean",4,75,"open,survey_public,survey_dhs",75,-0.132428939068271,-0.149179034364022,25.8124749919706,23.3960868672411,1.85123906944658e-15,0.999508804338269,0.263157894736842
"Ghana","women_folate","prev","infill","spatial",4,75,"open,survey_public,survey_dhs",75,0.4077937529023,0.440720286531298,22.6604610575594,20.5792708809722,1.24025665729481,0.99176617317872,0.368421052631579
"Ghana","women_folate","prev","infill","domain_index",4,75,"open,survey_public,survey_dhs",75,0.217514705091913,0.22834628188763,34.0433798169968,32.8280361867293,-5.59264767903882,1.42061981079325,0.263157894736842
"Ghana","women_folate","prev","infill","domain_enet",4,75,"open,survey_public,survey_dhs",75,0.395422978166369,0.439495601272212,22.8604109897446,20.1818262052856,1.61373405439466,1.00726046034268,0.368421052631579
"Ghana","women_folate","prev","infill","raw_enet",4,75,"open,survey_public,survey_dhs",75,0.291026751276167,0.320433765840577,23.0854143994153,20.1876664888962,-0.947722467730844,1.03429913054981,0.473684210526316
"Ghana","women_folate","prev","infill","spatial_plus_domain",4,75,"open,survey_public,survey_dhs",75,0.4077937529023,0.440720286531297,22.6604610575594,20.5792708809722,1.24025665729465,0.991766173178721,0.368421052631579
"Ghana","women_folate","prev","infill","domain_index_cal",4,75,"open,survey_public,survey_dhs",75,0.181642308766638,0.211425277713115,25.853236592701,23.3958247590752,-1.35717417783538,1.06893616125814,0.315789473684211
"Ghana","women_folate","prev","infill","region_mean_jk",4,75,"open,survey_public,survey_dhs",75,0.268305301918921,0.334509598433665,23.6115001485115,21.8657146627406,0.63731801648251,1.06014239971612,0.263157894736842
"Ghana","women_folate","prev","infill","null_train_mean",5,75,"open,survey_public,survey_dhs",75,-0.210097311899086,-0.225842976192221,26.0054925820397,23.6385125930903,-2.59008670992304e-15,1.00745941325623,0.157894736842105
"Ghana","women_folate","prev","infill","spatial",5,75,"open,survey_public,survey_dhs",75,0.367246685939484,0.419769081653782,23.4549828952627,22.0751304091277,0.513449025514344,0.993901310694048,0.315789473684211
"Ghana","women_folate","prev","infill","domain_index",5,75,"open,survey_public,survey_dhs",75,0.26983396091634,0.296387366436318,31.3062485888558,30.9036030089273,-4.05978223349765,1.32997324021239,0.368421052631579
"Ghana","women_folate","prev","infill","domain_enet",5,75,"open,survey_public,survey_dhs",75,0.277454436533404,0.31858839358097,24.3639845951533,22.6804906324684,2.3680554013363,1.04552845660512,0.368421052631579
"Ghana","women_folate","prev","infill","raw_enet",5,75,"open,survey_public,survey_dhs",75,0.206569134818647,0.217031945226394,26.226844080054,24.377349633018,1.68283367616275,1.1312496116962,0.315789473684211
"Ghana","women_folate","prev","infill","spatial_plus_domain",5,75,"open,survey_public,survey_dhs",75,0.360890274035999,0.411874197200761,23.6371969734125,21.9268341079433,1.4748547680509,1.00398083048973,0.315789473684211
"Ghana","women_folate","prev","infill","domain_index_cal",5,75,"open,survey_public,survey_dhs",75,0.217714233716686,0.203189588816748,26.1962689728879,24.255070598324,-0.816426000347642,1.06483537958838,0.315789473684211
"Ghana","women_folate","prev","infill","region_mean_jk",5,75,"open,survey_public,survey_dhs",75,0.244198649459936,0.319805866922037,24.7147586923574,22.8934791165904,1.98259855796224,1.09364140033306,0.315789473684211
"Ghana","women_folate","prev","infill","null_train_mean",6,75,"open,survey_public,survey_dhs",75,-0.233877796838857,-0.250808572027397,26.1481742878284,23.7510298874073,-3.70652582700378e-16,1.01073186763702,0.0526315789473684
"Ghana","women_folate","prev","infill","spatial",6,75,"open,survey_public,survey_dhs",75,0.437780054796769,0.499102288056764,21.5468795678343,20.1837636498279,0.89312319451491,0.928477635933204,0.315789473684211
"Ghana","women_folate","prev","infill","domain_index",6,75,"open,survey_public,survey_dhs",75,0.253714898443601,0.302556880034564,30.648556886143,29.569331082287,-1.89363132713605,1.32565339117113,0.315789473684211
"Ghana","women_folate","prev","infill","domain_enet",6,75,"open,survey_public,survey_dhs",75,0.515425193922751,0.560214853354405,20.1087658359939,19.0389821143923,0.972476668274595,0.898311598201375,0.421052631578947
"Ghana","women_folate","prev","infill","raw_enet",6,75,"open,survey_public,survey_dhs",75,0.312590094796287,0.423092574721639,23.0012763739414,22.0401094558316,-2.41482796439846,0.947578040321017,0.263157894736842
"Ghana","women_folate","prev","infill","spatial_plus_domain",6,75,"open,survey_public,survey_dhs",75,0.408420842865873,0.468981718832797,22.6357366518329,21.1533378009573,1.10613500374049,0.967282774885546,0.368421052631579
"Ghana","women_folate","prev","infill","domain_index_cal",6,75,"open,survey_public,survey_dhs",75,0.221134724427082,0.271293494342582,25.2411641177325,23.4111326355213,-0.400814542737943,1.00723639800665,0.210526315789474
"Ghana","women_folate","prev","infill","region_mean_jk",6,75,"open,survey_public,survey_dhs",75,0.310016737790236,0.422113052290801,23.6438541720652,22.6561167557753,2.80517851307944,0.986104366852955,0.210526315789474
"Ghana","women_folate","prev","infill","null_train_mean",7,75,"open,survey_public,survey_dhs",75,-0.308709965043828,-0.331011125070805,26.516173910166,24.15076540402,-3.70074341541719e-16,1.02346329157309,0.157894736842105
"Ghana","women_folate","prev","infill","spatial",7,75,"open,survey_public,survey_dhs",75,0.416843801240222,0.460119101333188,22.1225447422843,20.4438792189064,2.36770871241107,0.955464837279039,0.368421052631579
"Ghana","women_folate","prev","infill","domain_index",7,75,"open,survey_public,survey_dhs",75,0.26728284492817,0.300360211173981,30.8315791758338,29.7103688418281,-4.23837929556463,1.31454431322744,0.368421052631579
"Ghana","women_folate","prev","infill","domain_enet",7,75,"open,survey_public,survey_dhs",75,0.18767092364371,0.225829664863745,25.9933713183554,23.7526721520841,0.123149548406501,1.03483654987656,0.210526315789474
"Ghana","women_folate","prev","infill","raw_enet",7,75,"open,survey_public,survey_dhs",75,0.328937189983053,0.347808502206952,24.5451011902321,22.5810226277169,0.460121141783039,1.0418061386175,0.473684210526316
"Ghana","women_folate","prev","infill","spatial_plus_domain",7,75,"open,survey_public,survey_dhs",75,0.416843801240222,0.460119101333188,22.1225447422843,20.4438792189064,2.36770871241103,0.955464837279038,0.368421052631579
"Ghana","women_folate","prev","infill","domain_index_cal",7,75,"open,survey_public,survey_dhs",75,0.150501591257411,0.155196408161187,26.8660066901579,24.7578230209775,-0.859343748467972,1.07600366261939,0.315789473684211
"Ghana","women_folate","prev","infill","region_mean_jk",7,75,"open,survey_public,survey_dhs",75,0.232688517427976,0.297373192071928,26.0739407985763,24.3888622521082,2.80647224560652,1.12312801714469,0.210526315789474
"Ghana","women_folate","prev","infill","null_train_mean",8,75,"open,survey_public,survey_dhs",75,-0.0774502032442112,-0.0867882339308655,25.8298102270729,23.5099234852894,-3.70074341541719e-16,0.995412997858814,0.263157894736842
"Ghana","women_folate","prev","infill","spatial",8,75,"open,survey_public,survey_dhs",75,0.463790036240403,0.509490600584155,21.5132801571587,20.0565756102294,1.21330009955941,0.921540355401044,0.368421052631579
"Ghana","women_folate","prev","infill","domain_index",8,75,"open,survey_public,survey_dhs",75,0.28603853565684,0.316815979740355,31.6123212141196,30.5573001955613,-3.35616218470478,1.34554232870601,0.315789473684211
"Ghana","women_folate","prev","infill","domain_enet",8,75,"open,survey_public,survey_dhs",75,0.487990008016453,0.516547328412133,20.8753701198434,19.421707229979,1.86671987622497,0.913548646148765,0.421052631578947
"Ghana","women_folate","prev","infill","raw_enet",8,75,"open,survey_public,survey_dhs",75,0.453941873403389,0.499742178905345,21.4987933291629,19.5084264067107,-0.343539586075761,0.881393374905145,0.473684210526316
"Ghana","women_folate","prev","infill","spatial_plus_domain",8,75,"open,survey_public,survey_dhs",75,0.463790036240403,0.509490600584155,21.5132801571587,20.0565756102295,1.21330009955931,0.921540355401044,0.368421052631579
"Ghana","women_folate","prev","infill","domain_index_cal",8,75,"open,survey_public,survey_dhs",75,0.26503102187716,0.305670818639187,24.5048227116649,22.6626517446569,-0.671479265631913,0.991204147090189,0.210526315789474
"Ghana","women_folate","prev","infill","region_mean_jk",8,75,"open,survey_public,survey_dhs",75,0.395040476670848,0.470774480889896,21.6395518242477,20.7938858953573,1.43281404271527,0.930657834996944,0.368421052631579
"Ghana","women_folate","prev","infill","null_train_mean",9,75,"open,survey_public,survey_dhs",75,-0.197007136702881,-0.175759774188198,25.9276412554872,23.5719855509299,-3.70652582700378e-16,1.00190391165034,0.0526315789473684
"Ghana","women_folate","prev","infill","spatial",9,75,"open,survey_public,survey_dhs",75,0.44730042060737,0.499077997646085,21.6174432075601,19.9889283836446,-0.627751345256277,0.921368234896904,0.368421052631579
"Ghana","women_folate","prev","infill","domain_index",9,75,"open,survey_public,survey_dhs",75,0.317606814504867,0.330152792922392,31.1549544026493,30.5473167467194,-3.7190564581941,1.33135405217144,0.368421052631579
"Ghana","women_folate","prev","infill","domain_enet",9,75,"open,survey_public,survey_dhs",75,0.398102362556179,0.411373480469632,23.3031997890201,21.6244251612059,-0.093686506236483,0.99139379867792,0.473684210526316
"Ghana","women_folate","prev","infill","raw_enet",9,75,"open,survey_public,survey_dhs",75,0.443780165584588,0.503385189718882,20.5353110163507,18.2899779924272,-1.11223398069301,0.862068634074482,0.473684210526316
"Ghana","women_folate","prev","infill","spatial_plus_domain",9,75,"open,survey_public,survey_dhs",75,0.447442941053637,0.499978566290478,21.4905849268033,19.7681524725166,-0.860028603281021,0.916712693039489,0.421052631578947
"Ghana","women_folate","prev","infill","domain_index_cal",9,75,"open,survey_public,survey_dhs",75,0.269634432291567,0.320771723798064,24.0167179562037,22.5091446983708,-1.05975747358934,0.987931453251121,0.315789473684211
"Ghana","women_folate","prev","infill","region_mean_jk",9,75,"open,survey_public,survey_dhs",75,0.328315077270714,0.419423593251679,22.6610747209589,21.8753163659864,-0.0893930014419901,0.977019786061717,0.421052631578947
"Ghana","women_folate","prev","infill","null_train_mean",10,75,"open,survey_public,survey_dhs",75,-0.179771739361211,-0.171820968901996,25.9760251280828,23.7442724718054,-3.70652582700378e-16,1.00152464964092,0.105263157894737
"Ghana","women_folate","prev","infill","spatial",10,75,"open,survey_public,survey_dhs",75,0.437979583421542,0.481480933469468,21.8918389044834,20.4560402490677,0.37497641411366,0.945320237527563,0.368421052631579
"Ghana","women_folate","prev","infill","domain_index",10,75,"open,survey_public,survey_dhs",75,0.256622315547437,0.304682064037418,31.3238675676804,30.9891807692073,-4.12683032496695,1.33765479620188,0.368421052631579
"Ghana","women_folate","prev","infill","domain_enet",10,75,"open,survey_public,survey_dhs",75,0.415504109045317,0.471083088841488,22.0699537969356,20.400474223713,-2.52755678422402,0.958650157598671,0.315789473684211
"Ghana","women_folate","prev","infill","raw_enet",10,75,"open,survey_public,survey_dhs",75,0.40515712464637,0.451460439683688,21.211546901508,19.1812243437531,-1.72948228546307,0.92612865454747,0.421052631578947
"Ghana","women_folate","prev","infill","spatial_plus_domain",10,75,"open,survey_public,survey_dhs",75,0.437979583421542,0.481480933469467,21.8918389044834,20.4560402490677,0.374976414113592,0.945320237527564,0.368421052631579
"Ghana","women_folate","prev","infill","domain_index_cal",10,75,"open,survey_public,survey_dhs",75,0.264147395110308,0.310513071450307,24.4401153692155,22.9252659596947,-1.06290081150058,0.992655174052705,0.368421052631579
"Ghana","women_folate","prev","infill","region_mean_jk",10,75,"open,survey_public,survey_dhs",75,0.26967773025002,0.356739001739953,23.8564268845548,22.6379859751007,-1.54146128391627,1.03584326163291,0.368421052631579
"Ghana","women_folate","prev","region","null_train_mean",1,75,"open,survey_public,survey_dhs",75,-0.513946309887754,-0.583696750673118,26.4383716465557,24.0239159468216,0.0586793099250719,1.01987278438657,0.105263157894737
"Ghana","women_folate","prev","region","spatial",1,75,"open,survey_public,survey_dhs",75,0.321554630866449,0.36302037763246,24.5937135117659,22.7745247089232,3.41003849137604,1.06075482113754,0.368421052631579
"Ghana","women_folate","prev","region","domain_index",1,75,"open,survey_public,survey_dhs",75,0.149603712445932,0.219619392420997,33.7610192109465,32.6326540146178,-2.89480873240764,1.40040027355669,0.263157894736842
"Ghana","women_folate","prev","region","domain_enet",1,75,"open,survey_public,survey_dhs",75,0.253942931157627,0.228684953973948,29.992122741219,29.0120571862198,-4.13681164004493,1.24950170617843,0.368421052631579
"Ghana","women_folate","prev","region","raw_enet",1,75,"open,survey_public,survey_dhs",75,0.0757603946847796,0.0664558131172266,28.6981561701114,26.1030365866717,-4.61668553933812,1.21186377757824,0.263157894736842
"Ghana","women_folate","prev","region","spatial_plus_domain",1,75,"open,survey_public,survey_dhs",75,0.271914759431831,0.306264379563748,27.8500398246988,26.6742158729241,-0.359484372673057,1.18767354665621,0.263157894736842
"Ghana","women_folate","prev","region","domain_index_cal",1,75,"open,survey_public,survey_dhs",75,0.0867806997316641,0.0970714710375898,27.6806482812172,25.3156902327893,-0.0208961457740246,1.1303458902978,0.210526315789474
"Ghana","women_folate","level","infill","null_train_mean",1,75,"open,survey_public,survey_dhs",75,-0.222977820830383,-0.207887472296817,0.313346730811378,0.290827907556489,8.88756660858784e-18,1.00531199798781,0.157894736842105
"Ghana","women_folate","level","infill","spatial",1,75,"open,survey_public,survey_dhs",75,0.566543385490754,0.641799717629794,0.239759672722001,0.233597202782801,-0.00396206329485267,0.761823379202892,0.578947368421053
"Ghana","women_folate","level","infill","domain_index",1,75,"open,survey_public,survey_dhs",75,0.381621621621622,0.398215987472154,0.33363615466336,0.317233843466489,-0.00111857358198643,1.07766390402777,0.421052631578947
"Ghana","women_folate","level","infill","domain_enet",1,75,"open,survey_public,survey_dhs",75,0.558691322901849,0.652879886758474,0.235274295470555,0.236100838820013,0.00394431813266671,0.757002942570273,0.421052631578947
"Ghana","women_folate","level","infill","raw_enet",1,75,"open,survey_public,survey_dhs",75,0.615448079658606,0.676251679363927,0.224279748999246,0.216062737494804,-0.00712743602034372,0.734501381177842,0.578947368421053
"Ghana","women_folate","level","infill","spatial_plus_domain",1,75,"open,survey_public,survey_dhs",75,0.58022759601707,0.645195514437321,0.237588359960494,0.231171456942651,-0.0048572845953392,0.75901825045766,0.526315789473684
"Ghana","women_folate","level","infill","domain_index_cal",1,75,"open,survey_public,survey_dhs",75,0.36529160739687,0.381916133887429,0.289196007318204,0.273631132960748,-0.00273212366967352,0.918414031358607,0.421052631578947
"Ghana","women_folate","level","infill","region_mean_jk",1,75,"open,survey_public,survey_dhs",75,0.404624376087988,0.488872028839161,0.290659652612099,0.287873261552548,0.00556036671792695,0.903848348659785,0.368421052631579
"Ghana","women_folate","level","infill","null_train_mean",2,75,"open,survey_public,survey_dhs",75,-0.162442826503385,-0.192461539763966,0.313456847597823,0.290732651803246,-7.99389489788046e-17,1.00360583310714,0.157894736842105
"Ghana","women_folate","level","infill","spatial",2,75,"open,survey_public,survey_dhs",75,0.490412517780939,0.574906675731527,0.264372070461718,0.252829368268711,-0.00571026539117646,0.830494571132656,0.473684210526316
"Ghana","women_folate","level","infill","domain_index",2,75,"open,survey_public,survey_dhs",75,0.335988620199146,0.370937576210747,0.343842067396107,0.32760584910884,0.00101343190512396,1.11685014278781,0.368421052631579
"Ghana","women_folate","level","infill","domain_enet",2,75,"open,survey_public,survey_dhs",75,0.404495021337127,0.532134475968662,0.286626339770139,0.275331453351012,-0.021573008891662,0.888574195539408,0.473684210526316
"Ghana","women_folate","level","infill","raw_enet",2,75,"open,survey_public,survey_dhs",75,0.415817923186344,0.5309834030072,0.270223842824814,0.263459852891286,-0.0276080235892968,0.864068198286034,0.473684210526316
"Ghana","women_folate","level","infill","spatial_plus_domain",2,75,"open,survey_public,survey_dhs",75,0.462304409672831,0.56020543167969,0.269306814467252,0.258251927745522,-0.0107143814370917,0.847497028739342,0.473684210526316
"Ghana","women_folate","level","infill","domain_index_cal",2,75,"open,survey_public,survey_dhs",75,0.33823613086771,0.338825533473068,0.293372254572383,0.277310092842259,0.0033149794856253,0.938709364375591,0.421052631578947
"Ghana","women_folate","level","infill","region_mean_jk",2,75,"open,survey_public,survey_dhs",75,0.254845618784666,0.385730932216208,0.336859466719611,0.330172603502551,0.00132345043730503,1.01311406989973,0.263157894736842
"Ghana","women_folate","level","infill","null_train_mean",3,75,"open,survey_public,survey_dhs",75,-0.279157779594288,-0.272070836999711,0.317189751160183,0.295248492502221,8.89334902017443e-18,1.01377964891713,0.0526315789473684
"Ghana","women_folate","level","infill","spatial",3,75,"open,survey_public,survey_dhs",75,0.513058321479374,0.607653423308325,0.24147063706216,0.233328182053303,-0.0148654534927989,0.791979743694703,0.578947368421053
"Ghana","women_folate","level","infill","domain_index",3,75,"open,survey_public,survey_dhs",75,0.397553342816501,0.403407890940058,0.328288098833682,0.312514376907246,-0.00420024537292684,1.07028923124927,0.473684210526316
"Ghana","women_folate","level","infill","domain_enet",3,75,"open,survey_public,survey_dhs",75,0.405206258890469,0.500396107668099,0.277516764941259,0.26611305243887,-0.067971641826517,0.926349063922998,0.526315789473684
"Ghana","women_folate","level","infill","raw_enet",3,75,"open,survey_public,survey_dhs",75,0.426543385490754,0.502060931143522,0.274427944629701,0.258267174305538,-0.0390593755529297,0.914726986598741,0.526315789473684
"Ghana","women_folate","level","infill","spatial_plus_domain",3,75,"open,survey_public,survey_dhs",75,0.493911806543385,0.59599715909261,0.244116345927463,0.235901730628842,-0.019216066307271,0.802419765035623,0.578947368421053
"Ghana","women_folate","level","infill","domain_index_cal",3,75,"open,survey_public,survey_dhs",75,0.315362731152205,0.354581729839124,0.295959500000942,0.278658542169371,-0.00535146850591379,0.929741199316712,0.368421052631579
"Ghana","women_folate","level","infill","region_mean_jk",3,75,"open,survey_public,survey_dhs",75,0.320392162123006,0.422397377502646,0.299660325725958,0.290857098164797,-0.0181438388156448,0.953493871820855,0.263157894736842
"Ghana","women_folate","level","infill","null_train_mean",4,75,"open,survey_public,survey_dhs",75,-0.0405018307367688,-0.0706703256088961,0.31002208154534,0.286889396128678,9.77169734017735e-17,0.994705232894747,0.210526315789474
"Ghana","women_folate","level","infill","spatial",4,75,"open,survey_public,survey_dhs",75,0.610697012802276,0.673852174745631,0.228107469802314,0.217393930200001,-0.00187961478985189,0.734201140181191,0.631578947368421
"Ghana","women_folate","level","infill","domain_index",4,75,"open,survey_public,survey_dhs",75,0.40950213371266,0.4183812137753,0.324630543310745,0.309719179900558,-0.00211803109479134,1.0581246380522,0.473684210526316
"Ghana","women_folate","level","infill","domain_enet",4,75,"open,survey_public,survey_dhs",75,0.663100995732575,0.706525202812584,0.226753125941973,0.220698574151895,0.00623680285136065,0.704434249439279,0.526315789473684
"Ghana","women_folate","level","infill","raw_enet",4,75,"open,survey_public,survey_dhs",75,0.597041251778094,0.667353024176099,0.237981475151166,0.227628654130778,0.00307278227332394,0.740018665402894,0.473684210526316
"Ghana","women_folate","level","infill","spatial_plus_domain",4,75,"open,survey_public,survey_dhs",75,0.590298719772404,0.653950878566204,0.235406897258206,0.224823117756454,-0.00479564804138714,0.751953568426757,0.526315789473684
"Ghana","women_folate","level","infill","domain_index_cal",4,75,"open,survey_public,survey_dhs",75,0.400483641536273,0.401728500120223,0.284928413506057,0.26722471202238,-0.000614170199673275,0.909819901747732,0.473684210526316
"Ghana","women_folate","level","infill","region_mean_jk",4,75,"open,survey_public,survey_dhs",75,0.484690269124432,0.541828089762614,0.275897004735465,0.268991623720335,0.0051159845376201,0.854534856604615,0.421052631578947
"Ghana","women_folate","level","infill","null_train_mean",5,75,"open,survey_public,survey_dhs",75,-0.153297251820888,-0.219495543051238,0.313714600331617,0.29024655307478,8.89913143176102e-18,1.00668049524882,0.315789473684211
"Ghana","women_folate","level","infill","spatial",5,75,"open,survey_public,survey_dhs",75,0.58873399715505,0.618350434514906,0.243621863437865,0.231109063052117,-0.00272464994475878,0.780759072179388,0.578947368421053
"Ghana","women_folate","level","infill","domain_index",5,75,"open,survey_public,survey_dhs",75,0.385405405405405,0.402236057785447,0.331961515719037,0.314766051606876,-0.00840088655428155,1.06851967295149,0.473684210526316
"Ghana","women_folate","level","infill","domain_enet",5,75,"open,survey_public,survey_dhs",75,0.482588904694168,0.530416568864625,0.256249314150438,0.248275102434205,-0.0130112909106153,0.874323255797581,0.526315789473684
"Ghana","women_folate","level","infill","raw_enet",5,75,"open,survey_public,survey_dhs",75,0.490697012802276,0.547316759473421,0.252391270598811,0.243278170511445,0.0143457229551934,0.833538067642264,0.526315789473684
"Ghana","women_folate","level","infill","spatial_plus_domain",5,75,"open,survey_public,survey_dhs",75,0.575192034139402,0.585265673798022,0.250756328680763,0.237356852909796,-0.0183836321850446,0.810392626185263,0.526315789473684
"Ghana","women_folate","level","infill","domain_index_cal",5,75,"open,survey_public,survey_dhs",75,0.352944523470839,0.350185785018798,0.292111648464579,0.274154301282842,-0.00128556431625505,0.931710186740251,0.473684210526316
"Ghana","women_folate","level","infill","region_mean_jk",5,75,"open,survey_public,survey_dhs",75,0.406619782157491,0.490005860365809,0.284894778136477,0.275112219823306,0.0100175426333164,0.893672618287984,0.368421052631579
"Ghana","women_folate","level","infill","null_train_mean",6,75,"open,survey_public,survey_dhs",75,-0.230381381287642,-0.229569001257726,0.315224857959556,0.291349607111089,9.7711190990187e-17,1.00792670159318,0.105263157894737
"Ghana","women_folate","level","infill","spatial",6,75,"open,survey_public,survey_dhs",75,0.61724039829303,0.674429816676499,0.226588256044741,0.219821826406807,0.00597783286515562,0.73379865442554,0.631578947368421
"Ghana","women_folate","level","infill","domain_index",6,75,"open,survey_public,survey_dhs",75,0.414537695590327,0.415335898051791,0.326077507742883,0.309026025779129,0.00253440975490201,1.05399436641001,0.473684210526316
"Ghana","women_folate","level","infill","domain_enet",6,75,"open,survey_public,survey_dhs",75,0.645149359886202,0.702465916383154,0.221060884792498,0.222758399723042,-0.0135022854146353,0.708224872489721,0.578947368421053
"Ghana","women_folate","level","infill","raw_enet",6,75,"open,survey_public,survey_dhs",75,0.595817923186344,0.632031561871972,0.232154167736042,0.222077795282549,-0.00948907207880539,0.77146201829683,0.578947368421053
"Ghana","women_folate","level","infill","spatial_plus_domain",6,75,"open,survey_public,survey_dhs",75,0.600825035561878,0.672310339871172,0.228724466613269,0.220862538101102,0.0063161660764695,0.735829819683971,0.578947368421053
"Ghana","women_folate","level","infill","domain_index_cal",6,75,"open,survey_public,survey_dhs",75,0.383783783783784,0.391367844662993,0.287351145781682,0.270971403924459,0.000879681061413864,0.914199497912627,0.473684210526316
"Ghana","women_folate","level","infill","region_mean_jk",6,75,"open,survey_public,survey_dhs",75,0.452699464629435,0.544222175711687,0.272491424875464,0.2676570246594,0.00435322727593542,0.846042278583877,0.473684210526316
"Ghana","women_folate","level","infill","null_train_mean",7,75,"open,survey_public,survey_dhs",75,-0.374968561982344,-0.363177723891766,0.320427170069414,0.296457668925406,8.89913143176102e-18,1.029499922042,0.0526315789473684
"Ghana","women_folate","level","infill","spatial",7,75,"open,survey_public,survey_dhs",75,0.563300142247511,0.643028342261584,0.235733475956944,0.228219167895398,0.0040921462909643,0.760820995094644,0.578947368421053
"Ghana","women_folate","level","infill","domain_index",7,75,"open,survey_public,survey_dhs",75,0.374110953058321,0.395887392944073,0.323562888017598,0.307812964996176,0.00183933926813931,1.05513038801126,0.421052631578947
"Ghana","women_folate","level","infill","domain_enet",7,75,"open,survey_public,survey_dhs",75,0.50398293029872,0.593706165209566,0.256479168746427,0.251651051628456,-0.0100279539517141,0.804960182143727,0.526315789473684
"Ghana","women_folate","level","infill","raw_enet",7,75,"open,survey_public,survey_dhs",75,0.539914651493599,0.610540585097401,0.247144678358138,0.245645303196177,0.0224771258484181,0.794300489017465,0.421052631578947
"Ghana","women_folate","level","infill","spatial_plus_domain",7,75,"open,survey_public,survey_dhs",75,0.534366998577525,0.638332755984849,0.242179166159598,0.234257132336916,0.00907632289633131,0.766769888118803,0.526315789473684
"Ghana","women_folate","level","infill","domain_index_cal",7,75,"open,survey_public,survey_dhs",75,0.303840682788051,0.321424534537719,0.295269681920935,0.277274922282531,0.000413703468248814,0.942057600525664,0.421052631578947
"Ghana","women_folate","level","infill","region_mean_jk",7,75,"open,survey_public,survey_dhs",75,0.366985691055405,0.446937503252759,0.31065370474585,0.298971526096221,0.0162107538441996,0.96222406684095,0.157894736842105
"Ghana","women_folate","level","infill","null_train_mean",8,75,"open,survey_public,survey_dhs",75,-0.082745675698775,-0.131546578868002,0.31075817175468,0.287722465594431,-7.99389489788046e-17,0.998133591011372,0.210526315789474
"Ghana","women_folate","level","infill","spatial",8,75,"open,survey_public,survey_dhs",75,0.62597439544808,0.682764120401124,0.226344190938222,0.218663719895682,0.00246584393502449,0.726216588192083,0.578947368421053
"Ghana","women_folate","level","infill","domain_index",8,75,"open,survey_public,survey_dhs",75,0.419061166429587,0.424897080780099,0.331510340450822,0.308984528150497,0.00528906058112576,1.06774280492539,0.421052631578947
"Ghana","women_folate","level","infill","domain_enet",8,75,"open,survey_public,survey_dhs",75,0.600056899004267,0.672940506655735,0.227303958000483,0.222514124989051,-0.0016803437312016,0.736004097287689,0.578947368421053
"Ghana","women_folate","level","infill","raw_enet",8,75,"open,survey_public,survey_dhs",75,0.688392603129445,0.740921531798607,0.217559487766953,0.209908734332895,-0.000828963276161521,0.670031175956477,0.631578947368421
"Ghana","women_folate","level","infill","spatial_plus_domain",8,75,"open,survey_public,survey_dhs",75,0.62597439544808,0.682764120401124,0.226344190938222,0.218663719895682,0.00246584393502378,0.726216588192082,0.578947368421053
"Ghana","women_folate","level","infill","domain_index_cal",8,75,"open,survey_public,survey_dhs",75,0.393684210526316,0.411490172744083,0.286281116218309,0.269658958707284,-0.00112099946561419,0.905397600866681,0.421052631578947
"Ghana","women_folate","level","infill","region_mean_jk",8,75,"open,survey_public,survey_dhs",75,0.462093423136738,0.54024564202106,0.271084941347062,0.265594250757472,-0.003443181725031,0.853253195355386,0.368421052631579
"Ghana","women_folate","level","infill","null_train_mean",9,75,"open,survey_public,survey_dhs",75,-0.140667648687918,-0.164025683003951,0.313120411138018,0.290307655787422,8.88756660858784e-18,1.0007989919893,0.157894736842105
"Ghana","women_folate","level","infill","spatial",9,75,"open,survey_public,survey_dhs",75,0.571578947368421,0.648026286200163,0.235146000836838,0.226811009267329,-0.016372518729698,0.757745602701523,0.578947368421053
"Ghana","women_folate","level","infill","domain_index",9,75,"open,survey_public,survey_dhs",75,0.410213371266003,0.428362885096214,0.329698667853997,0.313430142235448,-0.0060204400526912,1.06077452782954,0.473684210526316
"Ghana","women_folate","level","infill","domain_enet",9,75,"open,survey_public,survey_dhs",75,0.548193456614509,0.60622724631243,0.244989022065766,0.241120540310933,-0.0199628946579468,0.794238748404967,0.473684210526316
"Ghana","women_folate","level","infill","raw_enet",9,75,"open,survey_public,survey_dhs",75,0.62950213371266,0.687081792712787,0.222308784511724,0.222389443058792,-0.0108691942895784,0.724102946068463,0.526315789473684
"Ghana","women_folate","level","infill","spatial_plus_domain",9,75,"open,survey_public,survey_dhs",75,0.537667140825036,0.615770823982393,0.243497893467609,0.234310014362786,-0.0259019309598733,0.786483692780244,0.578947368421053
"Ghana","women_folate","level","infill","domain_index_cal",9,75,"open,survey_public,survey_dhs",75,0.359032716927454,0.391996279147528,0.286906721011595,0.272352919668517,-0.00302654535616209,0.913891188927713,0.473684210526316
"Ghana","women_folate","level","infill","region_mean_jk",9,75,"open,survey_public,survey_dhs",75,0.452052678907082,0.532138079586139,0.275061091425729,0.272282489102898,-0.00800810477267318,0.856910653344708,0.421052631578947
"Ghana","women_folate","level","infill","null_train_mean",10,75,"open,survey_public,survey_dhs",75,-0.173765918967427,-0.16127457552759,0.312802903574438,0.290634746032595,8.89913143176102e-18,1.00055081475236,0.105263157894737
"Ghana","women_folate","level","infill","spatial",10,75,"open,survey_public,survey_dhs",75,0.573115220483641,0.63689048158752,0.240056742918069,0.232746397919333,-0.00403111621272719,0.767539001805113,0.473684210526316
"Ghana","women_folate","level","infill","domain_index",10,75,"open,survey_public,survey_dhs",75,0.372802275960171,0.393956534438857,0.341229978092101,0.324816764626833,-0.00182093040290952,1.08522488908289,0.421052631578947
"Ghana","women_folate","level","infill","domain_enet",10,75,"open,survey_public,survey_dhs",75,0.522076813655761,0.612838408467373,0.242779709698349,0.242407462786016,0.000537026244411383,0.794160480575802,0.473684210526316
"Ghana","women_folate","level","infill","raw_enet",10,75,"open,survey_public,survey_dhs",75,0.538805120910384,0.600205344109179,0.24309459530669,0.233949343599243,0.00214242734054656,0.807389313313054,0.473684210526316
"Ghana","women_folate","level","infill","spatial_plus_domain",10,75,"open,survey_public,survey_dhs",75,0.573115220483641,0.636890481587519,0.24005674291807,0.232746397919334,-0.00403111621272683,0.767539001805114,0.473684210526316
"Ghana","women_folate","level","infill","domain_index_cal",10,75,"open,survey_public,survey_dhs",75,0.366827880512091,0.389622956077018,0.287114452393376,0.272427039211569,-0.000710705245802658,0.914816230319736,0.473684210526316
"Ghana","women_folate","level","infill","region_mean_jk",10,75,"open,survey_public,survey_dhs",75,0.343280423425114,0.471162404304998,0.28788656268815,0.285650128405893,-0.0233038576212374,0.902804474327935,0.473684210526316
"Ghana","women_folate","level","region","null_train_mean",1,75,"open,survey_public,survey_dhs",75,-0.628443359259562,-0.647525245419727,0.320181872737862,0.295824202674176,0.0022791138970146,1.02990692841603,0
"Ghana","women_folate","level","region","spatial",1,75,"open,survey_public,survey_dhs",75,0.446799431009957,0.510020273974974,0.267561678532805,0.254300483558686,0.0392314219525092,0.866095602657869,0.526315789473684
"Ghana","women_folate","level","region","domain_index",1,75,"open,survey_public,survey_dhs",75,0.280654338549075,0.296444701125738,0.345667126158223,0.323860769104858,0.0261958287769981,1.1295421443435,0.421052631578947
"Ghana","women_folate","level","region","domain_enet",1,75,"open,survey_public,survey_dhs",75,0.277553342816501,0.266494928617808,0.346276018866444,0.337648393675525,-0.0265608355439724,1.12765527490503,0.315789473684211
"Ghana","women_folate","level","region","raw_enet",1,75,"open,survey_public,survey_dhs",75,0.236813655761024,0.289722663975135,0.322672189444727,0.308950133053175,-0.0132144890851321,1.02371547661438,0.263157894736842
"Ghana","women_folate","level","region","spatial_plus_domain",1,75,"open,survey_public,survey_dhs",75,0.441251778093883,0.494004354788524,0.268740632456117,0.25570630211229,0.0333032975141774,0.875412602333881,0.526315789473684
"Ghana","women_folate","level","region","domain_index_cal",1,75,"open,survey_public,survey_dhs",75,0.205917496443812,0.207487419579765,0.306937338401916,0.284957297454209,0.0121661621061956,0.98555297093351,0.368421052631579
"Ghana","women_b12","prev","infill","null_train_mean",1,75,"open,survey_public,survey_dhs",75,-0.158859301746971,-0.196195141247896,11.9413105040729,10.4171418279672,-2.77085935214879e-16,1.0040069834075,0.105263157894737
"Ghana","women_b12","prev","infill","spatial",1,75,"open,survey_public,survey_dhs",75,0.352066803032309,0.362651175432111,9.81057719408026,8.7032172218561,-3.15252332600488,1.07951715954986,0.631578947368421
"Ghana","women_b12","prev","infill","domain_index",1,75,"open,survey_public,survey_dhs",75,0.320819337301013,0.598529910186441,9.51528590758454,9.03471072314146,1.16148930344999,0.887231158722496,0.526315789473684
"Ghana","women_b12","prev","infill","domain_enet",1,75,"open,survey_public,survey_dhs",75,0.273898955914355,0.198362413232648,10.4120214607846,10.1447510122869,-3.75529934788042,1.15658053619702,0.578947368421053
"Ghana","women_b12","prev","infill","raw_enet",1,75,"open,survey_public,survey_dhs",75,0.23314281750512,0.481359287618321,8.71505359305328,7.96914319667313,-5.11386163889821,0.925970860447174,0.578947368421053
"Ghana","women_b12","prev","infill","spatial_plus_domain",1,75,"open,survey_public,survey_dhs",75,0.352066803032309,0.362651175432109,9.81057719408032,8.70321722185615,-3.1525233260048,1.07951715954986,0.631578947368421
"Ghana","women_b12","prev","infill","domain_index_cal",1,75,"open,survey_public,survey_dhs",75,0.221634044712167,0.360589722137215,9.60521333487724,8.67972145258414,-6.08295225154341,1.01500000036748,0.368421052631579
"Ghana","women_b12","prev","infill","region_mean_jk",1,75,"open,survey_public,survey_dhs",75,0.268394861419541,0.608021629391757,8.38508270301932,7.93317394976564,-2.4008902293458,0.831755119793598,0.578947368421053
"Ghana","women_b12","prev","infill","null_train_mean",2,75,"open,survey_public,survey_dhs",75,-0.174168018029065,-0.238258011079092,11.9374046533371,10.382884841855,5.65592133313271e-17,1.00904523435758,0.0526315789473684
"Ghana","women_b12","prev","infill","spatial",2,75,"open,survey_public,survey_dhs",75,0.326885214699008,0.347459963566125,9.17842946515578,8.3458422053637,-4.81001050771714,0.993355768241122,0.473684210526316
"Ghana","women_b12","prev","infill","domain_index",2,75,"open,survey_public,survey_dhs",75,0.319311065083133,0.625706703808804,9.51881470788359,9.14029589876578,0.975295749133147,0.846392315516036,0.526315789473684
"Ghana","women_b12","prev","infill","domain_enet",2,75,"open,survey_public,survey_dhs",75,0.316065000962043,0.586589196420109,9.00890654893663,8.28859176129839,-6.07129822884895,0.963673125944876,0.578947368421053
"Ghana","women_b12","prev","infill","raw_enet",2,75,"open,survey_public,survey_dhs",75,0.244274522243604,0.556893839409519,8.86063492118046,8.11789447149275,-6.03371681647594,0.954274355603342,0.526315789473684
"Ghana","women_b12","prev","infill","spatial_plus_domain",2,75,"open,survey_public,survey_dhs",75,0.321032462723104,0.349051516502963,9.18985648182082,8.35956941303147,-4.78472605195725,0.992983860285134,0.473684210526316
"Ghana","women_b12","prev","infill","domain_index_cal",2,75,"open,survey_public,survey_dhs",75,0.264603408658508,0.445776804149662,9.5967511623178,8.65665893641545,-6.42619716073897,1.02033245860617,0.526315789473684
"Ghana","women_b12","prev","infill","region_mean_jk",2,75,"open,survey_public,survey_dhs",75,0.250880354654918,0.291554346669404,10.5142651140228,9.73622735882926,-1.9919870343705,1.10242506090065,0.473684210526316
"Ghana","women_b12","prev","infill","null_train_mean",3,75,"open,survey_public,survey_dhs",75,-0.300904111839839,-0.351840586168762,12.1394931785969,10.5652603701528,2.2291196666302e-16,1.02731256908431,0.105263157894737
"Ghana","women_b12","prev","infill","spatial",3,75,"open,survey_public,survey_dhs",75,0.311966435152587,0.331399603740685,9.18647145742097,8.29565288365727,-5.68970720405926,0.99946645684605,0.526315789473684
"Ghana","women_b12","prev","infill","domain_index",3,75,"open,survey_public,survey_dhs",75,0.34368933451778,0.555435354097407,9.58470966055021,8.81424523942601,0.150743137202917,0.888844846713774,0.526315789473684
"Ghana","women_b12","prev","infill","domain_enet",3,75,"open,survey_public,survey_dhs",75,0.278292618462093,0.254183301576408,9.64398830527377,8.88735795887023,-5.73536439698147,1.02287091159737,0.526315789473684
"Ghana","women_b12","prev","infill","raw_enet",3,75,"open,survey_public,survey_dhs",75,0.131990213327735,0.226080444682802,9.543298864669,8.62830531220687,-6.37800849419813,1.04298281330292,0.368421052631579
"Ghana","women_b12","prev","infill","spatial_plus_domain",3,75,"open,survey_public,survey_dhs",75,0.322212849676228,0.391674066696394,9.03909646294436,8.2027486848707,-5.59663655571212,0.977256037747079,0.526315789473684
"Ghana","women_b12","prev","infill","domain_index_cal",3,75,"open,survey_public,survey_dhs",75,0.273046454225988,0.332208090752038,9.59922227025513,8.56781792921879,-6.59152682972156,1.04065319738491,0.473684210526316
"Ghana","women_b12","prev","infill","region_mean_jk",3,75,"open,survey_public,survey_dhs",75,0.257846180669109,0.409238891538361,9.76019616324819,9.19103490071706,-2.46566913639133,1.06511933822857,0.526315789473684
"Ghana","women_b12","prev","infill","null_train_mean",4,75,"open,survey_public,survey_dhs",75,-0.403296837136465,-0.399070322566949,12.3901679990323,10.886653037425,5.728020777603e-16,1.03684828667118,0.105263157894737
"Ghana","women_b12","prev","infill","spatial",4,75,"open,survey_public,survey_dhs",75,0.229732810751653,0.140490681989294,9.92293470614221,9.08254049256017,-5.60744709695317,1.0591642113873,0.315789473684211
"Ghana","women_b12","prev","infill","domain_index",4,75,"open,survey_public,survey_dhs",75,0.313933746741126,0.46221758984404,9.97032887196979,9.39009946534433,-0.313021444012047,0.947095189541453,0.473684210526316
"Ghana","women_b12","prev","infill","domain_enet",4,75,"open,survey_public,survey_dhs",75,0.259406427212117,0.204810442118091,9.83819758071888,9.31997146316671,-5.81963912983654,1.04097625020002,0.473684210526316
"Ghana","women_b12","prev","infill","raw_enet",4,75,"open,survey_public,survey_dhs",75,0.0590747719083456,0.284442142959991,9.47403085651912,8.75613357529846,-6.27533852541027,1.02686866869452,0.210526315789474
"Ghana","women_b12","prev","infill","spatial_plus_domain",4,75,"open,survey_public,survey_dhs",75,0.251373238225583,0.177994588404155,9.75555259721789,8.93234279933568,-5.62195279097537,1.04704562754759,0.421052631578947
"Ghana","women_b12","prev","infill","domain_index_cal",4,75,"open,survey_public,survey_dhs",75,0.188255324759953,0.15443220075879,9.86489912839063,8.95127443928731,-6.47223193634964,1.05796550925367,0.210526315789474
"Ghana","women_b12","prev","infill","region_mean_jk",4,75,"open,survey_public,survey_dhs",75,0.34601747912617,0.425906484936969,9.80075003073394,9.39487422498215,-2.04111817591682,1.04133269527432,0.631578947368421
"Ghana","women_b12","prev","infill","null_train_mean",5,75,"open,survey_public,survey_dhs",75,-0.210055664395284,-0.177746169739261,11.8867280947259,10.354832050101,9.17596438646899e-17,1.00209838371404,0.210526315789474
"Ghana","women_b12","prev","infill","spatial",5,75,"open,survey_public,survey_dhs",75,0.237257777577815,0.340954463320682,9.80195770660114,8.98483524823809,-3.14562526846808,1.02264447377674,0.421052631578947
"Ghana","women_b12","prev","infill","domain_index",5,75,"open,survey_public,survey_dhs",75,0.335475808635629,0.600230780765208,9.39731486829457,9.15834891578049,1.06466926399449,0.86650893714283,0.526315789473684
"Ghana","women_b12","prev","infill","domain_enet",5,75,"open,survey_public,survey_dhs",75,0.323409630892589,0.540445386491846,8.77517345624377,8.03663429758668,-5.87704926638497,0.954965406253684,0.578947368421053
"Ghana","women_b12","prev","infill","raw_enet",5,75,"open,survey_public,survey_dhs",75,0.278653292253325,0.603143156890404,8.42634675081537,7.70814599725614,-5.3854716512867,0.903788482019671,0.526315789473684
"Ghana","women_b12","prev","infill","spatial_plus_domain",5,75,"open,survey_public,survey_dhs",75,0.249619052059135,0.366118078621149,9.67121030078057,8.91492970817427,-3.11865289124972,1.00574099576952,0.421052631578947
"Ghana","women_b12","prev","infill","domain_index_cal",5,75,"open,survey_public,survey_dhs",75,0.311310664623074,0.469169462115158,9.48462951034786,8.61324133774278,-6.27676562128491,1.00967298344695,0.526315789473684
"Ghana","women_b12","prev","infill","region_mean_jk",5,75,"open,survey_public,survey_dhs",75,0.206115735099446,0.423616594885295,9.86999528638641,9.49817325487034,-2.48270914724423,1.09588845554302,0.473684210526316
"Ghana","women_b12","prev","infill","null_train_mean",6,75,"open,survey_public,survey_dhs",75,-0.146060211084893,-0.222226934315848,11.8809033741046,10.2959419346197,-1.29128478743024e-16,1.00701302692807,0.157894736842105
"Ghana","women_b12","prev","infill","spatial",6,75,"open,survey_public,survey_dhs",75,0.303244687110063,0.382130176375508,9.154658711209,8.30558148619792,-3.99617618922937,0.984271156305149,0.473684210526316
"Ghana","women_b12","prev","infill","domain_index",6,75,"open,survey_public,survey_dhs",75,0.305425124120694,0.583837061682908,9.62738269203752,9.02740085750058,0.813266034124675,0.880772479639048,0.526315789473684
"Ghana","women_b12","prev","infill","domain_enet",6,75,"open,survey_public,survey_dhs",75,0.230027907489933,0.34220972567938,9.41181392946566,8.56014830320627,-5.8745296579163,1.00092178798465,0.526315789473684
"Ghana","women_b12","prev","infill","raw_enet",6,75,"open,survey_public,survey_dhs",75,0.166434560390407,0.428522821131014,8.97968611055824,8.12794327061505,-5.98956216525924,0.981283329138476,0.526315789473684
"Ghana","women_b12","prev","infill","spatial_plus_domain",6,75,"open,survey_public,survey_dhs",75,0.31299927373657,0.414809712147738,9.13272802597666,8.34117115311304,-3.75498332256056,0.966234821834894,0.473684210526316
"Ghana","women_b12","prev","infill","domain_index_cal",6,75,"open,survey_public,survey_dhs",75,0.208666182491046,0.351988776543432,9.49922421402255,8.54624273411958,-6.16825156172757,1.01932564750633,0.368421052631579
"Ghana","women_b12","prev","infill","region_mean_jk",6,75,"open,survey_public,survey_dhs",75,0.107284348609124,0.436749572458571,9.56249768954592,9.11909824970044,-2.73731005688847,1.04454415444298,0.473684210526316
"Ghana","women_b12","prev","infill","null_train_mean",7,75,"open,survey_public,survey_dhs",75,-0.194245022989187,-0.18866708681368,11.9272713621526,10.3335060599308,3.14707750600126e-16,1.00320588182118,0.105263157894737
"Ghana","women_b12","prev","infill","spatial",7,75,"open,survey_public,survey_dhs",75,0.346525542057924,0.397845989459083,9.07906481260487,8.24109778397391,-4.75530413364361,0.962123353522453,0.578947368421053
"Ghana","women_b12","prev","infill","domain_index",7,75,"open,survey_public,survey_dhs",75,0.371592370548559,0.624431414341152,9.59019732461947,9.24326575747693,1.5681123724595,0.883146632114663,0.526315789473684
"Ghana","women_b12","prev","infill","domain_enet",7,75,"open,survey_public,survey_dhs",75,0.302506945264361,0.280090199591864,9.33099338082945,8.84593605949726,-4.94975710073109,1.01190413823888,0.526315789473684
"Ghana","women_b12","prev","infill","raw_enet",7,75,"open,survey_public,survey_dhs",75,0.271177508216876,0.578772871933814,8.25108802208609,7.79468043700999,-3.69355285426502,0.840881179339056,0.526315789473684
"Ghana","women_b12","prev","infill","spatial_plus_domain",7,75,"open,survey_public,survey_dhs",75,0.345820588738697,0.413431005546179,9.02537017542496,8.20626247689405,-4.73658779758864,0.953828788983403,0.578947368421053
"Ghana","women_b12","prev","infill","domain_index_cal",7,75,"open,survey_public,survey_dhs",75,0.300211748411066,0.475855159355049,9.38962420624116,8.44426821599136,-6.16926795327279,1.00251087502241,0.578947368421053
"Ghana","women_b12","prev","infill","region_mean_jk",7,75,"open,survey_public,survey_dhs",75,0.265206704962632,0.552265609474821,9.34316374714326,8.86638710594341,-1.11461764720922,0.897941686008428,0.526315789473684
"Ghana","women_b12","prev","infill","null_train_mean",8,75,"open,survey_public,survey_dhs",75,-0.232893257537424,-0.234830254033179,11.9953439170194,10.3770850952993,0,1.00859916687593,0.105263157894737
"Ghana","women_b12","prev","infill","spatial",8,75,"open,survey_public,survey_dhs",75,0.30372012074396,0.362064853990299,9.26569334226809,8.3447531625451,-5.34366712956277,0.987282125273411,0.526315789473684
"Ghana","women_b12","prev","infill","domain_index",8,75,"open,survey_public,survey_dhs",75,0.366706880103687,0.634435040487919,9.44689169941138,8.94292882501147,1.12158714965526,0.845775941285532,0.578947368421053
"Ghana","women_b12","prev","infill","domain_enet",8,75,"open,survey_public,survey_dhs",75,0.29965434346098,0.686991134013558,8.73072419874496,8.14434964456284,-5.64723988617844,0.901022036573792,0.578947368421053
"Ghana","women_b12","prev","infill","raw_enet",8,75,"open,survey_public,survey_dhs",75,0.244618801771598,0.575617427377565,8.89560001130113,8.0303543293822,-6.0861286392081,0.960463506695669,0.526315789473684
"Ghana","women_b12","prev","infill","spatial_plus_domain",8,75,"open,survey_public,survey_dhs",75,0.299096938510893,0.411817460917302,9.13897412590012,8.31048118815624,-5.16487490404347,0.960925486202879,0.578947368421053
"Ghana","women_b12","prev","infill","domain_index_cal",8,75,"open,survey_public,survey_dhs",75,0.307572772604849,0.502766809692828,9.42676217751612,8.49472097827513,-6.27589791431519,1.00394367729515,0.526315789473684
"Ghana","women_b12","prev","infill","region_mean_jk",8,75,"open,survey_public,survey_dhs",75,0.183843533501194,0.441983663853938,9.416225607342,8.92639594495209,-2.57852419245479,1.04036925025663,0.473684210526316
"Ghana","women_b12","prev","infill","null_train_mean",9,75,"open,survey_public,survey_dhs",75,-0.280074219193712,-0.309681832354096,12.0651543435005,10.5167589771067,3.71050123496956e-16,1.01975131348909,0.105263157894737
"Ghana","women_b12","prev","infill","spatial",9,75,"open,survey_public,survey_dhs",75,0.276636797875072,0.341032470639748,9.47391965186046,8.4867210227861,-4.10179817767554,1.05593928478844,0.526315789473684
"Ghana","women_b12","prev","infill","domain_index",9,75,"open,survey_public,survey_dhs",75,0.334279027419268,0.562520827814959,9.78299575829969,9.03207568831432,0.875034232079239,0.903679048980385,0.526315789473684
"Ghana","women_b12","prev","infill","domain_enet",9,75,"open,survey_public,survey_dhs",75,0.340377693343739,0.509400216733825,9.12378856693304,8.28787443690918,-6.25182542402049,0.990924131722236,0.526315789473684
"Ghana","women_b12","prev","infill","raw_enet",9,75,"open,survey_public,survey_dhs",75,0.282587915430403,0.392471430783131,8.75998693856842,7.84688695134278,-5.63629136616317,0.976489459708084,0.473684210526316
"Ghana","women_b12","prev","infill","spatial_plus_domain",9,75,"open,survey_public,survey_dhs",75,0.261291767484467,0.37237161210385,9.35823885470079,8.44482843534457,-3.97839905215148,1.03193239044767,0.526315789473684
"Ghana","women_b12","prev","infill","domain_index_cal",9,75,"open,survey_public,survey_dhs",75,0.230454158334117,0.369092548832247,9.57818289592358,8.61797897351628,-6.26980166459139,1.02077975354112,0.368421052631579
"Ghana","women_b12","prev","infill","region_mean_jk",9,75,"open,survey_public,survey_dhs",75,0.127878860902451,0.408754067891632,9.96989122827045,9.43856818684799,-2.8283104804822,1.11145077398622,0.473684210526316
"Ghana","women_b12","prev","infill","null_train_mean",10,75,"open,survey_public,survey_dhs",75,-0.0860801587665262,-0.15509895988273,11.8285596179513,10.2659908175993,-5.65592133313271e-17,1.00000878653622,0.157894736842105
"Ghana","women_b12","prev","infill","spatial",10,75,"open,survey_public,survey_dhs",75,0.358952393592195,0.374643696997064,9.09777133017693,8.42945573317844,-4.57558012803695,0.978451073513066,0.526315789473684
"Ghana","women_b12","prev","infill","domain_index",10,75,"open,survey_public,survey_dhs",75,0.350689684920331,0.600627666163464,9.45802696250481,9.20280322936736,1.59975812046927,0.9172493201366,0.578947368421053
"Ghana","women_b12","prev","infill","domain_enet",10,75,"open,survey_public,survey_dhs",75,0.358657296853915,0.540743307104269,8.62801886909624,8.00678529141877,-5.68346909426882,0.935433697717348,0.578947368421053
"Ghana","women_b12","prev","infill","raw_enet",10,75,"open,survey_public,survey_dhs",75,0.301392135364189,0.592932198464643,8.19130943269079,7.57976031263582,-5.47017329065717,0.895098525731499,0.578947368421053
"Ghana","women_b12","prev","infill","spatial_plus_domain",10,75,"open,survey_public,survey_dhs",75,0.356034214735862,0.426591701558823,8.84348935981653,8.22115263120885,-4.36444045547424,0.948489117333878,0.526315789473684
"Ghana","women_b12","prev","infill","domain_index_cal",10,75,"open,survey_public,survey_dhs",75,0.324540835055999,0.514770265016097,9.32761132924289,8.43842979653811,-6.14740259074895,0.993696436176772,0.578947368421053
"Ghana","women_b12","prev","infill","region_mean_jk",10,75,"open,survey_public,survey_dhs",75,0.332396206914201,0.480994070718465,9.12217274905352,8.64079060286734,-1.97936568606357,1.00481684607713,0.526315789473684
"Ghana","women_b12","prev","region","null_train_mean",1,75,"open,survey_public,survey_dhs",75,-0.490501473753468,-0.652669168967803,12.2897305803514,10.7102824533506,0.0564456408892977,1.03414148006066,0.105263157894737
"Ghana","women_b12","prev","region","spatial",1,75,"open,survey_public,survey_dhs",75,0.269013465469483,0.182081666651666,11.0819426535133,10.1198123282587,-2.73973786386355,1.15756499246705,0.421052631578947
"Ghana","women_b12","prev","region","domain_index",1,75,"open,survey_public,survey_dhs",75,0.31276975405124,0.463945036164121,10.5501178816674,9.84243991305311,1.61532562726462,0.987020035818417,0.526315789473684
"Ghana","women_b12","prev","region","domain_enet",1,75,"open,survey_public,survey_dhs",75,0.288621004301923,0.387097342666549,9.61241980463999,8.76186324705462,-6.32567543610043,1.0229196395107,0.526315789473684
"Ghana","women_b12","prev","region","raw_enet",1,75,"open,survey_public,survey_dhs",75,0.00531174128905555,0.145977648368671,10.1064266873471,9.138810853402,-6.57906284079089,1.06158538359575,0.157894736842105
"Ghana","women_b12","prev","region","spatial_plus_domain",1,75,"open,survey_public,survey_dhs",75,0.269013465469483,0.182081666651666,11.0819426535133,10.1198123282587,-2.73973786386356,1.15756499246705,0.421052631578947
"Ghana","women_b12","prev","region","domain_index_cal",1,75,"open,survey_public,survey_dhs",75,0.129908141896531,0.0337696934071695,10.2233156895782,9.18223012728063,-6.56088744725155,1.07498120068552,0.210526315789474
"Ghana","women_b12","level","infill","null_train_mean",1,75,"open,survey_public,survey_dhs",75,-0.0762131223541349,-0.123874141545401,0.285572528984264,0.248344777395157,-1.42110715556365e-16,0.997588608746296,0.210526315789474
"Ghana","women_b12","level","infill","spatial",1,75,"open,survey_public,survey_dhs",75,0.568762446657183,0.573464775361464,0.224406445784287,0.199431280978453,0.00204408548924286,0.819861214039574,0.578947368421053
"Ghana","women_b12","level","infill","domain_index",1,75,"open,survey_public,survey_dhs",75,0.617610241820768,0.597126239723818,0.26142155667445,0.255081980621639,0.00546930576046896,0.88750423698519,0.684210526315789
"Ghana","women_b12","level","infill","domain_enet",1,75,"open,survey_public,survey_dhs",75,0.526856330014225,0.534292460082263,0.230563628811265,0.210061770039652,0.0124713181963042,0.845354812974519,0.631578947368421
"Ghana","women_b12","level","infill","raw_enet",1,75,"open,survey_public,survey_dhs",75,0.52873399715505,0.584027200490306,0.231115098791204,0.212453547162733,0.0132432820299333,0.807726370636607,0.631578947368421
"Ghana","women_b12","level","infill","spatial_plus_domain",1,75,"open,survey_public,survey_dhs",75,0.568762446657183,0.573464775361463,0.224406445784287,0.199431280978454,0.00204408548924707,0.819861214039575,0.578947368421053
"Ghana","women_b12","level","infill","domain_index_cal",1,75,"open,survey_public,survey_dhs",75,0.603214793741109,0.583574581672896,0.225748427799995,0.207346726617933,0.00490201826864444,0.806733714445123,0.578947368421053
"Ghana","women_b12","level","infill","region_mean_jk",1,75,"open,survey_public,survey_dhs",75,0.559903266837653,0.624409352562212,0.234666755961838,0.216316484570739,0.0161907755287252,0.784394154992425,0.684210526315789
"Ghana","women_b12","level","infill","null_train_mean",2,75,"open,survey_public,survey_dhs",75,-0.231252388400261,-0.283228390557415,0.293738220226764,0.255960860808228,3.55097895532452e-17,1.01547419215976,0.0526315789473684
"Ghana","women_b12","level","infill","spatial",2,75,"open,survey_public,survey_dhs",75,0.477894736842105,0.462281745782917,0.259555117246206,0.232449107831569,-0.0259739635526762,0.916785502936212,0.578947368421053
"Ghana","women_b12","level","infill","domain_index",2,75,"open,survey_public,survey_dhs",75,0.606145092460882,0.599146137290845,0.25849761676321,0.253685325080365,0.00156556898898899,0.878524888868551,0.631578947368421
"Ghana","women_b12","level","infill","domain_enet",2,75,"open,survey_public,survey_dhs",75,0.566230440967283,0.508547343831624,0.245154248380225,0.225350186539977,-0.0284840532061196,0.863537204887443,0.631578947368421
"Ghana","women_b12","level","infill","raw_enet",2,75,"open,survey_public,survey_dhs",75,0.547567567567568,0.554010502528958,0.242079608125236,0.224423410249017,-0.0153543402435232,0.843477922262251,0.631578947368421
"Ghana","women_b12","level","infill","spatial_plus_domain",2,75,"open,survey_public,survey_dhs",75,0.477866287339971,0.458465051392234,0.262380037161098,0.236229026178875,-0.0269448111143269,0.921453756916387,0.578947368421053
"Ghana","women_b12","level","infill","domain_index_cal",2,75,"open,survey_public,survey_dhs",75,0.570981507823613,0.568573172295994,0.229381111702365,0.212398566660566,-0.00436419764058561,0.817210371717087,0.578947368421053
"Ghana","women_b12","level","infill","region_mean_jk",2,75,"open,survey_public,survey_dhs",75,0.479706888743149,0.486119032336579,0.264885070340468,0.249983918466864,-0.00561588216408322,0.90816104759288,0.736842105263158
"Ghana","women_b12","level","infill","null_train_mean",3,75,"open,survey_public,survey_dhs",75,-0.317046588993201,-0.339807553057485,0.294740827733793,0.255727162196309,-1.42107824350572e-16,1.02506197751426,0.105263157894737
"Ghana","women_b12","level","infill","spatial",3,75,"open,survey_public,survey_dhs",75,0.564836415362731,0.514308298728908,0.24297242278589,0.220921009899001,-0.0106032376057651,0.862024645877787,0.578947368421053
"Ghana","women_b12","level","infill","domain_index",3,75,"open,survey_public,survey_dhs",75,0.615049786628734,0.591928850193249,0.26261385552724,0.255098900020259,-0.0019361568620911,0.885083428417231,0.684210526315789
"Ghana","women_b12","level","infill","domain_enet",3,75,"open,survey_public,survey_dhs",75,0.531038406827881,0.488657038726053,0.248121573842704,0.231859077766273,-0.00621964037251582,0.890146407655556,0.631578947368421
"Ghana","women_b12","level","infill","raw_enet",3,75,"open,survey_public,survey_dhs",75,0.559715504978663,0.557609775263897,0.237404545847558,0.220409515786168,-0.0141007228474608,0.826643491498779,0.684210526315789
"Ghana","women_b12","level","infill","spatial_plus_domain",3,75,"open,survey_public,survey_dhs",75,0.564836415362731,0.514308298728907,0.242972422785891,0.220921009899001,-0.0106032376057605,0.862024645877787,0.578947368421053
"Ghana","women_b12","level","infill","domain_index_cal",3,75,"open,survey_public,survey_dhs",75,0.593798008534851,0.569163994570416,0.2282927003259,0.208765464410353,-0.00569665748452786,0.816908882162608,0.631578947368421
"Ghana","women_b12","level","infill","region_mean_jk",3,75,"open,survey_public,survey_dhs",75,0.566481003616872,0.561693124963789,0.247909932474457,0.228891490913519,0.0025101901200604,0.844866861014974,0.684210526315789
"Ghana","women_b12","level","infill","null_train_mean",4,75,"open,survey_public,survey_dhs",75,-0.372355540644488,-0.423393919880429,0.298898045143002,0.26291272209441,-1.42096259527399e-16,1.04218870891459,0.157894736842105
"Ghana","women_b12","level","infill","spatial",4,75,"open,survey_public,survey_dhs",75,0.493655761024182,0.407228699415117,0.260229896478824,0.23445530654971,-0.0163049700435096,0.935290910926752,0.473684210526316
"Ghana","women_b12","level","infill","domain_index",4,75,"open,survey_public,survey_dhs",75,0.560341394025605,0.54714211142186,0.278448898446647,0.272670054163765,-0.0082140509177401,0.928641268021101,0.578947368421053
"Ghana","women_b12","level","infill","domain_enet",4,75,"open,survey_public,survey_dhs",75,0.480256045519203,0.434863801857245,0.255125411102084,0.232418806903904,-0.00199821763130209,0.920702879472228,0.473684210526316
"Ghana","women_b12","level","infill","raw_enet",4,75,"open,survey_public,survey_dhs",75,0.563328591749644,0.562988913649671,0.230106908823935,0.216605372164011,-0.00300442920021354,0.821398996423449,0.631578947368421
"Ghana","women_b12","level","infill","spatial_plus_domain",4,75,"open,survey_public,survey_dhs",75,0.48628733997155,0.399167617404294,0.262498283723485,0.236341953892969,-0.0171550043139156,0.942523489585545,0.473684210526316
"Ghana","women_b12","level","infill","domain_index_cal",4,75,"open,survey_public,survey_dhs",75,0.521365576102418,0.494891482639544,0.245347067207336,0.228370517326864,-0.00689324634060916,0.866172778305169,0.473684210526316
"Ghana","women_b12","level","infill","region_mean_jk",4,75,"open,survey_public,survey_dhs",75,0.44065727465425,0.439389068432495,0.283332083084369,0.252821738424007,0.00599226530800286,0.948998018245411,0.631578947368421
"Ghana","women_b12","level","infill","null_train_mean",5,75,"open,survey_public,survey_dhs",75,-0.234736416850735,-0.298610367582986,0.293993920054914,0.256537357501741,-1.42113606762158e-16,1.01791698621264,0.105263157894737
"Ghana","women_b12","level","infill","spatial",5,75,"open,survey_public,survey_dhs",75,0.547880512091038,0.524645807662936,0.253927000005561,0.230060454951928,0.00171508537986641,0.8768897078567,0.578947368421053
"Ghana","women_b12","level","infill","domain_index",5,75,"open,survey_public,survey_dhs",75,0.588108108108108,0.590088313011259,0.259399995689148,0.253750154777469,0.00139410081528477,0.884158068933112,0.631578947368421
"Ghana","women_b12","level","infill","domain_enet",5,75,"open,survey_public,survey_dhs",75,0.500568990042674,0.460512986951342,0.253973562786979,0.230713576003021,0.0301461610397899,0.898581951763613,0.526315789473684
"Ghana","women_b12","level","infill","raw_enet",5,75,"open,survey_public,survey_dhs",75,0.54873399715505,0.573573347962084,0.228408093556288,0.20816351588929,0.0182664615133889,0.815202442590659,0.631578947368421
"Ghana","women_b12","level","infill","spatial_plus_domain",5,75,"open,survey_public,survey_dhs",75,0.547880512091038,0.524645807662932,0.253927000005562,0.230060454951928,0.00171508537986499,0.876889707856704,0.578947368421053
"Ghana","women_b12","level","infill","domain_index_cal",5,75,"open,survey_public,survey_dhs",75,0.547311522048364,0.553989265012629,0.233884040085941,0.214106506052146,0.000425907100002772,0.827078975718547,0.526315789473684
"Ghana","women_b12","level","infill","region_mean_jk",5,75,"open,survey_public,survey_dhs",75,0.450988652875499,0.499971937439867,0.277970191860417,0.257889843245265,0.0143442666337263,0.922731921552859,0.631578947368421
"Ghana","women_b12","level","infill","null_train_mean",6,75,"open,survey_public,survey_dhs",75,-0.0757776187978255,-0.14506084720181,0.285091859734279,0.247000519773667,3.55094281525211e-17,0.999172326017199,0.210526315789474
"Ghana","women_b12","level","infill","spatial",6,75,"open,survey_public,survey_dhs",75,0.562475106685633,0.548550659755255,0.232408446959697,0.211410030198138,0.00807514934974527,0.844251746715462,0.526315789473684
"Ghana","women_b12","level","infill","domain_index",6,75,"open,survey_public,survey_dhs",75,0.583954480796586,0.578185191280402,0.267653241565078,0.259883999859175,0.00425311925049269,0.907294428245638,0.684210526315789
"Ghana","women_b12","level","infill","domain_enet",6,75,"open,survey_public,survey_dhs",75,0.404836415362731,0.433149438863653,0.258883705942039,0.233999689592255,-0.00567715139459684,0.906979333752994,0.578947368421053
"Ghana","women_b12","level","infill","raw_enet",6,75,"open,survey_public,survey_dhs",75,0.548933143669986,0.583759146478403,0.226999731699114,0.208340956853288,0.0112885727214675,0.808225169009887,0.631578947368421
"Ghana","women_b12","level","infill","spatial_plus_domain",6,75,"open,survey_public,survey_dhs",75,0.467140825035562,0.460381733681705,0.245853423588233,0.221934494536973,0.0127387985505607,0.908708311271837,0.578947368421053
"Ghana","women_b12","level","infill","domain_index_cal",6,75,"open,survey_public,survey_dhs",75,0.552745376955903,0.555109617593643,0.231744835569959,0.211093141983785,0.00313147712479938,0.826883178813385,0.631578947368421
"Ghana","women_b12","level","infill","region_mean_jk",6,75,"open,survey_public,survey_dhs",75,0.4481885499,0.532465657326194,0.262526115364838,0.24031848351323,-0.0044974108921576,0.87726055591513,0.684210526315789
"Ghana","women_b12","level","infill","null_train_mean",7,75,"open,survey_public,survey_dhs",75,-0.27828677248167,-0.243677436261414,0.291115363496003,0.252883491404478,3.55094281525211e-17,1.00976326000206,0.0526315789473684
"Ghana","women_b12","level","infill","spatial",7,75,"open,survey_public,survey_dhs",75,0.584580369843528,0.562997507727707,0.226144397077875,0.205875015203301,-0.00204508711882333,0.827935721978797,0.631578947368421
"Ghana","women_b12","level","infill","domain_index",7,75,"open,survey_public,survey_dhs",75,0.608477951635846,0.59087450213528,0.261496308506801,0.251066088603214,0.00333628246831253,0.887731116823624,0.684210526315789
"Ghana","women_b12","level","infill","domain_enet",7,75,"open,survey_public,survey_dhs",75,0.482190611664296,0.514821468543032,0.245670343296678,0.227390235416145,0.0137677606338573,0.869367551023607,0.631578947368421
"Ghana","women_b12","level","infill","raw_enet",7,75,"open,survey_public,survey_dhs",75,0.596728307254623,0.625421228756473,0.214428847874471,0.191477423311813,0.00231825678346244,0.775231489041144,0.684210526315789
"Ghana","women_b12","level","infill","spatial_plus_domain",7,75,"open,survey_public,survey_dhs",75,0.584580369843528,0.562997507727706,0.226144397077874,0.2058750152033,-0.00204508711881658,0.827935721978798,0.631578947368421
"Ghana","women_b12","level","infill","domain_index_cal",7,75,"open,survey_public,survey_dhs",75,0.592887624466572,0.567907086413975,0.230176005562575,0.211130519435656,0.00177246929979659,0.817601765214087,0.578947368421053
"Ghana","women_b12","level","infill","region_mean_jk",7,75,"open,survey_public,survey_dhs",75,0.486093459256333,0.592885847797906,0.242544846794939,0.221999036336286,0.0137270017119535,0.810042448653185,0.526315789473684
"Ghana","women_b12","level","infill","null_train_mean",8,75,"open,survey_public,survey_dhs",75,-0.268705694242864,-0.266655179770282,0.291592620490087,0.253131479174632,3.55094281525211e-17,1.01298071713396,0.157894736842105
"Ghana","women_b12","level","infill","spatial",8,75,"open,survey_public,survey_dhs",75,0.570810810810811,0.544443465614533,0.231624366777166,0.205894547415251,-0.00819261056392893,0.838809668999689,0.526315789473684
"Ghana","women_b12","level","infill","domain_index",8,75,"open,survey_public,survey_dhs",75,0.614139402560455,0.592737626429605,0.259145368606968,0.249866151250063,-0.000772402065785265,0.888482909216508,0.578947368421053
"Ghana","women_b12","level","infill","domain_enet",8,75,"open,survey_public,survey_dhs",75,0.548136557610242,0.580666186506191,0.229896735163807,0.209792792538344,0.0125251844710494,0.809761663075652,0.684210526315789
"Ghana","women_b12","level","infill","raw_enet",8,75,"open,survey_public,survey_dhs",75,0.566088193456614,0.532547704236332,0.229538868425576,0.207760645200606,-0.00350245053651873,0.847821542301959,0.684210526315789
"Ghana","women_b12","level","infill","spatial_plus_domain",8,75,"open,survey_public,survey_dhs",75,0.570810810810811,0.544443465614536,0.231624366777165,0.20589454741525,-0.00819261056392769,0.838809668999686,0.526315789473684
"Ghana","women_b12","level","infill","domain_index_cal",8,75,"open,survey_public,survey_dhs",75,0.599715504978663,0.582042890697486,0.225111013792808,0.204969148515463,-0.0001226209228345,0.807926255307785,0.578947368421053
"Ghana","women_b12","level","infill","region_mean_jk",8,75,"open,survey_public,survey_dhs",75,0.475468875569333,0.549101980005869,0.253682523237582,0.226431915234721,0.00698573412766578,0.855094086502238,0.684210526315789
"Ghana","women_b12","level","infill","null_train_mean",9,75,"open,survey_public,survey_dhs",75,-0.166797862066478,-0.155508986507601,0.289393612033835,0.251428390069694,3.55094281525211e-17,1.00004412731521,0.157894736842105
"Ghana","women_b12","level","infill","spatial",9,75,"open,survey_public,survey_dhs",75,0.533826458036984,0.573064879708372,0.231832857327356,0.208901765161259,-0.00925091300813772,0.831729496547443,0.473684210526316
"Ghana","women_b12","level","infill","domain_index",9,75,"open,survey_public,survey_dhs",75,0.577581792318634,0.581165053971071,0.265984290358876,0.260578472769133,-0.00594462830259812,0.902350870390153,0.578947368421053
"Ghana","women_b12","level","infill","domain_enet",9,75,"open,survey_public,survey_dhs",75,0.52099573257468,0.571067799776037,0.234778410722042,0.219719718767922,-0.0216689029979925,0.824521944088949,0.684210526315789
"Ghana","women_b12","level","infill","raw_enet",9,75,"open,survey_public,survey_dhs",75,0.536386913229018,0.623626143305604,0.22662393446867,0.214652172867472,-0.00473113922481324,0.77830275243504,0.684210526315789
"Ghana","women_b12","level","infill","spatial_plus_domain",9,75,"open,survey_public,survey_dhs",75,0.533826458036984,0.573064879708369,0.231832857327358,0.208901765161261,-0.00925091300814163,0.831729496547447,0.473684210526316
"Ghana","women_b12","level","infill","domain_index_cal",9,75,"open,survey_public,survey_dhs",75,0.573798008534851,0.572394089767533,0.2311948744528,0.214373616234129,-0.00372845722834698,0.814599274192887,0.578947368421053
"Ghana","women_b12","level","infill","region_mean_jk",9,75,"open,survey_public,survey_dhs",75,0.425272172054176,0.489289531232209,0.291088854334648,0.264523570845368,-0.00824224303635712,0.959708204102361,0.684210526315789
"Ghana","women_b12","level","infill","null_train_mean",10,75,"open,survey_public,survey_dhs",75,-0.226026345724549,-0.172734088511872,0.28969153041194,0.252526644812536,-1.42107824350572e-16,1.0016118199817,0.105263157894737
"Ghana","women_b12","level","infill","spatial",10,75,"open,survey_public,survey_dhs",75,0.578862019914651,0.598425191405196,0.233303846945848,0.21538697861976,-0.00105313947313457,0.800208687170274,0.631578947368421
"Ghana","women_b12","level","infill","domain_index",10,75,"open,survey_public,survey_dhs",75,0.594196301564722,0.585128446720542,0.269918157758023,0.26293716976168,0.00391589582026715,0.901343496470097,0.631578947368421
"Ghana","women_b12","level","infill","domain_enet",10,75,"open,survey_public,survey_dhs",75,0.522588904694168,0.568349997925792,0.225422100930316,0.208888139111007,0.00476194826120198,0.81839450610472,0.631578947368421
"Ghana","women_b12","level","infill","raw_enet",10,75,"open,survey_public,survey_dhs",75,0.557951635846373,0.641665086437229,0.219079134796066,0.21050235773586,-0.00668231918583286,0.766065018862254,0.631578947368421
"Ghana","women_b12","level","infill","spatial_plus_domain",10,75,"open,survey_public,survey_dhs",75,0.588705547652916,0.614184826780132,0.226290355596352,0.221984349047983,-0.0132731549801093,0.794816130938873,0.631578947368421
"Ghana","women_b12","level","infill","domain_index_cal",10,75,"open,survey_public,survey_dhs",75,0.582873399715505,0.575086898382836,0.226882199418519,0.209386411847734,0.0024109925638327,0.812843951742123,0.631578947368421
"Ghana","women_b12","level","infill","region_mean_jk",10,75,"open,survey_public,survey_dhs",75,0.531847719814708,0.572628820316959,0.260461348219436,0.243454532158885,0.0113493102552425,0.850507595325849,0.631578947368421
"Ghana","women_b12","level","region","null_train_mean",1,75,"open,survey_public,survey_dhs",75,-0.636657838267842,-0.663574409005407,0.299030879517307,0.261433838923401,0.0022818535452553,1.0393136318897,0.0526315789473684
"Ghana","women_b12","level","region","spatial",1,75,"open,survey_public,survey_dhs",75,0.524125177809388,0.480788103741675,0.261635703574149,0.237284369740941,-0.00628200374244615,0.916662157291607,0.526315789473684
"Ghana","women_b12","level","region","domain_index",1,75,"open,survey_public,survey_dhs",75,0.58972972972973,0.572559593092964,0.261385723584421,0.250657677930027,0.00713892566084588,0.886487888647887,0.578947368421053
"Ghana","women_b12","level","region","domain_enet",1,75,"open,survey_public,survey_dhs",75,0.457382645803698,0.383568244904748,0.287382108477556,0.273558544804737,-0.0225945397490258,0.98278900825703,0.421052631578947
"Ghana","women_b12","level","region","raw_enet",1,75,"open,survey_public,survey_dhs",75,0.560056899004267,0.56698488553051,0.235708273733107,0.221807659553083,0.00395439770516067,0.819496275758979,0.578947368421053
"Ghana","women_b12","level","region","spatial_plus_domain",1,75,"open,survey_public,survey_dhs",75,0.519630156472262,0.477128016951436,0.262089610849925,0.237609580416816,-0.00394884665266694,0.922099887736383,0.526315789473684
"Ghana","women_b12","level","region","domain_index_cal",1,75,"open,survey_public,survey_dhs",75,0.548677098150782,0.521857569453871,0.240541808741212,0.219447980743426,0.000910245121737224,0.847332295703989,0.526315789473684
