"country","outcome","target","estimand","arm","rep","n_areas","predictor_tiers","n","spearman","pearson","mae","wmae","bias","rmse_sd","topk"
"Gambia","child_vitA","prev","infill","null_train_mean",1,30,"open,survey_public",30,-0.19358197634098,-0.207331040656029,10.7810791952187,9.49826322370499,9.26992857475106e-17,0.995007734339174,0.125
"Gambia","child_vitA","prev","infill","spatial",1,30,"open,survey_public",30,0.584920808683059,0.545860666056389,9.99801065585457,7.90627784834727,-3.10857958990617,0.897614792860852,0.5
"Gambia","child_vitA","prev","infill","domain_index",1,30,"open,survey_public",30,0.632587622490437,0.55241017302829,11.9733600567728,9.87697930583617,0.989548513537923,1.0898818663628,0.625
"Gambia","child_vitA","prev","infill","domain_enet",1,30,"open,survey_public",30,0.551954974834966,0.560227956002203,9.78011681239659,7.91482975454517,-5.02514220084108,0.89827349288234,0.375
"Gambia","child_vitA","prev","infill","raw_enet",1,30,"open,survey_public",30,0.309258716263332,0.261774198969307,11.2569782568221,9.15693528008381,-5.90824144240629,1.04600763295159,0.625
"Gambia","child_vitA","prev","infill","spatial_plus_domain",1,30,"open,survey_public",30,0.584920808683059,0.545860666059973,9.99801065580711,7.90627784826286,-3.108579589742,0.897614792856768,0.5
"Gambia","child_vitA","prev","infill","domain_index_cal",1,30,"open,survey_public",30,0.604299373174843,0.514874825144305,9.9213902925233,8.36575313310024,-5.02681604259769,0.925470071823306,0.75
"Gambia","child_vitA","prev","infill","region_mean_jk",1,30,"open,survey_public",30,0.537311798070804,0.543995580786497,9.64314749986915,7.91679244331724,-3.36716443180065,0.890361680891933,0.5
"Gambia","child_vitA","prev","infill","null_train_mean",2,30,"open,survey_public",30,-0.257654884003135,-0.323582822963671,10.7926044866231,9.20230751084439,-4.62999502741831e-16,1.0117314213616,0.25
"Gambia","child_vitA","prev","infill","spatial",2,30,"open,survey_public",30,0.521216562192825,0.500930741251648,9.98507299244124,7.81247688234307,-2.40191618335393,0.925287983488999,0.5
"Gambia","child_vitA","prev","infill","domain_index",2,30,"open,survey_public",30,0.566433212673655,0.480563029161943,12.9339731875404,10.4626234517629,1.87646757147534,1.2398392554604,0.5
"Gambia","child_vitA","prev","infill","domain_enet",2,30,"open,survey_public",30,0.533690120946157,0.513846687977832,9.76763204913526,7.62243353506631,-4.89616989189766,0.918417936380307,0.5
"Gambia","child_vitA","prev","infill","raw_enet",2,30,"open,survey_public",30,0.249025690825461,0.0352706221535041,12.7842351802149,9.62171543744275,-4.25024519535051,1.20226455400498,0.375
"Gambia","child_vitA","prev","infill","spatial_plus_domain",2,30,"open,survey_public",30,0.521216562192825,0.500930741251368,9.98507299244924,7.8124768823491,-2.40191618337195,0.92528798348936,0.5
"Gambia","child_vitA","prev","infill","domain_index_cal",2,30,"open,survey_public",30,0.569997086603179,0.445894685895883,10.1340992884135,8.78595598389734,-4.59422860692112,0.944923686502219,0.5
"Gambia","child_vitA","prev","infill","region_mean_jk",2,30,"open,survey_public",30,0.445844977556364,0.438867190253896,10.2424978612436,8.01212246655248,-1.81565276271075,0.992314782060504,0.375
"Gambia","child_vitA","prev","infill","null_train_mean",3,30,"open,survey_public",30,-0.512583261297242,-0.529379166233696,11.5342870284093,9.9904379586742,4.61689425116744e-17,1.05785084874223,0.125
"Gambia","child_vitA","prev","infill","spatial",3,30,"open,survey_public",30,0.504733645268778,0.529911894044525,9.76499836594414,7.79572713381624,-3.59804200171099,0.902861209736802,0.5
"Gambia","child_vitA","prev","infill","domain_index",3,30,"open,survey_public",30,0.57645660810044,0.492497893518783,11.7977632319416,10.3896793573059,-0.193012749347664,1.08982140590948,0.625
"Gambia","child_vitA","prev","infill","domain_enet",3,30,"open,survey_public",30,0.508074777077707,0.456736364927501,10.2459686952302,8.73790779969572,-5.2705638979767,0.959057170460036,0.5
"Gambia","child_vitA","prev","infill","raw_enet",3,30,"open,survey_public",30,0.161265295310942,0.0963319783178305,11.241569055533,9.78337016815491,-6.29977439151135,1.10487896550635,0.375
"Gambia","child_vitA","prev","infill","spatial_plus_domain",3,30,"open,survey_public",30,0.504733645268778,0.529911894045854,9.76499836592807,7.79572713380347,-3.59804200168749,0.902861209735139,0.5
"Gambia","child_vitA","prev","infill","domain_index_cal",3,30,"open,survey_public",30,0.399822106468428,0.319859574842506,10.8117072022856,9.63824366067867,-5.69064743350315,1.02550281735022,0.625
"Gambia","child_vitA","prev","infill","region_mean_jk",3,30,"open,survey_public",30,0.535467334312288,0.547930524617138,9.14963417993305,7.34186822220836,-2.99633298809805,0.873448056180428,0.625
"Gambia","child_vitA","prev","infill","null_train_mean",4,30,"open,survey_public",30,-0.37353141913682,-0.411741935205308,11.3195956557037,9.78049277140549,-4.62999502741831e-16,1.02900407042332,0
"Gambia","child_vitA","prev","infill","spatial",4,30,"open,survey_public",30,0.458848768426162,0.351599622333102,10.521331137289,8.04546310991977,-3.19519531650503,1.02329777377834,0.375
"Gambia","child_vitA","prev","infill","domain_index",4,30,"open,survey_public",30,0.577347576582821,0.450100732337161,12.2888725885412,10.0126012491168,1.2420395845573,1.20620669804816,0.625
"Gambia","child_vitA","prev","infill","domain_enet",4,30,"open,survey_public",30,0.57088805508556,0.536579596841204,9.72897680406081,7.89069433966017,-5.05961434541625,0.913991152080719,0.375
"Gambia","child_vitA","prev","infill","raw_enet",4,30,"open,survey_public",30,0.212433680730416,0.150658598343542,11.492312469711,9.2031802430854,-4.49424616621342,1.07829054633964,0.5
"Gambia","child_vitA","prev","infill","spatial_plus_domain",4,30,"open,survey_public",30,0.458848768426162,0.351599622333369,10.5213311372924,8.04546310991438,-3.19519531658717,1.02329777377858,0.375
"Gambia","child_vitA","prev","infill","domain_index_cal",4,30,"open,survey_public",30,0.499833318615683,0.383962548962129,10.3957414815606,9.01767345164077,-4.99451461280873,0.980976163172545,0.5
"Gambia","child_vitA","prev","infill","region_mean_jk",4,30,"open,survey_public",30,0.477737005486725,0.463362639386776,9.94232437702029,8.27192989889021,-2.96312455384686,0.957934493907121,0.375
"Gambia","child_vitA","prev","infill","null_train_mean",5,30,"open,survey_public",30,-0.274013924257302,-0.307323609917917,10.836878303569,9.26802161596903,1.85534096766582e-16,1.00897108906857,0.125
"Gambia","child_vitA","prev","infill","spatial",5,30,"open,survey_public",30,0.458180542064376,0.392971525377238,10.1234823355653,7.47676745326924,-3.41302721092212,1.02609642660841,0.625
"Gambia","child_vitA","prev","infill","domain_index",5,30,"open,survey_public",30,0.583138871718297,0.476297258239209,13.4106639909681,10.8345710454354,1.97211380177685,1.28354657568199,0.625
"Gambia","child_vitA","prev","infill","domain_enet",5,30,"open,survey_public",30,0.397817427383071,0.333122117681609,10.8920099883147,8.52070499425058,-5.39583454408463,1.01886848525694,0.5
"Gambia","child_vitA","prev","infill","raw_enet",5,30,"open,survey_public",30,0.245461816895937,0.0499400644302319,11.9795090366466,8.98872369610553,-5.40249913678409,1.17298965543465,0.25
"Gambia","child_vitA","prev","infill","spatial_plus_domain",5,30,"open,survey_public",30,0.458180542064376,0.392971525376898,10.1234823355657,7.47676745326766,-3.41302721092032,1.02609642660841,0.625
"Gambia","child_vitA","prev","infill","domain_index_cal",5,30,"open,survey_public",30,0.553291427558537,0.437416088488272,9.83093577483923,8.50812365696438,-4.53377944569539,0.949159362756338,0.5
"Gambia","child_vitA","prev","infill","region_mean_jk",5,30,"open,survey_public",30,0.392685920603332,0.440811231723014,9.9244254817416,7.75286009169346,-2.75028223243202,0.973787130961016,0.5
"Gambia","child_vitA","prev","infill","null_train_mean",6,30,"open,survey_public",30,-0.151321122351048,-0.258942617129102,10.9302381588565,9.34548299134307,-4.63044677832351e-16,1.00156168037932,0.25
"Gambia","child_vitA","prev","infill","spatial",6,30,"open,survey_public",30,0.531908183981395,0.459780695913294,9.84791878718467,7.37109573244817,-2.98678228150162,0.971884072253644,0.625
"Gambia","child_vitA","prev","infill","domain_index",6,30,"open,survey_public",30,0.605190341657224,0.511923400805422,12.4931370769003,10.0591117765302,1.56029508766572,1.19228041422872,0.625
"Gambia","child_vitA","prev","infill","domain_enet",6,30,"open,survey_public",30,0.562201112382346,0.526064461913421,9.12777149775898,7.2749599025229,-4.33842950695785,0.895947066636512,0.625
"Gambia","child_vitA","prev","infill","raw_enet",6,30,"open,survey_public",30,0.351857259609799,0.231567584875392,10.9404583406182,8.91562945959623,-5.4369010165171,1.03949194096404,0.5
"Gambia","child_vitA","prev","infill","spatial_plus_domain",6,30,"open,survey_public",30,0.531908183981395,0.459780695913157,9.84791878718095,7.37109573243918,-2.98678228147726,0.971884072253548,0.625
"Gambia","child_vitA","prev","infill","domain_index_cal",6,30,"open,survey_public",30,0.562869338744132,0.47240181028648,9.56403017873294,8.02101782323838,-4.98434038084681,0.942385510809785,0.625
"Gambia","child_vitA","prev","infill","region_mean_jk",6,30,"open,survey_public",30,0.496430973760465,0.445530182962512,10.3150357422173,8.19322646568224,-2.42728396504901,0.988917544695477,0.375
"Gambia","child_vitA","prev","infill","null_train_mean",7,30,"open,survey_public",30,-0.493497714334047,-0.462482846651486,11.3507911419418,10.0075003676663,-4.16107758781833e-16,1.04065823528472,0.125
"Gambia","child_vitA","prev","infill","spatial",7,30,"open,survey_public",30,0.492482828636041,0.552972878622172,9.50902787593147,7.32210217601738,-3.64009720637629,0.879829285895273,0.625
"Gambia","child_vitA","prev","infill","domain_index",7,30,"open,survey_public",30,0.60585856801901,0.561648444640056,11.1815673329343,9.8079692771253,0.261539613724949,1.03915918712542,0.5
"Gambia","child_vitA","prev","infill","domain_enet",7,30,"open,survey_public",30,0.461521673873305,0.478878080495315,10.5903101189042,9.12910379361737,-5.31984781516405,0.951548171039089,0.5
"Gambia","child_vitA","prev","infill","raw_enet",7,30,"open,survey_public",30,0.0752868367611858,0.172257236310196,11.9468745080725,10.4250800707902,-5.48692542131611,1.06155956449941,0.375
"Gambia","child_vitA","prev","infill","spatial_plus_domain",7,30,"open,survey_public",30,0.492482828636041,0.552972878626611,9.50902787593643,7.32210217602035,-3.64009720652895,0.879829285894586,0.625
"Gambia","child_vitA","prev","infill","domain_index_cal",7,30,"open,survey_public",30,0.496937671047945,0.451886327610965,10.4816350337813,9.20308766083509,-5.58375472895052,0.971886184728166,0.625
"Gambia","child_vitA","prev","infill","region_mean_jk",7,30,"open,survey_public",30,0.499219446922391,0.544131437327875,9.53588631166383,8.03971077770854,-2.91057769455662,0.882793404310014,0.5
"Gambia","child_vitA","prev","infill","null_train_mean",8,30,"open,survey_public",30,-0.170406669314243,-0.223922483712765,10.8269371352075,9.52625858334872,1.85353396404501e-16,0.996960875343846,0.25
"Gambia","child_vitA","prev","infill","spatial",8,30,"open,survey_public",30,0.521662046434015,0.403983206762401,10.8918976688581,9.28283913389283,-2.94156879944047,1.00512027123812,0.5
"Gambia","child_vitA","prev","infill","domain_index",8,30,"open,survey_public",30,0.573115476291512,0.461659622558599,12.34066412025,10.6838637565021,1.05286622120239,1.1884312913248,0.5
"Gambia","child_vitA","prev","infill","domain_enet",8,30,"open,survey_public",30,0.368638209585096,0.2252302351675,11.6154013111298,8.94085697940912,-3.41017504646389,1.10382939788353,0.375
"Gambia","child_vitA","prev","infill","raw_enet",8,30,"open,survey_public",30,0.160819811069752,0.0898982010845341,12.6180008917868,10.8706658771639,-5.44486215656829,1.15189429196158,0.125
"Gambia","child_vitA","prev","infill","spatial_plus_domain",8,30,"open,survey_public",30,0.521662046434015,0.403983206767105,10.8918976688314,9.2828391338465,-2.94156879947592,1.00512027123271,0.5
"Gambia","child_vitA","prev","infill","domain_index_cal",8,30,"open,survey_public",30,0.567992407517822,0.447903903388062,10.0671073326434,8.81003654675084,-5.14064125441556,0.958161974633597,0.5
"Gambia","child_vitA","prev","infill","region_mean_jk",8,30,"open,survey_public",30,0.508028545941124,0.444881560355316,10.4140910958428,9.35011010855095,-2.5147655354733,0.989259050951954,0.375
"Gambia","child_vitA","prev","infill","null_train_mean",9,30,"open,survey_public",30,-0.407612752999669,-0.484751413537415,11.2346898326088,9.53545265998577,6.47359047154887e-16,1.04615447243486,0
"Gambia","child_vitA","prev","infill","spatial",9,30,"open,survey_public",30,0.328099143636765,0.333767044626582,11.1850353103719,8.15788446360806,-2.28840974756134,1.0443654640175,0.375
"Gambia","child_vitA","prev","infill","domain_index",9,30,"open,survey_public",30,0.483795885932827,0.479544458585206,12.2345059160666,10.0624756773324,0.910602239965121,1.14829887454899,0.625
"Gambia","child_vitA","prev","infill","domain_enet",9,30,"open,survey_public",30,0.18331676524987,0.123193249814562,11.3683454034709,8.12812090639873,-3.25881854105237,1.08169870369326,0.375
"Gambia","child_vitA","prev","infill","raw_enet",9,30,"open,survey_public",30,-0.13808189247477,-0.124757314690095,12.4238997412998,9.39029259626758,-5.38549536740113,1.13851303590022,0.125
"Gambia","child_vitA","prev","infill","spatial_plus_domain",9,30,"open,survey_public",30,0.16883852741118,0.182658280637307,11.451602973129,8.03555066003445,-2.50844067370018,1.13875337700451,0.375
"Gambia","child_vitA","prev","infill","domain_index_cal",9,30,"open,survey_public",30,0.369306435946882,0.343612216070647,10.8059546280063,9.29810367363221,-4.62857895661499,0.987769667212319,0.625
"Gambia","child_vitA","prev","infill","region_mean_jk",9,30,"open,survey_public",30,0.400848241931399,0.335954257790034,10.9070265419748,8.5469985677503,-1.40537496543683,1.00961699111777,0.375
"Gambia","child_vitA","prev","infill","null_train_mean",10,30,"open,survey_public",30,-0.393980219454529,-0.344906591146646,11.1090874173664,9.76962642663682,1.38777878078145e-16,1.01555475939352,0.125
"Gambia","child_vitA","prev","infill","spatial",10,30,"open,survey_public",30,0.415191312789498,0.537049719864806,9.56466157221665,7.19940334762715,-2.615838483647,0.895959313331345,0.5
"Gambia","child_vitA","prev","infill","domain_index",10,30,"open,survey_public",30,0.561310143899965,0.51437824446724,13.0481282441648,10.5584828705259,1.84929147670572,1.20525958878917,0.5
"Gambia","child_vitA","prev","infill","domain_enet",10,30,"open,survey_public",30,0.436351814246044,0.476773733601897,10.1943591453411,8.50519828207035,-4.21933761584172,0.92066082504869,0.5
"Gambia","child_vitA","prev","infill","raw_enet",10,30,"open,survey_public",30,0.218583076751559,0.0904036421183745,11.6173744834622,9.52285924951881,-5.37510357856436,1.08797041749016,0.375
"Gambia","child_vitA","prev","infill","spatial_plus_domain",10,30,"open,survey_public",30,0.415191312789498,0.537049719864143,9.5646615722228,7.19940334761221,-2.61583848370857,0.895959313331857,0.5
"Gambia","child_vitA","prev","infill","domain_index_cal",10,30,"open,survey_public",30,0.457735057823186,0.445429481899595,10.5552820163973,8.96022124509201,-5.26348467294805,0.963270575464191,0.5
"Gambia","child_vitA","prev","infill","region_mean_jk",10,30,"open,survey_public",30,0.476519825899621,0.515358115150838,9.12801783820049,7.49649441942934,-2.54553356527046,0.900476908094894,0.5
"Gambia","child_vitA","prev","region","null_train_mean",1,30,"open,survey_public",30,-0.674355992699564,-0.618417054773231,12.1448565429753,10.8182973699616,-0.267333254117712,1.09876955995104,0.125
"Gambia","child_vitA","prev","region","spatial",1,30,"open,survey_public",30,0.537253994875681,0.531544776851978,10.4605050119194,9.02189909213467,-3.70362819857734,0.931597228596505,0.375
"Gambia","child_vitA","prev","region","domain_index",1,30,"open,survey_public",30,0.659762161203054,0.565176352891298,11.215457120553,9.93002331912011,0.930145873371825,0.992781346623356,0.625
"Gambia","child_vitA","prev","region","domain_enet",1,30,"open,survey_public",30,0.549950295749609,0.524995566485526,10.2543256280139,8.47199978222021,-5.36559507526213,0.962479621911344,0.5
"Gambia","child_vitA","prev","region","raw_enet",1,30,"open,survey_public",30,-0.537569019448336,-0.492707625808353,13.0712360081897,10.9268325181273,-6.33063290197728,1.20810958555635,0
"Gambia","child_vitA","prev","region","spatial_plus_domain",1,30,"open,survey_public",30,0.537253994875681,0.531544776852812,10.4605050119033,9.02189909211422,-3.70362819855649,0.93159722859544,0.375
"Gambia","child_vitA","prev","region","domain_index_cal",1,30,"open,survey_public",30,0.0133645272357135,0.130438793455473,11.7376218387515,10.4980095242865,-6.61630717021992,1.09518685121767,0.25
"Gambia","child_vitA","level","infill","null_train_mean",1,30,"open,survey_public",30,-0.212407147809318,-0.296778780543654,0.0877714224256643,0.0840020211715835,4.64399930547958e-19,1.00725313894153,0.125
"Gambia","child_vitA","level","infill","spatial",1,30,"open,survey_public",30,0.658286985539488,0.663343506812775,0.0658332863923305,0.0608985383896907,0.00125439748408863,0.750774425216662,0.5
"Gambia","child_vitA","level","infill","domain_index",1,30,"open,survey_public",30,0.704560622914349,0.66541939705305,0.0703217890750983,0.0649472212065984,-0.000207904807039013,0.781742542305819,0.5
"Gambia","child_vitA","level","infill","domain_enet",1,30,"open,survey_public",30,0.739710789766407,0.698107277746678,0.059203618421707,0.0519487574375404,0.00068349494925816,0.705383862888485,0.625
"Gambia","child_vitA","level","infill","raw_enet",1,30,"open,survey_public",30,0.640489432703003,0.596124359853231,0.0631109168405862,0.050659115663234,-0.00334710672448408,0.793101885860828,0.5
"Gambia","child_vitA","level","infill","spatial_plus_domain",1,30,"open,survey_public",30,0.658286985539488,0.663343506812818,0.065833286392327,0.0608985383896916,0.00125439748405654,0.750774425216619,0.5
"Gambia","child_vitA","level","infill","domain_index_cal",1,30,"open,survey_public",30,0.698331479421579,0.646776971797603,0.0605194700949896,0.0486779059766671,0.000518626955308796,0.75105419478651,0.5
"Gambia","child_vitA","level","infill","region_mean_jk",1,30,"open,survey_public",30,0.548574642306545,0.595567253847882,0.0698885139450025,0.0618596758879555,-0.00826931526295775,0.810430874223988,0.25
"Gambia","child_vitA","level","infill","null_train_mean",2,30,"open,survey_public",30,-0.296825373220714,-0.340824394455337,0.0889530425811405,0.0824773734248532,-3.23498823215362e-18,1.01480508279338,0.25
"Gambia","child_vitA","level","infill","spatial",2,30,"open,survey_public",30,0.695216907675195,0.64459569281033,0.0673910068347541,0.0602165193431501,0.00319313051589928,0.772364978276035,0.625
"Gambia","child_vitA","level","infill","domain_index",2,30,"open,survey_public",30,0.718798665183537,0.671014042832112,0.0706160517103048,0.0675107087623289,-0.00014505261241253,0.783121023425393,0.5
"Gambia","child_vitA","level","infill","domain_enet",2,30,"open,survey_public",30,0.651167964404894,0.651784451359079,0.0612617538170156,0.04905836293415,0.00238880665928608,0.746427477495733,0.5
"Gambia","child_vitA","level","infill","raw_enet",2,30,"open,survey_public",30,0.601779755283649,0.546171662172234,0.0654237511874542,0.0533285181586409,0.000653345936733901,0.823954152397751,0.5
"Gambia","child_vitA","level","infill","spatial_plus_domain",2,30,"open,survey_public",30,0.639599555061179,0.621191322996317,0.0694354115803637,0.0597898688775162,0.00526600406131023,0.795300121506699,0.375
"Gambia","child_vitA","level","infill","domain_index_cal",2,30,"open,survey_public",30,0.692547274749722,0.653689255390042,0.0598784964290727,0.0460621614056585,0.000391631106314464,0.744961351356467,0.5
"Gambia","child_vitA","level","infill","region_mean_jk",2,30,"open,survey_public",30,0.489528224674037,0.574361648067973,0.074263674996469,0.0627340019657647,0.00210240699900522,0.846169475887944,0.25
"Gambia","child_vitA","level","infill","null_train_mean",3,30,"open,survey_public",30,-0.5500800494549,-0.572623849359885,0.0954989717344822,0.0897272919741032,4.16152933872353e-18,1.07002861820699,0
"Gambia","child_vitA","level","infill","spatial",3,30,"open,survey_public",30,0.675194660734149,0.674131619470895,0.0644444265057347,0.057517289149234,-0.000683482301863279,0.729382732117915,0.625
"Gambia","child_vitA","level","infill","domain_index",3,30,"open,survey_public",30,0.663181312569522,0.603478447706888,0.0717341602741601,0.0663761533677893,-0.00352428117515698,0.827643046997669,0.375
"Gambia","child_vitA","level","infill","domain_enet",3,30,"open,survey_public",30,0.652057842046719,0.63982464493419,0.0626322431314001,0.0468653801614171,-0.000130927229204531,0.756092172705953,0.625
"Gambia","child_vitA","level","infill","raw_enet",3,30,"open,survey_public",30,0.561290322580645,0.511574470952933,0.068799364807461,0.0527481039209795,-0.00439138366666755,0.846759080937897,0.375
"Gambia","child_vitA","level","infill","spatial_plus_domain",3,30,"open,survey_public",30,0.675194660734149,0.674131619471198,0.064444426505696,0.057517289149188,-0.000683482301879197,0.729382732117607,0.625
"Gambia","child_vitA","level","infill","domain_index_cal",3,30,"open,survey_public",30,0.620467185761958,0.533882723834057,0.0690701542952776,0.0564611347017226,-0.00362333257548507,0.832699025567068,0.375
"Gambia","child_vitA","level","infill","region_mean_jk",3,30,"open,survey_public",30,0.55386044485465,0.590239898366037,0.0671180590352983,0.0536791617523919,-0.00177606350951305,0.800902390836288,0.375
"Gambia","child_vitA","level","infill","null_train_mean",4,30,"open,survey_public",30,-0.441153306988583,-0.391764567193323,0.0914101750767698,0.0845759735279161,-3.702550419038e-18,1.02475418115784,0.125
"Gambia","child_vitA","level","infill","spatial",4,30,"open,survey_public",30,0.539043381535039,0.551731003597973,0.0739965102029679,0.0656570611360379,0.00803617943441381,0.865195672549862,0.375
"Gambia","child_vitA","level","infill","domain_index",4,30,"open,survey_public",30,0.695661846496107,0.668508965934631,0.0710889388002425,0.0666668259317652,0.00154420104887654,0.783803069606128,0.5
"Gambia","child_vitA","level","infill","domain_enet",4,30,"open,survey_public",30,0.732146829810901,0.711453684773445,0.0585758993813841,0.0482857770148303,-0.00200936931344731,0.696899299785699,0.625
"Gambia","child_vitA","level","infill","raw_enet",4,30,"open,survey_public",30,0.627586206896552,0.60211592346926,0.0603985137986488,0.0456877702217731,0.000338683333648241,0.789346125434711,0.375
"Gambia","child_vitA","level","infill","spatial_plus_domain",4,30,"open,survey_public",30,0.539043381535039,0.551731003597829,0.0739965102029908,0.0656570611360525,0.00803617943448334,0.865195672550024,0.375
"Gambia","child_vitA","level","infill","domain_index_cal",4,30,"open,survey_public",30,0.698776418242492,0.656795662806065,0.0599108257540863,0.0443675759745274,0.00137785851273247,0.744426106955602,0.5
"Gambia","child_vitA","level","infill","region_mean_jk",4,30,"open,survey_public",30,0.536559260835659,0.54961631664503,0.0791873335227439,0.0721807196619303,-0.00294107220801718,0.905533566976137,0.125
"Gambia","child_vitA","level","infill","null_train_mean",5,30,"open,survey_public",30,-0.171559619384449,-0.142277238513866,0.0877513712448399,0.0826346544682471,-1.85353396404501e-18,0.988773834614086,0.125
"Gambia","child_vitA","level","infill","spatial",5,30,"open,survey_public",30,0.629810901001112,0.64020507301225,0.0687383044726177,0.0554891398782544,-0.00137984285309628,0.773745460987756,0.375
"Gambia","child_vitA","level","infill","domain_index",5,30,"open,survey_public",30,0.69210233592881,0.640571408140316,0.0762752864890778,0.0714992957244308,-0.000363712332079961,0.83505270765888,0.375
"Gambia","child_vitA","level","infill","domain_enet",5,30,"open,survey_public",30,0.698331479421579,0.65994024235196,0.0609321273050957,0.0457861038884213,-0.000706930429957208,0.739461402622065,0.5
"Gambia","child_vitA","level","infill","raw_enet",5,30,"open,survey_public",30,0.5412680756396,0.510032077284888,0.0681523260694651,0.0565547831187817,-0.00179587011323919,0.846078103646233,0.375
"Gambia","child_vitA","level","infill","spatial_plus_domain",5,30,"open,survey_public",30,0.629810901001112,0.640205073012218,0.0687383044726177,0.0554891398782401,-0.00137984285305791,0.773745460987789,0.375
"Gambia","child_vitA","level","infill","domain_index_cal",5,30,"open,survey_public",30,0.688097886540601,0.642476877166074,0.0618124912081538,0.0487160238822056,-0.000166231440860274,0.753461208026277,0.375
"Gambia","child_vitA","level","infill","region_mean_jk",5,30,"open,survey_public",30,0.512472478108142,0.559755960941321,0.0730994657733279,0.0613869706567113,-0.003156335228019,0.846275821335747,0.25
"Gambia","child_vitA","level","infill","null_train_mean",6,30,"open,survey_public",30,-0.27504002472745,-0.302464895995378,0.0889216327048656,0.0832942671842368,0,1.00817242704495,0.25
"Gambia","child_vitA","level","infill","spatial",6,30,"open,survey_public",30,0.706340378197998,0.65681621047846,0.0665635235753722,0.0598556580399548,-0.00290611901072752,0.758887476552363,0.625
"Gambia","child_vitA","level","infill","domain_index",6,30,"open,survey_public",30,0.692547274749722,0.649355977558414,0.0743656656069801,0.0652918470295015,0.00245370054511988,0.807980397288791,0.5
"Gambia","child_vitA","level","infill","domain_enet",6,30,"open,survey_public",30,0.688542825361513,0.653516072855297,0.0627303875706411,0.0543161808345358,-0.00022323360358079,0.74428344519523,0.5
"Gambia","child_vitA","level","infill","raw_enet",6,30,"open,survey_public",30,0.587986651835373,0.568121399101758,0.0673809820624671,0.0553971089373544,0.000500489431439247,0.810510449730247,0.5
"Gambia","child_vitA","level","infill","spatial_plus_domain",6,30,"open,survey_public",30,0.706340378197998,0.656816210478443,0.0665635235753785,0.0598556580399616,-0.00290611901073184,0.758887476552382,0.625
"Gambia","child_vitA","level","infill","domain_index_cal",6,30,"open,survey_public",30,0.675194660734149,0.63860535479044,0.0609836323451499,0.0478324872339896,-0.000130126822824824,0.757244163620711,0.5
"Gambia","child_vitA","level","infill","region_mean_jk",6,30,"open,survey_public",30,0.573688916130621,0.56895852024345,0.0739826018817874,0.0638682634881159,-0.00189331752555329,0.849300456123807,0.375
"Gambia","child_vitA","level","infill","null_train_mean",7,30,"open,survey_public",30,-0.383966767193767,-0.395679064006924,0.0915463446416898,0.0871852363705899,1.39139278802306e-18,1.02557165112314,0.125
"Gambia","child_vitA","level","infill","spatial",7,30,"open,survey_public",30,0.701446051167964,0.688866292945858,0.0651914003609534,0.0599685454595177,0.00121263563227325,0.720584314047284,0.625
"Gambia","child_vitA","level","infill","domain_index",7,30,"open,survey_public",30,0.71301446051168,0.670943406031764,0.0696932012150854,0.0656382755445843,-0.00388092124853796,0.776615407212946,0.5
"Gambia","child_vitA","level","infill","domain_enet",7,30,"open,survey_public",30,0.711679644048943,0.687346820126585,0.0620583391412359,0.0531211829697934,-0.00330762601979223,0.71901787055638,0.5
"Gambia","child_vitA","level","infill","raw_enet",7,30,"open,survey_public",30,0.65027808676307,0.633554543030359,0.0641344628999126,0.0527746903504391,-0.00301674178102578,0.777228934487446,0.5
"Gambia","child_vitA","level","infill","spatial_plus_domain",7,30,"open,survey_public",30,0.701446051167964,0.688866292945908,0.0651914003609538,0.0599685454595198,0.00121263563227183,0.720584314047247,0.625
"Gambia","child_vitA","level","infill","domain_index_cal",7,30,"open,survey_public",30,0.692547274749722,0.651143840718554,0.0627727056319167,0.0495553957458455,-0.00226240476359163,0.751208864883454,0.375
"Gambia","child_vitA","level","infill","region_mean_jk",7,30,"open,survey_public",30,0.537031252755086,0.565801917789723,0.0743822812790637,0.0671749993689339,-0.00188152766114658,0.845842893718442,0.125
"Gambia","child_vitA","level","infill","null_train_mean",8,30,"open,survey_public",30,-0.299548541782371,-0.339357017076864,0.0893052693006108,0.0856498505637634,-2.7769128142785e-18,1.01453765259442,0
"Gambia","child_vitA","level","infill","spatial",8,30,"open,survey_public",30,0.628921023359288,0.640365089588064,0.0688507437097407,0.0626365917888749,0.00676442588235081,0.778340911373964,0.375
"Gambia","child_vitA","level","infill","domain_index",8,30,"open,survey_public",30,0.717908787541713,0.678254963298427,0.0691916826458762,0.0645315778321171,0.00186443471355753,0.766593848147754,0.375
"Gambia","child_vitA","level","infill","domain_enet",8,30,"open,survey_public",30,0.712569521690767,0.722958927174501,0.0584159038267724,0.049876470218473,-0.000306662971509802,0.686472653179206,0.5
"Gambia","child_vitA","level","infill","raw_enet",8,30,"open,survey_public",30,0.652947719688543,0.599388623570449,0.0626898924081984,0.0524916734192585,-0.000511429601426363,0.796101568930087,0.375
"Gambia","child_vitA","level","infill","spatial_plus_domain",8,30,"open,survey_public",30,0.628921023359288,0.640365089588037,0.0688507437097473,0.0626365917888836,0.00676442588236192,0.778340911374044,0.375
"Gambia","child_vitA","level","infill","domain_index_cal",8,30,"open,survey_public",30,0.705005561735261,0.660173581420109,0.0594122049914758,0.0463437390700691,0.000382734169051129,0.742074886388932,0.375
"Gambia","child_vitA","level","infill","region_mean_jk",8,30,"open,survey_public",30,0.580465966271154,0.612943176196406,0.0699982167903006,0.0629758413792333,0.00110879245029517,0.801927340935319,0.25
"Gambia","child_vitA","level","infill","null_train_mean",9,30,"open,survey_public",30,-0.531017869523295,-0.498096972788734,0.0927941136417417,0.0853342543298322,3.702550419038e-18,1.04955769961351,0
"Gambia","child_vitA","level","infill","spatial",9,30,"open,survey_public",30,0.680088987764182,0.630605076675667,0.0659512785470103,0.0562373847847428,0.0026254298224273,0.775028854713007,0.625
"Gambia","child_vitA","level","infill","domain_index",9,30,"open,survey_public",30,0.694771968854282,0.647603608945906,0.071783648167327,0.0657083477351277,0.00443167524806474,0.788428925184264,0.5
"Gambia","child_vitA","level","infill","domain_enet",9,30,"open,survey_public",30,0.693437152391546,0.67251730692374,0.0614643429315805,0.0518942976841506,0.00412663729920435,0.741554706463537,0.625
"Gambia","child_vitA","level","infill","raw_enet",9,30,"open,survey_public",30,0.431813125695217,0.468544716547595,0.0691484642246606,0.0550826919328381,0.00737998936999335,0.871355039911767,0.5
"Gambia","child_vitA","level","infill","spatial_plus_domain",9,30,"open,survey_public",30,0.680088987764182,0.630605076675768,0.0659512785470196,0.0562373847847243,0.00262542982250737,0.775028854712918,0.625
"Gambia","child_vitA","level","infill","domain_index_cal",9,30,"open,survey_public",30,0.676084538375973,0.620983952747304,0.0630882178943591,0.049093524047279,0.00266807735123045,0.77399957449601,0.5
"Gambia","child_vitA","level","infill","region_mean_jk",9,30,"open,survey_public",30,0.478547610216656,0.528674574142518,0.0751515865391552,0.0643104257751893,0.00843976566810562,0.858691413827647,0.25
"Gambia","child_vitA","level","infill","null_train_mean",10,30,"open,survey_public",30,-0.304994878905687,-0.309468344063434,0.0887779272122418,0.085334064891504,1.8508234586138e-18,1.00932747949036,0.125
"Gambia","child_vitA","level","infill","spatial",10,30,"open,survey_public",30,0.603114571746385,0.601350824946394,0.0703425659400513,0.0663859414965912,0.00745771582612502,0.8151838810939,0.375
"Gambia","child_vitA","level","infill","domain_index",10,30,"open,survey_public",30,0.646718576195773,0.619682942797379,0.0736993545067707,0.067474123033572,0.000933550410552478,0.834334029695721,0.5
"Gambia","child_vitA","level","infill","domain_enet",10,30,"open,survey_public",30,0.675639599555061,0.651498871679023,0.064479703723715,0.0555030411944744,0.00147608748750889,0.747657618225789,0.625
"Gambia","child_vitA","level","infill","raw_enet",10,30,"open,survey_public",30,0.444716351501668,0.423809524974487,0.0743775175273427,0.0602408965612152,0.00251936667326467,0.893264829740475,0.25
"Gambia","child_vitA","level","infill","spatial_plus_domain",10,30,"open,survey_public",30,0.603114571746385,0.601350824946361,0.0703425659400523,0.0663859414965955,0.00745771582610694,0.815183881093915,0.375
"Gambia","child_vitA","level","infill","domain_index_cal",10,30,"open,survey_public",30,0.639154616240267,0.59609106952562,0.0657207590572301,0.050312856754148,-0.000725520085280906,0.789745509752716,0.5
"Gambia","child_vitA","level","infill","region_mean_jk",10,30,"open,survey_public",30,0.482843724564696,0.543522771140966,0.0717110415932683,0.0623168809950137,0.000370317153697966,0.852637055636983,0.125
"Gambia","child_vitA","level","region","null_train_mean",1,30,"open,survey_public",30,-0.691684814661112,-0.691458498318368,0.103031649093716,0.0977703939151797,-0.00142535311637349,1.10943760236052,0.125
"Gambia","child_vitA","level","region","spatial",1,30,"open,survey_public",30,0.739710789766407,0.757463824170807,0.0588118520889048,0.0522596456558887,0.00390560328688833,0.644240746379893,0.625
"Gambia","child_vitA","level","region","domain_index",1,30,"open,survey_public",30,0.735706340378198,0.621047275126378,0.0695663619229391,0.0628531246366427,0.00675694887261208,0.796709338908115,0.5
"Gambia","child_vitA","level","region","domain_enet",1,30,"open,survey_public",30,0.737931034482759,0.715503923321849,0.0590317079416017,0.0505789882590105,0.00754992106556377,0.708880951152264,0.625
"Gambia","child_vitA","level","region","raw_enet",1,30,"open,survey_public",30,0.458064516129032,0.418631721019799,0.0717835396312806,0.0569698165997571,-0.00566419267226274,0.894460534586319,0.5
"Gambia","child_vitA","level","region","spatial_plus_domain",1,30,"open,survey_public",30,0.739710789766407,0.757463824170796,0.0588118520889027,0.0522596456558756,0.00390560328687487,0.6442407463799,0.625
"Gambia","child_vitA","level","region","domain_index_cal",1,30,"open,survey_public",30,0.720133481646274,0.604080292705963,0.0634358531912827,0.0478880208052272,0.00258386978069134,0.799026838780729,0.5
"Gambia","women_vitA","prev","infill","null_train_mean",1,30,"open,survey_public",30,-0.234102633270731,-0.39002926254412,4.02900227933698,3.46482600567266,5.78354096385236e-17,1.02439418834197,0.125
"Gambia","women_vitA","prev","infill","spatial",1,30,"open,survey_public",30,0.33345600851318,0.307209226811861,3.12019657491659,2.42654567603912,-1.19671806336158,0.974227099736284,0.375
"Gambia","women_vitA","prev","infill","domain_index",1,30,"open,survey_public",30,0.425678535850041,0.284563474558108,3.32092411264009,2.41621803280502,-0.412786295267115,1.02387780203016,0.375
"Gambia","women_vitA","prev","infill","domain_enet",1,30,"open,survey_public",30,0.405732187698303,0.204258552038713,3.26381304962183,2.22564165620799,-1.31371763119935,1.00349700199446,0.375
"Gambia","women_vitA","prev","infill","raw_enet",1,30,"open,survey_public",30,0.24029482949859,0.0846839632350002,3.33098346883023,2.2291152988138,-1.75831299350293,1.05036431045492,0.25
"Gambia","women_vitA","prev","infill","spatial_plus_domain",1,30,"open,survey_public",30,0.395641682162718,0.22966690591006,3.22252368878528,2.59826852389283,-1.22927644685954,1.0175003915454,0.25
"Gambia","women_vitA","prev","infill","domain_index_cal",1,30,"open,survey_public",30,0.384377862029971,0.218308823931153,3.23482080482635,2.2188691123659,-1.51008886759757,1.0079090634333,0.25
"Gambia","women_vitA","prev","infill","region_mean_jk",1,30,"open,survey_public",30,-0.0608757457087884,-0.0859301806232827,3.81161314526448,2.88084740636816,-1.37408201112333,1.11380134095835,0.25
"Gambia","women_vitA","prev","infill","null_train_mean",2,30,"open,survey_public",30,-0.525653765503605,-0.453427031574969,4.10766822238881,3.36838865968893,-2.32199965273979e-17,1.03848906173355,0
"Gambia","women_vitA","prev","infill","spatial",2,30,"open,survey_public",30,0.410660109006379,0.466148402612239,2.83514409513332,2.08032375987066,-1.20551762566424,0.904733397602797,0.375
"Gambia","women_vitA","prev","infill","domain_index",2,30,"open,survey_public",30,0.421454603300261,0.403763068848072,3.24965873904428,2.3659822592428,-0.315865017858773,0.947642956906401,0.375
"Gambia","women_vitA","prev","infill","domain_enet",2,30,"open,survey_public",30,0.428963816722092,0.212275510131831,3.25237230146728,2.250886913865,-1.29178111183819,1.01160826270407,0.375
"Gambia","women_vitA","prev","infill","raw_enet",2,30,"open,survey_public",30,0.204626065744893,0.194393588128614,3.30043476813168,2.26918886246831,-1.68359421067474,1.02352907396008,0.375
"Gambia","women_vitA","prev","infill","spatial_plus_domain",2,30,"open,survey_public",30,0.402681569745684,0.452700750811924,2.8270841131189,2.14950584984273,-1.11084762741333,0.905729496961279,0.375
"Gambia","women_vitA","prev","infill","domain_index_cal",2,30,"open,survey_public",30,0.355748985859241,0.353838612329866,3.18680862649267,2.19979196142435,-1.52093557908491,0.977128009134935,0.375
"Gambia","women_vitA","prev","infill","region_mean_jk",2,30,"open,survey_public",30,0.132925790004973,0.139849631437658,3.41416309618287,2.62403412713569,-1.23831097471351,1.03454362240567,0.125
"Gambia","women_vitA","prev","infill","null_train_mean",3,30,"open,survey_public",30,-0.373415243253927,-0.38815870287757,4.04581818580585,3.32207718437387,-1.16099982636989e-17,1.02400778563499,0
"Gambia","women_vitA","prev","infill","spatial",3,30,"open,survey_public",30,0.293093986370839,0.197378012669182,3.21072759261471,2.33539952730227,-1.67792855924556,1.02771746207037,0.375
"Gambia","women_vitA","prev","infill","domain_index",3,30,"open,survey_public",30,0.401508255148523,0.280928373717128,3.12665223390269,2.25684766483004,-0.87259282536341,0.997564889338993,0.375
"Gambia","women_vitA","prev","infill","domain_enet",3,30,"open,survey_public",30,0.297083256001187,0.114771917791171,3.38590798705777,2.77480276490073,-1.4658482246847,1.04179895538355,0.25
"Gambia","women_vitA","prev","infill","raw_enet",3,30,"open,survey_public",30,0.11850477431327,0.0473101177822576,3.52691845637069,2.35172693693374,-1.40308247669679,1.0463213449232,0.25
"Gambia","women_vitA","prev","infill","spatial_plus_domain",3,30,"open,survey_public",30,0.238652189062565,0.11046940872283,3.26305868908312,2.37938306308269,-1.66589610960151,1.05635715549059,0.375
"Gambia","women_vitA","prev","infill","domain_index_cal",3,30,"open,survey_public",30,0.364666176797665,0.288509114268062,3.29466994493243,2.33162697992651,-1.64891055985324,1.00263577978491,0.375
"Gambia","women_vitA","prev","infill","region_mean_jk",3,30,"open,survey_public",30,-0.201517710187256,-0.118875658997666,3.76359270486666,2.81099086754172,-1.51211263524868,1.1274175150521,0.25
"Gambia","women_vitA","prev","infill","null_train_mean",4,30,"open,survey_public",30,-0.301604619551249,-0.370992157399496,3.98356822536272,3.28451181742938,8.08069431680603e-17,1.02054191303195,0
"Gambia","women_vitA","prev","infill","spatial",4,30,"open,survey_public",30,0.46791786134784,0.404285030544034,2.94634486742649,2.46671889135499,-1.01327096882607,0.922902734779009,0.5
"Gambia","women_vitA","prev","infill","domain_index",4,30,"open,survey_public",30,0.448206176115534,0.399675895390472,3.09824906850455,2.48340655571211,-0.269304218594137,0.936096239094035,0.375
"Gambia","women_vitA","prev","infill","domain_enet",4,30,"open,survey_public",30,0.396814996759879,0.126433627624611,3.59918878433061,3.31552337855847,-0.834605675699524,1.07037257543394,0.25
"Gambia","women_vitA","prev","infill","raw_enet",4,30,"open,survey_public",30,0.329701401802265,0.0815860700838442,3.55627482208922,3.05181761080124,-1.07814604491469,1.07394012568725,0.375
"Gambia","women_vitA","prev","infill","spatial_plus_domain",4,30,"open,survey_public",30,0.491384153291062,0.317260341595138,3.08701478788563,3.0989637941795,-0.892589218857424,0.977893332047592,0.5
"Gambia","women_vitA","prev","infill","domain_index_cal",4,30,"open,survey_public",30,0.428494490883228,0.333036630041475,3.14868961564021,2.23608650843388,-1.42155928126648,0.975890220988332,0.375
"Gambia","women_vitA","prev","infill","region_mean_jk",4,30,"open,survey_public",30,0.0834912860414044,-0.0700744292380703,4.20146546145172,3.81413575813074,-0.523463163274426,1.19422788895503,0.125
"Gambia","women_vitA","prev","infill","null_train_mean",5,30,"open,survey_public",30,-0.29011491975882,-0.340092775020982,3.99290476057712,3.36566011561229,-1.16099982636989e-17,1.01467160939431,0
"Gambia","women_vitA","prev","infill","spatial",5,30,"open,survey_public",30,0.332517356835451,0.351429256059159,3.21426766186507,2.45166065886473,-1.37603813763754,0.962168245693324,0.375
"Gambia","women_vitA","prev","infill","domain_index",5,30,"open,survey_public",30,0.407140165214896,0.29469248326716,3.16276081858856,2.30632540167458,-0.455749842581689,1.00379608923359,0.375
"Gambia","women_vitA","prev","infill","domain_enet",5,30,"open,survey_public",30,0.379215277802462,0.371591045252108,3.23082961557176,2.34261075963079,-1.4071068425544,0.960633801904009,0.375
"Gambia","women_vitA","prev","infill","raw_enet",5,30,"open,survey_public",30,0.272443649460804,0.0993182627832094,3.37798709464319,2.29642348706273,-1.47726659597955,1.04369675788507,0.375
"Gambia","women_vitA","prev","infill","spatial_plus_domain",5,30,"open,survey_public",30,0.371002075622335,0.284702737484093,3.33753872742999,2.56756414999208,-1.33259776106539,0.983975442994321,0.5
"Gambia","women_vitA","prev","infill","domain_index_cal",5,30,"open,survey_public",30,0.372879378977793,0.309302272288135,3.26054245055496,2.25022373731812,-1.49868765968019,0.987130311159502,0.375
"Gambia","women_vitA","prev","infill","region_mean_jk",5,30,"open,survey_public",30,0.00846766812579373,-0.022452728675639,3.79091309103551,2.85877601864495,-1.26335030872188,1.08089372709451,0.25
"Gambia","women_vitA","prev","infill","null_train_mean",6,30,"open,survey_public",30,-0.244156120589106,-0.358228006829089,3.99702948720999,3.32963556205888,1.15648231731787e-17,1.01805925107206,0
"Gambia","women_vitA","prev","infill","spatial",6,30,"open,survey_public",30,0.350586401631732,0.388086927071033,3.07439084809054,2.38381461153212,-1.32406770837612,0.946211989886479,0.375
"Gambia","women_vitA","prev","infill","domain_index",6,30,"open,survey_public",30,0.452195445745882,0.415752069435723,3.14677221241555,2.39617972420291,-0.104945149696921,0.950958234110902,0.5
"Gambia","women_vitA","prev","infill","domain_enet",6,30,"open,survey_public",30,0.468621850106137,0.506202379935536,3.0923243845575,2.10176092779537,-1.49669936135677,0.951894808581555,0.375
"Gambia","women_vitA","prev","infill","raw_enet",6,30,"open,survey_public",30,0.415118704475592,0.312467018862204,3.18564726420669,2.1823979169525,-1.52944903961549,0.991247087214575,0.5
"Gambia","women_vitA","prev","infill","spatial_plus_domain",6,30,"open,survey_public",30,0.370063423944606,0.409469890991293,3.01888361349988,2.36426835338452,-1.32910803996595,0.938596174501374,0.375
"Gambia","women_vitA","prev","infill","domain_index_cal",6,30,"open,survey_public",30,0.413006738200702,0.441993789174665,3.08120596464739,2.12786261986667,-1.46711677938274,0.954577696437611,0.5
"Gambia","women_vitA","prev","infill","region_mean_jk",6,30,"open,survey_public",30,0.110785601804472,0.107264800676806,3.48617836663263,2.68569697518823,-1.13890190923861,1.03786676732295,0.125
"Gambia","women_vitA","prev","infill","null_train_mean",7,30,"open,survey_public",30,-0.360489330987445,-0.402554068460113,4.03715429970867,3.49276566536682,-5.77450594574832e-17,1.02702542980811,0.125
"Gambia","women_vitA","prev","infill","spatial",7,30,"open,survey_public",30,0.345658480323655,0.120311749410579,3.633674154615,3.26250781892721,-0.879139804589763,1.07644765508019,0.25
"Gambia","women_vitA","prev","infill","domain_index",7,30,"open,survey_public",30,0.435299715546762,0.239383200706222,3.64335254794265,2.89759964154552,-0.154951470761806,1.09393758822373,0.375
"Gambia","women_vitA","prev","infill","domain_enet",7,30,"open,survey_public",30,0.285350110029576,0.0238651440527422,4.11668556944148,3.60324418949668,-0.527295011925224,1.17591031502174,0.125
"Gambia","women_vitA","prev","infill","raw_enet",7,30,"open,survey_public",30,0.235836234029378,-0.0062755984543384,3.81816813248452,3.10024797599517,-0.941806153299625,1.11057902935204,0.125
"Gambia","women_vitA","prev","infill","spatial_plus_domain",7,30,"open,survey_public",30,0.255782582181116,0.00275252211393075,4.47039073217652,4.61665997331228,-0.221251004018708,1.33037357892504,0.25
"Gambia","women_vitA","prev","infill","domain_index_cal",7,30,"open,survey_public",30,0.391887075451802,0.191021384321867,3.3127283434394,2.48348292961815,-1.31579839019064,1.00828756244321,0.375
"Gambia","women_vitA","prev","infill","region_mean_jk",7,30,"open,survey_public",30,-0.0628913705582042,-0.0678847333900508,4.01239424549794,3.5585085602674,-0.894198888994932,1.20786961962415,0.125
"Gambia","women_vitA","prev","infill","null_train_mean",8,30,"open,survey_public",30,-0.353308268617177,-0.375550417180369,4.03148873417042,3.40883608327708,-9.26202293391002e-17,1.0214480614094,0.125
"Gambia","women_vitA","prev","infill","spatial",8,30,"open,survey_public",30,0.411364097764676,0.363392256100897,3.0874320177499,2.35044234584991,-1.21467426519817,0.94875787690601,0.375
"Gambia","women_vitA","prev","infill","domain_index",8,30,"open,survey_public",30,0.450787468229289,0.399558112693369,2.97578448079384,2.18836694471825,-0.368948062571129,0.929632375829258,0.375
"Gambia","women_vitA","prev","infill","domain_enet",8,30,"open,survey_public",30,0.39798831135704,0.155796132896748,3.32043267245143,2.1786179238912,-1.30031342223553,1.0266068362029,0.375
"Gambia","women_vitA","prev","infill","raw_enet",8,30,"open,survey_public",30,0.44562488400178,0.258933797659966,3.17107051777606,2.16182151790394,-1.44537618815266,0.99441520463662,0.25
"Gambia","women_vitA","prev","infill","spatial_plus_domain",8,30,"open,survey_public",30,0.453838086181907,0.388604591136041,3.02554576308245,2.31154383845182,-1.38919097028426,0.950382551712664,0.375
"Gambia","women_vitA","prev","infill","domain_index_cal",8,30,"open,survey_public",30,0.352933030826054,0.195633631166159,3.31208998379801,2.2957498811068,-1.56527980284988,1.01581057007025,0.25
"Gambia","women_vitA","prev","infill","region_mean_jk",8,30,"open,survey_public",30,0.120140150860719,0.00912403712352971,3.59478267430587,2.57026599517716,-1.29122064881581,1.08009319336199,0.125
"Gambia","women_vitA","prev","infill","null_train_mean",9,30,"open,survey_public",30,-0.37054281830582,-0.45231211028817,4.10449618396057,3.55443582747578,-3.47848197005766e-17,1.03822465653973,0
"Gambia","women_vitA","prev","infill","spatial",9,30,"open,survey_public",30,0.450318142390424,0.430852918980283,3.01398447450778,2.38437117846849,-1.31183097343964,0.931121699957599,0.375
"Gambia","women_vitA","prev","infill","domain_index",9,30,"open,survey_public",30,0.475896400608536,0.421268338151743,2.98907628768099,2.29393170279184,-0.523890749234641,0.918833083604442,0.375
"Gambia","women_vitA","prev","infill","domain_enet",9,30,"open,survey_public",30,0.419342637025371,0.0699781746245949,3.85236115403361,4.25005793058096,-0.790355551455541,1.19515365955309,0.25
"Gambia","women_vitA","prev","infill","raw_enet",9,30,"open,survey_public",30,0.312805671603145,0.102743910335383,3.49151952055013,2.57287940374408,-1.51303804129361,1.05226556482288,0.375
"Gambia","women_vitA","prev","infill","spatial_plus_domain",9,30,"open,survey_public",30,0.451491456987585,0.406660031552779,3.04133622514603,2.38913887351216,-1.24713543960766,0.934633385578013,0.375
"Gambia","women_vitA","prev","infill","domain_index_cal",9,30,"open,survey_public",30,0.427086513366635,0.30252109467386,3.24467648681024,2.24295052617936,-1.62124924634189,0.996986057292796,0.375
"Gambia","women_vitA","prev","infill","region_mean_jk",9,30,"open,survey_public",30,0.108457439037011,0.0610631765596403,3.52974239049989,2.65499381022167,-1.30786400875805,1.05414473790676,0.25
"Gambia","women_vitA","prev","infill","null_train_mean",10,30,"open,survey_public",30,-0.343254781298802,-0.466851245809692,4.19627318699132,3.61949905104207,1.16099982636989e-17,1.0417183044248,0
"Gambia","women_vitA","prev","infill","spatial",10,30,"open,survey_public",30,0.387663142902022,0.325417532230095,3.24491606037544,2.41675428713068,-1.53096576120635,0.981638848935334,0.375
"Gambia","women_vitA","prev","infill","domain_index",10,30,"open,survey_public",30,0.424739884172312,0.261925853671872,3.20334555972054,2.38384983904982,-0.722698431451727,1.0062094617145,0.375
"Gambia","women_vitA","prev","infill","domain_enet",10,30,"open,survey_public",30,0.462989940039764,0.315294418849403,3.19169135591045,2.23233071206259,-1.6936878393734,0.998180393841521,0.375
"Gambia","women_vitA","prev","infill","raw_enet",10,30,"open,survey_public",30,0.270097020266482,0.066565313100737,3.37852227024654,2.45617994637281,-1.39090957460933,1.05709974826622,0.375
"Gambia","women_vitA","prev","infill","spatial_plus_domain",10,30,"open,survey_public",30,0.349413087034571,0.165895364386644,3.35108226810664,2.4418034617327,-1.54683139026741,1.0270026886577,0.25
"Gambia","women_vitA","prev","infill","domain_index_cal",10,30,"open,survey_public",30,0.369594098105742,0.286484381886179,3.26721887546002,2.25568130041165,-1.59545521431745,0.999842471419698,0.25
"Gambia","women_vitA","prev","infill","region_mean_jk",10,30,"open,survey_public",30,-0.0188065344218305,-0.0577849728444052,3.72642800586644,2.77343375472042,-1.41425367882442,1.09601749419452,0.125
"Gambia","women_vitA","prev","region","null_train_mean",1,30,"open,survey_public",30,-0.450731348107144,-0.444378394958354,4.08830747095149,3.38644587832621,-0.0438574697890027,1.0374479065507,0.25
"Gambia","women_vitA","prev","region","spatial",1,30,"open,survey_public",30,0.508279883490182,0.527007951885329,2.93030807969996,2.48113825870735,-1.08368729120217,0.864558064776936,0.5
"Gambia","women_vitA","prev","region","domain_index",1,30,"open,survey_public",30,0.562721680798456,0.510638927628678,2.81568905338193,2.03426031445424,-0.888860694077443,0.865847035963652,0.5
"Gambia","women_vitA","prev","region","domain_enet",1,30,"open,survey_public",30,0.600971736665907,0.399337781260164,3.23004880451429,2.51500533966984,-1.69041604396848,0.975412228363338,0.625
"Gambia","women_vitA","prev","region","raw_enet",1,30,"open,survey_public",30,0.221052470105148,0.0728859926755325,3.50896704764992,2.60330027984637,-1.96180457270674,1.071022574084,0.5
"Gambia","women_vitA","prev","region","spatial_plus_domain",1,30,"open,survey_public",30,0.499832018390622,0.402314094150865,3.21701943590318,3.02758874259777,-1.31626701595991,0.94525146070863,0.5
"Gambia","women_vitA","prev","region","domain_index_cal",1,30,"open,survey_public",30,0.572108197575745,0.498856393803666,3.23189282834526,2.17107890782535,-1.86253442439813,1.00302656009351,0.625
"Gambia","women_vitA","level","infill","null_train_mean",1,30,"open,survey_public",30,-0.0925877310963693,-0.144019592830713,0.100531525400132,0.111451940008739,2.77962331970971e-18,0.988910984423113,0.375
"Gambia","women_vitA","level","infill","spatial",1,30,"open,survey_public",30,0.660956618464961,0.67960242044125,0.0746651317376527,0.0837940994100408,-0.000295625517959212,0.724939550862613,0.5
"Gambia","women_vitA","level","infill","domain_index",1,30,"open,survey_public",30,0.696996662958843,0.730690204936597,0.0694613475401743,0.0663683964906349,0.00156467977152382,0.700495813596749,0.5
"Gambia","women_vitA","level","infill","domain_enet",1,30,"open,survey_public",30,0.67964404894327,0.704515745613635,0.0722412552415419,0.0763308979645403,-0.000190996222321165,0.712280594779786,0.375
"Gambia","women_vitA","level","infill","raw_enet",1,30,"open,survey_public",30,0.639599555061179,0.669417283526967,0.0762315260587838,0.0688506119368361,-0.00313406587769901,0.736608495904227,0.5
"Gambia","women_vitA","level","infill","spatial_plus_domain",1,30,"open,survey_public",30,0.660956618464961,0.679602420441238,0.0746651317376553,0.0837940994100596,-0.000295625517942999,0.72493955086263,0.5
"Gambia","women_vitA","level","infill","domain_index_cal",1,30,"open,survey_public",30,0.690767519466073,0.721036418719486,0.068135006179119,0.067669809714319,0.0026245589076872,0.685429953387748,0.5
"Gambia","women_vitA","level","infill","region_mean_jk",1,30,"open,survey_public",30,0.499777791508359,0.606523471509358,0.0805089214415559,0.0785213438520092,-0.00370878473663477,0.798728456902766,0.25
"Gambia","women_vitA","level","infill","null_train_mean",2,30,"open,survey_public",30,-0.408475284248688,-0.412832458438286,0.105194412888444,0.116264080719887,-2.77962331970971e-18,1.02924162686983,0.125
"Gambia","women_vitA","level","infill","spatial",2,30,"open,survey_public",30,0.613348164627364,0.597953733312287,0.0849329668667965,0.0885929588623802,-0.00330757306836716,0.805738967062965,0.375
"Gambia","women_vitA","level","infill","domain_index",2,30,"open,survey_public",30,0.70678531701891,0.718436982364465,0.0738162608524797,0.068281209217671,-0.00297524679223233,0.726477186529024,0.5
"Gambia","women_vitA","level","infill","domain_enet",2,30,"open,survey_public",30,0.575973303670745,0.626881263434128,0.0781123212829226,0.0727924303719419,-0.00613746496727915,0.770667583527631,0.25
"Gambia","women_vitA","level","infill","raw_enet",2,30,"open,survey_public",30,0.523470522803115,0.493743979108062,0.0911141076141048,0.0815066311721748,-0.00657553526127741,0.873928862289519,0.375
"Gambia","women_vitA","level","infill","spatial_plus_domain",2,30,"open,survey_public",30,0.558620689655172,0.578991986291463,0.0881736279003678,0.082857648045152,-0.00187863503448332,0.837838375632994,0.375
"Gambia","women_vitA","level","infill","domain_index_cal",2,30,"open,survey_public",30,0.70055617352614,0.700176562329859,0.0695924305916963,0.0662052421717813,-0.00182679482037468,0.702316891499279,0.5
"Gambia","women_vitA","level","infill","region_mean_jk",2,30,"open,survey_public",30,0.535205642087863,0.61639126975837,0.0787830977522315,0.0752114197901928,-0.000897494092650276,0.795555914697234,0.125
"Gambia","women_vitA","level","infill","null_train_mean",3,30,"open,survey_public",30,-0.547356880893242,-0.568422935212887,0.109929656995698,0.11603985270295,3.23227772672241e-18,1.06880999761909,0
"Gambia","women_vitA","level","infill","spatial",3,30,"open,survey_public",30,0.608008898776418,0.599781703923097,0.0786865640802001,0.0796186584275621,-0.0022375718779655,0.792102590287693,0.375
"Gambia","women_vitA","level","infill","domain_index",3,30,"open,survey_public",30,0.637819799777531,0.670562084179664,0.0750358706752688,0.0693437523135423,-0.00252641828843152,0.761428684269384,0.5
"Gambia","women_vitA","level","infill","domain_enet",3,30,"open,survey_public",30,0.555506117908787,0.622455664982091,0.0739528440948275,0.063569851544249,-0.00372332757021068,0.771707054534032,0.5
"Gambia","women_vitA","level","infill","raw_enet",3,30,"open,survey_public",30,0.558620689655172,0.505823220826819,0.0850779642535237,0.0788165824568612,-0.00703604669956411,0.852477457567201,0.5
"Gambia","women_vitA","level","infill","spatial_plus_domain",3,30,"open,survey_public",30,0.568854282536151,0.600013219390389,0.0781785695951104,0.0748572419126858,-0.00240542236051886,0.791340190146293,0.375
"Gambia","women_vitA","level","infill","domain_index_cal",3,30,"open,survey_public",30,0.622246941045606,0.636166948553114,0.0742453517856499,0.0696986416423641,-0.00130391153032575,0.758751291915487,0.5
"Gambia","women_vitA","level","infill","region_mean_jk",3,30,"open,survey_public",30,0.485908942167333,0.57406766807667,0.079211054970741,0.0716417274473365,-0.00477560765063301,0.822261841529851,0.25
"Gambia","women_vitA","level","infill","null_train_mean",4,30,"open,survey_public",30,-0.34039607020724,-0.354573649446842,0.104601664585364,0.112832042238094,2.77962331970971e-18,1.01736338704333,0.25
"Gambia","women_vitA","level","infill","spatial",4,30,"open,survey_public",30,0.50789766407119,0.560740449287568,0.087370998824053,0.0897994488936614,0.00689374687816846,0.84361804982886,0.25
"Gambia","women_vitA","level","infill","domain_index",4,30,"open,survey_public",30,0.680978865406007,0.71379541179642,0.0741820988755315,0.0688412265850108,0.00237701451366534,0.726745379735964,0.5
"Gambia","women_vitA","level","infill","domain_enet",4,30,"open,survey_public",30,0.53726362625139,0.542233450330728,0.0821482603637507,0.0808747805616274,0.0122844398335964,0.831980949619542,0.375
"Gambia","women_vitA","level","infill","raw_enet",4,30,"open,survey_public",30,0.62091212458287,0.603922175928743,0.0791910840281239,0.0684126518708654,0.00260423035974155,0.783924569568283,0.5
"Gambia","women_vitA","level","infill","spatial_plus_domain",4,30,"open,survey_public",30,0.50567296996663,0.553547117703448,0.0891996192004917,0.0909330359469972,0.00807883184455494,0.854014461631299,0.25
"Gambia","women_vitA","level","infill","domain_index_cal",4,30,"open,survey_public",30,0.678754171301446,0.708310112732981,0.069121938443197,0.0631132554727068,0.00394261819522887,0.697156610258376,0.5
"Gambia","women_vitA","level","infill","region_mean_jk",4,30,"open,survey_public",30,0.418636598192509,0.553520159055784,0.0897268210591341,0.0905897623534503,0.0036372288170956,0.89484564442061,0.125
"Gambia","women_vitA","level","infill","null_train_mean",5,30,"open,survey_public",30,-0.13071209095958,-0.141003710104678,0.100855176037448,0.110088945857089,-2.77962331970971e-18,0.988674632688797,0.25
"Gambia","women_vitA","level","infill","spatial",5,30,"open,survey_public",30,0.620022246941046,0.631818354701367,0.079646024948784,0.0813212000887059,-0.000778721936560645,0.77460170707669,0.375
"Gambia","women_vitA","level","infill","domain_index",5,30,"open,survey_public",30,0.732591768631813,0.728610548219905,0.072315225489229,0.0709040919627891,0.000390220129138925,0.719540342182517,0.5
"Gambia","women_vitA","level","infill","domain_enet",5,30,"open,survey_public",30,0.548832035595106,0.559955599770634,0.0836372697946246,0.0800533528440889,0.00121803903760509,0.827049710077818,0.375
"Gambia","women_vitA","level","infill","raw_enet",5,30,"open,survey_public",30,0.5853170189099,0.637074466047062,0.0771239439477107,0.0698081837714751,-0.00749704371747122,0.762809436956292,0.375
"Gambia","women_vitA","level","infill","spatial_plus_domain",5,30,"open,survey_public",30,0.620022246941046,0.631818354701245,0.0796460249487976,0.0813212000887232,-0.000778721936524665,0.774601707076833,0.375
"Gambia","women_vitA","level","infill","domain_index_cal",5,30,"open,survey_public",30,0.735706340378198,0.726963559117377,0.0682880805445585,0.0664922246937238,0.000150971208951454,0.675983929035371,0.5
"Gambia","women_vitA","level","infill","region_mean_jk",5,30,"open,survey_public",30,0.496659550708891,0.614609963557909,0.0782602175431829,0.077321248855622,-0.000659048064781488,0.790555924826935,0.25
"Gambia","women_vitA","level","infill","null_train_mean",6,30,"open,survey_public",30,-0.348565575892214,-0.338827757162465,0.105653515032577,0.116142270825829,2.77962331970971e-18,1.0144414606439,0.125
"Gambia","women_vitA","level","infill","spatial",6,30,"open,survey_public",30,0.612903225806452,0.618000824171624,0.084487538543533,0.0909096491001831,-0.0032123642754795,0.800642123256267,0.375
"Gambia","women_vitA","level","infill","domain_index",6,30,"open,survey_public",30,0.732146829810901,0.732365783719848,0.0717686099042305,0.0674600399080919,0.00383809010017799,0.702813947910806,0.5
"Gambia","women_vitA","level","infill","domain_enet",6,30,"open,survey_public",30,0.556840934371524,0.620522672133778,0.0783942162118949,0.0730572280064927,0.00425957694883077,0.774700397825754,0.375
"Gambia","women_vitA","level","infill","raw_enet",6,30,"open,survey_public",30,0.626251390433815,0.649014979178391,0.0745736077080627,0.0669742378809265,-0.00277749439377089,0.748579569341804,0.5
"Gambia","women_vitA","level","infill","spatial_plus_domain",6,30,"open,survey_public",30,0.600444938820912,0.614270910507208,0.0851208398801668,0.090515672364055,-0.00257906293879118,0.804486924868715,0.375
"Gambia","women_vitA","level","infill","domain_index_cal",6,30,"open,survey_public",30,0.735261401557286,0.722534922642562,0.0681692046882885,0.0652540640210341,0.00268532704496976,0.683436220566711,0.5
"Gambia","women_vitA","level","infill","region_mean_jk",6,30,"open,survey_public",30,0.461401842837482,0.587540959340866,0.0835223476078834,0.0803487561610619,0.000832884015011983,0.826997309990104,0
"Gambia","women_vitA","level","infill","null_train_mean",7,30,"open,survey_public",30,-0.220576653494292,-0.223403862751277,0.102033626428277,0.113670769795793,-3.70661617718482e-18,0.996897608017266,0.375
"Gambia","women_vitA","level","infill","spatial",7,30,"open,survey_public",30,0.624026696329255,0.647560524434745,0.0745280103405584,0.0824029408953598,0.00241498621833381,0.761311376025546,0.375
"Gambia","women_vitA","level","infill","domain_index",7,30,"open,survey_public",30,0.713459399332592,0.74034814687238,0.0706373001196092,0.0681595301631354,-0.000181808941252956,0.697848450013154,0.5
"Gambia","women_vitA","level","infill","domain_enet",7,30,"open,survey_public",30,0.628031145717464,0.625793728294111,0.078026748745709,0.0825506121230281,0.00326746916805682,0.767348732648432,0.375
"Gambia","women_vitA","level","infill","raw_enet",7,30,"open,survey_public",30,0.625806451612903,0.655700852034946,0.0725159908850262,0.06354091612153,-0.00189592522861655,0.742522184083097,0.375
"Gambia","women_vitA","level","infill","spatial_plus_domain",7,30,"open,survey_public",30,0.617352614015573,0.648803854501184,0.0741568375474537,0.0813743641432866,0.00231774443465252,0.760534967620881,0.375
"Gambia","women_vitA","level","infill","domain_index_cal",7,30,"open,survey_public",30,0.692547274749722,0.729647653972422,0.067304231410284,0.066160930285848,0.00223842489225354,0.676604263178995,0.5
"Gambia","women_vitA","level","infill","region_mean_jk",7,30,"open,survey_public",30,0.504956387389373,0.580571932422619,0.0825181063235506,0.0822553289182879,-0.000203019889617795,0.834772985438268,0.25
"Gambia","women_vitA","level","infill","null_train_mean",8,30,"open,survey_public",30,-0.321333890275635,-0.364117753310091,0.103350180207729,0.112768654164588,-3.70661617718482e-18,1.01919477375721,0.125
"Gambia","women_vitA","level","infill","spatial",8,30,"open,survey_public",30,0.620022246941046,0.621106978784832,0.0812917593312139,0.0859864310325895,0.00497270794134268,0.785549891438171,0.375
"Gambia","women_vitA","level","infill","domain_index",8,30,"open,survey_public",30,0.699666295884316,0.713051273505397,0.0742238864268113,0.0678799526599511,0.0044396551190232,0.716929648481064,0.5
"Gambia","women_vitA","level","infill","domain_enet",8,30,"open,survey_public",30,0.443826473859844,0.50754698513532,0.0890571472117651,0.0817989659781578,0.01264250186775,0.866142852543942,0.375
"Gambia","women_vitA","level","infill","raw_enet",8,30,"open,survey_public",30,0.653837597330367,0.609929510957569,0.0776068189804026,0.0680159645906087,0.00138577881278982,0.787061190082197,0.5
"Gambia","women_vitA","level","infill","spatial_plus_domain",8,30,"open,survey_public",30,0.61245828698554,0.619336305283793,0.0814503724269272,0.0862208252325095,0.00482500753012365,0.787249505303098,0.375
"Gambia","women_vitA","level","infill","domain_index_cal",8,30,"open,survey_public",30,0.669855394883204,0.676334192289782,0.0720180688208013,0.0689867131125416,0.00331188512416129,0.725503907782344,0.5
"Gambia","women_vitA","level","infill","region_mean_jk",8,30,"open,survey_public",30,0.515202524936754,0.604168467408992,0.0813863930878982,0.0797886736280786,0.00477231774509254,0.801272753338581,0.25
"Gambia","women_vitA","level","infill","null_train_mean",9,30,"open,survey_public",30,-0.541910543769926,-0.546562879607802,0.109456811867292,0.117236111993032,-2.3043813674369e-18,1.06259194321432,0
"Gambia","women_vitA","level","infill","spatial",9,30,"open,survey_public",30,0.567074527252503,0.577977534119929,0.0836097686840319,0.0877928152918613,0.000906679701104876,0.813154163810846,0.125
"Gambia","women_vitA","level","infill","domain_index",9,30,"open,survey_public",30,0.687208008898776,0.697945078875891,0.0738913707920895,0.0697297792470516,0.00308411888995109,0.721989604792459,0.5
"Gambia","women_vitA","level","infill","domain_enet",9,30,"open,survey_public",30,0.553726362625139,0.583413023108343,0.0826915472962192,0.086243907741977,0.00150369568787457,0.798676961839009,0.375
"Gambia","women_vitA","level","infill","raw_enet",9,30,"open,survey_public",30,0.444271412680756,0.454830992903862,0.088771118056375,0.0761287035390202,0.000498631181541368,0.8811410808963,0.25
"Gambia","women_vitA","level","infill","spatial_plus_domain",9,30,"open,survey_public",30,0.567074527252503,0.578249935408355,0.0837342604225773,0.0878995302577304,0.00101951158473684,0.813290930954915,0.125
"Gambia","women_vitA","level","infill","domain_index_cal",9,30,"open,survey_public",30,0.649833147942158,0.662482641509461,0.0749896065198416,0.0682173563926361,0.00334366065055616,0.741168611264614,0.5
"Gambia","women_vitA","level","infill","region_mean_jk",9,30,"open,survey_public",30,0.454029567774257,0.559180367180342,0.083446821707764,0.0810425239754806,0.00418079364197528,0.831613773909418,0.25
"Gambia","women_vitA","level","infill","null_train_mean",10,30,"open,survey_public",30,-0.324057058837293,-0.333438986091151,0.104772314354809,0.116563086240085,-1.38055076629821e-18,1.01347009750049,0.125
"Gambia","women_vitA","level","infill","spatial",10,30,"open,survey_public",30,0.506562847608454,0.523383388144613,0.0889150004341882,0.091869835813732,0.0053066338991476,0.876456348236192,0.375
"Gambia","women_vitA","level","infill","domain_index",10,30,"open,survey_public",30,0.662736373748609,0.679024848239627,0.0739378082453851,0.0669559861526394,7.74972429961786e-05,0.755218766786843,0.5
"Gambia","women_vitA","level","infill","domain_enet",10,30,"open,survey_public",30,0.60845383759733,0.607451660762381,0.0780045833585675,0.078713110888985,0.00595398922378271,0.782592058223219,0.625
"Gambia","women_vitA","level","infill","raw_enet",10,30,"open,survey_public",30,0.43670745272525,0.450564693917553,0.0904967751449462,0.0837389173254508,0.00863868195584815,0.894311924525476,0.375
"Gambia","women_vitA","level","infill","spatial_plus_domain",10,30,"open,survey_public",30,0.496329254727475,0.53066113896381,0.0895779084536891,0.0884195482843522,0.006935952993131,0.880951171902084,0.375
"Gambia","women_vitA","level","infill","domain_index_cal",10,30,"open,survey_public",30,0.645383759733037,0.664146393997572,0.0716634052695501,0.0664126394478238,0.000399517961330165,0.735412275839341,0.5
"Gambia","women_vitA","level","infill","region_mean_jk",10,30,"open,survey_public",30,0.399064656527628,0.49823794742509,0.0919153480411809,0.0872000025668316,0.00291708832365821,0.897800793157923,0.125
"Gambia","women_vitA","level","region","null_train_mean",1,30,"open,survey_public",30,-0.718916500277691,-0.698931834258742,0.115690160992933,0.123350320829699,-0.00333448288103853,1.1217037173244,0
"Gambia","women_vitA","level","region","spatial",1,30,"open,survey_public",30,0.6587319243604,0.667024528562619,0.0806976153564096,0.0918434393672571,-0.00658359471383548,0.760325566574073,0.5
"Gambia","women_vitA","level","region","domain_index",1,30,"open,survey_public",30,0.78420467185762,0.753971726199994,0.064590356920463,0.0586076370427306,0.00312989799487235,0.65142113038924,0.5
"Gambia","women_vitA","level","region","domain_enet",1,30,"open,survey_public",30,0.616017797552836,0.594522996286239,0.0818830267598595,0.0873232932867265,-0.00944582741241798,0.800674900770647,0.5
"Gambia","women_vitA","level","region","raw_enet",1,30,"open,survey_public",30,0.661846496106785,0.633235465988689,0.0797073424657399,0.0780433079938276,-0.0166754575839794,0.780106309753666,0.625
"Gambia","women_vitA","level","region","spatial_plus_domain",1,30,"open,survey_public",30,0.654282536151279,0.647101933371005,0.0867735141852043,0.0974026960457747,-0.0111592520758371,0.816591671673926,0.5
"Gambia","women_vitA","level","region","domain_index_cal",1,30,"open,survey_public",30,0.781535038932147,0.733842350983612,0.0722763488817621,0.0617638661795126,0.00340014125528295,0.720404941840915,0.5
"Gambia","child_iron","prev","infill","null_train_mean",1,30,"open,survey_public",30,-0.231495079460171,-0.247313861838986,12.4077922504122,11.8303696521418,-2.40516699438753e-15,0.999962334887819,0.125
"Gambia","child_iron","prev","infill","spatial",1,30,"open,survey_public",30,0.339971077862987,0.408834119844901,12.0996293390759,11.6225824409456,1.44421608721103,0.939499593680163,0.25
"Gambia","child_iron","prev","infill","domain_index",1,30,"open,survey_public",30,0.405384361169086,0.447371186149578,13.2195246930882,13.7858682718048,0.585755602354156,1.04449307198843,0.375
"Gambia","child_iron","prev","infill","domain_enet",1,30,"open,survey_public",30,0.324841474921441,0.390028640653062,11.3649895757785,11.1977291581348,2.34608241427814,0.919758635777055,0.125
"Gambia","child_iron","prev","infill","raw_enet",1,30,"open,survey_public",30,0.341528536989323,0.321818459087733,11.52465110386,10.5419032198387,2.1128031302414,0.942760337103615,0.25
"Gambia","child_iron","prev","infill","spatial_plus_domain",1,30,"open,survey_public",30,0.3230615216342,0.40236449533862,12.1738297180466,11.6938812469042,1.51841646625102,0.945501002457514,0.25
"Gambia","child_iron","prev","infill","domain_index_cal",1,30,"open,survey_public",30,0.366225388849789,0.353648402573201,11.6550383228043,9.99217210544732,2.14464282451549,0.938441128469183,0.375
"Gambia","child_iron","prev","infill","region_mean_jk",1,30,"open,survey_public",30,0.0850140167588791,0.0865182036301969,14.0876198735142,11.2386399358354,0.336357563880058,1.14165748791383,0.125
"Gambia","child_iron","prev","infill","null_train_mean",2,30,"open,survey_public",30,-0.22877160793711,-0.240316754061354,12.6126100450982,12.1171934773012,-2.40498629402545e-15,0.999034230661203,0.375
"Gambia","child_iron","prev","infill","spatial",2,30,"open,survey_public",30,0.377350096895044,0.446793648116201,11.4121832838287,11.3590628471207,1.07816415996616,0.908092642684918,0.25
"Gambia","child_iron","prev","infill","domain_index",2,30,"open,survey_public",30,0.483924799968585,0.516347963437974,12.557618836533,13.2590232254978,0.258047515104471,1.00357553582982,0.375
"Gambia","child_iron","prev","infill","domain_enet",2,30,"open,survey_public",30,0.308821895336274,0.323413149905712,12.7350783725118,11.6460547000414,1.93668312362817,0.990871276147248,0.25
"Gambia","child_iron","prev","infill","raw_enet",2,30,"open,survey_public",30,0.390254758227539,0.417488337414402,10.7265850184922,9.07135549181361,1.63004878262568,0.899582027044867,0.375
"Gambia","child_iron","prev","infill","spatial_plus_domain",2,30,"open,survey_public",30,0.290132385820246,0.335844578841644,13.1151180802215,13.0692424219452,1.22665863570761,1.0033004138147,0.125
"Gambia","child_iron","prev","infill","domain_index_cal",2,30,"open,survey_public",30,0.424518859006924,0.466559832713205,10.5756992442194,8.91452531658883,1.23328177502782,0.87352420923804,0.375
"Gambia","child_iron","prev","infill","region_mean_jk",2,30,"open,survey_public",30,0.378607639510709,0.388667424800039,11.7832807971762,9.75311944117801,1.43141940849813,0.956203120075936,0.375
"Gambia","child_iron","prev","infill","null_train_mean",3,30,"open,survey_public",30,-0.615504564211749,-0.629903549988538,13.4356305631951,12.3949861116624,-1.85308221313981e-16,1.08738905935771,0
"Gambia","child_iron","prev","infill","spatial",3,30,"open,survey_public",30,0.400266995468269,0.373051551683623,12.0156013606825,10.4663426336088,-0.481244111906623,0.957821375713525,0.125
"Gambia","child_iron","prev","infill","domain_index",3,30,"open,survey_public",30,0.320169097542434,0.411006546835761,13.4414926883784,13.538030833717,-0.188534722535454,1.07355764598292,0.25
"Gambia","child_iron","prev","infill","domain_enet",3,30,"open,survey_public",30,0.293247304072917,0.251645209827485,12.1140529428373,10.9042093206828,0.940259592028247,0.977093317567373,0
"Gambia","child_iron","prev","infill","raw_enet",3,30,"open,survey_public",30,0.0887751702011335,0.135806370888321,12.0715748274015,9.30603503157486,0.635678091789684,1.00597631116337,0
"Gambia","child_iron","prev","infill","spatial_plus_domain",3,30,"open,survey_public",30,0.400266995468269,0.37305155168242,12.0156013607032,10.4663426336189,-0.481244111933553,0.957821375714526,0.125
"Gambia","child_iron","prev","infill","domain_index_cal",3,30,"open,survey_public",30,0.209589499572601,0.236348834009634,11.8788531583228,9.48141869206312,1.36293441937807,0.986845780137786,0.125
"Gambia","child_iron","prev","infill","region_mean_jk",3,30,"open,survey_public",30,0.067290612718863,0.10502677169463,14.5214935067796,11.7905865837672,-0.603598410054735,1.18523634122179,0.125
"Gambia","child_iron","prev","infill","null_train_mean",4,30,"open,survey_public",30,-0.386732956274639,-0.376799736931187,12.9561727193067,12.1334256202399,-1.85353396404501e-16,1.02169820733375,0
"Gambia","child_iron","prev","infill","spatial",4,30,"open,survey_public",30,0.378907556021379,0.469610886015582,11.0088769946647,10.6572135607791,1.19301514668418,0.905611706808129,0.25
"Gambia","child_iron","prev","infill","domain_index",4,30,"open,survey_public",30,0.384024921722197,0.48853782059371,12.3886896170704,13.3725915160146,1.19720663250837,1.0261613275293,0.375
"Gambia","child_iron","prev","infill","domain_enet",4,30,"open,survey_public",30,0.280120148579517,0.366671954729547,11.3822750087454,11.0249005932606,2.16566568983845,0.932382338194463,0.125
"Gambia","child_iron","prev","infill","raw_enet",4,30,"open,survey_public",30,0.228056514927724,0.233429816679998,12.0141360153709,10.3557742338003,2.04978254095754,0.976910782723731,0.25
"Gambia","child_iron","prev","infill","spatial_plus_domain",4,30,"open,survey_public",30,0.378907556021379,0.469610886016026,11.0088769946498,10.6572135607725,1.19301514668125,0.905611706807863,0.25
"Gambia","child_iron","prev","infill","domain_index_cal",4,30,"open,survey_public",30,0.33440872384036,0.369099844416889,11.3755410946169,10.0520346705621,2.18621222667116,0.928715503178344,0.25
"Gambia","child_iron","prev","infill","region_mean_jk",4,30,"open,survey_public",30,0.128414008296179,0.215909996970964,13.1364294072344,11.1272307530574,2.63338179296391,1.07952243641752,0
"Gambia","child_iron","prev","infill","null_train_mean",5,30,"open,survey_public",30,-0.234218550983232,-0.242100582947377,12.3993140444384,11.9183184052042,-1.85308221313981e-16,0.999268391416902,0.25
"Gambia","child_iron","prev","infill","spatial",5,30,"open,survey_public",30,0.325286463243251,0.386852125819669,11.8476258958666,10.979090292653,0.811147771225816,0.960224824503031,0.25
"Gambia","child_iron","prev","infill","domain_index",5,30,"open,survey_public",30,0.419623987467012,0.463092007678822,12.7461427611251,12.8879966402606,0.156574539229407,1.05290483648938,0.375
"Gambia","child_iron","prev","infill","domain_enet",5,30,"open,survey_public",30,0.400266995468269,0.421096626794794,11.4619673838957,11.3871408275016,1.11867878297821,0.904257508303623,0.375
"Gambia","child_iron","prev","infill","raw_enet",5,30,"open,survey_public",30,0.143063745461977,0.128415253902237,12.7041210960339,11.8033975356256,1.21217570343884,1.03258803233807,0.375
"Gambia","child_iron","prev","infill","spatial_plus_domain",5,30,"open,survey_public",30,0.325286463243251,0.386852125818647,11.8476258958872,10.979090292689,0.811147771234925,0.960224824504,0.25
"Gambia","child_iron","prev","infill","domain_index_cal",5,30,"open,survey_public",30,0.426298812294165,0.418407085894313,11.245403992612,9.86442917073832,1.49903247320643,0.905914251588447,0.375
"Gambia","child_iron","prev","infill","region_mean_jk",5,30,"open,survey_public",30,0.252366760029709,0.26436388443221,13.2956850118288,11.0036258614901,0.684140881893303,1.0476496329952,0.25
"Gambia","child_iron","prev","infill","null_train_mean",6,30,"open,survey_public",30,-0.302305339059753,-0.311014992614118,12.6606903131751,12.0720473715968,-1.85308221313981e-16,1.00958594543921,0.125
"Gambia","child_iron","prev","infill","spatial",6,30,"open,survey_public",30,0.409611750226283,0.470118196198173,11.2883718090357,11.1228538360552,0.853936308220646,0.901974922801253,0.375
"Gambia","child_iron","prev","infill","domain_index",6,30,"open,survey_public",30,0.463455337165316,0.513000485241583,12.4944625202396,13.2907796578909,0.680168061257151,1.00898553331227,0.375
"Gambia","child_iron","prev","infill","domain_enet",6,30,"open,survey_public",30,0.486817224060351,0.476295218839529,10.4843811607027,9.93052164285494,2.25124039380572,0.876880884915095,0.375
"Gambia","child_iron","prev","infill","raw_enet",6,30,"open,survey_public",30,0.216776188677761,0.215300020045504,11.8954155938281,12.0217972602696,1.48624017654743,0.972604011998755,0.375
"Gambia","child_iron","prev","infill","spatial_plus_domain",6,30,"open,survey_public",30,0.414061633444385,0.454458315657175,11.5687394541949,11.3219365277434,1.19311763561361,0.924927322391414,0.375
"Gambia","child_iron","prev","infill","domain_index_cal",6,30,"open,survey_public",30,0.428301259742311,0.468652283691032,10.5927988886974,9.51631350879353,1.9732394591518,0.878627735705289,0.375
"Gambia","child_iron","prev","infill","region_mean_jk",6,30,"open,survey_public",30,0.250445856609278,0.285619155215757,12.2418266437462,10.2460476141857,1.54355985270056,1.0170693799888,0.375
"Gambia","child_iron","prev","infill","null_train_mean",7,30,"open,survey_public",30,-0.408520728459125,-0.454582195509069,12.8505557227003,12.5227763150066,-1.85308221313981e-16,1.03876362587902,0
"Gambia","child_iron","prev","infill","spatial",7,30,"open,survey_public",30,0.373345201998752,0.419079249556947,11.9847177816017,11.9608296773036,1.11034440194842,0.940688420151674,0.125
"Gambia","child_iron","prev","infill","domain_index",7,30,"open,survey_public",30,0.42652130645507,0.466547170059573,13.0695757123045,13.5779065839546,0.104946391271163,1.05005231540485,0.375
"Gambia","child_iron","prev","infill","domain_enet",7,30,"open,survey_public",30,0.380465015147715,0.410906646342274,11.3533464781861,11.3896430487351,1.76770471326837,0.903851738314265,0.25
"Gambia","child_iron","prev","infill","raw_enet",7,30,"open,survey_public",30,0.318834132577003,0.331235831266184,11.6312616775963,10.5995519536911,1.5966996487753,0.933357210683641,0.25
"Gambia","child_iron","prev","infill","spatial_plus_domain",7,30,"open,survey_public",30,0.369117812941555,0.404916363287114,12.1208689203007,12.1935832127456,0.598975559661717,0.95439294600875,0.25
"Gambia","child_iron","prev","infill","domain_index_cal",7,30,"open,survey_public",30,0.354210704160914,0.374476311009072,11.4442800777176,10.2237521110203,1.70229913593374,0.92396850468963,0.25
"Gambia","child_iron","prev","infill","region_mean_jk",7,30,"open,survey_public",30,0.0857652570328988,0.127881798293537,14.2615000037733,11.9232329960421,0.705357237512768,1.15708964341454,0.125
"Gambia","child_iron","prev","infill","null_train_mean",8,30,"open,survey_public",30,-0.336348733098013,-0.323842858214214,12.7018948104952,12.2369305543068,-1.85353396404501e-16,1.01177666072388,0.25
"Gambia","child_iron","prev","infill","spatial",8,30,"open,survey_public",30,0.445433310132003,0.464294262631201,11.3232926599532,11.2908554770598,1.45941187250736,0.894801670123992,0.25
"Gambia","child_iron","prev","infill","domain_index",8,30,"open,survey_public",30,0.419846481627917,0.47471556314656,12.575784482637,13.0099779802328,1.01957375195797,1.02216291164768,0.375
"Gambia","child_iron","prev","infill","domain_enet",8,30,"open,survey_public",30,0.363332964758023,0.454779850033583,10.7756621914934,10.2695279932938,1.76045722960925,0.882928311356532,0.375
"Gambia","child_iron","prev","infill","raw_enet",8,30,"open,survey_public",30,0.270552899660597,0.287468662400356,11.176639474375,9.3725101506889,0.746040245680643,0.962801430657427,0.375
"Gambia","child_iron","prev","infill","spatial_plus_domain",8,30,"open,survey_public",30,0.445433310132003,0.464294262631072,11.3232926599653,11.2908554770701,1.4594118725012,0.894801670124304,0.25
"Gambia","child_iron","prev","infill","domain_index_cal",8,30,"open,survey_public",30,0.365557906367074,0.371241530907843,10.9826135381568,9.43296992404385,1.88657402252357,0.93210195217316,0.375
"Gambia","child_iron","prev","infill","region_mean_jk",8,30,"open,survey_public",30,0.230786509833982,0.291069522408647,12.3804801984699,9.95732551854094,1.03053936121315,1.01542160478129,0.25
"Gambia","child_iron","prev","infill","null_train_mean",9,30,"open,survey_public",30,-0.480692723820237,-0.485805810077487,13.2411249245283,12.7395371456796,-2.40498629402545e-15,1.04642038777087,0
"Gambia","child_iron","prev","infill","spatial",9,30,"open,survey_public",30,0.361775505631687,0.461813810237051,11.5536562295912,11.361219795354,0.677033837583011,0.905270339351568,0.25
"Gambia","child_iron","prev","infill","domain_index",9,30,"open,survey_public",30,0.432751142960413,0.509626934486196,12.1173156136987,12.6684509750526,0.784122693677338,0.97076009753999,0.25
"Gambia","child_iron","prev","infill","domain_enet",9,30,"open,survey_public",30,0.430748695512267,0.374054312501763,11.5676951716122,11.1999981372664,2.24476636001441,0.956785825716948,0.5
"Gambia","child_iron","prev","infill","raw_enet",9,30,"open,survey_public",30,0.266355140186916,0.249710261032775,11.5167068301028,10.0919604061236,1.35840176248586,0.965362457947333,0.375
"Gambia","child_iron","prev","infill","spatial_plus_domain",9,30,"open,survey_public",30,0.361775505631687,0.461813810237611,11.553656229526,11.3612197952812,0.677033837595847,0.90527033934933,0.25
"Gambia","child_iron","prev","infill","domain_index_cal",9,30,"open,survey_public",30,0.38024252098681,0.419816239460657,10.8856335800402,9.42212854048624,1.42849146988384,0.897207252819104,0.25
"Gambia","child_iron","prev","infill","region_mean_jk",9,30,"open,survey_public",30,0.275747206194852,0.333998309479114,11.9838377382791,9.93124746913605,0.747614678975331,0.998908270570335,0.25
"Gambia","child_iron","prev","infill","null_train_mean",10,30,"open,survey_public",30,-0.314560960913526,-0.313265540055275,12.445172927755,12.1040458691956,2.03540887847945e-15,1.00996422474901,0.125
"Gambia","child_iron","prev","infill","spatial",10,30,"open,survey_public",30,0.328623875656828,0.378136078739253,12.3355911990836,11.7517502377407,0.457848010683777,0.966518737869328,0.25
"Gambia","child_iron","prev","infill","domain_index",10,30,"open,survey_public",30,0.348648350138286,0.412851304251297,13.5586976345031,13.7933949755989,-0.257483029487904,1.0980916143601,0.25
"Gambia","child_iron","prev","infill","domain_enet",10,30,"open,survey_public",30,0.321504062507864,0.319447918894611,11.7107744792003,11.2115263411545,1.30898959251627,0.957667827810008,0.125
"Gambia","child_iron","prev","infill","raw_enet",10,30,"open,survey_public",30,0.210857003721594,0.203142299549176,11.6557281178636,10.1291900410593,1.76853181228627,0.977179652992349,0.25
"Gambia","child_iron","prev","infill","spatial_plus_domain",10,30,"open,survey_public",30,0.328623875656828,0.378136078737914,12.3355911991161,11.751750237788,0.45784801066896,0.966518737870748,0.25
"Gambia","child_iron","prev","infill","domain_index_cal",10,30,"open,survey_public",30,0.29992212890007,0.334109246077013,11.5983694261993,10.0352827420837,1.74471576472139,0.952321014740094,0.25
"Gambia","child_iron","prev","infill","region_mean_jk",10,30,"open,survey_public",30,0.139833015769847,0.196775669763379,13.7222616961342,10.7983854112893,0.712414371486836,1.11439435049264,0.25
"Gambia","child_iron","prev","region","null_train_mean",1,30,"open,survey_public",30,-0.510877866534162,-0.522584813685327,13.5793684418361,13.0564156438211,-0.449685396904358,1.06881662219933,0
"Gambia","child_iron","prev","region","spatial",1,30,"open,survey_public",30,0.492157083922074,0.504904522045294,11.2243303226122,11.8747378434054,1.38959396634022,0.921343847581051,0.5
"Gambia","child_iron","prev","region","domain_index",1,30,"open,survey_public",30,0.568472581112522,0.561200065886822,10.9174565450834,11.7099950718366,0.403594834327129,0.905934826617849,0.375
"Gambia","child_iron","prev","region","domain_enet",1,30,"open,survey_public",30,0.424499068163802,0.342873175664211,11.3641073201927,10.9780726427565,-1.56288408885627,0.936417400463312,0.5
"Gambia","child_iron","prev","region","raw_enet",1,30,"open,survey_public",30,-0.386042482899048,-0.245395263594321,13.5180541898121,12.5871433321757,1.32592781539408,1.10580525146999,0.125
"Gambia","child_iron","prev","region","spatial_plus_domain",1,30,"open,survey_public",30,0.498386920427416,0.509297585651743,11.9331254221597,12.5541648419223,2.64547014051349,0.966253904967798,0.5
"Gambia","child_iron","prev","region","domain_index_cal",1,30,"open,survey_public",30,0.538213375229428,0.456460632377735,10.6546790637337,9.0861863217461,1.38965993454986,0.896607753352241,0.75
"Gambia","child_iron","level","infill","null_train_mean",1,30,"open,survey_public",30,-0.149774270891186,-0.226911698909453,0.249084113168819,0.219358453843498,6.66061534630262e-17,0.997328314261841,0.25
"Gambia","child_iron","level","infill","spatial",1,30,"open,survey_public",30,0.273859844271413,0.193771444429716,0.241940084446884,0.205718416509006,0.00300399776828596,1.02332385828828,0.25
"Gambia","child_iron","level","infill","domain_index",1,30,"open,survey_public",30,0.34238042269188,0.316903685223887,0.255983053117816,0.259060337255136,0.00318322029756625,1.09142072186093,0.25
"Gambia","child_iron","level","infill","domain_enet",1,30,"open,survey_public",30,0.13668446107393,0.0892094944150361,0.246980418533984,0.208539837076668,0.0200272687445097,1.01653748435171,0.25
"Gambia","child_iron","level","infill","raw_enet",1,30,"open,survey_public",30,0.0327030033370412,0.0154894247540952,0.25233566495149,0.20785738937658,0.00635969518545804,1.01901624079531,0.375
"Gambia","child_iron","level","infill","spatial_plus_domain",1,30,"open,survey_public",30,0.273859844271413,0.193771444425873,0.241940084447836,0.205718416509271,0.00300399776528571,1.02332385829135,0.25
"Gambia","child_iron","level","infill","domain_index_cal",1,30,"open,survey_public",30,0.248053392658509,0.183668910023897,0.241113885760895,0.185689582143276,0.00595016362304283,0.988169182372409,0.25
"Gambia","child_iron","level","infill","region_mean_jk",1,30,"open,survey_public",30,-0.00579323342809511,-0.0216780683569014,0.260748430666982,0.202474088615064,-0.0125740852477702,1.14041556570499,0
"Gambia","child_iron","level","infill","null_train_mean",2,30,"open,survey_public",30,-0.133435259521238,-0.156387506074387,0.245050720463252,0.216659520389321,6.66061534630262e-17,0.989931911154604,0.25
"Gambia","child_iron","level","infill","spatial",2,30,"open,survey_public",30,0.383314794215795,0.395627451856333,0.221101707665572,0.198682114915965,0.00685363608444265,0.911708165930783,0.25
"Gambia","child_iron","level","infill","domain_index",2,30,"open,survey_public",30,0.483870967741935,0.445277754008716,0.239789442830682,0.255246992776239,0.0048922658972161,1.04413809632281,0.375
"Gambia","child_iron","level","infill","domain_enet",2,30,"open,survey_public",30,0.409566184649611,0.316619240441343,0.230348062831704,0.202818563751815,0.00384093236504723,0.932709399805594,0.25
"Gambia","child_iron","level","infill","raw_enet",2,30,"open,survey_public",30,0.14941487656611,0.0813906747836871,0.244570400778839,0.210784985898616,0.0066471385889326,0.984796297056714,0.25
"Gambia","child_iron","level","infill","spatial_plus_domain",2,30,"open,survey_public",30,0.312124582869855,0.304798709719304,0.23682316284002,0.211069417438342,0.00740927403508557,0.965778746822613,0.25
"Gambia","child_iron","level","infill","domain_index_cal",2,30,"open,survey_public",30,0.43670745272525,0.390074504539437,0.219881930841124,0.175902224990423,0.000463020133546436,0.905773002903605,0.375
"Gambia","child_iron","level","infill","region_mean_jk",2,30,"open,survey_public",30,0.331551205423289,0.292476603187815,0.226328113878341,0.183084049585023,0.0108743529496274,0.990923707961598,0.375
"Gambia","child_iron","level","infill","null_train_mean",3,30,"open,survey_public",30,-0.503786183906715,-0.570267094399741,0.262097963377959,0.223697359565214,-2.21963289762095e-17,1.06934402583945,0
"Gambia","child_iron","level","infill","spatial",3,30,"open,survey_public",30,0.395328142380423,0.288789658470701,0.227940131534995,0.181895551875961,-0.0175357014947877,0.976153208161781,0.25
"Gambia","child_iron","level","infill","domain_index",3,30,"open,survey_public",30,0.403337041156841,0.355633991570969,0.248227144419196,0.241456287546477,-0.0202899594596579,1.06735757578837,0.25
"Gambia","child_iron","level","infill","domain_enet",3,30,"open,survey_public",30,0.0634037819799778,0.0460720197693347,0.244946648410047,0.196882444183231,-0.0106448210682327,1.0313315630509,0.125
"Gambia","child_iron","level","infill","raw_enet",3,30,"open,survey_public",30,-0.280501910860143,-0.234047956723489,0.257023980282197,0.200896241964107,-0.016539598000145,1.0717321389887,0
"Gambia","child_iron","level","infill","spatial_plus_domain",3,30,"open,survey_public",30,0.395328142380423,0.288789658460923,0.227940131536558,0.181895551878123,-0.0175357014961186,0.976153208168635,0.25
"Gambia","child_iron","level","infill","domain_index_cal",3,30,"open,survey_public",30,0.160845383759733,0.106302059344299,0.237741541443701,0.176149716418879,-0.00860380390720474,1.00675947933809,0.125
"Gambia","child_iron","level","infill","region_mean_jk",3,30,"open,survey_public",30,0.0389885671156733,0.0491643770170192,0.26474894244149,0.196249257603777,-0.0340100153467739,1.16051489192028,0
"Gambia","child_iron","level","infill","null_train_mean",4,30,"open,survey_public",30,-0.307718047467345,-0.402373824464536,0.256994177930169,0.225797992154914,6.6616995484751e-17,1.02698702249013,0
"Gambia","child_iron","level","infill","spatial",4,30,"open,survey_public",30,0.374860956618465,0.289123493282263,0.224169256641479,0.200731452549843,0.00888196852190929,0.980610185777158,0.375
"Gambia","child_iron","level","infill","domain_index",4,30,"open,survey_public",30,0.423359288097887,0.415130279822326,0.234993159531648,0.247816406841069,0.0126780094628726,1.02395877259164,0.375
"Gambia","child_iron","level","infill","domain_enet",4,30,"open,survey_public",30,0.295216907675195,0.202371623480099,0.237993617441231,0.208971034871162,0.0165883769534342,0.972753560140947,0.375
"Gambia","child_iron","level","infill","raw_enet",4,30,"open,survey_public",30,0.143047830923248,0.0880983823336311,0.246809623071391,0.197571911496327,0.0078662244172364,1.00014823378457,0.25
"Gambia","child_iron","level","infill","spatial_plus_domain",4,30,"open,survey_public",30,0.374860956618465,0.2891234932736,0.224169256642218,0.200731452549751,0.00888196851714182,0.98061018578157,0.375
"Gambia","child_iron","level","infill","domain_index_cal",4,30,"open,survey_public",30,0.35706340378198,0.251414247371157,0.233777626466501,0.188483751844815,0.00823922140705248,0.956012878173085,0.25
"Gambia","child_iron","level","infill","region_mean_jk",4,30,"open,survey_public",30,0.11324142272726,0.0363149951716745,0.262534455337116,0.221756001696274,0.0420883442147152,1.13801345051969,0.125
"Gambia","child_iron","level","infill","null_train_mean",5,30,"open,survey_public",30,-0.204237642124344,-0.250629909860644,0.249320235814167,0.22342669139904,6.66061534630262e-17,1.00041117254989,0.25
"Gambia","child_iron","level","infill","spatial",5,30,"open,survey_public",30,0.262291434927697,0.241208232467431,0.239379511392474,0.210080546366857,0.000934597862557318,1.01072187087154,0.25
"Gambia","child_iron","level","infill","domain_index",5,30,"open,survey_public",30,0.39888765294772,0.355821469150701,0.254520092839686,0.258551649100326,-0.00257969016295417,1.10262740661898,0.375
"Gambia","child_iron","level","infill","domain_enet",5,30,"open,survey_public",30,0.394438264738598,0.390294263944372,0.221866467336286,0.19285240992525,0.00186316272571859,0.906784020581043,0.5
"Gambia","child_iron","level","infill","raw_enet",5,30,"open,survey_public",30,-0.00244716351501669,-0.119755728362696,0.263263975056027,0.222168698419664,-0.0145261804364043,1.07321487438012,0.25
"Gambia","child_iron","level","infill","spatial_plus_domain",5,30,"open,survey_public",30,0.262291434927697,0.241208232482276,0.239379511389344,0.210080546362443,0.000934597864592409,1.01072187085966,0.25
"Gambia","child_iron","level","infill","domain_index_cal",5,30,"open,survey_public",30,0.391768631813126,0.277663490883387,0.230586446385875,0.185579701201217,0.00234267158611992,0.959436987899324,0.375
"Gambia","child_iron","level","infill","region_mean_jk",5,30,"open,survey_public",30,0.173051332242515,0.162072789034009,0.248187574027584,0.204801712385211,-0.00884372906405064,1.07146945833197,0.125
"Gambia","child_iron","level","infill","null_train_mean",6,30,"open,survey_public",30,-0.307718047467345,-0.364124628918293,0.253863966159315,0.221498785584584,6.66061534630262e-17,1.0191961094263,0.125
"Gambia","child_iron","level","infill","spatial",6,30,"open,survey_public",30,0.397997775305895,0.343963915696053,0.223236886965263,0.196796392621531,-0.00274729518788372,0.946946498246116,0.375
"Gambia","child_iron","level","infill","domain_index",6,30,"open,survey_public",30,0.446941045606229,0.398656284732342,0.248685654153796,0.255702007526621,0.00131122201695767,1.05852360331463,0.375
"Gambia","child_iron","level","infill","domain_enet",6,30,"open,survey_public",30,0.438042269187987,0.347693132930898,0.222161059274643,0.183314152459139,0.00187597249801918,0.921966446941,0.5
"Gambia","child_iron","level","infill","raw_enet",6,30,"open,survey_public",30,-0.00893362490679282,0.0210757309740531,0.246183946780863,0.19395852624372,-0.0185082507302115,1.03333447065262,0.125
"Gambia","child_iron","level","infill","spatial_plus_domain",6,30,"open,survey_public",30,0.397997775305895,0.343963915692434,0.22323688696652,0.196796392622486,-0.00274729518436564,0.946946498250426,0.375
"Gambia","child_iron","level","infill","domain_index_cal",6,30,"open,survey_public",30,0.379310344827586,0.324902430291104,0.223355186505035,0.172343197865536,0.00223583785018357,0.932804406296981,0.375
"Gambia","child_iron","level","infill","region_mean_jk",6,30,"open,survey_public",30,0.160187312892395,0.137579536702734,0.24450617408252,0.197781264712296,0.00792225359141067,1.0489930067936,0.125
"Gambia","child_iron","level","infill","null_train_mean",7,30,"open,survey_public",30,-0.566419060824848,-0.602499336633191,0.2671198900203,0.240819035019959,-2.21963289762095e-17,1.07891189652077,0
"Gambia","child_iron","level","infill","spatial",7,30,"open,survey_public",30,0.224916573971079,0.177004804469965,0.25125372283098,0.223222251684203,0.00396205951676243,1.04722716933552,0.125
"Gambia","child_iron","level","infill","domain_index",7,30,"open,survey_public",30,0.364182424916574,0.362663423148093,0.257023142417919,0.260627230265623,-0.0034623501245771,1.08766915533847,0.25
"Gambia","child_iron","level","infill","domain_enet",7,30,"open,survey_public",30,0.244938820912125,0.213032084704538,0.236608851169345,0.207809310114144,0.000936846728509629,0.96630263591757,0.25
"Gambia","child_iron","level","infill","raw_enet",7,30,"open,survey_public",30,0.0533784088180871,0.025881573617455,0.252876166743679,0.218898969841814,0.00645593327424207,1.02573211266697,0.375
"Gambia","child_iron","level","infill","spatial_plus_domain",7,30,"open,survey_public",30,0.224916573971079,0.177004804481163,0.251253722829624,0.223222251684927,0.00396205952297979,1.04722716932847,0.125
"Gambia","child_iron","level","infill","domain_index_cal",7,30,"open,survey_public",30,0.201779755283648,0.186056104549616,0.23874866046271,0.197332933519189,0.00132337557594953,0.980344495251844,0.25
"Gambia","child_iron","level","infill","region_mean_jk",7,30,"open,survey_public",30,0.034747770812855,0.00843906262656659,0.269603614467297,0.226146472811854,-0.000898134849840397,1.17258382636326,0
"Gambia","child_iron","level","infill","null_train_mean",8,30,"open,survey_public",30,-0.212407147809318,-0.208769309766856,0.248293251073732,0.221108156458425,6.66061534630262e-17,0.995171244735086,0.125
"Gambia","child_iron","level","infill","spatial",8,30,"open,survey_public",30,0.441601779755284,0.383091220813358,0.218041097315853,0.192855313151153,-0.00565015886860395,0.925225364912204,0.375
"Gambia","child_iron","level","infill","domain_index",8,30,"open,survey_public",30,0.458064516129032,0.430652683375259,0.235307148199034,0.237986525232986,-0.00370144931906545,1.02393782509104,0.375
"Gambia","child_iron","level","infill","domain_enet",8,30,"open,survey_public",30,0.268455428449124,0.234998224841297,0.236225854095256,0.200587319933349,-0.00269350069360455,0.958457700766983,0.375
"Gambia","child_iron","level","infill","raw_enet",8,30,"open,survey_public",30,0.218687430478309,0.179583857722111,0.232717250870559,0.18865641123223,-0.0117653240183139,0.974180316123689,0.375
"Gambia","child_iron","level","infill","spatial_plus_domain",8,30,"open,survey_public",30,0.441601779755284,0.383091220812136,0.21804109731576,0.192855313152006,-0.00565015886655359,0.925225364913452,0.375
"Gambia","child_iron","level","infill","domain_index_cal",8,30,"open,survey_public",30,0.410456062291435,0.331730807803292,0.221320007660681,0.167592095498269,-0.0034168289463072,0.929477833578499,0.375
"Gambia","child_iron","level","infill","region_mean_jk",8,30,"open,survey_public",30,0.19868597157094,0.197286163435438,0.241071171404089,0.1840612617738,-0.0168312650407844,1.05635861230354,0.125
"Gambia","child_iron","level","infill","null_train_mean",9,30,"open,survey_public",30,-0.479277666851794,-0.487061104075365,0.256339631029924,0.22493623425968,6.6616995484751e-17,1.04673763375976,0.125
"Gambia","child_iron","level","infill","spatial",9,30,"open,survey_public",30,0.367741935483871,0.381247223357628,0.219426146214909,0.197990706475051,-0.000440253578000475,0.917891842863832,0.375
"Gambia","child_iron","level","infill","domain_index",9,30,"open,survey_public",30,0.453170189098999,0.459331592675953,0.225679743285975,0.237957118315684,0.00457437383456418,0.967027572882979,0.375
"Gambia","child_iron","level","infill","domain_enet",9,30,"open,survey_public",30,0.352169076751947,0.263758887264092,0.225861654722581,0.193780200678656,0.000743642585492643,0.949810504603126,0.25
"Gambia","child_iron","level","infill","raw_enet",9,30,"open,survey_public",30,-0.115913783165637,-0.0982889454986092,0.246404434811186,0.192219752255332,-0.00404813953744554,1.04706080352481,0.25
"Gambia","child_iron","level","infill","spatial_plus_domain",9,30,"open,survey_public",30,0.367741935483871,0.381247223343587,0.219426146215995,0.197990706475855,-0.000440253574916105,0.917891842870798,0.375
"Gambia","child_iron","level","infill","domain_index_cal",9,30,"open,survey_public",30,0.380645161290323,0.342646360434618,0.221057873393582,0.174318252662747,-0.00378307568714854,0.923789051839514,0.25
"Gambia","child_iron","level","infill","region_mean_jk",9,30,"open,survey_public",30,0.24830090255303,0.288959090102462,0.226166506022257,0.182606144183989,-0.00528882703817352,0.981492390686152,0.125
"Gambia","child_iron","level","infill","null_train_mean",10,30,"open,survey_public",30,-0.310441216029003,-0.355423349309988,0.251111804595688,0.22673184430446,-2.21972324780199e-17,1.01752459290331,0
"Gambia","child_iron","level","infill","spatial",10,30,"open,survey_public",30,0.299666295884316,0.212107103866536,0.242955210331925,0.215170870355406,-0.0142037609709023,1.03069778528561,0.125
"Gambia","child_iron","level","infill","domain_index",10,30,"open,survey_public",30,0.340600667408231,0.320179820920847,0.263540228539685,0.251812022012653,-0.0169718069071666,1.11357061308267,0.25
"Gambia","child_iron","level","infill","domain_enet",10,30,"open,survey_public",30,0.260511679644049,0.230372734440046,0.234130292222321,0.203355425999692,-0.00356310921870564,0.966243441628832,0.25
"Gambia","child_iron","level","infill","raw_enet",10,30,"open,survey_public",30,-0.166835445134356,-0.0708753927339714,0.249837132889686,0.20732652987995,0.00338482523386967,1.03593463352011,0.125
"Gambia","child_iron","level","infill","spatial_plus_domain",10,30,"open,survey_public",30,0.299666295884316,0.212107103865381,0.24295521033234,0.215170870355886,-0.0142037609717492,1.03069778528737,0.125
"Gambia","child_iron","level","infill","domain_index_cal",10,30,"open,survey_public",30,0.240934371523915,0.203576582005104,0.234545276366226,0.190584903544042,0.00319168090681909,0.98205730669474,0.25
"Gambia","child_iron","level","infill","region_mean_jk",10,30,"open,survey_public",30,0.127451135418092,0.140911564196285,0.253926504907919,0.199949802764486,-0.0131842894567987,1.12569610481078,0.125
"Gambia","child_iron","level","region","null_train_mean",1,30,"open,survey_public",30,-0.486085588255939,-0.482287158041725,0.259929925962439,0.231644410835407,-0.00450526513152231,1.05108584646049,0.125
"Gambia","child_iron","level","region","spatial",1,30,"open,survey_public",30,0.48476084538376,0.430256585655875,0.213265152670629,0.210904227532558,0.0378247899426089,0.933480959635847,0.5
"Gambia","child_iron","level","region","domain_index",1,30,"open,survey_public",30,0.539488320355951,0.504591807856521,0.217752642117679,0.22653740568933,0.01372678759095,0.914751949324454,0.375
"Gambia","child_iron","level","region","domain_enet",1,30,"open,survey_public",30,0.114759202944917,0.1828343710657,0.234906910000171,0.201237054930632,-0.015488072646702,0.968385261667831,0.375
"Gambia","child_iron","level","region","raw_enet",1,30,"open,survey_public",30,-0.371010369677055,-0.323192939461808,0.25970122170565,0.230697950709315,-0.00156964564487492,1.04763725514343,0.25
"Gambia","child_iron","level","region","spatial_plus_domain",1,30,"open,survey_public",30,0.48476084538376,0.430256585656907,0.213265152670017,0.210904227531536,0.0378247899419109,0.933480959634304,0.5
"Gambia","child_iron","level","region","domain_index_cal",1,30,"open,survey_public",30,0.516796440489433,0.441896995257474,0.224589656294969,0.177881644412227,-0.00181244756225318,0.913918225862954,0.625
"Gambia","women_iron","prev","infill","null_train_mean",1,30,"open,survey_public",30,-0.315922696675057,-0.307116022061021,14.3502678363985,13.2577137554208,1.66596698820502e-15,1.0089367191016,0
"Gambia","women_iron","prev","infill","spatial",1,30,"open,survey_public",30,0.584937149019499,0.618746432955081,11.1287165061895,10.7074523151872,-0.417901906232101,0.796506879192334,0.375
"Gambia","women_iron","prev","infill","domain_index",1,30,"open,survey_public",30,0.711313832413594,0.709858655287273,9.71184753242859,9.76780311500912,0.486394863938556,0.731267985745678,0.5
"Gambia","women_iron","prev","infill","domain_enet",1,30,"open,survey_public",30,0.675269778346968,0.686916013633694,9.86405652369177,9.82737737560345,0.565499346439181,0.716325584993234,0.5
"Gambia","women_iron","prev","infill","raw_enet",1,30,"open,survey_public",30,0.52953610295413,0.545332660995862,11.0931333683836,9.27890952813722,-0.20112900569126,0.826524461969175,0.375
"Gambia","women_iron","prev","infill","spatial_plus_domain",1,30,"open,survey_public",30,0.57536990010058,0.620592459476474,11.1589970404208,10.3430274741957,-0.113178119549382,0.796394857403995,0.375
"Gambia","women_iron","prev","infill","domain_index_cal",1,30,"open,survey_public",30,0.69151185209304,0.68703220229953,9.40431923088739,7.21267461115318,0.534294741778003,0.71517270998427,0.5
"Gambia","women_iron","prev","infill","region_mean_jk",1,30,"open,survey_public",30,0.547521465731496,0.612880718098525,10.6801743907327,10.0616414301229,-0.342167080204009,0.806586674592575,0.125
"Gambia","women_iron","prev","infill","null_train_mean",2,30,"open,survey_public",30,-0.148429198006816,-0.179682482301714,14.2123732131536,13.1471402933814,-5.5547291303674e-16,0.992079667867826,0.25
"Gambia","women_iron","prev","infill","spatial",2,30,"open,survey_public",30,0.685282015587697,0.699900189850193,9.06974911525075,9.28572693860953,0.616228228354927,0.712451468053095,0.5
"Gambia","women_iron","prev","infill","domain_index",2,30,"open,survey_public",30,0.76004005365181,0.746425571403349,9.17816840762811,9.98654848519353,0.644330995266024,0.696362506326959,0.625
"Gambia","women_iron","prev","infill","domain_enet",2,30,"open,survey_public",30,0.717321174758031,0.718468902709535,9.10686910998632,8.31627952212852,0.970156686389995,0.6864133479162,0.375
"Gambia","women_iron","prev","infill","raw_enet",2,30,"open,survey_public",30,0.647458008233831,0.65923959643991,9.91277454517692,8.60015873887564,-0.119410983827296,0.746358501704626,0.5
"Gambia","women_iron","prev","infill","spatial_plus_domain",2,30,"open,survey_public",30,0.673934813381537,0.68213240248446,9.33437283695891,9.75141737524457,1.34143321650187,0.739566678063833,0.5
"Gambia","women_iron","prev","infill","domain_index_cal",2,30,"open,survey_public",30,0.749805322250175,0.741291318241047,8.7967293456483,7.06890520015745,0.505968232467188,0.661243616663778,0.5
"Gambia","women_iron","prev","infill","region_mean_jk",2,30,"open,survey_public",30,0.605237403714589,0.669556110871753,9.70610211992839,9.7811009507277,0.550619763451442,0.751910919015428,0.375
"Gambia","women_iron","prev","infill","null_train_mean",3,30,"open,survey_public",30,-0.509289174812376,-0.602275427274165,15.284669587791,13.5066488288578,-2.77555756156289e-15,1.07884391747201,0
"Gambia","women_iron","prev","infill","spatial",3,30,"open,survey_public",30,0.679052179082354,0.678110281307283,9.82021316726347,9.37973127724364,0.188933794565398,0.730818843678025,0.5
"Gambia","women_iron","prev","infill","domain_index",3,30,"open,survey_public",30,0.699966630207434,0.686706934069272,10.0233768118516,9.29803700218651,-0.133361681554489,0.739497731618521,0.5
"Gambia","women_iron","prev","infill","domain_enet",3,30,"open,survey_public",30,0.670597400967961,0.681015675505054,9.8313040545237,9.31827240771553,0.077352599903003,0.721432015531006,0.5
"Gambia","women_iron","prev","infill","raw_enet",3,30,"open,survey_public",30,0.61030148336268,0.563033895360584,10.7211476762595,8.2205593546414,0.184900039872467,0.813371049194661,0.5
"Gambia","women_iron","prev","infill","spatial_plus_domain",3,30,"open,survey_public",30,0.677717214116924,0.685164579196986,9.78301814753994,9.38219505164301,0.0636237150878956,0.725168640774501,0.5
"Gambia","women_iron","prev","infill","domain_index_cal",3,30,"open,survey_public",30,0.686616980553128,0.647298651305121,9.72974714209268,6.60121108678191,0.0621258043584057,0.749901598433571,0.5
"Gambia","women_iron","prev","infill","region_mean_jk",3,30,"open,survey_public",30,0.628008582609654,0.65112460236902,10.2891241751577,9.53422521158268,0.416903240935991,0.762994181543051,0.375
"Gambia","women_iron","prev","infill","null_train_mean",4,30,"open,survey_public",30,-0.354051297997909,-0.388828582315445,14.5716108376948,13.0179935280585,-2.77555756156289e-15,1.02414596629851,0.125
"Gambia","women_iron","prev","infill","spatial",4,30,"open,survey_public",30,0.675047284186063,0.686386135386306,9.61591823478195,9.30373930456549,0.475772240557718,0.731531621753179,0.5
"Gambia","women_iron","prev","infill","domain_index",4,30,"open,survey_public",30,0.770719773375254,0.755411329331972,8.95979691187654,9.46766482845889,0.74878121027192,0.675937566095244,0.5
"Gambia","women_iron","prev","infill","domain_enet",4,30,"open,survey_public",30,0.738903108365826,0.755161534138946,9.07415512434756,8.6266233836171,1.37223486402106,0.655135986915385,0.625
"Gambia","women_iron","prev","infill","raw_enet",4,30,"open,survey_public",30,0.633218381935905,0.655410869536226,9.81813663639359,8.00979746887682,0.550944004069702,0.74496483353185,0.375
"Gambia","women_iron","prev","infill","spatial_plus_domain",4,30,"open,survey_public",30,0.672822342577012,0.686157675302546,9.65101305490191,9.35870715151974,0.416917483038479,0.732730614553424,0.5
"Gambia","women_iron","prev","infill","domain_index_cal",4,30,"open,survey_public",30,0.773389703306115,0.747918609323031,8.58122821924721,6.48621599935378,0.794825300442494,0.659224260800015,0.625
"Gambia","women_iron","prev","infill","region_mean_jk",4,30,"open,survey_public",30,0.586669206304504,0.596685217732071,11.5921452231191,11.2815068294501,0.916364202751087,0.857806185051283,0.375
"Gambia","women_iron","prev","infill","null_train_mean",5,30,"open,survey_public",30,-0.166131762906711,-0.171331321717544,14.1301468875577,12.9759233894788,-5.5547291303674e-16,0.991276012784139,0.25
"Gambia","women_iron","prev","infill","spatial",5,30,"open,survey_public",30,0.661475140370852,0.672381554647511,9.58262999895697,9.36518109663816,0.093724089126642,0.745641494356989,0.5
"Gambia","women_iron","prev","infill","domain_index",5,30,"open,survey_public",30,0.741350544135782,0.730701700489314,9.56624321865742,10.0745203353723,0.431349403008181,0.721130804898807,0.5
"Gambia","women_iron","prev","infill","domain_enet",5,30,"open,survey_public",30,0.635888311866766,0.672842340834689,9.79245830448278,8.97015221731849,0.242395788761878,0.738518576206397,0.5
"Gambia","women_iron","prev","infill","raw_enet",5,30,"open,survey_public",30,0.627878522074182,0.61545724992556,9.57711100650857,7.86839374935123,0.0797829619382051,0.774971402307891,0.5
"Gambia","women_iron","prev","infill","spatial_plus_domain",5,30,"open,survey_public",30,0.661475140370852,0.672381554647521,9.58262999895736,9.36518109663882,0.0937240891256526,0.745641494356982,0.5
"Gambia","women_iron","prev","infill","domain_index_cal",5,30,"open,survey_public",30,0.738013131722205,0.725436003482977,8.66351410705192,6.8482220929963,0.411674454426052,0.677190543402742,0.5
"Gambia","women_iron","prev","infill","region_mean_jk",5,30,"open,survey_public",30,0.609533661801675,0.662424145226009,9.91720965543513,9.99060479795863,0.0928824179854702,0.757620360028372,0.25
"Gambia","women_iron","prev","infill","null_train_mean",6,30,"open,survey_public",30,-0.205622099991093,-0.242852312885547,14.3451090778512,13.4106953508609,-5.5547291303674e-16,0.999367572072747,0.25
"Gambia","women_iron","prev","infill","spatial",6,30,"open,survey_public",30,0.651907891451933,0.661539324082651,10.2076243959333,10.1431685601654,-0.404309385570616,0.776337264283742,0.375
"Gambia","women_iron","prev","infill","domain_index",6,30,"open,survey_public",30,0.755590170433708,0.739467942967163,9.1035016160312,9.67435614274488,0.52580889922976,0.698320575572521,0.5
"Gambia","women_iron","prev","infill","domain_enet",6,30,"open,survey_public",30,0.691289357932135,0.708807641456841,9.53635779856298,9.20901289418977,0.0338037420975956,0.693999859775271,0.375
"Gambia","women_iron","prev","infill","raw_enet",6,30,"open,survey_public",30,0.607409059270913,0.607669313722247,10.2276933853682,8.85672704285374,0.620928519268482,0.781877886290415,0.5
"Gambia","women_iron","prev","infill","spatial_plus_domain",6,30,"open,survey_public",30,0.651907891451933,0.661539324082657,10.207624395933,10.1431685601647,-0.404309385574622,0.776337264283731,0.375
"Gambia","women_iron","prev","infill","domain_index_cal",6,30,"open,survey_public",30,0.723106022941564,0.72347801021183,8.80491245682582,7.00798732783663,0.326381060025387,0.679520396226739,0.5
"Gambia","women_iron","prev","infill","region_mean_jk",6,30,"open,survey_public",30,0.570967533417505,0.635994124318783,10.3262721730907,10.1972619402628,0.365982029983419,0.789492234434973,0.25
"Gambia","women_iron","prev","infill","null_train_mean",7,30,"open,survey_public",30,-0.3581365052825,-0.385751430293408,14.5512918700622,13.8421550463811,5.5547291303674e-16,1.02351303456024,0
"Gambia","women_iron","prev","infill","spatial",7,30,"open,survey_public",30,0.694849264506616,0.678709173169167,9.41438848696207,9.57311600787614,0.363911253631251,0.739310596607381,0.5
"Gambia","women_iron","prev","infill","domain_index",7,30,"open,survey_public",30,0.740683061653066,0.739705744018026,9.47100936802224,9.81371103712689,0.214161499971945,0.69870181603123,0.5
"Gambia","women_iron","prev","infill","domain_enet",7,30,"open,survey_public",30,0.736010684274059,0.72497560797392,9.08169346143043,9.09359865613808,0.972091040210651,0.679825500357322,0.5
"Gambia","women_iron","prev","infill","raw_enet",7,30,"open,survey_public",30,0.697296700276572,0.644315570928044,10.3408201944472,8.61699128248357,0.645853131361535,0.752976052006154,0.625
"Gambia","women_iron","prev","infill","spatial_plus_domain",7,30,"open,survey_public",30,0.694849264506616,0.678709173165893,9.41438848699336,9.57311600790469,0.363911253576959,0.739310596611401,0.5
"Gambia","women_iron","prev","infill","domain_index_cal",7,30,"open,survey_public",30,0.738458120044015,0.728521864554997,8.86474185913463,6.82811211267377,0.29421269960504,0.675103752539867,0.5
"Gambia","women_iron","prev","infill","region_mean_jk",7,30,"open,survey_public",30,0.572288169655888,0.613856372644654,10.9026394670635,10.5610807508098,-0.010309897853998,0.814845331291897,0.375
"Gambia","women_iron","prev","infill","null_train_mean",8,30,"open,survey_public",30,-0.356774769520969,-0.346024859189195,14.5863237395655,13.2051539594123,-1.66596698820502e-15,1.01576158417914,0.125
"Gambia","women_iron","prev","infill","spatial",8,30,"open,survey_public",30,0.678162202438734,0.695839287074329,9.5103468000095,9.48147376522785,1.22661997306589,0.722379923584209,0.625
"Gambia","women_iron","prev","infill","domain_index",8,30,"open,survey_public",30,0.748915345606555,0.744520288846816,9.20059691031342,9.44734397248219,0.721420223666604,0.685727625187077,0.625
"Gambia","women_iron","prev","infill","domain_enet",8,30,"open,survey_public",30,0.73823562588311,0.726108805070658,9.11284315832982,8.31645051152495,0.990779285181535,0.678930079307735,0.75
"Gambia","women_iron","prev","infill","raw_enet",8,30,"open,survey_public",30,0.571365005204288,0.578064787273105,10.6408387759265,9.61823108067011,0.357604956623907,0.811876203329416,0.375
"Gambia","women_iron","prev","infill","spatial_plus_domain",8,30,"open,survey_public",30,0.678162202438734,0.695839287074338,9.51034680000971,9.48147376522826,1.22661997306666,0.722379923584208,0.625
"Gambia","women_iron","prev","infill","domain_index_cal",8,30,"open,survey_public",30,0.745577933192978,0.729060510483539,8.90876993297148,6.82952661827805,0.639166020884875,0.676679588336943,0.5
"Gambia","women_iron","prev","infill","region_mean_jk",8,30,"open,survey_public",30,0.606371505567664,0.647903720345833,10.0155512475258,9.96448335028342,0.411353365483526,0.780275907444766,0.375
"Gambia","women_iron","prev","infill","null_train_mean",9,30,"open,survey_public",30,-0.507927439050846,-0.504685822629526,15.0902056983532,14.1141925378961,-1.66596698820502e-15,1.05126781640274,0.125
"Gambia","women_iron","prev","infill","spatial",9,30,"open,survey_public",30,0.682389591495931,0.673629810831259,9.3532160864809,9.92593325165001,0.166693219119818,0.74541550072662,0.5
"Gambia","women_iron","prev","infill","domain_index",9,30,"open,survey_public",30,0.782511963903224,0.751973085096957,8.96199478870156,9.53020714879577,0.637049544408481,0.666560209407926,0.5
"Gambia","women_iron","prev","infill","domain_enet",9,30,"open,survey_public",30,0.729113365286001,0.71689592503324,8.99561420261123,8.76783956188374,0.479437515484755,0.6909985105071,0.625
"Gambia","women_iron","prev","infill","raw_enet",9,30,"open,survey_public",30,0.635665817705861,0.577528164914589,11.0872220182174,9.86434150204907,0.824612557923432,0.808303278209633,0.625
"Gambia","women_iron","prev","infill","spatial_plus_domain",9,30,"open,survey_public",30,0.675937260829683,0.654278909978381,10.2385714486226,10.2634710490969,0.601175781951087,0.780742306067257,0.625
"Gambia","women_iron","prev","infill","domain_index_cal",9,30,"open,survey_public",30,0.736455672595869,0.718811865747277,9.14861249618177,7.50504621511534,0.577565214934027,0.69061710689906,0.5
"Gambia","women_iron","prev","infill","region_mean_jk",9,30,"open,survey_public",30,0.616140079161334,0.67077112438503,9.75329949142884,9.8156678734186,0.339037963929403,0.742980566191794,0.375
"Gambia","women_iron","prev","infill","null_train_mean",10,30,"open,survey_public",30,-0.238303758267823,-0.281002675856986,14.3466025513784,13.5766147734862,1.66596698820502e-15,1.00478979300598,0.125
"Gambia","women_iron","prev","infill","spatial",10,30,"open,survey_public",30,0.596729339547469,0.62640505059208,10.8133691691407,10.2984388501636,0.506850322488213,0.794318851065602,0.25
"Gambia","women_iron","prev","infill","domain_index",10,30,"open,survey_public",30,0.711313832413594,0.712423421902444,9.58055934927642,9.49981336114347,0.186080594910122,0.728091342291396,0.5
"Gambia","women_iron","prev","infill","domain_enet",10,30,"open,survey_public",30,0.70330404262101,0.712394089139116,9.29682051240489,8.86364572970508,0.973627412242341,0.692630917223841,0.5
"Gambia","women_iron","prev","infill","raw_enet",10,30,"open,survey_public",30,0.527311161345079,0.456561516927989,12.8543367089551,11.4787463573699,1.80630954358846,0.945872519672179,0.375
"Gambia","women_iron","prev","infill","spatial_plus_domain",10,30,"open,survey_public",30,0.595394374582038,0.624250982216864,10.867754075516,10.2972967541938,0.815864188481373,0.801918188931209,0.25
"Gambia","women_iron","prev","infill","domain_index_cal",10,30,"open,survey_public",30,0.695294252828427,0.692555954972875,9.09631545333432,6.89037843912076,0.213619762174693,0.70944962158172,0.5
"Gambia","women_iron","prev","infill","region_mean_jk",10,30,"open,survey_public",30,0.550418404703621,0.567606325460745,11.3205795173188,10.7919271277263,0.213220402301565,0.859750191018837,0.25
"Gambia","women_iron","prev","region","null_train_mean",1,30,"open,survey_public",30,-0.693123502618982,-0.721898191756505,15.9484003040182,14.4440049372225,-0.244171796701366,1.1225209836871,0
"Gambia","women_iron","prev","region","spatial",1,30,"open,survey_public",30,0.742463014940307,0.743870191822752,8.84359476488674,9.44364866182534,0.711154654378929,0.672373874218231,0.5
"Gambia","women_iron","prev","region","domain_index",1,30,"open,survey_public",30,0.746912898158409,0.698887743550818,9.30345604361631,8.36157780094475,1.34893513510659,0.719503328498418,0.5
"Gambia","women_iron","prev","region","domain_enet",1,30,"open,survey_public",30,0.730225836090527,0.724998422350168,8.80449278897308,7.66783799859737,0.618997659752646,0.684028769560729,0.5
"Gambia","women_iron","prev","region","raw_enet",1,30,"open,survey_public",30,0.671709871772486,0.647547712912684,10.611005669765,8.20704858093231,-0.74731230658133,0.797193657129469,0.5
"Gambia","women_iron","prev","region","spatial_plus_domain",1,30,"open,survey_public",30,0.742463014940307,0.743870191822745,8.84359476488787,9.44364866183176,0.711154654380621,0.67237387421821,0.5
"Gambia","women_iron","prev","region","domain_index_cal",1,30,"open,survey_public",30,0.721326069654323,0.66421743810144,9.96439668463528,6.93944310344459,1.52471530674746,0.751869034768317,0.5
"Gambia","women_iron","level","infill","null_train_mean",1,30,"open,survey_public",30,-0.294102204659056,-0.325345374008987,0.30125855243493,0.285899617031487,-3.70047236487407e-17,1.01203873117742,0.125
"Gambia","women_iron","level","infill","spatial",1,30,"open,survey_public",30,0.531924360400445,0.46302068046977,0.268597228623955,0.260053289741367,-0.021314319761333,0.913683677892158,0.25
"Gambia","women_iron","level","infill","domain_index",1,30,"open,survey_public",30,0.654282536151279,0.607832874965118,0.250189807646369,0.250571197243485,-0.00519927704574718,0.841101685144635,0.375
"Gambia","women_iron","level","infill","domain_enet",1,30,"open,survey_public",30,0.602669632925473,0.588721528241141,0.225493419190905,0.223520717559107,-0.000111895226174622,0.794983974904726,0.375
"Gambia","women_iron","level","infill","raw_enet",1,30,"open,survey_public",30,0.519021134593993,0.466159227958733,0.244850322005992,0.206719744275831,0.000204812560119927,0.870311796364558,0.25
"Gambia","women_iron","level","infill","spatial_plus_domain",1,30,"open,survey_public",30,0.38420467185762,0.322032507821642,0.326852055477843,0.283208274271286,0.0222863880355305,1.10188663055074,0.25
"Gambia","women_iron","level","infill","domain_index_cal",1,30,"open,survey_public",30,0.628031145717464,0.576214958937449,0.220986852432462,0.176684695214999,-0.00263445329563669,0.803682910830934,0.25
"Gambia","women_iron","level","infill","region_mean_jk",1,30,"open,survey_public",30,0.450980940710173,0.441615230787619,0.253966579887584,0.225707816189825,-0.017368949897414,0.930794914012009,0.125
"Gambia","women_iron","level","infill","null_train_mean",2,30,"open,survey_public",30,-0.212407147809318,-0.235687640971613,0.295872558818556,0.278545301014804,-3.70119516632239e-17,0.99843440083699,0.375
"Gambia","women_iron","level","infill","spatial",2,30,"open,survey_public",30,0.615127919911012,0.603694274843822,0.220084883031356,0.231408916995525,0.00614250842713042,0.790138780567777,0.25
"Gambia","women_iron","level","infill","domain_index",2,30,"open,survey_public",30,0.695216907675195,0.647886123938771,0.241609716128359,0.262290070322245,0.00386980420377012,0.815939940809731,0.375
"Gambia","women_iron","level","infill","domain_enet",2,30,"open,survey_public",30,0.664071190211346,0.599493736730075,0.222074352329647,0.204638288140981,0.0257007533136618,0.797578612816708,0.375
"Gambia","women_iron","level","infill","raw_enet",2,30,"open,survey_public",30,0.494994438264739,0.45968850870507,0.25498631689225,0.221671944440539,-0.00138443236960569,0.873251516852749,0.375
"Gambia","women_iron","level","infill","spatial_plus_domain",2,30,"open,survey_public",30,0.63559510567297,0.60818373047427,0.218665511405881,0.224093162817419,0.0173990170311843,0.78964010958607,0.375
"Gambia","women_iron","level","infill","domain_index_cal",2,30,"open,survey_public",30,0.688542825361513,0.639145079626579,0.206564941558794,0.163410730919125,4.05810414665882e-05,0.75708759119511,0.375
"Gambia","women_iron","level","infill","region_mean_jk",2,30,"open,survey_public",30,0.556818859108064,0.561814151166956,0.223928147918709,0.21396543962104,0.00352147845544332,0.828661587227021,0.25
"Gambia","women_iron","level","infill","null_train_mean",3,30,"open,survey_public",30,-0.514678858153347,-0.605004856362303,0.319825890556167,0.28868070752311,5.18040833031678e-17,1.0796740043237,0
"Gambia","women_iron","level","infill","spatial",3,30,"open,survey_public",30,0.575083426028921,0.530734542547403,0.24924931745338,0.230138409009511,-0.0247343636858296,0.857132439338393,0.25
"Gambia","women_iron","level","infill","domain_index",3,30,"open,survey_public",30,0.652947719688543,0.594406295905482,0.255543473497833,0.2398239381419,-0.0147847654755131,0.84283930467711,0.25
"Gambia","women_iron","level","infill","domain_enet",3,30,"open,survey_public",30,0.640934371523915,0.581904110885341,0.230464490129888,0.218406442776117,-0.00618475588939483,0.802737325215536,0.375
"Gambia","women_iron","level","infill","raw_enet",3,30,"open,survey_public",30,0.526140155728587,0.431736104300227,0.245701611656382,0.202254683746154,-0.0104303215879949,0.887508567435129,0.25
"Gambia","women_iron","level","infill","spatial_plus_domain",3,30,"open,survey_public",30,0.575083426028921,0.530734542549744,0.2492493174528,0.230138409009048,-0.0247343636869737,0.857132439336937,0.25
"Gambia","women_iron","level","infill","domain_index_cal",3,30,"open,survey_public",30,0.597775305895439,0.533495899860637,0.227281143177966,0.173380782004753,-0.00712712651670882,0.831837773909424,0.25
"Gambia","women_iron","level","infill","region_mean_jk",3,30,"open,survey_public",30,0.490810362033304,0.534988979957411,0.249197941467309,0.213570272589559,-0.00471007013627254,0.849138376006834,0
"Gambia","women_iron","level","infill","null_train_mean",4,30,"open,survey_public",30,-0.318610721713977,-0.301714897751803,0.300131436385099,0.276041218333787,-3.70047236487407e-17,1.00805022253784,0.125
"Gambia","women_iron","level","infill","spatial",4,30,"open,survey_public",30,0.598665183537264,0.569940188137394,0.231045308925524,0.227205786959453,-0.00750044056949309,0.829532365816416,0.25
"Gambia","women_iron","level","infill","domain_index",4,30,"open,survey_public",30,0.709899888765295,0.65465733400293,0.238403533142812,0.249934980969758,0.00531848058504745,0.799787915244188,0.375
"Gambia","women_iron","level","infill","domain_enet",4,30,"open,survey_public",30,0.657842046718576,0.638399149272773,0.206424970568504,0.199752915364994,-0.000620432986459736,0.761856568914308,0.5
"Gambia","women_iron","level","infill","raw_enet",4,30,"open,survey_public",30,0.557285873192436,0.537459105428189,0.225948167327401,0.189582339328908,0.00616760472971264,0.832706346182324,0.25
"Gambia","women_iron","level","infill","spatial_plus_domain",4,30,"open,survey_public",30,0.532369299221357,0.543999344390768,0.245466795623422,0.240959658030235,0.0134302727022002,0.856315832368674,0.25
"Gambia","women_iron","level","infill","domain_index_cal",4,30,"open,survey_public",30,0.683203559510567,0.63941834917924,0.202740203718075,0.160668339044825,0.00431933603948892,0.758475172069048,0.375
"Gambia","women_iron","level","infill","region_mean_jk",4,30,"open,survey_public",30,0.493313520660288,0.437563630927825,0.261539140268242,0.245159889368641,0.0269194647737687,0.964283161855193,0.125
"Gambia","women_iron","level","infill","null_train_mean",5,30,"open,survey_public",30,-0.190621799316055,-0.157789916552146,0.295463084111653,0.275650527833915,-3.70047236487407e-17,0.990052911756071,0.125
"Gambia","women_iron","level","infill","spatial",5,30,"open,survey_public",30,0.57285873192436,0.562361138380163,0.232189355707275,0.221567900174396,-0.00415169919598025,0.833452885129413,0.375
"Gambia","women_iron","level","infill","domain_index",5,30,"open,survey_public",30,0.694771968854282,0.653588277693341,0.238439958225944,0.253039077720047,0.000753794162255554,0.811599166705744,0.375
"Gambia","women_iron","level","infill","domain_enet",5,30,"open,survey_public",30,0.575973303670745,0.589858566145167,0.218264932234639,0.203466635766843,-0.00117933140841765,0.796869781128075,0.375
"Gambia","women_iron","level","infill","raw_enet",5,30,"open,survey_public",30,0.547942157953281,0.507265375337937,0.229880568999616,0.194865707486357,-0.00739110976737583,0.853139401040953,0.25
"Gambia","women_iron","level","infill","spatial_plus_domain",5,30,"open,survey_public",30,0.57285873192436,0.562361138378448,0.232189355708828,0.22156790017725,-0.00415169919271708,0.833452885132173,0.375
"Gambia","women_iron","level","infill","domain_index_cal",5,30,"open,survey_public",30,0.680533926585094,0.648020985620625,0.204537371046724,0.167023806656167,0.000654813574516451,0.749558813382734,0.375
"Gambia","women_iron","level","infill","region_mean_jk",5,30,"open,survey_public",30,0.508463566936501,0.546791248816697,0.233262228253385,0.222908806152285,-0.00464528664869731,0.845771148532717,0.125
"Gambia","women_iron","level","infill","null_train_mean",6,30,"open,survey_public",30,-0.160666945137817,-0.224672822954473,0.2985181751228,0.283736393768254,-3.70101446596031e-17,0.997052662846331,0.25
"Gambia","women_iron","level","infill","spatial",6,30,"open,survey_public",30,0.577308120133482,0.552760200571057,0.239210085012163,0.244169752002873,-0.0242425578016451,0.858016555207436,0.375
"Gambia","women_iron","level","infill","domain_index",6,30,"open,survey_public",30,0.68587319243604,0.646896684869278,0.231778398796756,0.246474810781983,-0.00132272247562625,0.807363470475811,0.375
"Gambia","women_iron","level","infill","domain_enet",6,30,"open,survey_public",30,0.478976640711902,0.528137041906499,0.24519545667832,0.232484993566592,-0.0136236498098238,0.844359951386982,0.125
"Gambia","women_iron","level","infill","raw_enet",6,30,"open,survey_public",30,0.445606229143493,0.396701894936965,0.252096799443029,0.206296312607013,-0.0215361389843974,0.925301147498741,0.25
"Gambia","women_iron","level","infill","spatial_plus_domain",6,30,"open,survey_public",30,0.577308120133482,0.55276020057064,0.23921008501267,0.24416975200313,-0.0242425578005575,0.858016555207912,0.375
"Gambia","women_iron","level","infill","domain_index_cal",6,30,"open,survey_public",30,0.665850945494994,0.623796841770056,0.205015935672263,0.163879860234122,-0.00380128213588976,0.768948853306001,0.375
"Gambia","women_iron","level","infill","region_mean_jk",6,30,"open,survey_public",30,0.476328894247482,0.49129672538324,0.238251175916467,0.223208776808539,0.00408102501180011,0.890822249592554,0.25
"Gambia","women_iron","level","infill","null_train_mean",7,30,"open,survey_public",30,-0.487447172536768,-0.462697145612486,0.303524189636772,0.29718524405025,5.18040833031678e-17,1.0407100313344,0
"Gambia","women_iron","level","infill","spatial",7,30,"open,survey_public",30,0.519021134593993,0.534374160027874,0.246310832377361,0.25445403672437,-0.00789392058912164,0.866293108659685,0.375
"Gambia","women_iron","level","infill","domain_index",7,30,"open,survey_public",30,0.664516129032258,0.625319022398044,0.241306171099744,0.241389936668262,-0.00876964721077597,0.831394962556998,0.375
"Gambia","women_iron","level","infill","domain_enet",7,30,"open,survey_public",30,0.568854282536151,0.558529852155818,0.229389702992968,0.228403603211617,-0.00879010032721681,0.816519743816243,0.25
"Gambia","women_iron","level","infill","raw_enet",7,30,"open,survey_public",30,0.561735261401557,0.506308608139215,0.22625280621099,0.198936990049933,0.00868412922411185,0.848281803135593,0.375
"Gambia","women_iron","level","infill","spatial_plus_domain",7,30,"open,survey_public",30,0.519021134593993,0.534374160030953,0.246310832377095,0.254454036722877,-0.00789392058562364,0.866293108656126,0.375
"Gambia","women_iron","level","infill","domain_index_cal",7,30,"open,survey_public",30,0.623581757508343,0.592057864910856,0.213356739671334,0.181150347028151,-0.00369884848745652,0.792510002160227,0.375
"Gambia","women_iron","level","infill","region_mean_jk",7,30,"open,survey_public",30,0.412963891583546,0.420551761028982,0.274649653068578,0.248467553747049,-0.00826338908213512,0.970343264285714,0.125
"Gambia","women_iron","level","infill","null_train_mean",8,30,"open,survey_public",30,-0.193344967877712,-0.233420809612936,0.298772064995031,0.27850873711285,5.18058903067886e-17,0.998144796409875,0.25
"Gambia","women_iron","level","infill","spatial",8,30,"open,survey_public",30,0.595550611790879,0.583529121189588,0.231228386402808,0.228394543929668,0.0155394707193586,0.814548341370643,0.375
"Gambia","women_iron","level","infill","domain_index",8,30,"open,survey_public",30,0.670745272525028,0.647261170519005,0.234813811494469,0.241245222968132,0.0061746874345421,0.800466489231618,0.375
"Gambia","women_iron","level","infill","domain_enet",8,30,"open,survey_public",30,0.634705228031146,0.611952851794848,0.220585918307765,0.23173337844451,-0.00477711463142839,0.781192279370588,0.375
"Gambia","women_iron","level","infill","raw_enet",8,30,"open,survey_public",30,0.528364849833148,0.489779710414916,0.229460935474025,0.201600152345625,-0.00384502828734021,0.865016279201514,0.375
"Gambia","women_iron","level","infill","spatial_plus_domain",8,30,"open,survey_public",30,0.595550611790879,0.583529121188931,0.231228386403416,0.228394543930257,0.0155394707189276,0.814548341371718,0.375
"Gambia","women_iron","level","infill","domain_index_cal",8,30,"open,survey_public",30,0.679199110122358,0.642479879871639,0.201153312620802,0.151527465689713,0.00462866825244592,0.755377618066334,0.375
"Gambia","women_iron","level","infill","region_mean_jk",8,30,"open,survey_public",30,0.460853447511519,0.507367767423672,0.247692446744677,0.230768681882778,-0.0033881190381916,0.896191183573982,0.125
"Gambia","women_iron","level","infill","null_train_mean",9,30,"open,survey_public",30,-0.56369589226319,-0.541632581177247,0.312465166296782,0.299841858335891,5.18040833031678e-17,1.06121833249877,0
"Gambia","women_iron","level","infill","spatial",9,30,"open,survey_public",30,0.587986651835373,0.563830550012061,0.226966634104295,0.239430662811783,-0.000255785323426487,0.825076458316678,0.375
"Gambia","women_iron","level","infill","domain_index",9,30,"open,survey_public",30,0.71523915461624,0.665371085680957,0.222784839457838,0.233998080633568,0.00387031277183381,0.765470744958469,0.375
"Gambia","women_iron","level","infill","domain_enet",9,30,"open,survey_public",30,0.636929922135706,0.583718535924593,0.21635542734735,0.209061109754497,-0.00599313663808848,0.800306976184626,0.5
"Gambia","women_iron","level","infill","raw_enet",9,30,"open,survey_public",30,0.477196885428254,0.392663466894027,0.252119150227929,0.22569894480073,0.000704741654612303,0.906717146229964,0.375
"Gambia","women_iron","level","infill","spatial_plus_domain",9,30,"open,survey_public",30,0.587986651835373,0.563830550010817,0.226966634105329,0.239430662814991,-0.000255785324215455,0.825076458318466,0.375
"Gambia","women_iron","level","infill","domain_index_cal",9,30,"open,survey_public",30,0.632925472747497,0.607871818314209,0.216878609755004,0.179003930441531,0.00381242736016288,0.785310564140207,0.375
"Gambia","women_iron","level","infill","region_mean_jk",9,30,"open,survey_public",30,0.453360893889464,0.516533361187713,0.236607401913547,0.223083472988786,0.010958797011801,0.857402905319862,0.25
"Gambia","women_iron","level","infill","null_train_mean",10,30,"open,survey_public",30,-0.299548541782371,-0.349626600290162,0.30091705215063,0.293327726345921,5.18040833031678e-17,1.01643199094466,0.125
"Gambia","women_iron","level","infill","spatial",10,30,"open,survey_public",30,0.488765294771969,0.479963579078471,0.26696178314631,0.263288021692401,-0.00803285743752106,0.901413350138339,0.125
"Gambia","women_iron","level","infill","domain_index",10,30,"open,survey_public",30,0.642714126807564,0.60105254151912,0.244200261622846,0.239433938229559,-0.0155057857524475,0.848320004524057,0.25
"Gambia","women_iron","level","infill","domain_enet",10,30,"open,survey_public",30,0.448720800889878,0.467689909993161,0.260068905120242,0.245538319958622,0.0131347469225873,0.907032714463555,0.125
"Gambia","women_iron","level","infill","raw_enet",10,30,"open,survey_public",30,0.425583982202447,0.385388720094782,0.26478151272524,0.239148184123478,0.00330817338485762,0.93269449305422,0.125
"Gambia","women_iron","level","infill","spatial_plus_domain",10,30,"open,survey_public",30,0.488765294771969,0.479963579082448,0.26696178314557,0.263288021690834,-0.00803285743626766,0.901413350134851,0.125
"Gambia","women_iron","level","infill","domain_index_cal",10,30,"open,survey_public",30,0.600889877641824,0.558850834773774,0.220892761317463,0.183537596003087,-0.00998476527275958,0.81585443091844,0.125
"Gambia","women_iron","level","infill","region_mean_jk",10,30,"open,survey_public",30,0.40753168999946,0.408068255243736,0.267193342564605,0.245504390873293,-0.00788094056071162,0.97227297905066,0.125
"Gambia","women_iron","level","region","null_train_mean",1,30,"open,survey_public",30,-0.634498274866296,-0.641582727961787,0.331032274291671,0.306875214150712,-0.00634256738252019,1.09734676717571,0.125
"Gambia","women_iron","level","region","spatial",1,30,"open,survey_public",30,0.670745272525028,0.647091365360264,0.227781387057788,0.242920467240606,-0.0101397902607952,0.775361946668719,0.5
"Gambia","women_iron","level","region","domain_index",1,30,"open,survey_public",30,0.730367074527253,0.661792547631326,0.219199273385,0.211344833976595,0.00219463058513879,0.75829615974727,0.375
"Gambia","women_iron","level","region","domain_enet",1,30,"open,survey_public",30,0.682758620689655,0.647720125154202,0.216739825310254,0.213198021146389,-0.00718474865703077,0.759318930748171,0.5
"Gambia","women_iron","level","region","raw_enet",1,30,"open,survey_public",30,0.574638487208009,0.527348268358342,0.242194670893577,0.204494258707648,-0.0755222076783237,0.86471993722642,0.375
"Gambia","women_iron","level","region","spatial_plus_domain",1,30,"open,survey_public",30,0.689877641824249,0.671583615343894,0.228301852537928,0.228403920469309,-0.00552341590960291,0.758267996923193,0.5
"Gambia","women_iron","level","region","domain_index_cal",1,30,"open,survey_public",30,0.737041156840934,0.653910708425732,0.216731235708422,0.168134142097581,0.00646712112576657,0.782416191009383,0.375
"Ghana","child_vitA","prev","infill","null_train_mean",1,75,"open,survey_public",75,-0.19335497273896,-0.213310004815244,14.2520671871185,12.4866185488917,-2.58288580049411e-16,1.00594224955625,0.210526315789474
"Ghana","child_vitA","prev","infill","spatial",1,75,"open,survey_public",75,0.247436918660004,0.236547455983878,15.3026069312479,14.0129005605022,-3.84065904698821,1.09677353636271,0.526315789473684
"Ghana","child_vitA","prev","infill","domain_index",1,75,"open,survey_public",75,0.224666912160387,0.441461703941186,21.7726562725747,21.6502174904722,2.37701731887912,1.46640573641763,0.526315789473684
"Ghana","child_vitA","prev","infill","domain_enet",1,75,"open,survey_public",75,0.294116143991928,0.339748553024085,14.0327617597506,12.8315419085526,-4.1746038608784,0.992861796342908,0.421052631578947
"Ghana","child_vitA","prev","infill","raw_enet",1,75,"open,survey_public",75,0.152036561109374,0.151726408224932,14.6267142574023,13.5089910084035,-6.04203367804809,1.06250238055179,0.315789473684211
"Ghana","child_vitA","prev","infill","spatial_plus_domain",1,75,"open,survey_public",75,0.24164117591745,0.258356724691184,15.1210484135807,13.8723855387069,-3.292380587301,1.07713301322516,0.473684210526316
"Ghana","child_vitA","prev","infill","domain_index_cal",1,75,"open,survey_public",75,0.201640582885915,0.36706155910811,13.9496402467447,12.7050922926026,-5.455517811861,0.986078607254726,0.473684210526316
"Ghana","child_vitA","prev","infill","region_mean_jk",1,75,"open,survey_public",75,0.259120060149215,0.258374019651237,15.9878251252209,15.4120513565489,-2.39368255818893,1.16259194634662,0.473684210526316
"Ghana","child_vitA","prev","infill","null_train_mean",2,75,"open,survey_public",75,-0.183545532182868,-0.205554615063567,14.2284429937182,12.4418802445259,-1.85091380879484e-16,1.0050457278359,0.210526315789474
"Ghana","child_vitA","prev","infill","spatial",2,75,"open,survey_public",75,0.217917079089206,0.237926981297575,15.6499687466823,14.8964828593048,-3.25827930696732,1.10202808313304,0.473684210526316
"Ghana","child_vitA","prev","infill","domain_index",2,75,"open,survey_public",75,0.242039900233891,0.427951034076482,21.5051712472733,21.3156152051159,2.91230397075531,1.48121212510198,0.526315789473684
"Ghana","child_vitA","prev","infill","domain_enet",2,75,"open,survey_public",75,0.200501370553226,0.234092929641079,14.1608197300797,13.1800198947764,-5.17107695580214,1.02223402074864,0.368421052631579
"Ghana","child_vitA","prev","infill","raw_enet",2,75,"open,survey_public",75,0.26418333995053,0.293377407531634,13.9973324387612,13.1969487776598,-5.75492501274741,1.0063739266375,0.368421052631579
"Ghana","child_vitA","prev","infill","spatial_plus_domain",2,75,"open,survey_public",75,0.228924718253812,0.249010031574093,15.4077183021954,14.6149709265511,-3.2301677461583,1.08791576016818,0.473684210526316
"Ghana","child_vitA","prev","infill","domain_index_cal",2,75,"open,survey_public",75,0.186816582406802,0.324020518040165,13.7651912142988,12.8750749080755,-4.90955719713401,0.996688429796246,0.421052631578947
"Ghana","child_vitA","prev","infill","region_mean_jk",2,75,"open,survey_public",75,0.298423006211147,0.214908714882548,17.2929342316039,17.3400350144833,-1.85837438351875,1.25706203116291,0.263157894736842
"Ghana","child_vitA","prev","infill","null_train_mean",3,75,"open,survey_public",75,-0.173518104058863,-0.202409256041395,14.2470580530363,12.4931242347878,4.05550340127255e-16,1.00469136704438,0.263157894736842
"Ghana","child_vitA","prev","infill","spatial",3,75,"open,survey_public",75,0.263414371625965,0.285874750859902,15.0014038100678,14.1570388140711,-4.59957905782645,1.04402478308919,0.526315789473684
"Ghana","child_vitA","prev","infill","domain_index",3,75,"open,survey_public",75,0.279534226133511,0.449432827274734,21.6120429232143,21.4770628142479,2.64612571606219,1.45994976329374,0.578947368421053
"Ghana","child_vitA","prev","infill","domain_enet",3,75,"open,survey_public",75,0.263186529159427,0.282344498300863,14.4318766780476,13.3966429423829,-4.7999434479078,1.01882500449484,0.526315789473684
"Ghana","child_vitA","prev","infill","raw_enet",3,75,"open,survey_public",75,0.166310760418404,0.14391225023874,14.8491934533776,13.8111541024602,-5.69464151576213,1.06217697604976,0.473684210526316
"Ghana","child_vitA","prev","infill","spatial_plus_domain",3,75,"open,survey_public",75,0.314508044747057,0.328417246456907,14.5992792025578,13.8222352953353,-4.54186906352707,1.01819065263343,0.526315789473684
"Ghana","child_vitA","prev","infill","domain_index_cal",3,75,"open,survey_public",75,0.206752798228856,0.367490252246602,13.4552918825722,12.3961516154919,-5.25628275652082,0.979734562523586,0.578947368421053
"Ghana","child_vitA","prev","infill","region_mean_jk",3,75,"open,survey_public",75,0.353866752474128,0.361023766812586,14.3074779735627,13.9455388112442,-2.90157094722528,1.0506883697352,0.473684210526316
"Ghana","child_vitA","prev","infill","null_train_mean",4,75,"open,survey_public",75,-0.214935741962361,-0.219241590300701,14.3728070237752,12.7094310438335,-2.58293097558463e-16,1.00664978132711,0.157894736842105
"Ghana","child_vitA","prev","infill","spatial",4,75,"open,survey_public",75,0.248462209759424,0.20739515681329,15.6239125674695,14.6036753926909,-3.9182059193322,1.10907195599966,0.473684210526316
"Ghana","child_vitA","prev","infill","domain_index",4,75,"open,survey_public",75,0.213730473766575,0.423024756564385,21.1025018399104,20.6205535672468,2.3111749076763,1.45638940716678,0.578947368421053
"Ghana","child_vitA","prev","infill","domain_enet",4,75,"open,survey_public",75,0.221163834237369,0.268462681329995,14.4564851867402,13.4699687076721,-4.7848809242959,1.01885667517264,0.421052631578947
"Ghana","child_vitA","prev","infill","raw_enet",4,75,"open,survey_public",75,0.298687233476841,0.330376040754191,13.821581754384,12.9755409043519,-5.10312505186508,0.980429446846164,0.473684210526316
"Ghana","child_vitA","prev","infill","spatial_plus_domain",4,75,"open,survey_public",75,0.258202475203913,0.220307449538537,15.4844458916654,14.4626547480766,-3.73095871457877,1.10287882937222,0.473684210526316
"Ghana","child_vitA","prev","infill","domain_index_cal",4,75,"open,survey_public",75,0.227742785458647,0.346730695595847,14.0273511679414,12.9448399422395,-5.30662554878906,0.990932611392721,0.526315789473684
"Ghana","child_vitA","prev","infill","region_mean_jk",4,75,"open,survey_public",75,0.263087829771013,0.289080969628442,15.1297249024408,14.6304550370771,-2.93803075871632,1.04790550799233,0.315789473684211
"Ghana","child_vitA","prev","infill","null_train_mean",5,75,"open,survey_public",75,-0.142999844551023,-0.180302750981249,14.1623529515437,12.4385654707279,-7.76415245753078e-16,1.00235183802046,0.0526315789473684
"Ghana","child_vitA","prev","infill","spatial",5,75,"open,survey_public",75,0.332066154824623,0.304421762922152,14.3077999360883,13.2209817824342,-4.11122575026459,1.05193769481717,0.368421052631579
"Ghana","child_vitA","prev","infill","domain_index",5,75,"open,survey_public",75,0.270263885776256,0.417145139451291,21.20942684145,20.7587401250012,2.25234545913411,1.46904208877054,0.526315789473684
"Ghana","child_vitA","prev","infill","domain_enet",5,75,"open,survey_public",75,0.288989688494828,0.310555320070536,14.2593117397849,13.4028620134426,-4.70075859450544,1.00245305487095,0.368421052631579
"Ghana","child_vitA","prev","infill","raw_enet",5,75,"open,survey_public",75,0.333034485307408,0.312125874199746,13.9568232101383,13.1844130397152,-5.77149096587489,1.0011089575718,0.526315789473684
"Ghana","child_vitA","prev","infill","spatial_plus_domain",5,75,"open,survey_public",75,0.326740337169303,0.338847714171133,14.0657471675145,12.9472739815332,-3.79546731541626,1.01772426575816,0.526315789473684
"Ghana","child_vitA","prev","infill","domain_index_cal",5,75,"open,survey_public",75,0.257718309962521,0.355327092812685,13.7367451329454,12.8125373671227,-5.00691961217789,0.986463763742973,0.526315789473684
"Ghana","child_vitA","prev","infill","region_mean_jk",5,75,"open,survey_public",75,0.30847040503809,0.223093544827615,15.7173751708329,15.2962866309544,-3.32068437158183,1.20114043284425,0.526315789473684
"Ghana","child_vitA","prev","infill","null_train_mean",6,75,"open,survey_public",75,-0.255481429594206,-0.284384048979931,14.339694771684,12.4231434964995,-2.58003976979134e-16,1.01565343307944,0.210526315789474
"Ghana","child_vitA","prev","infill","spatial",6,75,"open,survey_public",75,0.255283243601398,0.261824366078345,15.6695206603181,15.0222297474964,-3.98811801137822,1.09092602958131,0.473684210526316
"Ghana","child_vitA","prev","infill","domain_index",6,75,"open,survey_public",75,0.258529998749562,0.396086916958576,21.674687825277,21.3245711128742,2.26019838964223,1.49059676418252,0.473684210526316
"Ghana","child_vitA","prev","infill","domain_enet",6,75,"open,survey_public",75,0.182373654309316,0.17996637552996,15.0584486276378,14.1630854522054,-5.21736261974836,1.06847973546646,0.263157894736842
"Ghana","child_vitA","prev","infill","raw_enet",6,75,"open,survey_public",75,0.138485499192481,0.134767124349033,14.6493218110161,13.7550361698365,-5.68559989053577,1.0570558645798,0.315789473684211
"Ghana","child_vitA","prev","infill","spatial_plus_domain",6,75,"open,survey_public",75,0.247066674651881,0.249775430918888,15.8320429300148,15.2156554451686,-4.01319200812166,1.0967281462436,0.421052631578947
"Ghana","child_vitA","prev","infill","domain_index_cal",6,75,"open,survey_public",75,0.212562781125569,0.320932130408642,14.0264719789243,13.0647248938405,-5.08750420387363,1.00399477076039,0.473684210526316
"Ghana","child_vitA","prev","infill","region_mean_jk",6,75,"open,survey_public",75,0.331312941958685,0.261349077054891,16.0125434959154,15.6145213640496,-2.69618825069636,1.20469240121966,0.473684210526316
"Ghana","child_vitA","prev","infill","null_train_mean",7,75,"open,survey_public",75,-0.199240637072614,-0.196764171017674,14.3035753645643,12.5530426684132,4.05545822618203e-16,1.00406878440155,0.157894736842105
"Ghana","child_vitA","prev","infill","spatial",7,75,"open,survey_public",75,0.311147368365625,0.28576073251358,14.4817314927855,13.5571084806948,-4.35766218366647,1.05354648091139,0.526315789473684
"Ghana","child_vitA","prev","infill","domain_index",7,75,"open,survey_public",75,0.309182227091737,0.437342059812472,21.649805276535,21.3709226586436,2.55485246744274,1.47907848829773,0.526315789473684
"Ghana","child_vitA","prev","infill","domain_enet",7,75,"open,survey_public",75,0.30915374678342,0.290048396469617,13.9448923366772,13.0780757770374,-4.24272580886234,1.01727295500533,0.421052631578947
"Ghana","child_vitA","prev","infill","raw_enet",7,75,"open,survey_public",75,0.270520208551111,0.29943652921624,13.8932308204961,13.0503361916526,-5.34022011202501,0.994675465567627,0.421052631578947
"Ghana","child_vitA","prev","infill","spatial_plus_domain",7,75,"open,survey_public",75,0.297718902994056,0.298827528871702,14.5644742962674,13.5292655650869,-3.9681980393668,1.04815947520722,0.578947368421053
"Ghana","child_vitA","prev","infill","domain_index_cal",7,75,"open,survey_public",75,0.263699174709137,0.402080123491335,13.2410565671514,12.3964241240626,-5.01426684832105,0.960755813651599,0.526315789473684
"Ghana","child_vitA","prev","infill","region_mean_jk",7,75,"open,survey_public",75,0.285251363059367,0.285813263127316,15.3669428437756,14.8728178474252,-4.28635296165427,1.12369147239114,0.473684210526316
"Ghana","child_vitA","prev","infill","null_train_mean",8,75,"open,survey_public",75,-0.211229953307837,-0.255840674574694,14.3823534300812,12.6432088940235,-6.29415501200251e-16,1.01143160265154,0.0526315789473684
"Ghana","child_vitA","prev","infill","spatial",8,75,"open,survey_public",75,0.263798855788247,0.248553465366232,14.9292643506182,13.778311661655,-3.73177419386105,1.08080912596795,0.526315789473684
"Ghana","child_vitA","prev","infill","domain_index",8,75,"open,survey_public",75,0.254058590343758,0.433160137959444,21.7831154502822,21.2833334214803,3.0988465272487,1.47007846584315,0.526315789473684
"Ghana","child_vitA","prev","infill","domain_enet",8,75,"open,survey_public",75,0.168703106317051,0.219796603785584,14.8399924720677,13.707444148061,-4.78818040048101,1.02703490171243,0.421052631578947
"Ghana","child_vitA","prev","infill","raw_enet",8,75,"open,survey_public",75,0.20138426011106,0.21366955386237,14.1341996121496,13.1378379410652,-5.20181002483571,1.01825616164791,0.526315789473684
"Ghana","child_vitA","prev","infill","spatial_plus_domain",8,75,"open,survey_public",75,0.267629457256913,0.253447154853565,14.6606612838862,13.5097512871888,-3.47390962885754,1.07478289766406,0.526315789473684
"Ghana","child_vitA","prev","infill","domain_index_cal",8,75,"open,survey_public",75,0.218714527722088,0.351989580579065,13.5783460347863,12.3169966064471,-4.52357516440621,0.977189167997564,0.526315789473684
"Ghana","child_vitA","prev","infill","region_mean_jk",8,75,"open,survey_public",75,0.331685805086234,0.303820871916223,14.9025221434745,14.5327513339884,-2.47055310691305,1.11657524130226,0.473684210526316
"Ghana","child_vitA","prev","infill","null_train_mean",9,75,"open,survey_public",75,-0.216461654937753,-0.253525781742768,14.3308057899925,12.6031024805853,-7.02784365714156e-16,1.01110804090427,0.210526315789474
"Ghana","child_vitA","prev","infill","spatial",9,75,"open,survey_public",75,0.334814504577234,0.297212474907644,14.2469201551808,13.1866313669434,-4.23655180122924,1.04973458428933,0.578947368421053
"Ghana","child_vitA","prev","infill","domain_index",9,75,"open,survey_public",75,0.304269373907016,0.449734677639453,20.5345543819428,20.397983533376,2.05686074981376,1.4168728320742,0.473684210526316
"Ghana","child_vitA","prev","infill","domain_enet",9,75,"open,survey_public",75,0.00978298590696496,0.0164029491642064,17.7457881764088,16.6170714474289,-4.15772249184912,1.26209521257612,0.210526315789474
"Ghana","child_vitA","prev","infill","raw_enet",9,75,"open,survey_public",75,0.143341391760567,0.174593883498263,14.6434228147429,13.6365343722299,-5.06702054460799,1.05760331481279,0.263157894736842
"Ghana","child_vitA","prev","infill","spatial_plus_domain",9,75,"open,survey_public",75,0.324433432195608,0.297783007435334,14.4149736057551,13.2917264937265,-3.82717824512743,1.05080476352171,0.473684210526316
"Ghana","child_vitA","prev","infill","domain_index_cal",9,75,"open,survey_public",75,0.225877325263869,0.337316204065272,13.6896547002919,12.5842180955444,-5.5605510407017,0.995893238311667,0.368421052631579
"Ghana","child_vitA","prev","infill","region_mean_jk",9,75,"open,survey_public",75,0.345745757136909,0.249709013583382,16.1341754429237,15.9159064986359,-0.971617332039862,1.2792566060754,0.526315789473684
"Ghana","child_vitA","prev","infill","null_train_mean",10,75,"open,survey_public",75,-0.232156759827499,-0.244776638214697,14.2518537296882,12.4647285853132,3.32167923086194e-16,1.00991080107026,0.210526315789474
"Ghana","child_vitA","prev","infill","spatial",10,75,"open,survey_public",75,0.29501327370392,0.255527887047528,14.6546866987956,13.6407267249306,-4.08055564936419,1.07584096772632,0.473684210526316
"Ghana","child_vitA","prev","infill","domain_index",10,75,"open,survey_public",75,0.294671510004113,0.441073750001431,21.782483651972,21.5352844722411,2.96725140871064,1.48426584325036,0.526315789473684
"Ghana","child_vitA","prev","infill","domain_enet",10,75,"open,survey_public",75,0.169850888280926,0.188311436867438,14.377317483427,13.3447529627481,-5.77491231480011,1.04094742805035,0.368421052631579
"Ghana","child_vitA","prev","infill","raw_enet",10,75,"open,survey_public",75,0.209116663819185,0.222809077182961,13.8781155757999,12.8377694572656,-5.44913872471778,1.01860283804801,0.421052631578947
"Ghana","child_vitA","prev","infill","spatial_plus_domain",10,75,"open,survey_public",75,0.307331007051117,0.262171612625368,14.6225732718601,13.697790761876,-4.20954515638809,1.06855368420268,0.473684210526316
"Ghana","child_vitA","prev","infill","domain_index_cal",10,75,"open,survey_public",75,0.243236073183215,0.387753289676763,13.1239671641461,12.1216226701674,-4.84750650868823,0.967619109197178,0.526315789473684
"Ghana","child_vitA","prev","infill","region_mean_jk",10,75,"open,survey_public",75,0.358460679850242,0.334999972392061,14.4020917856495,14.4542700905596,-2.63832404663832,1.04716630503401,0.421052631578947
"Ghana","child_vitA","prev","region","null_train_mean",1,75,"open,survey_public",75,-0.512716639827331,-0.553612897437177,14.548691959788,12.8289001260216,0.0105250901066283,1.02501443827838,0.263157894736842
"Ghana","child_vitA","prev","region","spatial",1,75,"open,survey_public",75,0.250683673808168,0.159390985514671,15.806754531353,14.6175795208225,-3.11173574794901,1.1762020679186,0.368421052631579
"Ghana","child_vitA","prev","region","domain_index",1,75,"open,survey_public",75,0.231801229393851,0.404241933619039,20.6998240471511,19.6490606959935,3.1597823416322,1.43066287455967,0.473684210526316
"Ghana","child_vitA","prev","region","domain_enet",1,75,"open,survey_public",75,0.0227130458829827,0.0949155194307632,15.1260127370191,13.4968635688768,-4.69648502639649,1.06095511910281,0.315789473684211
"Ghana","child_vitA","prev","region","raw_enet",1,75,"open,survey_public",75,-0.0422362972344368,-0.0316501501609999,14.7426101873813,13.4026945589708,-4.96907778200458,1.07431990831594,0.157894736842105
"Ghana","child_vitA","prev","region","spatial_plus_domain",1,75,"open,survey_public",75,0.222659050424023,0.136807339775419,16.2162990534306,15.03179772626,-3.57383733693144,1.18017560784569,0.368421052631579
"Ghana","child_vitA","prev","region","domain_index_cal",1,75,"open,survey_public",75,0.208532817498682,0.291280137481029,14.1634646320393,12.792137932194,-4.93751473798979,1.00480869439141,0.368421052631579
"Ghana","child_vitA","level","infill","null_train_mean",1,75,"open,survey_public",75,-0.188137536325636,-0.232210665880861,0.104159220337182,0.0990443582147709,4.26669694945462e-18,1.00826249656291,0.263157894736842
"Ghana","child_vitA","level","infill","spatial",1,75,"open,survey_public",75,0.299288762446657,0.395668302391331,0.0990449183803155,0.0932825408707356,0.00402230479209093,0.925800974344631,0.631578947368421
"Ghana","child_vitA","level","infill","domain_index",1,75,"open,survey_public",75,0.247937411095306,0.400167161432439,0.121169063863182,0.120333656857932,-0.00128722458785338,1.09081771078157,0.631578947368421
"Ghana","child_vitA","level","infill","domain_enet",1,75,"open,survey_public",75,0.325718349928876,0.364835575712203,0.102016789891254,0.0985528506031494,-0.00552211425300952,0.937573406960781,0.631578947368421
"Ghana","child_vitA","level","infill","raw_enet",1,75,"open,survey_public",75,0.366600284495021,0.358428664987255,0.101093013044997,0.0996284932567463,-0.00205377603379646,0.931918362183908,0.526315789473684
"Ghana","child_vitA","level","infill","spatial_plus_domain",1,75,"open,survey_public",75,0.321820768136558,0.406966722009725,0.0980270333546192,0.0923214869516504,0.00386284488682401,0.918451483950636,0.631578947368421
"Ghana","child_vitA","level","infill","domain_index_cal",1,75,"open,survey_public",75,0.2075106685633,0.33779917888528,0.101677402472995,0.0967721130410092,-0.00162692382976861,0.941279828189851,0.578947368421053
"Ghana","child_vitA","level","infill","region_mean_jk",1,75,"open,survey_public",75,0.333779182553435,0.367951551554374,0.106619018952708,0.105918930034985,0.00113265550991328,0.987152992776486,0.578947368421053
"Ghana","child_vitA","level","infill","null_train_mean",2,75,"open,survey_public",75,-0.101472328620077,-0.0873018917051422,0.103327439521589,0.0985714408645199,-5.35884993787169e-18,0.995437926708921,0.105263157894737
"Ghana","child_vitA","level","infill","spatial",2,75,"open,survey_public",75,0.312546230440967,0.41234149968691,0.0998942684739492,0.0936137662995846,0.00132131777503153,0.916334755689566,0.631578947368421
"Ghana","child_vitA","level","infill","domain_index",2,75,"open,survey_public",75,0.248620199146515,0.40221131269586,0.117852737482595,0.114242046565925,0.004024489371964,1.06230721157294,0.631578947368421
"Ghana","child_vitA","level","infill","domain_enet",2,75,"open,survey_public",75,0.281877667140825,0.388922806008962,0.0985990580137566,0.0936562781032997,0.00210956536094124,0.915239887917428,0.631578947368421
"Ghana","child_vitA","level","infill","raw_enet",2,75,"open,survey_public",75,0.417923186344239,0.461383599176946,0.0966613382436396,0.0923767733235407,0.00183246407414925,0.881380547871589,0.631578947368421
"Ghana","child_vitA","level","infill","spatial_plus_domain",2,75,"open,survey_public",75,0.320369843527738,0.413442755101965,0.100076001460775,0.0940619500774783,0.000138363754990677,0.915556635523234,0.631578947368421
"Ghana","child_vitA","level","infill","domain_index_cal",2,75,"open,survey_public",75,0.214736842105263,0.336980312420052,0.101065979330618,0.0957867120162455,0.00030256636856217,0.938413217852161,0.578947368421053
"Ghana","child_vitA","level","infill","region_mean_jk",2,75,"open,survey_public",75,0.390721538382387,0.38884991012235,0.107208734815924,0.105931550030921,0.00447004445154494,0.978667243252679,0.473684210526316
"Ghana","child_vitA","level","infill","null_train_mean",3,75,"open,survey_public",75,-0.216009763929434,-0.19985778354303,0.104309256441568,0.0994448176805352,-5.6324302860622e-19,1.00440783839951,0.105263157894737
"Ghana","child_vitA","level","infill","spatial",3,75,"open,survey_public",75,0.251977240398293,0.393036214773148,0.100544255939637,0.0965017352792898,-0.00874914873649587,0.926217556183415,0.578947368421053
"Ghana","child_vitA","level","infill","domain_index",3,75,"open,survey_public",75,0.287994310099573,0.439890472136278,0.117370016846278,0.116308266538907,-0.00086202577616808,1.0505270231887,0.631578947368421
"Ghana","child_vitA","level","infill","domain_enet",3,75,"open,survey_public",75,0.313371266002845,0.372736295870608,0.10021804583542,0.0986867206150342,-0.0026493679215087,0.939768317848875,0.631578947368421
"Ghana","child_vitA","level","infill","raw_enet",3,75,"open,survey_public",75,0.451778093883357,0.522230232214988,0.0930231131605751,0.0911436063950898,0.000927754289165177,0.853609693558532,0.631578947368421
"Ghana","child_vitA","level","infill","spatial_plus_domain",3,75,"open,survey_public",75,0.280199146514936,0.395791536348082,0.100771893252465,0.096746246705896,-0.00940283113357567,0.927083669464958,0.578947368421053
"Ghana","child_vitA","level","infill","domain_index_cal",3,75,"open,survey_public",75,0.237837837837838,0.407146333637895,0.0975961737717141,0.0928929148980404,-0.000725496397545695,0.907859550501995,0.631578947368421
"Ghana","child_vitA","level","infill","region_mean_jk",3,75,"open,survey_public",75,0.391294775431126,0.468228658589731,0.0988238227627804,0.097170219151698,0.000544433598503797,0.905358531149179,0.631578947368421
"Ghana","child_vitA","level","infill","null_train_mean",4,75,"open,survey_public",75,-0.239526955970138,-0.246075575474642,0.104665168272769,0.100067660356454,-6.85410025900076e-18,1.01008597974417,0.157894736842105
"Ghana","child_vitA","level","infill","spatial",4,75,"open,survey_public",75,0.35126600284495,0.368704530094369,0.100969944508713,0.0933305349053904,-0.00316311763374944,0.942408812711896,0.526315789473684
"Ghana","child_vitA","level","infill","domain_index",4,75,"open,survey_public",75,0.213428165007112,0.371891836941147,0.120578171974434,0.116718161129762,0.000222513482961321,1.09260782320332,0.526315789473684
"Ghana","child_vitA","level","infill","domain_enet",4,75,"open,survey_public",75,0.249132290184922,0.25828640286889,0.109685301083775,0.106961082063486,-0.00400237044967229,0.995222935866078,0.368421052631579
"Ghana","child_vitA","level","infill","raw_enet",4,75,"open,survey_public",75,0.304125177809388,0.297804234365541,0.1042951446873,0.100989984158298,-0.00288267887875692,0.951537239779883,0.526315789473684
"Ghana","child_vitA","level","infill","spatial_plus_domain",4,75,"open,survey_public",75,0.35126600284495,0.368704530094371,0.100969944508714,0.0933305349053914,-0.00316311763375187,0.942408812711894,0.526315789473684
"Ghana","child_vitA","level","infill","domain_index_cal",4,75,"open,survey_public",75,0.209473684210526,0.316421108031173,0.101513859133974,0.0959757126391162,-0.000769732839729826,0.949249339193322,0.526315789473684
"Ghana","child_vitA","level","infill","region_mean_jk",4,75,"open,survey_public",75,0.323985494219035,0.340246281330081,0.109797952821288,0.107243482643362,0.000850956409053563,0.996534354786434,0.368421052631579
"Ghana","child_vitA","level","infill","null_train_mean",5,75,"open,survey_public",75,-0.214703253260506,-0.244557876860239,0.103914930131243,0.0990936236317937,-1.66406963440317e-18,1.00988138648371,0.105263157894737
"Ghana","child_vitA","level","infill","spatial",5,75,"open,survey_public",75,0.311123755334282,0.440986734778329,0.0969755374246119,0.0906205900257849,0.00430914817379386,0.901592749877781,0.578947368421053
"Ghana","child_vitA","level","infill","domain_index",5,75,"open,survey_public",75,0.258890469416785,0.412072549323136,0.118983385105062,0.116461617241107,0.00273619692013101,1.06484544009088,0.526315789473684
"Ghana","child_vitA","level","infill","domain_enet",5,75,"open,survey_public",75,0.303499288762447,0.329739576509963,0.102792259218678,0.0987443353980757,0.000201870904619871,0.948057925209277,0.578947368421053
"Ghana","child_vitA","level","infill","raw_enet",5,75,"open,survey_public",75,0.307311522048364,0.34726905901341,0.102121908838035,0.0990991217497021,0.000256790014767328,0.93836443458055,0.526315789473684
"Ghana","child_vitA","level","infill","spatial_plus_domain",5,75,"open,survey_public",75,0.333911806543385,0.453853717147568,0.0959422321864865,0.0901245178945082,0.00500889510492439,0.893789309513311,0.578947368421053
"Ghana","child_vitA","level","infill","domain_index_cal",5,75,"open,survey_public",75,0.238435277382646,0.374132491037949,0.0995543786824425,0.0943704635131526,0.00122157783387761,0.923071723781738,0.473684210526316
"Ghana","child_vitA","level","infill","region_mean_jk",5,75,"open,survey_public",75,0.417619505398357,0.436377348065589,0.100074209760037,0.0980331808571274,0.000680388808587373,0.92473503702159,0.578947368421053
"Ghana","child_vitA","level","infill","null_train_mean",6,75,"open,survey_public",75,-0.245624005758469,-0.235909380572961,0.105238811850606,0.100170563237921,1.12947213069583e-17,1.00873892190158,0.210526315789474
"Ghana","child_vitA","level","infill","spatial",6,75,"open,survey_public",75,0.382048364153627,0.491448760433947,0.0923903487602921,0.0872815515362153,-0.0001576491895064,0.867987036652615,0.631578947368421
"Ghana","child_vitA","level","infill","domain_index",6,75,"open,survey_public",75,0.282816500711238,0.427074539485465,0.117965653803805,0.116045503539005,0.00221418234618821,1.04955245224267,0.578947368421053
"Ghana","child_vitA","level","infill","domain_enet",6,75,"open,survey_public",75,0.310156472261735,0.379224346638055,0.098501587634239,0.0945983361270698,0.00168763214961056,0.91923311909046,0.578947368421053
"Ghana","child_vitA","level","infill","raw_enet",6,75,"open,survey_public",75,0.423897581792319,0.449049422438181,0.096316034167762,0.0931140470598569,-0.00144231357712967,0.889752079499666,0.631578947368421
"Ghana","child_vitA","level","infill","spatial_plus_domain",6,75,"open,survey_public",75,0.401194879089616,0.493360526572062,0.0923160984502118,0.0872597040873436,0.000311159203395931,0.866640383622274,0.631578947368421
"Ghana","child_vitA","level","infill","domain_index_cal",6,75,"open,survey_public",75,0.244893314366999,0.393505114947681,0.0978552572825438,0.0930943344153534,0.000750339731143892,0.913686490643832,0.578947368421053
"Ghana","child_vitA","level","infill","region_mean_jk",6,75,"open,survey_public",75,0.454278996285484,0.484359531909674,0.0947080292368468,0.0945210530733668,0.000872764000618802,0.891608984437435,0.631578947368421
"Ghana","child_vitA","level","infill","null_train_mean",7,75,"open,survey_public",75,-0.2051221750217,-0.215853934943175,0.104408743293752,0.0998566024142256,4.62443849128432e-18,1.00624337908359,0.105263157894737
"Ghana","child_vitA","level","infill","spatial",7,75,"open,survey_public",75,0.388847795163585,0.464532017226168,0.0953942184903694,0.0910093878273347,8.26747180720766e-05,0.881419158513289,0.578947368421053
"Ghana","child_vitA","level","infill","domain_index",7,75,"open,survey_public",75,0.311948790896159,0.447231659893747,0.116488461641268,0.114655703885701,0.00116297955698038,1.04044217769453,0.578947368421053
"Ghana","child_vitA","level","infill","domain_enet",7,75,"open,survey_public",75,0.340284495021337,0.398836209354347,0.0991778189834904,0.0973152879606426,0.00174941703092671,0.912061042546607,0.578947368421053
"Ghana","child_vitA","level","infill","raw_enet",7,75,"open,survey_public",75,0.441820768136558,0.464604175314899,0.0972376494623914,0.0969129541042115,0.00326157389201985,0.880180327681058,0.578947368421053
"Ghana","child_vitA","level","infill","spatial_plus_domain",7,75,"open,survey_public",75,0.396273115220484,0.469103252210922,0.0947289430294016,0.0907102986346502,0.000631555874393545,0.879092790995025,0.578947368421053
"Ghana","child_vitA","level","infill","domain_index_cal",7,75,"open,survey_public",75,0.255761024182077,0.40085031713582,0.0986283173019297,0.0946280677843179,0.000310913585994734,0.91026978541612,0.473684210526316
"Ghana","child_vitA","level","infill","region_mean_jk",7,75,"open,survey_public",75,0.388018102214422,0.447194637875566,0.0990210633394455,0.0984805413795436,-0.00377678348505935,0.914241547811115,0.526315789473684
"Ghana","child_vitA","level","infill","null_train_mean",8,75,"open,survey_public",75,-0.156345776715054,-0.156215541637273,0.103899807957489,0.098963555647595,5.00183119749031e-18,1.00010524228247,0.157894736842105
"Ghana","child_vitA","level","infill","spatial",8,75,"open,survey_public",75,0.37172119487909,0.457313506963054,0.0951555380849513,0.0880016181316683,0.00238532664027584,0.890026862580286,0.631578947368421
"Ghana","child_vitA","level","infill","domain_index",8,75,"open,survey_public",75,0.283413940256045,0.422768930462741,0.118991794950219,0.116435557151083,0.00374469699011411,1.05967328698121,0.578947368421053
"Ghana","child_vitA","level","infill","domain_enet",8,75,"open,survey_public",75,0.377069701280228,0.382276404230446,0.0989099884120372,0.0934059460101249,0.00836987544618687,0.925334779958048,0.526315789473684
"Ghana","child_vitA","level","infill","raw_enet",8,75,"open,survey_public",75,0.397951635846373,0.415396522123495,0.103027453843639,0.100639434513481,0.00621166486331247,0.91008543273212,0.526315789473684
"Ghana","child_vitA","level","infill","spatial_plus_domain",8,75,"open,survey_public",75,0.382873399715505,0.459790686077647,0.094836763228235,0.0878526247880138,0.00272051967332816,0.888672728157027,0.631578947368421
"Ghana","child_vitA","level","infill","domain_index_cal",8,75,"open,survey_public",75,0.25049786628734,0.391437090829908,0.098293090291609,0.0928765947942108,0.00173600045738613,0.914759163426274,0.526315789473684
"Ghana","child_vitA","level","infill","region_mean_jk",8,75,"open,survey_public",75,0.475881522506083,0.475665515033482,0.0957759439417311,0.0927381422933334,0.00407905698988749,0.893208287871551,0.631578947368421
"Ghana","child_vitA","level","infill","null_train_mean",9,75,"open,survey_public",75,-0.209912714141103,-0.24291260564683,0.104957657604668,0.0994542194982653,-5.63965830054543e-19,1.00966097925331,0.105263157894737
"Ghana","child_vitA","level","infill","spatial",9,75,"open,survey_public",75,0.447368421052632,0.468523443382658,0.0950674614103686,0.0895332572596579,0.000352359062742534,0.882699740856758,0.631578947368421
"Ghana","child_vitA","level","infill","domain_index",9,75,"open,survey_public",75,0.339345661450925,0.453769192458214,0.114019082471569,0.111535105041463,0.000254717838115695,1.01486247395893,0.631578947368421
"Ghana","child_vitA","level","infill","domain_enet",9,75,"open,survey_public",75,0.364893314366999,0.378461984429916,0.100424238903762,0.0979721138958531,-0.00217943577665054,0.932470804760865,0.578947368421053
"Ghana","child_vitA","level","infill","raw_enet",9,75,"open,survey_public",75,0.426088193456614,0.468963587463186,0.0975990267135783,0.0953673077971042,-8.85583635503568e-05,0.878389034756432,0.578947368421053
"Ghana","child_vitA","level","infill","spatial_plus_domain",9,75,"open,survey_public",75,0.447368421052632,0.468523443382658,0.0950674614103685,0.0895332572596579,0.000352359062742351,0.882699740856758,0.631578947368421
"Ghana","child_vitA","level","infill","domain_index_cal",9,75,"open,survey_public",75,0.301735419630156,0.416807990617677,0.0970585860020834,0.0917679987006789,-0.000418723880758685,0.902923128588616,0.526315789473684
"Ghana","child_vitA","level","infill","region_mean_jk",9,75,"open,survey_public",75,0.429896861069688,0.46063732434314,0.101725813530929,0.100061777335674,0.0103487968784221,0.934901204958192,0.578947368421053
"Ghana","child_vitA","level","infill","null_train_mean",10,75,"open,survey_public",75,-0.206428685690628,-0.161576066237572,0.104033961328429,0.0993974104548947,5.63965830054543e-19,1.00057781038858,0.157894736842105
"Ghana","child_vitA","level","infill","spatial",10,75,"open,survey_public",75,0.403413940256045,0.49504120916026,0.0918507646263748,0.0871164314015044,-0.00151901654299343,0.864355457318023,0.631578947368421
"Ghana","child_vitA","level","infill","domain_index",10,75,"open,survey_public",75,0.295419630156472,0.450494784522808,0.115468660259609,0.11379054830247,0.00208780646316559,1.03110416614789,0.631578947368421
"Ghana","child_vitA","level","infill","domain_enet",10,75,"open,survey_public",75,0.361308677098151,0.391485730848844,0.0968015145869849,0.0958735983207328,-0.00251026090788196,0.915407632417384,0.578947368421053
"Ghana","child_vitA","level","infill","raw_enet",10,75,"open,survey_public",75,0.399374110953058,0.434983525908834,0.0969284102607022,0.0958028801173059,-0.00508118294524763,0.895286892977314,0.578947368421053
"Ghana","child_vitA","level","infill","spatial_plus_domain",10,75,"open,survey_public",75,0.419089615931721,0.502102576130601,0.0913027443051231,0.0868062135137899,-0.0010423825878922,0.859874215939516,0.631578947368421
"Ghana","child_vitA","level","infill","domain_index_cal",10,75,"open,survey_public",75,0.257211948790896,0.412083515454813,0.0955781012100142,0.090357315215364,-0.000754943221075663,0.905198614612303,0.631578947368421
"Ghana","child_vitA","level","infill","region_mean_jk",10,75,"open,survey_public",75,0.490807188323681,0.498112097676864,0.0944604496840316,0.09367273138682,0.00101519047436035,0.879683672645618,0.526315789473684
"Ghana","child_vitA","level","region","null_train_mean",1,75,"open,survey_public",75,-0.573884932594131,-0.60173038599419,0.105705044682369,0.100580032911278,8.04597750524888e-05,1.0293565932925,0.0526315789473684
"Ghana","child_vitA","level","region","spatial",1,75,"open,survey_public",75,0.269416785206259,0.283126555195571,0.103270348314536,0.0937492753677253,0.0108851762414386,1.0190710585796,0.578947368421053
"Ghana","child_vitA","level","region","domain_index",1,75,"open,survey_public",75,0.278435277382646,0.392892797512535,0.115626603316525,0.111105916875146,0.00709763140922083,1.05808358911428,0.526315789473684
"Ghana","child_vitA","level","region","domain_enet",1,75,"open,survey_public",75,0.12352773826458,0.0948257089612517,0.111327500918535,0.102346445806582,0.00787110281050829,1.05981162156494,0.315789473684211
"Ghana","child_vitA","level","region","raw_enet",1,75,"open,survey_public",75,0.39823613086771,0.345939731386413,0.0977379104943972,0.0928331573549718,0.00499999964604022,0.9339945359862,0.578947368421053
"Ghana","child_vitA","level","region","spatial_plus_domain",1,75,"open,survey_public",75,0.261337126600284,0.285740310621171,0.103168091714122,0.0936208433892329,0.0103089487400653,1.01728426214255,0.578947368421053
"Ghana","child_vitA","level","region","domain_index_cal",1,75,"open,survey_public",75,0.254964438122333,0.311970483393172,0.099746146903804,0.093653810065201,1.86470600513483e-05,0.945773664223564,0.526315789473684
"Ghana","women_vitA","prev","infill","null_train_mean",1,75,"open,survey_public",75,-0.139899688714026,-0.175553617576685,4.53994854806366,4.36265525980311,-4.63541603828073e-17,1.0018838515438,0.210526315789474
"Ghana","women_vitA","prev","infill","spatial",1,75,"open,survey_public",75,0.0985734890725564,0.0342837575246195,3.65619596729475,3.56786140944121,-1.79941900829328,1.0383644278348,0.263157894736842
"Ghana","women_vitA","prev","infill","domain_index",1,75,"open,survey_public",75,0.103892399756798,0.0013401299554194,4.32971129178183,4.28278538591297,-0.686127179732346,1.159819628095,0.315789473684211
"Ghana","women_vitA","prev","infill","domain_enet",1,75,"open,survey_public",75,-0.151371463188576,-0.16573985931803,3.61720243882052,3.53424078541604,-1.92895056919276,1.04599584980136,0.157894736842105
"Ghana","women_vitA","prev","infill","raw_enet",1,75,"open,survey_public",75,-0.0215900113362193,0.0343192164070611,3.63275717242838,3.56040535716577,-1.89409532932681,1.04196132231618,0.263157894736842
"Ghana","women_vitA","prev","infill","spatial_plus_domain",1,75,"open,survey_public",75,0.0985734890725564,0.0342837575246204,3.65619596729475,3.56786140944121,-1.79941900829328,1.0383644278348,0.263157894736842
"Ghana","women_vitA","prev","infill","domain_index_cal",1,75,"open,survey_public",75,0.00376527697922244,-0.0320414031057764,3.61979755282128,3.54060209091005,-1.92898331888384,1.04557011759249,0.263157894736842
"Ghana","women_vitA","prev","infill","region_mean_jk",1,75,"open,survey_public",75,-0.0613631732025762,-0.107304403954363,4.02256465862715,3.87368033458835,-1.49239599060674,1.08178570583239,0.157894736842105
"Ghana","women_vitA","prev","infill","null_train_mean",2,75,"open,survey_public",75,-0.18382819097023,-0.203523918135082,4.56894995683801,4.39644087856535,6.45642393715118e-17,1.00481633569629,0.157894736842105
"Ghana","women_vitA","prev","infill","spatial",2,75,"open,survey_public",75,0.0213670329549079,-0.029493419469138,3.68461478826603,3.56573712348953,-1.76989054609947,1.04336625587509,0.263157894736842
"Ghana","women_vitA","prev","infill","domain_index",2,75,"open,survey_public",75,0.0675556491029424,-0.0431738171154214,4.55689855273469,4.44952157432146,-0.324337132088131,1.19524119854347,0.263157894736842
"Ghana","women_vitA","prev","infill","domain_enet",2,75,"open,survey_public",75,-0.159979899620648,-0.179896830803419,3.63625462457359,3.55340948625875,-1.90847685106746,1.04646817012207,0.210526315789474
"Ghana","women_vitA","prev","infill","raw_enet",2,75,"open,survey_public",75,-0.0600524222770932,-0.044953298064678,3.62443608517714,3.53127756552932,-1.91409157582622,1.04532495442385,0.263157894736842
"Ghana","women_vitA","prev","infill","spatial_plus_domain",2,75,"open,survey_public",75,0.0213670329549079,-0.0294934194691379,3.68461478826603,3.56573712348953,-1.76989054609947,1.04336625587509,0.263157894736842
"Ghana","women_vitA","prev","infill","domain_index_cal",2,75,"open,survey_public",75,-0.0233958957932268,-0.0447184184340737,3.64319595242071,3.54818829207107,-1.87111960302582,1.04466963520865,0.263157894736842
"Ghana","women_vitA","prev","infill","region_mean_jk",2,75,"open,survey_public",75,-0.172455312080392,-0.176812101628547,4.04629548567811,3.81526161470227,-1.5277103013615,1.09809589766283,0.105263157894737
"Ghana","women_vitA","prev","infill","null_train_mean",3,75,"open,survey_public",75,-0.146055275017443,-0.169593782648216,4.5355555767293,4.31639065183209,1.47939386435647e-16,1.00131393929893,0.105263157894737
"Ghana","women_vitA","prev","infill","spatial",3,75,"open,survey_public",75,0.146443685230729,0.0644817680446421,3.6723460437018,3.55714863472533,-1.75429161707421,1.03479433131795,0.263157894736842
"Ghana","women_vitA","prev","infill","domain_index",3,75,"open,survey_public",75,0.0613776703700435,0.000783170453190997,4.58145534285889,4.42119591592139,-0.132109870519783,1.21526340500801,0.263157894736842
"Ghana","women_vitA","prev","infill","domain_enet",3,75,"open,survey_public",75,-0.13312356635606,-0.0143359822211222,3.6276626152726,3.53368572135337,-1.9137183507821,1.04460393543021,0.210526315789474
"Ghana","women_vitA","prev","infill","raw_enet",3,75,"open,survey_public",75,-0.0966343982613346,0.0269806602846767,3.61139727831142,3.51411348429253,-1.91910078885012,1.0434867441504,0.210526315789474
"Ghana","women_vitA","prev","infill","spatial_plus_domain",3,75,"open,survey_public",75,0.146443685230729,0.0644817680446397,3.6723460437018,3.55714863472533,-1.75429161707421,1.03479433131795,0.263157894736842
"Ghana","women_vitA","prev","infill","domain_index_cal",3,75,"open,survey_public",75,3.65560871769169e-05,0.0083232090913389,3.61814091823103,3.52185843365033,-1.90926901928309,1.04365413197803,0.263157894736842
"Ghana","women_vitA","prev","infill","region_mean_jk",3,75,"open,survey_public",75,-0.0735860421116701,-0.0512092434809336,3.86227996385423,3.73107406310837,-1.6154256524437,1.05238084083035,0.157894736842105
"Ghana","women_vitA","prev","infill","null_train_mean",4,75,"open,survey_public",75,-0.113598547235789,-0.18153938860282,4.53007474132937,4.33185486688373,-8.81366016049675e-17,1.00247571127813,0.263157894736842
"Ghana","women_vitA","prev","infill","spatial",4,75,"open,survey_public",75,0.137706780395446,0.00952487369828026,3.64931582814901,3.49828083325186,-1.76343310229721,1.0405984694208,0.263157894736842
"Ghana","women_vitA","prev","infill","domain_index",4,75,"open,survey_public",75,0.133265215803451,0.0683643313172763,4.10753443807421,3.88157007707049,-0.563299734334368,1.10634369729971,0.315789473684211
"Ghana","women_vitA","prev","infill","domain_enet",4,75,"open,survey_public",75,-0.240842939918916,-0.139927446093211,3.73817015076739,3.65344444182226,-1.81520939667441,1.05492087986165,0.157894736842105
"Ghana","women_vitA","prev","infill","raw_enet",4,75,"open,survey_public",75,-0.113598547235789,-0.179144423746699,3.61232453008757,3.52406693692686,-1.92956217262876,1.04580182337926,0.263157894736842
"Ghana","women_vitA","prev","infill","spatial_plus_domain",4,75,"open,survey_public",75,0.151762595914971,0.0231884865123892,3.65030577510499,3.49312161625235,-1.74576535010096,1.03845660584255,0.263157894736842
"Ghana","women_vitA","prev","infill","domain_index_cal",4,75,"open,survey_public",75,0.00310726741003794,-0.026342456466381,3.59838470566051,3.5014914528202,-1.9329280399649,1.04609931313118,0.315789473684211
"Ghana","women_vitA","prev","infill","region_mean_jk",4,75,"open,survey_public",75,0.0592071502282673,-0.0136316663019243,3.68816225945805,3.46490162896165,-1.75773872089608,1.04959132046505,0.210526315789474
"Ghana","women_vitA","prev","infill","null_train_mean",5,75,"open,survey_public",75,-0.111080352838936,-0.141425683901126,4.52646440841823,4.31998725565839,-5.04786461473043e-17,0.998883049222379,0.210526315789474
"Ghana","women_vitA","prev","infill","spatial",5,75,"open,survey_public",75,0.155911711809551,0.0697940689876693,3.6233445361282,3.52732861569587,-1.7979242125812,1.03555261372677,0.263157894736842
"Ghana","women_vitA","prev","infill","domain_index",5,75,"open,survey_public",75,0.0902569792398078,-0.022149963788434,4.48465188639565,4.36307541866081,-0.383466885993991,1.17911373026024,0.210526315789474
"Ghana","women_vitA","prev","infill","domain_enet",5,75,"open,survey_public",75,-0.157371402110327,-0.0656803783303681,3.64137839633113,3.54835062231332,-1.89649721344207,1.0449611011305,0.210526315789474
"Ghana","women_vitA","prev","infill","raw_enet",5,75,"open,survey_public",75,-0.0820864441292244,-0.128320733325619,3.63584470360192,3.54269401314429,-1.91427211439571,1.04868280751169,0.263157894736842
"Ghana","women_vitA","prev","infill","spatial_plus_domain",5,75,"open,survey_public",75,0.155911711809551,0.0697940689876682,3.6233445361282,3.52732861569587,-1.7979242125812,1.03555261372677,0.263157894736842
"Ghana","women_vitA","prev","infill","domain_index_cal",5,75,"open,survey_public",75,-0.0158653418347819,-0.0733800199730987,3.64411789779214,3.55275964014074,-1.89920043126908,1.0459779765208,0.210526315789474
"Ghana","women_vitA","prev","infill","region_mean_jk",5,75,"open,survey_public",75,-0.0137251060767897,-0.0981652889474425,3.7892299831672,3.65388665731461,-1.728528815884,1.05946730403118,0.157894736842105
"Ghana","women_vitA","prev","infill","null_train_mean",6,75,"open,survey_public",75,-0.238668868946128,-0.258313126736116,4.57333535947795,4.3465970253945,1.47939386435647e-16,1.01178031919888,0.0526315789473684
"Ghana","women_vitA","prev","infill","spatial",6,75,"open,survey_public",75,0.108187740000086,0.0803465208589306,3.63145676592529,3.52223472741763,-1.83630047217201,1.03656135446081,0.263157894736842
"Ghana","women_vitA","prev","infill","domain_index",6,75,"open,survey_public",75,0.0940770903497956,0.077466368435922,4.37532490353445,4.27715379964986,-0.111037124290241,1.16112897614983,0.421052631578947
"Ghana","women_vitA","prev","infill","domain_enet",6,75,"open,survey_public",75,-0.0904856430552257,-0.104708288926423,3.73165681875127,3.63758121599836,-1.82184879271955,1.05264800704393,0.157894736842105
"Ghana","women_vitA","prev","infill","raw_enet",6,75,"open,survey_public",75,-0.24118706334298,-0.235726482695137,3.63170192486735,3.53717210388254,-1.92624500925422,1.04815481084375,0.0526315789473684
"Ghana","women_vitA","prev","infill","spatial_plus_domain",6,75,"open,survey_public",75,0.108187740000086,0.0803465208425737,3.63145676593861,3.52223472742665,-1.8363004721454,1.03656135446079,0.263157894736842
"Ghana","women_vitA","prev","infill","domain_index_cal",6,75,"open,survey_public",75,-0.098993884075091,-0.0785737954564202,3.63827943025605,3.54705549852798,-1.90324242114787,1.04634605517523,0.263157894736842
"Ghana","women_vitA","prev","infill","region_mean_jk",6,75,"open,survey_public",75,-0.0406485346489943,-0.0103305561513254,3.80283386511183,3.64970967209951,-1.63428882166106,1.04344562856136,0.157894736842105
"Ghana","women_vitA","prev","infill","null_train_mean",7,75,"open,survey_public",75,-0.148573469414295,-0.289702092809185,4.55910963449317,4.35422218453832,-5.58364118830035e-17,1.01648724517205,0.105263157894737
"Ghana","women_vitA","prev","infill","spatial",7,75,"open,survey_public",75,0.0229389447035154,-0.101172750173735,3.77470361602167,3.64994451188861,-1.72255798741283,1.05648430664536,0.157894736842105
"Ghana","women_vitA","prev","infill","domain_index",7,75,"open,survey_public",75,0.126374393370602,-0.012061728840852,4.53127477428199,4.41614894158414,-0.108653599356771,1.27067670678121,0.421052631578947
"Ghana","women_vitA","prev","infill","domain_enet",7,75,"open,survey_public",75,-0.208259945964595,-0.210945727937313,3.64441358469194,3.55984577051856,-1.91508892953901,1.04933040866801,0.105263157894737
"Ghana","women_vitA","prev","infill","raw_enet",7,75,"open,survey_public",75,-0.156883715622227,-0.179766102314411,3.69774424539704,3.5979488103833,-1.87721385199983,1.05532966378007,0.0526315789473684
"Ghana","women_vitA","prev","infill","spatial_plus_domain",7,75,"open,survey_public",75,0.0325166395438676,-0.0985368851930467,3.76571331410918,3.6392090004372,-1.72524093860694,1.05628348867573,0.157894736842105
"Ghana","women_vitA","prev","infill","domain_index_cal",7,75,"open,survey_public",75,-0.0503925661733799,-0.15839406221892,3.67270057711351,3.57182497970216,-1.87565949669405,1.0513715660852,0.210526315789474
"Ghana","women_vitA","prev","infill","region_mean_jk",7,75,"open,survey_public",75,-0.00733122389789583,-0.123955038602161,3.89111954450977,3.71709634440198,-1.62922962512133,1.08793008815213,0.210526315789474
"Ghana","women_vitA","prev","infill","null_train_mean",8,75,"open,survey_public",75,-0.224678900074725,-0.223666618689262,4.56900281980543,4.35897443765768,5.58364118830035e-17,1.00718991080232,0.157894736842105
"Ghana","women_vitA","prev","infill","spatial",8,75,"open,survey_public",75,0.069931794769442,0.00936267638274599,3.67298092738054,3.56119559572903,-1.75881714731482,1.03923911307883,0.315789473684211
"Ghana","women_vitA","prev","infill","domain_index",8,75,"open,survey_public",75,0.170662092985437,0.0747086553515726,4.0489572450799,3.86668556396086,-0.545424450758654,1.11575818862948,0.315789473684211
"Ghana","women_vitA","prev","infill","domain_enet",8,75,"open,survey_public",75,-0.224678900074725,-0.220153475034478,3.62653245132769,3.53411638207809,-1.92706408715654,1.04752129078525,0.157894736842105
"Ghana","women_vitA","prev","infill","raw_enet",8,75,"open,survey_public",75,-0.0767762337589573,-0.0692392728378324,3.64362692405758,3.55566613190629,-1.87787935473108,1.04437405665731,0.263157894736842
"Ghana","women_vitA","prev","infill","spatial_plus_domain",8,75,"open,survey_public",75,0.069931794769442,0.00936267638755315,3.67298092739825,3.56119559574508,-1.75881714727479,1.03923911307641,0.315789473684211
"Ghana","women_vitA","prev","infill","domain_index_cal",8,75,"open,survey_public",75,-0.0413632126406815,-0.0501719514147041,3.6214480331722,3.52733025565287,-1.91259605557507,1.04477976186527,0.315789473684211
"Ghana","women_vitA","prev","infill","region_mean_jk",8,75,"open,survey_public",75,0.0328230164801187,-0.0227963058937737,3.80240471415619,3.68345193747381,-1.61656790490665,1.04779286335048,0.210526315789474
"Ghana","women_vitA","prev","infill","null_train_mean",9,75,"open,survey_public",75,-0.179071601553953,-0.26428219698316,4.55598522589898,4.31131832139508,-4.39553630761832e-18,1.01263551481671,0.157894736842105
"Ghana","women_vitA","prev","infill","spatial",9,75,"open,survey_public",75,0.164776562949953,0.171955319866284,3.6043307447758,3.48995657264029,-1.82329431920005,1.02907908254595,0.315789473684211
"Ghana","women_vitA","prev","infill","domain_index",9,75,"open,survey_public",75,0.14832632372034,0.165230824226694,3.957365433827,3.8269003895578,-0.500327011564052,1.05481384858876,0.421052631578947
"Ghana","women_vitA","prev","infill","domain_enet",9,75,"open,survey_public",75,-0.0578373529123424,-0.0483214353776112,3.64529336591184,3.52143487789613,-1.85833164692653,1.04544893774499,0.157894736842105
"Ghana","women_vitA","prev","infill","raw_enet",9,75,"open,survey_public",75,-0.26870752995967,-0.16961483800871,3.6480833833642,3.54481796850832,-1.93557683690453,1.05110633024846,0.105263157894737
"Ghana","women_vitA","prev","infill","spatial_plus_domain",9,75,"open,survey_public",75,0.164776562949953,0.171955319866282,3.6043307447758,3.48995657264029,-1.82329431920005,1.02907908254595,0.315789473684211
"Ghana","women_vitA","prev","infill","domain_index_cal",9,75,"open,survey_public",75,-0.109138198266685,-0.122740179492366,3.63590444006249,3.53508636994736,-1.92972323780695,1.0491971197215,0.157894736842105
"Ghana","women_vitA","prev","infill","region_mean_jk",9,75,"open,survey_public",75,0.0159268054078038,-0.0853475929962451,4.44324685190087,4.2529001924421,-0.879714091578137,1.2302318211691,0.210526315789474
"Ghana","women_vitA","prev","infill","null_train_mean",10,75,"open,survey_public",75,-0.0626750605438835,-0.121535017123942,4.51590816456078,4.31100816122734,3.22414621042877e-17,0.99742891409946,0.210526315789474
"Ghana","women_vitA","prev","infill","spatial",10,75,"open,survey_public",75,0.159731822919538,-0.0226897200209777,3.65451078431266,3.55239623900708,-1.83803308367533,1.04662476990627,0.263157894736842
"Ghana","women_vitA","prev","infill","domain_index",10,75,"open,survey_public",75,0.192705413553117,0.0358691826088467,4.45887052126966,4.41778441892469,-0.186698015130467,1.2543302689737,0.421052631578947
"Ghana","women_vitA","prev","infill","domain_enet",10,75,"open,survey_public",75,-0.086737807002696,-0.0974587145925168,3.61068317178992,3.5233693268096,-1.93009768447709,1.0449408551517,0.157894736842105
"Ghana","women_vitA","prev","infill","raw_enet",10,75,"open,survey_public",75,-0.0727807237332361,-0.00709065716046451,3.64012855163968,3.5627165724226,-1.90793784867374,1.04509002383527,0.105263157894737
"Ghana","women_vitA","prev","infill","spatial_plus_domain",10,75,"open,survey_public",75,0.159731822919538,-0.0226897200209775,3.65451078431266,3.55239623900708,-1.83803308367533,1.04662476990627,0.263157894736842
"Ghana","women_vitA","prev","infill","domain_index_cal",10,75,"open,survey_public",75,-0.0367754236999784,-0.132232322261993,3.64701724404942,3.56661351996491,-1.9245577277537,1.0509169932823,0.210526315789474
"Ghana","women_vitA","prev","infill","region_mean_jk",10,75,"open,survey_public",75,0.0234670748893497,-0.0144992989149865,3.71875783646968,3.58857406465747,-1.74010780282126,1.04405919825195,0.210526315789474
"Ghana","women_vitA","prev","region","null_train_mean",1,75,"open,survey_public",75,-0.3342528732687,-0.367434754930681,4.5616258200487,4.37519414428796,-0.0221113100876521,1.0083939900771,0.105263157894737
"Ghana","women_vitA","prev","region","spatial",1,75,"open,survey_public",75,0.057411334911348,0.029174745599177,3.64327158807196,3.53518388202021,-1.79814255606414,1.03883685865281,0.315789473684211
"Ghana","women_vitA","prev","region","domain_index",1,75,"open,survey_public",75,0.114402274820161,-0.016016036694112,3.87786400772565,3.79761923075572,-1.40701893458882,1.10204657544178,0.263157894736842
"Ghana","women_vitA","prev","region","domain_enet",1,75,"open,survey_public",75,-0.287114876365216,-0.267243573302808,3.62633817929966,3.54880553659063,-1.9606437293844,1.05131120886079,0.157894736842105
"Ghana","women_vitA","prev","region","raw_enet",1,75,"open,survey_public",75,-0.275062731577959,-0.184760314943161,3.60855807431235,3.53116893148138,-1.96115953903798,1.04882386891464,0.105263157894737
"Ghana","women_vitA","prev","region","spatial_plus_domain",1,75,"open,survey_public",75,0.057411334911348,0.0291747455991784,3.64327158807196,3.53518388202021,-1.79814255606414,1.03883685865281,0.315789473684211
"Ghana","women_vitA","prev","region","domain_index_cal",1,75,"open,survey_public",75,-0.180239787825789,-0.14218508947754,3.60718048102005,3.52682083434948,-1.97301814341419,1.05005312977416,0.263157894736842
"Ghana","women_vitA","level","infill","null_train_mean",1,75,"open,survey_public",75,-0.162878330059694,-0.179323216891031,0.136728008523493,0.133351791969935,4.04895301314712e-18,1.00225430885137,0.157894736842105
"Ghana","women_vitA","level","infill","spatial",1,75,"open,survey_public",75,0.412318634423898,0.448236637569226,0.1183645505358,0.116690938403697,0.00638131517629557,0.902085329871663,0.526315789473684
"Ghana","women_vitA","level","infill","domain_index",1,75,"open,survey_public",75,0.468193456614509,0.466659273331449,0.134014079600617,0.129992408054414,-0.00554900483293927,1.01001733220781,0.368421052631579
"Ghana","women_vitA","level","infill","domain_enet",1,75,"open,survey_public",75,0.346685633001422,0.337542019075487,0.127492742524238,0.124672449405938,0.00183184276231592,0.951415667076007,0.368421052631579
"Ghana","women_vitA","level","infill","raw_enet",1,75,"open,survey_public",75,0.467396870554765,0.436692957840896,0.118006060520914,0.116249989483345,-0.00292352793016762,0.893774906234124,0.473684210526316
"Ghana","women_vitA","level","infill","spatial_plus_domain",1,75,"open,survey_public",75,0.412318634423898,0.448236637569225,0.1183645505358,0.116690938403698,0.00638131517629493,0.902085329871664,0.526315789473684
"Ghana","women_vitA","level","infill","domain_index_cal",1,75,"open,survey_public",75,0.426799431009957,0.429958325869176,0.117375351970069,0.113834215092577,-0.000710973774399607,0.898035408900948,0.368421052631579
"Ghana","women_vitA","level","infill","region_mean_jk",1,75,"open,survey_public",75,0.352205478120265,0.395028256558458,0.124603228848025,0.122563005278589,0.00150376470668102,0.952473761266818,0.368421052631579
"Ghana","women_vitA","level","infill","null_train_mean",2,75,"open,survey_public",75,-0.277415765369051,-0.239060268325116,0.137186642937752,0.133472789468327,-8.54062191339248e-18,1.00915053994265,0.105263157894737
"Ghana","women_vitA","level","infill","spatial",2,75,"open,survey_public",75,0.413627311522048,0.489982930714248,0.11536668044885,0.112759533017497,-0.000284823100237345,0.868149654775456,0.526315789473684
"Ghana","women_vitA","level","infill","domain_index",2,75,"open,survey_public",75,0.406315789473684,0.445939835133766,0.137780732771502,0.135116079121543,0.00119161142009148,1.01882204539752,0.421052631578947
"Ghana","women_vitA","level","infill","domain_enet",2,75,"open,survey_public",75,0.292091038406828,0.284806075370909,0.130962508526976,0.130069052292047,0.0107474407481846,0.98173746994468,0.315789473684211
"Ghana","women_vitA","level","infill","raw_enet",2,75,"open,survey_public",75,0.359914651493599,0.404274733837882,0.121244931667711,0.119500559054423,0.00067199941646393,0.910772303639981,0.368421052631579
"Ghana","women_vitA","level","infill","spatial_plus_domain",2,75,"open,survey_public",75,0.413627311522048,0.489982930714247,0.11536668044885,0.112759533017497,-0.00028482310023735,0.868149654775456,0.526315789473684
"Ghana","women_vitA","level","infill","domain_index_cal",2,75,"open,survey_public",75,0.380796586059744,0.413666557661055,0.120214325215479,0.115847886788088,-0.00198482077651771,0.905318836756833,0.421052631578947
"Ghana","women_vitA","level","infill","region_mean_jk",2,75,"open,survey_public",75,0.277145321969587,0.31730070937267,0.132351466763459,0.131427067822228,3.04457900521747e-05,1.01470153731562,0.263157894736842
"Ghana","women_vitA","level","infill","null_train_mean",3,75,"open,survey_public",75,-0.16549135139755,-0.117636724265743,0.13563117809474,0.132369294206199,1.44113959770394e-17,0.997169483114045,0.157894736842105
"Ghana","women_vitA","level","infill","spatial",3,75,"open,survey_public",75,0.416614509246088,0.476648039946644,0.117614259510758,0.114333344040401,0.00627058283971977,0.885517488204852,0.526315789473684
"Ghana","women_vitA","level","infill","domain_index",3,75,"open,survey_public",75,0.455761024182077,0.488498701551995,0.136680607046197,0.133683778525584,0.0034335489078671,1.00961238878944,0.473684210526316
"Ghana","women_vitA","level","infill","domain_enet",3,75,"open,survey_public",75,0.306372688477952,0.302844924618288,0.13152477320317,0.128947268266875,0.00418773281743429,0.978311342491856,0.263157894736842
"Ghana","women_vitA","level","infill","raw_enet",3,75,"open,survey_public",75,0.429331436699858,0.409839174450471,0.123780114183622,0.123814688321962,0.00311576434216461,0.909497779828717,0.421052631578947
"Ghana","women_vitA","level","infill","spatial_plus_domain",3,75,"open,survey_public",75,0.42054054054054,0.479047927822325,0.11724959873434,0.113836441978508,0.00633988821561021,0.884785830895989,0.526315789473684
"Ghana","women_vitA","level","infill","domain_index_cal",3,75,"open,survey_public",75,0.437695590327169,0.455984290785522,0.118859534017349,0.115113677786698,0.00278675856313228,0.885262897275476,0.473684210526316
"Ghana","women_vitA","level","infill","region_mean_jk",3,75,"open,survey_public",75,0.324888494815232,0.370836283287525,0.129021905167522,0.126113911994092,-0.00148209601262928,0.993526916291707,0.421052631578947
"Ghana","women_vitA","level","infill","null_train_mean",4,75,"open,survey_public",75,-0.179427465199449,-0.19038871603501,0.136517669474748,0.132821273802182,3.3454865035661e-18,1.00338638157942,0.157894736842105
"Ghana","women_vitA","level","infill","spatial",4,75,"open,survey_public",75,0.459203413940256,0.524506656010841,0.111315219760613,0.106842797734335,-0.000444677858751319,0.848939995217726,0.526315789473684
"Ghana","women_vitA","level","infill","domain_index",4,75,"open,survey_public",75,0.483157894736842,0.521110021156457,0.129040686045863,0.125499979907344,-0.00212627361619821,0.962884838014174,0.473684210526316
"Ghana","women_vitA","level","infill","domain_enet",4,75,"open,survey_public",75,0.42054054054054,0.405362275502546,0.119278848075338,0.11542881665127,-0.0044608490939724,0.912608989976613,0.473684210526316
"Ghana","women_vitA","level","infill","raw_enet",4,75,"open,survey_public",75,0.430526315789474,0.497922652568554,0.113582749044238,0.112154369191374,-0.00182365932149719,0.861551190677621,0.473684210526316
"Ghana","women_vitA","level","infill","spatial_plus_domain",4,75,"open,survey_public",75,0.46176386913229,0.524868227410081,0.111473470912607,0.106899200614928,-0.000927786091185695,0.848716308521253,0.526315789473684
"Ghana","women_vitA","level","infill","domain_index_cal",4,75,"open,survey_public",75,0.476045519203414,0.503571188680271,0.113181663237382,0.108729563247177,-0.00156889005359323,0.858793036630694,0.526315789473684
"Ghana","women_vitA","level","infill","region_mean_jk",4,75,"open,survey_public",75,0.354256398950153,0.425501965811971,0.123634886316929,0.120588648960776,-0.00553217656723647,0.947662024073894,0.421052631578947
"Ghana","women_vitA","level","infill","null_train_mean",5,75,"open,survey_public",75,-0.116279449534594,-0.115813070612293,0.135151364111238,0.131864329571661,3.3454865035661e-18,0.99705100021606,0.210526315789474
"Ghana","women_vitA","level","infill","spatial",5,75,"open,survey_public",75,0.46475106685633,0.525728744954518,0.114954890152447,0.11139914491678,0.00813719884320363,0.855584925949014,0.526315789473684
"Ghana","women_vitA","level","infill","domain_index",5,75,"open,survey_public",75,0.489160739687055,0.531148602631618,0.127843956828722,0.125717404752769,0.0036290834174186,0.950760929107226,0.473684210526316
"Ghana","women_vitA","level","infill","domain_enet",5,75,"open,survey_public",75,0.350355618776671,0.364101263828722,0.124705943926452,0.123435358325216,0.00551757277904261,0.939530551162623,0.421052631578947
"Ghana","women_vitA","level","infill","raw_enet",5,75,"open,survey_public",75,0.465832147937411,0.48261135942101,0.116980740337662,0.115356868078719,0.00224257277399479,0.870081549738833,0.421052631578947
"Ghana","women_vitA","level","infill","spatial_plus_domain",5,75,"open,survey_public",75,0.465120910384068,0.526552794489495,0.11486117471761,0.111307889186488,0.00800278530939753,0.854971899057909,0.526315789473684
"Ghana","women_vitA","level","infill","domain_index_cal",5,75,"open,survey_public",75,0.479971550497866,0.517826529857722,0.111103369096645,0.106668432890609,0.00113455136503771,0.851085446606545,0.473684210526316
"Ghana","women_vitA","level","infill","region_mean_jk",5,75,"open,survey_public",75,0.413891268025645,0.487473095552996,0.11486356952127,0.113342327166733,0.00595140852358477,0.896218649788317,0.473684210526316
"Ghana","women_vitA","level","infill","null_train_mean",6,75,"open,survey_public",75,-0.0879717183744871,-0.0589372682875615,0.135130172530074,0.131581203337902,4.04895301314712e-18,0.994280903744456,0.157894736842105
"Ghana","women_vitA","level","infill","spatial",6,75,"open,survey_public",75,0.424438122332859,0.487747082434241,0.116528889490881,0.113269107585672,0.00224770315019646,0.877273495554149,0.526315789473684
"Ghana","women_vitA","level","infill","domain_index",6,75,"open,survey_public",75,0.453371266002845,0.492609469067385,0.129498686590974,0.125747946616807,0.00712746244018353,0.974258490882345,0.473684210526316
"Ghana","women_vitA","level","infill","domain_enet",6,75,"open,survey_public",75,0.39027027027027,0.408720112072344,0.121138835321477,0.118801529378889,0.0072235098441062,0.909193438947004,0.473684210526316
"Ghana","women_vitA","level","infill","raw_enet",6,75,"open,survey_public",75,0.41049786628734,0.421839158743667,0.121656229502973,0.119478677925475,0.00591119846431447,0.902539092767108,0.526315789473684
"Ghana","women_vitA","level","infill","spatial_plus_domain",6,75,"open,survey_public",75,0.424438122332859,0.487747082434241,0.116528889490881,0.113269107585672,0.00224770315019647,0.877273495554149,0.526315789473684
"Ghana","women_vitA","level","infill","domain_index_cal",6,75,"open,survey_public",75,0.456159317211949,0.489498026094145,0.114934508114543,0.110916237820884,0.00328867361616182,0.866741029042987,0.473684210526316
"Ghana","women_vitA","level","infill","region_mean_jk",6,75,"open,survey_public",75,0.269459562512903,0.373103152910057,0.126917063693757,0.124559091507315,0.0112733926229755,0.967193364200006,0.421052631578947
"Ghana","women_vitA","level","infill","null_train_mean",7,75,"open,survey_public",75,-0.132828584674349,-0.0932685477484692,0.13548836338811,0.132022356058838,3.34404090066946e-18,0.995738230598872,0.105263157894737
"Ghana","women_vitA","level","infill","spatial",7,75,"open,survey_public",75,0.502162162162162,0.509471331671704,0.112272176904501,0.109967029922782,0.00189390133231182,0.860334513334179,0.526315789473684
"Ghana","women_vitA","level","infill","domain_index",7,75,"open,survey_public",75,0.484864864864865,0.517184682109183,0.127919484349403,0.124891595706681,-0.00115946827431428,0.970921119291002,0.473684210526316
"Ghana","women_vitA","level","infill","domain_enet",7,75,"open,survey_public",75,0.447453769559033,0.450329363793064,0.114430304915354,0.112177813549509,0.00126021990570017,0.886953853902134,0.421052631578947
"Ghana","women_vitA","level","infill","raw_enet",7,75,"open,survey_public",75,0.492233285917496,0.516941179388328,0.115212435554958,0.113555512309846,0.00113019274951468,0.853789667623655,0.421052631578947
"Ghana","women_vitA","level","infill","spatial_plus_domain",7,75,"open,survey_public",75,0.502844950213371,0.510760561386901,0.112190296802153,0.109796204759772,0.00187573141412981,0.859402948078406,0.526315789473684
"Ghana","women_vitA","level","infill","domain_index_cal",7,75,"open,survey_public",75,0.466884779516358,0.503572846931417,0.113270324077974,0.109474376363824,0.000679519464638679,0.858609657486991,0.526315789473684
"Ghana","women_vitA","level","infill","region_mean_jk",7,75,"open,survey_public",75,0.414514955785525,0.465239799001399,0.115581499891339,0.114871176658319,-0.00762788306066273,0.906980055326724,0.315789473684211
"Ghana","women_vitA","level","infill","null_train_mean",8,75,"open,survey_public",75,-0.272625226249648,-0.260193742886458,0.138479602092456,0.134577913359637,4.04895301314712e-18,1.01204772698542,0.105263157894737
"Ghana","women_vitA","level","infill","spatial",8,75,"open,survey_public",75,0.423812233285917,0.454271618571826,0.120271119330074,0.117478214508957,0.00451709582784725,0.899734037072805,0.526315789473684
"Ghana","women_vitA","level","infill","domain_index",8,75,"open,survey_public",75,0.47923186344239,0.505046158785238,0.129343794678584,0.124907531113233,-0.00193818962595198,0.974888226049908,0.473684210526316
"Ghana","women_vitA","level","infill","domain_enet",8,75,"open,survey_public",75,0.26674253200569,0.262637757114959,0.128759645482279,0.124016616464034,-1.85663152072622e-05,0.982247963590366,0.315789473684211
"Ghana","women_vitA","level","infill","raw_enet",8,75,"open,survey_public",75,0.421792318634424,0.453280100852632,0.116872617501011,0.113917616130332,-0.0012126746931644,0.885447524945805,0.368421052631579
"Ghana","women_vitA","level","infill","spatial_plus_domain",8,75,"open,survey_public",75,0.396813655761024,0.429759728900492,0.122490184298286,0.118656305858657,0.00585292418357191,0.918768567776246,0.526315789473684
"Ghana","women_vitA","level","infill","domain_index_cal",8,75,"open,survey_public",75,0.437155049786629,0.465714772755776,0.115438693858278,0.111517253131263,-0.00059355646818329,0.879022953795815,0.421052631578947
"Ghana","women_vitA","level","infill","region_mean_jk",8,75,"open,survey_public",75,0.338982343937999,0.37223713889357,0.124981175128112,0.122191866471111,0.0102171957801184,0.955441039482255,0.421052631578947
"Ghana","women_vitA","level","infill","null_train_mean",9,75,"open,survey_public",75,-0.326627667232007,-0.354326099148391,0.139835938720155,0.135620626159127,-1.88783992778607e-17,1.02778657467642,0.105263157894737
"Ghana","women_vitA","level","infill","spatial",9,75,"open,survey_public",75,0.394196301564723,0.445865918707175,0.117981699906218,0.113657176052678,0.00621319183195376,0.905996143487108,0.526315789473684
"Ghana","women_vitA","level","infill","domain_index",9,75,"open,survey_public",75,0.458293029871977,0.470813400264857,0.133670222842298,0.129728395785966,0.00118347285339381,1.00737032885422,0.421052631578947
"Ghana","women_vitA","level","infill","domain_enet",9,75,"open,survey_public",75,0.258463726884779,0.233450352007489,0.132629837368071,0.129374330151317,0.00695310882782427,0.995688980455873,0.210526315789474
"Ghana","women_vitA","level","infill","raw_enet",9,75,"open,survey_public",75,0.335533428165007,0.312908546693857,0.127239456091084,0.125246911584319,0.00810334757788705,0.953995564778269,0.210526315789474
"Ghana","women_vitA","level","infill","spatial_plus_domain",9,75,"open,survey_public",75,0.396301564722617,0.445906536511601,0.118061026650213,0.113729081211553,0.00600791820926714,0.905945487852957,0.526315789473684
"Ghana","women_vitA","level","infill","domain_index_cal",9,75,"open,survey_public",75,0.40475106685633,0.400736090117419,0.120171255580856,0.115696148957803,0.000390403156113256,0.913326383509777,0.315789473684211
"Ghana","women_vitA","level","infill","region_mean_jk",9,75,"open,survey_public",75,0.204411254485653,0.26892554439418,0.142348533501624,0.140813035524697,0.0231005044368634,1.05165399991072,0.421052631578947
"Ghana","women_vitA","level","infill","null_train_mean",10,75,"open,survey_public",75,-0.14589369136363,-0.197849844751696,0.136111890212129,0.132729219536015,-8.53628510470254e-18,1.00418718277996,0.105263157894737
"Ghana","women_vitA","level","infill","spatial",10,75,"open,survey_public",75,0.456927453769559,0.46789689034317,0.117786435598637,0.114201255735886,-0.00511467251210858,0.887619913171772,0.526315789473684
"Ghana","women_vitA","level","infill","domain_index",10,75,"open,survey_public",75,0.49448079658606,0.51667050453442,0.128464695223768,0.125529429389667,-0.00275280860868917,0.964311960921255,0.421052631578947
"Ghana","women_vitA","level","infill","domain_enet",10,75,"open,survey_public",75,0.399914651493599,0.35741008801125,0.121611954481847,0.119293650472233,0.00198396887786157,0.932458735103259,0.368421052631579
"Ghana","women_vitA","level","infill","raw_enet",10,75,"open,survey_public",75,0.498378378378378,0.481014664528691,0.114846286289056,0.113053969810449,-0.00116760528745408,0.871239909577437,0.421052631578947
"Ghana","women_vitA","level","infill","spatial_plus_domain",10,75,"open,survey_public",75,0.454224751066856,0.467204419035297,0.117841115468742,0.114378647932392,-0.00562674210755934,0.888555209927789,0.526315789473684
"Ghana","women_vitA","level","infill","domain_index_cal",10,75,"open,survey_public",75,0.466856330014225,0.482184547000689,0.114076992208007,0.11066853731517,-0.00336514048583496,0.870632111398267,0.421052631578947
"Ghana","women_vitA","level","infill","region_mean_jk",10,75,"open,survey_public",75,0.36704522494731,0.380957378180756,0.125285105573286,0.122562467061918,0.00124999610260364,0.956972304858414,0.473684210526316
"Ghana","women_vitA","level","region","null_train_mean",1,75,"open,survey_public",75,-0.551141540279032,-0.567124766263683,0.138633091126767,0.134990633660328,-7.47523201163909e-05,1.02774993915195,0.0526315789473684
"Ghana","women_vitA","level","region","spatial",1,75,"open,survey_public",75,0.506600284495021,0.478415053862425,0.116202584986493,0.112390850615161,-0.00529412822073339,0.883688870824103,0.526315789473684
"Ghana","women_vitA","level","region","domain_index",1,75,"open,survey_public",75,0.455448079658606,0.501448791236906,0.122477431389756,0.118946497587363,-0.0158963628564018,0.935875828427144,0.473684210526316
"Ghana","women_vitA","level","region","domain_enet",1,75,"open,survey_public",75,0.398918918918919,0.358685294288371,0.119086012158931,0.113851948588533,-0.000443300503587919,0.932845310551851,0.263157894736842
"Ghana","women_vitA","level","region","raw_enet",1,75,"open,survey_public",75,0.486571834992888,0.470711065102809,0.119826583625316,0.117428251160266,0.000967715673389143,0.879769735841194,0.421052631578947
"Ghana","women_vitA","level","region","spatial_plus_domain",1,75,"open,survey_public",75,0.504836415362731,0.480317963174389,0.115777767106147,0.111891966176862,-0.00615945218705605,0.882361583596684,0.526315789473684
"Ghana","women_vitA","level","region","domain_index_cal",1,75,"open,survey_public",75,0.430611664295875,0.452994697135624,0.116131557320803,0.112257214403832,-0.00910088704659685,0.889055569965233,0.473684210526316
"Ghana","child_iron","prev","infill","null_train_mean",1,75,"open,survey_public",75,-0.157146926834408,-0.180521783670738,14.7212072635126,14.5009865319331,1.1458209959551e-15,1.00237371780558,0.105263157894737
"Ghana","child_iron","prev","infill","spatial",1,75,"open,survey_public",75,0.522951382303694,0.540301023297509,13.3149640494153,13.070071749132,-3.87548063047885,0.887777539622654,0.578947368421053
"Ghana","child_iron","prev","infill","domain_index",1,75,"open,survey_public",75,0.517226002002174,0.59563216137818,16.1041105145081,15.7773411837438,2.20413916651398,1.14343319673733,0.473684210526316
"Ghana","child_iron","prev","infill","domain_enet",1,75,"open,survey_public",75,0.537728860139289,0.594248650843978,12.542079755284,12.4212511694091,-6.11058323093768,0.864643697232685,0.473684210526316
"Ghana","child_iron","prev","infill","raw_enet",1,75,"open,survey_public",75,0.516483558671303,0.510324495147334,13.3207310941303,13.3342988311152,-6.58091707085029,0.925612397486374,0.631578947368421
"Ghana","child_iron","prev","infill","spatial_plus_domain",1,75,"open,survey_public",75,0.520923940900163,0.541292242034359,13.2903672115239,13.0553299906045,-3.8721891532299,0.886987574224156,0.578947368421053
"Ghana","child_iron","prev","infill","domain_index_cal",1,75,"open,survey_public",75,0.50793118260993,0.585661525375637,12.5973502696796,12.6644965767721,-5.41544773981424,0.860851353685547,0.473684210526316
"Ghana","child_iron","prev","infill","region_mean_jk",1,75,"open,survey_public",75,0.507861608356273,0.5970715033203,13.7925914714534,14.4385776349423,-1.35415471295661,0.881392791398628,0.631578947368421
"Ghana","child_iron","prev","infill","null_train_mean",2,75,"open,survey_public",75,-0.214629043325993,-0.20427373595535,14.675606210843,14.2988583890623,-1.76002152666814e-17,1.00490077770062,0.157894736842105
"Ghana","child_iron","prev","infill","spatial",2,75,"open,survey_public",75,0.429603411203098,0.440693190382685,14.3154422084416,13.9843863589587,-3.7726401555162,0.977964514982119,0.578947368421053
"Ghana","child_iron","prev","infill","domain_index",2,75,"open,survey_public",75,0.457916202070715,0.545028989367973,16.6251143512284,16.2544192172264,2.29933706972483,1.21215501655869,0.526315789473684
"Ghana","child_iron","prev","infill","domain_enet",2,75,"open,survey_public",75,0.49702297674868,0.533348212993879,12.7409082159682,12.701365639484,-5.13300608237666,0.894426708906621,0.473684210526316
"Ghana","child_iron","prev","infill","raw_enet",2,75,"open,survey_public",75,0.394151742154033,0.429534112614857,14.1166185288151,14.0942526377285,-5.3803737165081,0.964491315823079,0.526315789473684
"Ghana","child_iron","prev","infill","spatial_plus_domain",2,75,"open,survey_public",75,0.413969267985729,0.411062206928661,14.7583326905315,14.5272255094978,-4.1922506207259,1.00460218964041,0.526315789473684
"Ghana","child_iron","prev","infill","domain_index_cal",2,75,"open,survey_public",75,0.385613643849023,0.489941387851763,13.4516265250496,13.4893528449315,-4.8200100525977,0.926540687610551,0.526315789473684
"Ghana","child_iron","prev","infill","region_mean_jk",2,75,"open,survey_public",75,0.492256889928831,0.651431365525929,12.8460082061065,13.2630249482035,-2.78184448937805,0.814323291909539,0.631578947368421
"Ghana","child_iron","prev","infill","null_train_mean",3,75,"open,survey_public",75,-0.184467324406454,-0.223150408422635,14.6827513061103,14.4389810884297,4.82578386973298e-16,1.0071263599068,0.105263157894737
"Ghana","child_iron","prev","infill","spatial",3,75,"open,survey_public",75,0.515155727329555,0.531632526375305,12.943547584086,13.0325452298738,-5.09588757688318,0.905312001239688,0.578947368421053
"Ghana","child_iron","prev","infill","domain_index",3,75,"open,survey_public",75,0.507674182995398,0.583943782160732,15.9196704789025,15.5641277207843,2.00316121782734,1.14750729893482,0.473684210526316
"Ghana","child_iron","prev","infill","domain_enet",3,75,"open,survey_public",75,0.507131628253608,0.510042719394702,12.9226539878244,12.9630519730308,-5.01423350140223,0.91435804626215,0.473684210526316
"Ghana","child_iron","prev","infill","raw_enet",3,75,"open,survey_public",75,0.482488220771255,0.556280440309399,12.9222559872873,12.7970976189007,-6.2668799140832,0.892806834017554,0.578947368421053
"Ghana","child_iron","prev","infill","spatial_plus_domain",3,75,"open,survey_public",75,0.515641171045893,0.531262050586404,13.0171080618138,13.1151534280014,-5.16994453926105,0.90703307383694,0.578947368421053
"Ghana","child_iron","prev","infill","domain_index_cal",3,75,"open,survey_public",75,0.487157047101921,0.572456470168262,12.6821226133398,12.8127760329198,-5.64301418760469,0.872472160622084,0.473684210526316
"Ghana","child_iron","prev","infill","region_mean_jk",3,75,"open,survey_public",75,0.495604105327939,0.649612311805095,12.3684590015382,13.024157081451,-2.88944205041876,0.801977348722307,0.578947368421053
"Ghana","child_iron","prev","infill","null_train_mean",4,75,"open,survey_public",75,-0.111248658913371,-0.18345208464775,14.6386839831101,14.4139835509324,4.82578386973298e-16,1.00266894190074,0.157894736842105
"Ghana","child_iron","prev","infill","spatial",4,75,"open,survey_public",75,0.463655860128598,0.445030376363251,14.1716251183224,14.3875390837614,-3.56194595372575,0.972280319979811,0.578947368421053
"Ghana","child_iron","prev","infill","domain_index",4,75,"open,survey_public",75,0.498150919501349,0.5648385083839,15.5717740553635,15.1462734821834,1.17033807535923,1.13076841785888,0.526315789473684
"Ghana","child_iron","prev","infill","domain_enet",4,75,"open,survey_public",75,0.509801568693469,0.514340158278446,13.4190567107692,13.7796790661894,-5.55860809171222,0.914113053650192,0.473684210526316
"Ghana","child_iron","prev","infill","raw_enet",4,75,"open,survey_public",75,0.46534063537942,0.455459893057098,13.8118810613934,14.1293755108346,-5.44895193623988,0.950431676753493,0.421052631578947
"Ghana","child_iron","prev","infill","spatial_plus_domain",4,75,"open,survey_public",75,0.449449492547519,0.433048722347688,14.3342946391929,14.5579901358234,-3.44709257336991,0.983289989037948,0.578947368421053
"Ghana","child_iron","prev","infill","domain_index_cal",4,75,"open,survey_public",75,0.470166517030078,0.553955257640518,12.8621010888304,13.0517383282541,-5.81867447656049,0.888666607402651,0.473684210526316
"Ghana","child_iron","prev","infill","region_mean_jk",4,75,"open,survey_public",75,0.511659119614568,0.630729594995317,12.5884091674582,13.2679945247821,-3.10313849220206,0.821769430105707,0.578947368421053
"Ghana","child_iron","prev","infill","null_train_mean",5,75,"open,survey_public",75,-0.122176817942189,-0.0883766445797149,14.6291270251435,14.3404044749139,7.03177389001682e-16,0.995490560498765,0.157894736842105
"Ghana","child_iron","prev","infill","spatial",5,75,"open,survey_public",75,0.558188885007315,0.562941690171966,12.780508891845,12.7768911906217,-5.26525560781021,0.874875684030821,0.631578947368421
"Ghana","child_iron","prev","infill","domain_index",5,75,"open,survey_public",75,0.502519912948394,0.570703368712447,15.8521161369065,15.6208185381944,1.48119154589688,1.14012861618607,0.526315789473684
"Ghana","child_iron","prev","infill","domain_enet",5,75,"open,survey_public",75,0.509487458053486,0.509071640702943,13.2604633643066,13.2933515043698,-5.41943143235794,0.913913969563599,0.473684210526316
"Ghana","child_iron","prev","infill","raw_enet",5,75,"open,survey_public",75,0.541455354550004,0.569982126877966,12.9057587229485,13.106459245833,-6.23096938499283,0.882933287489974,0.473684210526316
"Ghana","child_iron","prev","infill","spatial_plus_domain",5,75,"open,survey_public",75,0.558188885007315,0.562941690171966,12.780508891845,12.7768911906217,-5.26525560781024,0.874875684030821,0.631578947368421
"Ghana","child_iron","prev","infill","domain_index_cal",5,75,"open,survey_public",75,0.467011132873878,0.545430293721165,12.9395803429513,12.9892623603286,-5.46844368582661,0.890516282910804,0.473684210526316
"Ghana","child_iron","prev","infill","region_mean_jk",5,75,"open,survey_public",75,0.515111647446692,0.662367414666834,12.0035983263883,12.7146107304305,-3.32103569270456,0.789186881112854,0.631578947368421
"Ghana","child_iron","prev","infill","null_train_mean",6,75,"open,survey_public",75,-0.275389607526223,-0.270835429434828,14.7400244054469,14.4323262477802,1.12648605721244e-16,1.01359603996182,0.157894736842105
"Ghana","child_iron","prev","infill","spatial",6,75,"open,survey_public",75,0.46252791737593,0.484336540363226,13.8133898202486,13.7909276640597,-3.9940403403241,0.935526119684325,0.473684210526316
"Ghana","child_iron","prev","infill","domain_index",6,75,"open,survey_public",75,0.482531054040343,0.558214158970396,16.123062959011,15.6988086812893,1.93393237690661,1.16471585713936,0.473684210526316
"Ghana","child_iron","prev","infill","domain_enet",6,75,"open,survey_public",75,0.514027784576886,0.512440076238131,13.0532160463811,13.1029418711144,-5.96004721526707,0.914749405821057,0.473684210526316
"Ghana","child_iron","prev","infill","raw_enet",6,75,"open,survey_public",75,0.469581129019199,0.470429361870558,13.3206658906712,13.5061383421623,-6.50001733372485,0.94419806810511,0.473684210526316
"Ghana","child_iron","prev","infill","spatial_plus_domain",6,75,"open,survey_public",75,0.46252791737593,0.484336540358122,13.8133898203052,13.7909276641311,-3.99404034048569,0.935526119689405,0.473684210526316
"Ghana","child_iron","prev","infill","domain_index_cal",6,75,"open,survey_public",75,0.438341398097188,0.529974311736934,13.0683547517483,13.2034765835125,-5.22045033897344,0.899003567509521,0.526315789473684
"Ghana","child_iron","prev","infill","region_mean_jk",6,75,"open,survey_public",75,0.474014616713781,0.598558133059419,12.9206906343393,13.1148108862509,-1.50849298844035,0.832697010412561,0.631578947368421
"Ghana","child_iron","prev","infill","null_train_mean",7,75,"open,survey_public",75,-0.283476445207548,-0.293199468297453,14.974352853287,14.6856649034832,-7.95840534676777e-16,1.01704363565344,0.105263157894737
"Ghana","child_iron","prev","infill","spatial",7,75,"open,survey_public",75,0.550279007982272,0.577782539414959,12.4336690471755,12.3266258261615,-4.44456236091363,0.857178806352203,0.631578947368421
"Ghana","child_iron","prev","infill","domain_index",7,75,"open,survey_public",75,0.516726280529473,0.577626436045014,16.0876431775605,15.8176194059245,1.65721338795147,1.14861441948044,0.578947368421053
"Ghana","child_iron","prev","infill","domain_enet",7,75,"open,survey_public",75,0.553491503163923,0.520452035079824,12.8665471801163,12.9043850139982,-5.80760038683215,0.910542416739142,0.421052631578947
"Ghana","child_iron","prev","infill","raw_enet",7,75,"open,survey_public",75,0.474506954964397,0.529985133724015,12.8305971191228,12.752745022104,-6.31887798562403,0.909712349978264,0.526315789473684
"Ghana","child_iron","prev","infill","spatial_plus_domain",7,75,"open,survey_public",75,0.553891280342084,0.546470196180595,12.6834069375261,12.8042723610864,-4.59747615365135,0.883566918348131,0.631578947368421
"Ghana","child_iron","prev","infill","domain_index_cal",7,75,"open,survey_public",75,0.476320230022485,0.564058194457599,12.7981414467664,12.8290470728144,-5.56798371583305,0.878124437352273,0.526315789473684
"Ghana","child_iron","prev","infill","region_mean_jk",7,75,"open,survey_public",75,0.483469020543515,0.625156785431786,13.2019897916506,13.8464008851245,-3.22223518140932,0.85060888870759,0.578947368421053
"Ghana","child_iron","prev","infill","null_train_mean",8,75,"open,survey_public",75,-0.0756228604794231,-0.0860441468562005,14.5698080731692,14.2600366754642,4.26199874004052e-16,0.995377145612267,0.210526315789474
"Ghana","child_iron","prev","infill","spatial",8,75,"open,survey_public",75,0.526292377292611,0.519389065306883,13.6306996061382,13.4544457839067,-4.90312204666089,0.916948509865972,0.526315789473684
"Ghana","child_iron","prev","infill","domain_index",8,75,"open,survey_public",75,0.512128842980621,0.584015061357782,16.1954872770814,15.8862715256639,2.07138996228142,1.16059626077762,0.526315789473684
"Ghana","child_iron","prev","infill","domain_enet",8,75,"open,survey_public",75,0.535301641557597,0.572997144092839,12.7267385167955,12.8790957071012,-5.38913031963273,0.869027811530063,0.526315789473684
"Ghana","child_iron","prev","infill","raw_enet",8,75,"open,survey_public",75,0.505004242555537,0.548056952240383,13.1775700330536,13.156419487676,-6.45827810317502,0.901538680652938,0.578947368421053
"Ghana","child_iron","prev","infill","spatial_plus_domain",8,75,"open,survey_public",75,0.512928397336943,0.501168127272135,13.8100960180084,13.6204096709331,-4.64402806806826,0.932788573706672,0.526315789473684
"Ghana","child_iron","prev","infill","domain_index_cal",8,75,"open,survey_public",75,0.476848507007912,0.570803185354584,12.805396453417,12.8433401748892,-5.38710938121091,0.873122147197808,0.526315789473684
"Ghana","child_iron","prev","infill","region_mean_jk",8,75,"open,survey_public",75,0.458423768520483,0.620812526730204,12.7742819661695,13.2854850856597,-2.87407790130413,0.833760345430655,0.578947368421053
"Ghana","child_iron","prev","infill","null_train_mean",9,75,"open,survey_public",75,-0.0594491851167719,-0.114109357053662,14.5592947294449,14.2800140659136,-4.05636172799243e-16,0.996941969898681,0.210526315789474
"Ghana","child_iron","prev","infill","spatial",9,75,"open,survey_public",75,0.535430141364863,0.508467870631389,13.6496569973094,13.7913027655365,-4.03118984349498,0.924694671155904,0.578947368421053
"Ghana","child_iron","prev","infill","domain_index",9,75,"open,survey_public",75,0.510900955933412,0.563919909740295,16.2898086486742,15.8560893288904,1.87286323745364,1.16617859797153,0.473684210526316
"Ghana","child_iron","prev","infill","domain_enet",9,75,"open,survey_public",75,0.505889463450037,0.522395219302359,13.2061191792713,13.1421648343986,-5.15089677718407,0.901532008820048,0.473684210526316
"Ghana","child_iron","prev","infill","raw_enet",9,75,"open,survey_public",75,0.452547765678267,0.498006162929153,13.1987861805075,12.7316368439523,-4.6773025337572,0.948901778944834,0.526315789473684
"Ghana","child_iron","prev","infill","spatial_plus_domain",9,75,"open,survey_public",75,0.535572918928492,0.507423992319293,13.6593584641541,13.8225210109857,-4.08144578129437,0.925678209635257,0.578947368421053
"Ghana","child_iron","prev","infill","domain_index_cal",9,75,"open,survey_public",75,0.497437031683204,0.554169814205112,12.6648439252041,12.690129202692,-5.3787588203498,0.885119663139054,0.473684210526316
"Ghana","child_iron","prev","infill","region_mean_jk",9,75,"open,survey_public",75,0.556694931503255,0.688415266872399,11.5560404102107,11.826071102134,-2.51344497388185,0.748279939832606,0.684210526315789
"Ghana","child_iron","prev","infill","null_train_mean",10,75,"open,survey_public",75,-0.294841730597519,-0.293470030812484,14.9636212268365,14.7201248725297,-1.28947778380943e-16,1.01708694436778,0.105263157894737
"Ghana","child_iron","prev","infill","spatial",10,75,"open,survey_public",75,0.528576818310674,0.564260878156515,12.6666929305216,12.6279720238084,-5.01179671814182,0.87556400686039,0.631578947368421
"Ghana","child_iron","prev","infill","domain_index",10,75,"open,survey_public",75,0.51162912150792,0.592845037001642,16.1559552547647,15.8028485013738,2.20209934736285,1.14715752253331,0.473684210526316
"Ghana","child_iron","prev","infill","domain_enet",10,75,"open,survey_public",75,0.514327617460507,0.493719861744223,13.1796276278785,12.931068554645,-5.75620659957358,0.931256911815456,0.473684210526316
"Ghana","child_iron","prev","infill","raw_enet",10,75,"open,survey_public",75,0.489384377094532,0.562390282727891,12.8099736921655,12.8659863111475,-6.5260756286153,0.894709192766959,0.578947368421053
"Ghana","child_iron","prev","infill","spatial_plus_domain",10,75,"open,survey_public",75,0.522894271278243,0.537878703741966,12.8157301471997,12.7047583271784,-4.64310183486311,0.898046457388056,0.631578947368421
"Ghana","child_iron","prev","infill","domain_index_cal",10,75,"open,survey_public",75,0.473707400608075,0.564589923949684,12.7704979289907,12.8660012796932,-5.6073657010077,0.876828948615511,0.526315789473684
"Ghana","child_iron","prev","infill","region_mean_jk",10,75,"open,survey_public",75,0.480709391737722,0.644188289783265,12.6308155764674,13.3842361020327,-3.54583042476032,0.819383543362301,0.578947368421053
"Ghana","child_iron","prev","region","null_train_mean",1,75,"open,survey_public",75,-0.65144801882793,-0.732653478893389,15.4449082237968,15.1522789102584,-0.0420363506235266,1.05259501894724,0.0526315789473684
"Ghana","child_iron","prev","region","spatial",1,75,"open,survey_public",75,0.49258259451982,0.449160634844853,13.6537545859211,13.5428314790431,-4.79419991435256,0.961432137939329,0.473684210526316
"Ghana","child_iron","prev","region","domain_index",1,75,"open,survey_public",75,0.455431872463572,0.503300950883567,16.1531466801861,15.6028984851367,1.17928327239078,1.18459345333603,0.526315789473684
"Ghana","child_iron","prev","region","domain_enet",1,75,"open,survey_public",75,0.483873163138455,0.331554974914368,14.5888877861338,14.3886724303051,-7.12817793240539,1.04006744168474,0.421052631578947
"Ghana","child_iron","prev","region","raw_enet",1,75,"open,survey_public",75,0.343637040142117,0.23030848804896,14.9442436480076,14.8497797326319,-6.66046134578913,1.07523755907215,0.368421052631579
"Ghana","child_iron","prev","region","spatial_plus_domain",1,75,"open,survey_public",75,0.483673274549375,0.432352664613923,13.7313291495734,13.7304675939541,-5.12870034012338,0.971683484379514,0.473684210526316
"Ghana","child_iron","prev","region","domain_index_cal",1,75,"open,survey_public",75,0.43158801933754,0.415497957478956,13.91406569805,14.0921227033775,-6.24295964240905,0.979873827785453,0.473684210526316
"Ghana","child_iron","level","infill","null_train_mean",1,75,"open,survey_public",75,-0.144587180694702,-0.119851863004195,0.344824177226292,0.337635482776336,-7.10239159151804e-17,0.997315871225391,0.210526315789474
"Ghana","child_iron","level","infill","spatial",1,75,"open,survey_public",75,0.510355618776671,0.554845457916689,0.303404823710755,0.285780093846115,-0.00218555043137478,0.850612511028286,0.631578947368421
"Ghana","child_iron","level","infill","domain_index",1,75,"open,survey_public",75,0.534850640113798,0.585992382267061,0.325778765750264,0.308070215381704,-0.00358676834641132,0.90602373184845,0.578947368421053
"Ghana","child_iron","level","infill","domain_enet",1,75,"open,survey_public",75,0.530867709815078,0.541635643413795,0.303557731511398,0.292931308197291,-0.00785881981279734,0.840053280215542,0.578947368421053
"Ghana","child_iron","level","infill","raw_enet",1,75,"open,survey_public",75,0.488421052631579,0.482998348103258,0.319483682932589,0.306367866781373,-0.0188745443809316,0.89293633521023,0.578947368421053
"Ghana","child_iron","level","infill","spatial_plus_domain",1,75,"open,survey_public",75,0.506059743954481,0.553210631136296,0.303583896842092,0.285722601270948,-0.00226359119056256,0.852176994637219,0.631578947368421
"Ghana","child_iron","level","infill","domain_index_cal",1,75,"open,survey_public",75,0.530128022759602,0.580228146458289,0.291525940196045,0.274472629851622,-0.00227235881980559,0.80903041292891,0.631578947368421
"Ghana","child_iron","level","infill","region_mean_jk",1,75,"open,survey_public",75,0.389840653235528,0.522527476945139,0.317078302617197,0.316306723999142,0.0337698285111856,0.891483815825617,0.631578947368421
"Ghana","child_iron","level","infill","null_train_mean",2,75,"open,survey_public",75,-0.177685450974212,-0.210962267324005,0.345744445678137,0.336804843504791,-7.10239159151804e-17,1.005667432647,0.210526315789474
"Ghana","child_iron","level","infill","spatial",2,75,"open,survey_public",75,0.406657183499289,0.504802722003145,0.320891078472258,0.297133301452409,0.0288355671940172,0.88714480617323,0.631578947368421
"Ghana","child_iron","level","infill","domain_index",2,75,"open,survey_public",75,0.493285917496444,0.54522475234021,0.32980860644544,0.308496568309557,0.00562388291461437,0.942894085309208,0.631578947368421
"Ghana","child_iron","level","infill","domain_enet",2,75,"open,survey_public",75,0.447965860597439,0.459705966944031,0.31740035558686,0.298993719629749,0.0152654913060254,0.891971342262684,0.473684210526316
"Ghana","child_iron","level","infill","raw_enet",2,75,"open,survey_public",75,0.522275960170697,0.542498657918353,0.28452796655307,0.2696466018478,-0.000616537936562089,0.835277443144109,0.684210526315789
"Ghana","child_iron","level","infill","spatial_plus_domain",2,75,"open,survey_public",75,0.406657183499289,0.504802722003139,0.320891078472259,0.29713330145241,0.0288355671940117,0.887144806173234,0.631578947368421
"Ghana","child_iron","level","infill","domain_index_cal",2,75,"open,survey_public",75,0.460825035561878,0.505355391703854,0.299142819734906,0.277040296175915,0.0062967201161142,0.860322160970709,0.631578947368421
"Ghana","child_iron","level","infill","region_mean_jk",2,75,"open,survey_public",75,0.402191583543234,0.558185325493224,0.30096818499951,0.292444704272345,0.0117692063202601,0.850350586646272,0.578947368421053
"Ghana","child_iron","level","infill","null_train_mean",3,75,"open,survey_public",75,-0.177249947417902,-0.226044698999024,0.347888821368189,0.341070925746502,1.7749112365036e-17,1.00748452145254,0.157894736842105
"Ghana","child_iron","level","infill","spatial",3,75,"open,survey_public",75,0.524864864864865,0.549928324871641,0.300386288907789,0.281419178620804,-0.0194357489087422,0.853157883103326,0.684210526315789
"Ghana","child_iron","level","infill","domain_index",3,75,"open,survey_public",75,0.515817923186344,0.56644655208527,0.323030347644954,0.302941914878406,-0.00419728033776517,0.921280252752153,0.526315789473684
"Ghana","child_iron","level","infill","domain_enet",3,75,"open,survey_public",75,0.490668563300142,0.513279588157453,0.304252600175181,0.290203260818032,-0.015567924710987,0.854109820345574,0.526315789473684
"Ghana","child_iron","level","infill","raw_enet",3,75,"open,survey_public",75,0.489928876244666,0.518726951336441,0.293617956519903,0.278941617577207,-0.0050726680671755,0.849776987353957,0.578947368421053
"Ghana","child_iron","level","infill","spatial_plus_domain",3,75,"open,survey_public",75,0.524864864864865,0.549928324871641,0.300386288907789,0.281419178620804,-0.0194357489087397,0.853157883103326,0.684210526315789
"Ghana","child_iron","level","infill","domain_index_cal",3,75,"open,survey_public",75,0.499260312944523,0.543126565489931,0.293905790672056,0.276872378353491,-0.00480675197929217,0.834661226609908,0.526315789473684
"Ghana","child_iron","level","infill","region_mean_jk",3,75,"open,survey_public",75,0.296957162299912,0.487069091490479,0.326615149386939,0.324621973014237,0.00754630744285337,0.907417555327813,0.578947368421053
"Ghana","child_iron","level","infill","null_train_mean",4,75,"open,survey_public",75,-0.229510374175023,-0.286206179936412,0.348603867501658,0.34137102683249,-7.10239159151804e-17,1.01593746074373,0.157894736842105
"Ghana","child_iron","level","infill","spatial",4,75,"open,survey_public",75,0.520739687055476,0.54284563349366,0.307325263445256,0.288680297585957,0.000552572743008799,0.856691248333709,0.684210526315789
"Ghana","child_iron","level","infill","domain_index",4,75,"open,survey_public",75,0.529815078236131,0.580361121541975,0.319426298862706,0.303034007737168,-0.0138727725078599,0.89383306162156,0.526315789473684
"Ghana","child_iron","level","infill","domain_enet",4,75,"open,survey_public",75,0.465832147937411,0.469034856402851,0.324995869548785,0.317065872527174,-0.00389631572260032,0.892864707404204,0.473684210526316
"Ghana","child_iron","level","infill","raw_enet",4,75,"open,survey_public",75,0.509359886201991,0.475266522227543,0.308339009902282,0.299646958204615,0.0043083048152631,0.882088443918976,0.526315789473684
"Ghana","child_iron","level","infill","spatial_plus_domain",4,75,"open,survey_public",75,0.515504978662873,0.536279236940263,0.309140877940338,0.29012269622405,0.00155127885579768,0.863852527166096,0.684210526315789
"Ghana","child_iron","level","infill","domain_index_cal",4,75,"open,survey_public",75,0.502418207681365,0.559032068066463,0.291077570406316,0.274265123567543,-0.00699671080468636,0.823825806556209,0.526315789473684
"Ghana","child_iron","level","infill","region_mean_jk",4,75,"open,survey_public",75,0.322733101357569,0.485461205345968,0.328642873399327,0.328807666831941,-0.00949850538360184,0.906673272531631,0.578947368421053
"Ghana","child_iron","level","infill","null_train_mean",5,75,"open,survey_public",75,-0.101907832176386,-0.117908344845986,0.343899566084208,0.336003572182661,1.06530814262632e-16,0.997187287492658,0.157894736842105
"Ghana","child_iron","level","infill","spatial",5,75,"open,survey_public",75,0.472005689900427,0.506228257376269,0.31644273082734,0.296346534922503,0.0004421625239228,0.883475433526388,0.684210526315789
"Ghana","child_iron","level","infill","domain_index",5,75,"open,survey_public",75,0.503897581792319,0.562058285753136,0.324674821870228,0.303522693370052,0.00111213270340632,0.916738432893948,0.578947368421053
"Ghana","child_iron","level","infill","domain_enet",5,75,"open,survey_public",75,0.475362731152205,0.495462171708002,0.307096100325411,0.294931256789161,0.00851893859765002,0.863043387290033,0.473684210526316
"Ghana","child_iron","level","infill","raw_enet",5,75,"open,survey_public",75,0.489615931721195,0.498181293125363,0.308636916702345,0.289639710278973,-0.0216653067013726,0.878907922372864,0.631578947368421
"Ghana","child_iron","level","infill","spatial_plus_domain",5,75,"open,survey_public",75,0.472005689900427,0.50622825737627,0.31644273082734,0.296346534922503,0.000442162523919247,0.883475433526386,0.684210526315789
"Ghana","child_iron","level","infill","domain_index_cal",5,75,"open,survey_public",75,0.47778093883357,0.536983350296138,0.296441124077219,0.277070639717371,0.00141133798590456,0.838758817163917,0.578947368421053
"Ghana","child_iron","level","infill","region_mean_jk",5,75,"open,survey_public",75,0.268831528417124,0.447956805957127,0.335228048372542,0.330264726542414,-0.000504813620422884,0.944538382081851,0.631578947368421
"Ghana","child_iron","level","infill","null_train_mean",6,75,"open,survey_public",75,-0.246495012871088,-0.233873637449709,0.34904625683384,0.341508951141205,-7.10239159151804e-17,1.00847579748837,0.210526315789474
"Ghana","child_iron","level","infill","spatial",6,75,"open,survey_public",75,0.530810810810811,0.559629361195462,0.297106495349475,0.275503455206889,0.0191116205470718,0.834836622669496,0.631578947368421
"Ghana","child_iron","level","infill","domain_index",6,75,"open,survey_public",75,0.525263157894737,0.566767965727826,0.321347212601395,0.300402216120449,0.00770286861420802,0.909916217261725,0.578947368421053
"Ghana","child_iron","level","infill","domain_enet",6,75,"open,survey_public",75,0.538833570412518,0.518811309997534,0.310556419234109,0.302075657131133,0.00204346429826377,0.856448828628676,0.526315789473684
"Ghana","child_iron","level","infill","raw_enet",6,75,"open,survey_public",75,0.496557610241821,0.538612016994627,0.297720800025795,0.2814833890896,0.00723685470585695,0.837160562615715,0.578947368421053
"Ghana","child_iron","level","infill","spatial_plus_domain",6,75,"open,survey_public",75,0.534224751066856,0.557281806735417,0.298258738495783,0.276802913802343,0.019599340699301,0.837615419212306,0.631578947368421
"Ghana","child_iron","level","infill","domain_index_cal",6,75,"open,survey_public",75,0.507226173541963,0.553415885719953,0.295240240426155,0.27874030143134,0.00525845476486465,0.827503960631372,0.578947368421053
"Ghana","child_iron","level","infill","region_mean_jk",6,75,"open,survey_public",75,0.369667327575,0.505748084878003,0.313985663852875,0.303812230221601,0.0478370751453439,0.884170653214593,0.578947368421053
"Ghana","child_iron","level","infill","null_train_mean",7,75,"open,survey_public",75,-0.28481932582631,-0.29826381728565,0.349648482849142,0.341900070032861,1.7749112365036e-17,1.01786059496189,0.105263157894737
"Ghana","child_iron","level","infill","spatial",7,75,"open,survey_public",75,0.599544807965861,0.649918089623771,0.27724001170493,0.260201009354298,0.0130796297736599,0.764570171268873,0.736842105263158
"Ghana","child_iron","level","infill","domain_index",7,75,"open,survey_public",75,0.539061166429587,0.590241934918089,0.317161754268768,0.299924493438063,-0.00220890651565175,0.889968009082213,0.578947368421053
"Ghana","child_iron","level","infill","domain_enet",7,75,"open,survey_public",75,0.478406827880512,0.471442801782131,0.313148172393608,0.296915921416705,-0.0129442034157938,0.879343830344617,0.578947368421053
"Ghana","child_iron","level","infill","raw_enet",7,75,"open,survey_public",75,0.489615931721195,0.530628360474414,0.29402610145659,0.275872494258126,-0.008318065997226,0.842281160867187,0.578947368421053
"Ghana","child_iron","level","infill","spatial_plus_domain",7,75,"open,survey_public",75,0.594310099573257,0.641213111232344,0.28021587994522,0.26411861653064,0.011580819940127,0.775195513563002,0.736842105263158
"Ghana","child_iron","level","infill","domain_index_cal",7,75,"open,survey_public",75,0.518634423897582,0.565619426291644,0.288859170563957,0.269901475296726,-0.000508946975331413,0.819159952307233,0.578947368421053
"Ghana","child_iron","level","infill","region_mean_jk",7,75,"open,survey_public",75,0.395417867980788,0.560732525656773,0.305532255555575,0.303650271936774,7.82973168594481e-05,0.854560955145339,0.578947368421053
"Ghana","child_iron","level","infill","null_train_mean",8,75,"open,survey_public",75,-0.0892782290434151,-0.0947798362764457,0.342490506424764,0.33494762162655,-7.10239159151804e-17,0.99581742920277,0.210526315789474
"Ghana","child_iron","level","infill","spatial",8,75,"open,survey_public",75,0.577155049786629,0.606432039385274,0.287492164234497,0.271035379496173,-0.00533760505475574,0.799556809033638,0.684210526315789
"Ghana","child_iron","level","infill","domain_index",8,75,"open,survey_public",75,0.562816500711237,0.603924691564605,0.319011119566265,0.303132191599773,-0.00379675760593514,0.886968722439671,0.578947368421053
"Ghana","child_iron","level","infill","domain_enet",8,75,"open,survey_public",75,0.575362731152205,0.574998669157122,0.291159407221312,0.285007164187239,0.00325018783314432,0.813165583973654,0.526315789473684
"Ghana","child_iron","level","infill","raw_enet",8,75,"open,survey_public",75,0.516301564722617,0.517549944569079,0.304033506119666,0.28828863951914,0.00087952286445797,0.861075272679277,0.578947368421053
"Ghana","child_iron","level","infill","spatial_plus_domain",8,75,"open,survey_public",75,0.577155049786629,0.606432039385273,0.287492164234498,0.271035379496174,-0.00533760505475521,0.79955680903364,0.684210526315789
"Ghana","child_iron","level","infill","domain_index_cal",8,75,"open,survey_public",75,0.547766714082503,0.595169684956004,0.284162232193761,0.267621100893148,-0.00453860942278445,0.798516133105989,0.526315789473684
"Ghana","child_iron","level","infill","region_mean_jk",8,75,"open,survey_public",75,0.27907739208563,0.515854912865266,0.310062760848597,0.304789184129113,0.0124612359652099,0.879406804645252,0.578947368421053
"Ghana","child_iron","level","infill","null_train_mean",9,75,"open,survey_public",75,-0.137183620237443,-0.151208581069429,0.344906443791635,0.337090265771108,-7.10239159151804e-17,0.99967805121728,0.157894736842105
"Ghana","child_iron","level","infill","spatial",9,75,"open,survey_public",75,0.555106685633001,0.580686978009517,0.299493970715695,0.275956689728943,0.00526044511578173,0.822251211415039,0.631578947368421
"Ghana","child_iron","level","infill","domain_index",9,75,"open,survey_public",75,0.555533428165007,0.590517024090855,0.318399856227161,0.301575887635114,-0.003381264032213,0.891330205764716,0.578947368421053
"Ghana","child_iron","level","infill","domain_enet",9,75,"open,survey_public",75,0.47049786628734,0.482811768269235,0.319617879933133,0.309928981262972,0.0125663573153031,0.888623697067569,0.578947368421053
"Ghana","child_iron","level","infill","raw_enet",9,75,"open,survey_public",75,0.481109530583215,0.467584413986784,0.311339511841653,0.292729946931509,0.0132224272699941,0.919054577910388,0.578947368421053
"Ghana","child_iron","level","infill","spatial_plus_domain",9,75,"open,survey_public",75,0.555106685633001,0.580686978009515,0.299493970715695,0.275956689728943,0.00526044511578591,0.822251211415041,0.631578947368421
"Ghana","child_iron","level","infill","domain_index_cal",9,75,"open,survey_public",75,0.54873399715505,0.583959674195093,0.285544822587014,0.269444123593862,-0.00267953251629887,0.806415901318961,0.578947368421053
"Ghana","child_iron","level","infill","region_mean_jk",9,75,"open,survey_public",75,0.442860220125479,0.566861772139414,0.299347172499431,0.292805828127201,0.00697915587783253,0.834813923196171,0.684210526315789
"Ghana","child_iron","level","infill","null_train_mean",10,75,"open,survey_public",75,-0.319659610331057,-0.342845116022593,0.356309928027242,0.349073775459457,-7.10239159151804e-17,1.02562317934214,0.210526315789474
"Ghana","child_iron","level","infill","spatial",10,75,"open,survey_public",75,0.560170697012802,0.621478489025182,0.279652544132351,0.260367024590237,-0.00841348971113736,0.788779497203148,0.684210526315789
"Ghana","child_iron","level","infill","domain_index",10,75,"open,survey_public",75,0.53302987197724,0.591554750677291,0.309119953729072,0.289695029158784,0.00414180528846168,0.885209071088406,0.578947368421053
"Ghana","child_iron","level","infill","domain_enet",10,75,"open,survey_public",75,0.49678520625889,0.518246611658513,0.309077835372515,0.298829880558813,0.00646427095814036,0.853796962618613,0.578947368421053
"Ghana","child_iron","level","infill","raw_enet",10,75,"open,survey_public",75,0.530839260312944,0.563398803500901,0.287067509745633,0.272914094898513,0.0010398767400923,0.821515713502667,0.631578947368421
"Ghana","child_iron","level","infill","spatial_plus_domain",10,75,"open,survey_public",75,0.560170697012802,0.621478489025182,0.279652544132351,0.260367024590237,-0.00841348971113639,0.788779497203148,0.684210526315789
"Ghana","child_iron","level","infill","domain_index_cal",10,75,"open,survey_public",75,0.495874822190612,0.548241065895485,0.28866085635168,0.271650085931258,-0.00265557342206434,0.830757332907124,0.578947368421053
"Ghana","child_iron","level","infill","region_mean_jk",10,75,"open,survey_public",75,0.387878559934433,0.565650315358435,0.306140455281672,0.30546600854873,0.00688200230190019,0.840751349790624,0.578947368421053
"Ghana","child_iron","level","region","null_train_mean",1,75,"open,survey_public",75,-0.556384520793882,-0.6790032635716,0.35718310424837,0.349832868941553,-0.00160511921733188,1.04321464539942,0.0526315789473684
"Ghana","child_iron","level","region","spatial",1,75,"open,survey_public",75,0.532517780938834,0.461042324635411,0.338005525753571,0.320900356031407,-0.115293755710211,0.988326932909573,0.578947368421053
"Ghana","child_iron","level","region","domain_index",1,75,"open,survey_public",75,0.505860597439545,0.53504551084045,0.322708617401812,0.301562206970705,-0.0113228781966637,0.922648463956718,0.578947368421053
"Ghana","child_iron","level","region","domain_enet",1,75,"open,survey_public",75,0.392972972972973,0.346694432194988,0.35402203730311,0.345810630754202,-0.020824336324906,0.978897915106991,0.263157894736842
"Ghana","child_iron","level","region","raw_enet",1,75,"open,survey_public",75,0.379658605974395,0.362046377210439,0.322196456796692,0.310122634307533,-0.0317625705151274,0.940406172682415,0.315789473684211
"Ghana","child_iron","level","region","spatial_plus_domain",1,75,"open,survey_public",75,0.532517780938834,0.461042324635344,0.338005525753584,0.320900356031417,-0.115293755710227,0.988326932909631,0.578947368421053
"Ghana","child_iron","level","region","domain_index_cal",1,75,"open,survey_public",75,0.481792318634424,0.472919193190084,0.307239688320347,0.291532671901622,-0.0125747081682273,0.876329357303458,0.526315789473684
"Ghana","women_iron","prev","infill","null_train_mean",1,75,"open,survey_public",75,-0.15351678117869,-0.165412721488233,9.64106426369433,8.67869949247176,3.14707750600126e-16,1.00092568462668,0.105263157894737
"Ghana","women_iron","prev","infill","spatial",1,75,"open,survey_public",75,0.429976549629624,0.373641514981416,8.97180649449956,8.50260777425046,-4.20001873299716,0.994582684303197,0.368421052631579
"Ghana","women_iron","prev","infill","domain_index",1,75,"open,survey_public",75,0.175233716970258,0.0931632949196804,15.4995199856335,16.2751489137329,1.18539258639758,1.77500438858132,0.315789473684211
"Ghana","women_iron","prev","infill","domain_enet",1,75,"open,survey_public",75,0.0251357577363675,-0.000624590396823195,10.7770190052545,10.0410066746764,-6.10576855655708,1.19777281914938,0.315789473684211
"Ghana","women_iron","prev","infill","raw_enet",1,75,"open,survey_public",75,0.124083715834757,0.0836612877341133,10.5015848724103,9.93793503478589,-5.77366102225223,1.12892378513734,0.368421052631579
"Ghana","women_iron","prev","infill","spatial_plus_domain",1,75,"open,survey_public",75,0.429976549629624,0.373641514981414,8.97180649449956,8.50260777425046,-4.20001873299714,0.994582684303198,0.368421052631579
"Ghana","women_iron","prev","infill","domain_index_cal",1,75,"open,survey_public",75,0.122385909889894,0.0934866652378553,10.6076336204599,10.0849541952048,-6.18944252882362,1.12922400225226,0.315789473684211
"Ghana","women_iron","prev","infill","region_mean_jk",1,75,"open,survey_public",75,0.268455271469935,0.270913595493691,9.9216467496647,9.38743830860783,-3.33217659821447,1.06784694110063,0.421052631578947
"Ghana","women_iron","prev","infill","null_train_mean",2,75,"open,survey_public",75,-0.216289066165672,-0.195051637459642,9.66836344240748,8.71235815195707,-7.34185571134767e-17,1.00388331995042,0.157894736842105
"Ghana","women_iron","prev","infill","spatial",2,75,"open,survey_public",75,0.499183724161765,0.469075070396452,8.66862122602095,8.23479917619233,-4.63331859878059,0.95931612325994,0.473684210526316
"Ghana","women_iron","prev","infill","domain_index",2,75,"open,survey_public",75,0.292425491723748,0.266553169805746,13.1094134231691,13.5709305220101,1.62500947578444,1.49676283554884,0.421052631578947
"Ghana","women_iron","prev","infill","domain_enet",2,75,"open,survey_public",75,0.0754942995731837,0.0213355895204303,10.6707193461136,10.0701029167142,-6.06465111375855,1.15037847243099,0.315789473684211
"Ghana","women_iron","prev","infill","raw_enet",2,75,"open,survey_public",75,0.113091141751066,0.0969404769340989,10.5271159566015,9.81316629998305,-6.35899378478183,1.13402376663018,0.263157894736842
"Ghana","women_iron","prev","infill","spatial_plus_domain",2,75,"open,survey_public",75,0.499183724161765,0.469075070396453,8.66862122602094,8.23479917619232,-4.63331859878059,0.95931612325994,0.473684210526316
"Ghana","women_iron","prev","infill","domain_index_cal",2,75,"open,survey_public",75,0.243793423133595,0.259014942443013,10.217993823418,9.65216466749782,-6.03656976203032,1.085307458012,0.473684210526316
"Ghana","women_iron","prev","infill","region_mean_jk",2,75,"open,survey_public",75,0.241833385847806,0.203375977865463,10.6474318244374,10.079831891727,-2.50681349230069,1.17607861863525,0.263157894736842
"Ghana","women_iron","prev","infill","null_train_mean",3,75,"open,survey_public",75,-0.15153449849489,-0.201665832953626,9.62817259651418,8.6984444954735,-8.36823376796729e-17,1.00460839221413,0.263157894736842
"Ghana","women_iron","prev","infill","spatial",3,75,"open,survey_public",75,0.546218704108868,0.548385275298407,8.05377244665375,7.57177529775665,-4.69989469411229,0.921043071507658,0.578947368421053
"Ghana","women_iron","prev","infill","domain_index",3,75,"open,survey_public",75,0.328151357495745,0.303132837947256,13.0097533048698,12.5169572873762,1.81732595959,1.43687354861617,0.473684210526316
"Ghana","women_iron","prev","infill","domain_enet",3,75,"open,survey_public",75,0.0979138884695973,0.097109265284263,10.4413008390981,9.7875036996677,-6.21099769543289,1.12093478474893,0.315789473684211
"Ghana","women_iron","prev","infill","raw_enet",3,75,"open,survey_public",75,0.230527515666104,0.215606946093898,10.3521120731549,10.0067037730965,-5.85840857494208,1.09767989112498,0.421052631578947
"Ghana","women_iron","prev","infill","spatial_plus_domain",3,75,"open,survey_public",75,0.546218704108868,0.548385275298398,8.05377244665372,7.5717752977566,-4.69989469411209,0.921043071507654,0.578947368421053
"Ghana","women_iron","prev","infill","domain_index_cal",3,75,"open,survey_public",75,0.238944604460553,0.215024449806109,10.1987935871565,9.55316611030582,-6.06038174564967,1.09481866111753,0.368421052631579
"Ghana","women_iron","prev","infill","region_mean_jk",3,75,"open,survey_public",75,0.370588277381757,0.32230268821288,9.36421049725796,8.87018610019829,-3.03269259794169,1.05401074700028,0.473684210526316
"Ghana","women_iron","prev","infill","null_train_mean",4,75,"open,survey_public",75,-0.212324500798073,-0.21434333696342,9.73801635994364,8.78052913626945,-7.34185571134767e-17,1.00606414723541,0.210526315789474
"Ghana","women_iron","prev","infill","spatial",4,75,"open,survey_public",75,0.492622711357886,0.498708334351875,8.73852716672938,8.22650700087066,-4.61480390150545,0.943879288849347,0.526315789473684
"Ghana","women_iron","prev","infill","domain_index",4,75,"open,survey_public",75,0.290353592943576,0.302290774331166,12.0726263184785,11.6908617802012,-0.0159974688850903,1.37273600832987,0.421052631578947
"Ghana","women_iron","prev","infill","domain_enet",4,75,"open,survey_public",75,0.00251793254534815,0.0961199604958594,11.0154411909127,10.273816186361,-5.47658159603339,1.15950746813347,0.368421052631579
"Ghana","women_iron","prev","infill","raw_enet",4,75,"open,survey_public",75,0.109419595769471,0.174633590471685,10.5274978440255,9.92742462252096,-6.1811650379954,1.11768332298665,0.315789473684211
"Ghana","women_iron","prev","infill","spatial_plus_domain",4,75,"open,survey_public",75,0.492622711357886,0.498708334351859,8.73852716672956,8.22650700087087,-4.61480390150577,0.943879288849366,0.526315789473684
"Ghana","women_iron","prev","infill","domain_index_cal",4,75,"open,survey_public",75,0.235146123363571,0.282329209061843,10.2258598525221,9.60202132753438,-6.30693183664821,1.09125299724303,0.421052631578947
"Ghana","women_iron","prev","infill","region_mean_jk",4,75,"open,survey_public",75,0.339378201908273,0.374287521586898,9.46145456606579,9.18544605628077,-3.46674179918739,1.0142199141188,0.421052631578947
"Ghana","women_iron","prev","infill","null_train_mean",5,75,"open,survey_public",75,-0.230825805846868,-0.235600260243311,9.70732801797103,8.71806948946462,-4.07515456564885e-16,1.00869882498419,0.157894736842105
"Ghana","women_iron","prev","infill","spatial",5,75,"open,survey_public",75,0.523053724691665,0.554470657350888,8.11563374226844,7.6931069546872,-3.45117490749656,0.880441940347693,0.526315789473684
"Ghana","women_iron","prev","infill","domain_index",5,75,"open,survey_public",75,0.344237349414026,0.337545822838491,11.9525496843139,12.406867672021,0.562471994764137,1.33152547291622,0.473684210526316
"Ghana","women_iron","prev","infill","domain_enet",5,75,"open,survey_public",75,0.105938590601832,0.0071798319423782,10.5794283255377,9.9556083981912,-6.27251252091953,1.13792268509834,0.368421052631579
"Ghana","women_iron","prev","infill","raw_enet",5,75,"open,survey_public",75,0.184820048551199,0.16432245632954,10.4305537345876,9.92564010867423,-5.88065422079581,1.11185488199969,0.368421052631579
"Ghana","women_iron","prev","infill","spatial_plus_domain",5,75,"open,survey_public",75,0.523053724691665,0.554470657350889,8.11563374226843,7.6931069546872,-3.45117490749655,0.880441940347692,0.526315789473684
"Ghana","women_iron","prev","infill","domain_index_cal",5,75,"open,survey_public",75,0.223390975423288,0.170024078218491,10.3018639209307,9.68409023244877,-6.32262750350439,1.11287868898952,0.315789473684211
"Ghana","women_iron","prev","infill","region_mean_jk",5,75,"open,survey_public",75,0.413012163513806,0.413910821760351,9.50478067987314,9.03855416176894,-2.62017946120902,1.00705205674255,0.421052631578947
"Ghana","women_iron","prev","infill","null_train_mean",6,75,"open,survey_public",75,-0.295800627149182,-0.299109945667823,9.82745868542097,8.80040026832106,3.88307008075683e-16,1.0179983881339,0.105263157894737
"Ghana","women_iron","prev","infill","spatial",6,75,"open,survey_public",75,0.515773302589116,0.525419491793146,8.03939184976458,7.530388083021,-4.28339020196673,0.918540475706767,0.631578947368421
"Ghana","women_iron","prev","infill","domain_index",6,75,"open,survey_public",75,0.345661779825395,0.38136485557639,12.0335464182659,12.0474893303847,0.981459543609922,1.28410455077172,0.473684210526316
"Ghana","women_iron","prev","infill","domain_enet",6,75,"open,survey_public",75,-0.136748931159764,-0.072742094961173,10.711081533517,10.0812722710899,-6.2606077894253,1.14818522412445,0.263157894736842
"Ghana","women_iron","prev","infill","raw_enet",6,75,"open,survey_public",75,-0.0740873933179294,0.0752966344291385,10.4902339750193,9.85787312860586,-5.81817179405752,1.11658314538673,0.315789473684211
"Ghana","women_iron","prev","infill","spatial_plus_domain",6,75,"open,survey_public",75,0.515773302589116,0.525419491793145,8.03939184976459,7.530388083021,-4.28339020196674,0.918540475706768,0.631578947368421
"Ghana","women_iron","prev","infill","domain_index_cal",6,75,"open,survey_public",75,0.205420131142489,0.236611070445454,10.1417111622034,9.50180184472493,-6.27880103597149,1.10088230695423,0.421052631578947
"Ghana","women_iron","prev","infill","region_mean_jk",6,75,"open,survey_public",75,0.366050416539447,0.398997186223799,8.97902654210218,8.6549984314303,-2.49141297192147,0.987694044929444,0.473684210526316
"Ghana","women_iron","prev","infill","null_train_mean",7,75,"open,survey_public",75,-0.204835877325942,-0.20429341443878,9.66631981610433,8.70537380197481,-3.51118873559431e-16,1.00490299791237,0.105263157894737
"Ghana","women_iron","prev","infill","spatial",7,75,"open,survey_public",75,0.476738154043233,0.486819994773247,8.51611709790377,8.03673789287006,-4.45100527965978,0.944645221987834,0.473684210526316
"Ghana","women_iron","prev","infill","domain_index",7,75,"open,survey_public",75,0.286166630825311,0.285582100516109,12.8404633332486,12.9746005879839,0.646181015080104,1.40425015191823,0.368421052631579
"Ghana","women_iron","prev","infill","domain_enet",7,75,"open,survey_public",75,-0.0536373956753636,-0.0150807453549102,10.6329742500329,9.86580730606702,-5.69253205978673,1.15360719366183,0.210526315789474
"Ghana","women_iron","prev","infill","raw_enet",7,75,"open,survey_public",75,0.0417051336694788,0.0261945612862427,10.7843406295478,10.0219880720411,-5.25131952635634,1.1472249084249,0.263157894736842
"Ghana","women_iron","prev","infill","spatial_plus_domain",7,75,"open,survey_public",75,0.476738154043233,0.486819994773248,8.51611709790375,8.03673789287004,-4.45100527965974,0.944645221987833,0.473684210526316
"Ghana","women_iron","prev","infill","domain_index_cal",7,75,"open,survey_public",75,0.209319329541285,0.202047729948859,10.2210179570432,9.56136139550945,-6.2509241762364,1.10478304181152,0.368421052631579
"Ghana","women_iron","prev","infill","region_mean_jk",7,75,"open,survey_public",75,0.250682258523568,0.290213785275819,9.82288849023801,9.32007660051902,-3.26186710627359,1.06236072131571,0.315789473684211
"Ghana","women_iron","prev","infill","null_train_mean",8,75,"open,survey_public",75,-0.196245985696144,-0.216267288256846,9.69942028111104,8.76391829027874,-1.11564403548758e-16,1.00629263703458,0.263157894736842
"Ghana","women_iron","prev","infill","spatial",8,75,"open,survey_public",75,0.551714991150714,0.483467713009703,8.40150101227846,7.96884179114905,-4.41917633137654,0.945725223763907,0.578947368421053
"Ghana","women_iron","prev","infill","domain_index",8,75,"open,survey_public",75,0.307288487834289,0.274456127539278,12.9670592819906,13.0082544631584,0.323765432942175,1.46193658858411,0.421052631578947
"Ghana","women_iron","prev","infill","domain_enet",8,75,"open,survey_public",75,0.098584967185193,0.218603634461667,10.0197070813956,9.26319800102035,-6.16329179360575,1.09969860044543,0.421052631578947
"Ghana","women_iron","prev","infill","raw_enet",8,75,"open,survey_public",75,0.284972411389517,0.342659381562335,9.90572957711727,9.37708681796326,-6.13922193862101,1.06588980562264,0.421052631578947
"Ghana","women_iron","prev","infill","spatial_plus_domain",8,75,"open,survey_public",75,0.551714991150714,0.483467713009704,8.40150101227845,7.96884179114903,-4.41917633137654,0.945725223763907,0.578947368421053
"Ghana","women_iron","prev","infill","domain_index_cal",8,75,"open,survey_public",75,0.235736038988481,0.250550803314364,10.1805537508014,9.57309423618541,-6.32252080914567,1.09845903710787,0.421052631578947
"Ghana","women_iron","prev","infill","region_mean_jk",8,75,"open,survey_public",75,0.409534448324352,0.407736600323142,8.93788445384387,8.52816217307144,-3.26162753612413,0.981948594207288,0.473684210526316
"Ghana","women_iron","prev","infill","null_train_mean",9,75,"open,survey_public",75,-0.220473885164804,-0.240879794491929,9.78036581518528,8.81069803678097,3.64653330679291e-17,1.00939064465181,0.105263157894737
"Ghana","women_iron","prev","infill","spatial",9,75,"open,survey_public",75,0.516478323701813,0.524214067954799,8.40986039226975,7.97473509473519,-4.48809863856644,0.926598218740879,0.526315789473684
"Ghana","women_iron","prev","infill","domain_index",9,75,"open,survey_public",75,0.323849289889693,0.316982369921646,13.2471194571172,13.482629160928,0.993424225442441,1.40428608689932,0.473684210526316
"Ghana","women_iron","prev","infill","domain_enet",9,75,"open,survey_public",75,0.129810213852177,0.125580161403787,10.4791744549139,9.90234743001732,-6.23497683293135,1.1238575619959,0.421052631578947
"Ghana","women_iron","prev","infill","raw_enet",9,75,"open,survey_public",75,0.0131457123793646,-0.0169444667873941,10.6785161972578,10.0729444611447,-6.04451218900829,1.13697356585508,0.315789473684211
"Ghana","women_iron","prev","infill","spatial_plus_domain",9,75,"open,survey_public",75,0.516478323701813,0.524214067954799,8.40986039226975,7.97473509473519,-4.48809863856643,0.926598218740879,0.526315789473684
"Ghana","women_iron","prev","infill","domain_index_cal",9,75,"open,survey_public",75,0.226297388989919,0.21502496323978,10.2641546585642,9.68068429950511,-6.21402770301051,1.10086217959451,0.315789473684211
"Ghana","women_iron","prev","infill","region_mean_jk",9,75,"open,survey_public",75,0.445244218874856,0.499947153741645,8.57322411524056,8.32917731082116,-3.02288338527373,0.912697301528641,0.421052631578947
"Ghana","women_iron","prev","infill","null_train_mean",10,75,"open,survey_public",75,-0.130610403499229,-0.195960565020391,9.60940780664306,8.67135358400428,2.78152067351156e-16,1.00398155762723,0.210526315789474
"Ghana","women_iron","prev","infill","spatial",10,75,"open,survey_public",75,0.382035113966195,0.310828972267041,9.33479468372379,8.75193302039722,-4.93570817589092,1.04797788242868,0.421052631578947
"Ghana","women_iron","prev","infill","domain_index",10,75,"open,survey_public",75,0.336726716335902,0.266575497281315,13.1802131284295,13.0125311606615,0.2027519228466,1.46366790314749,0.421052631578947
"Ghana","women_iron","prev","infill","domain_enet",10,75,"open,survey_public",75,0.0252808000299826,0.124509766300917,10.5423009729266,9.79738000920996,-6.32868927796032,1.12358638277325,0.368421052631579
"Ghana","women_iron","prev","infill","raw_enet",10,75,"open,survey_public",75,0.278483339515506,0.254334270283275,10.0821003520021,9.62006637813957,-6.20043380380338,1.09203774609799,0.473684210526316
"Ghana","women_iron","prev","infill","spatial_plus_domain",10,75,"open,survey_public",75,0.382035113966195,0.310828972267042,9.3347946837238,8.75193302039723,-4.93570817589097,1.04797788242868,0.421052631578947
"Ghana","women_iron","prev","infill","domain_index_cal",10,75,"open,survey_public",75,0.291144943172114,0.235898124765526,10.1581657687649,9.54722878904806,-6.45106834619364,1.10652779698303,0.315789473684211
"Ghana","women_iron","prev","infill","region_mean_jk",10,75,"open,survey_public",75,0.400198208522561,0.340533777565376,9.48557181958603,9.11845588014426,-3.74543812538184,1.03708053535613,0.421052631578947
"Ghana","women_iron","prev","region","null_train_mean",1,75,"open,survey_public",75,-0.572332767421751,-0.613508646868319,9.8179718278774,8.84239618999816,-0.0454503723495008,1.0228935963282,0.0526315789473684
"Ghana","women_iron","prev","region","spatial",1,75,"open,survey_public",75,0.405156928825478,0.360787967402611,9.17104144421553,8.63261544608813,-4.59806580094454,1.00449384809966,0.315789473684211
"Ghana","women_iron","prev","region","domain_index",1,75,"open,survey_public",75,0.127709538700058,0.103686989205971,12.2519116935203,11.6585590298442,-2.83082576653871,1.29561900451425,0.210526315789474
"Ghana","women_iron","prev","region","domain_enet",1,75,"open,survey_public",75,-0.275345775894174,-0.220082939621692,11.422298590332,10.6648646908574,-6.97764840061726,1.22400235954597,0.157894736842105
"Ghana","women_iron","prev","region","raw_enet",1,75,"open,survey_public",75,-0.189323154989727,-0.0709465768844852,11.1711596175098,10.6288493005436,-5.13607969291002,1.19475181681684,0.263157894736842
"Ghana","women_iron","prev","region","spatial_plus_domain",1,75,"open,survey_public",75,0.405156928825478,0.360787967402605,9.17104144421555,8.63261544608815,-4.59806580094455,1.00449384809966,0.315789473684211
"Ghana","women_iron","prev","region","domain_index_cal",1,75,"open,survey_public",75,0.0023164979417203,-0.0151646607762865,10.657999156959,9.96836702691112,-6.54586237390348,1.15140881331706,0.157894736842105
"Ghana","women_iron","level","infill","null_train_mean",1,75,"open,survey_public",75,-0.13892563446268,-0.117922590120299,0.281159677772199,0.265236582152703,6.51486243424815e-17,0.99718822237647,0.210526315789474
"Ghana","women_iron","level","infill","spatial",1,75,"open,survey_public",75,0.528449502133713,0.506450678718643,0.233932238735572,0.220769498135633,-0.00326585827002834,0.864499316118247,0.578947368421053
"Ghana","women_iron","level","infill","domain_index",1,75,"open,survey_public",75,0.273684210526316,0.27514690828146,0.345672608667005,0.342927987821777,-0.0125032715936204,1.2284612279837,0.473684210526316
"Ghana","women_iron","level","infill","domain_enet",1,75,"open,survey_public",75,0.167539118065434,0.189306595789953,0.289217394856881,0.269369717983002,-0.0107118310238861,1.01406013967264,0.368421052631579
"Ghana","women_iron","level","infill","raw_enet",1,75,"open,survey_public",75,0.398719772403983,0.39561380051013,0.26415561595515,0.253357420685141,-0.0195783538107854,0.944439698980143,0.526315789473684
"Ghana","women_iron","level","infill","spatial_plus_domain",1,75,"open,survey_public",75,0.528449502133713,0.506450678718643,0.233932238735572,0.220769498135634,-0.00326585827002718,0.864499316118248,0.578947368421053
"Ghana","women_iron","level","infill","domain_index_cal",1,75,"open,survey_public",75,0.222503556187767,0.23887928870404,0.280017966093498,0.263895457418706,-0.00878552607729253,0.989302997198203,0.368421052631579
"Ghana","women_iron","level","infill","region_mean_jk",1,75,"open,survey_public",75,0.317686410131748,0.273908031298031,0.292983554963791,0.279027583434419,-0.00218021051350818,1.04334344728401,0.473684210526316
"Ghana","women_iron","level","infill","null_train_mean",2,75,"open,survey_public",75,-0.179427465199449,-0.187497965347388,0.282705496646474,0.266534459981046,-2.3711501512258e-17,1.00308422475727,0.105263157894737
"Ghana","women_iron","level","infill","spatial",2,75,"open,survey_public",75,0.584352773826458,0.564948254354854,0.219870201773986,0.21005090620072,-0.00252061914090779,0.821016065923938,0.631578947368421
"Ghana","women_iron","level","infill","domain_index",2,75,"open,survey_public",75,0.416386913229018,0.423593970759511,0.296022907884533,0.288003127400923,0.00789803137735538,1.03560717926891,0.526315789473684
"Ghana","women_iron","level","infill","domain_enet",2,75,"open,survey_public",75,0.186201991465149,0.199312291219839,0.280270893531728,0.256783453791077,0.00765071237435064,1.01212093691524,0.263157894736842
"Ghana","women_iron","level","infill","raw_enet",2,75,"open,survey_public",75,0.424153627311522,0.35828206428819,0.262626654010445,0.244197722200953,0.00307289543713245,0.957824106889598,0.473684210526316
"Ghana","women_iron","level","infill","spatial_plus_domain",2,75,"open,survey_public",75,0.586770981507823,0.565485135418622,0.220805745349697,0.210730839434568,-0.00453773484471883,0.820700106099589,0.631578947368421
"Ghana","women_iron","level","infill","domain_index_cal",2,75,"open,survey_public",75,0.395049786628734,0.404241172973673,0.255932013879816,0.241007787596582,0.0030822518022164,0.908618440222139,0.473684210526316
"Ghana","women_iron","level","infill","region_mean_jk",2,75,"open,survey_public",75,0.312537384395177,0.291865604034153,0.304296377085052,0.2923996530679,0.0020451733605514,1.05519459470024,0.315789473684211
"Ghana","women_iron","level","infill","null_train_mean",3,75,"open,survey_public",75,-0.114101931753048,-0.145022808776702,0.280550592871982,0.264627361242956,6.51457331366882e-17,0.999169261450737,0.210526315789474
"Ghana","women_iron","level","infill","spatial",3,75,"open,survey_public",75,0.57425320056899,0.566461017936946,0.223189013081004,0.212285450951545,-0.00861696967331461,0.821021677675917,0.631578947368421
"Ghana","women_iron","level","infill","domain_index",3,75,"open,survey_public",75,0.403243243243243,0.415596155634824,0.306373082049821,0.295512196958232,0.0093751926725501,1.0664461527452,0.473684210526316
"Ghana","women_iron","level","infill","domain_enet",3,75,"open,survey_public",75,0.206628733997155,0.248089261399485,0.273850053784176,0.261246249357521,-0.00242614215075188,1.00554310882369,0.315789473684211
"Ghana","women_iron","level","infill","raw_enet",3,75,"open,survey_public",75,0.42927453769559,0.429455087645784,0.245836316179064,0.228818361877732,-0.0165039655491064,0.923738491743731,0.578947368421053
"Ghana","women_iron","level","infill","spatial_plus_domain",3,75,"open,survey_public",75,0.57425320056899,0.566461017936945,0.223189013081003,0.212285450951545,-0.00861696967331257,0.821021677675917,0.631578947368421
"Ghana","women_iron","level","infill","domain_index_cal",3,75,"open,survey_public",75,0.365206258890469,0.377235296733215,0.261521194467635,0.246021546428491,0.00466269414228352,0.920755205953979,0.526315789473684
"Ghana","women_iron","level","infill","region_mean_jk",3,75,"open,survey_public",75,0.407871445008481,0.376319189296957,0.2737015400958,0.261297034385655,0.00740538075153913,0.976556413948868,0.578947368421053
"Ghana","women_iron","level","infill","null_train_mean",4,75,"open,survey_public",75,-0.228203863506095,-0.238607938641891,0.283470449295611,0.267230818473674,6.51486243424815e-17,1.00909112423963,0.157894736842105
"Ghana","women_iron","level","infill","spatial",4,75,"open,survey_public",75,0.462247510668563,0.464410262474858,0.2491773098244,0.233765800187811,-0.0180242314088095,0.892048102953778,0.473684210526316
"Ghana","women_iron","level","infill","domain_index",4,75,"open,survey_public",75,0.344238975817923,0.356535810290854,0.317035688571815,0.305136752580203,-0.0168095010298771,1.10046377317135,0.473684210526316
"Ghana","women_iron","level","infill","domain_enet",4,75,"open,survey_public",75,0.256159317211949,0.277961727622943,0.279062719084698,0.259375161817655,-0.0221936146175761,1.00838994429689,0.315789473684211
"Ghana","women_iron","level","infill","raw_enet",4,75,"open,survey_public",75,0.398833570412518,0.424092264069256,0.254256309548237,0.234841679166579,-0.0263228382290449,0.925776271112645,0.526315789473684
"Ghana","women_iron","level","infill","spatial_plus_domain",4,75,"open,survey_public",75,0.462247510668563,0.464410262474857,0.249177309824401,0.233765800187811,-0.0180242314088111,0.892048102953779,0.473684210526316
"Ghana","women_iron","level","infill","domain_index_cal",4,75,"open,survey_public",75,0.330526315789474,0.335091947498926,0.26727245914437,0.246871314835747,-0.00779995289163574,0.939793740787693,0.473684210526316
"Ghana","women_iron","level","infill","region_mean_jk",4,75,"open,survey_public",75,0.270474162865485,0.263733950827062,0.285391518190096,0.269169383002775,-0.0136293715586094,1.02211940069206,0.315789473684211
"Ghana","women_iron","level","infill","null_train_mean",5,75,"open,survey_public",75,-0.227332856393477,-0.206248830720342,0.283423174133277,0.265679381608431,-1.12480554384509e-16,1.00512465827029,0.105263157894737
"Ghana","women_iron","level","infill","spatial",5,75,"open,survey_public",75,0.618293029871977,0.597091098777255,0.221406407825407,0.215210148918558,0.0160277970994252,0.803712915148736,0.684210526315789
"Ghana","women_iron","level","infill","domain_index",5,75,"open,survey_public",75,0.449445234708393,0.455860203705067,0.287704739403807,0.280835988541196,-0.00406635672555138,1.01203607494685,0.526315789473684
"Ghana","women_iron","level","infill","domain_enet",5,75,"open,survey_public",75,0.289615931721195,0.279393460919873,0.27460282741782,0.253599608067,-0.00668807119731829,0.960339991073511,0.368421052631579
"Ghana","women_iron","level","infill","raw_enet",5,75,"open,survey_public",75,0.486088193456614,0.45164085742306,0.246468885806448,0.232070741794755,0.00331306452966567,0.910576932811686,0.526315789473684
"Ghana","women_iron","level","infill","spatial_plus_domain",5,75,"open,survey_public",75,0.603698435277383,0.590009834265627,0.223530945487922,0.215138598557753,0.0132107359452926,0.810348839851968,0.631578947368421
"Ghana","women_iron","level","infill","domain_index_cal",5,75,"open,survey_public",75,0.41172119487909,0.424107590497019,0.253280018743546,0.235849665565955,-0.000591233329855925,0.900925198319349,0.526315789473684
"Ghana","women_iron","level","infill","region_mean_jk",5,75,"open,survey_public",75,0.477015164916305,0.471665358767456,0.263352796721311,0.253759386488683,0.0142572597711945,0.907152251418257,0.526315789473684
"Ghana","women_iron","level","infill","null_train_mean",6,75,"open,survey_public",75,-0.308772021423324,-0.338775199029266,0.283784873726711,0.266442796736852,-2.37086103064647e-17,1.02487231368428,0.157894736842105
"Ghana","women_iron","level","infill","spatial",6,75,"open,survey_public",75,0.601137980085348,0.591341512086818,0.216379659089912,0.206577191941133,0.00573027859628815,0.801237808154658,0.684210526315789
"Ghana","women_iron","level","infill","domain_index",6,75,"open,survey_public",75,0.424580369843528,0.437264394288463,0.285885582842273,0.277166767193116,0.00136641940207144,1.01399314414101,0.526315789473684
"Ghana","women_iron","level","infill","domain_enet",6,75,"open,survey_public",75,0.340796586059744,0.379731040340072,0.256845699184149,0.243169245232093,-0.00936678345324501,0.919451256069114,0.368421052631579
"Ghana","women_iron","level","infill","raw_enet",6,75,"open,survey_public",75,0.448790896159317,0.434112936217346,0.238887347812454,0.223882079050982,-0.00982686754500409,0.902562901300708,0.526315789473684
"Ghana","women_iron","level","infill","spatial_plus_domain",6,75,"open,survey_public",75,0.60022759601707,0.591701308210084,0.216260932203519,0.206629328178042,0.00574470272548565,0.800984587458033,0.684210526315789
"Ghana","women_iron","level","infill","domain_index_cal",6,75,"open,survey_public",75,0.374679943100996,0.385771720873287,0.256489051016525,0.239550458950729,0.000643264158608587,0.916427972779993,0.526315789473684
"Ghana","women_iron","level","infill","region_mean_jk",6,75,"open,survey_public",75,0.394498703609274,0.398936916813428,0.266294542637493,0.258952440270435,0.0343774501905531,0.951742568621636,0.578947368421053
"Ghana","women_iron","level","infill","null_train_mean",7,75,"open,survey_public",75,-0.0796971508046096,-0.112145106132555,0.278456313066422,0.261882336546419,-2.37086103064647e-17,0.996818257229987,0.157894736842105
"Ghana","women_iron","level","infill","spatial",7,75,"open,survey_public",75,0.592631578947368,0.579649238108086,0.221232035468475,0.208079748794388,-0.00855119726734297,0.810750410223335,0.684210526315789
"Ghana","women_iron","level","infill","domain_index",7,75,"open,survey_public",75,0.441820768136558,0.461193803202747,0.291445143561043,0.284406179997798,-0.00774946532623192,1.01905993933422,0.526315789473684
"Ghana","women_iron","level","infill","domain_enet",7,75,"open,survey_public",75,0.428449502133713,0.446149640451081,0.254921781612951,0.242469163006063,-0.00918010128525801,0.889463070128484,0.473684210526316
"Ghana","women_iron","level","infill","raw_enet",7,75,"open,survey_public",75,0.502105263157895,0.466074277135844,0.241026106093447,0.233665219806658,-0.00686918748177641,0.884587476549061,0.578947368421053
"Ghana","women_iron","level","infill","spatial_plus_domain",7,75,"open,survey_public",75,0.592631578947368,0.579649238108087,0.221232035468474,0.208079748794388,-0.00855119726734233,0.810750410223334,0.684210526315789
"Ghana","women_iron","level","infill","domain_index_cal",7,75,"open,survey_public",75,0.421052631578947,0.446015329764395,0.250005044317469,0.233745789581602,-0.00441533906190246,0.8903193873735,0.526315789473684
"Ghana","women_iron","level","infill","region_mean_jk",7,75,"open,survey_public",75,0.374058159489797,0.364497213894305,0.275130243404897,0.261607271334415,-0.0213616994584041,0.997308527867691,0.526315789473684
"Ghana","women_iron","level","infill","null_train_mean",8,75,"open,survey_public",75,-0.155039266046126,-0.15568141123627,0.280311026643998,0.264449661841636,-2.37086103064647e-17,1.00005901634262,0.157894736842105
"Ghana","women_iron","level","infill","spatial",8,75,"open,survey_public",75,0.610953058321479,0.611296037185387,0.213906431926353,0.206046810394568,-0.00518762439006199,0.786599378046657,0.631578947368421
"Ghana","women_iron","level","infill","domain_index",8,75,"open,survey_public",75,0.424381223328592,0.42579248268635,0.305520236201593,0.297084414951759,-0.0228617308015907,1.05142287256939,0.473684210526316
"Ghana","women_iron","level","infill","domain_enet",8,75,"open,survey_public",75,0.339317211948791,0.341958969566799,0.268474669864788,0.252735386951712,0.00619663276061947,0.974784597632382,0.473684210526316
"Ghana","women_iron","level","infill","raw_enet",8,75,"open,survey_public",75,0.47800853485064,0.445461835150488,0.24187540554379,0.225281617474244,-0.012416654191828,0.922206796845602,0.526315789473684
"Ghana","women_iron","level","infill","spatial_plus_domain",8,75,"open,survey_public",75,0.596130867709815,0.592198793293653,0.216281596865234,0.207922993162945,-0.0126559096654614,0.802551101077977,0.578947368421053
"Ghana","women_iron","level","infill","domain_index_cal",8,75,"open,survey_public",75,0.384637268847795,0.383376428683165,0.261443027228842,0.246180970430686,-0.00756098456421614,0.917691386017071,0.421052631578947
"Ghana","women_iron","level","infill","region_mean_jk",8,75,"open,survey_public",75,0.372563267066642,0.386716443782061,0.27363707461422,0.26546568938872,0.0134159377419538,0.963319420940516,0.578947368421053
"Ghana","women_iron","level","infill","null_train_mean",9,75,"open,survey_public",75,-0.224719835055621,-0.218854754277754,0.281437281676197,0.266099206427111,-2.3711501512258e-17,1.00660306257854,0.105263157894737
"Ghana","women_iron","level","infill","spatial",9,75,"open,survey_public",75,0.597894736842105,0.5970449824136,0.21466955220733,0.204881505358053,0.00250429776381106,0.796919810173134,0.631578947368421
"Ghana","women_iron","level","infill","domain_index",9,75,"open,survey_public",75,0.420142247510669,0.426380510155408,0.292254938945566,0.282356355056733,-0.0079967436638267,1.02833918769208,0.526315789473684
"Ghana","women_iron","level","infill","domain_enet",9,75,"open,survey_public",75,0.365177809388336,0.397079587961979,0.253843244903807,0.237619148878656,0.00410308828535078,0.914798413529841,0.473684210526316
"Ghana","women_iron","level","infill","raw_enet",9,75,"open,survey_public",75,0.484182076813656,0.470772822661359,0.235048139481297,0.22140889666835,0.00176465122557039,0.884308056873556,0.473684210526316
"Ghana","women_iron","level","infill","spatial_plus_domain",9,75,"open,survey_public",75,0.591152204836415,0.588984209423123,0.215389679651903,0.204684751517395,0.00500786348194318,0.803055511973646,0.631578947368421
"Ghana","women_iron","level","infill","domain_index_cal",9,75,"open,survey_public",75,0.403641536273115,0.400338087766171,0.255793346373236,0.239002829916345,-0.00344074567940467,0.910323491529562,0.473684210526316
"Ghana","women_iron","level","infill","region_mean_jk",9,75,"open,survey_public",75,0.444567797608129,0.393566019543323,0.279142090374943,0.273287868442641,0.0183085145776312,0.969544730340456,0.631578947368421
"Ghana","women_iron","level","infill","null_train_mean",10,75,"open,survey_public",75,-0.170717394073262,-0.202587977498415,0.28168177325405,0.266628202526257,6.51486243424815e-17,1.0047113589756,0.157894736842105
"Ghana","women_iron","level","infill","spatial",10,75,"open,survey_public",75,0.423015647226173,0.425527619642368,0.249508698259173,0.234991954044562,-0.0220719503225817,0.912941296242689,0.473684210526316
"Ghana","women_iron","level","infill","domain_index",10,75,"open,survey_public",75,0.424495021337127,0.418224159920151,0.305059207311583,0.292182615328295,-0.0153639932746664,1.05382206848565,0.473684210526316
"Ghana","women_iron","level","infill","domain_enet",10,75,"open,survey_public",75,0.337268847795164,0.336549228193776,0.264585685936675,0.246821204571364,0.00156506263563476,0.957716807759259,0.473684210526316
"Ghana","women_iron","level","infill","raw_enet",10,75,"open,survey_public",75,0.458605974395448,0.42945937610505,0.250532960182271,0.23692512329846,-0.00640227700138559,0.899138958107573,0.421052631578947
"Ghana","women_iron","level","infill","spatial_plus_domain",10,75,"open,survey_public",75,0.419317211948791,0.417980627940105,0.251150437006985,0.237235404093823,-0.0194687626663233,0.91749638315124,0.473684210526316
"Ghana","women_iron","level","infill","domain_index_cal",10,75,"open,survey_public",75,0.396955903271693,0.399213765644909,0.256370256054157,0.239760185623538,-0.00767805474708068,0.911001514580973,0.421052631578947
"Ghana","women_iron","level","infill","region_mean_jk",10,75,"open,survey_public",75,0.341914303098089,0.322261078185711,0.277731638449227,0.267639801588839,0.00393262610555097,0.985132286910589,0.473684210526316
"Ghana","women_iron","level","region","null_train_mean",1,75,"open,survey_public",75,-0.517355030966714,-0.560572839766748,0.285649106639227,0.269411283038767,-0.000395294322542981,1.024503862123,0.0526315789473684
"Ghana","women_iron","level","region","spatial",1,75,"open,survey_public",75,0.441650071123755,0.457438159670474,0.24096504849771,0.232503271878982,0.0136587835573387,0.891023445477609,0.473684210526316
"Ghana","women_iron","level","region","domain_index",1,75,"open,survey_public",75,0.305035561877667,0.321656097230069,0.306971130256942,0.293716495811023,-0.0391138851320423,1.07183639356677,0.315789473684211
"Ghana","women_iron","level","region","domain_enet",1,75,"open,survey_public",75,0.0946799431009957,-0.00247438797844435,0.365251503605208,0.341123268762802,0.015655304914586,1.39807380526038,0.263157894736842
"Ghana","women_iron","level","region","raw_enet",1,75,"open,survey_public",75,0.20076813655761,0.195090018375071,0.29115072542445,0.272328299226623,0.034836200525947,1.11301438784253,0.368421052631579
"Ghana","women_iron","level","region","spatial_plus_domain",1,75,"open,survey_public",75,0.377866287339972,0.350333571106453,0.263191289253608,0.248287864125094,-0.0101219856953446,0.974699912478655,0.473684210526316
"Ghana","women_iron","level","region","domain_index_cal",1,75,"open,survey_public",75,0.215647226173542,0.209432773252713,0.273660411854707,0.258243241982472,-0.011746897881025,0.97856418750624,0.315789473684211
"Ghana","women_folate","prev","infill","null_train_mean",1,75,"open,survey_public",75,-0.179989908947815,-0.170058952440013,25.8923758865584,23.6147994511768,-3.70074341541719e-16,1.00135772475222,0.105263157894737
"Ghana","women_folate","prev","infill","spatial",1,75,"open,survey_public",75,0.400910015347629,0.445410501931309,22.5225864782462,20.8806633400154,0.371703884268447,0.966960657104041,0.421052631578947
"Ghana","women_folate","prev","infill","domain_index",1,75,"open,survey_public",75,0.223429303611972,0.280585503309347,32.0903766860267,31.1130650345497,-3.97668719178076,1.37255787515257,0.210526315789474
"Ghana","women_folate","prev","infill","domain_enet",1,75,"open,survey_public",75,0.271573375501159,0.319247178136374,24.0093116722529,22.0942012244235,0.408273465996685,0.991787195031059,0.315789473684211
"Ghana","women_folate","prev","infill","raw_enet",1,75,"open,survey_public",75,0.386330173694567,0.434956926997543,22.3495443795227,19.7570849455373,0.545352298850612,0.956604364264815,0.368421052631579
"Ghana","women_folate","prev","infill","spatial_plus_domain",1,75,"open,survey_public",75,0.400910015347629,0.445410501931309,22.5225864782462,20.8806633400154,0.371703884268342,0.966960657104041,0.421052631578947
"Ghana","women_folate","prev","infill","domain_index_cal",1,75,"open,survey_public",75,0.204075027008983,0.259848740437904,25.530521205555,23.8681086608865,-1.48366914696331,1.04120110962663,0.157894736842105
"Ghana","women_folate","prev","infill","region_mean_jk",1,75,"open,survey_public",75,0.277885853289797,0.362603811692826,24.5746115888696,23.4915269558718,1.85424486033431,1.04769189999293,0.263157894736842
"Ghana","women_folate","prev","infill","null_train_mean",2,75,"open,survey_public",75,-0.212497177351723,-0.233983426422797,25.8743337766542,23.580321512858,-3.70652582700378e-16,1.00848993153039,0.263157894736842
"Ghana","women_folate","prev","infill","spatial",2,75,"open,survey_public",75,0.287834293279798,0.33506369081753,26.0251083509928,23.9254121426468,-0.124151426515182,1.11206566983811,0.210526315789474
"Ghana","women_folate","prev","infill","domain_index",2,75,"open,survey_public",75,0.209034738539057,0.276040688202657,32.8801236662258,33.0366007243768,-3.34774823939047,1.39589843154006,0.210526315789474
"Ghana","women_folate","prev","infill","domain_enet",2,75,"open,survey_public",75,0.0298722855374557,0.105265841259713,27.7863131645674,25.0285790373707,-0.605431524285636,1.18540213512034,0.105263157894737
"Ghana","women_folate","prev","infill","raw_enet",2,75,"open,survey_public",75,0.16662065373015,0.22473000827859,26.2806753946554,24.4730418211089,-1.11985293410777,1.11916573823581,0.368421052631579
"Ghana","women_folate","prev","infill","spatial_plus_domain",2,75,"open,survey_public",75,0.268508520766062,0.311556246354369,26.5557448348112,24.4583975418945,-0.584279702051634,1.13429788066212,0.210526315789474
"Ghana","women_folate","prev","infill","domain_index_cal",2,75,"open,survey_public",75,0.194511905064502,0.239408628054556,25.8856394455649,24.1630936458315,-0.9600331130221,1.06523500158025,0.210526315789474
"Ghana","women_folate","prev","infill","region_mean_jk",2,75,"open,survey_public",75,0.0941535645994045,0.19753908160792,28.7594786819862,26.8571312663055,0.292867665022637,1.19844402843622,0.157894736842105
"Ghana","women_folate","prev","infill","null_train_mean",3,75,"open,survey_public",75,-0.264639708549939,-0.280329988136582,26.1464135448976,23.8482883648917,-3.70074341541719e-16,1.01502772741175,0.157894736842105
"Ghana","women_folate","prev","infill","spatial",3,75,"open,survey_public",75,0.382125820529706,0.435830342341256,23.3282059097974,21.9030453713926,0.48876863448859,0.984676032904184,0.368421052631579
"Ghana","women_folate","prev","infill","domain_index",3,75,"open,survey_public",75,0.260427611462752,0.281401199850512,32.8106747379373,32.5428070916768,-4.23666768026348,1.38544169844613,0.315789473684211
"Ghana","women_folate","prev","infill","domain_enet",3,75,"open,survey_public",75,0.0387513093398579,0.0526475087595365,31.2392073313749,29.3901999012021,-5.62681945330734,1.29464004552192,0.210526315789474
"Ghana","women_folate","prev","infill","raw_enet",3,75,"open,survey_public",75,0.254427500674933,0.291622256753277,26.4148987888731,24.9157914176963,-2.58835353364098,1.07669620799872,0.315789473684211
"Ghana","women_folate","prev","infill","spatial_plus_domain",3,75,"open,survey_public",75,0.382125820529706,0.435830342341256,23.3282059097974,21.9030453713927,0.488768634488292,0.984676032904184,0.368421052631579
"Ghana","women_folate","prev","infill","domain_index_cal",3,75,"open,survey_public",75,0.172121942956037,0.223312848487957,26.1576376205087,24.7578016189354,-1.74327406670786,1.06768264137594,0.210526315789474
"Ghana","women_folate","prev","infill","region_mean_jk",3,75,"open,survey_public",75,0.230103873142594,0.250928569106367,26.2952323560616,24.4148321660376,-0.450225560696685,1.13280696189902,0.210526315789474
"Ghana","women_folate","prev","infill","null_train_mean",4,75,"open,survey_public",75,-0.132428939068271,-0.149179034364022,25.8124749919706,23.3960868672411,1.85123906944658e-15,0.999508804338269,0.263157894736842
"Ghana","women_folate","prev","infill","spatial",4,75,"open,survey_public",75,0.4077937529023,0.440720286531298,22.6604610575594,20.5792708809722,1.24025665729481,0.99176617317872,0.368421052631579
"Ghana","women_folate","prev","infill","domain_index",4,75,"open,survey_public",75,0.196963256740285,0.214233623512358,34.8253792859846,33.5593664640751,-5.57958089634861,1.44325611652483,0.263157894736842
"Ghana","women_folate","prev","infill","domain_enet",4,75,"open,survey_public",75,0.166307108748364,0.213977314697751,25.5916015590094,22.7048079899106,-0.742870562209265,1.08833249246831,0.368421052631579
"Ghana","women_folate","prev","infill","raw_enet",4,75,"open,survey_public",75,0.206767230939024,0.271744310661174,24.6157933381169,21.7066466580189,-0.488571053227242,1.05941918375241,0.315789473684211
"Ghana","women_folate","prev","infill","spatial_plus_domain",4,75,"open,survey_public",75,0.4077937529023,0.440720286531297,22.6604610575594,20.5792708809722,1.24025665729465,0.991766173178721,0.368421052631579
"Ghana","women_folate","prev","infill","domain_index_cal",4,75,"open,survey_public",75,0.151157185310236,0.196340817650678,26.0268827809968,23.6507067962163,-1.56361522976189,1.07929133421172,0.315789473684211
"Ghana","women_folate","prev","infill","region_mean_jk",4,75,"open,survey_public",75,0.268305301918921,0.334509598433665,23.6115001485115,21.8657146627406,0.63731801648251,1.06014239971612,0.263157894736842
"Ghana","women_folate","prev","infill","null_train_mean",5,75,"open,survey_public",75,-0.210097311899086,-0.225842976192221,26.0054925820397,23.6385125930903,-2.59008670992304e-15,1.00745941325623,0.157894736842105
"Ghana","women_folate","prev","infill","spatial",5,75,"open,survey_public",75,0.367246685939484,0.419769081653782,23.4549828952627,22.0751304091277,0.513449025514344,0.993901310694048,0.315789473684211
"Ghana","women_folate","prev","infill","domain_index",5,75,"open,survey_public",75,0.242883344527348,0.285977865853154,32.3952608901632,32.4392888866165,-4.00269136278092,1.34673300418861,0.368421052631579
"Ghana","women_folate","prev","infill","domain_enet",5,75,"open,survey_public",75,-0.102637485342027,-0.105943495856701,29.9751024343997,27.5544956081809,4.1907772198823,1.25240201179707,0.157894736842105
"Ghana","women_folate","prev","infill","raw_enet",5,75,"open,survey_public",75,0.192473862682891,0.223733866824973,26.5524533190023,24.4087074827692,1.6359115409188,1.11880654400208,0.315789473684211
"Ghana","women_folate","prev","infill","spatial_plus_domain",5,75,"open,survey_public",75,0.367246685939484,0.419769081653781,23.4549828952627,22.0751304091277,0.513449025514436,0.993901310694049,0.315789473684211
"Ghana","women_folate","prev","infill","domain_index_cal",5,75,"open,survey_public",75,0.20093957719112,0.204602633715196,26.3865835074704,24.6614464931961,-0.931775266413941,1.06537012145644,0.315789473684211
"Ghana","women_folate","prev","infill","region_mean_jk",5,75,"open,survey_public",75,0.244198649459936,0.319805866922037,24.7147586923574,22.8934791165904,1.98259855796224,1.09364140033306,0.315789473684211
"Ghana","women_folate","prev","infill","null_train_mean",6,75,"open,survey_public",75,-0.233877796838857,-0.250808572027397,26.1481742878284,23.7510298874073,-3.70652582700378e-16,1.01073186763702,0.0526315789473684
"Ghana","women_folate","prev","infill","spatial",6,75,"open,survey_public",75,0.437780054796769,0.499102288056764,21.5468795678343,20.1837636498279,0.89312319451491,0.928477635933204,0.315789473684211
"Ghana","women_folate","prev","infill","domain_index",6,75,"open,survey_public",75,0.233491247118386,0.29883979927902,31.1699388971236,30.5235066210004,-1.49650768007807,1.33897597438004,0.210526315789474
"Ghana","women_folate","prev","infill","domain_enet",6,75,"open,survey_public",75,0.161504169709183,0.25197027482366,25.1533897343313,23.5799292625274,0.197120597360499,1.03760830344204,0.157894736842105
"Ghana","women_folate","prev","infill","raw_enet",6,75,"open,survey_public",75,0.381840779637173,0.454966168712245,22.6280019894946,21.1839891453818,-0.290298617908072,0.944132216596157,0.368421052631579
"Ghana","women_folate","prev","infill","spatial_plus_domain",6,75,"open,survey_public",75,0.437780054796769,0.499102288056764,21.5468795678343,20.1837636498279,0.893123194514909,0.928477635933204,0.315789473684211
"Ghana","women_folate","prev","infill","domain_index_cal",6,75,"open,survey_public",75,0.208436152664738,0.258079348514008,25.4817523640055,23.8711039119768,-0.430500671005201,1.01719384514711,0.210526315789474
"Ghana","women_folate","prev","infill","region_mean_jk",6,75,"open,survey_public",75,0.310016737790236,0.422113052290801,23.6438541720652,22.6561167557753,2.80517851307944,0.986104366852955,0.210526315789474
"Ghana","women_folate","prev","infill","null_train_mean",7,75,"open,survey_public",75,-0.308709965043828,-0.331011125070805,26.516173910166,24.15076540402,-3.70074341541719e-16,1.02346329157309,0.157894736842105
"Ghana","women_folate","prev","infill","spatial",7,75,"open,survey_public",75,0.416843801240222,0.460119101333188,22.1225447422843,20.4438792189064,2.36770871241107,0.955464837279039,0.368421052631579
"Ghana","women_folate","prev","infill","domain_index",7,75,"open,survey_public",75,0.274266346795228,0.29138578700033,31.6081952457975,31.2519468448132,-4.81862912098768,1.33500674891512,0.315789473684211
"Ghana","women_folate","prev","infill","domain_enet",7,75,"open,survey_public",75,0.0464189093489949,0.0701345545039453,27.2935863240731,25.2862072145828,-1.58485409797679,1.08475033141299,0.210526315789474
"Ghana","women_folate","prev","infill","raw_enet",7,75,"open,survey_public",75,0.207980087236685,0.282138625934941,26.355883661061,24.2665182154021,0.815371991443992,1.09267974562526,0.210526315789474
"Ghana","women_folate","prev","infill","spatial_plus_domain",7,75,"open,survey_public",75,0.416843801240222,0.460119101333188,22.1225447422843,20.4438792189064,2.36770871241103,0.955464837279038,0.368421052631579
"Ghana","women_folate","prev","infill","domain_index_cal",7,75,"open,survey_public",75,0.180929706535306,0.193921332301809,26.287173327467,24.3908373782141,-1.11914535466934,1.05626487150393,0.263157894736842
"Ghana","women_folate","prev","infill","region_mean_jk",7,75,"open,survey_public",75,0.232688517427976,0.297373192071928,26.0739407985763,24.3888622521082,2.80647224560652,1.12312801714469,0.210526315789474
"Ghana","women_folate","prev","infill","null_train_mean",8,75,"open,survey_public",75,-0.0774502032442112,-0.0867882339308655,25.8298102270729,23.5099234852894,-3.70074341541719e-16,0.995412997858814,0.263157894736842
"Ghana","women_folate","prev","infill","spatial",8,75,"open,survey_public",75,0.463790036240403,0.509490600584155,21.5132801571587,20.0565756102294,1.21330009955941,0.921540355401044,0.368421052631579
"Ghana","women_folate","prev","infill","domain_index",8,75,"open,survey_public",75,0.286494601084893,0.313365524836119,32.3779460667782,31.7683507660844,-3.49969000002171,1.3628761049779,0.263157894736842
"Ghana","women_folate","prev","infill","domain_enet",8,75,"open,survey_public",75,0.238222925934434,0.265801980505961,25.143656904639,23.0482093981486,1.41076393846188,1.03979343926817,0.210526315789474
"Ghana","women_folate","prev","infill","raw_enet",8,75,"open,survey_public",75,0.369911818284668,0.427616625000238,23.1896510688663,21.8876488588198,1.78357975049488,0.932858799910442,0.421052631578947
"Ghana","women_folate","prev","infill","spatial_plus_domain",8,75,"open,survey_public",75,0.463790036240403,0.509490600584155,21.5132801571587,20.0565756102295,1.21330009955931,0.921540355401044,0.368421052631579
"Ghana","women_folate","prev","infill","domain_index_cal",8,75,"open,survey_public",75,0.270204514076633,0.304742671216196,24.9915046334463,23.3512266083101,-0.621993995935291,0.998632233944665,0.263157894736842
"Ghana","women_folate","prev","infill","region_mean_jk",8,75,"open,survey_public",75,0.395040476670848,0.470774480889896,21.6395518242477,20.7938858953573,1.43281404271527,0.930657834996944,0.368421052631579
"Ghana","women_folate","prev","infill","null_train_mean",9,75,"open,survey_public",75,-0.197007136702881,-0.175759774188198,25.9276412554872,23.5719855509299,-3.70652582700378e-16,1.00190391165034,0.0526315789473684
"Ghana","women_folate","prev","infill","spatial",9,75,"open,survey_public",75,0.44730042060737,0.499077997646085,21.6174432075601,19.9889283836446,-0.627751345256277,0.921368234896904,0.368421052631579
"Ghana","women_folate","prev","infill","domain_index",9,75,"open,survey_public",75,0.306034154268028,0.324145758035746,32.0451562793124,31.9707374230072,-3.6061501500325,1.34985694171869,0.315789473684211
"Ghana","women_folate","prev","infill","domain_enet",9,75,"open,survey_public",75,0.200098706558148,0.278105407572385,23.8860110700887,21.7918332999941,-2.36969441717713,1.00275212653532,0.263157894736842
"Ghana","women_folate","prev","infill","raw_enet",9,75,"open,survey_public",75,0.409917307551671,0.447674243929782,21.92227668015,20.5033834062131,-1.88254993026588,0.917728277069292,0.368421052631579
"Ghana","women_folate","prev","infill","spatial_plus_domain",9,75,"open,survey_public",75,0.44730042060737,0.499077997646085,21.6174432075601,19.9889283836446,-0.62775134525633,0.921368234896903,0.368421052631579
"Ghana","women_folate","prev","infill","domain_index_cal",9,75,"open,survey_public",75,0.256636567592064,0.32460558031473,24.0882231853745,22.7527335454599,-1.02855902057736,0.989466390169655,0.315789473684211
"Ghana","women_folate","prev","infill","region_mean_jk",9,75,"open,survey_public",75,0.328315077270714,0.419423593251679,22.6610747209589,21.8753163659864,-0.0893930014419901,0.977019786061717,0.421052631578947
"Ghana","women_folate","prev","infill","null_train_mean",10,75,"open,survey_public",75,-0.179771739361211,-0.171820968901996,25.9760251280828,23.7442724718054,-3.70652582700378e-16,1.00152464964092,0.105263157894737
"Ghana","women_folate","prev","infill","spatial",10,75,"open,survey_public",75,0.437979583421542,0.481480933469468,21.8918389044834,20.4560402490677,0.37497641411366,0.945320237527563,0.368421052631579
"Ghana","women_folate","prev","infill","domain_index",10,75,"open,survey_public",75,0.26235163748735,0.303726215161927,32.2658817272635,32.4580547244437,-4.09677978843773,1.34956743002227,0.263157894736842
"Ghana","women_folate","prev","infill","domain_enet",10,75,"open,survey_public",75,0.234374873885238,0.246127082282625,25.7090167820489,23.8392670922009,-0.316317679700957,1.06314274708803,0.263157894736842
"Ghana","women_folate","prev","infill","raw_enet",10,75,"open,survey_public",75,0.354833155069673,0.371902674948449,25.5867497981462,23.9491025006799,-3.32062355997291,1.04936364591248,0.315789473684211
"Ghana","women_folate","prev","infill","spatial_plus_domain",10,75,"open,survey_public",75,0.437979583421542,0.481480933469467,21.8918389044834,20.4560402490677,0.374976414113592,0.945320237527564,0.368421052631579
"Ghana","women_folate","prev","infill","domain_index_cal",10,75,"open,survey_public",75,0.258774374286061,0.31499646144492,24.6147625683994,23.2914275297533,-1.05646525364055,0.99368530934022,0.315789473684211
"Ghana","women_folate","prev","infill","region_mean_jk",10,75,"open,survey_public",75,0.26967773025002,0.356739001739953,23.8564268845548,22.6379859751007,-1.54146128391627,1.03584326163291,0.368421052631579
"Ghana","women_folate","prev","region","null_train_mean",1,75,"open,survey_public",75,-0.513946309887754,-0.583696750673118,26.4383716465557,24.0239159468216,0.0586793099250719,1.01987278438657,0.105263157894737
"Ghana","women_folate","prev","region","spatial",1,75,"open,survey_public",75,0.321554630866449,0.36302037763246,24.5937135117659,22.7745247089232,3.41003849137604,1.06075482113754,0.368421052631579
"Ghana","women_folate","prev","region","domain_index",1,75,"open,survey_public",75,0.152853178620808,0.225206263672432,34.7653582471485,34.270173902607,-3.75815918361707,1.41427043816383,0.210526315789474
"Ghana","women_folate","prev","region","domain_enet",1,75,"open,survey_public",75,-0.00686948551004469,-0.0360348585296782,31.7796554824018,28.9719656908311,-1.97435269682684,1.37295246403554,0.210526315789474
"Ghana","women_folate","prev","region","raw_enet",1,75,"open,survey_public",75,0.0874344799617004,0.0644754906570605,30.2028107845247,28.4101105275346,-3.94729926841008,1.29208293587553,0.315789473684211
"Ghana","women_folate","prev","region","spatial_plus_domain",1,75,"open,survey_public",75,0.321554630866449,0.36302037763246,24.5937135117659,22.7745247089231,3.41003849137603,1.06075482113753,0.368421052631579
"Ghana","women_folate","prev","region","domain_index_cal",1,75,"open,survey_public",75,0.0670843740576356,0.106245715931473,27.739744499669,25.6240321303975,-0.294767440420559,1.13201753014045,0.210526315789474
"Ghana","women_folate","level","infill","null_train_mean",1,75,"open,survey_public",75,-0.222977820830383,-0.207887472296817,0.313346730811378,0.290827907556489,8.88756660858784e-18,1.00531199798781,0.157894736842105
"Ghana","women_folate","level","infill","spatial",1,75,"open,survey_public",75,0.566543385490754,0.641799717629794,0.239759672722001,0.233597202782801,-0.00396206329485267,0.761823379202892,0.578947368421053
"Ghana","women_folate","level","infill","domain_index",1,75,"open,survey_public",75,0.365633001422475,0.411602075472914,0.334896344677474,0.320581842675899,0.000596986754581206,1.06946845217123,0.368421052631579
"Ghana","women_folate","level","infill","domain_enet",1,75,"open,survey_public",75,0.192889288597256,0.381798659001699,0.289887958175224,0.279905248327167,-0.0083460673828235,0.922568292353655,0.315789473684211
"Ghana","women_folate","level","infill","raw_enet",1,75,"open,survey_public",75,0.422588904694168,0.562674790456602,0.259433914307556,0.251364838966574,-0.00862245085965101,0.821466642271102,0.473684210526316
"Ghana","women_folate","level","infill","spatial_plus_domain",1,75,"open,survey_public",75,0.566543385490754,0.641799717629794,0.239759672722001,0.233597202782801,-0.00396206329485338,0.761823379202892,0.578947368421053
"Ghana","women_folate","level","infill","domain_index_cal",1,75,"open,survey_public",75,0.354167852062589,0.396285342713074,0.290495013393422,0.276469742891989,-0.00317617939379688,0.912461863905999,0.421052631578947
"Ghana","women_folate","level","infill","region_mean_jk",1,75,"open,survey_public",75,0.404624376087988,0.488872028839161,0.290659652612099,0.287873261552548,0.00556036671792695,0.903848348659785,0.368421052631579
"Ghana","women_folate","level","infill","null_train_mean",2,75,"open,survey_public",75,-0.162442826503385,-0.192461539763966,0.313456847597823,0.290732651803246,-7.99389489788046e-17,1.00360583310714,0.157894736842105
"Ghana","women_folate","level","infill","spatial",2,75,"open,survey_public",75,0.490412517780939,0.574906675731527,0.264372070461718,0.252829368268711,-0.00571026539117646,0.830494571132656,0.473684210526316
"Ghana","women_folate","level","infill","domain_index",2,75,"open,survey_public",75,0.35072546230441,0.399260542380426,0.339932658256523,0.326263912248275,0.00233611740140379,1.1014485619433,0.421052631578947
"Ghana","women_folate","level","infill","domain_enet",2,75,"open,survey_public",75,0.148221906116643,0.266918444738508,0.322759003124779,0.303322606756698,-0.00253972390499206,1.01710817680169,0.368421052631579
"Ghana","women_folate","level","infill","raw_enet",2,75,"open,survey_public",75,0.303413940256045,0.426381361221203,0.303552871613983,0.29501612465346,-0.0248184280322604,0.946570935593018,0.421052631578947
"Ghana","women_folate","level","infill","spatial_plus_domain",2,75,"open,survey_public",75,0.487852062588905,0.573800088787472,0.265772344929616,0.25407726782904,-0.00709216915860694,0.831752057436719,0.473684210526316
"Ghana","women_folate","level","infill","domain_index_cal",2,75,"open,survey_public",75,0.337752489331437,0.370647665154633,0.293061362032773,0.279417617044932,0.0041102420071592,0.925068964765521,0.473684210526316
"Ghana","women_folate","level","infill","region_mean_jk",2,75,"open,survey_public",75,0.254845618784666,0.385730932216208,0.336859466719611,0.330172603502551,0.00132345043730503,1.01311406989973,0.263157894736842
"Ghana","women_folate","level","infill","null_train_mean",3,75,"open,survey_public",75,-0.279157779594288,-0.272070836999711,0.317189751160183,0.295248492502221,8.89334902017443e-18,1.01377964891713,0.0526315789473684
"Ghana","women_folate","level","infill","spatial",3,75,"open,survey_public",75,0.513058321479374,0.607653423308325,0.24147063706216,0.233328182053303,-0.0148654534927989,0.791979743694703,0.578947368421053
"Ghana","women_folate","level","infill","domain_index",3,75,"open,survey_public",75,0.390526315789474,0.413962557111257,0.328522312445516,0.314349187873229,-0.00370872264875905,1.0713055328009,0.421052631578947
"Ghana","women_folate","level","infill","domain_enet",3,75,"open,survey_public",75,0.242674253200569,0.323909912875744,0.308205969952253,0.308357625148738,-0.0294482051907603,1.05547350272305,0.421052631578947
"Ghana","women_folate","level","infill","raw_enet",3,75,"open,survey_public",75,0.3475106685633,0.417328263720776,0.307913695337416,0.293426522825181,-0.0507725243740118,1.00300811905223,0.421052631578947
"Ghana","women_folate","level","infill","spatial_plus_domain",3,75,"open,survey_public",75,0.51647226173542,0.610207359687922,0.240994407646213,0.232528962628059,-0.0150588292796739,0.789808656300259,0.578947368421053
"Ghana","women_folate","level","infill","domain_index_cal",3,75,"open,survey_public",75,0.337183499288762,0.377785509417198,0.295588930422153,0.280616650764644,-0.00544314123943613,0.920638644650003,0.368421052631579
"Ghana","women_folate","level","infill","region_mean_jk",3,75,"open,survey_public",75,0.320392162123006,0.422397377502646,0.299660325725958,0.290857098164797,-0.0181438388156448,0.953493871820855,0.263157894736842
"Ghana","women_folate","level","infill","null_train_mean",4,75,"open,survey_public",75,-0.0405018307367688,-0.0706703256088961,0.31002208154534,0.286889396128678,9.77169734017735e-17,0.994705232894747,0.210526315789474
"Ghana","women_folate","level","infill","spatial",4,75,"open,survey_public",75,0.610697012802276,0.673852174745631,0.228107469802314,0.217393930200001,-0.00187961478985189,0.734201140181191,0.631578947368421
"Ghana","women_folate","level","infill","domain_index",4,75,"open,survey_public",75,0.405860597439545,0.432437248703532,0.323676526835311,0.310194067953547,-0.00413404816272161,1.04406794769843,0.421052631578947
"Ghana","women_folate","level","infill","domain_enet",4,75,"open,survey_public",75,0.36827880512091,0.511696875178713,0.263296775705738,0.252583714750477,-0.00597745599740123,0.853721127610735,0.526315789473684
"Ghana","women_folate","level","infill","raw_enet",4,75,"open,survey_public",75,0.451749644381223,0.539880150400413,0.263517525349555,0.25167984540607,-0.0043038676096589,0.836426941702153,0.473684210526316
"Ghana","women_folate","level","infill","spatial_plus_domain",4,75,"open,survey_public",75,0.597724039829303,0.662153967416401,0.232605010871636,0.221655408362086,-0.00318733919254876,0.744441974934513,0.578947368421053
"Ghana","women_folate","level","infill","domain_index_cal",4,75,"open,survey_public",75,0.389900426742532,0.406090524625421,0.286573262028079,0.269458252573804,-0.00169404198073352,0.907860341946267,0.473684210526316
"Ghana","women_folate","level","infill","region_mean_jk",4,75,"open,survey_public",75,0.484690269124432,0.541828089762614,0.275897004735465,0.268991623720335,0.0051159845376201,0.854534856604615,0.421052631578947
"Ghana","women_folate","level","infill","null_train_mean",5,75,"open,survey_public",75,-0.153297251820888,-0.219495543051238,0.313714600331617,0.29024655307478,8.89913143176102e-18,1.00668049524882,0.315789473684211
"Ghana","women_folate","level","infill","spatial",5,75,"open,survey_public",75,0.58873399715505,0.618350434514906,0.243621863437865,0.231109063052117,-0.00272464994475878,0.780759072179388,0.578947368421053
"Ghana","women_folate","level","infill","domain_index",5,75,"open,survey_public",75,0.380142247510669,0.408087805648439,0.333114448993634,0.317162244896987,-0.00812289110564531,1.06709562059584,0.473684210526316
"Ghana","women_folate","level","infill","domain_enet",5,75,"open,survey_public",75,0.232460881934566,0.20573604494661,0.305217391282027,0.292307030130147,0.00354422567602688,0.997253835188117,0.421052631578947
"Ghana","women_folate","level","infill","raw_enet",5,75,"open,survey_public",75,0.410640113798009,0.439240335083339,0.2742659092037,0.261242703743969,0.00432639003501922,0.911887388795597,0.526315789473684
"Ghana","women_folate","level","infill","spatial_plus_domain",5,75,"open,survey_public",75,0.58873399715505,0.618350434514906,0.243621863437865,0.231109063052117,-0.00272464994475948,0.780759072179388,0.578947368421053
"Ghana","women_folate","level","infill","domain_index_cal",5,75,"open,survey_public",75,0.341735419630156,0.358998732856935,0.29467910950787,0.277301473282002,-0.0015466602159344,0.928550825631982,0.473684210526316
"Ghana","women_folate","level","infill","region_mean_jk",5,75,"open,survey_public",75,0.406619782157491,0.490005860365809,0.284894778136477,0.275112219823306,0.0100175426333164,0.893672618287984,0.368421052631579
"Ghana","women_folate","level","infill","null_train_mean",6,75,"open,survey_public",75,-0.230381381287642,-0.229569001257726,0.315224857959556,0.291349607111089,9.7711190990187e-17,1.00792670159318,0.105263157894737
"Ghana","women_folate","level","infill","spatial",6,75,"open,survey_public",75,0.61724039829303,0.674429816676499,0.226588256044741,0.219821826406807,0.00597783286515562,0.73379865442554,0.631578947368421
"Ghana","women_folate","level","infill","domain_index",6,75,"open,survey_public",75,0.38972972972973,0.419202343720025,0.327634713412136,0.314550419562426,0.00505870653120154,1.04760890055557,0.473684210526316
"Ghana","women_folate","level","infill","domain_enet",6,75,"open,survey_public",75,0.20176386913229,0.309220501325142,0.307890924919797,0.301609759641119,0.000614582496289907,1.00541551411227,0.368421052631579
"Ghana","women_folate","level","infill","raw_enet",6,75,"open,survey_public",75,0.435590327169275,0.426101736306721,0.280601771816829,0.271615942790982,-0.00166871791702817,0.899438027831636,0.578947368421053
"Ghana","women_folate","level","infill","spatial_plus_domain",6,75,"open,survey_public",75,0.604950213371266,0.673581160021345,0.22936094995576,0.222581944313835,0.00667051882659075,0.734958619470637,0.578947368421053
"Ghana","women_folate","level","infill","domain_index_cal",6,75,"open,survey_public",75,0.350526315789474,0.387678572276417,0.291205069122649,0.276660041564187,0.00111920934112081,0.915634467603479,0.421052631578947
"Ghana","women_folate","level","infill","region_mean_jk",6,75,"open,survey_public",75,0.452699464629435,0.544222175711687,0.272491424875464,0.2676570246594,0.00435322727593542,0.846042278583877,0.473684210526316
"Ghana","women_folate","level","infill","null_train_mean",7,75,"open,survey_public",75,-0.374968561982344,-0.363177723891766,0.320427170069414,0.296457668925406,8.89913143176102e-18,1.029499922042,0.0526315789473684
"Ghana","women_folate","level","infill","spatial",7,75,"open,survey_public",75,0.563300142247511,0.643028342261584,0.235733475956944,0.228219167895398,0.0040921462909643,0.760820995094644,0.578947368421053
"Ghana","women_folate","level","infill","domain_index",7,75,"open,survey_public",75,0.376500711237553,0.401023802663286,0.324985073993426,0.313290083559685,-0.00326723030934866,1.04462055523287,0.368421052631579
"Ghana","women_folate","level","infill","domain_enet",7,75,"open,survey_public",75,0.289871977240398,0.350321190578773,0.283267937935819,0.271066028906397,-0.0171940126607175,0.943271471826714,0.526315789473684
"Ghana","women_folate","level","infill","raw_enet",7,75,"open,survey_public",75,0.320170697012802,0.423609202102462,0.29041451131861,0.283872943682335,0.010988612720001,0.920151784195167,0.368421052631579
"Ghana","women_folate","level","infill","spatial_plus_domain",7,75,"open,survey_public",75,0.563300142247511,0.643028342261585,0.235733475956944,0.228219167895398,0.00409214629096359,0.760820995094643,0.578947368421053
"Ghana","women_folate","level","infill","domain_index_cal",7,75,"open,survey_public",75,0.329302987197724,0.344836981339275,0.296056799962601,0.27911501799053,-0.00121007613860338,0.933116167084421,0.368421052631579
"Ghana","women_folate","level","infill","region_mean_jk",7,75,"open,survey_public",75,0.366985691055405,0.446937503252759,0.31065370474585,0.298971526096221,0.0162107538441996,0.96222406684095,0.157894736842105
"Ghana","women_folate","level","infill","null_train_mean",8,75,"open,survey_public",75,-0.082745675698775,-0.131546578868002,0.31075817175468,0.287722465594431,-7.99389489788046e-17,0.998133591011372,0.210526315789474
"Ghana","women_folate","level","infill","spatial",8,75,"open,survey_public",75,0.62597439544808,0.682764120401124,0.226344190938222,0.218663719895682,0.00246584393502449,0.726216588192083,0.578947368421053
"Ghana","women_folate","level","infill","domain_index",8,75,"open,survey_public",75,0.403613086770981,0.436002263810303,0.333943885023507,0.315789698621121,0.00545766287142392,1.06275341543512,0.368421052631579
"Ghana","women_folate","level","infill","domain_enet",8,75,"open,survey_public",75,0.418435277382646,0.511286415408074,0.263873940264368,0.258383892264634,-0.0188285398359609,0.857266559618097,0.473684210526316
"Ghana","women_folate","level","infill","raw_enet",8,75,"open,survey_public",75,0.507197724039829,0.587255260521977,0.26062704314452,0.250966503676224,0.00352421751632548,0.80404096444812,0.526315789473684
"Ghana","women_folate","level","infill","spatial_plus_domain",8,75,"open,survey_public",75,0.62597439544808,0.682764120401124,0.226344190938222,0.218663719895682,0.00246584393502378,0.726216588192082,0.578947368421053
"Ghana","women_folate","level","infill","domain_index_cal",8,75,"open,survey_public",75,0.387311522048364,0.420792743285684,0.288596083524573,0.273850081579365,-0.000641085143860929,0.901090373463978,0.421052631578947
"Ghana","women_folate","level","infill","region_mean_jk",8,75,"open,survey_public",75,0.462093423136738,0.54024564202106,0.271084941347062,0.265594250757472,-0.003443181725031,0.853253195355386,0.368421052631579
"Ghana","women_folate","level","infill","null_train_mean",9,75,"open,survey_public",75,-0.140667648687918,-0.164025683003951,0.313120411138018,0.290307655787422,8.88756660858784e-18,1.0007989919893,0.157894736842105
"Ghana","women_folate","level","infill","spatial",9,75,"open,survey_public",75,0.571578947368421,0.648026286200163,0.235146000836838,0.226811009267329,-0.016372518729698,0.757745602701523,0.578947368421053
"Ghana","women_folate","level","infill","domain_index",9,75,"open,survey_public",75,0.397183499288762,0.441450294914091,0.331444219322576,0.317138160888713,-0.0047283293371167,1.05511872943361,0.473684210526316
"Ghana","women_folate","level","infill","domain_enet",9,75,"open,survey_public",75,0.393371266002845,0.502529623516674,0.258516223708629,0.25206488819699,0.00688705719923619,0.859996181604638,0.421052631578947
"Ghana","women_folate","level","infill","raw_enet",9,75,"open,survey_public",75,0.454850640113798,0.537441958486291,0.273835144889381,0.267398535648764,0.0311518296202691,0.860412988725018,0.421052631578947
"Ghana","women_folate","level","infill","spatial_plus_domain",9,75,"open,survey_public",75,0.571578947368421,0.648026286200164,0.235146000836838,0.226811009267329,-0.0163725187296983,0.757745602701523,0.578947368421053
"Ghana","women_folate","level","infill","domain_index_cal",9,75,"open,survey_public",75,0.355419630156472,0.404920484541568,0.289358858633079,0.27702406059296,-0.00320637514647,0.908366009893313,0.421052631578947
"Ghana","women_folate","level","infill","region_mean_jk",9,75,"open,survey_public",75,0.452052678907082,0.532138079586139,0.275061091425729,0.272282489102898,-0.00800810477267318,0.856910653344708,0.421052631578947
"Ghana","women_folate","level","infill","null_train_mean",10,75,"open,survey_public",75,-0.173765918967427,-0.16127457552759,0.312802903574438,0.290634746032595,8.89913143176102e-18,1.00055081475236,0.105263157894737
"Ghana","women_folate","level","infill","spatial",10,75,"open,survey_public",75,0.573115220483641,0.63689048158752,0.240056742918069,0.232746397919333,-0.00403111621272719,0.767539001805113,0.473684210526316
"Ghana","women_folate","level","infill","domain_index",10,75,"open,survey_public",75,0.366230440967283,0.408454940045369,0.339124052000666,0.325485391018222,-0.00019081865666848,1.07837496768614,0.421052631578947
"Ghana","women_folate","level","infill","domain_enet",10,75,"open,survey_public",75,0.406429587482219,0.501103903710723,0.267125476652232,0.257293506517691,-0.00752374371818023,0.862252568140353,0.526315789473684
"Ghana","women_folate","level","infill","raw_enet",10,75,"open,survey_public",75,0.381706970128023,0.488510008561976,0.294527120948877,0.288102119163619,-0.032980001206223,0.899761880599702,0.421052631578947
"Ghana","women_folate","level","infill","spatial_plus_domain",10,75,"open,survey_public",75,0.573115220483641,0.636890481587519,0.24005674291807,0.232746397919334,-0.00403111621272683,0.767539001805114,0.473684210526316
"Ghana","women_folate","level","infill","domain_index_cal",10,75,"open,survey_public",75,0.368193456614509,0.401807858220717,0.287947785190882,0.274947284263806,0.00110492844217783,0.909611588512949,0.421052631578947
"Ghana","women_folate","level","infill","region_mean_jk",10,75,"open,survey_public",75,0.343280423425114,0.471162404304998,0.28788656268815,0.285650128405893,-0.0233038576212374,0.902804474327935,0.473684210526316
"Ghana","women_folate","level","region","null_train_mean",1,75,"open,survey_public",75,-0.628443359259562,-0.647525245419727,0.320181872737862,0.295824202674176,0.0022791138970146,1.02990692841603,0
"Ghana","women_folate","level","region","spatial",1,75,"open,survey_public",75,0.446799431009957,0.510020273974974,0.267561678532805,0.254300483558686,0.0392314219525092,0.866095602657869,0.526315789473684
"Ghana","women_folate","level","region","domain_index",1,75,"open,survey_public",75,0.270753911806543,0.310611376858125,0.345170779042802,0.325547296729307,0.0273560014810333,1.12412887982832,0.368421052631579
"Ghana","women_folate","level","region","domain_enet",1,75,"open,survey_public",75,0.103157894736842,-0.0106848000391538,0.356606839782678,0.335852043310929,-0.00954185593126843,1.21131060941751,0.315789473684211
"Ghana","women_folate","level","region","raw_enet",1,75,"open,survey_public",75,0.22176386913229,0.187135879251937,0.317161876643335,0.295195295735904,0.0092514729792915,1.03562348883911,0.421052631578947
"Ghana","women_folate","level","region","spatial_plus_domain",1,75,"open,survey_public",75,0.447396870554765,0.497836152178908,0.268162372637574,0.255056317428928,0.0359782570400597,0.874330724917611,0.526315789473684
"Ghana","women_folate","level","region","domain_index_cal",1,75,"open,survey_public",75,0.198890469416785,0.224450575459836,0.308766241737367,0.288334579552809,0.0124334236994145,0.981833795865718,0.368421052631579
"Ghana","women_b12","prev","infill","null_train_mean",1,75,"open,survey_public",75,-0.158859301746971,-0.196195141247896,11.9413105040729,10.4171418279672,-2.77085935214879e-16,1.0040069834075,0.105263157894737
"Ghana","women_b12","prev","infill","spatial",1,75,"open,survey_public",75,0.352066803032309,0.362651175432111,9.81057719408026,8.7032172218561,-3.15252332600488,1.07951715954986,0.631578947368421
"Ghana","women_b12","prev","infill","domain_index",1,75,"open,survey_public",75,0.313064850789521,0.522365088496621,9.87153207956833,9.45408355468098,0.940022641676816,0.919601837251802,0.526315789473684
"Ghana","women_b12","prev","infill","domain_enet",1,75,"open,survey_public",75,0.254108756957659,0.143448894965302,9.95152822155722,9.26324394116584,-5.6093636644923,1.05239836160248,0.473684210526316
"Ghana","women_b12","prev","infill","raw_enet",1,75,"open,survey_public",75,0.272423472222951,0.384573743607428,9.42163640072137,8.56474178489604,-6.10662360552866,1.00758513538138,0.578947368421053
"Ghana","women_b12","prev","infill","spatial_plus_domain",1,75,"open,survey_public",75,0.352066803032309,0.362651175432109,9.81057719408032,8.70321722185615,-3.1525233260048,1.07951715954986,0.631578947368421
"Ghana","women_b12","prev","infill","domain_index_cal",1,75,"open,survey_public",75,0.203223287096088,0.275851287293543,9.80965959266345,8.83963693028998,-6.26638188493768,1.03698075574928,0.368421052631579
"Ghana","women_b12","prev","infill","region_mean_jk",1,75,"open,survey_public",75,0.268394861419541,0.608021629391757,8.38508270301932,7.93317394976564,-2.4008902293458,0.831755119793598,0.578947368421053
"Ghana","women_b12","prev","infill","null_train_mean",2,75,"open,survey_public",75,-0.174168018029065,-0.238258011079092,11.9374046533371,10.382884841855,5.65592133313271e-17,1.00904523435758,0.0526315789473684
"Ghana","women_b12","prev","infill","spatial",2,75,"open,survey_public",75,0.326885214699008,0.347459963566125,9.17842946515578,8.3458422053637,-4.81001050771714,0.993355768241122,0.473684210526316
"Ghana","women_b12","prev","infill","domain_index",2,75,"open,survey_public",75,0.302195454262843,0.564496045092421,9.78842347656968,9.38405368207754,0.914730098180779,0.876421892690445,0.578947368421053
"Ghana","women_b12","prev","infill","domain_enet",2,75,"open,survey_public",75,0.259062147684123,0.346164366335147,9.50536194390696,8.65124253389679,-6.03099727024286,1.01175547078923,0.473684210526316
"Ghana","women_b12","prev","infill","raw_enet",2,75,"open,survey_public",75,0.2503403996416,0.371228445870548,9.61675842762665,8.68755015313549,-6.2622272433485,1.01930650766162,0.526315789473684
"Ghana","women_b12","prev","infill","spatial_plus_domain",2,75,"open,survey_public",75,0.322114484096801,0.348871939934196,9.18745476755338,8.35939389524198,-4.78310642051747,0.992793484054269,0.473684210526316
"Ghana","women_b12","prev","infill","domain_index_cal",2,75,"open,survey_public",75,0.215928841105403,0.333135380632132,9.79195648571314,8.80656114713079,-6.60272595813761,1.04377636351556,0.473684210526316
"Ghana","women_b12","prev","infill","region_mean_jk",2,75,"open,survey_public",75,0.250880354654918,0.291554346669404,10.5142651140228,9.73622735882926,-1.9919870343705,1.10242506090065,0.473684210526316
"Ghana","women_b12","prev","infill","null_train_mean",3,75,"open,survey_public",75,-0.300904111839839,-0.351840586168762,12.1394931785969,10.5652603701528,2.2291196666302e-16,1.02731256908431,0.105263157894737
"Ghana","women_b12","prev","infill","spatial",3,75,"open,survey_public",75,0.311966435152587,0.331399603740685,9.18647145742097,8.29565288365727,-5.68970720405926,0.99946645684605,0.526315789473684
"Ghana","women_b12","prev","infill","domain_index",3,75,"open,survey_public",75,0.321934147201185,0.500002862579106,10.2863622238866,9.50486198269837,0.460508007027794,0.936335275637681,0.526315789473684
"Ghana","women_b12","prev","infill","domain_enet",3,75,"open,survey_public",75,0.318491351921241,0.0600777292171761,10.1792590041773,9.47832352894674,-5.57298351566068,1.12432669551669,0.526315789473684
"Ghana","women_b12","prev","infill","raw_enet",3,75,"open,survey_public",75,0.29655582770903,0.0765726122697467,9.9946356045683,9.24027466926876,-6.23243896152383,1.09102137925492,0.578947368421053
"Ghana","women_b12","prev","infill","spatial_plus_domain",3,75,"open,survey_public",75,0.311966435152587,0.331399603740684,9.18647145742097,8.29565288365727,-5.68970720405923,0.999466456846049,0.526315789473684
"Ghana","women_b12","prev","infill","domain_index_cal",3,75,"open,survey_public",75,0.251815883333004,0.250194752685962,9.7197572185052,8.67220299025063,-6.65343726157825,1.05239840960078,0.421052631578947
"Ghana","women_b12","prev","infill","region_mean_jk",3,75,"open,survey_public",75,0.257846180669109,0.409238891538361,9.76019616324819,9.19103490071706,-2.46566913639133,1.06511933822857,0.526315789473684
"Ghana","women_b12","prev","infill","null_train_mean",4,75,"open,survey_public",75,-0.403296837136465,-0.399070322566949,12.3901679990323,10.886653037425,5.728020777603e-16,1.03684828667118,0.105263157894737
"Ghana","women_b12","prev","infill","spatial",4,75,"open,survey_public",75,0.229732810751653,0.140490681989294,9.92293470614221,9.08254049256017,-5.60744709695317,1.0591642113873,0.315789473684211
"Ghana","women_b12","prev","infill","domain_index",4,75,"open,survey_public",75,0.264996870976216,0.351129254544372,10.7715334782964,10.0932711262259,-0.482964319801304,1.0222827272433,0.421052631578947
"Ghana","women_b12","prev","infill","domain_enet",4,75,"open,survey_public",75,0.206633293849556,0.223141381104855,9.68272282872779,8.86056779657621,-4.99934951173093,1.04321909978222,0.473684210526316
"Ghana","women_b12","prev","infill","raw_enet",4,75,"open,survey_public",75,0.127959675902892,0.0167051984320447,10.1822117456509,9.34504401869132,-6.30881921006269,1.09527814234707,0.315789473684211
"Ghana","women_b12","prev","infill","spatial_plus_domain",4,75,"open,survey_public",75,0.229732810751653,0.140490681989302,9.92293470614213,9.08254049256002,-5.60744709695342,1.0591642113873,0.315789473684211
"Ghana","women_b12","prev","infill","domain_index_cal",4,75,"open,survey_public",75,0.125776787560599,0.0862763213856991,9.9753837543664,9.02347881634884,-6.57440995571316,1.06865537056773,0.210526315789474
"Ghana","women_b12","prev","infill","region_mean_jk",4,75,"open,survey_public",75,0.34601747912617,0.425906484936969,9.80075003073394,9.39487422498215,-2.04111817591682,1.04133269527432,0.631578947368421
"Ghana","women_b12","prev","infill","null_train_mean",5,75,"open,survey_public",75,-0.210055664395284,-0.177746169739261,11.8867280947259,10.354832050101,9.17596438646899e-17,1.00209838371404,0.210526315789474
"Ghana","women_b12","prev","infill","spatial",5,75,"open,survey_public",75,0.237257777577815,0.340954463320682,9.80195770660114,8.98483524823809,-3.14562526846808,1.02264447377674,0.421052631578947
"Ghana","women_b12","prev","infill","domain_index",5,75,"open,survey_public",75,0.317196205125453,0.526226855069396,9.81042092157941,9.55611181495331,1.16585867947407,0.926764022959934,0.526315789473684
"Ghana","women_b12","prev","infill","domain_enet",5,75,"open,survey_public",75,0.244258127980366,0.293517529751235,9.52697492939683,8.71150268232758,-5.73887562560887,1.01432306289493,0.421052631578947
"Ghana","women_b12","prev","infill","raw_enet",5,75,"open,survey_public",75,0.183149898864353,0.205669000786155,9.64095307667979,8.69926299610731,-5.75269541147439,1.03428813390012,0.421052631578947
"Ghana","women_b12","prev","infill","spatial_plus_domain",5,75,"open,survey_public",75,0.238470953057414,0.346679143793269,9.73168805923971,8.91262744683745,-3.05638811889271,1.01910531781292,0.421052631578947
"Ghana","women_b12","prev","infill","domain_index_cal",5,75,"open,survey_public",75,0.287014366504616,0.39372814367526,9.60355021837423,8.69671109594854,-6.38640337604528,1.02716087877204,0.473684210526316
"Ghana","women_b12","prev","infill","region_mean_jk",5,75,"open,survey_public",75,0.206115735099446,0.423616594885295,9.86999528638641,9.49817325487034,-2.48270914724423,1.09588845554302,0.473684210526316
"Ghana","women_b12","prev","infill","null_train_mean",6,75,"open,survey_public",75,-0.146060211084893,-0.222226934315848,11.8809033741046,10.2959419346197,-1.29128478743024e-16,1.00701302692807,0.157894736842105
"Ghana","women_b12","prev","infill","spatial",6,75,"open,survey_public",75,0.303244687110063,0.382130176375508,9.154658711209,8.30558148619792,-3.99617618922937,0.984271156305149,0.473684210526316
"Ghana","women_b12","prev","infill","domain_index",6,75,"open,survey_public",75,0.294358996435162,0.509255696139284,10.0540322538842,9.3969934177453,0.670668678074681,0.930420041138787,0.526315789473684
"Ghana","women_b12","prev","infill","domain_enet",6,75,"open,survey_public",75,0.253848771974494,0.378327718669236,9.50001305390963,8.65112654361212,-6.31924414465193,1.02283075185683,0.473684210526316
"Ghana","women_b12","prev","infill","raw_enet",6,75,"open,survey_public",75,0.114429594401454,0.256671249449379,9.63259872323065,8.69183742201193,-6.22094005671938,1.03440566131541,0.315789473684211
"Ghana","women_b12","prev","infill","spatial_plus_domain",6,75,"open,survey_public",75,0.303851274849863,0.39155896870485,9.17492504550454,8.35223607547373,-3.85951957049765,0.980514864767827,0.473684210526316
"Ghana","women_b12","prev","infill","domain_index_cal",6,75,"open,survey_public",75,0.206895602061361,0.282261523081382,9.63249445744564,8.63446360061987,-6.32390840003492,1.03719949236786,0.315789473684211
"Ghana","women_b12","prev","infill","region_mean_jk",6,75,"open,survey_public",75,0.107284348609124,0.436749572458571,9.56249768954592,9.11909824970044,-2.73731005688847,1.04454415444298,0.473684210526316
"Ghana","women_b12","prev","infill","null_train_mean",7,75,"open,survey_public",75,-0.194245022989187,-0.18866708681368,11.9272713621526,10.3335060599308,3.14707750600126e-16,1.00320588182118,0.105263157894737
"Ghana","women_b12","prev","infill","spatial",7,75,"open,survey_public",75,0.346525542057924,0.397845989459083,9.07906481260487,8.24109778397391,-4.75530413364361,0.962123353522453,0.578947368421053
"Ghana","women_b12","prev","infill","domain_index",7,75,"open,survey_public",75,0.330459164084854,0.563820165436061,9.86238127013122,9.47315187100815,1.29581821984932,0.905138372528223,0.578947368421053
"Ghana","women_b12","prev","infill","domain_enet",7,75,"open,survey_public",75,0.222125872609301,0.345179972174111,9.43209071141534,8.53583229415803,-6.14508250981884,1.01667974633656,0.473684210526316
"Ghana","women_b12","prev","infill","raw_enet",7,75,"open,survey_public",75,0.25591444914246,0.230816065099403,9.52336746200329,8.77899384384456,-4.9595022495662,1.02275849665662,0.578947368421053
"Ghana","women_b12","prev","infill","spatial_plus_domain",7,75,"open,survey_public",75,0.346525542057924,0.397845989459084,9.07906481260486,8.2410977839739,-4.7553041336436,0.962123353522453,0.578947368421053
"Ghana","women_b12","prev","infill","domain_index_cal",7,75,"open,survey_public",75,0.249291166794379,0.394246336591554,9.57394106826958,8.56947923515177,-6.36722306497855,1.02600133909351,0.473684210526316
"Ghana","women_b12","prev","infill","region_mean_jk",7,75,"open,survey_public",75,0.265206704962632,0.552265609474821,9.34316374714326,8.86638710594341,-1.11461764720922,0.897941686008428,0.526315789473684
"Ghana","women_b12","prev","infill","null_train_mean",8,75,"open,survey_public",75,-0.232893257537424,-0.234830254033179,11.9953439170194,10.3770850952993,0,1.00859916687593,0.105263157894737
"Ghana","women_b12","prev","infill","spatial",8,75,"open,survey_public",75,0.30372012074396,0.362064853990299,9.26569334226809,8.3447531625451,-5.34366712956277,0.987282125273411,0.526315789473684
"Ghana","women_b12","prev","infill","domain_index",8,75,"open,survey_public",75,0.368280729374518,0.589508328466451,9.65897910785648,9.20036704098428,1.03591760007859,0.86565289031443,0.578947368421053
"Ghana","women_b12","prev","infill","domain_enet",8,75,"open,survey_public",75,0.29512952680734,0.501323244465499,9.34349665424534,8.53222482663882,-6.04102550418654,0.986122077614692,0.526315789473684
"Ghana","women_b12","prev","infill","raw_enet",8,75,"open,survey_public",75,0.23860348107645,0.414339747551563,9.60192164820909,8.69592838328147,-6.48901039477047,1.02509620288696,0.473684210526316
"Ghana","women_b12","prev","infill","spatial_plus_domain",8,75,"open,survey_public",75,0.297850974504819,0.385057064561669,9.21379624548371,8.36110777822684,-5.24119582787741,0.974918370798962,0.578947368421053
"Ghana","women_b12","prev","infill","domain_index_cal",8,75,"open,survey_public",75,0.313277976211613,0.450933354415485,9.55464708470419,8.58693297553543,-6.41706794556339,1.02177057519406,0.578947368421053
"Ghana","women_b12","prev","infill","region_mean_jk",8,75,"open,survey_public",75,0.183843533501194,0.441983663853938,9.416225607342,8.92639594495209,-2.57852419245479,1.04036925025663,0.473684210526316
"Ghana","women_b12","prev","infill","null_train_mean",9,75,"open,survey_public",75,-0.280074219193712,-0.309681832354096,12.0651543435005,10.5167589771067,3.71050123496956e-16,1.01975131348909,0.105263157894737
"Ghana","women_b12","prev","infill","spatial",9,75,"open,survey_public",75,0.276636797875072,0.341032470639748,9.47391965186046,8.4867210227861,-4.10179817767554,1.05593928478844,0.526315789473684
"Ghana","women_b12","prev","infill","domain_index",9,75,"open,survey_public",75,0.311015567884793,0.494719694239415,10.1788899299471,9.40256832690561,0.898151213506163,0.946572515750266,0.473684210526316
"Ghana","women_b12","prev","infill","domain_enet",9,75,"open,survey_public",75,0.280899306316907,0.382712913496389,9.46662467957162,8.58095468658499,-6.36861469587951,1.02431484063543,0.473684210526316
"Ghana","women_b12","prev","infill","raw_enet",9,75,"open,survey_public",75,0.248438665106012,0.3038506518115,9.34678875302975,8.42819339181361,-5.9285153443381,1.01337162589247,0.473684210526316
"Ghana","women_b12","prev","infill","spatial_plus_domain",9,75,"open,survey_public",75,0.266800239932377,0.355128092265978,9.4305165195049,8.47638562885771,-4.04312533978009,1.04505830599736,0.526315789473684
"Ghana","women_b12","prev","infill","domain_index_cal",9,75,"open,survey_public",75,0.199108327023394,0.300098174189686,9.72688683270773,8.73707905327324,-6.38423661246575,1.03742538316623,0.368421052631579
"Ghana","women_b12","prev","infill","region_mean_jk",9,75,"open,survey_public",75,0.127878860902451,0.408754067891632,9.96989122827045,9.43856818684799,-2.8283104804822,1.11145077398622,0.473684210526316
"Ghana","women_b12","prev","infill","null_train_mean",10,75,"open,survey_public",75,-0.0860801587665262,-0.15509895988273,11.8285596179513,10.2659908175993,-5.65592133313271e-17,1.00000878653622,0.157894736842105
"Ghana","women_b12","prev","infill","spatial",10,75,"open,survey_public",75,0.358952393592195,0.374643696997064,9.09777133017693,8.42945573317844,-4.57558012803695,0.978451073513066,0.526315789473684
"Ghana","women_b12","prev","infill","domain_index",10,75,"open,survey_public",75,0.343427026305974,0.553638265074026,9.60049160729811,9.29342772033905,1.46485242294713,0.929292873348546,0.578947368421053
"Ghana","women_b12","prev","infill","domain_enet",10,75,"open,survey_public",75,0.33290190930729,0.512787092883385,9.19931173513501,8.39727732432212,-6.34049007892807,1.00058742510603,0.526315789473684
"Ghana","women_b12","prev","infill","raw_enet",10,75,"open,survey_public",75,0.310638499830323,0.501221578803745,9.07972186381278,8.27527444811139,-6.17434111638279,0.985226001653932,0.526315789473684
"Ghana","women_b12","prev","infill","spatial_plus_domain",10,75,"open,survey_public",75,0.363083747928128,0.394516175433926,9.01779257049449,8.37257168466863,-4.49883250547612,0.966638058485732,0.526315789473684
"Ghana","women_b12","prev","infill","domain_index_cal",10,75,"open,survey_public",75,0.31752409039021,0.45409449668287,9.48217670467607,8.54105169775957,-6.29960283275988,1.0144522399633,0.578947368421053
"Ghana","women_b12","prev","infill","region_mean_jk",10,75,"open,survey_public",75,0.332396206914201,0.480994070718465,9.12217274905352,8.64079060286734,-1.97936568606357,1.00481684607713,0.526315789473684
"Ghana","women_b12","prev","region","null_train_mean",1,75,"open,survey_public",75,-0.490501473753468,-0.652669168967803,12.2897305803514,10.7102824533506,0.0564456408892977,1.03414148006066,0.105263157894737
"Ghana","women_b12","prev","region","spatial",1,75,"open,survey_public",75,0.269013465469483,0.182081666651666,11.0819426535133,10.1198123282587,-2.73973786386355,1.15756499246705,0.421052631578947
"Ghana","women_b12","prev","region","domain_index",1,75,"open,survey_public",75,0.24822553968392,0.353523887709717,11.127346256106,10.1447441046334,1.30940420034748,1.05492923985204,0.473684210526316
"Ghana","women_b12","prev","region","domain_enet",1,75,"open,survey_public",75,0.0906110929154631,0.0356027301601047,10.1513913654229,9.22654454711032,-6.34181346802967,1.07191697689431,0.210526315789474
"Ghana","women_b12","prev","region","raw_enet",1,75,"open,survey_public",75,-0.0285915950867682,0.00902784985352965,10.1818095996089,9.22970983148331,-6.26492680959294,1.07395977858124,0.157894736842105
"Ghana","women_b12","prev","region","spatial_plus_domain",1,75,"open,survey_public",75,0.269013465469483,0.182081666651666,11.0819426535133,10.1198123282587,-2.73973786386356,1.15756499246705,0.421052631578947
"Ghana","women_b12","prev","region","domain_index_cal",1,75,"open,survey_public",75,0.0792662627548876,-0.000951107138321462,10.234006896938,9.16980029469245,-6.60008470125283,1.07867477803191,0.210526315789474
"Ghana","women_b12","level","infill","null_train_mean",1,75,"open,survey_public",75,-0.0762131223541349,-0.123874141545401,0.285572528984264,0.248344777395157,-1.42110715556365e-16,0.997588608746296,0.210526315789474
"Ghana","women_b12","level","infill","spatial",1,75,"open,survey_public",75,0.568762446657183,0.573464775361464,0.224406445784287,0.199431280978453,0.00204408548924286,0.819861214039574,0.578947368421053
"Ghana","women_b12","level","infill","domain_index",1,75,"open,survey_public",75,0.574196301564723,0.588343221954374,0.266530214614673,0.260279359482678,0.00624372186036251,0.898350518795321,0.578947368421053
"Ghana","women_b12","level","infill","domain_enet",1,75,"open,survey_public",75,0.465064011379801,0.44787917143084,0.25151344618938,0.231738385460479,0.00517811971256028,0.908424929957197,0.631578947368421
"Ghana","women_b12","level","infill","raw_enet",1,75,"open,survey_public",75,0.531066856330014,0.544908998103242,0.236275568527477,0.216314250355421,0.00797567552427651,0.83359615475035,0.631578947368421
"Ghana","women_b12","level","infill","spatial_plus_domain",1,75,"open,survey_public",75,0.568762446657183,0.573464775361463,0.224406445784287,0.199431280978454,0.00204408548924707,0.819861214039575,0.578947368421053
"Ghana","women_b12","level","infill","domain_index_cal",1,75,"open,survey_public",75,0.570156472261735,0.573741184120985,0.22742159917201,0.209390381715229,0.00552218202897746,0.813686212691031,0.526315789473684
"Ghana","women_b12","level","infill","region_mean_jk",1,75,"open,survey_public",75,0.559903266837653,0.624409352562212,0.234666755961838,0.216316484570739,0.0161907755287252,0.784394154992425,0.684210526315789
"Ghana","women_b12","level","infill","null_train_mean",2,75,"open,survey_public",75,-0.231252388400261,-0.283228390557415,0.293738220226764,0.255960860808228,3.55097895532452e-17,1.01547419215976,0.0526315789473684
"Ghana","women_b12","level","infill","spatial",2,75,"open,survey_public",75,0.477894736842105,0.462281745782917,0.259555117246206,0.232449107831569,-0.0259739635526762,0.916785502936212,0.578947368421053
"Ghana","women_b12","level","infill","domain_index",2,75,"open,survey_public",75,0.57624466571835,0.594163438353349,0.264628329560039,0.259193455355595,0.00380463967304195,0.885046032239878,0.578947368421053
"Ghana","women_b12","level","infill","domain_enet",2,75,"open,survey_public",75,0.485376955903272,0.424699626821211,0.268554427579878,0.245052615435449,-0.0329216590135513,0.919325381501149,0.526315789473684
"Ghana","women_b12","level","infill","raw_enet",2,75,"open,survey_public",75,0.475533428165007,0.49988005134543,0.262159263959281,0.248070750080624,-0.00736832854784687,0.878444471427836,0.631578947368421
"Ghana","women_b12","level","infill","spatial_plus_domain",2,75,"open,survey_public",75,0.477894736842105,0.462281745782917,0.259555117246207,0.232449107831571,-0.0259739635526757,0.916785502936213,0.578947368421053
"Ghana","women_b12","level","infill","domain_index_cal",2,75,"open,survey_public",75,0.544608819345661,0.561934761063955,0.231889687586026,0.214663344118458,-0.00328551633167932,0.821696761931917,0.526315789473684
"Ghana","women_b12","level","infill","region_mean_jk",2,75,"open,survey_public",75,0.479706888743149,0.486119032336579,0.264885070340468,0.249983918466864,-0.00561588216408322,0.90816104759288,0.736842105263158
"Ghana","women_b12","level","infill","null_train_mean",3,75,"open,survey_public",75,-0.317046588993201,-0.339807553057485,0.294740827733793,0.255727162196309,-1.42107824350572e-16,1.02506197751426,0.105263157894737
"Ghana","women_b12","level","infill","spatial",3,75,"open,survey_public",75,0.564836415362731,0.514308298728908,0.24297242278589,0.220921009899001,-0.0106032376057651,0.862024645877787,0.578947368421053
"Ghana","women_b12","level","infill","domain_index",3,75,"open,survey_public",75,0.586884779516358,0.58175046498406,0.26858285789428,0.261219171563739,-0.00166985131831448,0.901577865917904,0.631578947368421
"Ghana","women_b12","level","infill","domain_enet",3,75,"open,survey_public",75,0.521450924608819,0.505257800048063,0.251173946314611,0.230795736198054,-0.00321066078358328,0.866112261064175,0.578947368421053
"Ghana","women_b12","level","infill","raw_enet",3,75,"open,survey_public",75,0.505462304409673,0.460528760589802,0.26571081366994,0.244358976202077,-0.00257341213510323,0.886454434393997,0.526315789473684
"Ghana","women_b12","level","infill","spatial_plus_domain",3,75,"open,survey_public",75,0.564836415362731,0.514308298728907,0.242972422785891,0.220921009899001,-0.0106032376057605,0.862024645877787,0.578947368421053
"Ghana","women_b12","level","infill","domain_index_cal",3,75,"open,survey_public",75,0.559658605974395,0.557246575004054,0.232014089117313,0.212174986894573,-0.00564708326271695,0.82493880298354,0.578947368421053
"Ghana","women_b12","level","infill","region_mean_jk",3,75,"open,survey_public",75,0.566481003616872,0.561693124963789,0.247909932474457,0.228891490913519,0.0025101901200604,0.844866861014974,0.684210526315789
"Ghana","women_b12","level","infill","null_train_mean",4,75,"open,survey_public",75,-0.372355540644488,-0.423393919880429,0.298898045143002,0.26291272209441,-1.42096259527399e-16,1.04218870891459,0.157894736842105
"Ghana","women_b12","level","infill","spatial",4,75,"open,survey_public",75,0.493655761024182,0.407228699415117,0.260229896478824,0.23445530654971,-0.0163049700435096,0.935290910926752,0.473684210526316
"Ghana","women_b12","level","infill","domain_index",4,75,"open,survey_public",75,0.538862019914651,0.538156850718619,0.283390364366826,0.27813325232152,-0.00801986070650032,0.940208826103527,0.473684210526316
"Ghana","women_b12","level","infill","domain_enet",4,75,"open,survey_public",75,0.451408250355619,0.369867679272895,0.27555167595743,0.25356798879557,-0.0037147867713017,0.971640900827316,0.421052631578947
"Ghana","women_b12","level","infill","raw_enet",4,75,"open,survey_public",75,0.435618776671408,0.403002917637361,0.271148903818539,0.256644137489836,-0.0145341428102281,0.920589479948987,0.315789473684211
"Ghana","women_b12","level","infill","spatial_plus_domain",4,75,"open,survey_public",75,0.493911806543385,0.405648176645967,0.26238345131893,0.235928249276417,-0.0171530715508101,0.938707647214513,0.526315789473684
"Ghana","women_b12","level","infill","domain_index_cal",4,75,"open,survey_public",75,0.508904694167852,0.482861435375245,0.246703041803344,0.229612535161197,-0.00629289358668683,0.873634356634536,0.473684210526316
"Ghana","women_b12","level","infill","region_mean_jk",4,75,"open,survey_public",75,0.44065727465425,0.439389068432495,0.283332083084369,0.252821738424007,0.00599226530800286,0.948998018245411,0.631578947368421
"Ghana","women_b12","level","infill","null_train_mean",5,75,"open,survey_public",75,-0.234736416850735,-0.298610367582986,0.293993920054914,0.256537357501741,-1.42113606762158e-16,1.01791698621264,0.105263157894737
"Ghana","women_b12","level","infill","spatial",5,75,"open,survey_public",75,0.547880512091038,0.524645807662936,0.253927000005561,0.230060454951928,0.00171508537986641,0.8768897078567,0.578947368421053
"Ghana","women_b12","level","infill","domain_index",5,75,"open,survey_public",75,0.565177809388336,0.582445804852815,0.2650344884698,0.259735750277212,0.00338993851523028,0.895528984676014,0.631578947368421
"Ghana","women_b12","level","infill","domain_enet",5,75,"open,survey_public",75,0.495192034139402,0.500769430857587,0.249846016677436,0.226936698119274,0.00462930687078131,0.862387080352914,0.473684210526316
"Ghana","women_b12","level","infill","raw_enet",5,75,"open,survey_public",75,0.485035561877667,0.488866332747165,0.25002695171245,0.228349456806438,0.023399559316945,0.872245063675617,0.578947368421053
"Ghana","women_b12","level","infill","spatial_plus_domain",5,75,"open,survey_public",75,0.547880512091038,0.524645807662932,0.253927000005562,0.230060454951928,0.00171508537986499,0.876889707856704,0.578947368421053
"Ghana","women_b12","level","infill","domain_index_cal",5,75,"open,survey_public",75,0.538805120910384,0.549185491242562,0.237144815452776,0.217746907276813,0.00147974404113221,0.830267642763747,0.473684210526316
"Ghana","women_b12","level","infill","region_mean_jk",5,75,"open,survey_public",75,0.450988652875499,0.499971937439867,0.277970191860417,0.257889843245265,0.0143442666337263,0.922731921552859,0.631578947368421
"Ghana","women_b12","level","infill","null_train_mean",6,75,"open,survey_public",75,-0.0757776187978255,-0.14506084720181,0.285091859734279,0.247000519773667,3.55094281525211e-17,0.999172326017199,0.210526315789474
"Ghana","women_b12","level","infill","spatial",6,75,"open,survey_public",75,0.562475106685633,0.548550659755255,0.232408446959697,0.211410030198138,0.00807514934974527,0.844251746715462,0.526315789473684
"Ghana","women_b12","level","infill","domain_index",6,75,"open,survey_public",75,0.551322901849218,0.566653795762355,0.27338090261304,0.265007471039403,0.00496536921424341,0.92251669941159,0.684210526315789
"Ghana","women_b12","level","infill","domain_enet",6,75,"open,survey_public",75,0.366714082503556,0.358127841907549,0.284352050231847,0.268390799163339,0.010125032220822,0.984038845315484,0.526315789473684
"Ghana","women_b12","level","infill","raw_enet",6,75,"open,survey_public",75,0.513285917496444,0.498445895067729,0.242866679175173,0.215467511276063,0.00849880095466546,0.861601704486839,0.473684210526316
"Ghana","women_b12","level","infill","spatial_plus_domain",6,75,"open,survey_public",75,0.537610241820768,0.528420316168923,0.234567487650297,0.212963713133964,0.0125698837772555,0.860168968688201,0.526315789473684
"Ghana","women_b12","level","infill","domain_index_cal",6,75,"open,survey_public",75,0.539943100995733,0.543319237436941,0.2357087821551,0.214532354221468,0.00350162744494005,0.83506647333093,0.631578947368421
"Ghana","women_b12","level","infill","region_mean_jk",6,75,"open,survey_public",75,0.4481885499,0.532465657326194,0.262526115364838,0.24031848351323,-0.0044974108921576,0.87726055591513,0.684210526315789
"Ghana","women_b12","level","infill","null_train_mean",7,75,"open,survey_public",75,-0.27828677248167,-0.243677436261414,0.291115363496003,0.252883491404478,3.55094281525211e-17,1.00976326000206,0.0526315789473684
"Ghana","women_b12","level","infill","spatial",7,75,"open,survey_public",75,0.584580369843528,0.562997507727707,0.226144397077875,0.205875015203301,-0.00204508711882333,0.827935721978797,0.631578947368421
"Ghana","women_b12","level","infill","domain_index",7,75,"open,survey_public",75,0.574139402560455,0.582608608778316,0.266057367904367,0.256199142268075,0.00256411418070776,0.898236760451628,0.631578947368421
"Ghana","women_b12","level","infill","domain_enet",7,75,"open,survey_public",75,0.520625889046942,0.533305128132746,0.240997978417356,0.221567336126823,0.0100055448136043,0.84079021839933,0.631578947368421
"Ghana","women_b12","level","infill","raw_enet",7,75,"open,survey_public",75,0.539431009957326,0.539959202455584,0.244753787478232,0.219117372400532,-0.00528571867406207,0.838120253169283,0.526315789473684
"Ghana","women_b12","level","infill","spatial_plus_domain",7,75,"open,survey_public",75,0.57302987197724,0.54599591707643,0.228897965570318,0.208881997109336,0.000452554002819904,0.84381478997354,0.631578947368421
"Ghana","women_b12","level","infill","domain_index_cal",7,75,"open,survey_public",75,0.55601706970128,0.562619431953852,0.232235319584031,0.21286462182797,0.000840774835849606,0.821189146434556,0.578947368421053
"Ghana","women_b12","level","infill","region_mean_jk",7,75,"open,survey_public",75,0.486093459256333,0.592885847797906,0.242544846794939,0.221999036336286,0.0137270017119535,0.810042448653185,0.526315789473684
"Ghana","women_b12","level","infill","null_train_mean",8,75,"open,survey_public",75,-0.268705694242864,-0.266655179770282,0.291592620490087,0.253131479174632,3.55094281525211e-17,1.01298071713396,0.157894736842105
"Ghana","women_b12","level","infill","spatial",8,75,"open,survey_public",75,0.570810810810811,0.544443465614533,0.231624366777166,0.205894547415251,-0.00819261056392893,0.838809668999689,0.526315789473684
"Ghana","women_b12","level","infill","domain_index",8,75,"open,survey_public",75,0.591322901849218,0.584642924723946,0.264221060795121,0.255241243701392,0.000439333656379368,0.899415579697496,0.578947368421053
"Ghana","women_b12","level","infill","domain_enet",8,75,"open,survey_public",75,0.550384068278805,0.537571369009284,0.237881146655867,0.219495715371482,-0.00125810797839929,0.838186382829835,0.684210526315789
"Ghana","women_b12","level","infill","raw_enet",8,75,"open,survey_public",75,0.556813655761024,0.53693867349119,0.238743586763444,0.214516627291849,-0.00510299743115,0.838664047581763,0.631578947368421
"Ghana","women_b12","level","infill","spatial_plus_domain",8,75,"open,survey_public",75,0.570810810810811,0.544443465614536,0.231624366777165,0.20589454741525,-0.00819261056392769,0.838809668999686,0.526315789473684
"Ghana","women_b12","level","infill","domain_index_cal",8,75,"open,survey_public",75,0.57900426742532,0.572015675101189,0.228443067633387,0.20775792903706,0.00120022413249692,0.814908941535282,0.578947368421053
"Ghana","women_b12","level","infill","region_mean_jk",8,75,"open,survey_public",75,0.475468875569333,0.549101980005869,0.253682523237582,0.226431915234721,0.00698573412766578,0.855094086502238,0.684210526315789
"Ghana","women_b12","level","infill","null_train_mean",9,75,"open,survey_public",75,-0.166797862066478,-0.155508986507601,0.289393612033835,0.251428390069694,3.55094281525211e-17,1.00004412731521,0.157894736842105
"Ghana","women_b12","level","infill","spatial",9,75,"open,survey_public",75,0.533826458036984,0.573064879708372,0.231832857327356,0.208901765161259,-0.00925091300813772,0.831729496547443,0.473684210526316
"Ghana","women_b12","level","infill","domain_index",9,75,"open,survey_public",75,0.541735419630156,0.567798604185213,0.272819198351275,0.266608253872579,-0.00426077220330974,0.919389323708071,0.578947368421053
"Ghana","women_b12","level","infill","domain_enet",9,75,"open,survey_public",75,0.491550497866287,0.506155719087649,0.247317190038537,0.226179554706237,-0.0213621171797948,0.869109811520619,0.526315789473684
"Ghana","women_b12","level","infill","raw_enet",9,75,"open,survey_public",75,0.435192034139403,0.462651997259871,0.260839705367011,0.238742814775976,0.00347186636892407,0.888161978153872,0.578947368421053
"Ghana","women_b12","level","infill","spatial_plus_domain",9,75,"open,survey_public",75,0.533826458036984,0.573064879708369,0.231832857327358,0.208901765161261,-0.00925091300814163,0.831729496547447,0.473684210526316
"Ghana","women_b12","level","infill","domain_index_cal",9,75,"open,survey_public",75,0.528221906116643,0.556149582870823,0.23423075711648,0.216960451674871,-0.0022109872723515,0.825810433149965,0.526315789473684
"Ghana","women_b12","level","infill","region_mean_jk",9,75,"open,survey_public",75,0.425272172054176,0.489289531232209,0.291088854334648,0.264523570845368,-0.00824224303635712,0.959708204102361,0.684210526315789
"Ghana","women_b12","level","infill","null_train_mean",10,75,"open,survey_public",75,-0.226026345724549,-0.172734088511872,0.28969153041194,0.252526644812536,-1.42107824350572e-16,1.0016118199817,0.105263157894737
"Ghana","women_b12","level","infill","spatial",10,75,"open,survey_public",75,0.578862019914651,0.598425191405196,0.233303846945848,0.21538697861976,-0.00105313947313457,0.800208687170274,0.631578947368421
"Ghana","women_b12","level","infill","domain_index",10,75,"open,survey_public",75,0.557325746799431,0.576274444437962,0.272823413025395,0.266802193933657,0.00562127088004763,0.913925022686112,0.578947368421053
"Ghana","women_b12","level","infill","domain_enet",10,75,"open,survey_public",75,0.505917496443812,0.549168015836997,0.236935722940021,0.220599091782865,-0.00129734866146465,0.830379026474671,0.684210526315789
"Ghana","women_b12","level","infill","raw_enet",10,75,"open,survey_public",75,0.538947368421053,0.582485857723176,0.235133296925281,0.216756680642808,-0.00063594449102465,0.811069861880184,0.578947368421053
"Ghana","women_b12","level","infill","spatial_plus_domain",10,75,"open,survey_public",75,0.593371266002845,0.615614781380677,0.22962748698643,0.218702249024324,-0.0168835676876631,0.790445407421669,0.631578947368421
"Ghana","women_b12","level","infill","domain_index_cal",10,75,"open,survey_public",75,0.54199146514936,0.565216043385695,0.232517246477526,0.215352426737563,0.00396406119007121,0.819899599720849,0.526315789473684
"Ghana","women_b12","level","infill","region_mean_jk",10,75,"open,survey_public",75,0.531847719814708,0.572628820316959,0.260461348219436,0.243454532158885,0.0113493102552425,0.850507595325849,0.631578947368421
"Ghana","women_b12","level","region","null_train_mean",1,75,"open,survey_public",75,-0.636657838267842,-0.663574409005407,0.299030879517307,0.261433838923401,0.0022818535452553,1.0393136318897,0.0526315789473684
"Ghana","women_b12","level","region","spatial",1,75,"open,survey_public",75,0.524125177809388,0.480788103741675,0.261635703574149,0.237284369740941,-0.00628200374244615,0.916662157291607,0.526315789473684
"Ghana","women_b12","level","region","domain_index",1,75,"open,survey_public",75,0.573285917496444,0.571960094651716,0.263857416765748,0.251446215358241,0.0138977240394086,0.886880707634028,0.526315789473684
"Ghana","women_b12","level","region","domain_enet",1,75,"open,survey_public",75,0.472005689900427,0.413581173027671,0.27700693744393,0.260145728256456,-0.0409693615688903,0.957355827818412,0.421052631578947
"Ghana","women_b12","level","region","raw_enet",1,75,"open,survey_public",75,0.510156472261735,0.421338836485127,0.274402472896055,0.258451609117095,-0.0376489360114673,0.923610769458006,0.473684210526316
"Ghana","women_b12","level","region","spatial_plus_domain",1,75,"open,survey_public",75,0.52076813655761,0.475964957003787,0.26238975683889,0.237804695183749,-0.00552795047771115,0.921605596700635,0.526315789473684
"Ghana","women_b12","level","region","domain_index_cal",1,75,"open,survey_public",75,0.548421052631579,0.524941491755981,0.240950365430306,0.218593644980355,0.00602855965896515,0.845727873204718,0.526315789473684
"Malawi","child_vitA","prev","infill","null_train_mean",1,87,"open,survey_public",87,-0.248605434939771,-0.286479256123734,0.582838003381312,0.635022224653869,-0.00161514091566332,1.01756287496778,0.363636363636364
"Malawi","child_vitA","prev","infill","spatial",1,87,"open,survey_public",87,-0.0193614774137631,-0.0745269503655323,0.82015701709611,0.870769457926486,0.276703793094225,1.02164207057273,0.454545454545455
"Malawi","child_vitA","prev","infill","domain_index",1,87,"open,survey_public",87,-0.00896908580310847,0.00346023170460429,0.882321521632102,0.922263657377926,0.345002106440738,1.04841624779815,0.181818181818182
"Malawi","child_vitA","prev","infill","domain_enet",1,87,"open,survey_public",87,-0.245453142443786,-0.283337893382934,0.807334222141212,0.855352824960163,0.261990359348311,1.01701589932823,0.363636363636364
"Malawi","child_vitA","prev","infill","raw_enet",1,87,"open,survey_public",87,-0.0167875139962225,-0.0360329270167212,0.800057650656734,0.846519256333765,0.2564218045236,1.01281037192133,0.318181818181818
"Malawi","child_vitA","prev","infill","spatial_plus_domain",1,87,"open,survey_public",87,-0.0193614774137631,-0.0745269503655306,0.82015701709611,0.870769457926486,0.276703793094226,1.02164207057273,0.454545454545455
"Malawi","child_vitA","prev","infill","domain_index_cal",1,87,"open,survey_public",87,-0.168130822535852,-0.201431142097813,0.812332546429196,0.861420816847045,0.266950889358569,1.01868255064092,0.272727272727273
"Malawi","child_vitA","prev","infill","region_mean_jk",1,87,"open,survey_public",87,0.00614599452288861,-0.0498868049828657,0.927669643576015,0.970714036083072,0.378095471154347,1.20043110471354,0.5
"Malawi","child_vitA","prev","infill","null_train_mean",2,87,"open,survey_public",87,-0.147684221799227,-0.207250593255149,0.57811954925973,0.632131553253781,0.00112768791412204,1.00597782623549,0.318181818181818
"Malawi","child_vitA","prev","infill","spatial",2,87,"open,survey_public",87,-0.071233066844335,-0.123094796184921,0.804357767066078,0.855574531350433,0.258324477079487,1.01780064820776,0.272727272727273
"Malawi","child_vitA","prev","infill","domain_index",2,87,"open,survey_public",87,0.0683186787622167,0.0731168424767526,0.833708661388947,0.878091437749822,0.301216232468518,1.02337635799626,0.318181818181818
"Malawi","child_vitA","prev","infill","domain_enet",2,87,"open,survey_public",87,-0.111674565166198,-0.136843669378293,0.803006231932627,0.850651809228596,0.259240501147664,1.0139609371831,0.318181818181818
"Malawi","child_vitA","prev","infill","raw_enet",2,87,"open,survey_public",87,-0.135631139138569,-0.201744449997963,0.805701395154842,0.854028747225094,0.262167604885906,1.01447411807628,0.318181818181818
"Malawi","child_vitA","prev","infill","spatial_plus_domain",2,87,"open,survey_public",87,-0.071233066844335,-0.123094796184509,0.804357767066143,0.855574531350493,0.258324477079572,1.01780064820775,0.272727272727273
"Malawi","child_vitA","prev","infill","domain_index_cal",2,87,"open,survey_public",87,-0.0834328309090166,-0.167116697569696,0.804663186675133,0.853265713232096,0.261090005957182,1.01416408607745,0.227272727272727
"Malawi","child_vitA","prev","infill","region_mean_jk",2,87,"open,survey_public",87,0.186832020638491,-0.039980493569564,0.781632754339213,0.827504410956196,0.234303884947822,1.01876758811361,0.636363636363636
"Malawi","child_vitA","prev","infill","null_train_mean",3,87,"open,survey_public",87,-0.00766666725187244,-0.105913672889396,0.572360097649682,0.62191693437722,-0.000314216927805078,0.997312263584635,0.454545454545455
"Malawi","child_vitA","prev","infill","spatial",3,87,"open,survey_public",87,0.0156337717273327,-0.0559607083274525,0.80669748188012,0.853750756676755,0.262838780345304,1.01519663514022,0.318181818181818
"Malawi","child_vitA","prev","infill","domain_index",3,87,"open,survey_public",87,0.0704875257070489,0.0755783626654937,0.858187897217933,0.886213928344704,0.329033908419978,1.02664036938594,0.272727272727273
"Malawi","child_vitA","prev","infill","domain_enet",3,87,"open,survey_public",87,-0.0501737949755026,-0.067450291749736,0.803723766127094,0.851130694438553,0.260870294378238,1.01277212398599,0.318181818181818
"Malawi","child_vitA","prev","infill","raw_enet",3,87,"open,survey_public",87,0.0744120991450384,0.0738480587978627,0.802344755063217,0.849390062524628,0.2608805688723,1.0106145986129,0.227272727272727
"Malawi","child_vitA","prev","infill","spatial_plus_domain",3,87,"open,survey_public",87,0.0156337717273327,-0.0559607083274496,0.80669748188012,0.853750756676756,0.262838780345305,1.01519663514022,0.318181818181818
"Malawi","child_vitA","prev","infill","domain_index_cal",3,87,"open,survey_public",87,0.120371005438191,-0.0363125631349282,0.804551509414131,0.851699881402935,0.261957887482649,1.01267461957812,0.363636363636364
"Malawi","child_vitA","prev","infill","region_mean_jk",3,87,"open,survey_public",87,0.0344301101826301,-0.0529811726704455,0.822141766782154,0.860111446485922,0.273464626834997,1.04184026957493,0.590909090909091
"Malawi","child_vitA","prev","infill","null_train_mean",4,87,"open,survey_public",87,-0.140997504496842,-0.189567387186957,0.576236392018167,0.634346834701325,-0.000464922374140417,1.00446455077524,0.409090909090909
"Malawi","child_vitA","prev","infill","spatial",4,87,"open,survey_public",87,0.013035673824669,-0.037280269703255,0.81372326820254,0.859539658218449,0.270432254948858,1.01674911850366,0.363636363636364
"Malawi","child_vitA","prev","infill","domain_index",4,87,"open,survey_public",87,0.0626254555320319,0.101999028610169,0.837766380062691,0.873472573691807,0.308036790552388,1.01804920466086,0.227272727272727
"Malawi","child_vitA","prev","infill","domain_enet",4,87,"open,survey_public",87,-0.105197394962684,-0.158917759905009,0.804021683755724,0.852718991930179,0.260521854834986,1.01381945289056,0.363636363636364
"Malawi","child_vitA","prev","infill","raw_enet",4,87,"open,survey_public",87,0.0168176076981156,0.0375853505522776,0.802979731876107,0.852379663209231,0.260991730442496,1.01133454740027,0.363636363636364
"Malawi","child_vitA","prev","infill","spatial_plus_domain",4,87,"open,survey_public",87,0.013035673824669,-0.0372802697032523,0.813723268202544,0.859539658218453,0.270432254948863,1.01674911850366,0.363636363636364
"Malawi","child_vitA","prev","infill","domain_index_cal",4,87,"open,survey_public",87,-0.0509001267365325,-0.0638777786985796,0.807598781495545,0.856579359224411,0.26498446423685,1.01343679527587,0.272727272727273
"Malawi","child_vitA","prev","infill","region_mean_jk",4,87,"open,survey_public",87,0.0253559626458746,-0.0511675794586814,0.797755843531732,0.844152059182566,0.249078703584576,1.02420539977098,0.636363636363636
"Malawi","child_vitA","prev","infill","null_train_mean",5,87,"open,survey_public",87,-0.0139563820517126,-0.111295831632167,0.573768855253864,0.627223595743033,0.00112768791412204,0.997759236001064,0.409090909090909
"Malawi","child_vitA","prev","infill","spatial",5,87,"open,survey_public",87,-0.0668953729546705,-0.10516300888445,0.819305922447722,0.868332319356865,0.275072133413158,1.01910644426893,0.227272727272727
"Malawi","child_vitA","prev","infill","domain_index",5,87,"open,survey_public",87,0.00182996460970223,0.015068219932406,0.904994867643372,0.93743574972934,0.371550117971921,1.05268580041133,0.227272727272727
"Malawi","child_vitA","prev","infill","domain_enet",5,87,"open,survey_public",87,-0.0558471635229573,-0.102143157065679,0.807027351228243,0.853859098174841,0.264038288910222,1.01388466516859,0.409090909090909
"Malawi","child_vitA","prev","infill","raw_enet",5,87,"open,survey_public",87,0.00452146747388084,-0.0176097290377742,0.806625817982644,0.854163500328749,0.264446184124203,1.01291886878398,0.318181818181818
"Malawi","child_vitA","prev","infill","spatial_plus_domain",5,87,"open,survey_public",87,-0.0668953729546705,-0.10516300888445,0.819305922447722,0.868332319356865,0.275072133413158,1.01910644426893,0.227272727272727
"Malawi","child_vitA","prev","infill","domain_index_cal",5,87,"open,survey_public",87,0.05812961655264,0.00749519491058196,0.805556663396919,0.853747426522523,0.263335321436836,1.01230137358043,0.272727272727273
"Malawi","child_vitA","prev","infill","region_mean_jk",5,87,"open,survey_public",87,-0.0138859125219256,-0.0612978825357157,0.834696262420951,0.879457986270527,0.286019122473794,1.04673358639748,0.454545454545455
"Malawi","child_vitA","prev","infill","null_train_mean",6,87,"open,survey_public",87,-0.212651811126349,-0.208487030582825,0.578289533732121,0.631631363191779,-0.00146443546932795,1.0064041863534,0.181818181818182
"Malawi","child_vitA","prev","infill","spatial",6,87,"open,survey_public",87,-0.132186702856392,-0.14174166471978,0.813268543122416,0.862461798041812,0.266380401518742,1.02038706064093,0.136363636363636
"Malawi","child_vitA","prev","infill","domain_index",6,87,"open,survey_public",87,0.0086753877793291,0.00550170369240974,0.867828603536967,0.903578700409655,0.329299842936878,1.04504645785057,0.227272727272727
"Malawi","child_vitA","prev","infill","domain_enet",6,87,"open,survey_public",87,-0.212651811126349,-0.207594896941952,0.805594390716281,0.853814574296892,0.261470419931494,1.01446350692635,0.181818181818182
"Malawi","child_vitA","prev","infill","raw_enet",6,87,"open,survey_public",87,-0.143579227571099,-0.100006335653176,0.810725116439961,0.856334217861025,0.266656267926728,1.01633375951957,0.0909090909090909
"Malawi","child_vitA","prev","infill","spatial_plus_domain",6,87,"open,survey_public",87,-0.132186702856392,-0.141741664719775,0.813268543122416,0.862461798041811,0.266380401518742,1.02038706064093,0.136363636363636
"Malawi","child_vitA","prev","infill","domain_index_cal",6,87,"open,survey_public",87,-0.0865731405478883,-0.104068702589465,0.808208581494446,0.855821772336991,0.264245281014309,1.01484432163223,0.136363636363636
"Malawi","child_vitA","prev","infill","region_mean_jk",6,87,"open,survey_public",87,0.0980574086104576,-0.0653496243331669,0.826558682062858,0.868827898376251,0.278694480142547,1.04085265236391,0.454545454545455
"Malawi","child_vitA","prev","infill","null_train_mean",7,87,"open,survey_public",87,-0.143545374365509,-0.19978611656183,0.576613305658155,0.625773866244425,-0.000478533862308335,1.0056726245343,0.318181818181818
"Malawi","child_vitA","prev","infill","spatial",7,87,"open,survey_public",87,-0.13239003225747,-0.147452362009013,0.806725477440685,0.856524689343744,0.259878860757402,1.02015072239827,0.409090909090909
"Malawi","child_vitA","prev","infill","domain_index",7,87,"open,survey_public",87,0.0126741993338636,0.0366344741929489,0.866189796441002,0.891644719418531,0.332076522094269,1.03612772074028,0.227272727272727
"Malawi","child_vitA","prev","infill","domain_enet",7,87,"open,survey_public",87,-0.148688938054789,-0.134476090515885,0.806011618881541,0.854188954401566,0.262311269736811,1.01478165739683,0.272727272727273
"Malawi","child_vitA","prev","infill","raw_enet",7,87,"open,survey_public",87,-0.0377952649369205,-0.0534494803625449,0.807012548261381,0.853999161798802,0.26419735975715,1.01372795021465,0.181818181818182
"Malawi","child_vitA","prev","infill","spatial_plus_domain",7,87,"open,survey_public",87,-0.13239003225747,-0.14745236200901,0.806725477440683,0.856524689343742,0.259878860757401,1.02015072239827,0.409090909090909
"Malawi","child_vitA","prev","infill","domain_index_cal",7,87,"open,survey_public",87,-0.034407853093537,-0.111588165657932,0.806123950153159,0.851482467354128,0.262416223356473,1.01463399737333,0.227272727272727
"Malawi","child_vitA","prev","infill","region_mean_jk",7,87,"open,survey_public",87,0.0374489919092113,-0.0555466023478181,0.957336423629509,0.991681029344746,0.408167523704457,1.21763918338175,0.545454545454545
"Malawi","child_vitA","prev","infill","null_train_mean",8,87,"open,survey_public",87,-0.0099418559116261,-0.108568294628834,0.572792319471209,0.623013361272796,0.000128174818934489,0.997426863989695,0.272727272727273
"Malawi","child_vitA","prev","infill","spatial",8,87,"open,survey_public",87,0.0073650427501596,-0.0613689593244433,0.807131193216316,0.854365820599302,0.263288207170161,1.01507820922769,0.363636363636364
"Malawi","child_vitA","prev","infill","domain_index",8,87,"open,survey_public",87,0.0628061927774346,0.0610423249152612,0.859870612909214,0.890070582234511,0.328855493426561,1.03351923668607,0.227272727272727
"Malawi","child_vitA","prev","infill","domain_enet",8,87,"open,survey_public",87,-0.13442645609038,-0.00364414308991119,0.80097207922079,0.848373835042109,0.257413351825044,1.01188938976836,0.272727272727273
"Malawi","child_vitA","prev","infill","raw_enet",8,87,"open,survey_public",87,0.122002019382793,0.0468397444543511,0.801970995881217,0.848062467584588,0.260383622787563,1.01117252023513,0.363636363636364
"Malawi","child_vitA","prev","infill","spatial_plus_domain",8,87,"open,survey_public",87,-0.000609988203234077,-0.0660861458138428,0.80721744335352,0.854279446592013,0.263291391442423,1.01524415079738,0.318181818181818
"Malawi","child_vitA","prev","infill","domain_index_cal",8,87,"open,survey_public",87,0.126154597291077,0.0112422154956683,0.8044414280481,0.852218741239424,0.262239773399885,1.01210723047867,0.181818181818182
"Malawi","child_vitA","prev","infill","region_mean_jk",8,87,"open,survey_public",87,0.101015212286673,-0.0619694782812947,0.838603837911684,0.882700768800224,0.291774388791595,1.04933746182289,0.409090909090909
"Malawi","child_vitA","prev","infill","null_train_mean",9,87,"open,survey_public",87,-0.0411578978784731,-0.116410754474216,0.573916085375985,0.621715532470264,-0.000464922374140417,0.997937908237386,0.318181818181818
"Malawi","child_vitA","prev","infill","spatial",9,87,"open,survey_public",87,-0.036892990217824,-0.0646465810279597,0.806288344592456,0.85845225218246,0.26140215274272,1.01601920472537,0.272727272727273
"Malawi","child_vitA","prev","infill","domain_index",9,87,"open,survey_public",87,0.106228315985431,0.0586315527031831,0.868506344843694,0.898280238424425,0.341589768261192,1.0376737954451,0.181818181818182
"Malawi","child_vitA","prev","infill","domain_enet",9,87,"open,survey_public",87,-0.0709022610511511,-0.112356511537437,0.804623696923516,0.851793890912046,0.261553530361945,1.0127736676058,0.363636363636364
"Malawi","child_vitA","prev","infill","raw_enet",9,87,"open,survey_public",87,0.0160625314341186,0.0287694696119515,0.804264454587622,0.851589278531211,0.261783710318699,1.01177884612133,0.227272727272727
"Malawi","child_vitA","prev","infill","spatial_plus_domain",9,87,"open,survey_public",87,-0.036892990217824,-0.0646465810279621,0.806288344592456,0.85845225218246,0.26140215274272,1.01601920472537,0.272727272727273
"Malawi","child_vitA","prev","infill","domain_index_cal",9,87,"open,survey_public",87,0.0817384192333664,-0.011961102987017,0.806749662186561,0.853273794993187,0.264354087941694,1.01287923057752,0.272727272727273
"Malawi","child_vitA","prev","infill","region_mean_jk",9,87,"open,survey_public",87,-0.00290953551907489,-0.0670740312805382,0.852957425436312,0.88939699402918,0.304280285489155,1.05749957557406,0.5
"Malawi","child_vitA","prev","infill","null_train_mean",10,87,"open,survey_public",87,-0.13964863221343,-0.122733895430303,0.574964817557058,0.63016724561536,-0.000478533862308349,0.998345819920888,0.363636363636364
"Malawi","child_vitA","prev","infill","spatial",10,87,"open,survey_public",87,-0.0712104746886597,-0.0601398283091988,0.806036289110876,0.852796184782285,0.261169608455511,1.01470945393232,0.181818181818182
"Malawi","child_vitA","prev","infill","domain_index",10,87,"open,survey_public",87,0.0128549365792663,0.0161598817237869,0.888638749265827,0.919266839408393,0.353091656940074,1.05079538553141,0.227272727272727
"Malawi","child_vitA","prev","infill","domain_enet",10,87,"open,survey_public",87,-0.209968404138446,-0.0927821468558538,0.804215785143599,0.852265187126585,0.260828374132469,1.01285510336901,0.181818181818182
"Malawi","child_vitA","prev","infill","raw_enet",10,87,"open,survey_public",87,-0.0189434493260062,-0.00382135760946024,0.807116522711915,0.856212770082075,0.264489414714295,1.01294432725247,0.363636363636364
"Malawi","child_vitA","prev","infill","spatial_plus_domain",10,87,"open,survey_public",87,-0.0712104746886597,-0.0601398283091969,0.806036289110878,0.852796184782286,0.261169608455512,1.01470945393232,0.181818181818182
"Malawi","child_vitA","prev","infill","domain_index_cal",10,87,"open,survey_public",87,-0.0145041639435658,-0.0388105137916378,0.805732105794496,0.853777693266704,0.262787077521758,1.01279115619979,0.181818181818182
"Malawi","child_vitA","prev","infill","region_mean_jk",10,87,"open,survey_public",87,-0.00872886801408516,-0.0680280017001814,0.870238880489036,0.909446496478178,0.321583835707507,1.07122600587862,0.409090909090909
"Malawi","child_vitA","prev","region","null_train_mean",1,87,"open,survey_public",87,-0.352450225701722,-0.508903881879748,0.580181436487397,0.633601666946096,0.0015076821468951,1.00519395330619,0.227272727272727
"Malawi","child_vitA","prev","region","spatial",1,87,"open,survey_public",87,-0.0457717073982311,-0.0741716011613405,0.812953367726336,0.860565386363087,0.268033112706549,1.0184382863841,0.363636363636364
"Malawi","child_vitA","prev","region","domain_index",1,87,"open,survey_public",87,0.0391296136296823,0.0788545262584871,0.863565443220243,0.898729739117427,0.334620745364133,1.02660868179236,0.318181818181818
"Malawi","child_vitA","prev","region","domain_enet",1,87,"open,survey_public",87,-0.339698625270401,-0.237047141381083,0.808156701647292,0.855327858154697,0.264207519184434,1.01515422808536,0.318181818181818
"Malawi","child_vitA","prev","region","raw_enet",1,87,"open,survey_public",87,-0.275352545321341,-0.145566539537471,0.807232465682903,0.854923586153518,0.263176430187032,1.01511224075703,0.272727272727273
"Malawi","child_vitA","prev","region","spatial_plus_domain",1,87,"open,survey_public",87,-0.0863924033024856,-0.0749540188976837,0.813079995409948,0.860681990597529,0.267532514200802,1.01840648161031,0.363636363636364
"Malawi","child_vitA","prev","region","domain_index_cal",1,87,"open,survey_public",87,-0.301876384133842,-0.275171621022648,0.810844229924787,0.858922020946572,0.267210629284983,1.01540126554984,0.318181818181818
"Malawi","child_vitA","level","infill","null_train_mean",1,87,"open,survey_public",87,-0.250668155403359,-0.276321732426127,0.0552955808578605,0.0543217218228323,3.92096049224943e-05,1.01630132546316,0.0454545454545455
"Malawi","child_vitA","level","infill","spatial",1,87,"open,survey_public",87,0.00834730626230225,0.0735882847222897,0.0571821152992254,0.0570532793348272,6.99608125973058e-05,1.01584453788927,0.227272727272727
"Malawi","child_vitA","level","infill","domain_index",1,87,"open,survey_public",87,0.207315739593205,0.244198154562334,0.0637519185254461,0.066546859624447,-0.00532537203212911,1.20830423405524,0.454545454545455
"Malawi","child_vitA","level","infill","domain_enet",1,87,"open,survey_public",87,0.152990235554501,0.126841870129531,0.0538110864454862,0.0535519355040364,-0.00164289258149906,0.989676034123151,0.272727272727273
"Malawi","child_vitA","level","infill","raw_enet",1,87,"open,survey_public",87,-0.0378213629297423,-0.0189805549376529,0.0555008396162442,0.0541780255851278,-0.00248926703351781,1.01399936638971,0.136363636363636
"Malawi","child_vitA","level","infill","spatial_plus_domain",1,87,"open,survey_public",87,0.00441058540497193,0.0727223069324778,0.0573851689791735,0.0571659550397659,-0.00013908086008132,1.01873315714066,0.181818181818182
"Malawi","child_vitA","level","infill","domain_index_cal",1,87,"open,survey_public",87,0.0975249690165488,0.0878939128581581,0.0549817889114863,0.0545539255328602,-0.000753689260377948,1.0021508053467,0.272727272727273
"Malawi","child_vitA","level","infill","region_mean_jk",1,87,"open,survey_public",87,-0.0199143275905229,0.0449303412729483,0.0755720483690901,0.0769933769361624,0.00227571265951388,1.34392792301154,0.227272727272727
"Malawi","child_vitA","level","infill","null_train_mean",2,87,"open,survey_public",87,-0.142428470311926,-0.141716160256754,0.0543854570212019,0.05365980268785,1.59298739970621e-05,0.999708871098733,0.181818181818182
"Malawi","child_vitA","level","infill","spatial",2,87,"open,survey_public",87,0.155609827221696,0.196307408093404,0.0551484719068853,0.0550327013400865,-0.000818245785714511,0.97847331666863,0.318181818181818
"Malawi","child_vitA","level","infill","domain_index",2,87,"open,survey_public",87,0.253608660785886,0.28314269270472,0.0632601396428542,0.0652822546170587,-0.00308000210787381,1.1606260114026,0.409090909090909
"Malawi","child_vitA","level","infill","domain_enet",2,87,"open,survey_public",87,0.033729845691215,-0.0112240262433385,0.0579428748581131,0.0565110248045796,-0.00107190425538206,1.04672517231285,0.363636363636364
"Malawi","child_vitA","level","infill","raw_enet",2,87,"open,survey_public",87,-0.147844825803736,-0.0559689367894205,0.0546694582321004,0.0539259320966947,-0.000593817536913471,1.00840328773152,0.272727272727273
"Malawi","child_vitA","level","infill","spatial_plus_domain",2,87,"open,survey_public",87,0.0551505431216738,0.0748487369659692,0.0588094986424663,0.0576171115811841,-0.00173033409841254,1.04988047667177,0.272727272727273
"Malawi","child_vitA","level","infill","domain_index_cal",2,87,"open,survey_public",87,0.124170737041627,0.0761008193628963,0.0549430808564636,0.0539861604187058,-4.11919000249909e-07,1.00206870579631,0.363636363636364
"Malawi","child_vitA","level","infill","region_mean_jk",2,87,"open,survey_public",87,0.0728018415590443,0.0903114219613027,0.0642386012018731,0.0658198090599307,-0.00441123522450515,1.12656046192645,0.227272727272727
"Malawi","child_vitA","level","infill","null_train_mean",3,87,"open,survey_public",87,-0.123659980492841,-0.142413688988055,0.0544050081612012,0.0537373892091016,-2.66761039749776e-05,0.999877584242744,0.181818181818182
"Malawi","child_vitA","level","infill","spatial",3,87,"open,survey_public",87,0.122421083327258,0.163492005889966,0.0550788053532884,0.0551231623037999,-0.000671768522984635,0.987488464458561,0.363636363636364
"Malawi","child_vitA","level","infill","domain_index",3,87,"open,survey_public",87,0.25082015017861,0.272544386442991,0.0615598500017695,0.0641687858258327,-0.00318351085371327,1.17021465419058,0.454545454545455
"Malawi","child_vitA","level","infill","domain_enet",3,87,"open,survey_public",87,0.190147262520959,0.185399881218549,0.0540825881198565,0.0549166056364397,-0.00116659391897019,0.981528587205651,0.409090909090909
"Malawi","child_vitA","level","infill","raw_enet",3,87,"open,survey_public",87,-0.0125756360720274,-0.0701313453103251,0.0558833330906719,0.0554884738435004,-0.000181606924766302,1.03248341790656,0.272727272727273
"Malawi","child_vitA","level","infill","spatial_plus_domain",3,87,"open,survey_public",87,0.171994605234381,0.201497578060647,0.0545764226758725,0.0555000632581813,5.09068470101194e-06,0.983336607928358,0.409090909090909
"Malawi","child_vitA","level","infill","domain_index_cal",3,87,"open,survey_public",87,0.214842895676897,0.213215975465571,0.053045389161675,0.0530290453617711,-0.00138401144377084,0.97211260580863,0.5
"Malawi","child_vitA","level","infill","region_mean_jk",3,87,"open,survey_public",87,0.0479100310289947,0.0670830769802247,0.0646106706195776,0.0660687162164376,-0.00140018228693775,1.17729917989291,0.272727272727273
"Malawi","child_vitA","level","infill","null_train_mean",4,87,"open,survey_public",87,-0.227705122022129,-0.284248123078323,0.0553876031844206,0.0548793501144311,6.19806192987802e-05,1.01753850983998,0.136363636363636
"Malawi","child_vitA","level","infill","spatial",4,87,"open,survey_public",87,0.118083400160385,0.126999693411289,0.0560301500259865,0.0562984069347735,-0.00078537078719311,0.998443241601946,0.318181818181818
"Malawi","child_vitA","level","infill","domain_index",4,87,"open,survey_public",87,0.236622439308887,0.235639734258215,0.0636643767321726,0.0644718975298376,0.00343420868773803,1.19261788776276,0.409090909090909
"Malawi","child_vitA","level","infill","domain_enet",4,87,"open,survey_public",87,0.0573193847051104,0.00692132315155381,0.0561570245851326,0.055164052278515,0.00272708998895505,1.04148834043298,0.227272727272727
"Malawi","child_vitA","level","infill","raw_enet",4,87,"open,survey_public",87,-0.128850756525165,-0.150473091721112,0.0573130325516404,0.0566873071103172,0.00122863310834536,1.04819120212182,0.272727272727273
"Malawi","child_vitA","level","infill","spatial_plus_domain",4,87,"open,survey_public",87,0.110282860683823,0.0838122877383071,0.0563776792626867,0.0564935891481654,0.000228747754705422,1.01944787124221,0.318181818181818
"Malawi","child_vitA","level","infill","domain_index_cal",4,87,"open,survey_public",87,0.0839833782897135,0.0188378596175546,0.0551898224043022,0.0554325742303945,-0.000708643890244913,1.01810967504425,0.318181818181818
"Malawi","child_vitA","level","infill","region_mean_jk",4,87,"open,survey_public",87,0.0404041331068282,0.0706004755189213,0.0718327553660469,0.0725565028390946,0.0017870002239039,1.301072822878,0.272727272727273
"Malawi","child_vitA","level","infill","null_train_mean",5,87,"open,survey_public",87,-0.179760838069016,-0.189090112783655,0.054652904314235,0.0539398829028347,-7.4572820635107e-05,1.0041141538163,0.227272727272727
"Malawi","child_vitA","level","infill","spatial",5,87,"open,survey_public",87,0.11241525114821,0.176253720468559,0.0552072975007587,0.0550791138852295,0.000781382476474475,0.986000082697025,0.318181818181818
"Malawi","child_vitA","level","infill","domain_index",5,87,"open,survey_public",87,0.208901363271852,0.248878871244704,0.0650329244658732,0.0668072791821879,-0.0032651503118177,1.21347990351537,0.363636363636364
"Malawi","child_vitA","level","infill","domain_enet",5,87,"open,survey_public",87,0.214806444557848,0.196292510333972,0.0533660795472797,0.0529068193250665,7.37268736665267e-05,0.974894708435471,0.409090909090909
"Malawi","child_vitA","level","infill","raw_enet",5,87,"open,survey_public",87,-0.260137839161797,-0.093167820911161,0.0564981283355875,0.0563557894867548,0.000226407377416085,1.01942920866144,0.181818181818182
"Malawi","child_vitA","level","infill","spatial_plus_domain",5,87,"open,survey_public",87,0.104250200481155,0.149104155896318,0.055991405163302,0.0566224906240756,0.000953317810461319,1.00076773663812,0.363636363636364
"Malawi","child_vitA","level","infill","domain_index_cal",5,87,"open,survey_public",87,0.111832033243421,0.144902485125886,0.054514630938168,0.0543497415390479,-0.000289418874037603,0.986532391516608,0.318181818181818
"Malawi","child_vitA","level","infill","region_mean_jk",5,87,"open,survey_public",87,0.06606327563067,0.118921367110723,0.0661456434185493,0.0664746777601804,-0.00121667793623515,1.15294601753802,0.272727272727273
"Malawi","child_vitA","level","infill","null_train_mean",6,87,"open,survey_public",87,-0.233871380074683,-0.246856842381245,0.0547932579996936,0.0538823128135544,4.81405627696451e-05,1.01131021867672,0.227272727272727
"Malawi","child_vitA","level","infill","spatial",6,87,"open,survey_public",87,0.0320769847634322,0.0722044058064601,0.0565732610704508,0.0563323939446761,-3.44869561926827e-05,1.00846673476984,0.318181818181818
"Malawi","child_vitA","level","infill","domain_index",6,87,"open,survey_public",87,0.194503171247357,0.237793191396714,0.0632724970340685,0.0649524179791427,-0.00136351730939007,1.17992057225714,0.363636363636364
"Malawi","child_vitA","level","infill","domain_enet",6,87,"open,survey_public",87,0.191623532842458,0.187519827433697,0.0535262938159219,0.0527095143389684,0.000294358960365723,0.977101119035675,0.318181818181818
"Malawi","child_vitA","level","infill","raw_enet",6,87,"open,survey_public",87,-0.176532689938585,-0.159782121762776,0.0548591291557391,0.0545495636733189,-0.000500915942441668,1.01368929660492,0.181818181818182
"Malawi","child_vitA","level","infill","spatial_plus_domain",6,87,"open,survey_public",87,0.0359408033826638,0.0728791760195336,0.0565125564045948,0.0562526447521501,5.98848527651125e-05,1.0089937488509,0.318181818181818
"Malawi","child_vitA","level","infill","domain_index_cal",6,87,"open,survey_public",87,0.132317562149158,0.0948234316376868,0.0538312546888241,0.0533498573940408,0.000132656714434281,0.996249466547403,0.363636363636364
"Malawi","child_vitA","level","infill","region_mean_jk",6,87,"open,survey_public",87,0.0563847595908794,0.112355835006387,0.0648472366535838,0.0663783532122695,-0.00217736457300135,1.12399962631101,0.227272727272727
"Malawi","child_vitA","level","infill","null_train_mean",7,87,"open,survey_public",87,-0.216302659921932,-0.200687183658704,0.0546432884974862,0.0537362985183733,-7.29629741859679e-05,1.00566339840992,0.136363636363636
"Malawi","child_vitA","level","infill","spatial",7,87,"open,survey_public",87,-0.0220711525843843,0.00143645715935037,0.0580567120710163,0.0575975668570485,-0.00243020144175615,1.03623705737701,0.227272727272727
"Malawi","child_vitA","level","infill","domain_index",7,87,"open,survey_public",87,0.131588539768171,0.16988602146189,0.0667185692221179,0.0681875348669775,-0.00594792942321482,1.23957501010158,0.363636363636364
"Malawi","child_vitA","level","infill","domain_enet",7,87,"open,survey_public",87,0.0968506233141357,0.0780110860529591,0.0545833380924909,0.0539479543202025,-0.000896146191206142,1.00444081643859,0.363636363636364
"Malawi","child_vitA","level","infill","raw_enet",7,87,"open,survey_public",87,-0.174476550755023,-0.120217796670382,0.05644789065133,0.0548085205463651,-0.00177062664807044,1.02926798865165,0.181818181818182
"Malawi","child_vitA","level","infill","spatial_plus_domain",7,87,"open,survey_public",87,0.0178245972151345,0.00469598312147756,0.059799726923025,0.0603228404944695,-0.00456240574811247,1.08392302096,0.272727272727273
"Malawi","child_vitA","level","infill","domain_index_cal",7,87,"open,survey_public",87,0.100532186338121,0.103519199634346,0.0552860016841423,0.0548472223147636,-0.00100488542082181,1.00011160047077,0.318181818181818
"Malawi","child_vitA","level","infill","region_mean_jk",7,87,"open,survey_public",87,-0.0112461951144184,0.0309724708680901,0.0718088462114894,0.0733645698559125,0.00165412246366945,1.29912993103531,0.272727272727273
"Malawi","child_vitA","level","infill","null_train_mean",8,87,"open,survey_public",87,-0.258164390682934,-0.262099086109123,0.0553668905089822,0.0549051795349734,-0.000142030788563087,1.01348249321516,0.227272727272727
"Malawi","child_vitA","level","infill","spatial",8,87,"open,survey_public",87,-0.0184989429175476,0.000868878137256648,0.0588264870442417,0.0588481854003219,-0.000594416984383625,1.042397400768,0.272727272727273
"Malawi","child_vitA","level","infill","domain_index",8,87,"open,survey_public",87,0.164613253626886,0.200991322053455,0.0657505028365711,0.0660567889456097,-0.00033742151235833,1.20194674487367,0.409090909090909
"Malawi","child_vitA","level","infill","domain_enet",8,87,"open,survey_public",87,-0.0757908102238789,-0.132326435974855,0.0649178212215929,0.0661767063057981,-0.00601255680796295,1.18163074235946,0.272727272727273
"Malawi","child_vitA","level","infill","raw_enet",8,87,"open,survey_public",87,-0.201941014918649,-0.219758834202575,0.0622917052408742,0.0623968966335656,-0.00528990018326097,1.14960488742789,0.318181818181818
"Malawi","child_vitA","level","infill","spatial_plus_domain",8,87,"open,survey_public",87,-0.0233833928701611,0.0025188238438051,0.0619376306618344,0.0625792725749765,-0.000151334029165387,1.08075947462362,0.181818181818182
"Malawi","child_vitA","level","infill","domain_index_cal",8,87,"open,survey_public",87,-0.0488080484070861,-0.0418824201323928,0.0559765193272194,0.055173367316484,0.00116989584759351,1.02180115122095,0.227272727272727
"Malawi","child_vitA","level","infill","region_mean_jk",8,87,"open,survey_public",87,-0.102530452209449,-0.078778773379384,0.0727767026343412,0.0738117486631009,-0.00382456222884814,1.27978104841677,0.272727272727273
"Malawi","child_vitA","level","infill","null_train_mean",9,87,"open,survey_public",87,-0.07352076908814,-0.109476391336658,0.0541681075096728,0.0532590664903228,2.9468376435021e-05,0.997706447804197,0.181818181818182
"Malawi","child_vitA","level","infill","spatial",9,87,"open,survey_public",87,0.162079900852956,0.179231452579997,0.0545953806960344,0.0543606024970129,-0.000314143427053157,0.982549227353271,0.318181818181818
"Malawi","child_vitA","level","infill","domain_index",9,87,"open,survey_public",87,0.223062623022527,0.255312600796673,0.0629952118780908,0.065058584491215,-8.67881410800997e-05,1.18285955457336,0.363636363636364
"Malawi","child_vitA","level","infill","domain_enet",9,87,"open,survey_public",87,0.279981045418094,0.270976420147785,0.052445181796227,0.0517707649673645,-0.000241711566638066,0.96302771676336,0.363636363636364
"Malawi","child_vitA","level","infill","raw_enet",9,87,"open,survey_public",87,-0.0142227330473289,-0.0605691219530013,0.0553212144804094,0.054428227611882,0.000393709225760672,1.01685999712574,0.272727272727273
"Malawi","child_vitA","level","infill","spatial_plus_domain",9,87,"open,survey_public",87,0.163191659983961,0.13844525247063,0.0554955408899249,0.0557944153722709,-0.000115480534757886,1.00339308114196,0.363636363636364
"Malawi","child_vitA","level","infill","domain_index_cal",9,87,"open,survey_public",87,0.200298899176205,0.232036532116411,0.0529761321186159,0.0527664225822098,0.00016822318356599,0.96725568938074,0.318181818181818
"Malawi","child_vitA","level","infill","region_mean_jk",9,87,"open,survey_public",87,0.0624481653627102,0.0589834398937887,0.0669062433210275,0.0680143126441409,0.00149861115664102,1.21268034607259,0.272727272727273
"Malawi","child_vitA","level","infill","null_train_mean",10,87,"open,survey_public",87,-0.221734175310607,-0.256816100694135,0.0547598161383324,0.0542229545072514,7.36684523905013e-05,1.01221672732086,0.136363636363636
"Malawi","child_vitA","level","infill","spatial",10,87,"open,survey_public",87,0.127177954363199,0.173223596902944,0.0548841688426666,0.0548375930453616,-0.000241339013839352,0.986125686084282,0.318181818181818
"Malawi","child_vitA","level","infill","domain_index",10,87,"open,survey_public",87,0.285394036596923,0.29792554221379,0.0618229227044224,0.0639897904994657,-0.00187524639756999,1.15242375665643,0.454545454545455
"Malawi","child_vitA","level","infill","domain_enet",10,87,"open,survey_public",87,0.184515564627834,0.0805039819566131,0.0583873717042373,0.0585351475182831,-0.00147478145400826,1.05511874898167,0.5
"Malawi","child_vitA","level","infill","raw_enet",10,87,"open,survey_public",87,-0.0925302158442803,0.0165573945782231,0.0541582704227527,0.053548189030504,-0.000134477721701927,1.00482021005114,0.181818181818182
"Malawi","child_vitA","level","infill","spatial_plus_domain",10,87,"open,survey_public",87,0.14915797914996,0.160151841689201,0.0564191457947508,0.0573014167995366,-0.000437020523601645,0.99840803791246,0.409090909090909
"Malawi","child_vitA","level","infill","domain_index_cal",10,87,"open,survey_public",87,0.208427498724211,0.165226288128952,0.0537304132758817,0.0537297867215181,0.000476208612730635,0.981876718002542,0.454545454545455
"Malawi","child_vitA","level","infill","region_mean_jk",10,87,"open,survey_public",87,0.106060399981023,0.133387916168368,0.0642728591388923,0.0658613259767743,0.000971210043872915,1.12771245941446,0.318181818181818
"Malawi","child_vitA","level","region","null_train_mean",1,87,"open,survey_public",87,-0.521275758407526,-0.547668555577925,0.0549085522539291,0.0540016362087918,0.000173878794267178,1.00973575106157,0.0909090909090909
"Malawi","child_vitA","level","region","spatial",1,87,"open,survey_public",87,0.057118903550339,0.0688897132404405,0.0573517888053841,0.056879109355067,-0.00185131175965648,1.01703029645705,0.272727272727273
"Malawi","child_vitA","level","region","domain_index",1,87,"open,survey_public",87,0.210742144783845,0.252345294452244,0.0613532045159655,0.0625658873646168,-0.00152253494456099,1.14283605922323,0.409090909090909
"Malawi","child_vitA","level","region","domain_enet",1,87,"open,survey_public",87,0.139279725887585,0.0756502475705561,0.0542684188047006,0.0527933582009709,-7.58081678105396e-05,0.996291863541716,0.272727272727273
"Malawi","child_vitA","level","region","raw_enet",1,87,"open,survey_public",87,-0.43619593508744,-0.40665648731023,0.0562289488966961,0.0553329426827106,0.00010265070098167,1.03447043030944,0.0909090909090909
"Malawi","child_vitA","level","region","spatial_plus_domain",1,87,"open,survey_public",87,0.0386746373113655,0.0601564835951853,0.0579976648400054,0.057593677256773,-0.0042121925031595,1.03371282158959,0.272727272727273
"Malawi","child_vitA","level","region","domain_index_cal",1,87,"open,survey_public",87,0.126211999708391,0.121911478952231,0.054696499226579,0.0539086183162917,2.61711741981426e-05,0.990705949408618,0.363636363636364
"Malawi","women_vitA","prev","infill","null_train_mean",1,87,"open,survey_public",87,-0.168226350216483,-0.189444363675495,0.440500649146326,0.457822944202596,-5.94940624925746e-05,1.00414492903363,0.5
"Malawi","women_vitA","prev","infill","spatial",1,87,"open,survey_public",87,-0.0274494558157124,-0.0692319436980705,0.757105899188186,0.772244510601977,0.333728521095547,1.02581831857638,0.227272727272727
"Malawi","women_vitA","prev","infill","domain_index",1,87,"open,survey_public",87,-0.186529933765595,-0.107457713602651,0.807685164302511,0.802029427848106,0.378475387816466,1.06821764114251,0.136363636363636
"Malawi","women_vitA","prev","infill","domain_enet",1,87,"open,survey_public",87,-0.164256898716865,-0.187568307255094,0.735741490459349,0.754429796575904,0.312759320972001,1.01786691079073,0.5
"Malawi","women_vitA","prev","infill","raw_enet",1,87,"open,survey_public",87,-0.168226350216483,-0.187568307255094,0.735741490459348,0.754429796575904,0.312759320972,1.01786691079073,0.5
"Malawi","women_vitA","prev","infill","spatial_plus_domain",1,87,"open,survey_public",87,-0.0274494558157124,-0.0692319437197812,0.757105899181227,0.772244510594384,0.33372852108765,1.02581831857691,0.227272727272727
"Malawi","women_vitA","prev","infill","domain_index_cal",1,87,"open,survey_public",87,-0.202185249998086,-0.189532905535895,0.735764185699882,0.754438819217438,0.312774797438426,1.01788673442849,0.363636363636364
"Malawi","women_vitA","prev","infill","region_mean_jk",1,87,"open,survey_public",87,-0.0611425767601726,-0.0333262667658876,1.01875427573031,0.973224788217046,0.594744058616643,1.47421857133025,0.545454545454545
"Malawi","women_vitA","prev","infill","null_train_mean",2,87,"open,survey_public",87,-0.168226350216483,-0.189444363675495,0.440500649146326,0.462855477527613,-5.94940624925746e-05,1.00414492903363,0.363636363636364
"Malawi","women_vitA","prev","infill","spatial",2,87,"open,survey_public",87,-0.00308894131941521,-0.0432044407850994,0.735919124313486,0.755961030558174,0.312808018646148,1.01889449309231,0.181818181818182
"Malawi","women_vitA","prev","infill","domain_index",2,87,"open,survey_public",87,-0.165117954165104,-0.0922288434634981,0.802655769504052,0.824011971370834,0.373288006050229,1.07388587041414,0.0909090909090909
"Malawi","women_vitA","prev","infill","domain_enet",2,87,"open,survey_public",87,-0.164256898716865,-0.187568307255094,0.735741490459349,0.755174616445981,0.312759320972001,1.01786691079073,0.363636363636364
"Malawi","women_vitA","prev","infill","raw_enet",2,87,"open,survey_public",87,-0.168226350216483,-0.187568307255094,0.735741490459348,0.755174616445981,0.312759320972,1.01786691079073,0.363636363636364
"Malawi","women_vitA","prev","infill","spatial_plus_domain",2,87,"open,survey_public",87,-0.00308894131941521,-0.0432044407544337,0.73591912431916,0.755961030563178,0.312808018652567,1.01889449309198,0.181818181818182
"Malawi","women_vitA","prev","infill","domain_index_cal",2,87,"open,survey_public",87,-0.190110297567645,-0.189197574843603,0.735747847291075,0.75518309244589,0.312758247851256,1.01788324691799,0.181818181818182
"Malawi","women_vitA","prev","infill","region_mean_jk",2,87,"open,survey_public",87,-0.0520095981189583,-0.0286848728136595,0.757585062573758,0.761081982225852,0.333574845460093,1.0452318043741,0.590909090909091
"Malawi","women_vitA","prev","infill","null_train_mean",3,87,"open,survey_public",87,-0.168226350216483,-0.189444363675495,0.440500649146326,0.464459510553881,-5.94940624925746e-05,1.00414492903363,0.318181818181818
"Malawi","women_vitA","prev","infill","spatial",3,87,"open,survey_public",87,-0.00912641753463584,-0.0481239882450184,0.736356642135926,0.753408956327004,0.313086113384449,1.01943763560396,0.318181818181818
"Malawi","women_vitA","prev","infill","domain_index",3,87,"open,survey_public",87,-0.17740351623096,-0.0945331281927437,0.789829617826597,0.810385771044317,0.36052042787748,1.06610904463919,0.0909090909090909
"Malawi","women_vitA","prev","infill","domain_enet",3,87,"open,survey_public",87,-0.168226350216483,-0.187568307255094,0.735741490459348,0.75549613299775,0.312759320972,1.01786691079073,0.318181818181818
"Malawi","women_vitA","prev","infill","raw_enet",3,87,"open,survey_public",87,-0.164256898716865,-0.187568307255094,0.735741490459349,0.75549613299775,0.312759320972001,1.01786691079073,0.181818181818182
"Malawi","women_vitA","prev","infill","spatial_plus_domain",3,87,"open,survey_public",87,-0.00912641753463584,-0.0481239882450217,0.736356642135926,0.753408956327004,0.31308611338445,1.01943763560396,0.318181818181818
"Malawi","women_vitA","prev","infill","domain_index_cal",3,87,"open,survey_public",87,-0.196147773782866,-0.189106446954135,0.735742159295792,0.755494602774043,0.312752636504222,1.01788175660849,0.227272727272727
"Malawi","women_vitA","prev","infill","region_mean_jk",3,87,"open,survey_public",87,-0.0487478452928248,-0.0314997006911917,0.752607117778013,0.759089260830625,0.328596900664348,1.03784790961907,0.727272727272727
"Malawi","women_vitA","prev","infill","null_train_mean",4,87,"open,survey_public",87,-0.238442984353603,-0.297209386132722,0.444638791715253,0.466407940206816,-0.00235993114553834,1.0195160406926,0.5
"Malawi","women_vitA","prev","infill","spatial",4,87,"open,survey_public",87,-0.0835120478001317,-0.087905644803751,0.739549667774199,0.754837385100191,0.315539450660534,1.02173855036907,0.318181818181818
"Malawi","women_vitA","prev","infill","domain_index",4,87,"open,survey_public",87,-0.00920223841799674,-0.0402609633778181,0.801953188562368,0.808446049759098,0.377942971448702,1.06821035552692,0.136363636363636
"Malawi","women_vitA","prev","infill","domain_enet",4,87,"open,survey_public",87,-0.238442984353603,-0.297206773651951,0.736620016083056,0.756026460801553,0.312609798969391,1.0200955636295,0.5
"Malawi","women_vitA","prev","infill","raw_enet",4,87,"open,survey_public",87,-0.220253605310697,-0.297206773651951,0.736620016083057,0.756026460801553,0.312609798969392,1.0200955636295,0.454545454545455
"Malawi","women_vitA","prev","infill","spatial_plus_domain",4,87,"open,survey_public",87,-0.0774489653218684,-0.0828003065385367,0.739599083593367,0.754365430141528,0.315588866479702,1.02188229912009,0.318181818181818
"Malawi","women_vitA","prev","infill","domain_index_cal",4,87,"open,survey_public",87,-0.211651483613925,-0.297186028274135,0.736619340739994,0.756015448874046,0.312609123626329,1.02009540952196,0.363636363636364
"Malawi","women_vitA","prev","infill","region_mean_jk",4,87,"open,survey_public",87,-0.05200535572749,-0.0351081982285828,0.774979165865302,0.773443653252001,0.350968948751637,1.05221923084348,0.681818181818182
"Malawi","women_vitA","prev","infill","null_train_mean",5,87,"open,survey_public",87,-0.238442984353603,-0.297209386132722,0.444638791715253,0.461491848744212,-0.00235993114553834,1.0195160406926,0.363636363636364
"Malawi","women_vitA","prev","infill","spatial",5,87,"open,survey_public",87,-0.105600066193431,-0.0270282862732477,0.965415745018743,0.90536527759312,0.541405527905078,1.47851440998757,0.227272727272727
"Malawi","women_vitA","prev","infill","domain_index",5,87,"open,survey_public",87,-0.0582808433139794,-0.0485047928569681,0.834557037988164,0.839521246484706,0.4105468208745,1.08304847438718,0.136363636363636
"Malawi","women_vitA","prev","infill","domain_enet",5,87,"open,survey_public",87,-0.220253605310697,-0.297206773651951,0.736620016083057,0.755224403040471,0.312609798969392,1.0200955636295,0.363636363636364
"Malawi","women_vitA","prev","infill","raw_enet",5,87,"open,survey_public",87,-0.237106254583965,-0.28955371640582,0.736206012366891,0.754963307324079,0.312195795253226,1.01999860645212,0.590909090909091
"Malawi","women_vitA","prev","infill","spatial_plus_domain",5,87,"open,survey_public",87,-0.0824724632404129,-0.0269864734353241,0.965019828176469,0.905745663962538,0.541009611062804,1.47845688439364,0.227272727272727
"Malawi","women_vitA","prev","infill","domain_index_cal",5,87,"open,survey_public",87,-0.211651483613925,-0.297188115404674,0.736642279564775,0.755238918724171,0.31263206245111,1.02010100370732,0.227272727272727
"Malawi","women_vitA","prev","infill","region_mean_jk",5,87,"open,survey_public",87,-0.0611611979199648,-0.0262450852734561,0.975756117895319,0.903493008262517,0.551745900781654,1.5296002872367,0.590909090909091
"Malawi","women_vitA","prev","infill","null_train_mean",6,87,"open,survey_public",87,-0.238442984353603,-0.297209386132722,0.444638791715253,0.471547125823537,-0.00235993114553834,1.0195160406926,0.454545454545455
"Malawi","women_vitA","prev","infill","spatial",6,87,"open,survey_public",87,-0.0885811307983225,-0.0951657202021642,0.743196608483378,0.761277199002669,0.319186391369712,1.02263906369323,0.272727272727273
"Malawi","women_vitA","prev","infill","domain_index",6,87,"open,survey_public",87,-0.0337415408659881,-0.043766071150693,0.809277230125419,0.824408999566053,0.385267013011754,1.06925389339751,0.227272727272727
"Malawi","women_vitA","prev","infill","domain_enet",6,87,"open,survey_public",87,-0.220253605310697,-0.297206773651951,0.736620016083057,0.756865521030579,0.312609798969392,1.0200955636295,0.363636363636364
"Malawi","women_vitA","prev","infill","raw_enet",6,87,"open,survey_public",87,-0.238442984353603,-0.297206773651951,0.736620016083056,0.756865521030579,0.312609798969392,1.0200955636295,0.454545454545455
"Malawi","women_vitA","prev","infill","spatial_plus_domain",6,87,"open,survey_public",87,-0.0810666008775696,-0.0951657202021565,0.743196608483376,0.761277199002667,0.319186391369711,1.02263906369322,0.272727272727273
"Malawi","women_vitA","prev","infill","domain_index_cal",6,87,"open,survey_public",87,-0.211651483613925,-0.297192791060799,0.736629614908776,0.756867361448059,0.312619397795111,1.02009791210821,0.318181818181818
"Malawi","women_vitA","prev","infill","region_mean_jk",6,87,"open,survey_public",87,-0.0611751749602357,-0.0349231860705055,0.786013573483162,0.786092629260191,0.362003356369497,1.06241236702527,0.545454545454545
"Malawi","women_vitA","prev","infill","null_train_mean",7,87,"open,survey_public",87,-0.165034268980096,-0.186951380797885,0.439938760778341,0.458424303392921,-0.000634603333254005,1.00410103170303,0.318181818181818
"Malawi","women_vitA","prev","infill","spatial",7,87,"open,survey_public",87,0.0149532841144418,-0.0524893456347187,0.743425321381874,0.760136266487538,0.320091769049516,1.02200679151075,0.181818181818182
"Malawi","women_vitA","prev","infill","domain_index",7,87,"open,survey_public",87,-0.165258360588714,-0.0819179273562646,0.800716629724637,0.811360131386685,0.371596081623015,1.07845235232006,0.181818181818182
"Malawi","women_vitA","prev","infill","domain_enet",7,87,"open,survey_public",87,-0.161140137498029,-0.186260010488753,0.735707752558709,0.754652127806076,0.312724761229651,1.01785583904641,0.318181818181818
"Malawi","women_vitA","prev","infill","raw_enet",7,87,"open,survey_public",87,-0.165034268980096,-0.186260010488753,0.735707752558709,0.754652127806076,0.31272476122965,1.01785583904641,0.318181818181818
"Malawi","women_vitA","prev","infill","spatial_plus_domain",7,87,"open,survey_public",87,0.0149532841144418,-0.0524893456347155,0.743425321381873,0.760136266487536,0.320091769049514,1.02200679151075,0.181818181818182
"Malawi","women_vitA","prev","infill","domain_index_cal",7,87,"open,survey_public",87,-0.19305883246345,-0.187710471252683,0.735707662503234,0.754641954697131,0.31271754804542,1.01787023490112,0.227272727272727
"Malawi","women_vitA","prev","infill","region_mean_jk",7,87,"open,survey_public",87,-0.0453237730287554,-0.033036547841467,1.01610460689163,0.971241054532006,0.592094389777967,1.47378992758124,0.681818181818182
"Malawi","women_vitA","prev","infill","null_train_mean",8,87,"open,survey_public",87,-0.168226350216483,-0.189444363675495,0.440500649146326,0.460324783813337,-5.94940624925746e-05,1.00414492903363,0.272727272727273
"Malawi","women_vitA","prev","infill","spatial",8,87,"open,survey_public",87,-0.0152340969616614,-0.0626156991649493,0.745460408649885,0.764185054862777,0.322055277332559,1.02234462958267,0.181818181818182
"Malawi","women_vitA","prev","infill","domain_index",8,87,"open,survey_public",87,-0.189618875085011,-0.106568528457267,0.819240614087617,0.835768547723726,0.389807873615654,1.07515883003911,0.136363636363636
"Malawi","women_vitA","prev","infill","domain_enet",8,87,"open,survey_public",87,-0.168226350216483,-0.187568307255094,0.735741490459348,0.754808219411237,0.312759320972,1.01786691079073,0.272727272727273
"Malawi","women_vitA","prev","infill","raw_enet",8,87,"open,survey_public",87,-0.164256898716865,-0.187568307255094,0.735741490459349,0.754808219411237,0.312759320972001,1.01786691079073,0.181818181818182
"Malawi","women_vitA","prev","infill","spatial_plus_domain",8,87,"open,survey_public",87,-0.0152340969616614,-0.0626156993035649,0.745460408614428,0.764185054827291,0.322055277292473,1.02234462958468,0.181818181818182
"Malawi","women_vitA","prev","infill","domain_index_cal",8,87,"open,survey_public",87,-0.208292929425112,-0.190370458637047,0.735766062698608,0.75483105363773,0.312776367883529,1.01788759052452,0.136363636363636
"Malawi","women_vitA","prev","infill","region_mean_jk",8,87,"open,survey_public",87,-0.0640173418276319,-0.0356153937882339,0.776007213491619,0.774696423762251,0.351996996377954,1.0524470174478,0.5
"Malawi","women_vitA","prev","infill","null_train_mean",9,87,"open,survey_public",87,-0.176955438163469,-0.183812602907012,0.438160549354952,0.460747948200841,-0.00235993114553834,1.003793945385,0.5
"Malawi","women_vitA","prev","infill","spatial",9,87,"open,survey_public",87,0.0182528350692717,-0.0449095591494031,0.736702740046176,0.755539407046003,0.313486458143785,1.01952938165192,0.272727272727273
"Malawi","women_vitA","prev","infill","domain_index",9,87,"open,survey_public",87,-0.143916584200027,-0.0805145460412779,0.780383719774197,0.797163199550187,0.351419893556286,1.06672344582602,0.272727272727273
"Malawi","women_vitA","prev","infill","domain_enet",9,87,"open,survey_public",87,-0.176955438163469,-0.182580644147958,0.735376796961643,0.754957370888933,0.312401772040367,1.01776255377617,0.5
"Malawi","women_vitA","prev","infill","raw_enet",9,87,"open,survey_public",87,-0.176955438163469,-0.182580644147958,0.735376796961643,0.754957370888933,0.312401772040367,1.01776255377617,0.5
"Malawi","women_vitA","prev","infill","spatial_plus_domain",9,87,"open,survey_public",87,0.0182528350692717,-0.0449095590805205,0.736702740062278,0.755539407061974,0.313486458161909,1.01952938165108,0.272727272727273
"Malawi","women_vitA","prev","infill","domain_index_cal",9,87,"open,survey_public",87,-0.196147773782866,-0.184082269789422,0.735365509002235,0.754941094166147,0.312383585816711,1.01777357462695,0.227272727272727
"Malawi","women_vitA","prev","infill","region_mean_jk",9,87,"open,survey_public",87,-0.058185581929963,-0.0371603088264479,0.793435438801884,0.786876909290917,0.369425221688219,1.06556637867562,0.681818181818182
"Malawi","women_vitA","prev","infill","null_train_mean",10,87,"open,survey_public",87,-0.230229937905449,-0.308023272488139,0.448664556610583,0.468554253341382,0.00166583374979177,1.01981863764476,0.363636363636364
"Malawi","women_vitA","prev","infill","spatial",10,87,"open,survey_public",87,-0.100336391955498,-0.0905089519948043,0.740824129053423,0.759071720122182,0.316813911939758,1.02205151411715,0.181818181818182
"Malawi","women_vitA","prev","infill","domain_index",10,87,"open,survey_public",87,-0.0245220612035309,-0.0446898384391328,0.810537516587253,0.823007424442505,0.386527299473588,1.06901802161523,0.181818181818182
"Malawi","women_vitA","prev","infill","domain_enet",10,87,"open,survey_public",87,-0.224475021408558,-0.308019600158049,0.737283304830491,0.756382086960688,0.313273087716826,1.02025202088935,0.363636363636364
"Malawi","women_vitA","prev","infill","raw_enet",10,87,"open,survey_public",87,-0.223445686547084,-0.308019600158049,0.737283304830491,0.756382086960688,0.313273087716826,1.02025202088935,0.272727272727273
"Malawi","women_vitA","prev","infill","spatial_plus_domain",10,87,"open,survey_public",87,-0.0855636704554445,-0.0905089519948136,0.740824129053423,0.759071720122182,0.316813911939758,1.02205151411715,0.181818181818182
"Malawi","women_vitA","prev","infill","domain_index_cal",10,87,"open,survey_public",87,-0.214568035530896,-0.307997595429117,0.737289590862385,0.756382402500583,0.31327937374872,1.02025356490565,0.227272727272727
"Malawi","women_vitA","prev","infill","region_mean_jk",10,87,"open,survey_public",87,-0.058185581929963,-0.0374798097696526,0.794205142969296,0.788957077616617,0.370194925855631,1.06574258425877,0.590909090909091
"Malawi","women_vitA","prev","region","null_train_mean",1,87,"open,survey_public",87,-0.25209538300216,-0.528011479578675,0.442473940247671,0.465396943605944,0.000833266990878382,1.00570678135537,0.272727272727273
"Malawi","women_vitA","prev","region","spatial",1,87,"open,survey_public",87,-0.0398754243051781,-0.0456962831927595,0.732509782984543,0.751583406373481,0.309360914147851,1.01797648486258,0.318181818181818
"Malawi","women_vitA","prev","region","domain_index",1,87,"open,survey_public",87,-0.140687236457002,-0.0978770545347109,0.767195190464594,0.793359814281785,0.338515837254109,1.05083842619553,0.181818181818182
"Malawi","women_vitA","prev","region","domain_enet",1,87,"open,survey_public",87,-0.251690909159201,-0.518500883544863,0.735980803072022,0.755583346958044,0.312823047625703,1.01823796316413,0.272727272727273
"Malawi","women_vitA","prev","region","raw_enet",1,87,"open,survey_public",87,-0.251690909159201,-0.518500883544862,0.735980803072022,0.755583346958043,0.312823047625703,1.01823796316413,0.272727272727273
"Malawi","women_vitA","prev","region","spatial_plus_domain",1,87,"open,survey_public",87,-0.0398754243051781,-0.0439574356736562,0.732070893918823,0.751298046888304,0.308922025080342,1.01788123546201,0.318181818181818
"Malawi","women_vitA","prev","region","domain_index_cal",1,87,"open,survey_public",87,-0.244517786716436,-0.518981488956058,0.735969481887642,0.755572061768621,0.312805444515161,1.01824764550268,0.227272727272727
"Malawi","women_vitA","level","infill","null_train_mean",1,87,"open,survey_public",87,-0.223798895201507,-0.237391738284115,0.0896067198870728,0.0798470628768797,7.69007453204265e-05,1.01043645005713,0.136363636363636
"Malawi","women_vitA","level","infill","spatial",1,87,"open,survey_public",87,0.214533061164978,0.21165972680518,0.0883041056947658,0.0788709125988697,0.00322730489139505,0.992786589456546,0.272727272727273
"Malawi","women_vitA","level","infill","domain_index",1,87,"open,survey_public",87,0.281548443537217,0.272542192649118,0.107473468013315,0.0999078897336771,0.000545099777236775,1.18902948130714,0.363636363636364
"Malawi","women_vitA","level","infill","domain_enet",1,87,"open,survey_public",87,0.13976388851326,0.0601031855644845,0.0886535636135352,0.0787403535493693,0.00236329156538614,1.0315560169948,0.318181818181818
"Malawi","women_vitA","level","infill","raw_enet",1,87,"open,survey_public",87,0.180888678282423,0.165550760316347,0.0858611225223992,0.0750545415215104,-0.000503758310420392,0.981850109654224,0.272727272727273
"Malawi","women_vitA","level","infill","spatial_plus_domain",1,87,"open,survey_public",87,0.214533061164978,0.211659726805181,0.0883041056947657,0.0788709125988696,0.00322730489139531,0.992786589456545,0.272727272727273
"Malawi","women_vitA","level","infill","domain_index_cal",1,87,"open,survey_public",87,0.232485237296785,0.172772345761999,0.0846975972656659,0.0739421802018986,0.000982097517312743,0.981501836973034,0.318181818181818
"Malawi","women_vitA","level","infill","region_mean_jk",1,87,"open,survey_public",87,0.0759660963235736,0.0849096731746455,0.114224499580955,0.105672759064762,-0.000121634696972456,1.2707780056239,0.272727272727273
"Malawi","women_vitA","level","infill","null_train_mean",2,87,"open,survey_public",87,-0.192111955254221,-0.211321564810557,0.0893640564021109,0.0799440167608894,0.000188712714735944,1.00669976054504,0.227272727272727
"Malawi","women_vitA","level","infill","spatial",2,87,"open,survey_public",87,0.276828023620325,0.199717740915335,0.0867329487822936,0.0779528929209359,-0.00340414546892501,0.990329198162066,0.318181818181818
"Malawi","women_vitA","level","infill","domain_index",2,87,"open,survey_public",87,0.310454180943355,0.298622592782978,0.107083280086282,0.0998177188802234,-0.00278095702147025,1.14604488404849,0.409090909090909
"Malawi","women_vitA","level","infill","domain_enet",2,87,"open,survey_public",87,0.259677772107604,0.159098192156451,0.0857356775611426,0.0749968646862327,-0.00101429872879164,0.985071365640827,0.318181818181818
"Malawi","women_vitA","level","infill","raw_enet",2,87,"open,survey_public",87,0.218269172415933,0.17395748671098,0.0876957191579841,0.0780377414796244,0.00225763990135994,0.979392103851786,0.363636363636364
"Malawi","women_vitA","level","infill","spatial_plus_domain",2,87,"open,survey_public",87,0.269902311000948,0.19647676318136,0.086908602980812,0.0780963913978028,-0.00349685323151909,0.991457008181311,0.318181818181818
"Malawi","women_vitA","level","infill","domain_index_cal",2,87,"open,survey_public",87,0.262776117226799,0.191426879000327,0.0854878667329668,0.0751092126895226,-0.00207817820959343,0.979114809604034,0.272727272727273
"Malawi","women_vitA","level","infill","region_mean_jk",2,87,"open,survey_public",87,-0.0502540503701265,-0.0983076789995604,0.112481487044732,0.101051388819302,-0.00771977800404253,1.24941555416763,0.272727272727273
"Malawi","women_vitA","level","infill","null_train_mean",3,87,"open,survey_public",87,-0.199078059750998,-0.22739371138437,0.0891809102632963,0.079566933492506,-5.52479629596593e-05,1.0084354043687,0.181818181818182
"Malawi","women_vitA","level","infill","spatial",3,87,"open,survey_public",87,0.358806590362324,0.349534800745556,0.0818569417183656,0.073858135592115,-0.000142968585949993,0.93177633119931,0.454545454545455
"Malawi","women_vitA","level","infill","domain_index",3,87,"open,survey_public",87,0.324524312896406,0.290302276073677,0.106775681429508,0.100284020491153,-0.00833451933577561,1.15855000709238,0.409090909090909
"Malawi","women_vitA","level","infill","domain_enet",3,87,"open,survey_public",87,0.288237223882773,0.267078932322051,0.086178577189939,0.0756231896970584,-0.0042370419903037,0.969139080728313,0.409090909090909
"Malawi","women_vitA","level","infill","raw_enet",3,87,"open,survey_public",87,0.27797623387038,0.256852643636632,0.083601937246925,0.0732326561700516,-0.000651225262574981,0.960973206760301,0.272727272727273
"Malawi","women_vitA","level","infill","spatial_plus_domain",3,87,"open,survey_public",87,0.358806590362324,0.349534800745555,0.0818569417183657,0.0738581355921151,-0.000142968585950219,0.931776331199311,0.454545454545455
"Malawi","women_vitA","level","infill","domain_index_cal",3,87,"open,survey_public",87,0.270175694393818,0.218843833938161,0.0851398273040556,0.0751627934373825,-0.00170885720025586,0.970607733656517,0.318181818181818
"Malawi","women_vitA","level","infill","region_mean_jk",3,87,"open,survey_public",87,0.233890628938201,0.26124589437967,0.0957401682437455,0.0858238588274639,0.00203870091484808,1.04088939834988,0.409090909090909
"Malawi","women_vitA","level","infill","null_train_mean",4,87,"open,survey_public",87,-0.206853311232046,-0.280596807281367,0.088653447170455,0.0794391626937095,0.000220204404820095,1.01638683708815,0.181818181818182
"Malawi","women_vitA","level","infill","spatial",4,87,"open,survey_public",87,0.340216519647153,0.30690415745172,0.0832748709746239,0.0747381397514088,0.00343227693854601,0.952143964564144,0.409090909090909
"Malawi","women_vitA","level","infill","domain_index",4,87,"open,survey_public",87,0.320460013122403,0.290276858583687,0.105135182268583,0.0976334436760473,0.00156783113947409,1.15423864123851,0.409090909090909
"Malawi","women_vitA","level","infill","domain_enet",4,87,"open,survey_public",87,0.286031931180287,0.196430472481614,0.0873326782030163,0.0752185700543996,0.0109686646174502,1.02457947850755,0.363636363636364
"Malawi","women_vitA","level","infill","raw_enet",4,87,"open,survey_public",87,0.0765397475359403,0.0539798172574544,0.085939322855144,0.0758554803396086,0.0022071987100152,0.99898677462703,0.272727272727273
"Malawi","women_vitA","level","infill","spatial_plus_domain",4,87,"open,survey_public",87,0.309069038419479,0.274585311062837,0.0879969001253304,0.0788082800689402,0.0060068531872769,0.99492319386398,0.409090909090909
"Malawi","women_vitA","level","infill","domain_index_cal",4,87,"open,survey_public",87,0.264471094262594,0.203339329652163,0.084870812100588,0.0747116946870469,0.00195359503377456,0.97474053330557,0.318181818181818
"Malawi","women_vitA","level","infill","region_mean_jk",4,87,"open,survey_public",87,0.203916460635928,0.207528193588612,0.104122687975977,0.0957286409363393,0.00659328884358749,1.17618760643638,0.454545454545455
"Malawi","women_vitA","level","infill","null_train_mean",5,87,"open,survey_public",87,-0.272347714257812,-0.28496096132143,0.0901765406931318,0.0805518310930265,-0.000113798706512728,1.01644303391176,0.181818181818182
"Malawi","women_vitA","level","infill","spatial",5,87,"open,survey_public",87,0.356364365386017,0.297563699089471,0.0854989807256471,0.0773407747201244,0.000415884812868134,0.959462159875418,0.5
"Malawi","women_vitA","level","infill","domain_index",5,87,"open,survey_public",87,0.297787417073704,0.288857671988867,0.1097255598777,0.103171652785485,-0.00401320393145757,1.17331655569159,0.363636363636364
"Malawi","women_vitA","level","infill","domain_enet",5,87,"open,survey_public",87,0.0607093387767004,0.0451139654930172,0.0977283379697739,0.0874284814867284,-0.00390010753579692,1.06608185963636,0.318181818181818
"Malawi","women_vitA","level","infill","raw_enet",5,87,"open,survey_public",87,0.180578843770504,0.140531535225846,0.0884904917481824,0.0772785652868411,-0.000983033415877141,0.999065827963348,0.409090909090909
"Malawi","women_vitA","level","infill","spatial_plus_domain",5,87,"open,survey_public",87,0.322647080265364,0.277392309711955,0.0875947078942858,0.0790526445615262,-0.00174800373766675,0.970589366090863,0.5
"Malawi","women_vitA","level","infill","domain_index_cal",5,87,"open,survey_public",87,0.222989720784428,0.173602383135557,0.0860269297363792,0.0758452225206906,-0.000569808010365101,0.985199453967522,0.409090909090909
"Malawi","women_vitA","level","infill","region_mean_jk",5,87,"open,survey_public",87,0.0450539143822298,0.00774344148050599,0.116555949955576,0.105445227976287,-0.00729494291702237,1.29106787516614,0.363636363636364
"Malawi","women_vitA","level","infill","null_train_mean",6,87,"open,survey_public",87,-0.269631956563475,-0.301235348524307,0.0897797656696436,0.0807709736780928,0.000172195922695688,1.01891758638279,0.136363636363636
"Malawi","women_vitA","level","infill","spatial",6,87,"open,survey_public",87,0.197218779616534,0.169859089586833,0.0886823720976308,0.0782703347982853,-0.000718990200159824,1.00350055390968,0.227272727272727
"Malawi","women_vitA","level","infill","domain_index",6,87,"open,survey_public",87,0.295673252168842,0.261384287100263,0.110698456924453,0.103022239515127,3.21663368165378e-05,1.18582511004722,0.363636363636364
"Malawi","women_vitA","level","infill","domain_enet",6,87,"open,survey_public",87,0.096212728730772,0.0742453009497287,0.0903504024720284,0.0788009794751608,0.00430919037681296,1.04226753679185,0.318181818181818
"Malawi","women_vitA","level","infill","raw_enet",6,87,"open,survey_public",87,0.0944710277826404,0.0152534598874734,0.0900957494017491,0.0808080551613332,0.0020988837461052,1.01589285559995,0.227272727272727
"Malawi","women_vitA","level","infill","spatial_plus_domain",6,87,"open,survey_public",87,0.197218779616534,0.169859089586832,0.0886823720976308,0.0782703347982853,-0.000718990200159818,1.00350055390968,0.227272727272727
"Malawi","women_vitA","level","infill","domain_index_cal",6,87,"open,survey_public",87,0.179521761318072,0.14002341169972,0.0871702090744179,0.076931365125291,0.00220517162712877,0.993857436181031,0.181818181818182
"Malawi","women_vitA","level","infill","region_mean_jk",6,87,"open,survey_public",87,0.13546561542833,0.0772864000258818,0.105552312231483,0.0960275926654569,0.00146095767255207,1.18886172743631,0.454545454545455
"Malawi","women_vitA","level","infill","null_train_mean",7,87,"open,survey_public",87,-0.279332419834686,-0.322707930857238,0.091106416718352,0.0814722653429854,0.00010074219969082,1.02336018531434,0.0909090909090909
"Malawi","women_vitA","level","infill","spatial",7,87,"open,survey_public",87,0.272545017132026,0.222080648505135,0.0873171026610441,0.0774880806013301,-0.00167391689338875,0.983810232322424,0.409090909090909
"Malawi","women_vitA","level","infill","domain_index",7,87,"open,survey_public",87,0.269811183203324,0.256535913634227,0.108041654378294,0.101243304586261,-0.00602487195385565,1.18134779724257,0.409090909090909
"Malawi","women_vitA","level","infill","domain_enet",7,87,"open,survey_public",87,0.122913173434424,0.0870252666702198,0.0928175416147671,0.0830840660536178,-0.00183523342910563,1.03890950449404,0.272727272727273
"Malawi","women_vitA","level","infill","raw_enet",7,87,"open,survey_public",87,0.137202012101772,0.101915171563304,0.0873249411420016,0.0768288743286629,-0.00416531963310988,0.998329912078583,0.318181818181818
"Malawi","women_vitA","level","infill","spatial_plus_domain",7,87,"open,survey_public",87,0.226288547058395,0.192391316888596,0.0886075346572803,0.0795905616535058,0.000910828056141037,0.997613477274548,0.409090909090909
"Malawi","women_vitA","level","infill","domain_index_cal",7,87,"open,survey_public",87,0.175329882627397,0.149730368894012,0.0873210542346219,0.0767445710477182,-0.00140878637015542,0.990523110285157,0.318181818181818
"Malawi","women_vitA","level","infill","region_mean_jk",7,87,"open,survey_public",87,0.088921495730454,0.069353556994906,0.111442837517649,0.100873578263969,0.00446671442471433,1.23314803813027,0.363636363636364
"Malawi","women_vitA","level","infill","null_train_mean",8,87,"open,survey_public",87,-0.248529031192065,-0.216963131542388,0.0894498523502978,0.0803590518558029,0.000161504079623017,1.0073064596848,0.227272727272727
"Malawi","women_vitA","level","infill","spatial",8,87,"open,survey_public",87,0.349857840635707,0.316622391168837,0.0843938961110132,0.0769134247802362,0.00275069681749712,0.946709901647244,0.454545454545455
"Malawi","women_vitA","level","infill","domain_index",8,87,"open,survey_public",87,0.2824961726325,0.246841340463622,0.110593207454159,0.103852374535317,0.0030311911383087,1.21408453613195,0.409090909090909
"Malawi","women_vitA","level","infill","domain_enet",8,87,"open,survey_public",87,0.105744696362178,0.109309861357752,0.0953913831623601,0.0861094307272635,-0.00101493284638164,1.04139693662409,0.227272727272727
"Malawi","women_vitA","level","infill","raw_enet",8,87,"open,survey_public",87,0.143953672506306,0.0963993839860432,0.0881851362732693,0.0793987209331198,0.00108303249019834,0.999484681963187,0.318181818181818
"Malawi","women_vitA","level","infill","spatial_plus_domain",8,87,"open,survey_public",87,0.321079682146242,0.289817251920324,0.0863718272414499,0.0787294438435945,0.00370048217239343,0.960329983190785,0.363636363636364
"Malawi","women_vitA","level","infill","domain_index_cal",8,87,"open,survey_public",87,0.223992126558285,0.186941681135751,0.0867493990493618,0.0771874998002281,0.000725313515445483,0.98068764346549,0.363636363636364
"Malawi","women_vitA","level","infill","region_mean_jk",8,87,"open,survey_public",87,0.110541498208747,0.0515709246686254,0.104083824947793,0.0952919442637817,0.00693082167264345,1.17480578529387,0.409090909090909
"Malawi","women_vitA","level","infill","null_train_mean",9,87,"open,survey_public",87,-0.235396668642735,-0.290277693270249,0.0893471684416648,0.079318797064239,-0.000127246907468788,1.01832807616722,0.136363636363636
"Malawi","women_vitA","level","infill","spatial",9,87,"open,survey_public",87,0.288911569585186,0.257266234946714,0.0854128246780169,0.0770631787947521,-0.000633798466234786,0.974313442385591,0.409090909090909
"Malawi","women_vitA","level","infill","domain_index",9,87,"open,survey_public",87,0.289622366406649,0.253213118002634,0.109227513922787,0.101867838155978,-4.95767017528181e-05,1.19055094735287,0.318181818181818
"Malawi","women_vitA","level","infill","domain_enet",9,87,"open,survey_public",87,-0.0361081013410869,0.0162564325806527,0.0929553062764916,0.0808625698505025,-0.000526696563650224,1.03820641980465,0.227272727272727
"Malawi","women_vitA","level","infill","raw_enet",9,87,"open,survey_public",87,0.0494277174309251,0.0124588580744275,0.0890485549075561,0.0779169141505304,-0.000319867400288465,1.01329570672615,0.318181818181818
"Malawi","women_vitA","level","infill","spatial_plus_domain",9,87,"open,survey_public",87,0.223263104177298,0.13582297775348,0.0887020185052551,0.0804681254428569,0.00182179458941423,1.02877989231,0.363636363636364
"Malawi","women_vitA","level","infill","domain_index_cal",9,87,"open,survey_public",87,0.162371509805351,0.141389840350604,0.086352797307044,0.0754135056881054,-0.000298331402464704,0.991357553904837,0.227272727272727
"Malawi","women_vitA","level","infill","region_mean_jk",9,87,"open,survey_public",87,0.170019049159568,0.148345580578656,0.100054047968132,0.090185165430709,0.0061290163811986,1.11285828778461,0.454545454545455
"Malawi","women_vitA","level","infill","null_train_mean",10,87,"open,survey_public",87,-0.191079595308771,-0.200883084761754,0.0891850563137117,0.0796336704241793,3.14186833246939e-06,1.00541970300356,0.181818181818182
"Malawi","women_vitA","level","infill","spatial",10,87,"open,survey_public",87,0.246828752642706,0.236068883802368,0.088350037466557,0.0798305344799075,0.000297998748416142,0.983354356259106,0.363636363636364
"Malawi","women_vitA","level","infill","domain_index",10,87,"open,survey_public",87,0.274732084274987,0.281426337750089,0.108661948761563,0.101144432491814,0.00201184091848108,1.16875388685368,0.363636363636364
"Malawi","women_vitA","level","infill","domain_enet",10,87,"open,survey_public",87,0.154771451483561,0.094643920023672,0.087971742357141,0.0777428412261812,0.000610991815733252,0.99827779280432,0.272727272727273
"Malawi","women_vitA","level","infill","raw_enet",10,87,"open,survey_public",87,-0.00251715266352351,0.0702911112261751,0.0894504604739948,0.0792480482401777,0.00180570274899696,0.999690816385648,0.181818181818182
"Malawi","women_vitA","level","infill","spatial_plus_domain",10,87,"open,survey_public",87,0.246828752642706,0.236068883802381,0.0883500374665559,0.0798305344799062,0.000297998748417638,0.9833543562591,0.363636363636364
"Malawi","women_vitA","level","infill","domain_index_cal",10,87,"open,survey_public",87,0.224247284391631,0.152996148048275,0.0877041038101367,0.0774995494101367,0.00103396770095735,0.988342991304052,0.272727272727273
"Malawi","women_vitA","level","infill","region_mean_jk",10,87,"open,survey_public",87,0.0625954135146228,0.034477086167335,0.107616424007975,0.0981280389503998,-0.00657522023754735,1.21013556510049,0.363636363636364
"Malawi","women_vitA","level","region","null_train_mean",1,87,"open,survey_public",87,-0.544516946047247,-0.564320537379933,0.0892173180169214,0.0798810690944576,0.000361718619289932,1.00934084103327,0.0909090909090909
"Malawi","women_vitA","level","region","spatial",1,87,"open,survey_public",87,0.39206823649486,0.347693846886455,0.0808794490645515,0.0731625583253136,-0.000179340557634655,0.932475599737497,0.5
"Malawi","women_vitA","level","region","domain_index",1,87,"open,survey_public",87,0.328187650360866,0.309914843726438,0.101665306101898,0.0938910862665006,0.00082893725722467,1.09893700166026,0.409090909090909
"Malawi","women_vitA","level","region","domain_enet",1,87,"open,survey_public",87,0.145161584912849,0.202545013182817,0.0864981731730962,0.0771040826069732,0.00884012179251082,0.982873919155488,0.318181818181818
"Malawi","women_vitA","level","region","raw_enet",1,87,"open,survey_public",87,0.29036961434716,0.267615892052283,0.0828219046695871,0.0726102086048436,-0.0013779993129548,0.959993373767395,0.318181818181818
"Malawi","women_vitA","level","region","spatial_plus_domain",1,87,"open,survey_public",87,0.384267697018298,0.342879618188074,0.0818009455682563,0.0742973038939113,0.00205508764242403,0.935896524146903,0.5
"Malawi","women_vitA","level","region","domain_index_cal",1,87,"open,survey_public",87,0.257672960559889,0.233464058226373,0.0833796066753023,0.0735628673529744,-0.000258346644793457,0.966763586339828,0.272727272727273
"Malawi","child_iron","prev","infill","null_train_mean",1,87,"open,survey_public",87,-0.176321931950751,-0.21237807151698,11.7147320214972,11.2670512508276,0.00522251352171819,1.00664905528945,0.136363636363636
"Malawi","child_iron","prev","infill","spatial",1,87,"open,survey_public",87,0.0672917560014122,0.0236143917130944,12.0184674340731,12.1073254104924,-5.77592621654166,1.10388604294159,0.272727272727273
"Malawi","child_iron","prev","infill","domain_index",1,87,"open,survey_public",87,0.143138630887254,0.106659299920101,15.2732206854662,14.9957431983787,-2.6304165133701,1.3610974170851,0.318181818181818
"Malawi","child_iron","prev","infill","domain_enet",1,87,"open,survey_public",87,0.16243178228985,0.191991558108115,11.9787694616772,11.9778704553224,-6.60293111307577,1.07062908020023,0.272727272727273
"Malawi","child_iron","prev","infill","raw_enet",1,87,"open,survey_public",87,0.295334013429348,0.293204222900139,11.4981513370888,11.043040183194,-5.69681993433887,1.02272588230783,0.454545454545455
"Malawi","child_iron","prev","infill","spatial_plus_domain",1,87,"open,survey_public",87,0.117619203767174,0.0514615370476581,12.4100072356284,12.374712366214,-5.54054832660878,1.11576481924222,0.272727272727273
"Malawi","child_iron","prev","infill","domain_index_cal",1,87,"open,survey_public",87,0.119744302594543,0.0859707244317711,11.8037046675245,11.7023506658859,-6.08996362829605,1.07914688596279,0.272727272727273
"Malawi","child_iron","prev","infill","region_mean_jk",1,87,"open,survey_public",87,0.0946703077110927,0.0465502699347371,13.9813033251627,13.3937416601416,-3.14632397920459,1.22154071164077,0.318181818181818
"Malawi","child_iron","prev","infill","null_train_mean",2,87,"open,survey_public",87,-0.277109901446937,-0.335014577767447,11.8909149813483,11.4175168295141,-0.0233890667510038,1.02600945418461,0.136363636363636
"Malawi","child_iron","prev","infill","spatial",2,87,"open,survey_public",87,0.0824866686468924,-0.00537176117885588,11.9614364139913,11.8639748287805,-5.71452583956669,1.11723889552288,0.363636363636364
"Malawi","child_iron","prev","infill","domain_index",2,87,"open,survey_public",87,0.292461025744278,0.281797774369544,14.7667918490743,14.4232344144771,-1.05986044444988,1.32668403768927,0.5
"Malawi","child_iron","prev","infill","domain_enet",2,87,"open,survey_public",87,0.100326554081802,0.176149331222361,11.5071159586694,11.0758019941703,-4.87579286917875,1.06015778604373,0.318181818181818
"Malawi","child_iron","prev","infill","raw_enet",2,87,"open,survey_public",87,0.274794431630055,0.259940702496244,11.0542568340968,10.435767717577,-4.79911037175001,1.01880923491344,0.409090909090909
"Malawi","child_iron","prev","infill","spatial_plus_domain",2,87,"open,survey_public",87,0.118914328374412,0.0676250575823347,11.9050019223593,11.5907685747625,-5.29897384315064,1.11082874805025,0.363636363636364
"Malawi","child_iron","prev","infill","domain_index_cal",2,87,"open,survey_public",87,0.179757823127112,0.193295677894025,11.4943846957831,11.2737816805999,-5.61210311657291,1.04715920956352,0.5
"Malawi","child_iron","prev","infill","region_mean_jk",2,87,"open,survey_public",87,0.161014154186316,0.134906928695489,12.8341484289361,12.2199166556144,-2.24218312891767,1.17257688925282,0.454545454545455
"Malawi","child_iron","prev","infill","null_train_mean",3,87,"open,survey_public",87,-0.267075319953804,-0.298572083385085,11.8136246420891,11.3681695880353,0.0110946548613255,1.01835033564071,0.0909090909090909
"Malawi","child_iron","prev","infill","spatial",3,87,"open,survey_public",87,0.0948724377780821,0.0360715326326387,11.7646071537224,11.5947395489438,-5.67753793270419,1.09853917065633,0.318181818181818
"Malawi","child_iron","prev","infill","domain_index",3,87,"open,survey_public",87,0.171321271988415,0.184894230466593,16.1368224416613,16.6355841853643,-1.09501237104447,1.42064152159453,0.409090909090909
"Malawi","child_iron","prev","infill","domain_enet",3,87,"open,survey_public",87,0.0471157081265877,0.102110624264698,12.8207161957511,12.5516425682414,-5.16638011453281,1.11348388173089,0.318181818181818
"Malawi","child_iron","prev","infill","raw_enet",3,87,"open,survey_public",87,0.203973005044129,0.242479626098194,11.9937181018828,11.7797661070679,-5.41700557819589,1.03456187610989,0.5
"Malawi","child_iron","prev","infill","spatial_plus_domain",3,87,"open,survey_public",87,0.168338837153438,0.189617935241893,11.7537320096276,11.5833679786851,-5.77899041210615,1.0729315253944,0.409090909090909
"Malawi","child_iron","prev","infill","domain_index_cal",3,87,"open,survey_public",87,0.110450415448238,0.114543771907804,12.1651754647466,12.0437241000906,-5.66841286297531,1.07375511665686,0.318181818181818
"Malawi","child_iron","prev","infill","region_mean_jk",3,87,"open,survey_public",87,0.182007713049282,0.178556819657338,13.448442328571,13.0036968320064,-2.60670397698594,1.15441654149819,0.409090909090909
"Malawi","child_iron","prev","infill","null_train_mean",4,87,"open,survey_public",87,-0.0560931243762656,-0.0937484610013353,11.5896215152729,11.137467091774,-0.00545996427850122,0.996685962336121,0.318181818181818
"Malawi","child_iron","prev","infill","spatial",4,87,"open,survey_public",87,0.113186594195924,0.113173537581889,11.7785087473471,11.7164584853706,-5.32547124986759,1.06506654220215,0.272727272727273
"Malawi","child_iron","prev","infill","domain_index",4,87,"open,survey_public",87,0.17382943584046,0.169941466264973,16.8957056725424,16.6651662303369,-0.80318764840827,1.43098524378836,0.318181818181818
"Malawi","child_iron","prev","infill","domain_enet",4,87,"open,survey_public",87,0.202913850783662,0.188714432594141,11.2078009005673,10.7630751780439,-5.01159970296259,1.04016533820237,0.454545454545455
"Malawi","child_iron","prev","infill","raw_enet",4,87,"open,survey_public",87,0.400941392494183,0.420167106696863,10.9576060311615,10.6274479479973,-5.55476515557858,0.984210703626012,0.5
"Malawi","child_iron","prev","infill","spatial_plus_domain",4,87,"open,survey_public",87,0.266695342536906,0.25184077051146,11.280895884107,10.9288730124667,-4.42506994148636,1.0185130582025,0.454545454545455
"Malawi","child_iron","prev","infill","domain_index_cal",4,87,"open,survey_public",87,0.135915118993365,0.194996681422574,11.8377100427396,11.6234020608264,-5.85107172235288,1.05025864806701,0.363636363636364
"Malawi","child_iron","prev","infill","region_mean_jk",4,87,"open,survey_public",87,0.102914896493041,0.149186964513779,13.2872463219939,12.902077799723,-2.95193099327838,1.14477775275602,0.318181818181818
"Malawi","child_iron","prev","infill","null_train_mean",5,87,"open,survey_public",87,-0.29104475162803,-0.287656309118359,11.7732946231857,11.343659306597,-0.0289127726327385,1.01732638340669,0.0909090909090909
"Malawi","child_iron","prev","infill","spatial",5,87,"open,survey_public",87,0.0302256545660992,-0.0934387515846976,12.1597356354818,12.1645876809684,-4.88542518585367,1.12727391438292,0.227272727272727
"Malawi","child_iron","prev","infill","domain_index",5,87,"open,survey_public",87,0.258349997356465,0.233569188660788,15.7527802359097,15.7212256972045,0.487374878921764,1.41067884204218,0.409090909090909
"Malawi","child_iron","prev","infill","domain_enet",5,87,"open,survey_public",87,0.193301907928155,0.155524686595632,11.610539245448,11.1251557598626,-4.64273574802891,1.06366213564668,0.363636363636364
"Malawi","child_iron","prev","infill","raw_enet",5,87,"open,survey_public",87,0.267470593182084,0.222714076490887,11.7170604899708,11.4215393310757,-4.76418741864609,1.02454898867515,0.454545454545455
"Malawi","child_iron","prev","infill","spatial_plus_domain",5,87,"open,survey_public",87,0.0417814494771577,-0.0406797213194959,12.4298279788947,12.3109507611587,-4.76008786478203,1.11790913258267,0.227272727272727
"Malawi","child_iron","prev","infill","domain_index_cal",5,87,"open,survey_public",87,0.139709286856822,0.131402662671584,11.5265255230043,11.2244316197629,-4.96555105924013,1.04885864423318,0.318181818181818
"Malawi","child_iron","prev","infill","region_mean_jk",5,87,"open,survey_public",87,-0.000282822245148604,-0.00379371003361735,14.1270477034586,13.387455823291,-1.77265508732161,1.25113118325982,0.409090909090909
"Malawi","child_iron","prev","infill","null_train_mean",6,87,"open,survey_public",87,-0.203153732650151,-0.229293997102498,11.7486065098087,11.2594690537943,0.0156692568707742,1.00877168203554,0.136363636363636
"Malawi","child_iron","prev","infill","spatial",6,87,"open,survey_public",87,0.0765491607644148,0.031358694966176,12.1698991825027,11.6610307562356,-5.51668970692889,1.11551461585556,0.272727272727273
"Malawi","child_iron","prev","infill","domain_index",6,87,"open,survey_public",87,0.239205866718493,0.171671320144121,15.5462244642757,15.4764156673574,-2.90945471633957,1.35842815334174,0.318181818181818
"Malawi","child_iron","prev","infill","domain_enet",6,87,"open,survey_public",87,0.162184428001882,0.178947083553527,11.5688465548579,11.1426740933063,-5.4541536203744,1.05835369071278,0.363636363636364
"Malawi","child_iron","prev","infill","raw_enet",6,87,"open,survey_public",87,0.328368811509738,0.314023741455985,11.2258816043635,10.8214668885793,-5.39715085341439,1.00939076223791,0.5
"Malawi","child_iron","prev","infill","spatial_plus_domain",6,87,"open,survey_public",87,0.145929533209894,0.144852002480612,12.0587168021292,11.1838200990802,-5.55456845773749,1.09857493512532,0.363636363636364
"Malawi","child_iron","prev","infill","domain_index_cal",6,87,"open,survey_public",87,0.144898905881599,0.128460847149472,11.7404242391556,11.4900682180664,-6.06412565895662,1.07226592465619,0.272727272727273
"Malawi","child_iron","prev","infill","region_mean_jk",6,87,"open,survey_public",87,-0.015007483490869,-0.0491769186174368,13.9168327608913,13.3332580180373,-2.33188730265439,1.26732902431757,0.318181818181818
"Malawi","child_iron","prev","infill","null_train_mean",7,87,"open,survey_public",87,-0.07201534296996,-0.0789590385448737,11.5791749943358,11.140308301041,-0.00202366629113591,0.995957022420404,0.181818181818182
"Malawi","child_iron","prev","infill","spatial",7,87,"open,survey_public",87,0.116333199755762,0.0517061307597524,11.8098437719039,11.654019824474,-5.57473607206265,1.09514269512968,0.318181818181818
"Malawi","child_iron","prev","infill","domain_index",7,87,"open,survey_public",87,0.28481796644241,0.255821090696456,15.4054661815098,14.8668201855949,-1.44626083419548,1.38912059585213,0.5
"Malawi","child_iron","prev","infill","domain_enet",7,87,"open,survey_public",87,0.313027969331047,0.255551405041618,11.2594661277692,10.9930303789938,-5.70435409903848,1.04481134075512,0.454545454545455
"Malawi","child_iron","prev","infill","raw_enet",7,87,"open,survey_public",87,0.365836219161378,0.335662757530805,11.0534805092346,10.5272429026326,-5.0368940071726,0.998652344305001,0.454545454545455
"Malawi","child_iron","prev","infill","spatial_plus_domain",7,87,"open,survey_public",87,0.224138642414571,0.188180703258121,11.3524476615701,10.8932733957001,-4.89338807742953,1.06071494265273,0.5
"Malawi","child_iron","prev","infill","domain_index_cal",7,87,"open,survey_public",87,0.246447619804034,0.229878513778987,11.3959496021201,11.2252283389104,-5.64492208409044,1.03770543870607,0.5
"Malawi","child_iron","prev","infill","region_mean_jk",7,87,"open,survey_public",87,0.161778230856364,0.17332957263111,13.3771062868663,12.6302494896138,-2.22657915477841,1.16853705673633,0.363636363636364
"Malawi","child_iron","prev","infill","null_train_mean",8,87,"open,survey_public",87,-0.419204415818608,-0.40366201310526,12.1339816769487,11.6289643384092,0.0123287930221951,1.03794811875972,0
"Malawi","child_iron","prev","infill","spatial",8,87,"open,survey_public",87,0.0591744257166119,0.023898119846381,12.1897440719941,12.2292555911177,-5.47133961575143,1.10054898305805,0.272727272727273
"Malawi","child_iron","prev","infill","domain_index",8,87,"open,survey_public",87,0.116597697034705,0.0922527794944152,16.5714835706546,16.0575128138279,-1.324526479495,1.42656899618162,0.318181818181818
"Malawi","child_iron","prev","infill","domain_enet",8,87,"open,survey_public",87,0.153187889060614,0.101085725388101,11.8643014749326,11.3629460902108,-4.98706836973241,1.09242298006232,0.409090909090909
"Malawi","child_iron","prev","infill","raw_enet",8,87,"open,survey_public",87,0.298380292435104,0.194456351229409,11.8064232414387,11.5014648536242,-5.58154182941347,1.0516829890871,0.409090909090909
"Malawi","child_iron","prev","infill","spatial_plus_domain",8,87,"open,survey_public",87,0.147051366496445,0.119366319654066,12.0871017528401,11.8990313784325,-5.12933052941749,1.08438119312313,0.318181818181818
"Malawi","child_iron","prev","infill","domain_index_cal",8,87,"open,survey_public",87,-0.05922002869574,-0.105446613491704,12.7503834194381,12.5178481776776,-5.49613614120215,1.13863589174272,0.136363636363636
"Malawi","child_iron","prev","infill","region_mean_jk",8,87,"open,survey_public",87,0.123227535891336,0.0892559165818265,13.9610344592848,13.0893864047608,-3.40726219594568,1.21738592787985,0.272727272727273
"Malawi","child_iron","prev","infill","null_train_mean",9,87,"open,survey_public",87,-0.00236901761595745,-0.0701616294055256,11.539120167035,11.1017636114208,-0.00775938236240263,0.995639090775667,0.136363636363636
"Malawi","child_iron","prev","infill","spatial",9,87,"open,survey_public",87,0.178344130774141,0.0565093549857163,11.9068207549571,11.9462558826445,-5.32821306831215,1.09180664251927,0.227272727272727
"Malawi","child_iron","prev","infill","domain_index",9,87,"open,survey_public",87,0.26460672609284,0.250923041529869,15.3433237669923,15.5023313019784,0.307097040259263,1.32068011749745,0.409090909090909
"Malawi","child_iron","prev","infill","domain_enet",9,87,"open,survey_public",87,0.352684319980836,0.334834243935495,10.839553825922,10.4965999861562,-5.49182138309725,1.00503500215241,0.5
"Malawi","child_iron","prev","infill","raw_enet",9,87,"open,survey_public",87,0.417249017830388,0.389009952402007,10.8994822033228,10.5587055925992,-5.32977393237134,0.986297386212401,0.454545454545455
"Malawi","child_iron","prev","infill","spatial_plus_domain",9,87,"open,survey_public",87,0.15982020065231,0.0474568524772203,11.9163049347682,11.8297257317848,-5.05570625533549,1.09186409248508,0.318181818181818
"Malawi","child_iron","prev","infill","domain_index_cal",9,87,"open,survey_public",87,0.261323311595617,0.236300288415557,11.2448796598399,10.9446714755578,-5.36146597477935,1.03004263590341,0.363636363636364
"Malawi","child_iron","prev","infill","region_mean_jk",9,87,"open,survey_public",87,0.189822482727118,0.144862656923953,13.0696936363153,12.6413730216262,-3.06877038385341,1.14708137558628,0.318181818181818
"Malawi","child_iron","prev","infill","null_train_mean",10,87,"open,survey_public",87,-0.216302013131644,-0.19860870010195,11.6669942996275,11.2197820925077,0.021739537041247,1.00525338109519,0.181818181818182
"Malawi","child_iron","prev","infill","spatial",10,87,"open,survey_public",87,0.137876047095873,0.125589699990281,11.6593119585185,11.5642633069576,-5.59986314939816,1.06487448617478,0.318181818181818
"Malawi","child_iron","prev","infill","domain_index",10,87,"open,survey_public",87,0.33238187367301,0.343885080410026,14.086478960659,13.8421353176779,-0.752881387167373,1.29417849572066,0.5
"Malawi","child_iron","prev","infill","domain_enet",10,87,"open,survey_public",87,0.238074912836116,0.20753408722803,11.1977124712504,10.9984142600629,-5.24466949713629,1.05682384459022,0.5
"Malawi","child_iron","prev","infill","raw_enet",10,87,"open,survey_public",87,0.345032140083142,0.300011684271908,11.2415532953213,10.9033353445726,-5.26832330171353,1.0117755287509,0.409090909090909
"Malawi","child_iron","prev","infill","spatial_plus_domain",10,87,"open,survey_public",87,0.329271750496474,0.266910709428752,11.074877233189,10.6829224678324,-4.89476017982792,1.03981139126761,0.454545454545455
"Malawi","child_iron","prev","infill","domain_index_cal",10,87,"open,survey_public",87,0.293728788564039,0.239651149940587,11.3406187618683,11.133085141885,-5.73539049112835,1.03736587712827,0.5
"Malawi","child_iron","prev","infill","region_mean_jk",10,87,"open,survey_public",87,0.25169710862114,0.23156077429311,12.5363745312998,11.8982364172132,-2.23423871678115,1.12580611798591,0.409090909090909
"Malawi","child_iron","prev","region","null_train_mean",1,87,"open,survey_public",87,-0.596705285063956,-0.598864364574904,11.813128416345,11.3684670473614,5.69188440804229e-05,1.01154556876567,0
"Malawi","child_iron","prev","region","spatial",1,87,"open,survey_public",87,0.0588734460543665,-0.00947872670043661,12.1735747710238,12.177460804802,-5.77705159771724,1.11566299469056,0.272727272727273
"Malawi","child_iron","prev","region","domain_index",1,87,"open,survey_public",87,0.169861976656316,0.217136535441311,14.4855111245645,14.8280551156941,-1.85633143833105,1.30190795511235,0.409090909090909
"Malawi","child_iron","prev","region","domain_enet",1,87,"open,survey_public",87,0.254108920297553,0.247750569398287,11.1379255380883,10.7695289793991,-5.33972790623331,1.03271801014298,0.454545454545455
"Malawi","child_iron","prev","region","raw_enet",1,87,"open,survey_public",87,0.371089682356934,0.320019609125193,11.2701380747936,10.9892451317259,-5.22790454237583,1.00362154452484,0.5
"Malawi","child_iron","prev","region","spatial_plus_domain",1,87,"open,survey_public",87,0.177012523783601,0.128162589315326,11.9254888319842,11.6980400010365,-5.00557702692584,1.08593419331539,0.272727272727273
"Malawi","child_iron","prev","region","domain_index_cal",1,87,"open,survey_public",87,0.063926256141759,0.0274803058631709,11.8437412959467,11.7709971214643,-5.91238523613192,1.08179306513948,0.272727272727273
"Malawi","child_iron","level","infill","null_train_mean",1,87,"open,survey_public",87,-0.0472188418292836,-0.0759236012012976,0.275519484101172,0.27175182915281,-9.43970863882e-07,0.995806831743202,0.227272727272727
"Malawi","child_iron","level","infill","spatial",1,87,"open,survey_public",87,0.0534737916454035,-0.00187886019140265,0.292055534421017,0.292470063850067,0.00127433268550019,1.04942471409277,0.136363636363636
"Malawi","child_iron","level","infill","domain_index",1,87,"open,survey_public",87,0.221404097105781,0.232076674350218,0.306139224733777,0.299655640951214,-0.0135358824982763,1.11824584796176,0.318181818181818
"Malawi","child_iron","level","infill","domain_enet",1,87,"open,survey_public",87,0.369705474958081,0.398320912312637,0.247504793347648,0.241455346929847,-0.00817939913050921,0.912506110454723,0.545454545454545
"Malawi","child_iron","level","infill","raw_enet",1,87,"open,survey_public",87,0.423416198877305,0.427578456776772,0.253491465057607,0.247851469079374,-0.016209797102251,0.91576305942725,0.5
"Malawi","child_iron","level","infill","spatial_plus_domain",1,87,"open,survey_public",87,0.282733104906321,0.253362902490457,0.263875911380861,0.26172024975137,0.00453546906413918,0.980289283305356,0.318181818181818
"Malawi","child_iron","level","infill","domain_index_cal",1,87,"open,survey_public",87,0.220255886855726,0.21616664783172,0.26831949320521,0.263639240191335,-0.00636449909209557,0.975263619611508,0.272727272727273
"Malawi","child_iron","level","infill","region_mean_jk",1,87,"open,survey_public",87,0.403800587596392,0.366982592267553,0.260549988562824,0.25102819668863,-0.0170935706500725,0.986322888682469,0.409090909090909
"Malawi","child_iron","level","infill","null_train_mean",2,87,"open,survey_public",87,-0.414748282949591,-0.417361477311208,0.286467910204412,0.281977242818321,-0.000556939525075272,1.04155399262553,0.181818181818182
"Malawi","child_iron","level","infill","spatial",2,87,"open,survey_public",87,0.226306772617919,0.146867128045163,0.275366554990598,0.267609258276425,0.00324688272293258,1.01084608636018,0.181818181818182
"Malawi","child_iron","level","infill","domain_index",2,87,"open,survey_public",87,0.36498505504119,0.378531062229518,0.27718064472206,0.269888337746334,-0.00489354107817488,1.04106927861307,0.454545454545455
"Malawi","child_iron","level","infill","domain_enet",2,87,"open,survey_public",87,0.374097834803528,0.394581061539764,0.24556032536759,0.241191953457429,0.00497490670271579,0.914988977085766,0.545454545454545
"Malawi","child_iron","level","infill","raw_enet",2,87,"open,survey_public",87,0.42713421302034,0.396908783281661,0.241711318462207,0.228371338177702,0.00923175858120348,0.922543484236036,0.5
"Malawi","child_iron","level","infill","spatial_plus_domain",2,87,"open,survey_public",87,0.358132244659911,0.330918018935363,0.251045024758339,0.23992608945335,0.011068635670502,0.952199080497133,0.409090909090909
"Malawi","child_iron","level","infill","domain_index_cal",2,87,"open,survey_public",87,0.298844499526135,0.304990461935577,0.253633297696532,0.246929989590365,0.000316846923500057,0.947767254959001,0.5
"Malawi","child_iron","level","infill","region_mean_jk",2,87,"open,survey_public",87,0.420396913569609,0.385558548133583,0.264120123173468,0.251593932652537,-0.0171913309465036,1.00555499212599,0.454545454545455
"Malawi","child_iron","level","infill","null_train_mean",3,87,"open,survey_public",87,-0.278551174470562,-0.293146671462087,0.282218244110551,0.27723902020708,0.000257006118389328,1.01735778604422,0.136363636363636
"Malawi","child_iron","level","infill","spatial",3,87,"open,survey_public",87,0.140191003863819,0.102325373613645,0.282120076128515,0.275796826648742,-0.00566757889018982,1.02215241780343,0.136363636363636
"Malawi","child_iron","level","infill","domain_index",3,87,"open,survey_public",87,0.325052854122622,0.334581714841723,0.300678627858689,0.297961032480339,-0.0232377090322219,1.09632267184039,0.409090909090909
"Malawi","child_iron","level","infill","domain_enet",3,87,"open,survey_public",87,0.317726179193701,0.355317800631928,0.256060782196635,0.249300051698235,-0.0210152814443567,0.936885708148623,0.5
"Malawi","child_iron","level","infill","raw_enet",3,87,"open,survey_public",87,0.362287672231537,0.382694601336317,0.26208616682942,0.253764773730373,-0.0267882503043393,0.929965188587176,0.454545454545455
"Malawi","child_iron","level","infill","spatial_plus_domain",3,87,"open,survey_public",87,0.233123131880149,0.243365058641092,0.261969673071067,0.254141047996956,-0.0198524834089137,0.982835411058905,0.409090909090909
"Malawi","child_iron","level","infill","domain_index_cal",3,87,"open,survey_public",87,0.272417438215353,0.28266657848143,0.260630572410771,0.25613944286955,-0.0125116210431123,0.957131092608325,0.318181818181818
"Malawi","child_iron","level","infill","region_mean_jk",3,87,"open,survey_public",87,0.36255599284677,0.348400109252602,0.287642015510618,0.27722265733026,-0.0200499577732685,1.04041433963924,0.363636363636364
"Malawi","child_iron","level","infill","null_train_mean",4,87,"open,survey_public",87,-0.200900965600621,-0.155150050904062,0.276687039197142,0.273043857402573,-0.000437945294336491,1.0010530187175,0.227272727272727
"Malawi","child_iron","level","infill","spatial",4,87,"open,survey_public",87,0.160968141721951,0.117433889994355,0.278973052733001,0.278298166929993,-0.00368315128012572,1.0202414872666,0.181818181818182
"Malawi","child_iron","level","infill","domain_index",4,87,"open,survey_public",87,0.23332361303492,0.261108644539302,0.308260506448838,0.308828299541191,-0.00774515112603586,1.13688690009201,0.363636363636364
"Malawi","child_iron","level","infill","domain_enet",4,87,"open,survey_public",87,0.35847853029088,0.305495332847567,0.271081057466943,0.261147767845805,0.0108710101888217,0.982838223954128,0.545454545454545
"Malawi","child_iron","level","infill","raw_enet",4,87,"open,survey_public",87,0.433422031056353,0.420369338300415,0.24553680429594,0.239485701915341,0.0240731441271285,0.914126890204896,0.409090909090909
"Malawi","child_iron","level","infill","spatial_plus_domain",4,87,"open,survey_public",87,0.29578260552599,0.273742849557147,0.258324674164709,0.253141233210018,-0.00116592403582254,0.973142604333335,0.409090909090909
"Malawi","child_iron","level","infill","domain_index_cal",4,87,"open,survey_public",87,0.221422322665306,0.254319932974885,0.265180615582586,0.261792802297839,-0.00317167878645337,0.965833893438804,0.318181818181818
"Malawi","child_iron","level","infill","region_mean_jk",4,87,"open,survey_public",87,0.386140650395643,0.331708609517898,0.27474555626688,0.266085340016068,-0.0257576477640935,1.00280676033724,0.409090909090909
"Malawi","child_iron","level","infill","null_train_mean",5,87,"open,survey_public",87,-0.283787378518206,-0.287243821408926,0.279820578408539,0.275970264434411,-0.000570088451894889,1.01697639135575,0.181818181818182
"Malawi","child_iron","level","infill","spatial",5,87,"open,survey_public",87,0.211197783771962,0.110264586678049,0.283183559508045,0.280182365576661,0.0235477492329465,1.03213197525152,0.181818181818182
"Malawi","child_iron","level","infill","domain_index",5,87,"open,survey_public",87,0.416326456222206,0.39871935123734,0.277428485942828,0.277899219132066,0.00232963321640573,1.03187042200829,0.454545454545455
"Malawi","child_iron","level","infill","domain_enet",5,87,"open,survey_public",87,0.417365313115113,0.467784085438021,0.238356605787209,0.232538561484793,0.000114425091225284,0.879154464256327,0.545454545454545
"Malawi","child_iron","level","infill","raw_enet",5,87,"open,survey_public",87,0.427699205365605,0.423872278473874,0.250582996166388,0.23691368898323,0.0159982174537892,0.916185806112139,0.454545454545455
"Malawi","child_iron","level","infill","spatial_plus_domain",5,87,"open,survey_public",87,0.413246336662536,0.353883198152132,0.250958384990727,0.2453615712116,0.0148614816690942,0.942530394449992,0.363636363636364
"Malawi","child_iron","level","infill","domain_index_cal",5,87,"open,survey_public",87,0.354705839469272,0.366318965401252,0.248073212873922,0.242601575328954,0.00270564465413379,0.92637553882337,0.454545454545455
"Malawi","child_iron","level","infill","region_mean_jk",5,87,"open,survey_public",87,0.321192573116609,0.289308225865569,0.280968207880461,0.268216383199053,0.00396704308150046,1.07468620355313,0.454545454545455
"Malawi","child_iron","level","infill","null_train_mean",6,87,"open,survey_public",87,-0.220050777561719,-0.247001510556003,0.279756254084579,0.274335044694043,-6.11479487949132e-05,1.0110146697893,0.227272727272727
"Malawi","child_iron","level","infill","spatial",6,87,"open,survey_public",87,0.199187140045199,0.121917770024871,0.279644790777246,0.273757578009351,-0.00382135020294256,1.02152697974864,0.136363636363636
"Malawi","child_iron","level","infill","domain_index",6,87,"open,survey_public",87,0.369796602755705,0.342031304659696,0.281218040445972,0.280770950588057,-0.0205607765448022,1.06022675645871,0.409090909090909
"Malawi","child_iron","level","infill","domain_enet",6,87,"open,survey_public",87,0.381406284172924,0.391104428412142,0.247880075694118,0.241897157747139,-0.00212252707974936,0.915075913964351,0.590909090909091
"Malawi","child_iron","level","infill","raw_enet",6,87,"open,survey_public",87,0.441404826128162,0.414253106571007,0.247926370856344,0.238490431148709,-0.0018838091460504,0.906869812756187,0.5
"Malawi","child_iron","level","infill","spatial_plus_domain",6,87,"open,survey_public",87,0.314245097324488,0.264724272067044,0.261065704129236,0.248681410413587,-0.00663380750219097,0.983455384190935,0.454545454545455
"Malawi","child_iron","level","infill","domain_index_cal",6,87,"open,survey_public",87,0.310490632062404,0.265847221753703,0.256199750929129,0.250851223238819,-0.00818733148342475,0.961144371421336,0.409090909090909
"Malawi","child_iron","level","infill","region_mean_jk",6,87,"open,survey_public",87,0.331563532957942,0.256055271054836,0.284050048253307,0.273776403499362,-0.0128203901365247,1.08191639079057,0.409090909090909
"Malawi","child_iron","level","infill","null_train_mean",7,87,"open,survey_public",87,-0.178691275963369,-0.181033815253975,0.276549348091432,0.273346789509782,-0.000445129271715338,1.00354118581353,0.136363636363636
"Malawi","child_iron","level","infill","spatial",7,87,"open,survey_public",87,0.310126120871911,0.258451258147071,0.26463011220706,0.261687540559627,-0.0150178033512297,0.965652332693384,0.227272727272727
"Malawi","child_iron","level","infill","domain_index",7,87,"open,survey_public",87,0.468105270831814,0.461359154227912,0.263302733879102,0.260302839455268,0.00579227344229467,0.983590362826385,0.5
"Malawi","child_iron","level","infill","domain_enet",7,87,"open,survey_public",87,0.513742071881607,0.505375718696662,0.232704366290618,0.22451636582487,0.0138213524612169,0.858910552644564,0.636363636363636
"Malawi","child_iron","level","infill","raw_enet",7,87,"open,survey_public",87,0.49068673908289,0.497384383346183,0.240630352800133,0.231687530227585,-0.00126083259286605,0.868168019117645,0.5
"Malawi","child_iron","level","infill","spatial_plus_domain",7,87,"open,survey_public",87,0.474028577677335,0.454367416383933,0.235408915931503,0.228992278908055,-0.00844746342123874,0.886408295808689,0.5
"Malawi","child_iron","level","infill","domain_index_cal",7,87,"open,survey_public",87,0.453816432164467,0.433498338066473,0.24246098326955,0.236867707331977,0.00643592232266418,0.901738608065223,0.5
"Malawi","child_iron","level","infill","region_mean_jk",7,87,"open,survey_public",87,0.473470282483196,0.43418111101035,0.253158804297177,0.239639564362172,0.00275999268579499,0.966472363875423,0.454545454545455
"Malawi","child_iron","level","infill","null_train_mean",8,87,"open,survey_public",87,-0.278755786351642,-0.278412706258965,0.280322233875832,0.275640608094596,0.000232685341773513,1.01526082187756,0.0909090909090909
"Malawi","child_iron","level","infill","spatial",8,87,"open,survey_public",87,0.20082744040242,0.144956044815349,0.279413152692347,0.274021176855199,-0.013481808630141,1.01477666959991,0.227272727272727
"Malawi","child_iron","level","infill","domain_index",8,87,"open,survey_public",87,0.322884012539185,0.319205714411575,0.295168247019787,0.292502660628551,-0.0174532908698386,1.07643280155718,0.318181818181818
"Malawi","child_iron","level","infill","domain_enet",8,87,"open,survey_public",87,0.404643872566888,0.410195792865398,0.248575501741699,0.242705850290679,-0.00769429870587572,0.907074748364756,0.454545454545455
"Malawi","child_iron","level","infill","raw_enet",8,87,"open,survey_public",87,0.367573084493694,0.323136583533429,0.263176405193018,0.255430870423293,-0.0293884285042513,0.960392749313503,0.318181818181818
"Malawi","child_iron","level","infill","spatial_plus_domain",8,87,"open,survey_public",87,0.299336589633302,0.252019989494746,0.268057216934865,0.262072776135629,-0.013441497888675,0.98289281893318,0.272727272727273
"Malawi","child_iron","level","infill","domain_index_cal",8,87,"open,survey_public",87,0.245844572428374,0.231590925318866,0.268867625881601,0.265481336503598,-0.00527745646448184,0.976238144425094,0.272727272727273
"Malawi","child_iron","level","infill","region_mean_jk",8,87,"open,survey_public",87,0.471266413626522,0.434569821789666,0.255479833905558,0.241406368061883,-0.0336968405245131,0.957667706439306,0.454545454545455
"Malawi","child_iron","level","infill","null_train_mean",9,87,"open,survey_public",87,-0.102073427038879,-0.124164165138437,0.276189457331505,0.272459293759128,-0.00032069970771033,0.998619052944793,0.181818181818182
"Malawi","child_iron","level","infill","spatial",9,87,"open,survey_public",87,0.222552307355836,0.145203920337724,0.282042439043286,0.275079191302014,-0.00572447143879345,1.02876157645062,0.227272727272727
"Malawi","child_iron","level","infill","domain_index",9,87,"open,survey_public",87,0.370981264124809,0.357010801148027,0.279191946366392,0.278787300841409,0.00508665116858873,1.05096124261971,0.409090909090909
"Malawi","child_iron","level","infill","domain_enet",9,87,"open,survey_public",87,0.410603630531457,0.411828316898842,0.250130598790668,0.24416009944297,0.00398064541544489,0.907173205069146,0.545454545454545
"Malawi","child_iron","level","infill","raw_enet",9,87,"open,survey_public",87,0.397025588685573,0.367856470491584,0.258954450461557,0.249138285102793,-3.62157670630354e-05,0.959456461142586,0.363636363636364
"Malawi","child_iron","level","infill","spatial_plus_domain",9,87,"open,survey_public",87,0.362743311219654,0.341566088778198,0.250526077945478,0.236732447165682,-0.00676862874658263,0.955553726367233,0.363636363636364
"Malawi","child_iron","level","infill","domain_index_cal",9,87,"open,survey_public",87,0.349766712838084,0.322750299735698,0.254401487566281,0.249229913702639,0.00250405973497025,0.941616648548276,0.409090909090909
"Malawi","child_iron","level","infill","region_mean_jk",9,87,"open,survey_public",87,0.369876874354967,0.311646260302105,0.272967015262489,0.261765393901326,-0.0415830020862908,1.03897520338786,0.318181818181818
"Malawi","child_iron","level","infill","null_train_mean",10,87,"open,survey_public",87,-0.204574678920016,-0.203358025307101,0.278816860601878,0.275370920100043,0.000406790695296066,1.00563277388552,0.136363636363636
"Malawi","child_iron","level","infill","spatial",10,87,"open,survey_public",87,0.224684697820223,0.144482701604674,0.277098321679865,0.264573382304202,0.00124420070371277,1.02393340227453,0.136363636363636
"Malawi","child_iron","level","infill","domain_index",10,87,"open,survey_public",87,0.424637311365459,0.424059660444723,0.26224670328056,0.261688771821502,-0.00698457133556528,1.01090288186306,0.5
"Malawi","child_iron","level","infill","domain_enet",10,87,"open,survey_public",87,0.462036159510097,0.467037451034805,0.234002865440912,0.227516857222151,0.00422929360566866,0.879751550473538,0.545454545454545
"Malawi","child_iron","level","infill","raw_enet",10,87,"open,survey_public",87,0.531311511263396,0.508183441746679,0.237662538595425,0.222810696683915,0.0160713608414741,0.869010151169703,0.5
"Malawi","child_iron","level","infill","spatial_plus_domain",10,87,"open,survey_public",87,0.326583801122694,0.308759515527297,0.252451155127757,0.239546570874087,-0.00351212615228053,0.972649241574663,0.363636363636364
"Malawi","child_iron","level","infill","domain_index_cal",10,87,"open,survey_public",87,0.393708536852081,0.394784204334967,0.248849488068896,0.241565504811431,-0.00291527576234301,0.916342907709116,0.5
"Malawi","child_iron","level","infill","region_mean_jk",10,87,"open,survey_public",87,0.520941852892954,0.50058276261472,0.236366533641192,0.2227566150993,-0.00308622433495908,0.900814504635197,0.5
"Malawi","child_iron","level","region","null_train_mean",1,87,"open,survey_public",87,-0.701285506472629,-0.691245414486126,0.28048130417589,0.276911064132444,8.78784211301203e-05,1.01692075396972,0
"Malawi","child_iron","level","region","spatial",1,87,"open,survey_public",87,0.0195924764890282,-0.0265831832647881,0.300909030308589,0.302452044174505,-0.00170309899289527,1.10348988130273,0.0909090909090909
"Malawi","child_iron","level","region","domain_index",1,87,"open,survey_public",87,0.221659254939127,0.225004861763727,0.292515661969819,0.293680517078001,-0.00842692981268674,1.12203717955238,0.409090909090909
"Malawi","child_iron","level","region","domain_enet",1,87,"open,survey_public",87,0.349730261719035,0.3810532326579,0.246556018614133,0.243795701080325,0.00506338154936652,0.919366451312963,0.545454545454545
"Malawi","child_iron","level","region","raw_enet",1,87,"open,survey_public",87,0.351771524385799,0.33649602749284,0.255642516483812,0.251331366155078,0.00779704304848676,0.95617769439441,0.454545454545455
"Malawi","child_iron","level","region","spatial_plus_domain",1,87,"open,survey_public",87,0.245899249106948,0.211263883410171,0.265083694161844,0.261811839717288,-0.000889545323677892,1.00397619144905,0.318181818181818
"Malawi","child_iron","level","region","domain_index_cal",1,87,"open,survey_public",87,0.173780710067799,0.164873282495425,0.268327281864793,0.265188308366934,-0.00468593469866243,0.99117109940658,0.409090909090909
"Malawi","women_iron","prev","infill","null_train_mean",1,87,"open,survey_public",87,-0.213100530928992,-0.24001004348213,13.7084511716402,12.360775054781,-0.00710535294678127,1.00982192676408,0.181818181818182
"Malawi","women_iron","prev","infill","spatial",1,87,"open,survey_public",87,0.0691351217980729,0.0693182839638277,14.4184749499395,13.6472203425784,-9.2320321994404,1.13239940203369,0.272727272727273
"Malawi","women_iron","prev","infill","domain_index",1,87,"open,survey_public",87,0.109779427570645,-0.00410139834849608,18.7793573712892,17.8003237773311,-2.78058122500819,1.4988771416337,0.227272727272727
"Malawi","women_iron","prev","infill","domain_enet",1,87,"open,survey_public",87,-0.278847470140425,-0.246704019996268,14.5510606819043,13.8012766629481,-9.57313507962439,1.15851620518292,0.181818181818182
"Malawi","women_iron","prev","infill","raw_enet",1,87,"open,survey_public",87,-0.202827656259721,-0.139058702647291,14.4673996292997,13.7417702001537,-9.45213423844619,1.1525035605873,0.181818181818182
"Malawi","women_iron","prev","infill","spatial_plus_domain",1,87,"open,survey_public",87,-0.0148840910230689,0.0111648840343831,14.5890511896883,13.84069016628,-9.29120140553808,1.1401799099059,0.272727272727273
"Malawi","women_iron","prev","infill","domain_index_cal",1,87,"open,survey_public",87,-0.129995133288544,-0.08448214179629,14.4766974239228,13.7460455750837,-9.61677831443214,1.15037564628903,0.0909090909090909
"Malawi","women_iron","prev","infill","region_mean_jk",1,87,"open,survey_public",87,-0.14324846241629,-0.171241465760642,18.5405810468672,18.2926637983788,-5.35817204489965,1.36782859098029,0.181818181818182
"Malawi","women_iron","prev","infill","null_train_mean",2,87,"open,survey_public",87,-0.237336789915951,-0.285574933572418,13.5727921828024,12.1024387305038,-0.0254243862517884,1.01723754696865,0.136363636363636
"Malawi","women_iron","prev","infill","spatial",2,87,"open,survey_public",87,0.0490027225597802,0.0723785292680655,14.4648411130727,13.5657618173488,-9.12503581076818,1.13049896818923,0.272727272727273
"Malawi","women_iron","prev","infill","domain_index",2,87,"open,survey_public",87,0.131624237778631,0.0297563531005256,19.839092801532,19.4796218832302,0.0264850394541561,1.608197663598,0.272727272727273
"Malawi","women_iron","prev","infill","domain_enet",2,87,"open,survey_public",87,-0.24774390868108,-0.285873918310251,14.5874633778486,13.8093184353133,-9.54926845372466,1.1593952985052,0.136363636363636
"Malawi","women_iron","prev","infill","raw_enet",2,87,"open,survey_public",87,-0.226387725731237,-0.268095540816859,14.5329097858907,13.7922064187802,-9.51470568848607,1.1571035003934,0.136363636363636
"Malawi","women_iron","prev","infill","spatial_plus_domain",2,87,"open,survey_public",87,0.0490027225597802,0.0723785292019556,14.4648411130834,13.5657618172955,-9.12503581037524,1.13049896818811,0.272727272727273
"Malawi","women_iron","prev","infill","domain_index_cal",2,87,"open,survey_public",87,-0.078104452769064,-0.0675911183152517,14.4177925760871,13.5745391562751,-9.44000591599141,1.1487140917053,0.136363636363636
"Malawi","women_iron","prev","infill","region_mean_jk",2,87,"open,survey_public",87,-0.295260543637785,-0.294541273307648,19.3977706014302,18.5091162138023,-4.12820229442889,1.43071629234115,0.136363636363636
"Malawi","women_iron","prev","infill","null_train_mean",3,87,"open,survey_public",87,-0.320390023548323,-0.328033573328075,13.7707800129771,12.5017085828562,0.0254969535724022,1.0241435356976,0.136363636363636
"Malawi","women_iron","prev","infill","spatial",3,87,"open,survey_public",87,-0.0733004457784093,-0.0657669569361823,14.8072315314772,14.0230133743527,-9.25165547098198,1.15303269800298,0.272727272727273
"Malawi","women_iron","prev","infill","domain_index",3,87,"open,survey_public",87,0.0695423979205947,-0.0149502481328953,19.8736818027319,19.1340427821811,-1.86752787949011,1.62841450842707,0.181818181818182
"Malawi","women_iron","prev","infill","domain_enet",3,87,"open,survey_public",87,-0.343642803363696,-0.224837926916085,14.7150352772735,13.9254208594827,-8.98900199947504,1.16456056479317,0.0909090909090909
"Malawi","women_iron","prev","infill","raw_enet",3,87,"open,survey_public",87,-0.17712949446263,-0.138895980748045,14.6702267508048,13.9596707491036,-8.77413775995738,1.15094314357299,0.136363636363636
"Malawi","women_iron","prev","infill","spatial_plus_domain",3,87,"open,survey_public",87,-0.126505517420573,-0.0955025670454761,14.8553224961027,14.0539377680202,-8.89732474887401,1.15540566989123,0.227272727272727
"Malawi","women_iron","prev","infill","domain_index_cal",3,87,"open,survey_public",87,-0.29908877433918,-0.261310014569335,14.7188339002877,13.9883053621327,-9.69797311165268,1.1663446404567,0.136363636363636
"Malawi","women_iron","prev","infill","region_mean_jk",3,87,"open,survey_public",87,-0.231433514382393,-0.264878292241689,18.4769066208149,17.5497707246601,-5.36937284292925,1.37115807800248,0.0909090909090909
"Malawi","women_iron","prev","infill","null_train_mean",4,87,"open,survey_public",87,-0.123731982881191,-0.0917401394998222,13.4426319689017,12.0964248245946,0.000108822167530406,0.996516865928144,0.227272727272727
"Malawi","women_iron","prev","infill","spatial",4,87,"open,survey_public",87,0.00717361352169052,-0.0639700703708299,15.1199818828973,14.2888649279579,-8.41273481976723,1.15119448293839,0.181818181818182
"Malawi","women_iron","prev","infill","domain_index",4,87,"open,survey_public",87,-0.00447078107222777,-0.0764756426731619,21.3459256774876,21.1829078524408,-0.453010209177537,1.6728581257562,0.136363636363636
"Malawi","women_iron","prev","infill","domain_enet",4,87,"open,survey_public",87,-0.144657071034033,-0.0801816826310989,14.3646222661545,13.6412786396783,-9.53694459278952,1.14474927671216,0.181818181818182
"Malawi","women_iron","prev","infill","raw_enet",4,87,"open,survey_public",87,-0.162974445530689,-0.120070097030004,14.3893022732882,13.6634606015824,-9.5253366667236,1.14615749687582,0.181818181818182
"Malawi","women_iron","prev","infill","spatial_plus_domain",4,87,"open,survey_public",87,0.00717361352169052,-0.0639700703671423,15.1199818826818,14.2888649278059,-8.41273481928116,1.15119448292285,0.181818181818182
"Malawi","women_iron","prev","infill","domain_index_cal",4,87,"open,survey_public",87,-0.197445612943459,-0.164990702439328,14.597179664166,13.8170081817782,-9.2186497212395,1.15009287475647,0.136363636363636
"Malawi","women_iron","prev","infill","region_mean_jk",4,87,"open,survey_public",87,-0.179276811813097,-0.195276974929326,18.4536756112407,18.0360723256119,-6.45326397799251,1.35355973125075,0.0909090909090909
"Malawi","women_iron","prev","infill","null_train_mean",5,87,"open,survey_public",87,-0.113708723951095,-0.175935740554335,13.5090377870149,12.2037684958745,-0.00872026810703967,1.00280504313223,0.0909090909090909
"Malawi","women_iron","prev","infill","spatial",5,87,"open,survey_public",87,0.0590828065921943,-0.0332510693439644,14.6947937902723,13.9308612913811,-8.79141017629717,1.15093565822057,0.272727272727273
"Malawi","women_iron","prev","infill","domain_index",5,87,"open,survey_public",87,0.0267506362292717,-0.0396419429122814,22.3346025879946,22.8798792174751,1.10223010211425,1.77474613065886,0.318181818181818
"Malawi","women_iron","prev","infill","domain_enet",5,87,"open,survey_public",87,-0.143991652062733,-0.170726515810562,14.3070341491964,13.468311680975,-9.36411697532818,1.14961117795452,0.0454545454545455
"Malawi","women_iron","prev","infill","raw_enet",5,87,"open,survey_public",87,-0.108600737177609,-0.102821040273916,14.429256953324,13.661781674009,-9.29514536832763,1.14333765361929,0.227272727272727
"Malawi","women_iron","prev","infill","spatial_plus_domain",5,87,"open,survey_public",87,0.0590828065921943,-0.0332510693472948,14.6947937902559,13.9308612913183,-8.79141017654378,1.15093565822663,0.272727272727273
"Malawi","women_iron","prev","infill","domain_index_cal",5,87,"open,survey_public",87,-0.129319425176178,-0.0992366797593042,14.3544774973076,13.5267579702111,-9.08650163317392,1.14184922970418,0.227272727272727
"Malawi","women_iron","prev","infill","region_mean_jk",5,87,"open,survey_public",87,-0.21371206092221,-0.257454116071391,18.6090725580283,18.3455830520079,-4.75317263674951,1.40070752009914,0.0909090909090909
"Malawi","women_iron","prev","infill","null_train_mean",6,87,"open,survey_public",87,-0.0897700452245483,-0.0852360589624079,13.4078504232229,11.9986150619922,-0.00551389634483729,0.996253145234985,0.272727272727273
"Malawi","women_iron","prev","infill","spatial",6,87,"open,survey_public",87,0.0696164481246896,0.0789416668328667,14.5776091412676,13.759172674447,-9.36109064803538,1.13752098185215,0.409090909090909
"Malawi","women_iron","prev","infill","domain_index",6,87,"open,survey_public",87,0.0989773540483055,0.0133214084845278,20.0780436772613,19.5664055295121,-2.09096311496453,1.54746791037714,0.227272727272727
"Malawi","women_iron","prev","infill","domain_enet",6,87,"open,survey_public",87,-0.117468029328861,-0.120548742322409,14.4164474744832,13.691622904805,-9.58958101968443,1.14754534877826,0.318181818181818
"Malawi","women_iron","prev","infill","raw_enet",6,87,"open,survey_public",87,-0.0848103742176672,-0.0789511318218945,14.3293445968762,13.6018226868984,-9.54462143028011,1.14406669850353,0.272727272727273
"Malawi","women_iron","prev","infill","spatial_plus_domain",6,87,"open,survey_public",87,-0.0452631872529892,-0.0294880684207637,15.0236161370738,14.1940037409853,-9.30801299039066,1.15823808466497,0.272727272727273
"Malawi","women_iron","prev","infill","domain_index_cal",6,87,"open,survey_public",87,-0.0611654685823625,-0.0459512293032107,14.5978034458414,13.8490065939441,-9.55970914052863,1.14926885582975,0.318181818181818
"Malawi","women_iron","prev","infill","region_mean_jk",6,87,"open,survey_public",87,-0.195091347011949,-0.207307647233369,18.6279445297589,17.8481853509165,-5.50393528862914,1.37828416207778,0.181818181818182
"Malawi","women_iron","prev","infill","null_train_mean",7,87,"open,survey_public",87,-0.137033348172027,-0.108934227944853,13.4300646963171,12.0462781023145,-0.0158107618641685,0.997594834419733,0.227272727272727
"Malawi","women_iron","prev","infill","spatial",7,87,"open,survey_public",87,0.133836487625965,0.148533039167693,14.5630397708131,13.780788653387,-9.43032043500783,1.12942332916517,0.318181818181818
"Malawi","women_iron","prev","infill","domain_index",7,87,"open,survey_public",87,0.0999677755280744,-0.00149368086045263,19.7532560046181,19.3011434458001,-1.91023292825805,1.58520613375511,0.227272727272727
"Malawi","women_iron","prev","infill","domain_enet",7,87,"open,survey_public",87,-0.0913065134839392,-0.0141718738112481,14.5405098534719,13.8402936508732,-9.451420332293,1.14350088731943,0.318181818181818
"Malawi","women_iron","prev","infill","raw_enet",7,87,"open,survey_public",87,-0.105714168433067,-0.0112225986672411,14.7458503326003,13.9355579336783,-9.6768176243419,1.15183070720866,0.272727272727273
"Malawi","women_iron","prev","infill","spatial_plus_domain",7,87,"open,survey_public",87,0.133836487625965,0.148533039168998,14.5630397708095,13.7807886533804,-9.43032043499341,1.12942332916459,0.318181818181818
"Malawi","women_iron","prev","infill","domain_index_cal",7,87,"open,survey_public",87,-0.0520850623052291,0.00112269788050544,14.5932957347792,13.8523409047441,-9.64366008052699,1.14677886371676,0.318181818181818
"Malawi","women_iron","prev","infill","region_mean_jk",7,87,"open,survey_public",87,-0.253381117248786,-0.259610240106997,19.3974996165418,18.7040808772205,-5.52120186897273,1.4064147561829,0.0454545454545455
"Malawi","women_iron","prev","infill","null_train_mean",8,87,"open,survey_public",87,-0.167745520445114,-0.180742505019001,13.5057398970614,12.178341056383,0.0100743320764781,1.0033003430855,0.227272727272727
"Malawi","women_iron","prev","infill","spatial",8,87,"open,survey_public",87,0.0423567167422656,0.0325723212667462,14.6472694287259,13.7916099100684,-9.00961057050962,1.13352478192249,0.318181818181818
"Malawi","women_iron","prev","infill","domain_index",8,87,"open,survey_public",87,0.0804740593000998,0.0793210941899966,19.7208113785998,19.6838226799694,0.031983510008809,1.57889409185897,0.227272727272727
"Malawi","women_iron","prev","infill","domain_enet",8,87,"open,survey_public",87,-0.173075366425134,-0.189110991832586,14.4949386027283,13.7668916484882,-9.63727430832962,1.15821148735095,0.181818181818182
"Malawi","women_iron","prev","infill","raw_enet",8,87,"open,survey_public",87,-0.17320588204888,-0.176750014190149,14.3746377081179,13.6682462243388,-9.51834957909614,1.14805302393766,0.181818181818182
"Malawi","women_iron","prev","infill","spatial_plus_domain",8,87,"open,survey_public",87,0.0423567167422656,0.0325723213014235,14.6472694285324,13.7916099097911,-9.0096105700129,1.13352478190487,0.318181818181818
"Malawi","women_iron","prev","infill","domain_index_cal",8,87,"open,survey_public",87,-0.0571019636326566,0.00136839374257113,14.4017617869422,13.5271497080675,-9.33682930067176,1.14087104331949,0.227272727272727
"Malawi","women_iron","prev","infill","region_mean_jk",8,87,"open,survey_public",87,-0.155085864914763,-0.174348655410009,18.1779569690497,17.5926962145336,-6.04917629187002,1.35911953977698,0.181818181818182
"Malawi","women_iron","prev","infill","null_train_mean",9,87,"open,survey_public",87,-0.0394742577185767,-0.0619626419033797,13.4268267769949,12.0815855750801,0.00186337355626821,0.995292388362896,0.227272727272727
"Malawi","women_iron","prev","infill","spatial",9,87,"open,survey_public",87,0.0727173004211622,0.041359456522037,14.3914618752468,13.5106627794191,-8.93883097987962,1.13061221811429,0.272727272727273
"Malawi","women_iron","prev","infill","domain_index",9,87,"open,survey_public",87,0.0779933774629217,0.0246876295041358,19.0465857079863,19.1610802606599,-1.01132195110428,1.49308480522959,0.227272727272727
"Malawi","women_iron","prev","infill","domain_enet",9,87,"open,survey_public",87,-0.0824661748581167,-0.0908593613057813,14.4358733549094,13.6475770557954,-9.30187961284081,1.14727534816273,0.363636363636364
"Malawi","women_iron","prev","infill","raw_enet",9,87,"open,survey_public",87,-0.00858259259000286,0.00991960497215808,14.2898314696356,13.5681084926403,-9.55306490537587,1.14245049311008,0.181818181818182
"Malawi","women_iron","prev","infill","spatial_plus_domain",9,87,"open,survey_public",87,0.0215486093916071,0.00977253808121141,14.5028687873689,13.6081254245663,-8.83071645225689,1.13453514176757,0.181818181818182
"Malawi","women_iron","prev","infill","domain_index_cal",9,87,"open,survey_public",87,0.034988721434826,-0.00929953249516984,14.3676525347413,13.5287529795627,-9.23022806116586,1.14012677042399,0.363636363636364
"Malawi","women_iron","prev","infill","region_mean_jk",9,87,"open,survey_public",87,-0.203864096420443,-0.285612370237599,18.5801710317735,18.1100877859732,-5.16195796898894,1.38051215732178,0.0909090909090909
"Malawi","women_iron","prev","infill","null_train_mean",10,87,"open,survey_public",87,-0.113500890118425,-0.188560284633687,13.5325605989761,12.1718504521027,0.00920365799356396,1.00396008306275,0.136363636363636
"Malawi","women_iron","prev","infill","spatial",10,87,"open,survey_public",87,0.0808535665960861,0.0702561050209364,14.399519533093,13.3855542852798,-9.09810334387174,1.13064674508862,0.272727272727273
"Malawi","women_iron","prev","infill","domain_index",10,87,"open,survey_public",87,0.0786875981263111,-0.0677536512919064,19.8499422288668,18.5484055830938,-1.75024268528075,1.65441323825286,0.227272727272727
"Malawi","women_iron","prev","infill","domain_enet",10,87,"open,survey_public",87,-0.136083708857939,-0.17846444745556,14.6880331600198,13.8769257401234,-9.47568748190168,1.16344013855282,0.0909090909090909
"Malawi","women_iron","prev","infill","raw_enet",10,87,"open,survey_public",87,-0.0191180597617298,-0.0840792470979271,14.5595239805078,13.6732779242839,-9.46310535377855,1.15509421362426,0.363636363636364
"Malawi","women_iron","prev","infill","spatial_plus_domain",10,87,"open,survey_public",87,0.0452909560795248,-0.00124625760639199,14.6566031278512,13.6333722873471,-9.12944248763094,1.14397939574225,0.272727272727273
"Malawi","women_iron","prev","infill","domain_index_cal",10,87,"open,survey_public",87,-0.0534179659789368,-0.0830135199689648,14.3117775507166,13.5140175131762,-9.55856298390739,1.14823987799424,0.227272727272727
"Malawi","women_iron","prev","infill","region_mean_jk",10,87,"open,survey_public",87,-0.230980556197857,-0.263345497854963,19.0288587591909,18.286094886808,-4.16915893761551,1.41249437078461,0.0454545454545455
"Malawi","women_iron","prev","region","null_train_mean",1,87,"open,survey_public",87,-0.451764855149368,-0.482843141376306,13.5627624029886,12.2021181310576,-0.0146860082619023,1.00687244509542,0
"Malawi","women_iron","prev","region","spatial",1,87,"open,survey_public",87,0.104086818130851,0.100060525103966,14.2935118769029,13.3588629209777,-9.27101730595602,1.13092662710045,0.272727272727273
"Malawi","women_iron","prev","region","domain_index",1,87,"open,survey_public",87,0.149211161251163,0.0580182368394155,18.0679775438171,17.8077664759344,-2.82251973607027,1.43448784613792,0.227272727272727
"Malawi","women_iron","prev","region","domain_enet",1,87,"open,survey_public",87,-0.335500471045532,-0.281526418354351,14.3785120128859,13.6542954028082,-9.58045369325648,1.14944329170965,0.136363636363636
"Malawi","women_iron","prev","region","raw_enet",1,87,"open,survey_public",87,-0.353945043429038,-0.157276753195412,14.53753720224,13.8154250024278,-9.71641538813461,1.15647765100678,0.136363636363636
"Malawi","women_iron","prev","region","spatial_plus_domain",1,87,"open,survey_public",87,0.0836304492496437,0.0684573434604517,14.3510795788176,13.4471592357545,-9.26818815297274,1.13496247085897,0.272727272727273
"Malawi","women_iron","prev","region","domain_index_cal",1,87,"open,survey_public",87,-0.0866479950665096,-0.0898441967394169,14.3489853345886,13.5449997335207,-9.49683482657935,1.14561070702942,0.0909090909090909
"Malawi","women_iron","level","infill","null_train_mean",1,87,"open,survey_public",87,-0.283480460696585,-0.330155004123,0.272412404097938,0.259458476116767,-0.000142959239070083,1.02336378649805,0.136363636363636
"Malawi","women_iron","level","infill","spatial",1,87,"open,survey_public",87,0.197619741926077,0.207676111343075,0.260562054788272,0.242787994529567,-0.0127968028678325,0.979253996446784,0.318181818181818
"Malawi","women_iron","level","infill","domain_index",1,87,"open,survey_public",87,0.243128964059197,0.217667942621854,0.313177497458317,0.29759423611316,-0.0098490670630528,1.17631298097652,0.409090909090909
"Malawi","women_iron","level","infill","domain_enet",1,87,"open,survey_public",87,0.131056086035208,0.0418948928983822,0.271796940234252,0.259162029617087,-0.00440559441103858,1.01534506350472,0.409090909090909
"Malawi","women_iron","level","infill","raw_enet",1,87,"open,survey_public",87,0.0466451271756938,-0.00166101664607514,0.277004938626573,0.26091919677687,-0.00144016107083895,1.02495889958648,0.318181818181818
"Malawi","women_iron","level","infill","spatial_plus_domain",1,87,"open,survey_public",87,0.219581541153313,0.217221374772717,0.259949125017521,0.241381447944207,-0.00736835553065599,0.976231027853884,0.363636363636364
"Malawi","women_iron","level","infill","domain_index_cal",1,87,"open,survey_public",87,0.118830648100897,0.0580510109282485,0.268425224595678,0.255630477840891,-0.000253105309202773,0.998618724508478,0.318181818181818
"Malawi","women_iron","level","infill","region_mean_jk",1,87,"open,survey_public",87,0.122994897406914,0.0759540620120433,0.305574456091075,0.299297103444989,-0.0303195939065791,1.15681125901808,0.318181818181818
"Malawi","women_iron","level","infill","null_train_mean",2,87,"open,survey_public",87,-0.14849242242394,-0.191788352449639,0.267148796529376,0.252734512155441,-0.00028191958160755,1.00458110478361,0.227272727272727
"Malawi","women_iron","level","infill","spatial",2,87,"open,survey_public",87,0.287362397025589,0.254997064186788,0.253787295028119,0.238846525805476,0.00600419994322035,0.97343010744638,0.363636363636364
"Malawi","women_iron","level","infill","domain_index",2,87,"open,survey_public",87,0.325617846467886,0.307124896980794,0.297161027263389,0.286409503982471,0.00615209343433399,1.12878479034062,0.454545454545455
"Malawi","women_iron","level","infill","domain_enet",2,87,"open,survey_public",87,0.207497547248627,0.151737220226311,0.260561191398977,0.246400210494163,-4.41536595066251e-05,0.988611867177106,0.409090909090909
"Malawi","women_iron","level","infill","raw_enet",2,87,"open,survey_public",87,0.240704964642415,0.176678716216156,0.270192198888751,0.257676146504992,-0.00087453177793986,1.00968207386764,0.409090909090909
"Malawi","women_iron","level","infill","spatial_plus_domain",2,87,"open,survey_public",87,0.317707953634177,0.270341111472812,0.255511913680545,0.240249641248624,0.00902752292470168,0.969315953877366,0.363636363636364
"Malawi","women_iron","level","infill","domain_index_cal",2,87,"open,survey_public",87,0.282423270394401,0.192657382763393,0.260807100846723,0.247518793249517,0.00349162542703974,0.977509452682628,0.454545454545455
"Malawi","women_iron","level","infill","region_mean_jk",2,87,"open,survey_public",87,0.128077651405765,0.0793158953122649,0.31215711379018,0.303762170981286,-0.00735399437779233,1.18751628062257,0.363636363636364
"Malawi","women_iron","level","infill","null_train_mean",3,87,"open,survey_public",87,-0.33978593015384,-0.343535166190404,0.27425667722148,0.26246781724106,0.000663406804918396,1.02684178892244,0.136363636363636
"Malawi","women_iron","level","infill","spatial",3,87,"open,survey_public",87,0.130640810672888,0.121086053016571,0.270720679322903,0.25494154473044,-0.000949219188868843,1.02164287771829,0.272727272727273
"Malawi","women_iron","level","infill","domain_index",3,87,"open,survey_public",87,0.251640300357221,0.232094554043546,0.320968294014969,0.306466492141489,-0.0163697300159143,1.19826405597874,0.363636363636364
"Malawi","women_iron","level","infill","domain_enet",3,87,"open,survey_public",87,0.109116424874244,0.0470338578036204,0.275946136579135,0.264725514499858,-0.00318135678910293,1.05262969467356,0.409090909090909
"Malawi","women_iron","level","infill","raw_enet",3,87,"open,survey_public",87,0.0969417511117591,0.0786299501464385,0.275393250620504,0.264142577651048,-0.000668417346281708,1.03296510920097,0.272727272727273
"Malawi","women_iron","level","infill","spatial_plus_domain",3,87,"open,survey_public",87,0.15087118174528,0.137140901256107,0.271784442762507,0.255639616130046,0.00134712841032806,1.02315889513944,0.318181818181818
"Malawi","women_iron","level","infill","domain_index_cal",3,87,"open,survey_public",87,0.129146314791864,0.103793228980263,0.263131779142391,0.251738379491994,-0.00179974892396906,0.997889486823996,0.318181818181818
"Malawi","women_iron","level","infill","region_mean_jk",3,87,"open,survey_public",87,0.195021258130009,0.130948100590504,0.303584516351987,0.289433666647797,-0.00768465460682796,1.15906240447682,0.409090909090909
"Malawi","women_iron","level","infill","null_train_mean",4,87,"open,survey_public",87,-0.0915638167833951,-0.0875592282491046,0.267069015971669,0.25333437950126,-0.000201943419661743,0.996403854736789,0.227272727272727
"Malawi","women_iron","level","infill","spatial",4,87,"open,survey_public",87,0.158926879055187,0.169174299828937,0.268071356662923,0.253394111187325,-0.00754769406060156,1.00156965030443,0.227272727272727
"Malawi","women_iron","level","infill","domain_index",4,87,"open,survey_public",87,0.216902383903186,0.220548991817334,0.330780031101885,0.314972403272235,-0.0319541120874467,1.22317715010852,0.363636363636364
"Malawi","women_iron","level","infill","domain_enet",4,87,"open,survey_public",87,0.237734198439892,0.19400436059901,0.262683943630361,0.244190403982037,-0.0116428829769659,0.985893985684342,0.363636363636364
"Malawi","women_iron","level","infill","raw_enet",4,87,"open,survey_public",87,0.139837063324,0.0475879214540391,0.272814584337589,0.258901064861681,-0.00566426686809092,1.04385708507131,0.363636363636364
"Malawi","women_iron","level","infill","spatial_plus_domain",4,87,"open,survey_public",87,0.169424801341401,0.169206173066611,0.267833029452977,0.252883821716864,-0.00798935223496018,1.00172473848889,0.272727272727273
"Malawi","women_iron","level","infill","domain_index_cal",4,87,"open,survey_public",87,0.14861121236422,0.146809186143201,0.263729178385832,0.250855450902456,-0.00659485240937082,0.985193416468251,0.318181818181818
"Malawi","women_iron","level","infill","region_mean_jk",4,87,"open,survey_public",87,0.0723318746527834,0.0505911870102822,0.315215207093892,0.306174324160692,-0.048475706689454,1.17880883769242,0.181818181818182
"Malawi","women_iron","level","infill","null_train_mean",5,87,"open,survey_public",87,-0.111178655746948,-0.16378163997561,0.267781378905645,0.254108748379307,-0.000302726759642203,1.00166853986717,0.136363636363636
"Malawi","women_iron","level","infill","spatial",5,87,"open,survey_public",87,0.210851498140993,0.177586996862297,0.264808081639824,0.251906989610327,0.00378290444698208,0.993133616370775,0.363636363636364
"Malawi","women_iron","level","infill","domain_index",5,87,"open,survey_public",87,0.145275934971204,0.157571444323701,0.349025391231536,0.339382712856985,0.0123650520234168,1.25093366079924,0.363636363636364
"Malawi","women_iron","level","infill","domain_enet",5,87,"open,survey_public",87,0.192833920002391,0.16082593104489,0.269461919917746,0.25561055227204,0.0168120001828027,0.99456013855062,0.454545454545455
"Malawi","women_iron","level","infill","raw_enet",5,87,"open,survey_public",87,0.109509870786892,0.128129869877183,0.26489828799267,0.252940324552682,-0.000651401247504737,0.993401863489013,0.409090909090909
"Malawi","women_iron","level","infill","spatial_plus_domain",5,87,"open,survey_public",87,0.283662608442079,0.221953705882156,0.262884768121169,0.247484291624729,0.00562803783280186,0.979841209773832,0.454545454545455
"Malawi","women_iron","level","infill","domain_index_cal",5,87,"open,survey_public",87,0.107567252314646,0.0659907270259422,0.267347813201271,0.254904225212352,0.00339393278982932,1.00084285144993,0.318181818181818
"Malawi","women_iron","level","infill","region_mean_jk",5,87,"open,survey_public",87,-0.0572858288270917,-0.0755752115576963,0.341004310639358,0.331188100143781,-0.0116759670170074,1.27884431948542,0.227272727272727
"Malawi","women_iron","level","infill","null_train_mean",6,87,"open,survey_public",87,-0.205988361007479,-0.195469932885257,0.269940634901714,0.256029389623489,0.000214871048062236,1.00505873322009,0.136363636363636
"Malawi","women_iron","level","infill","spatial",6,87,"open,survey_public",87,0.239137566523292,0.192430779751091,0.263730050566365,0.246480966676313,0.00492679404257841,0.991431143466546,0.227272727272727
"Malawi","women_iron","level","infill","domain_index",6,87,"open,survey_public",87,0.241105926951957,0.232613832715543,0.313753317706529,0.294713974148477,-0.0181966372282353,1.18275190575439,0.363636363636364
"Malawi","women_iron","level","infill","domain_enet",6,87,"open,survey_public",87,0.1095061042723,0.0438623010557187,0.277007289232568,0.259574337939206,0.000400868943592929,1.02677620932213,0.318181818181818
"Malawi","women_iron","level","infill","raw_enet",6,87,"open,survey_public",87,0.172893784075761,0.113916990309365,0.270764065618401,0.253569346555156,0.000131770663405558,1.00732063394027,0.363636363636364
"Malawi","women_iron","level","infill","spatial_plus_domain",6,87,"open,survey_public",87,0.181690602901509,0.161071780102747,0.274073692544857,0.254903480386866,0.00248613691819666,1.00866962111769,0.318181818181818
"Malawi","women_iron","level","infill","domain_index_cal",6,87,"open,survey_public",87,0.14491142378071,0.0706402156429124,0.269549345901031,0.254252962628701,-0.00336009114768445,0.999160699670067,0.227272727272727
"Malawi","women_iron","level","infill","region_mean_jk",6,87,"open,survey_public",87,0.162582437249033,0.0808629060177149,0.31725707554386,0.305045569987318,-0.0216088626445098,1.20214606948526,0.363636363636364
"Malawi","women_iron","level","infill","null_train_mean",7,87,"open,survey_public",87,-0.187508187929917,-0.232132936968551,0.269178628574021,0.255709606965079,-0.000445741401939533,1.00941764122286,0.181818181818182
"Malawi","women_iron","level","infill","spatial",7,87,"open,survey_public",87,0.313023984836334,0.279052040258877,0.254282690134519,0.236951387255549,-0.00238395396330208,0.958306379465729,0.409090909090909
"Malawi","women_iron","level","infill","domain_index",7,87,"open,survey_public",87,0.285011299846905,0.271109200593595,0.309866857702325,0.295237029838174,-0.00264616607606611,1.15519644695297,0.454545454545455
"Malawi","women_iron","level","infill","domain_enet",7,87,"open,survey_public",87,0.115490797419201,0.0962031014257581,0.268231026003052,0.250344777023209,-0.00112033725947598,1.00912060930425,0.454545454545455
"Malawi","women_iron","level","infill","raw_enet",7,87,"open,survey_public",87,0.301975940081106,0.214209929844469,0.263632481966026,0.248526682574812,-0.0122308549161982,0.978510305065248,0.590909090909091
"Malawi","women_iron","level","infill","spatial_plus_domain",7,87,"open,survey_public",87,0.286195961216009,0.270399561955591,0.255838131251735,0.23610999390726,-0.0078019644671569,0.963202370750302,0.5
"Malawi","women_iron","level","infill","domain_index_cal",7,87,"open,survey_public",87,0.205001093533571,0.169620119138723,0.260267467906605,0.246045753119745,-0.000550194894212176,0.979832411572831,0.409090909090909
"Malawi","women_iron","level","infill","region_mean_jk",7,87,"open,survey_public",87,0.0838361011811465,0.0422811285543241,0.323253505677779,0.313767543159858,-0.00227968734698645,1.21477064297466,0.409090909090909
"Malawi","women_iron","level","infill","null_train_mean",8,87,"open,survey_public",87,-0.316404372470401,-0.303281703854496,0.27402776459019,0.261830372665602,8.52433224803182e-05,1.01909953446816,0.181818181818182
"Malawi","women_iron","level","infill","spatial",8,87,"open,survey_public",87,0.310363053145732,0.275301100955455,0.254940363290972,0.239404791029127,-0.00373645550233493,0.957746731620648,0.409090909090909
"Malawi","women_iron","level","infill","domain_index",8,87,"open,survey_public",87,0.243839760880659,0.226016882004559,0.324663072510813,0.311357426272403,0.00338671751783357,1.20839133632594,0.363636363636364
"Malawi","women_iron","level","infill","domain_enet",8,87,"open,survey_public",87,0.186338120580302,0.180344491032666,0.268953984703256,0.257017021187055,0.0179382690543577,0.996793038635086,0.363636363636364
"Malawi","women_iron","level","infill","raw_enet",8,87,"open,survey_public",87,-0.0242190725534618,-0.0315725293237602,0.274034725528955,0.260327239311949,-0.000428066797881459,1.02831887320999,0.318181818181818
"Malawi","women_iron","level","infill","spatial_plus_domain",8,87,"open,survey_public",87,0.287654005977983,0.260617499666131,0.255657625360616,0.240255696333099,-0.0055666608292807,0.963585378712356,0.409090909090909
"Malawi","women_iron","level","infill","domain_index_cal",8,87,"open,survey_public",87,0.150816505066706,0.11561764908758,0.267286454566883,0.254220188082124,0.000163841890365547,0.996242999309015,0.227272727272727
"Malawi","women_iron","level","infill","region_mean_jk",8,87,"open,survey_public",87,0.139496097912695,0.0704737906907891,0.318052420505858,0.311914315049575,-0.0154690013612477,1.18799897796155,0.318181818181818
"Malawi","women_iron","level","infill","null_train_mean",9,87,"open,survey_public",87,-0.225947319952849,-0.223317410449885,0.269802426053776,0.256567918398551,0.00045173522509028,1.00800244833212,0.136363636363636
"Malawi","women_iron","level","infill","spatial",9,87,"open,survey_public",87,0.18839760880659,0.161162298570861,0.263093133635368,0.247555865380763,0.00185680848927287,1.0035197340156,0.318181818181818
"Malawi","women_iron","level","infill","domain_index",9,87,"open,survey_public",87,0.223263104177298,0.212819007131903,0.323763840531912,0.313217769460086,0.00859359264049088,1.20660934585193,0.318181818181818
"Malawi","women_iron","level","infill","domain_enet",9,87,"open,survey_public",87,0.287344171466064,0.249248474229832,0.258731474202464,0.245018152370664,0.0125272161511842,0.966737123479642,0.318181818181818
"Malawi","women_iron","level","infill","raw_enet",9,87,"open,survey_public",87,0.254241612134633,0.14230621325971,0.27085905067296,0.256776058321187,0.0094621434790234,1.00135911564949,0.5
"Malawi","women_iron","level","infill","spatial_plus_domain",9,87,"open,survey_public",87,0.189855653568565,0.162095433550165,0.265548114864263,0.249573922448666,0.00657981301591041,1.00550341063781,0.318181818181818
"Malawi","women_iron","level","infill","domain_index_cal",9,87,"open,survey_public",87,0.05084931107385,0.0952593164418938,0.269199212977976,0.256166055107768,0.00783307788921228,0.997713390312456,0.318181818181818
"Malawi","women_iron","level","infill","region_mean_jk",9,87,"open,survey_public",87,0.129845156439365,0.0636673549683331,0.320764719490305,0.311549393640064,-0.0137670161876911,1.19873974531159,0.227272727272727
"Malawi","women_iron","level","infill","null_train_mean",10,87,"open,survey_public",87,-0.0511064675698076,-0.10102651035969,0.2661771602155,0.252731491657313,9.97009223673704e-05,0.997013185587164,0.181818181818182
"Malawi","women_iron","level","infill","spatial",10,87,"open,survey_public",87,0.232722169570606,0.224700213286852,0.265058072031287,0.251096860212638,0.0131328716287195,0.984452045815912,0.409090909090909
"Malawi","women_iron","level","infill","domain_index",10,87,"open,survey_public",87,0.261190493548152,0.2740577350525,0.316480342607318,0.305568824414929,0.00161959467443756,1.161526677778,0.409090909090909
"Malawi","women_iron","level","infill","domain_enet",10,87,"open,survey_public",87,0.285649194430269,0.239502077662131,0.260910794595369,0.247233885998332,0.00638962633379115,0.971726097140174,0.454545454545455
"Malawi","women_iron","level","infill","raw_enet",10,87,"open,survey_public",87,0.157468834293213,0.134556988642085,0.269026879441228,0.257322581702873,0.00136238312146943,0.998200321190727,0.318181818181818
"Malawi","women_iron","level","infill","spatial_plus_domain",10,87,"open,survey_public",87,0.241087701392433,0.228265967105671,0.264965199365598,0.250787642158965,0.011661065689699,0.984051224565319,0.363636363636364
"Malawi","women_iron","level","infill","domain_index_cal",10,87,"open,survey_public",87,0.222752788510607,0.204884812053052,0.261387432609495,0.247682001417471,0.000917567356039843,0.973325004812757,0.363636363636364
"Malawi","women_iron","level","infill","region_mean_jk",10,87,"open,survey_public",87,0.197383353303172,0.15967999753191,0.301234960280876,0.291575117215448,0.00415815117472657,1.12533946717161,0.363636363636364
"Malawi","women_iron","level","region","null_train_mean",1,87,"open,survey_public",87,-0.581732034575527,-0.577397344466209,0.269764296730225,0.256407377892095,-0.000122325302747655,1.00929597098377,0
"Malawi","women_iron","level","region","spatial",1,87,"open,survey_public",87,0.181854632937231,0.198844361683407,0.261689910838657,0.247122814851292,-0.0107391953910934,0.992924641257323,0.272727272727273
"Malawi","women_iron","level","region","domain_index",1,87,"open,survey_public",87,0.215189181307866,0.231187577108513,0.305898203963559,0.299917369010153,-0.0178867815416711,1.14947823432489,0.363636363636364
"Malawi","women_iron","level","region","domain_enet",1,87,"open,survey_public",87,0.30021827788724,0.212948617650812,0.254916587936054,0.24036880203345,-0.014862941566901,0.974464246504785,0.409090909090909
"Malawi","women_iron","level","region","raw_enet",1,87,"open,survey_public",87,0.249395125527777,0.277087190474229,0.254925537790316,0.242607615394087,-0.00379538136821074,0.955821451550332,0.318181818181818
"Malawi","women_iron","level","region","spatial_plus_domain",1,87,"open,survey_public",87,0.182820587592039,0.214877836736751,0.261064434544122,0.245605970402914,-0.0099235755671306,0.987139815973142,0.272727272727273
"Malawi","women_iron","level","region","domain_index_cal",1,87,"open,survey_public",87,0.131005321863381,0.1367302806854,0.263357619138477,0.251420096559661,-0.00143356873209202,0.986009418805316,0.272727272727273
"Malawi","women_folate","prev","infill","null_train_mean",1,87,"open,survey_public",87,-0.299768303145393,-0.388846985708377,17.942384681864,17.6755122454817,0.0298381336247781,1.03480787874307,0.181818181818182
"Malawi","women_folate","prev","infill","spatial",1,87,"open,survey_public",87,0.457446792600397,0.35479153214808,15.4703068844741,15.5793998135322,-8.43641794098148,1.02193829575592,0.5
"Malawi","women_folate","prev","infill","domain_index",1,87,"open,survey_public",87,0.383051880580895,0.390890891755898,17.4271313709715,17.4801373028966,-1.3066722949826,1.1587549373946,0.454545454545455
"Malawi","women_folate","prev","infill","domain_enet",1,87,"open,survey_public",87,0.22392012119984,0.289161562684616,16.6921395941726,16.5727112592472,-10.7073141916752,1.07946792573881,0.409090909090909
"Malawi","women_folate","prev","infill","raw_enet",1,87,"open,survey_public",87,0.413919439171569,0.32741959880506,15.8940777662149,15.9997764674859,-9.83874062731255,1.06715353155003,0.5
"Malawi","women_folate","prev","infill","spatial_plus_domain",1,87,"open,survey_public",87,0.458610376684786,0.352685834536801,15.4860606371904,15.5921862039532,-8.46646533751007,1.02297606291322,0.454545454545455
"Malawi","women_folate","prev","infill","domain_index_cal",1,87,"open,survey_public",87,0.339496601134042,0.3479567834396,16.0558061564831,15.9479194582185,-10.3125996658179,1.05370371300399,0.363636363636364
"Malawi","women_folate","prev","infill","region_mean_jk",1,87,"open,survey_public",87,0.451332451512619,0.488090535859739,15.2972134715989,15.0342802884169,-3.62775072219384,0.958509565118555,0.5
"Malawi","women_folate","prev","infill","null_train_mean",2,87,"open,survey_public",87,-0.2035665525147,-0.224775558252485,17.6917288595853,17.2547292972959,-0.0128857126126885,1.0081297501687,0.0909090909090909
"Malawi","women_folate","prev","infill","spatial",2,87,"open,survey_public",87,0.439602067082206,0.372400216118623,15.1106963047253,15.0702012906292,-7.8800085443445,1.0116441203876,0.5
"Malawi","women_folate","prev","infill","domain_index",2,87,"open,survey_public",87,0.424224139822919,0.461330400972447,16.2976280742389,16.1291913281951,-0.21469057070538,1.12424587950278,0.545454545454545
"Malawi","women_folate","prev","infill","domain_enet",2,87,"open,survey_public",87,0.284919853239855,0.3211961229259,16.0537042060636,15.7141473331085,-9.97037210351227,1.05741657490504,0.454545454545455
"Malawi","women_folate","prev","infill","raw_enet",2,87,"open,survey_public",87,0.311030680093547,0.167700604126845,18.0627863908864,18.1930668860968,-8.32505745570266,1.19083903054647,0.545454545454545
"Malawi","women_folate","prev","infill","spatial_plus_domain",2,87,"open,survey_public",87,0.428143091019142,0.355383922621766,15.299107122103,15.2451274206066,-7.74522322058821,1.0222692896722,0.5
"Malawi","women_folate","prev","infill","domain_index_cal",2,87,"open,survey_public",87,0.406304944923327,0.39472135511404,15.7299174792197,15.4835801813023,-10.0001882789491,1.03019751716897,0.454545454545455
"Malawi","women_folate","prev","infill","region_mean_jk",2,87,"open,survey_public",87,0.445256885171843,0.469424702756102,16.4273739547858,16.2050202907596,-2.53737320372585,1.07644928781393,0.5
"Malawi","women_folate","prev","infill","null_train_mean",3,87,"open,survey_public",87,-0.17290853856198,-0.218656573702763,17.4725370645772,16.9260933068434,0.0123882185068053,1.00720446307353,0.181818181818182
"Malawi","women_folate","prev","infill","spatial",3,87,"open,survey_public",87,0.499959500707638,0.3815349806648,15.3794670767486,15.1592195252904,-8.87510122280149,1.0179852270458,0.5
"Malawi","women_folate","prev","infill","domain_index",3,87,"open,survey_public",87,0.431568682563583,0.447173808979032,17.9954177301805,18.4438930363269,1.47172223277574,1.20600942259345,0.454545454545455
"Malawi","women_folate","prev","infill","domain_enet",3,87,"open,survey_public",87,0.319650510990701,0.298581703125609,16.6130757859862,16.1902036795323,-9.71533401813174,1.05878603856344,0.454545454545455
"Malawi","women_folate","prev","infill","raw_enet",3,87,"open,survey_public",87,0.445513074230902,0.519162852707374,14.544585629255,14.5142091819312,-8.7934949818686,0.947326095828224,0.5
"Malawi","women_folate","prev","infill","spatial_plus_domain",3,87,"open,survey_public",87,0.500387699650693,0.381709783108982,15.534043793857,15.3454337733517,-8.5249368662277,1.01751876403877,0.5
"Malawi","women_folate","prev","infill","domain_index_cal",3,87,"open,survey_public",87,0.410437995591077,0.436424107071173,15.8286395142139,15.5578141046545,-10.437775404156,1.02971809705801,0.5
"Malawi","women_folate","prev","infill","region_mean_jk",3,87,"open,survey_public",87,0.459589856400425,0.490740837199594,15.5560090042013,15.4244317369618,-3.38281905913744,0.986443168677436,0.5
"Malawi","women_folate","prev","infill","null_train_mean",4,87,"open,survey_public",87,-0.175568669924472,-0.243331414972519,17.5364045706373,17.0775446358258,0.0115673772317782,1.01024501796346,0.136363636363636
"Malawi","women_folate","prev","infill","spatial",4,87,"open,survey_public",87,0.303369642481929,0.160899753495813,17.1465301513057,17.16025868883,-8.19766324360828,1.12901467948266,0.272727272727273
"Malawi","women_folate","prev","infill","domain_index",4,87,"open,survey_public",87,0.383545240232676,0.410331967096822,17.8955123104233,18.0914913259924,0.0359161622869214,1.18292731969589,0.454545454545455
"Malawi","women_folate","prev","infill","domain_enet",4,87,"open,survey_public",87,0.199410386046268,0.212022831690931,16.7024240086614,16.7086528177504,-10.1955290431436,1.09747525385347,0.409090909090909
"Malawi","women_folate","prev","infill","raw_enet",4,87,"open,survey_public",87,0.306832468717071,0.346884211471307,15.9659232273086,15.7334079585488,-10.203362502956,1.0548002578821,0.363636363636364
"Malawi","women_folate","prev","infill","spatial_plus_domain",4,87,"open,survey_public",87,0.287414577516785,0.165923911969076,17.0413302494191,17.06664006903,-8.12828935806832,1.1312350821546,0.272727272727273
"Malawi","women_folate","prev","infill","domain_index_cal",4,87,"open,survey_public",87,0.352379804116398,0.35822516317461,15.8811640988784,15.6396911821462,-10.1563907885877,1.04652202692782,0.409090909090909
"Malawi","women_folate","prev","infill","region_mean_jk",4,87,"open,survey_public",87,0.334550082630116,0.333722836580434,17.2409502954273,17.3736320455453,-1.29731085550892,1.10574679289135,0.318181818181818
"Malawi","women_folate","prev","infill","null_train_mean",5,87,"open,survey_public",87,-0.125771960865537,-0.175947198717471,17.4575507212862,16.9594937208628,-0.0128273233042981,1.00270624898463,0.0909090909090909
"Malawi","women_folate","prev","infill","spatial",5,87,"open,survey_public",87,0.353943661125817,0.280878400928828,16.5415885963623,16.5325539498722,-7.19072718542979,1.06871386577572,0.409090909090909
"Malawi","women_folate","prev","infill","domain_index",5,87,"open,survey_public",87,0.398346029786106,0.407705578895725,17.391484660462,17.081549098269,0.283164805868769,1.18215805389849,0.454545454545455
"Malawi","women_folate","prev","infill","domain_enet",5,87,"open,survey_public",87,0.259507176836797,0.222441955842561,16.8291538839403,16.9079556433954,-9.64657552411964,1.08449926363892,0.454545454545455
"Malawi","women_folate","prev","infill","raw_enet",5,87,"open,survey_public",87,0.396735629413311,0.379666297834644,15.5494264722557,15.3787103627422,-8.0794422839948,1.00757106478326,0.5
"Malawi","women_folate","prev","infill","spatial_plus_domain",5,87,"open,survey_public",87,0.350397056836599,0.286402367855157,16.5411845361509,16.5591713063457,-7.41931043989014,1.06639074982752,0.409090909090909
"Malawi","women_folate","prev","infill","domain_index_cal",5,87,"open,survey_public",87,0.392137145111805,0.403255387627616,15.7377163947807,15.5176704330886,-9.95767997412223,1.02660879734757,0.409090909090909
"Malawi","women_folate","prev","infill","region_mean_jk",5,87,"open,survey_public",87,0.307041715219888,0.408904726657413,17.5625127317076,17.0163541296708,-1.10065670848136,1.06894892733257,0.454545454545455
"Malawi","women_folate","prev","infill","null_train_mean",6,87,"open,survey_public",87,-0.229854350657612,-0.152987163123405,17.4557441035447,16.9809537631452,-0.0103674423211007,1.00084650065109,0.181818181818182
"Malawi","women_folate","prev","infill","spatial",6,87,"open,survey_public",87,0.480048249855571,0.446730772294765,15.0129606069471,15.0142997295917,-7.93790729756218,0.97032494218497,0.545454545454545
"Malawi","women_folate","prev","infill","domain_index",6,87,"open,survey_public",87,0.41153641896674,0.458088770767052,17.438573502753,17.5459562383486,1.06306507655609,1.15816726986103,0.545454545454545
"Malawi","women_folate","prev","infill","domain_enet",6,87,"open,survey_public",87,0.365123377008628,0.399021819016802,16.2650969541746,16.0137764033338,-10.3560911754311,1.03813943292852,0.409090909090909
"Malawi","women_folate","prev","infill","raw_enet",6,87,"open,survey_public",87,0.446118137954785,0.486008858759699,14.8333724027382,14.5810012457911,-9.51485923501031,0.982040227853024,0.5
"Malawi","women_folate","prev","infill","spatial_plus_domain",6,87,"open,survey_public",87,0.475989668569222,0.467354761227114,14.869071548966,14.8395698320746,-7.64143918344857,0.955978992426254,0.545454545454545
"Malawi","women_folate","prev","infill","domain_index_cal",6,87,"open,survey_public",87,0.350043327274945,0.42840751641594,15.6380405508909,15.3187879151433,-9.84393231491106,1.01471677887616,0.409090909090909
"Malawi","women_folate","prev","infill","region_mean_jk",6,87,"open,survey_public",87,0.397221407709465,0.476210980339509,15.9015111948089,15.6887733403437,-2.86877347166123,0.996192090230547,0.5
"Malawi","women_folate","prev","infill","null_train_mean",7,87,"open,survey_public",87,-0.211238181354744,-0.210366372569244,17.5944043650473,17.0872781194189,-0.00983160722431799,1.00670808087886,0.0909090909090909
"Malawi","women_folate","prev","infill","spatial",7,87,"open,survey_public",87,0.454142213800732,0.379440234534469,15.6118256724802,15.3537879138144,-8.0862260155359,1.00587781932557,0.5
"Malawi","women_folate","prev","infill","domain_index",7,87,"open,survey_public",87,0.416386237430474,0.44795980501761,17.2548112478187,17.600439163195,0.255016407673469,1.14487458584715,0.454545454545455
"Malawi","women_folate","prev","infill","domain_enet",7,87,"open,survey_public",87,0.190700358939751,0.262447805393414,17.3580097727276,17.0849417396106,-11.0964319121067,1.09487950662585,0.454545454545455
"Malawi","women_folate","prev","infill","raw_enet",7,87,"open,survey_public",87,0.422055219089618,0.458881883964753,15.5511172913587,15.2096018636266,-10.3156825576568,1.01699051148204,0.363636363636364
"Malawi","women_folate","prev","infill","spatial_plus_domain",7,87,"open,survey_public",87,0.459690182715099,0.413890406959698,15.4897224364084,15.268055161264,-8.36703334745633,0.990949275013439,0.5
"Malawi","women_folate","prev","infill","domain_index_cal",7,87,"open,survey_public",87,0.380352365505112,0.423477609648643,15.5834189053139,15.3213185414408,-9.86624374832168,1.01686227790919,0.454545454545455
"Malawi","women_folate","prev","infill","region_mean_jk",7,87,"open,survey_public",87,0.348769456018359,0.428567249954022,16.8796585242065,16.667102027902,-1.93969382406968,1.03347948629206,0.454545454545455
"Malawi","women_folate","prev","infill","null_train_mean",8,87,"open,survey_public",87,-0.104030137211741,-0.129600181368198,17.344965067322,16.9373600811862,0.00520619339523708,0.998790297860792,0.181818181818182
"Malawi","women_folate","prev","infill","spatial",8,87,"open,survey_public",87,0.469603919114095,0.349396207905571,15.6224607569861,15.3871171678603,-8.56025209390282,1.02777542591437,0.454545454545455
"Malawi","women_folate","prev","infill","domain_index",8,87,"open,survey_public",87,0.427621805349335,0.426272748713232,17.507835420745,17.4148027226407,-0.285427037232703,1.17718745516223,0.5
"Malawi","women_folate","prev","infill","domain_enet",8,87,"open,survey_public",87,0.397228989065092,0.378349481519641,16.6308132750757,16.3522914924601,-11.0284320510805,1.06665508342016,0.409090909090909
"Malawi","women_folate","prev","infill","raw_enet",8,87,"open,survey_public",87,0.396838024812737,0.384114899202861,15.7283883213239,15.3988886281449,-8.20760991032548,1.02663631242719,0.5
"Malawi","women_folate","prev","infill","spatial_plus_domain",8,87,"open,survey_public",87,0.467770110597097,0.359750112114487,15.6051568526733,15.3833135522749,-8.2536473688477,1.02135058823145,0.409090909090909
"Malawi","women_folate","prev","infill","domain_index_cal",8,87,"open,survey_public",87,0.389940298360479,0.418327705373332,15.842201243881,15.715287300345,-10.3691685540877,1.03155568023013,0.5
"Malawi","women_folate","prev","infill","region_mean_jk",8,87,"open,survey_public",87,0.355566519716343,0.471160075578271,16.2636853649044,16.1077564599012,-4.55209446271378,1.0192284228608,0.5
"Malawi","women_folate","prev","infill","null_train_mean",9,87,"open,survey_public",87,-0.200398146052589,-0.216392989898323,17.4334824453701,17.0496884067489,0.000512536761113372,1.00684160301888,0
"Malawi","women_folate","prev","infill","spatial",9,87,"open,survey_public",87,0.466680995894109,0.374117706173722,15.5204947000132,15.3569487457781,-8.34363174085308,1.01636971339469,0.454545454545455
"Malawi","women_folate","prev","infill","domain_index",9,87,"open,survey_public",87,0.379039842657921,0.403660843773534,18.183915306193,18.3405559787206,0.748497675484656,1.20467772915314,0.454545454545455
"Malawi","women_folate","prev","infill","domain_enet",9,87,"open,survey_public",87,0.217841557942992,0.272505782279916,16.9728631817001,16.6587794001359,-10.7111343585291,1.08373812806304,0.318181818181818
"Malawi","women_folate","prev","infill","raw_enet",9,87,"open,survey_public",87,0.407394059626315,0.451836038198374,14.4864805242864,14.2497711498785,-8.62455653488396,0.980420769212191,0.5
"Malawi","women_folate","prev","infill","spatial_plus_domain",9,87,"open,survey_public",87,0.471232936832239,0.384462481309464,15.6450840598358,15.4668246527659,-8.29807202609078,1.01387217631731,0.409090909090909
"Malawi","women_folate","prev","infill","domain_index_cal",9,87,"open,survey_public",87,0.333743841420822,0.31804388423311,16.4176023335409,16.137049979736,-10.1475893227063,1.05938724317915,0.363636363636364
"Malawi","women_folate","prev","infill","region_mean_jk",9,87,"open,survey_public",87,0.423659424679861,0.478870350297461,15.7122592018484,15.8118590815477,-3.24425141687048,0.976969736257324,0.5
"Malawi","women_folate","prev","infill","null_train_mean",10,87,"open,survey_public",87,-0.19432259603004,-0.232537582339508,17.5199724517428,16.9905809324161,0.0331678237611276,1.00919288091007,0.181818181818182
"Malawi","women_folate","prev","infill","spatial",10,87,"open,survey_public",87,0.361055487049603,0.21609581866371,16.917194812666,16.6712589277018,-7.97299645329079,1.09562205892796,0.409090909090909
"Malawi","women_folate","prev","infill","domain_index",10,87,"open,survey_public",87,0.419774594284215,0.444022646346052,17.107983357966,17.0967992074765,0.162891339525815,1.14720329144689,0.5
"Malawi","women_folate","prev","infill","domain_enet",10,87,"open,survey_public",87,0.190846407185164,0.0828590475151726,18.1383767974039,18.0085275899908,-10.2489453767855,1.14773870726273,0.409090909090909
"Malawi","women_folate","prev","infill","raw_enet",10,87,"open,survey_public",87,0.35500484981078,0.403441645770121,16.3629577040636,16.3013565616517,-10.0795185643478,1.02905158982658,0.363636363636364
"Malawi","women_folate","prev","infill","spatial_plus_domain",10,87,"open,survey_public",87,0.350024709929595,0.187363678820292,17.5467737320582,17.3060957511704,-7.52141370880867,1.13158151497629,0.409090909090909
"Malawi","women_folate","prev","infill","domain_index_cal",10,87,"open,survey_public",87,0.326659941515061,0.277739512913862,16.86640160537,16.6926266148582,-10.4385019265065,1.07843792892292,0.363636363636364
"Malawi","women_folate","prev","infill","region_mean_jk",10,87,"open,survey_public",87,0.412918778219285,0.40745985467339,16.3345580007477,16.4563335058638,-4.45968196275372,1.03590174343259,0.363636363636364
"Malawi","women_folate","prev","region","null_train_mean",1,87,"open,survey_public",87,-0.684001286105595,-0.71072298272889,17.7043504676863,17.2237636196512,0.00701575870639344,1.01748415393272,0.0454545454545455
"Malawi","women_folate","prev","region","spatial",1,87,"open,survey_public",87,0.158219509458894,0.137967059988731,18.3614406811186,18.2280142510779,-7.0159808418641,1.15796741539331,0.272727272727273
"Malawi","women_folate","prev","region","domain_index",1,87,"open,survey_public",87,0.329219826500717,0.326881155979769,17.9622175483791,17.8440399698907,-2.89558620232287,1.17573691734647,0.363636363636364
"Malawi","women_folate","prev","region","domain_enet",1,87,"open,survey_public",87,0.159373784870608,0.157685606214888,17.3390937658653,17.1205072404556,-10.2888119617821,1.10756048618723,0.318181818181818
"Malawi","women_folate","prev","region","raw_enet",1,87,"open,survey_public",87,0.412616224997054,0.405130056769506,15.4685410922722,15.1963929210115,-10.3870172597735,1.03557422275985,0.409090909090909
"Malawi","women_folate","prev","region","spatial_plus_domain",1,87,"open,survey_public",87,0.172256987852964,0.158797566047982,18.0939251936953,17.9175061884395,-7.09970148545449,1.13971873003389,0.272727272727273
"Malawi","women_folate","prev","region","domain_index_cal",1,87,"open,survey_public",87,0.277677705898617,0.299920205935609,16.6907364370787,16.3031111412308,-10.9634749879998,1.08236447441484,0.318181818181818
"Malawi","women_folate","level","infill","null_train_mean",1,87,"open,survey_public",87,-0.342771403509601,-0.359226735340158,0.389031104912939,0.378033123452036,0.00048577954431577,1.02908419295756,0.0454545454545455
"Malawi","women_folate","level","infill","spatial",1,87,"open,survey_public",87,0.491142378071007,0.495012350719463,0.30850608609715,0.305886897074029,0.0141576515680721,0.8645068647093,0.454545454545455
"Malawi","women_folate","level","infill","domain_index",1,87,"open,survey_public",87,0.387110884304148,0.406653910130045,0.349682596210891,0.34385098786306,0.00108476142499888,1.01062629716959,0.454545454545455
"Malawi","women_folate","level","infill","domain_enet",1,87,"open,survey_public",87,0.205402055843114,0.184238583508227,0.357594199978053,0.344449089366495,-0.00902258152924383,1.01322693281819,0.318181818181818
"Malawi","women_folate","level","infill","raw_enet",1,87,"open,survey_public",87,0.44747393744988,0.418189377318903,0.319478826324836,0.309532939841886,-0.0118212158485295,0.90388796052252,0.363636363636364
"Malawi","women_folate","level","infill","spatial_plus_domain",1,87,"open,survey_public",87,0.485055041189764,0.483156056521228,0.311531460652582,0.306471026968195,0.00897826200213366,0.870727821301693,0.454545454545455
"Malawi","women_folate","level","infill","domain_index_cal",1,87,"open,survey_public",87,0.356072756433622,0.338544190424601,0.337891507854351,0.330296092270704,0.00139099982689262,0.935728999695759,0.363636363636364
"Malawi","women_folate","level","infill","region_mean_jk",1,87,"open,survey_public",87,0.414910686146894,0.386306671191305,0.358219680646617,0.346541548212895,-0.00332177401811118,1.00734758160285,0.590909090909091
"Malawi","women_folate","level","infill","null_train_mean",2,87,"open,survey_public",87,-0.23349005793267,-0.227004704067465,0.384789486183243,0.370468449484195,0.000222047418035062,1.00837040956864,0
"Malawi","women_folate","level","infill","spatial",2,87,"open,survey_public",87,0.494368302106875,0.495971354789432,0.299388094432922,0.290992576063439,0.0123164636347119,0.864409685841745,0.5
"Malawi","women_folate","level","infill","domain_index",2,87,"open,survey_public",87,0.413155208864912,0.436468055972055,0.351173927174544,0.341848449641412,-0.0105545310145175,1.02187214150912,0.409090909090909
"Malawi","women_folate","level","infill","domain_enet",2,87,"open,survey_public",87,0.383939636946854,0.350979883036735,0.333803096525692,0.318980885701544,0.0114274103444665,0.938503616281866,0.5
"Malawi","women_folate","level","infill","raw_enet",2,87,"open,survey_public",87,0.538856892906612,0.529419953419174,0.299479766284519,0.288354543559043,0.00213622360727935,0.843784502195837,0.636363636363636
"Malawi","women_folate","level","infill","spatial_plus_domain",2,87,"open,survey_public",87,0.493529926368739,0.497213954121806,0.299940254695065,0.289511549207957,0.0135715132613191,0.865331492904131,0.454545454545455
"Malawi","women_folate","level","infill","domain_index_cal",2,87,"open,survey_public",87,0.394018371364001,0.39274218944883,0.325228708638756,0.313570595102215,-0.000868707531781913,0.914360520237537,0.363636363636364
"Malawi","women_folate","level","infill","region_mean_jk",2,87,"open,survey_public",87,0.438369526433209,0.405686455640865,0.3562051581802,0.339442301303911,-0.0115583609926394,1.0350343066381,0.545454545454545
"Malawi","women_folate","level","infill","null_train_mean",3,87,"open,survey_public",87,-0.127835922974887,-0.136811418606943,0.380060366487239,0.36687347885413,-6.36192482141937e-06,0.999298652325373,0.227272727272727
"Malawi","women_folate","level","infill","spatial",3,87,"open,survey_public",87,0.513304658453014,0.512825852550411,0.302554246140734,0.296382015421062,-0.00277710132574745,0.853971631158803,0.545454545454545
"Malawi","women_folate","level","infill","domain_index",3,87,"open,survey_public",87,0.402748414376321,0.406656777669639,0.374164882777096,0.376167293814883,-0.0167498806806829,1.07608523087187,0.409090909090909
"Malawi","women_folate","level","infill","domain_enet",3,87,"open,survey_public",87,0.331559378872931,0.332021956850606,0.353574248478953,0.343039068901279,0.0258286462917637,0.968495761707139,0.318181818181818
"Malawi","women_folate","level","infill","raw_enet",3,87,"open,survey_public",87,0.433239775461107,0.428466588495282,0.328112185726798,0.319965107002199,0.0082370234767285,0.921409403093219,0.545454545454545
"Malawi","women_folate","level","infill","spatial_plus_domain",3,87,"open,survey_public",87,0.513377560691113,0.515886717557411,0.301734588366225,0.295395676324437,-0.00216691446317404,0.852040990112295,0.545454545454545
"Malawi","women_folate","level","infill","domain_index_cal",3,87,"open,survey_public",87,0.395330611649778,0.398095734165259,0.325308723592547,0.317062099889946,-0.0077547793162463,0.912228688317223,0.409090909090909
"Malawi","women_folate","level","infill","region_mean_jk",3,87,"open,survey_public",87,0.382532935592738,0.381550034573783,0.350835500667922,0.338829373274403,0.0048240385642367,1.00500803408807,0.454545454545455
"Malawi","women_folate","level","infill","null_train_mean",4,87,"open,survey_public",87,-0.23307153363046,-0.243371857694881,0.384493425714217,0.371968539969588,0.00045507658725441,1.01037603279072,0.272727272727273
"Malawi","women_folate","level","infill","spatial",4,87,"open,survey_public",87,0.425803747175038,0.455536501286847,0.311320954976375,0.307433624795024,-0.00174632764107265,0.888842607061798,0.409090909090909
"Malawi","women_folate","level","infill","domain_index",4,87,"open,survey_public",87,0.423233943282059,0.430714624921407,0.358741961407842,0.354162249994879,-0.0284318252023175,1.03224947089595,0.454545454545455
"Malawi","women_folate","level","infill","domain_enet",4,87,"open,survey_public",87,0.314609608514981,0.281467011924316,0.355491539890491,0.349107849954297,0.0111651197372649,0.982541172897997,0.272727272727273
"Malawi","women_folate","level","infill","raw_enet",4,87,"open,survey_public",87,0.459101844426624,0.434428163151863,0.317788339014434,0.304948375210983,-0.00180413823978542,0.895790794068399,0.454545454545455
"Malawi","women_folate","level","infill","spatial_plus_domain",4,87,"open,survey_public",87,0.421356710651017,0.449975737143298,0.31297705869667,0.308830402529756,-0.00535660035705567,0.892260488896604,0.363636363636364
"Malawi","women_folate","level","infill","domain_index_cal",4,87,"open,survey_public",87,0.392013559816286,0.395776638379225,0.326841985714305,0.31840421220054,-0.0118888201978564,0.913463098297045,0.454545454545455
"Malawi","women_folate","level","infill","region_mean_jk",4,87,"open,survey_public",87,0.30004603245585,0.311256605923058,0.371486504807297,0.362785240963674,0.0460270944954713,1.06787344248193,0.363636363636364
"Malawi","women_folate","level","infill","null_train_mean",5,87,"open,survey_public",87,-0.1912935077299,-0.203364250450572,0.382308445134758,0.369070472173883,-0.000397164859047942,1.00552378283512,0.136363636363636
"Malawi","women_folate","level","infill","spatial",5,87,"open,survey_public",87,0.492691550630604,0.494859180796173,0.306242735410166,0.301039095936556,-0.0013431541081183,0.864921994540531,0.636363636363636
"Malawi","women_folate","level","infill","domain_index",5,87,"open,survey_public",87,0.412553765400598,0.419908238032478,0.35399042615578,0.349803250229165,-0.0052745907496791,1.03596899384393,0.454545454545455
"Malawi","women_folate","level","infill","domain_enet",5,87,"open,survey_public",87,0.301760589050084,0.296149008470504,0.342308062495217,0.333165715437428,0.00882551347538834,0.964693231576038,0.272727272727273
"Malawi","women_folate","level","infill","raw_enet",5,87,"open,survey_public",87,0.433549609973026,0.436477543595534,0.320258805164996,0.308407761314111,0.0062307433761931,0.896036145190912,0.545454545454545
"Malawi","women_folate","level","infill","spatial_plus_domain",5,87,"open,survey_public",87,0.488062258511336,0.492139282587081,0.307401162900643,0.30212156001696,-0.0023203099671688,0.866414204141502,0.636363636363636
"Malawi","women_folate","level","infill","domain_index_cal",5,87,"open,survey_public",87,0.401782459721513,0.401129403266753,0.324096621113899,0.314629372304431,0.00179441476451269,0.910755257477438,0.454545454545455
"Malawi","women_folate","level","infill","region_mean_jk",5,87,"open,survey_public",87,0.273522742604963,0.257295628015061,0.399200830894998,0.387057824656539,0.0245957181401403,1.16701870940958,0.454545454545455
"Malawi","women_folate","level","infill","null_train_mean",6,87,"open,survey_public",87,-0.107969969430008,-0.121963751009833,0.37917959865595,0.365581237688989,-0.000157965267129293,0.998336220221167,0.181818181818182
"Malawi","women_folate","level","infill","spatial",6,87,"open,survey_public",87,0.542009914704381,0.513990544880787,0.300583348239688,0.297221018755207,0.00671541373376406,0.853384540277493,0.590909090909091
"Malawi","women_folate","level","infill","domain_index",6,87,"open,survey_public",87,0.426897280746519,0.442945008353526,0.353835093252506,0.348722067594443,-0.000286976719322048,1.02678113863399,0.454545454545455
"Malawi","women_folate","level","infill","domain_enet",6,87,"open,survey_public",87,0.413866005686374,0.3842211774183,0.329469085011795,0.319968882456523,0.00536251640175752,0.918273240397586,0.409090909090909
"Malawi","women_folate","level","infill","raw_enet",6,87,"open,survey_public",87,0.461143107093388,0.430607200876004,0.33308428957871,0.319880951588373,0.0362881894098535,0.936337765337326,0.5
"Malawi","women_folate","level","infill","spatial_plus_domain",6,87,"open,survey_public",87,0.543631989502078,0.516851332082907,0.300031063453865,0.296546110787513,0.00608054795766946,0.851532671826095,0.590909090909091
"Malawi","women_folate","level","infill","domain_index_cal",6,87,"open,survey_public",87,0.380002916089524,0.397020384069054,0.323734368775015,0.313390769508582,0.000117525651543834,0.912557341083621,0.409090909090909
"Malawi","women_folate","level","infill","region_mean_jk",6,87,"open,survey_public",87,0.442683255585231,0.432581121304274,0.333999073623243,0.329024729003508,0.0234144045842268,0.956410235430213,0.545454545454545
"Malawi","women_folate","level","infill","null_train_mean",7,87,"open,survey_public",87,-0.165047383711339,-0.193789120057705,0.383957951312321,0.370837282235573,-0.000205288732225248,1.00499392113905,0.181818181818182
"Malawi","women_folate","level","infill","spatial",7,87,"open,survey_public",87,0.517059123715098,0.505819578128388,0.300360909272697,0.292460134105618,0.00103817414723585,0.857675995769904,0.636363636363636
"Malawi","women_folate","level","infill","domain_index",7,87,"open,survey_public",87,0.394856747102136,0.411212719691138,0.357925620773367,0.354840347342857,-0.00943028534091218,1.04339347706286,0.5
"Malawi","women_folate","level","infill","domain_enet",7,87,"open,survey_public",87,0.302489611431071,0.246935937556525,0.347520397772715,0.336230921608696,-0.000297125315958529,0.970340313371347,0.363636363636364
"Malawi","women_folate","level","infill","raw_enet",7,87,"open,survey_public",87,0.502569803892979,0.471612595849855,0.30812209522307,0.298489836598604,0.00523744683304473,0.881128273442655,0.636363636363636
"Malawi","women_folate","level","infill","spatial_plus_domain",7,87,"open,survey_public",87,0.52002988991762,0.506933177762068,0.299962836011887,0.292127796746446,0.0011098605268273,0.857021399813174,0.636363636363636
"Malawi","women_folate","level","infill","domain_index_cal",7,87,"open,survey_public",87,0.364565867172122,0.371553722869177,0.326787103976068,0.318494310038534,-0.00373621376081884,0.923253260751376,0.409090909090909
"Malawi","women_folate","level","infill","region_mean_jk",7,87,"open,survey_public",87,0.293239525122793,0.283770706819401,0.386280643643815,0.374624122834406,0.0247378896788144,1.08432774716724,0.545454545454545
"Malawi","women_folate","level","infill","null_train_mean",8,87,"open,survey_public",87,-0.137806101907523,-0.143784011953913,0.378323391070304,0.366213279451591,0.000320236319730057,0.999995375554364,0.181818181818182
"Malawi","women_folate","level","infill","spatial",8,87,"open,survey_public",87,0.446234599402202,0.466081815925073,0.309480227266532,0.304430689423552,-0.00288724385021268,0.882466382089475,0.5
"Malawi","women_folate","level","infill","domain_index",8,87,"open,survey_public",87,0.425639717139316,0.432036265115478,0.361365208986827,0.356609066920195,-0.0155697597301041,1.03915754263845,0.454545454545455
"Malawi","women_folate","level","infill","domain_enet",8,87,"open,survey_public",87,0.34238536123059,0.336858900148172,0.334655112701945,0.328682120180213,-0.016042158510623,0.944232046305349,0.363636363636364
"Malawi","women_folate","level","infill","raw_enet",8,87,"open,survey_public",87,0.394401108114019,0.387927038264025,0.342082913215726,0.329077606028417,-0.0266315854026368,0.956365184572187,0.5
"Malawi","women_folate","level","infill","spatial_plus_domain",8,87,"open,survey_public",87,0.444448494568783,0.465601921029066,0.309426029155283,0.304069813217123,-0.00137773107399246,0.88297808932224,0.5
"Malawi","women_folate","level","infill","domain_index_cal",8,87,"open,survey_public",87,0.401326820733396,0.407052044678511,0.323614815285759,0.316245014545568,-0.00557193266816371,0.908232284267028,0.454545454545455
"Malawi","women_folate","level","infill","region_mean_jk",8,87,"open,survey_public",87,0.312932053961211,0.341801554037427,0.361800046026555,0.364215965393334,-0.024968399422848,1.03234756953524,0.545454545454545
"Malawi","women_folate","level","infill","null_train_mean",9,87,"open,survey_public",87,-0.226886674497808,-0.229812714641495,0.382545620612846,0.370515315628825,2.58016694716521e-05,1.0085516622534,0.136363636363636
"Malawi","women_folate","level","infill","spatial",9,87,"open,survey_public",87,0.461234234891011,0.475565512233869,0.309020608102078,0.302422520743683,-0.0035682385892552,0.877318741417029,0.5
"Malawi","women_folate","level","infill","domain_index",9,87,"open,survey_public",87,0.404716774804986,0.401858072350666,0.365643967398392,0.366751667554687,0.00952875617420862,1.04999314307911,0.409090909090909
"Malawi","women_folate","level","infill","domain_enet",9,87,"open,survey_public",87,0.339086534956623,0.281696830865205,0.348608122585684,0.339300081016194,0.00331807750552416,0.956191487314132,0.363636363636364
"Malawi","women_folate","level","infill","raw_enet",9,87,"open,survey_public",87,0.487406138368448,0.472071592505521,0.304481082368504,0.291120871055331,0.00954127768218894,0.880446747922941,0.590909090909091
"Malawi","women_folate","level","infill","spatial_plus_domain",9,87,"open,survey_public",87,0.464077422176861,0.474860389217617,0.310018491398872,0.303039832795563,-0.00336054126216782,0.877778565131753,0.545454545454545
"Malawi","women_folate","level","infill","domain_index_cal",9,87,"open,survey_public",87,0.368320332434206,0.334842059282448,0.334664430470305,0.325488897596026,0.00342583673243628,0.938573936217699,0.363636363636364
"Malawi","women_folate","level","infill","region_mean_jk",9,87,"open,survey_public",87,0.414297825606842,0.418064708915173,0.337298536989668,0.321594755460284,-0.00613055203239188,0.976505290246506,0.545454545454545
"Malawi","women_folate","level","infill","null_train_mean",10,87,"open,survey_public",87,-0.217493129048217,-0.239276333131141,0.3853050317801,0.372689428551074,0.000488020195667754,1.00994782537704,0.227272727272727
"Malawi","women_folate","level","infill","spatial",10,87,"open,survey_public",87,0.423179266603485,0.444134499594917,0.313380880378588,0.306053905372391,0.00330748158680631,0.895469606499323,0.545454545454545
"Malawi","women_folate","level","infill","domain_index",10,87,"open,survey_public",87,0.422195086389152,0.441811846482219,0.351245773375346,0.345023676051594,-0.0094913416971928,1.02707850021187,0.409090909090909
"Malawi","women_folate","level","infill","domain_enet",10,87,"open,survey_public",87,0.315994751038857,0.232288679436198,0.357567057467441,0.344549557433027,0.00152223039128011,0.988176399260432,0.318181818181818
"Malawi","women_folate","level","infill","raw_enet",10,87,"open,survey_public",87,0.430287234818109,0.424804126272147,0.307060953451277,0.289992725848836,-0.0113589990540804,0.909658613148327,0.590909090909091
"Malawi","women_folate","level","infill","spatial_plus_domain",10,87,"open,survey_public",87,0.418313042210396,0.402558413805921,0.319871920164488,0.313023545697879,0.00853513442648553,0.925002634322921,0.545454545454545
"Malawi","women_folate","level","infill","domain_index_cal",10,87,"open,survey_public",87,0.381734344244368,0.380297806214319,0.32574245014648,0.315909021238104,-0.00168267900088874,0.919573172907691,0.5
"Malawi","women_folate","level","infill","region_mean_jk",10,87,"open,survey_public",87,0.340665603720089,0.322108425412597,0.365513281086228,0.349836244375249,-0.0191031837770728,1.05928253441183,0.5
"Malawi","women_folate","level","region","null_train_mean",1,87,"open,survey_public",87,-0.683763402290563,-0.687415218338552,0.385471140746127,0.372053616718683,0.000137638050161526,1.01676592229553,0
"Malawi","women_folate","level","region","spatial",1,87,"open,survey_public",87,0.381315156375301,0.404395601111833,0.326221780603347,0.318811429370952,0.00655970379327988,0.911897103379442,0.318181818181818
"Malawi","women_folate","level","region","domain_index",1,87,"open,survey_public",87,0.343041481373478,0.371090159168403,0.365242927524216,0.361235551471824,-0.0306521358925153,1.026533525358,0.318181818181818
"Malawi","women_folate","level","region","domain_enet",1,87,"open,survey_public",87,0.138933440256616,0.103706733379695,0.373114653955813,0.359556208345916,-0.0145543314186385,1.05144903449004,0.272727272727273
"Malawi","women_folate","level","region","raw_enet",1,87,"open,survey_public",87,0.407760443245608,0.355692096014344,0.335312434180792,0.324249335109467,0.000636050706758127,0.936827694972599,0.454545454545455
"Malawi","women_folate","level","region","spatial_plus_domain",1,87,"open,survey_public",87,0.378362615732303,0.406189464389854,0.325864787563063,0.318546115361681,0.0116502757727141,0.91243633263222,0.318181818181818
"Malawi","women_folate","level","region","domain_index_cal",1,87,"open,survey_public",87,0.302380258073923,0.320254125485924,0.341462430666502,0.33069523138778,-0.0153497467051947,0.94278627015006,0.318181818181818
"Malawi","women_b12","prev","infill","null_train_mean",1,87,"open,survey_public",87,-0.285438716018013,-0.278456319744311,11.5164077177337,10.8975521638916,0.00413913763481962,1.01502997927237,0.0909090909090909
"Malawi","women_b12","prev","infill","spatial",1,87,"open,survey_public",87,0.458232910195111,0.29601050048777,9.43604908433992,8.82833726537007,-4.80042315770025,1.03992385248651,0.454545454545455
"Malawi","women_b12","prev","infill","domain_index",1,87,"open,survey_public",87,0.553365911419798,0.365431225269648,11.2125605936826,10.5517986684395,0.38152812810604,1.18365522355532,0.5
"Malawi","women_b12","prev","infill","domain_enet",1,87,"open,survey_public",87,0.51121036408405,0.385136196404868,8.99292425674285,8.2874851701855,-5.03496675163804,0.982385922105379,0.409090909090909
"Malawi","women_b12","prev","infill","raw_enet",1,87,"open,survey_public",87,0.475118154462502,0.329818766888345,9.30148064924752,8.68358784698811,-5.86605043740429,1.02370398712316,0.454545454545455
"Malawi","women_b12","prev","infill","spatial_plus_domain",1,87,"open,survey_public",87,0.485220519356572,0.310991937535694,9.44353967277374,8.6595724058236,-3.97818183594083,1.03598144561025,0.5
"Malawi","women_b12","prev","infill","domain_index_cal",1,87,"open,survey_public",87,0.542352127090841,0.388851666819486,8.83186868695019,8.23624566406375,-5.58385809060981,0.995208533058224,0.5
"Malawi","women_b12","prev","infill","region_mean_jk",1,87,"open,survey_public",87,0.500713048239432,0.356324905053595,9.75137721460323,9.31987742351916,-1.28854404275156,1.03518056826281,0.454545454545455
"Malawi","women_b12","prev","infill","null_train_mean",2,87,"open,survey_public",87,-0.179738805570371,-0.213640088620864,11.3532099749542,10.7209330792513,0.0130514426965159,1.00667635514916,0.136363636363636
"Malawi","women_b12","prev","infill","spatial",2,87,"open,survey_public",87,0.495840954245209,0.299297433546568,9.52996898884206,8.90985592848887,-4.78732931024453,1.04737281044725,0.363636363636364
"Malawi","women_b12","prev","infill","domain_index",2,87,"open,survey_public",87,0.604367024218349,0.398754050241514,10.8597570708057,10.2472331237203,0.264478348066944,1.1568980157824,0.5
"Malawi","women_b12","prev","infill","domain_enet",2,87,"open,survey_public",87,0.562854267431417,0.429096621020848,8.34747633194203,7.83993587654536,-4.63833781240506,0.956608228673207,0.545454545454545
"Malawi","women_b12","prev","infill","raw_enet",2,87,"open,survey_public",87,0.456985704652633,0.290875254861815,9.03857473353974,8.46550902595712,-4.35156633258509,1.01400717056754,0.363636363636364
"Malawi","women_b12","prev","infill","spatial_plus_domain",2,87,"open,survey_public",87,0.523471353955485,0.367864757414745,8.950742372269,8.34677367569579,-4.41315974474338,0.996529454713996,0.454545454545455
"Malawi","women_b12","prev","infill","domain_index_cal",2,87,"open,survey_public",87,0.597612926511393,0.410816607391896,8.59273082928697,8.02701346646612,-5.22302132871415,0.97662847141895,0.5
"Malawi","women_b12","prev","infill","region_mean_jk",2,87,"open,survey_public",87,0.431672906052402,0.314450839024398,9.14844408522852,8.65855745212438,-2.77098830984455,1.01253834843196,0.454545454545455
"Malawi","women_b12","prev","infill","null_train_mean",3,87,"open,survey_public",87,-0.0994724770947291,-0.165441155615844,11.2950060073844,10.689461727902,-0.011802934554534,1.00173681451865,0.227272727272727
"Malawi","women_b12","prev","infill","spatial",3,87,"open,survey_public",87,0.526042516150747,0.316908545083292,9.31102651070344,8.72208179621954,-4.95993816103777,1.02512275457596,0.409090909090909
"Malawi","women_b12","prev","infill","domain_index",3,87,"open,survey_public",87,0.549250133129621,0.380960120094373,11.5596281113211,10.8549762127748,1.08107444082009,1.18343122188097,0.454545454545455
"Malawi","women_b12","prev","infill","domain_enet",3,87,"open,survey_public",87,0.494315525927871,0.35225905711828,9.07867864016032,8.47870225554652,-4.64381691688347,0.988853334940398,0.363636363636364
"Malawi","women_b12","prev","infill","raw_enet",3,87,"open,survey_public",87,0.55414301641165,0.411348802364462,8.81426006797179,8.22829733435318,-5.26123827274377,0.977928646150752,0.454545454545455
"Malawi","women_b12","prev","infill","spatial_plus_domain",3,87,"open,survey_public",87,0.501846728626679,0.326581695356222,9.21871419425609,8.57442698342162,-4.7730465276835,1.01319212875661,0.363636363636364
"Malawi","women_b12","prev","infill","domain_index_cal",3,87,"open,survey_public",87,0.538850357683115,0.38477381799493,8.78903351252408,8.20931074576997,-5.0042099254656,0.981664852991008,0.5
"Malawi","women_b12","prev","infill","region_mean_jk",3,87,"open,survey_public",87,0.575524376841928,0.446829000830107,8.87508954135962,8.55634223136782,-1.96280893934621,0.95148527823124,0.5
"Malawi","women_b12","prev","infill","null_train_mean",4,87,"open,survey_public",87,-0.282050835609038,-0.301454818464246,11.4157055736876,10.7773764993274,-0.014611288192584,1.01882143929534,0.181818181818182
"Malawi","women_b12","prev","infill","spatial",4,87,"open,survey_public",87,0.470935218950808,0.283288321996085,9.69825448425676,9.11144457857587,-4.75047809956147,1.04803865167555,0.454545454545455
"Malawi","women_b12","prev","infill","domain_index",4,87,"open,survey_public",87,0.574875410083145,0.350415619802764,12.0640410259468,11.2365579016509,1.35293638208319,1.26312021272153,0.545454545454545
"Malawi","women_b12","prev","infill","domain_enet",4,87,"open,survey_public",87,0.527510381135356,0.325429930948176,9.24963755894608,8.56542441321412,-4.670251968489,1.01693816194125,0.5
"Malawi","women_b12","prev","infill","raw_enet",4,87,"open,survey_public",87,0.47630779667225,0.300911117345777,8.83876977664502,8.27569607066369,-5.1020042933042,1.02266946552949,0.409090909090909
"Malawi","women_b12","prev","infill","spatial_plus_domain",4,87,"open,survey_public",87,0.492914818164781,0.303884578461504,9.32340173173904,8.69748454463651,-4.4461441705379,1.03111215790816,0.409090909090909
"Malawi","women_b12","prev","infill","domain_index_cal",4,87,"open,survey_public",87,0.548185211474121,0.36625223754911,8.81960662312888,8.23405532746273,-5.07837414440705,0.991878363007518,0.5
"Malawi","women_b12","prev","infill","region_mean_jk",4,87,"open,survey_public",87,0.434770482554543,0.353936079775281,10.1437374757291,9.53724149274836,-0.629274221502693,1.03856758426671,0.363636363636364
"Malawi","women_b12","prev","infill","null_train_mean",5,87,"open,survey_public",87,-0.220080040498049,-0.26023343117824,11.4323169032383,10.835184311583,0.0305627607116648,1.01326119681482,0.0909090909090909
"Malawi","women_b12","prev","infill","spatial",5,87,"open,survey_public",87,0.476144700562849,0.289086430397791,9.45651440518128,8.8189374598101,-5.28317930245161,1.04731309431809,0.454545454545455
"Malawi","women_b12","prev","infill","domain_index",5,87,"open,survey_public",87,0.542544004866606,0.365218253379659,11.4084659354069,10.9810297816444,-0.028635794841485,1.17305946553631,0.545454545454545
"Malawi","women_b12","prev","infill","domain_enet",5,87,"open,survey_public",87,0.473832573364871,0.36657908083612,9.14657160781849,8.53777443055654,-4.77711420255412,0.985449345882551,0.454545454545455
"Malawi","women_b12","prev","infill","raw_enet",5,87,"open,survey_public",87,0.433576616009205,0.167443829204527,9.8478249519709,8.99573721525905,-5.20421714362321,1.10047594193147,0.363636363636364
"Malawi","women_b12","prev","infill","spatial_plus_domain",5,87,"open,survey_public",87,0.485575493241739,0.294826556131151,9.31002918367965,8.63526576741964,-5.24943357604085,1.03577266896708,0.454545454545455
"Malawi","women_b12","prev","infill","domain_index_cal",5,87,"open,survey_public",87,0.527001905029576,0.39568988187486,8.80121651596893,8.2831031002827,-5.65956996080755,0.99449030062332,0.545454545454545
"Malawi","women_b12","prev","infill","region_mean_jk",5,87,"open,survey_public",87,0.434682203420399,0.220277230195109,10.1425484992819,9.72671133234499,-2.25778595035762,1.10065852058224,0.454545454545455
"Malawi","women_b12","prev","infill","null_train_mean",6,87,"open,survey_public",87,-0.144273768456766,-0.251180013121409,11.3625590245297,10.7334713787311,0.0207859777098747,1.01159163226474,0.136363636363636
"Malawi","women_b12","prev","infill","spatial",6,87,"open,survey_public",87,0.526148048927418,0.308607467618389,9.36768424587036,8.75170931427693,-4.82052697481016,1.04220886383955,0.454545454545455
"Malawi","women_b12","prev","infill","domain_index",6,87,"open,survey_public",87,0.545230293727328,0.357508178765145,11.4088652017353,10.7650472782888,0.657580264165349,1.20304782554165,0.454545454545455
"Malawi","women_b12","prev","infill","domain_enet",6,87,"open,survey_public",87,0.538303506022182,0.360577748813834,8.97783966480246,8.36446324405638,-4.84173531982891,0.991757843559913,0.409090909090909
"Malawi","women_b12","prev","infill","raw_enet",6,87,"open,survey_public",87,0.508715952999095,0.332506734813447,8.87507810816444,8.35683646092431,-5.00216462680345,1.01079686545028,0.454545454545455
"Malawi","women_b12","prev","infill","spatial_plus_domain",6,87,"open,survey_public",87,0.523883891173382,0.317983468557635,9.35584719761829,8.69163043040139,-4.5199452961319,1.02596302351789,0.454545454545455
"Malawi","women_b12","prev","infill","domain_index_cal",6,87,"open,survey_public",87,0.540538882109854,0.392454145548314,8.73084312365952,8.13056148603846,-5.23462725857457,0.984358047467032,0.454545454545455
"Malawi","women_b12","prev","infill","region_mean_jk",6,87,"open,survey_public",87,0.449418612330603,0.355971527291128,9.13413723182711,8.58563617798381,-3.20519803870644,0.982178601340267,0.454545454545455
"Malawi","women_b12","prev","infill","null_train_mean",7,87,"open,survey_public",87,-0.154104496579919,-0.177754353052449,11.3423999284089,10.7240350751281,0.014780771942731,1.00317576562446,0.136363636363636
"Malawi","women_b12","prev","infill","spatial",7,87,"open,survey_public",87,0.500503584196318,0.308367453972973,9.52559086593238,8.99954279686874,-4.78443468830255,1.03384708851901,0.454545454545455
"Malawi","women_b12","prev","infill","domain_index",7,87,"open,survey_public",87,0.595156890981591,0.394466069950969,10.5170252363915,9.95286308522014,-0.261106839729558,1.12678605368002,0.5
"Malawi","women_b12","prev","infill","domain_enet",7,87,"open,survey_public",87,0.537142645478799,0.405568649775056,9.07541742252258,8.47411230295119,-5.44616609512208,0.984538322838948,0.545454545454545
"Malawi","women_b12","prev","infill","raw_enet",7,87,"open,survey_public",87,0.579106315038781,0.426448852465021,8.73813484537662,8.35906136970541,-5.44569813608713,0.976784346287044,0.545454545454545
"Malawi","women_b12","prev","infill","spatial_plus_domain",7,87,"open,survey_public",87,0.518319435676173,0.380075288207745,9.04175944154739,8.48425286387396,-5.00149442590778,0.990040815189742,0.363636363636364
"Malawi","women_b12","prev","infill","domain_index_cal",7,87,"open,survey_public",87,0.57102826067904,0.401991286693133,8.82441118661724,8.26069334382102,-5.59715484219736,0.990019804813172,0.5
"Malawi","women_b12","prev","infill","region_mean_jk",7,87,"open,survey_public",87,0.555614227037573,0.448719339224992,8.84506900639931,8.47207797786453,-2.70382516048816,0.951265986442256,0.454545454545455
"Malawi","women_b12","prev","infill","null_train_mean",8,87,"open,survey_public",87,-0.111550368668343,-0.143729942474248,11.3120204929151,10.6868175504026,0.00169794230038027,0.999822968411751,0.227272727272727
"Malawi","women_b12","prev","infill","spatial",8,87,"open,survey_public",87,0.504437078599517,0.300755198012908,9.43824520470941,8.76210703081341,-4.90889713296112,1.04003813381872,0.454545454545455
"Malawi","women_b12","prev","infill","domain_index",8,87,"open,survey_public",87,0.56547339907062,0.380089897732447,10.8940829446787,10.3467311432528,0.374378598636443,1.16417526985854,0.5
"Malawi","women_b12","prev","infill","domain_enet",8,87,"open,survey_public",87,0.514568225159952,0.394620844395765,8.8435605803291,8.28101674210307,-4.82453190122873,0.975122476049939,0.454545454545455
"Malawi","women_b12","prev","infill","raw_enet",8,87,"open,survey_public",87,0.535166304388411,0.390281895493714,8.92023686731195,8.42474969022561,-4.95997778156868,0.978852339747481,0.454545454545455
"Malawi","women_b12","prev","infill","spatial_plus_domain",8,87,"open,survey_public",87,0.537430462142448,0.403738469640542,8.74648883053281,8.1416078245911,-4.17799305009974,0.967849349152994,0.5
"Malawi","women_b12","prev","infill","domain_index_cal",8,87,"open,survey_public",87,0.555505348619587,0.392312377869017,8.7260439731339,8.18890859557725,-5.16978410902422,0.982979709633863,0.5
"Malawi","women_b12","prev","infill","region_mean_jk",8,87,"open,survey_public",87,0.521751225190156,0.464556948761927,8.99086092495026,8.60125385468746,-1.88605342358507,0.943029365801728,0.590909090909091
"Malawi","women_b12","prev","infill","null_train_mean",9,87,"open,survey_public",87,-0.0690549901280221,-0.1498220672354,11.2778181701253,10.6412670652251,-0.00777743124182744,1.00052428306657,0.227272727272727
"Malawi","women_b12","prev","infill","spatial",9,87,"open,survey_public",87,0.466128680667874,0.323647776618324,9.33083231053373,8.72840767373308,-4.85722494609971,1.02484564189038,0.454545454545455
"Malawi","women_b12","prev","infill","domain_index",9,87,"open,survey_public",87,0.554133422522861,0.389352203132155,11.2576772532751,10.7290591276364,0.474168882572251,1.17379603506389,0.5
"Malawi","women_b12","prev","infill","domain_enet",9,87,"open,survey_public",87,0.546688564823148,0.457932921051416,8.32741230764052,7.83744516171113,-4.37470327195534,0.93543585438747,0.5
"Malawi","women_b12","prev","infill","raw_enet",9,87,"open,survey_public",87,0.492233652060812,0.396735041620565,9.09684235835103,8.56279422150552,-5.68698400696919,0.99553639509803,0.5
"Malawi","women_b12","prev","infill","spatial_plus_domain",9,87,"open,survey_public",87,0.502748554172778,0.409147734480687,8.94935896977464,8.33398244918739,-4.35117193558623,0.969432608420904,0.454545454545455
"Malawi","women_b12","prev","infill","domain_index_cal",9,87,"open,survey_public",87,0.526301551148031,0.413836217511553,8.69260918454683,8.1186704444186,-5.38214072619226,0.97932479669007,0.454545454545455
"Malawi","women_b12","prev","infill","region_mean_jk",9,87,"open,survey_public",87,0.53485335114674,0.519657726149654,8.65509441274841,8.28752419629581,-1.8625931656624,0.884787436039233,0.545454545454545
"Malawi","women_b12","prev","infill","null_train_mean",10,87,"open,survey_public",87,-0.246429133505423,-0.259100683723384,11.4011771674222,10.8162127317378,-0.0233986626338961,1.01278189549596,0.136363636363636
"Malawi","women_b12","prev","infill","spatial",10,87,"open,survey_public",87,0.458213722417535,0.287024982021641,9.46584511562416,8.94041149149214,-5.01336139302396,1.05009833400065,0.409090909090909
"Malawi","women_b12","prev","infill","domain_index",10,87,"open,survey_public",87,0.602246774796137,0.369386906843129,11.2184932818544,10.6609172433011,0.265597658316652,1.17537987931745,0.454545454545455
"Malawi","women_b12","prev","infill","domain_enet",10,87,"open,survey_public",87,0.532585548304361,0.344507103659969,9.04104653180418,8.53971163587133,-4.76927158587352,0.998632165726261,0.363636363636364
"Malawi","women_b12","prev","infill","raw_enet",10,87,"open,survey_public",87,0.499553789206278,0.288186347700801,9.3174642347838,8.82353585245243,-5.37915676389564,1.03544398734621,0.363636363636364
"Malawi","women_b12","prev","infill","spatial_plus_domain",10,87,"open,survey_public",87,0.499985514201751,0.364961832073814,8.97239059410488,8.42620980363266,-4.30841743399711,0.996888106917242,0.409090909090909
"Malawi","women_b12","prev","infill","domain_index_cal",10,87,"open,survey_public",87,0.572371405109401,0.381982691725528,8.7652879879949,8.26001995888026,-5.22199671635097,0.988895443287511,0.454545454545455
"Malawi","women_b12","prev","infill","region_mean_jk",10,87,"open,survey_public",87,0.557945204093424,0.400174218582958,8.39519162225492,8.00621720895835,-3.39763082406965,0.959267651611387,0.545454545454545
"Malawi","women_b12","prev","region","null_train_mean",1,87,"open,survey_public",87,-0.718602524385658,-0.678531379218951,11.5057991159278,10.8878017182731,-0.0252297019798199,1.01654487678609,0
"Malawi","women_b12","prev","region","spatial",1,87,"open,survey_public",87,0.432837886572507,0.260276366449098,10.0501813747617,9.46856347891404,-4.57821431378629,1.08582396302014,0.454545454545455
"Malawi","women_b12","prev","region","domain_index",1,87,"open,survey_public",87,0.539435584899201,0.355185137791044,10.8263726520998,10.2675267135378,-0.556712846783529,1.14945636003664,0.545454545454545
"Malawi","women_b12","prev","region","domain_enet",1,87,"open,survey_public",87,0.553308348087068,0.43455468383687,8.70860101702919,8.13264737685792,-5.41218253613552,0.972508099774801,0.454545454545455
"Malawi","women_b12","prev","region","raw_enet",1,87,"open,survey_public",87,0.492387154281425,0.319935123879926,9.2269754693476,8.82115738721465,-6.248042309972,1.0372663127424,0.454545454545455
"Malawi","women_b12","prev","region","spatial_plus_domain",1,87,"open,survey_public",87,0.486697978229969,0.303729470755619,9.71836865133236,9.07002394336445,-3.90839332515268,1.04424422223468,0.454545454545455
"Malawi","women_b12","prev","region","domain_index_cal",1,87,"open,survey_public",87,0.515767461258488,0.365959353646868,8.96865917441399,8.46588669320407,-5.53541083903532,1.00204565207966,0.545454545454545
"Malawi","women_b12","level","infill","null_train_mean",1,87,"open,survey_public",87,-0.340167252295853,-0.292432066849329,0.368525688663779,0.348534469619216,-0.000248289038021558,1.01747333629129,0.0454545454545455
"Malawi","women_b12","level","infill","spatial",1,87,"open,survey_public",87,0.654206459138295,0.698216026812637,0.248718931392617,0.235979972119781,0.00311347783429236,0.712032835081814,0.318181818181818
"Malawi","women_b12","level","infill","domain_index",1,87,"open,survey_public",87,0.709557483414741,0.663456491927518,0.285807873279457,0.264263039353232,0.0183194374054039,0.786936705098438,0.5
"Malawi","women_b12","level","infill","domain_enet",1,87,"open,survey_public",87,0.668859808996136,0.701388120679708,0.240863812047951,0.220141681783883,0.00771237440854624,0.709249151671342,0.454545454545455
"Malawi","women_b12","level","infill","raw_enet",1,87,"open,survey_public",87,0.722041991689145,0.729336283779623,0.225139940344754,0.208088327528833,0.0110289438409538,0.689235982129839,0.454545454545455
"Malawi","women_b12","level","infill","spatial_plus_domain",1,87,"open,survey_public",87,0.653240504483487,0.696773026680529,0.249073626005609,0.237316979804527,0.00290080209993388,0.713746658712319,0.318181818181818
"Malawi","women_b12","level","infill","domain_index_cal",1,87,"open,survey_public",87,0.696125246045054,0.652114529538107,0.252024753444387,0.235157861794111,0.0146656214093869,0.757411025145249,0.5
"Malawi","women_b12","level","infill","region_mean_jk",1,87,"open,survey_public",87,0.527825379290596,0.573630253805797,0.278695352385371,0.274350725067169,0.0198740122077949,0.877701885205888,0.136363636363636
"Malawi","women_b12","level","infill","null_train_mean",2,87,"open,survey_public",87,-0.115419702009338,-0.214049281496903,0.363250585202178,0.34439297688128,0.000490921118551966,1.00735449037795,0.272727272727273
"Malawi","women_b12","level","infill","spatial",2,87,"open,survey_public",87,0.606090981993147,0.612486173439991,0.272748182827592,0.257049823171861,-0.0133521340232479,0.803213478518565,0.363636363636364
"Malawi","women_b12","level","infill","domain_index",2,87,"open,survey_public",87,0.692881096449661,0.647518368082305,0.293626169044882,0.274610838645234,0.00816763745305257,0.815546163198801,0.5
"Malawi","women_b12","level","infill","domain_enet",2,87,"open,survey_public",87,0.686429248377925,0.675581236107384,0.24830262977388,0.230990066246189,-0.00782475802929911,0.733409017591186,0.454545454545455
"Malawi","women_b12","level","infill","raw_enet",2,87,"open,survey_public",87,0.683622512211125,0.658581971728726,0.240639260727385,0.226777221201925,-0.00682894510178315,0.749949905168199,0.454545454545455
"Malawi","women_b12","level","infill","spatial_plus_domain",2,87,"open,survey_public",87,0.605872275278851,0.61492817556328,0.271887751424912,0.255941984489725,-0.0139120680719868,0.801058468746022,0.363636363636364
"Malawi","women_b12","level","infill","domain_index_cal",2,87,"open,survey_public",87,0.684861850258803,0.643193747312864,0.249334833188873,0.23219284940577,0.00594371518565226,0.761636464107093,0.5
"Malawi","women_b12","level","infill","region_mean_jk",2,87,"open,survey_public",87,0.503224046279748,0.532781905150779,0.28394836439995,0.274197328003748,-0.0154706010314117,0.905138116445983,0.227272727272727
"Malawi","women_b12","level","infill","null_train_mean",3,87,"open,survey_public",87,-0.21539120699712,-0.198602132657627,0.364445874795149,0.345925614193925,-0.000401600679955731,1.00500789020525,0.227272727272727
"Malawi","women_b12","level","infill","spatial",3,87,"open,survey_public",87,0.655391120507399,0.664563280790809,0.257705529860413,0.245463101922543,0.00903784954565843,0.748385030314336,0.363636363636364
"Malawi","women_b12","level","infill","domain_index",3,87,"open,survey_public",87,0.697510388568929,0.656211360685619,0.293076014749638,0.2728923759945,0.0155059345624335,0.803653281040782,0.545454545454545
"Malawi","women_b12","level","infill","domain_enet",3,87,"open,survey_public",87,0.634869140482613,0.650389101310557,0.261279958603833,0.239904078105801,-0.0121098125388794,0.756234166140894,0.5
"Malawi","women_b12","level","infill","raw_enet",3,87,"open,survey_public",87,0.74041335569002,0.735285837329588,0.21970045290805,0.203612384530245,-0.00540751582456844,0.683957670379638,0.5
"Malawi","women_b12","level","infill","spatial_plus_domain",3,87,"open,survey_public",87,0.658143179995626,0.670494847677087,0.256184268884642,0.242883306761036,-0.000156634572414793,0.745791430201361,0.363636363636364
"Malawi","women_b12","level","infill","domain_index_cal",3,87,"open,survey_public",87,0.673853612305898,0.637785176089485,0.253549756852454,0.238719219247659,0.0131177809011667,0.766568619043406,0.545454545454545
"Malawi","women_b12","level","infill","region_mean_jk",3,87,"open,survey_public",87,0.651219170098506,0.64027073947981,0.247780932022343,0.239233664619039,-0.00170010335604415,0.789312408742323,0.363636363636364
"Malawi","women_b12","level","infill","null_train_mean",4,87,"open,survey_public",87,-0.235684985384258,-0.261632923949323,0.366268975543382,0.347120696040243,-0.000230722364643964,1.01267064911781,0.227272727272727
"Malawi","women_b12","level","infill","spatial",4,87,"open,survey_public",87,0.620088211708099,0.639545491274095,0.269571748675063,0.252762702338187,0.0273703544679085,0.767687140255017,0.318181818181818
"Malawi","women_b12","level","infill","domain_index",4,87,"open,survey_public",87,0.679849821389517,0.619761686222971,0.301653419268418,0.284300134343976,0.0489746752252288,0.841661832363863,0.5
"Malawi","women_b12","level","infill","domain_enet",4,87,"open,survey_public",87,0.699606327914267,0.671975058266148,0.245204587902361,0.221448482972218,-0.00717032741241702,0.738728933963302,0.454545454545455
"Malawi","women_b12","level","infill","raw_enet",4,87,"open,survey_public",87,0.701447109426259,0.709536140622298,0.225788539770102,0.205007437445294,0.0314737716288605,0.705620521419969,0.409090909090909
"Malawi","women_b12","level","infill","spatial_plus_domain",4,87,"open,survey_public",87,0.620088211708099,0.639545491274095,0.269571748675066,0.252762702338189,0.0273703544679121,0.767687140255018,0.318181818181818
"Malawi","women_b12","level","infill","domain_index_cal",4,87,"open,survey_public",87,0.657122548662244,0.599725121450718,0.266670415952087,0.252363025210226,0.0326717503132469,0.799057162609322,0.545454545454545
"Malawi","women_b12","level","infill","region_mean_jk",4,87,"open,survey_public",87,0.583759060957847,0.647302487781843,0.26142496453249,0.249629449894578,0.0178651741705724,0.807059983197348,0.363636363636364
"Malawi","women_b12","level","infill","null_train_mean",5,87,"open,survey_public",87,-0.292213667802691,-0.250807994846474,0.366714510556552,0.347252085404599,0.000940225767400863,1.01195118109996,0.0909090909090909
"Malawi","women_b12","level","infill","spatial",5,87,"open,survey_public",87,0.598290442516585,0.64293217172634,0.259281160153741,0.241762040077914,-0.0189966591730317,0.768721106538112,0.318181818181818
"Malawi","women_b12","level","infill","domain_index",5,87,"open,survey_public",87,0.694995261354523,0.644526543748104,0.300473816024859,0.282825040381189,0.00401402096371748,0.815452380296859,0.454545454545455
"Malawi","women_b12","level","infill","domain_enet",5,87,"open,survey_public",87,0.686265218342203,0.696393750023016,0.243622797525153,0.225608271808999,-0.00966186684889674,0.714070555273523,0.409090909090909
"Malawi","women_b12","level","infill","raw_enet",5,87,"open,survey_public",87,0.752588029452504,0.746753348119481,0.212354855150556,0.196161048687412,-0.00153020000677215,0.671021171427264,0.454545454545455
"Malawi","women_b12","level","infill","spatial_plus_domain",5,87,"open,survey_public",87,0.600750893052417,0.644911899135758,0.258445441724861,0.240865851292025,-0.0199524576516475,0.767220026121654,0.318181818181818
"Malawi","women_b12","level","infill","domain_index_cal",5,87,"open,survey_public",87,0.677535175329882,0.642971171836955,0.255847178739257,0.239519094049682,0.00546450992103459,0.763548232934825,0.454545454545455
"Malawi","women_b12","level","infill","region_mean_jk",5,87,"open,survey_public",87,0.491363841883801,0.529375893844033,0.300608225348923,0.302560871544816,-0.0227946977727613,0.925924206726826,0.363636363636364
"Malawi","women_b12","level","infill","null_train_mean",6,87,"open,survey_public",87,-0.167344617103467,-0.238476493540603,0.362328567197093,0.342872927914665,0.000628287694450336,1.01001362900368,0.272727272727273
"Malawi","women_b12","level","infill","spatial",6,87,"open,survey_public",87,0.634176569220675,0.619561804584994,0.263842590955897,0.245003698415074,0.00810047000347234,0.782148189470592,0.363636363636364
"Malawi","women_b12","level","infill","domain_index",6,87,"open,survey_public",87,0.676860829627469,0.619878209001969,0.302361727312808,0.284670076400068,0.012256957818829,0.839375226622561,0.545454545454545
"Malawi","women_b12","level","infill","domain_enet",6,87,"open,survey_public",87,0.653112925566815,0.630164452798237,0.265523024161768,0.241077078552725,-0.0148016160484217,0.776266065452333,0.454545454545455
"Malawi","women_b12","level","infill","raw_enet",6,87,"open,survey_public",87,0.727363855070351,0.693342055598165,0.231230945774859,0.211531134363134,0.00454462782970553,0.71891447584173,0.5
"Malawi","women_b12","level","infill","spatial_plus_domain",6,87,"open,survey_public",87,0.634176569220675,0.619561804584996,0.263842590955896,0.245003698415074,0.00810047000346897,0.782148189470591,0.363636363636364
"Malawi","women_b12","level","infill","domain_index_cal",6,87,"open,survey_public",87,0.661806517460086,0.602136052160739,0.261306267115855,0.245874927372124,0.00808164516663536,0.793998993086879,0.545454545454545
"Malawi","women_b12","level","infill","region_mean_jk",6,87,"open,survey_public",87,0.576690487319002,0.580125489990669,0.265126289184088,0.258133988082997,-0.0156363366256972,0.84946951294045,0.318181818181818
"Malawi","women_b12","level","infill","null_train_mean",7,87,"open,survey_public",87,-0.128784578059896,-0.173412387072991,0.36396599662085,0.344635492478035,0.000561617906283341,1.00281918954132,0.272727272727273
"Malawi","women_b12","level","infill","spatial",7,87,"open,survey_public",87,0.633903185827805,0.666945527962768,0.25753564420404,0.246847267574116,-0.00694971703714892,0.74265963632177,0.363636363636364
"Malawi","women_b12","level","infill","domain_index",7,87,"open,survey_public",87,0.696453306116498,0.655591096532436,0.284852844905339,0.26811440861524,-0.00134014455606278,0.799381882489926,0.545454545454545
"Malawi","women_b12","level","infill","domain_enet",7,87,"open,survey_public",87,0.678738062258511,0.680344877257352,0.248330849247568,0.234882711077434,0.000149077705831757,0.730385593917681,0.363636363636364
"Malawi","women_b12","level","infill","raw_enet",7,87,"open,survey_public",87,0.713056790843479,0.73240417219705,0.218879491363063,0.20389635593164,-0.00688384297032306,0.680195835019898,0.409090909090909
"Malawi","women_b12","level","infill","spatial_plus_domain",7,87,"open,survey_public",87,0.635525260625501,0.66764949601033,0.257250277448421,0.246472646885301,-0.00638062595359375,0.742103661438693,0.363636363636364
"Malawi","women_b12","level","infill","domain_index_cal",7,87,"open,survey_public",87,0.684588466865933,0.641897344193002,0.255545235397706,0.239896992840051,-0.00138006826284064,0.76341380897118,0.545454545454545
"Malawi","women_b12","level","infill","region_mean_jk",7,87,"open,survey_public",87,0.579352206988312,0.615551912128905,0.265848983141944,0.258402411157418,-0.0185025354966229,0.819477044136901,0.227272727272727
"Malawi","women_b12","level","infill","null_train_mean",8,87,"open,survey_public",87,-0.0958420652059813,-0.108494518005001,0.360948424384447,0.342095824088894,0.000213666649974777,0.997474905253281,0.136363636363636
"Malawi","women_b12","level","infill","spatial",8,87,"open,survey_public",87,0.657487059852737,0.688081762340317,0.249567380449046,0.232998507837399,0.000660562510192474,0.722230506026764,0.318181818181818
"Malawi","women_b12","level","infill","domain_index",8,87,"open,survey_public",87,0.694138660056864,0.649515221108928,0.284194017503195,0.26525843848464,0.0180285446179136,0.805236907974809,0.5
"Malawi","women_b12","level","infill","domain_enet",8,87,"open,survey_public",87,0.703816432164467,0.729152920089024,0.237002874798205,0.218083937184559,0.00500044469676429,0.680790266525447,0.454545454545455
"Malawi","women_b12","level","infill","raw_enet",8,87,"open,survey_public",87,0.756214915797915,0.773577382219538,0.213321969974692,0.19809567676504,0.000712470595484568,0.639613530047352,0.5
"Malawi","women_b12","level","infill","spatial_plus_domain",8,87,"open,survey_public",87,0.66073120944813,0.696537061777812,0.246247523468498,0.229913318323576,0.00269563196224598,0.714344168542939,0.318181818181818
"Malawi","women_b12","level","infill","domain_index_cal",8,87,"open,survey_public",87,0.692279652985347,0.643940745508415,0.24989651970322,0.232215380133805,0.00963845758811343,0.762472557546846,0.5
"Malawi","women_b12","level","infill","region_mean_jk",8,87,"open,survey_public",87,0.604510432408935,0.639971984903093,0.253766839756209,0.247549751001102,0.0192997142273747,0.781166721343868,0.318181818181818
"Malawi","women_b12","level","infill","null_train_mean",9,87,"open,survey_public",87,-0.207708960916563,-0.255536396730451,0.364841111434097,0.343925188813969,-0.000266114231296289,1.01207670288424,0.227272727272727
"Malawi","women_b12","level","infill","spatial",9,87,"open,survey_public",87,0.643088867828242,0.633680186664678,0.26757364532716,0.250112749030887,0.0209023318542858,0.778912581675421,0.363636363636364
"Malawi","women_b12","level","infill","domain_index",9,87,"open,survey_public",87,0.702722898592987,0.645468340769228,0.296221196818843,0.277808420001849,0.00681370819030182,0.812524599032462,0.545454545454545
"Malawi","women_b12","level","infill","domain_enet",9,87,"open,survey_public",87,0.690147262520959,0.6571898459595,0.257402644393702,0.236177553599161,-0.0131978667884849,0.754869280120036,0.363636363636364
"Malawi","women_b12","level","infill","raw_enet",9,87,"open,survey_public",87,0.766257199096012,0.728149311216224,0.222264624699094,0.203688402186685,0.00548868330688061,0.689179383900922,0.590909090909091
"Malawi","women_b12","level","infill","spatial_plus_domain",9,87,"open,survey_public",87,0.643088867828242,0.633680186664678,0.267573645327161,0.250112749030888,0.0209023318542853,0.778912581675421,0.363636363636364
"Malawi","women_b12","level","infill","domain_index_cal",9,87,"open,survey_public",87,0.68672085733032,0.622921611547562,0.257605081438619,0.238679550673786,0.00783462289204445,0.778374512774436,0.545454545454545
"Malawi","women_b12","level","infill","region_mean_jk",9,87,"open,survey_public",87,0.6600165918567,0.663588268557275,0.24220673966914,0.231054895772766,0.00397613548957898,0.761633280635775,0.318181818181818
"Malawi","women_b12","level","infill","null_train_mean",10,87,"open,survey_public",87,-0.200380135357872,-0.176355920209244,0.364558399070165,0.346807307111595,-0.000484231080913656,1.0028545254261,0.136363636363636
"Malawi","women_b12","level","infill","spatial",10,87,"open,survey_public",87,0.633793832470657,0.657054566532667,0.262775549603181,0.250094675936772,-0.0096427076233386,0.755217165650785,0.318181818181818
"Malawi","women_b12","level","infill","domain_index",10,87,"open,survey_public",87,0.714824670117372,0.6743294475332,0.284531577157938,0.264944321384707,0.00804254609954421,0.785578685629412,0.545454545454545
"Malawi","women_b12","level","infill","domain_enet",10,87,"open,survey_public",87,0.679157250127579,0.712107013402829,0.243070297279148,0.222234918867772,-0.0164697781809065,0.699199027906944,0.409090909090909
"Malawi","women_b12","level","infill","raw_enet",10,87,"open,survey_public",87,0.726944667201283,0.735024622021878,0.221614495911602,0.20429689519975,-0.00783358842715427,0.675998536672915,0.5
"Malawi","women_b12","level","infill","spatial_plus_domain",10,87,"open,survey_public",87,0.635616388423125,0.657789819467348,0.262498858214365,0.24979516559955,-0.00998513100262285,0.754631224651902,0.318181818181818
"Malawi","women_b12","level","infill","domain_index_cal",10,87,"open,survey_public",87,0.710213603557629,0.673946462140908,0.241692562959096,0.225110335177746,0.00486978490693866,0.736410584756004,0.545454545454545
"Malawi","women_b12","level","infill","region_mean_jk",10,87,"open,survey_public",87,0.599486884003761,0.617030881211972,0.26139749477981,0.256657874911647,-0.0175966589093313,0.809298932481441,0.272727272727273
"Malawi","women_b12","level","region","null_train_mean",1,87,"open,survey_public",87,-0.761650569188354,-0.784035899029995,0.371272802630376,0.351428971737331,0.000375275531049985,1.02689717210638,0.0454545454545455
"Malawi","women_b12","level","region","spatial",1,87,"open,survey_public",87,0.602300065612014,0.642556740209818,0.268684838274855,0.25040215188429,0.0320791949419366,0.76615164134172,0.409090909090909
"Malawi","women_b12","level","region","domain_index",1,87,"open,survey_public",87,0.646679303054604,0.581419977860235,0.302506460666901,0.290815196092569,0.0368265221427948,0.843546799802162,0.545454545454545
"Malawi","women_b12","level","region","domain_enet",1,87,"open,survey_public",87,0.703451920973974,0.687401231545663,0.239201738062854,0.216604140108516,0.00692397192052103,0.724202198409328,0.5
"Malawi","women_b12","level","region","raw_enet",1,87,"open,survey_public",87,0.752642706131078,0.725595577491764,0.223112268225015,0.209890089751392,0.0116103708620727,0.698841789548178,0.545454545454545
"Malawi","women_b12","level","region","spatial_plus_domain",1,87,"open,survey_public",87,0.602300065612014,0.642539793718159,0.268693822358598,0.250410045405371,0.0320745179162917,0.766165830248543,0.409090909090909
"Malawi","women_b12","level","region","domain_index_cal",1,87,"open,survey_public",87,0.618484362469928,0.55384829902072,0.275666202574575,0.261897878782121,0.0279805544958703,0.830776479278288,0.545454545454545
"Malawi","child_zinc","prev","infill","null_train_mean",1,87,"open,survey_public",87,-0.287538020152817,-0.281097703182919,20.3217321362094,19.6753899302833,-0.00470181296003709,1.01584852988154,0.136363636363636
"Malawi","child_zinc","prev","infill","spatial",1,87,"open,survey_public",87,0.0951356539328064,0.0552266125731549,21.22552937004,20.1705081354267,-0.457729644310945,1.07762246343397,0.227272727272727
"Malawi","child_zinc","prev","infill","domain_index",1,87,"open,survey_public",87,-0.0209123409469009,-0.0262142145288565,29.2998490499173,29.0041381241659,-1.55698147396843,1.53842412923224,0.227272727272727
"Malawi","child_zinc","prev","infill","domain_enet",1,87,"open,survey_public",87,-0.285295772527616,-0.277495994504407,20.4394750972266,19.8206375727121,1.44410530123695,1.02921222118908,0.136363636363636
"Malawi","child_zinc","prev","infill","raw_enet",1,87,"open,survey_public",87,-0.340093212711312,-0.255871789911647,22.7026966844731,22.1763925793108,-0.835124482906551,1.13672798853356,0.136363636363636
"Malawi","child_zinc","prev","infill","spatial_plus_domain",1,87,"open,survey_public",87,0.0951356539328064,0.0552266125736882,21.2255293700247,20.1705081354086,-0.457729644258317,1.07762246343361,0.227272727272727
"Malawi","child_zinc","prev","infill","domain_index_cal",1,87,"open,survey_public",87,-0.273975368272956,-0.260939751560785,21.1104678705289,20.4876368472291,1.31351114400181,1.05967342631786,0.0909090909090909
"Malawi","child_zinc","prev","infill","region_mean_jk",1,87,"open,survey_public",87,0.0676012051195171,0.123169227315047,25.1996353759484,24.7871538424591,-0.598267112290839,1.22882597469258,0.181818181818182
"Malawi","child_zinc","prev","infill","null_train_mean",2,87,"open,survey_public",87,-0.143862049396956,-0.147113426729376,20.0715597719277,19.3817750650513,0.0217819416816975,1.00024261549783,0.272727272727273
"Malawi","child_zinc","prev","infill","spatial",2,87,"open,survey_public",87,0.000601662817129669,-0.00103746440544686,21.9005115470882,20.3897848793114,1.66816069602174,1.10396547731786,0.227272727272727
"Malawi","child_zinc","prev","infill","domain_index",2,87,"open,survey_public",87,-0.0135191811788379,-0.0216212190022828,29.252057820805,28.1171259214866,0.471717044682588,1.56458833489865,0.272727272727273
"Malawi","child_zinc","prev","infill","domain_enet",2,87,"open,survey_public",87,-0.168943701537216,-0.171365436769718,22.0724588267092,21.0641464633878,0.890189684798856,1.11096781168272,0.136363636363636
"Malawi","child_zinc","prev","infill","raw_enet",2,87,"open,survey_public",87,-0.0959933189751396,-0.119274984754668,19.9791543656602,19.2490687398526,1.50310055311998,1.00491462121321,0.272727272727273
"Malawi","child_zinc","prev","infill","spatial_plus_domain",2,87,"open,survey_public",87,0.000601662817129669,-0.0010374644073894,21.9005115470973,20.3897848793244,1.66816069589143,1.10396547731821,0.227272727272727
"Malawi","child_zinc","prev","infill","domain_index_cal",2,87,"open,survey_public",87,-0.0787540163209577,-0.140924615908471,20.3167800284361,19.4464874907132,1.55443867571612,1.01769016451901,0.318181818181818
"Malawi","child_zinc","prev","infill","region_mean_jk",2,87,"open,survey_public",87,0.00948191398221516,0.0484475644602508,24.6669029389799,23.6721840730965,2.15023711299429,1.2642879724162,0.318181818181818
"Malawi","child_zinc","prev","infill","null_train_mean",3,87,"open,survey_public",87,-0.198457522694375,-0.185018438268073,20.1202516489004,19.512337922465,0.003303637361964,1.00395570234874,0.272727272727273
"Malawi","child_zinc","prev","infill","spatial",3,87,"open,survey_public",87,-0.00089337812240466,-0.0427054423056232,20.7195544043986,20.0681022190976,1.82390969226464,1.04389286442524,0.363636363636364
"Malawi","child_zinc","prev","infill","domain_index",3,87,"open,survey_public",87,0.0347597018441731,0.0232647566176114,27.7339470592361,28.0035609056868,-0.0358928896478793,1.48998152328364,0.318181818181818
"Malawi","child_zinc","prev","infill","domain_enet",3,87,"open,survey_public",87,-0.198457522694375,-0.182915155488278,20.001586105928,19.4203637911322,1.477176015162,1.00779972091934,0.272727272727273
"Malawi","child_zinc","prev","infill","raw_enet",3,87,"open,survey_public",87,-0.17023277024113,-0.178213414724951,20.0090911636601,19.3522876528001,1.64437082577815,1.00914719558968,0.318181818181818
"Malawi","child_zinc","prev","infill","spatial_plus_domain",3,87,"open,survey_public",87,-0.00089337812240466,-0.0427054423056244,20.7195544043986,20.0681022190976,1.8239096922646,1.04389286442524,0.363636363636364
"Malawi","child_zinc","prev","infill","domain_index_cal",3,87,"open,survey_public",87,-0.1647917991705,-0.141203607629961,20.0375810697391,19.4151156553727,1.67681362691223,1.01485712251964,0.227272727272727
"Malawi","child_zinc","prev","infill","region_mean_jk",3,87,"open,survey_public",87,0.101121396614575,0.122183969439926,24.3212063736775,23.8299189475007,-1.5073827328721,1.23024018961977,0.181818181818182
"Malawi","child_zinc","prev","infill","null_train_mean",4,87,"open,survey_public",87,-0.104943701611833,-0.0990066798027402,19.9736461602334,19.2937703743624,0.0111812961368411,0.996929867088611,0.227272727272727
"Malawi","child_zinc","prev","infill","spatial",4,87,"open,survey_public",87,-0.0630469703525574,0.0077646190068193,21.6394289386431,20.8020738305827,2.80038309660018,1.07454539199839,0.318181818181818
"Malawi","child_zinc","prev","infill","domain_index",4,87,"open,survey_public",87,-0.0237930295864915,-0.0446730534185319,30.2940976327104,28.9187629339022,-0.814096213349285,1.58125474268181,0.272727272727273
"Malawi","child_zinc","prev","infill","domain_enet",4,87,"open,survey_public",87,-0.0181473194728384,-0.064619067104261,19.8440822772739,19.1529830746115,1.48525875603715,0.998457690707693,0.318181818181818
"Malawi","child_zinc","prev","infill","raw_enet",4,87,"open,survey_public",87,-0.103459508373175,-0.105227764573748,19.9814519691997,19.2551199486876,1.59461239494276,1.0037565519994,0.181818181818182
"Malawi","child_zinc","prev","infill","spatial_plus_domain",4,87,"open,survey_public",87,-0.0630469703525574,0.00776461900575523,21.6394289386474,20.8020738305762,2.80038309672265,1.07454539199941,0.318181818181818
"Malawi","child_zinc","prev","infill","domain_index_cal",4,87,"open,survey_public",87,-0.0275032836254577,-0.120740078266983,20.2029588758534,19.4272388788464,1.42838688302728,1.01785977484366,0.272727272727273
"Malawi","child_zinc","prev","infill","region_mean_jk",4,87,"open,survey_public",87,-0.0360934961535226,0.013499415538903,25.7627648744895,25.76152484354,-1.19007986549602,1.2927491453221,0.181818181818182
"Malawi","child_zinc","prev","infill","null_train_mean",5,87,"open,survey_public",87,-0.362443977125809,-0.384020540045958,20.8405506526813,20.0303111958695,-0.0467135624987191,1.03520169958635,0.136363636363636
"Malawi","child_zinc","prev","infill","spatial",5,87,"open,survey_public",87,-0.159914683910434,-0.0940044325338447,22.6600505516546,21.4932992757391,1.21693612919674,1.12433603279008,0.227272727272727
"Malawi","child_zinc","prev","infill","domain_index",5,87,"open,survey_public",87,0.0931848078287799,0.0899165847516721,27.4013910313253,26.6528032634126,-1.05891119345506,1.46255439177273,0.318181818181818
"Malawi","child_zinc","prev","infill","domain_enet",5,87,"open,survey_public",87,-0.375738354994666,-0.394872821864585,21.6089812392115,20.6792981258462,1.58455689870928,1.07559252533725,0.136363636363636
"Malawi","child_zinc","prev","infill","raw_enet",5,87,"open,survey_public",87,-0.412866394512898,-0.354971685675956,22.2471864466788,21.4036908486273,1.91914392472297,1.10017334844309,0.0909090909090909
"Malawi","child_zinc","prev","infill","spatial_plus_domain",5,87,"open,survey_public",87,-0.159914683910434,-0.0940044325339638,22.6600505516524,21.4932992757377,1.21693612921279,1.12433603279016,0.227272727272727
"Malawi","child_zinc","prev","infill","domain_index_cal",5,87,"open,survey_public",87,-0.349657257785236,-0.394394869137549,21.7571297787776,20.8310242257349,1.75852247827205,1.08225476036531,0.0909090909090909
"Malawi","child_zinc","prev","infill","region_mean_jk",5,87,"open,survey_public",87,0.134080404262289,0.18405439838825,23.9563999646487,23.340620329663,-0.194632229735385,1.19646094593994,0.272727272727273
"Malawi","child_zinc","prev","infill","null_train_mean",6,87,"open,survey_public",87,-0.247726494890435,-0.256652447920259,20.2481037833577,19.531116783988,-0.0186702927514554,1.01204309534856,0.227272727272727
"Malawi","child_zinc","prev","infill","spatial",6,87,"open,survey_public",87,-0.220418261445125,-0.199305400170774,23.3726034603994,22.134469352963,1.38884041036339,1.15610138538845,0.181818181818182
"Malawi","child_zinc","prev","infill","domain_index",6,87,"open,survey_public",87,-0.0623814948123989,-0.0727238043193478,30.3869040352215,29.3717050997121,0.0363629470554937,1.60209735946786,0.318181818181818
"Malawi","child_zinc","prev","infill","domain_enet",6,87,"open,survey_public",87,-0.230644475637869,-0.247794117712585,20.1638963282458,19.4164671014501,1.42885625878099,1.02227465655238,0.227272727272727
"Malawi","child_zinc","prev","infill","raw_enet",6,87,"open,survey_public",87,-0.15510590963027,-0.155230629863406,20.2765667314887,19.4670724635121,1.14393594017976,1.02932400285933,0.181818181818182
"Malawi","child_zinc","prev","infill","spatial_plus_domain",6,87,"open,survey_public",87,-0.220418261445125,-0.199305400171187,23.3726034604086,22.1344693529736,1.38884041042009,1.15610138538907,0.181818181818182
"Malawi","child_zinc","prev","infill","domain_index_cal",6,87,"open,survey_public",87,-0.19624235552046,-0.192877073298352,20.2828852177342,19.4620515890865,1.41300869993745,1.03075136252914,0.181818181818182
"Malawi","child_zinc","prev","infill","region_mean_jk",6,87,"open,survey_public",87,0.0668368748037271,0.060527275288233,24.6524302668501,23.7859989062175,-0.308940294081979,1.24738965690699,0.181818181818182
"Malawi","child_zinc","prev","infill","null_train_mean",7,87,"open,survey_public",87,-0.243614156922225,-0.285264569733209,20.3054182363625,19.5970916001205,-0.00933033234018225,1.01605856013984,0.181818181818182
"Malawi","child_zinc","prev","infill","spatial",7,87,"open,survey_public",87,-0.26908002080631,-0.283374556888814,24.5364482209608,23.4971756284364,-0.447776224419194,1.20417580300494,0.181818181818182
"Malawi","child_zinc","prev","infill","domain_index",7,87,"open,survey_public",87,-0.0939596766084166,-0.101459004958576,32.7307064362707,32.4327547766838,-2.74619113386552,1.64414074139551,0.227272727272727
"Malawi","child_zinc","prev","infill","domain_enet",7,87,"open,survey_public",87,-0.247764323624785,-0.298422027074009,20.6902686117346,19.8825816196837,1.59649284527591,1.04831393011702,0.181818181818182
"Malawi","child_zinc","prev","infill","raw_enet",7,87,"open,survey_public",87,-0.243614156922225,-0.281480657668457,20.5606619728588,19.7964219946628,1.42598959721638,1.03724546075048,0.181818181818182
"Malawi","child_zinc","prev","infill","spatial_plus_domain",7,87,"open,survey_public",87,-0.26908002080631,-0.28337455688845,24.5364482209572,23.4971756284274,-0.447776224424112,1.20417580300473,0.181818181818182
"Malawi","child_zinc","prev","infill","domain_index_cal",7,87,"open,survey_public",87,-0.288032399545894,-0.312551069713801,21.4067030933491,20.454004228434,1.51269202400244,1.08958311020994,0.181818181818182
"Malawi","child_zinc","prev","infill","region_mean_jk",7,87,"open,survey_public",87,0.0413971373724108,0.0854641873888383,26.0277973418639,25.7093778099207,-1.10674917872584,1.28117483513507,0.272727272727273
"Malawi","child_zinc","prev","infill","null_train_mean",8,87,"open,survey_public",87,-0.0845308746836569,-0.106020433545691,19.9799530755339,19.3130144069697,-0.0123327523938548,0.997321131675848,0.272727272727273
"Malawi","child_zinc","prev","infill","spatial",8,87,"open,survey_public",87,0.0358262859290848,0.0280869242406852,20.8173239881173,19.6724332607963,2.11756589045047,1.05863927715914,0.409090909090909
"Malawi","child_zinc","prev","infill","domain_index",8,87,"open,survey_public",87,-0.029818773861078,-0.0126895014580282,28.6702207072126,27.8313442102587,1.2658603162694,1.51245118059018,0.227272727272727
"Malawi","child_zinc","prev","infill","domain_enet",8,87,"open,survey_public",87,-0.0845308746836569,-0.0927096632222272,19.9501046715013,19.285492561242,1.46586398627118,1.00195459348962,0.272727272727273
"Malawi","child_zinc","prev","infill","raw_enet",8,87,"open,survey_public",87,-0.213132114313829,-0.10300661075924,20.2616126437202,19.6622844083555,2.7735170092376,1.02324682621631,0.181818181818182
"Malawi","child_zinc","prev","infill","spatial_plus_domain",8,87,"open,survey_public",87,0.0358262859290848,0.0280869242409203,20.8173239881097,19.6724332607859,2.11756589052107,1.05863927715911,0.409090909090909
"Malawi","child_zinc","prev","infill","domain_index_cal",8,87,"open,survey_public",87,-0.149349120197506,-0.121077619954673,20.1011672653013,19.3291416462451,1.7364315319723,1.01039695110359,0.0909090909090909
"Malawi","child_zinc","prev","infill","region_mean_jk",8,87,"open,survey_public",87,0.108813088341677,0.117804036589096,24.3731011967694,23.2326174967905,-0.676691586286549,1.22667736466332,0.227272727272727
"Malawi","child_zinc","prev","infill","null_train_mean",9,87,"open,survey_public",87,-0.147346371951469,-0.184362915324098,20.1098264199395,19.4538728741255,-0.0362743383436339,1.00378757269627,0.318181818181818
"Malawi","child_zinc","prev","infill","spatial",9,87,"open,survey_public",87,0.0222615242337977,-0.0176194866669908,20.6658960767137,19.3384348918511,0.218779499433243,1.05957208285268,0.363636363636364
"Malawi","child_zinc","prev","infill","domain_index",9,87,"open,survey_public",87,0.022361801369986,0.0220260757594073,27.8833082514977,27.1208652610159,-1.60341146343022,1.47861315210598,0.318181818181818
"Malawi","child_zinc","prev","infill","domain_enet",9,87,"open,survey_public",87,-0.139977657764088,-0.172893998927631,20.130113359046,19.501129164875,1.41221896170595,1.01330960975137,0.318181818181818
"Malawi","child_zinc","prev","infill","raw_enet",9,87,"open,survey_public",87,-0.171515601428956,-0.216302495063169,20.2404970165469,19.5874857270677,1.44081911865108,1.01887979610052,0.272727272727273
"Malawi","child_zinc","prev","infill","spatial_plus_domain",9,87,"open,survey_public",87,-0.0331279193552912,-0.0691388387153582,21.311524546871,20.0755962315879,-0.2974158960191,1.0867284352151,0.363636363636364
"Malawi","child_zinc","prev","infill","domain_index_cal",9,87,"open,survey_public",87,-0.0954456014446611,-0.17336218414418,20.3475041424423,19.4277867020252,1.15775353106248,1.02979057417526,0.227272727272727
"Malawi","child_zinc","prev","infill","region_mean_jk",9,87,"open,survey_public",87,0.0517719261147958,0.0574094424639839,24.3377753948939,23.2170881039389,-1.0229160416668,1.25116355657286,0.227272727272727
"Malawi","child_zinc","prev","infill","null_train_mean",10,87,"open,survey_public",87,-0.202737331439571,-0.228400417538375,20.2072586801924,19.4158691752271,0.0363939433055744,1.00869588537324,0.363636363636364
"Malawi","child_zinc","prev","infill","spatial",10,87,"open,survey_public",87,-0.059464341759649,-0.0583397578524013,21.6012138294987,20.6576184227941,1.63895587337336,1.08577300874635,0.181818181818182
"Malawi","child_zinc","prev","infill","domain_index",10,87,"open,survey_public",87,0.0305571782275553,0.0336919737862599,28.3253724462034,27.3455875730787,0.0033475721813552,1.51524758045227,0.227272727272727
"Malawi","child_zinc","prev","infill","domain_enet",10,87,"open,survey_public",87,-0.16766150759307,-0.202353473077307,20.2051279010738,19.3895649240163,1.51043339033738,1.01717021244027,0.181818181818182
"Malawi","child_zinc","prev","infill","raw_enet",10,87,"open,survey_public",87,-0.16207532751364,-0.144923262016331,21.7415551700909,20.6575899006556,0.364660725261798,1.09721638268201,0.136363636363636
"Malawi","child_zinc","prev","infill","spatial_plus_domain",10,87,"open,survey_public",87,-0.059464341759649,-0.0583397578507839,21.6012138294597,20.6576184227708,1.63895587350609,1.08577300874595,0.181818181818182
"Malawi","child_zinc","prev","infill","domain_index_cal",10,87,"open,survey_public",87,-0.175165924714342,-0.157343936547553,20.3922330485929,19.3903081108089,1.60734619142257,1.03721119316883,0.181818181818182
"Malawi","child_zinc","prev","infill","region_mean_jk",10,87,"open,survey_public",87,0.124005637641365,0.153397934417301,24.558433081627,23.7903789769443,-0.635224884496018,1.23778015712391,0.272727272727273
"Malawi","child_zinc","prev","region","null_train_mean",1,87,"open,survey_public",87,-0.577623666288515,-0.58603908308832,20.201109843624,19.5241624957128,0.07933673163249,1.01040064483722,0.0909090909090909
"Malawi","child_zinc","prev","region","spatial",1,87,"open,survey_public",87,-0.0985724248730774,-0.0884319153550273,22.8871294534713,21.8724956856134,-0.058766250100417,1.18511007856255,0.181818181818182
"Malawi","child_zinc","prev","region","domain_index",1,87,"open,survey_public",87,-0.0524540583297593,-0.0635571432492754,29.2978593935754,28.4890435275837,0.895178554292661,1.5593486975862,0.272727272727273
"Malawi","child_zinc","prev","region","domain_enet",1,87,"open,survey_public",87,-0.566239129002238,-0.487141284137353,20.3610812694361,19.746836037904,1.77258131497989,1.02959139902081,0.0454545454545455
"Malawi","child_zinc","prev","region","raw_enet",1,87,"open,survey_public",87,-0.563397967984912,-0.590102067643031,20.221588445149,19.5267161277556,1.61606516217399,1.02121138583566,0.0454545454545455
"Malawi","child_zinc","prev","region","spatial_plus_domain",1,87,"open,survey_public",87,-0.0985724248730774,-0.0884319153607613,22.887129453538,21.8724956856924,-0.058766250037685,1.18511007856588,0.181818181818182
"Malawi","child_zinc","prev","region","domain_index_cal",1,87,"open,survey_public",87,-0.510884660569408,-0.469255044521366,20.4060589291033,19.6707337642773,1.82061854528395,1.03565051889845,0.0454545454545455
"Malawi","child_zinc","level","infill","null_train_mean",1,87,"open,survey_public",87,-0.219250931117497,-0.233125906661939,0.110544304040178,0.107740090971005,-2.68554867623137e-05,1.00933966088582,0.181818181818182
"Malawi","child_zinc","level","infill","spatial",1,87,"open,survey_public",87,-0.148264926733251,-0.165301784560742,0.112049904656831,0.109309687574167,0.000300114841336512,1.0230435180928,0.136363636363636
"Malawi","child_zinc","level","infill","domain_index",1,87,"open,survey_public",87,-0.0643909018006853,-0.0843103113204375,0.16554521651657,0.167404010368394,-0.0120216454978773,1.5286036784215,0.181818181818182
"Malawi","child_zinc","level","infill","domain_enet",1,87,"open,survey_public",87,-0.226819089822034,-0.243100871642564,0.110619497144715,0.107826842771187,-0.000311235638195991,1.01180610460945,0.181818181818182
"Malawi","child_zinc","level","infill","raw_enet",1,87,"open,survey_public",87,-0.138366085457804,-0.176110944609607,0.11052798058012,0.107572580748465,-0.000629474462130913,1.0172408530167,0.272727272727273
"Malawi","child_zinc","level","infill","spatial_plus_domain",1,87,"open,survey_public",87,-0.143489830137785,-0.167416132295769,0.11242400253783,0.109822707050294,-6.44521551698447e-05,1.02615109142604,0.181818181818182
"Malawi","child_zinc","level","infill","domain_index_cal",1,87,"open,survey_public",87,-0.224520667784501,-0.242470125316894,0.110932734163167,0.10810334144958,-0.000343537135550411,1.01313265565147,0.136363636363636
"Malawi","child_zinc","level","infill","region_mean_jk",1,87,"open,survey_public",87,-0.0836310617714591,-0.0680522131530317,0.139978611410003,0.140842280403823,-0.00440697883667979,1.25428972429384,0.136363636363636
"Malawi","child_zinc","level","infill","null_train_mean",2,87,"open,survey_public",87,-0.228067843084044,-0.233761876073883,0.11035661624472,0.107832992529046,0.000124082106504862,1.00949773521872,0.181818181818182
"Malawi","child_zinc","level","infill","spatial",2,87,"open,survey_public",87,-0.168021433258001,-0.159608979370054,0.11484491963379,0.111053025164826,-0.00153560121319254,1.04251697892209,0.227272727272727
"Malawi","child_zinc","level","infill","domain_index",2,87,"open,survey_public",87,-0.124280090398775,-0.13795800988017,0.164054200469798,0.160695783436664,0.00878410277229791,1.50846433269523,0.181818181818182
"Malawi","child_zinc","level","infill","domain_enet",2,87,"open,survey_public",87,-0.228067843084044,-0.233761876073883,0.11035661624472,0.107832992529046,0.000124082106505383,1.00949773521872,0.181818181818182
"Malawi","child_zinc","level","infill","raw_enet",2,87,"open,survey_public",87,-0.26999272590449,-0.265110593630861,0.111412291835922,0.108626893877159,-0.000248850732382217,1.0152935810552,0.0454545454545455
"Malawi","child_zinc","level","infill","spatial_plus_domain",2,87,"open,survey_public",87,-0.168021433258001,-0.159608979232591,0.114844919630362,0.111053025160583,-0.00153560119683646,1.04251697888842,0.227272727272727
"Malawi","child_zinc","level","infill","domain_index_cal",2,87,"open,survey_public",87,-0.304129911788292,-0.306134226618353,0.111590286205079,0.108874603797239,-0.000213907227191423,1.01887155421211,0.0454545454545455
"Malawi","child_zinc","level","infill","region_mean_jk",2,87,"open,survey_public",87,-0.0744423437474053,-0.0307714493085674,0.133145014444567,0.130672833770513,0.00989564488559112,1.22662174265566,0.227272727272727
"Malawi","child_zinc","level","infill","null_train_mean",3,87,"open,survey_public",87,-0.230141863514994,-0.238528222783474,0.110806973023774,0.108249275497587,-3.63130704111168e-06,1.00998980599748,0.272727272727273
"Malawi","child_zinc","level","infill","spatial",3,87,"open,survey_public",87,-0.201592913902457,-0.225227683474382,0.113550608789823,0.110540027635952,0.00241553117144459,1.0403822367385,0.181818181818182
"Malawi","child_zinc","level","infill","domain_index",3,87,"open,survey_public",87,-0.117810016767515,-0.135709128378573,0.159847642079288,0.166605091194379,0.00209915307744893,1.49176150621752,0.227272727272727
"Malawi","child_zinc","level","infill","domain_enet",3,87,"open,survey_public",87,-0.215043619551476,-0.232416669215784,0.110391135979578,0.107737532413493,-0.000427317510448175,1.01141729330556,0.272727272727273
"Malawi","child_zinc","level","infill","raw_enet",3,87,"open,survey_public",87,-0.230141863514994,-0.238528222783474,0.110806973023774,0.108249275497587,-3.63130704094833e-06,1.00998980599748,0.272727272727273
"Malawi","child_zinc","level","infill","spatial_plus_domain",3,87,"open,survey_public",87,-0.201592913902457,-0.225227683470199,0.11355060878968,0.11054002763577,0.00241553117179372,1.04038223673768,0.181818181818182
"Malawi","child_zinc","level","infill","domain_index_cal",3,87,"open,survey_public",87,-0.247758256178465,-0.2443221464278,0.11080020522161,0.108239436750429,-1.42988729312586e-05,1.01034699005671,0.181818181818182
"Malawi","child_zinc","level","infill","region_mean_jk",3,87,"open,survey_public",87,-0.0547907754510779,-0.0666273585860528,0.139279502262533,0.140343876359055,-0.0102393087160839,1.29997268895857,0.227272727272727
"Malawi","child_zinc","level","infill","null_train_mean",4,87,"open,survey_public",87,-0.129593725044167,-0.161214813303094,0.10941852720347,0.106446920974487,6.81008663050763e-05,1.00131491756104,0.181818181818182
"Malawi","child_zinc","level","infill","spatial",4,87,"open,survey_public",87,-0.185244587008821,-0.186532256844088,0.113653534482714,0.109388613625221,-0.000387137783167957,1.03305821298904,0.181818181818182
"Malawi","child_zinc","level","infill","domain_index",4,87,"open,survey_public",87,-0.124006707005905,-0.16715254178895,0.158220082393629,0.153250426157616,0.0178000624607528,1.49187083138295,0.272727272727273
"Malawi","child_zinc","level","infill","domain_enet",4,87,"open,survey_public",87,-0.120052355441301,-0.222618494526572,0.112356943592123,0.109019220493948,-0.00129556438164412,1.02526306823431,0.181818181818182
"Malawi","child_zinc","level","infill","raw_enet",4,87,"open,survey_public",87,-0.13461650907255,-0.16122670573031,0.109481434948789,0.106384024089693,5.95659738018561e-05,1.00192412152888,0.181818181818182
"Malawi","child_zinc","level","infill","spatial_plus_domain",4,87,"open,survey_public",87,-0.185244587008821,-0.186532256851681,0.113653534483135,0.109388613624363,-0.000387137763593608,1.03305821301145,0.181818181818182
"Malawi","child_zinc","level","infill","domain_index_cal",4,87,"open,survey_public",87,-0.125300721732157,-0.215993192820872,0.11184474908715,0.10864626729269,-0.00138378007724099,1.02196802592908,0.181818181818182
"Malawi","child_zinc","level","infill","region_mean_jk",4,87,"open,survey_public",87,-0.144490575714538,-0.138872617112921,0.138142716317366,0.140928818312147,2.65028506405852e-06,1.27213685735326,0.136363636363636
"Malawi","child_zinc","level","infill","null_train_mean",5,87,"open,survey_public",87,-0.332931432137653,-0.311681501050364,0.111329068185363,0.108065030626081,-0.00016514842350391,1.02129806731198,0.0454545454545455
"Malawi","child_zinc","level","infill","spatial",5,87,"open,survey_public",87,-0.100550411897645,-0.0948043723681038,0.111825249665655,0.108230521867214,0.00575093888556186,1.03058287497154,0.227272727272727
"Malawi","child_zinc","level","infill","domain_index",5,87,"open,survey_public",87,-0.0540752351097179,-0.069357369046548,0.15175924048365,0.150418467178397,0.00183852769049367,1.42165033649414,0.227272727272727
"Malawi","child_zinc","level","infill","domain_enet",5,87,"open,survey_public",87,-0.350123365062679,-0.338029251338808,0.11173091303749,0.108693860039022,0.000188074815434252,1.02574215211677,0.0454545454545455
"Malawi","child_zinc","level","infill","raw_enet",5,87,"open,survey_public",87,-0.287092953092142,-0.216104742514239,0.114532375327213,0.110875121041263,0.000306079084508078,1.043911883691,0.0909090909090909
"Malawi","child_zinc","level","infill","spatial_plus_domain",5,87,"open,survey_public",87,-0.100550411897645,-0.0948043723447688,0.111825249666118,0.108230521867549,0.00575093888140738,1.0305828749669,0.227272727272727
"Malawi","child_zinc","level","infill","domain_index_cal",5,87,"open,survey_public",87,-0.338667347087556,-0.312757171981497,0.111316883804698,0.108052054392514,-0.00017328484908692,1.02143380345523,0
"Malawi","child_zinc","level","infill","region_mean_jk",5,87,"open,survey_public",87,-0.0352282781888161,-0.0092765833076906,0.13443631423226,0.133301082170209,-0.000436708966067627,1.24515003882701,0.136363636363636
"Malawi","child_zinc","level","infill","null_train_mean",6,87,"open,survey_public",87,-0.13639241982006,-0.168255908713413,0.109781490244888,0.106674649580266,-2.91220688488585e-05,1.00190383950001,0.227272727272727
"Malawi","child_zinc","level","infill","spatial",6,87,"open,survey_public",87,-0.177280017496537,-0.166831956689174,0.118727002051363,0.115355590152818,0.000979320235939923,1.0624403844688,0.272727272727273
"Malawi","child_zinc","level","infill","domain_index",6,87,"open,survey_public",87,-0.177990814318,-0.189264205148557,0.167198784019842,0.165352996168488,0.00368313048197799,1.53951247789983,0.181818181818182
"Malawi","child_zinc","level","infill","domain_enet",6,87,"open,survey_public",87,-0.13639241982006,-0.168255908713413,0.109781490244888,0.106674649580266,-2.91220688492158e-05,1.00190383950001,0.227272727272727
"Malawi","child_zinc","level","infill","raw_enet",6,87,"open,survey_public",87,-0.193004184289485,-0.151281313938167,0.110938268974178,0.107219908936764,-0.000495755492015715,1.01211003289765,0.227272727272727
"Malawi","child_zinc","level","infill","spatial_plus_domain",6,87,"open,survey_public",87,-0.177280017496537,-0.166831956690386,0.118727002051436,0.115355590152787,0.000979320234699679,1.06244038446817,0.272727272727273
"Malawi","child_zinc","level","infill","domain_index_cal",6,87,"open,survey_public",87,-0.18504410585405,-0.221542020186565,0.110043203443064,0.106831885763471,-6.72817867902117e-05,1.00698124197665,0.227272727272727
"Malawi","child_zinc","level","infill","region_mean_jk",6,87,"open,survey_public",87,-0.122376621769665,-0.115363185031961,0.138356036673407,0.136304923865208,-0.00831897030812714,1.24840095984555,0.0909090909090909
"Malawi","child_zinc","level","infill","null_train_mean",7,87,"open,survey_public",87,-0.119930463933152,-0.140157329530027,0.108939508904899,0.106075779245,-1.48330559054963e-05,0.999546101971254,0.227272727272727
"Malawi","child_zinc","level","infill","spatial",7,87,"open,survey_public",87,-0.307137129109864,-0.297861570420496,0.124147470274791,0.121124450959567,-0.00545696838442814,1.10497190504199,0.227272727272727
"Malawi","child_zinc","level","infill","domain_index",7,87,"open,survey_public",87,-0.155573376102646,-0.165799899261347,0.16782155150451,0.170667746064619,-0.00666676174177224,1.51405722659065,0.181818181818182
"Malawi","child_zinc","level","infill","domain_enet",7,87,"open,survey_public",87,-0.227711246157407,-0.193160080838329,0.111319863201471,0.108200441694964,-0.0012062384243158,1.01970550379358,0.227272727272727
"Malawi","child_zinc","level","infill","raw_enet",7,87,"open,survey_public",87,-0.204492031432948,-0.159635351578635,0.110503762393932,0.107508057356347,-0.00204458784490071,1.01056591600596,0.227272727272727
"Malawi","child_zinc","level","infill","spatial_plus_domain",7,87,"open,survey_public",87,-0.307137129109864,-0.297861570437612,0.124147470276606,0.121124450961131,-0.00545696839159347,1.10497190504971,0.227272727272727
"Malawi","child_zinc","level","infill","domain_index_cal",7,87,"open,survey_public",87,-0.215699496974557,-0.202488911823045,0.110686733152253,0.10776212827553,-0.000912899231219554,1.01368024554056,0.181818181818182
"Malawi","child_zinc","level","infill","region_mean_jk",7,87,"open,survey_public",87,-0.0941982760961333,-0.0454675218193992,0.140738790422749,0.14177558113643,-0.00114727463832088,1.2647650170457,0.181818181818182
"Malawi","child_zinc","level","infill","null_train_mean",8,87,"open,survey_public",87,-0.121930080043708,-0.118742463442299,0.108935499294506,0.106316674947152,-8.73028439554169e-05,0.998164039279973,0.227272727272727
"Malawi","child_zinc","level","infill","spatial",8,87,"open,survey_public",87,-0.107457898957498,-0.0965072640109972,0.113789825577033,0.109927085031888,0.00315406408895695,1.03272601335885,0.181818181818182
"Malawi","child_zinc","level","infill","domain_index",8,87,"open,survey_public",87,-0.0823613034920172,-0.0767209340526514,0.149107335530472,0.146828043322086,0.00625460009695226,1.40249179303372,0.181818181818182
"Malawi","child_zinc","level","infill","domain_enet",8,87,"open,survey_public",87,-0.137581222279929,-0.20607038532253,0.109407680784466,0.106479460834499,0.000413114905293568,1.00391565066016,0.0909090909090909
"Malawi","child_zinc","level","infill","raw_enet",8,87,"open,survey_public",87,-0.117754702705582,-0.119561857301138,0.109046528049308,0.106397595013563,-2.97435540475394e-05,0.998480044870767,0.136363636363636
"Malawi","child_zinc","level","infill","spatial_plus_domain",8,87,"open,survey_public",87,-0.107457898957498,-0.0965072639922072,0.113789825576552,0.109927085031003,0.00315406409285818,1.03272601335299,0.181818181818182
"Malawi","child_zinc","level","infill","domain_index_cal",8,87,"open,survey_public",87,-0.155956112852665,-0.174159385527605,0.109423546686324,0.106513046598681,0.000679064233730949,1.00232297396429,0.0909090909090909
"Malawi","child_zinc","level","infill","region_mean_jk",8,87,"open,survey_public",87,-0.00446577080734487,-0.0247902224876568,0.131837582122828,0.129114151647297,-0.00452477064360915,1.21012068857111,0.136363636363636
"Malawi","child_zinc","level","infill","null_train_mean",9,87,"open,survey_public",87,-0.185582976139753,-0.193005573973983,0.110110780356226,0.10701062803199,-0.000138876165739306,1.00475590410791,0.272727272727273
"Malawi","child_zinc","level","infill","spatial",9,87,"open,survey_public",87,0.0250054676678574,-0.0346572598864657,0.115413544490903,0.111028119750482,0.00021581030741144,1.05995142295997,0.272727272727273
"Malawi","child_zinc","level","infill","domain_index",9,87,"open,survey_public",87,-0.0710067799081432,-0.0817315346510054,0.154179382337763,0.153814457387061,-0.013794567408872,1.43402736233495,0.136363636363636
"Malawi","child_zinc","level","infill","domain_enet",9,87,"open,survey_public",87,-0.16196598841062,-0.170969086322645,0.109982591839572,0.106913476427739,5.03973607952215e-05,1.0047739611284,0.227272727272727
"Malawi","child_zinc","level","infill","raw_enet",9,87,"open,survey_public",87,-0.185582976139753,-0.193005573973983,0.110110780356226,0.10701062803199,-0.0001388761657395,1.00475590410791,0.272727272727273
"Malawi","child_zinc","level","infill","spatial_plus_domain",9,87,"open,survey_public",87,0.0250054676678574,-0.0346572599545217,0.115413544493805,0.111028119753634,0.000215810307985076,1.05995142299584,0.272727272727273
"Malawi","child_zinc","level","infill","domain_index_cal",9,87,"open,survey_public",87,-0.172814755412991,-0.226678011020231,0.111875552443609,0.108235632247985,-0.00122503396157539,1.01886751028415,0.227272727272727
"Malawi","child_zinc","level","infill","region_mean_jk",9,87,"open,survey_public",87,-0.0900631596780943,-0.0873760177917896,0.137826913516337,0.13505237847273,-0.00856110295889145,1.24899289159317,0.0909090909090909
"Malawi","child_zinc","level","infill","null_train_mean",10,87,"open,survey_public",87,-0.123836690753774,-0.127874177537638,0.109386377425964,0.10641221374574,9.66138933003107e-05,0.998745481337504,0.272727272727273
"Malawi","child_zinc","level","infill","spatial",10,87,"open,survey_public",87,-0.180451264853831,-0.193761087364181,0.112584341334863,0.108151022643718,0.000695884441249722,1.02838472282118,0.136363636363636
"Malawi","child_zinc","level","infill","domain_index",10,87,"open,survey_public",87,-0.0806663264562222,-0.0872960251123062,0.155182671590916,0.154010243524589,0.00272231052073742,1.44572085769268,0.136363636363636
"Malawi","child_zinc","level","infill","domain_enet",10,87,"open,survey_public",87,-0.130382528023262,-0.163111512384963,0.109708148441392,0.106514804176993,0.00149826470991472,1.00214052930919,0.272727272727273
"Malawi","child_zinc","level","infill","raw_enet",10,87,"open,survey_public",87,-0.14485430304564,-0.0741237518074935,0.112899949431422,0.109577378093639,-0.00333326339289329,1.0270521614397,0.272727272727273
"Malawi","child_zinc","level","infill","spatial_plus_domain",10,87,"open,survey_public",87,-0.180451264853831,-0.193761087503238,0.1125843413373,0.108151022645956,0.000695884448288127,1.02838472284177,0.136363636363636
"Malawi","child_zinc","level","infill","domain_index_cal",10,87,"open,survey_public",87,-0.191732886199606,-0.214792866731932,0.109839438832372,0.106449875265609,0.000793471193420629,1.00709887129019,0.136363636363636
"Malawi","child_zinc","level","infill","region_mean_jk",10,87,"open,survey_public",87,0.0123951313890342,0.0409757697376244,0.130441114900027,0.129850571457678,7.41722940172263e-05,1.19789582919537,0.227272727272727
"Malawi","child_zinc","level","region","null_train_mean",1,87,"open,survey_public",87,-0.501683108858814,-0.515484838063243,0.110102130185181,0.107208320330878,0.000477305423670247,1.00600515750268,0.136363636363636
"Malawi","child_zinc","level","region","spatial",1,87,"open,survey_public",87,-0.179375956841875,-0.16059119272632,0.115308582581201,0.111877106764103,-0.00577165392722324,1.04259674952924,0.318181818181818
"Malawi","child_zinc","level","region","domain_index",1,87,"open,survey_public",87,-0.0502296420500109,-0.063711504456839,0.155370777722859,0.154987410702462,0.00545103332765294,1.44041111218025,0.136363636363636
"Malawi","child_zinc","level","region","domain_enet",1,87,"open,survey_public",87,-0.501683108858814,-0.515484838063234,0.110102130185181,0.107208320330878,0.000477305423669951,1.00600515750268,0.136363636363636
"Malawi","child_zinc","level","region","raw_enet",1,87,"open,survey_public",87,-0.445476159157575,-0.431578642390464,0.10991278716106,0.106987006374844,8.81108931007596e-06,1.00718323408948,0.136363636363636
"Malawi","child_zinc","level","region","spatial_plus_domain",1,87,"open,survey_public",87,-0.179375956841875,-0.160591192458535,0.115308582572737,0.111877106754204,-0.00577165392659883,1.04259674947084,0.318181818181818
"Malawi","child_zinc","level","region","domain_index_cal",1,87,"open,survey_public",87,-0.486841146023183,-0.477125117247485,0.110326788622983,0.107436855544699,0.000851895050538861,1.00826176295695,0.0909090909090909
"Malawi","women_zinc","prev","infill","null_train_mean",1,87,"open,survey_public",87,-0.238639232739572,-0.244169293179448,22.9771482483997,22.2607133410248,-0.00340327538772064,1.01042077917449,0.227272727272727
"Malawi","women_zinc","prev","infill","spatial",1,87,"open,survey_public",87,-0.285877356899398,-0.319171288317254,25.0496274527231,24.5768251853038,12.5727009971049,1.16000883099679,0.0909090909090909
"Malawi","women_zinc","prev","infill","domain_index",1,87,"open,survey_public",87,-0.0882554149668326,-0.114393985610663,31.4763854727629,30.7700796638016,2.70969112652648,1.49949540578963,0.227272727272727
"Malawi","women_zinc","prev","infill","domain_enet",1,87,"open,survey_public",87,-0.187054370245432,-0.166948594701715,23.8849413253745,23.7341043955687,12.4563323251384,1.12093932051848,0.181818181818182
"Malawi","women_zinc","prev","infill","raw_enet",1,87,"open,survey_public",87,-0.238188617848722,-0.180452784979765,24.1861374625871,24.054284022702,12.6463898945753,1.12721895185707,0.181818181818182
"Malawi","women_zinc","prev","infill","spatial_plus_domain",1,87,"open,survey_public",87,-0.285877356899398,-0.319171288313582,25.0496274527018,24.5768251852718,12.5727009970079,1.16000883099514,0.0909090909090909
"Malawi","women_zinc","prev","infill","domain_index_cal",1,87,"open,survey_public",87,-0.202017805513289,-0.171038191422608,24.0872293323341,23.8009700152007,12.4228436623671,1.13184299958624,0.136363636363636
"Malawi","women_zinc","prev","infill","region_mean_jk",1,87,"open,survey_public",87,0.108986565257105,0.172563807952482,26.0720706902796,26.6186079718235,6.49928921836638,1.25712051601254,0.181818181818182
"Malawi","women_zinc","prev","infill","null_train_mean",2,87,"open,survey_public",87,-0.271448046543029,-0.293727531699669,23.1205202219282,22.2334114813539,0.0477694334603573,1.01790063801251,0.227272727272727
"Malawi","women_zinc","prev","infill","spatial",2,87,"open,survey_public",87,-0.350188566915097,-0.345030404314215,24.7897158649908,24.4529220205216,12.8347072096451,1.16807957323583,0.136363636363636
"Malawi","women_zinc","prev","infill","domain_index",2,87,"open,survey_public",87,-0.0756618598436789,-0.137210373577996,33.5490729564876,34.0454987702785,7.4538931711954,1.51335536884165,0.227272727272727
"Malawi","women_zinc","prev","infill","domain_enet",2,87,"open,survey_public",87,-0.267148156517899,-0.289825374084697,24.1239396786617,23.6695494825708,12.4698871581227,1.13496576346003,0.136363636363636
"Malawi","women_zinc","prev","infill","raw_enet",2,87,"open,survey_public",87,-0.267148156517899,-0.289825374084697,24.1239396786617,23.6695494825708,12.4698871581227,1.13496576346003,0.136363636363636
"Malawi","women_zinc","prev","infill","spatial_plus_domain",2,87,"open,survey_public",87,-0.296122186575055,-0.254624374052367,25.1354521855576,24.8247115257683,12.6221840077408,1.1732770192875,0.0909090909090909
"Malawi","women_zinc","prev","infill","domain_index_cal",2,87,"open,survey_public",87,-0.226217902731077,-0.270708473766075,24.2614989609572,23.8446224745367,12.8384785981761,1.14639482301303,0.181818181818182
"Malawi","women_zinc","prev","infill","region_mean_jk",2,87,"open,survey_public",87,0.311091867566859,0.340790024790701,21.7693365583917,22.6781388955365,4.38466256943556,1.06720974490544,0.363636363636364
"Malawi","women_zinc","prev","infill","null_train_mean",3,87,"open,survey_public",87,-0.120205710843511,-0.135177627066093,22.7318537903682,21.9267622505985,0.0098228325779467,0.999408198767219,0.272727272727273
"Malawi","women_zinc","prev","infill","spatial",3,87,"open,survey_public",87,-0.254960087681961,-0.150720740456985,24.3391932142842,24.3135098385233,11.832151513089,1.14425574175909,0.136363636363636
"Malawi","women_zinc","prev","infill","domain_index",3,87,"open,survey_public",87,-0.11445695527023,-0.162181771987549,34.4681043768406,34.6538324950929,1.26138868127513,1.60610994828729,0.227272727272727
"Malawi","women_zinc","prev","infill","domain_enet",3,87,"open,survey_public",87,-0.158828857846449,-0.195084666031914,26.4093943510728,25.752941887358,10.7998603915958,1.25385007111627,0.227272727272727
"Malawi","women_zinc","prev","infill","raw_enet",3,87,"open,survey_public",87,-0.113499374773949,-0.1058810703732,23.5862493098397,23.2874827983563,12.4927867232576,1.10854983540878,0.272727272727273
"Malawi","women_zinc","prev","infill","spatial_plus_domain",3,87,"open,survey_public",87,-0.254960087681961,-0.150720740466632,24.3391932142678,24.3135098384666,11.8321515128511,1.14425574175741,0.136363636363636
"Malawi","women_zinc","prev","infill","domain_index_cal",3,87,"open,survey_public",87,-0.184105346847555,-0.142906700896791,23.8936196051677,23.6990451417654,12.1338129663894,1.12819950965747,0.272727272727273
"Malawi","women_zinc","prev","infill","region_mean_jk",3,87,"open,survey_public",87,0.129955691969377,0.182542934751166,24.6328931955633,24.9458060710294,4.0875689114441,1.22058175503707,0.181818181818182
"Malawi","women_zinc","prev","infill","null_train_mean",4,87,"open,survey_public",87,-0.1500764219183,-0.153645969303682,22.8040654957754,21.9803240112664,-0.0138278505601457,1.00087856923313,0.181818181818182
"Malawi","women_zinc","prev","infill","spatial",4,87,"open,survey_public",87,-0.286489670537462,-0.272659004468928,24.9161781855861,24.404642091135,12.1440877103855,1.16797659826484,0.0909090909090909
"Malawi","women_zinc","prev","infill","domain_index",4,87,"open,survey_public",87,-0.112327566051293,-0.14514305418505,32.4922389627615,31.3153895827818,3.63155411238327,1.53383930757194,0.136363636363636
"Malawi","women_zinc","prev","infill","domain_enet",4,87,"open,survey_public",87,-0.102108576515729,-0.132915216787746,23.7661474565407,23.3503386732711,12.309473420082,1.11174090856136,0.136363636363636
"Malawi","women_zinc","prev","infill","raw_enet",4,87,"open,survey_public",87,-0.0776964943803257,-0.120838287151613,23.790962083698,23.3836565516762,12.4758000087134,1.11341052436033,0.227272727272727
"Malawi","women_zinc","prev","infill","spatial_plus_domain",4,87,"open,survey_public",87,-0.284214057166152,-0.23837499128764,26.8588703465279,26.1484545864313,10.8785238268963,1.23830043821172,0.0454545454545455
"Malawi","women_zinc","prev","infill","domain_index_cal",4,87,"open,survey_public",87,-0.187112080980732,-0.216419536178997,24.7609886351701,24.3148420602724,12.612348906023,1.15415265750239,0.0909090909090909
"Malawi","women_zinc","prev","infill","region_mean_jk",4,87,"open,survey_public",87,0.106652819984016,0.131678646464972,25.5411326817696,25.822434601153,5.16691795632868,1.2603316442365,0.181818181818182
"Malawi","women_zinc","prev","infill","null_train_mean",5,87,"open,survey_public",87,-0.218431615083512,-0.226000072304972,22.9304798564305,22.0469564324721,-0.0296375273218173,1.00872448759455,0.181818181818182
"Malawi","women_zinc","prev","infill","spatial",5,87,"open,survey_public",87,-0.21808418425531,-0.207480620002676,24.4109901136146,24.0368590379631,12.579823740595,1.14748417231936,0.0909090909090909
"Malawi","women_zinc","prev","infill","domain_index",5,87,"open,survey_public",87,0.0418201075787746,0.0119581669040829,29.1352854844312,28.7659692342538,6.23794285094429,1.40370252788073,0.272727272727273
"Malawi","women_zinc","prev","infill","domain_enet",5,87,"open,survey_public",87,-0.191419724600268,-0.219407247397341,24.1419518702116,23.7411870110963,12.3786646133185,1.12717602201286,0.181818181818182
"Malawi","women_zinc","prev","infill","raw_enet",5,87,"open,survey_public",87,-0.191419724600268,-0.219407247397341,24.1419518702116,23.7411870110963,12.3786646133185,1.12717602201286,0.181818181818182
"Malawi","women_zinc","prev","infill","spatial_plus_domain",5,87,"open,survey_public",87,-0.21808418425531,-0.207480620007301,24.4109901136515,24.036859038012,12.5798237407259,1.14748417232237,0.0909090909090909
"Malawi","women_zinc","prev","infill","domain_index_cal",5,87,"open,survey_public",87,-0.172535360791015,-0.200901257447709,24.0951518455238,23.6874772106381,12.3205225424011,1.12579935713339,0.136363636363636
"Malawi","women_zinc","prev","infill","region_mean_jk",5,87,"open,survey_public",87,0.219524899570902,0.269121323249094,23.7818976269624,23.9547812074334,4.9226375714465,1.1728754907771,0.227272727272727
"Malawi","women_zinc","prev","infill","null_train_mean",6,87,"open,survey_public",87,-0.142684528545382,-0.155604335471479,22.6956038431612,21.9378207977843,0.0140450143642035,1.00083154957661,0.272727272727273
"Malawi","women_zinc","prev","infill","spatial",6,87,"open,survey_public",87,-0.153882642353891,-0.169284342994604,23.7159330556173,23.3350901089635,12.0829535933167,1.12569643405456,0.227272727272727
"Malawi","women_zinc","prev","infill","domain_index",6,87,"open,survey_public",87,0.0315113048364543,-0.00208540035442031,30.2529849884123,30.6185572386401,3.92503334906979,1.47975339993286,0.318181818181818
"Malawi","women_zinc","prev","infill","domain_enet",6,87,"open,survey_public",87,-0.0885954564071457,-0.0995653299584059,23.5084140981447,23.2033711762044,12.5073090635318,1.10688407546829,0.227272727272727
"Malawi","women_zinc","prev","infill","raw_enet",6,87,"open,survey_public",87,0.0123901347805631,-0.0345853657334541,23.4793639276701,23.1420064433423,12.3787740080503,1.10571656727737,0.181818181818182
"Malawi","women_zinc","prev","infill","spatial_plus_domain",6,87,"open,survey_public",87,-0.153882642353891,-0.169284342989906,23.7159330556226,23.335090108968,12.0829535934149,1.12569643405597,0.227272727272727
"Malawi","women_zinc","prev","infill","domain_index_cal",6,87,"open,survey_public",87,-0.0565613299399117,-0.0765590406373855,23.4892741838484,23.1931756105045,12.5032846950714,1.10654157734864,0.181818181818182
"Malawi","women_zinc","prev","infill","region_mean_jk",6,87,"open,survey_public",87,0.227784588997531,0.250060975816365,22.7242093367881,23.0557992984103,3.89171488497533,1.13707414003512,0.272727272727273
"Malawi","women_zinc","prev","infill","null_train_mean",7,87,"open,survey_public",87,-0.191886090112755,-0.206846792489199,22.8690964466991,22.0071076899654,-0.0211592915883863,1.00595528601675,0.136363636363636
"Malawi","women_zinc","prev","infill","spatial",7,87,"open,survey_public",87,-0.292667640975235,-0.24214295762791,24.5434155139091,23.9807097132176,10.6857728075057,1.16040865564643,0.136363636363636
"Malawi","women_zinc","prev","infill","domain_index",7,87,"open,survey_public",87,0.000996152038043363,-0.0396287454275026,31.6693553932194,31.2374291378255,1.32284346857543,1.51878700572601,0.318181818181818
"Malawi","women_zinc","prev","infill","domain_enet",7,87,"open,survey_public",87,-0.17708936008639,-0.115189848149075,23.8674194686382,23.5920653963728,12.6631282629468,1.12090769350956,0.0909090909090909
"Malawi","women_zinc","prev","infill","raw_enet",7,87,"open,survey_public",87,-0.301826349994823,-0.302768530465436,24.3179499036586,23.8874147556176,11.7603854412216,1.1383273236224,0.0909090909090909
"Malawi","women_zinc","prev","infill","spatial_plus_domain",7,87,"open,survey_public",87,-0.266466100671838,-0.231443324830167,24.6159037759615,24.0787467342227,10.9093044456773,1.16614814360792,0.136363636363636
"Malawi","women_zinc","prev","infill","domain_index_cal",7,87,"open,survey_public",87,-0.194322759494642,-0.212348841252996,23.9396356210019,23.4810239411692,11.7554165836134,1.12181748501227,0.0909090909090909
"Malawi","women_zinc","prev","infill","region_mean_jk",7,87,"open,survey_public",87,0.171450208106327,0.196734620084953,24.5725559681775,25.1010068092753,3.44702298798607,1.22474054088063,0.318181818181818
"Malawi","women_zinc","prev","infill","null_train_mean",8,87,"open,survey_public",87,-0.112939736158964,-0.102547894321604,22.665659684322,21.8045177795078,0.0027042398669242,0.997101246109161,0.227272727272727
"Malawi","women_zinc","prev","infill","spatial",8,87,"open,survey_public",87,-0.21986629111236,-0.172925330508118,25.1829157734097,25.0035061118168,12.5624272197538,1.16157772372096,0.0454545454545455
"Malawi","women_zinc","prev","infill","domain_index",8,87,"open,survey_public",87,0.0357152492171877,0.030732320803873,31.0389469616757,30.5295485628386,1.88346516360736,1.42143646890573,0.272727272727273
"Malawi","women_zinc","prev","infill","domain_enet",8,87,"open,survey_public",87,-0.164316120289804,-0.153709243860791,23.8767711705528,23.4374185322403,12.5252561752241,1.11506361781238,0.227272727272727
"Malawi","women_zinc","prev","infill","raw_enet",8,87,"open,survey_public",87,-0.127158718769827,-0.133965755849574,24.1588863643554,23.9531932518356,12.850400107591,1.12635707288884,0.227272727272727
"Malawi","women_zinc","prev","infill","spatial_plus_domain",8,87,"open,survey_public",87,-0.21986629111236,-0.172925330516981,25.1829157733144,25.0035061117333,12.5624272191342,1.16157772371261,0.0454545454545455
"Malawi","women_zinc","prev","infill","domain_index_cal",8,87,"open,survey_public",87,-0.153544499001528,-0.197146233578789,24.4080525124037,24.1077309290939,12.5930826672846,1.13708986904035,0.181818181818182
"Malawi","women_zinc","prev","infill","region_mean_jk",8,87,"open,survey_public",87,0.284452574120967,0.303716565044238,22.0555862272499,22.1954740896705,5.69655037174011,1.10362594178976,0.318181818181818
"Malawi","women_zinc","prev","infill","null_train_mean",9,87,"open,survey_public",87,-0.227870853056248,-0.223843527259124,22.9258018151853,22.0996492044009,-0.0449988200789503,1.00821955689812,0.181818181818182
"Malawi","women_zinc","prev","infill","spatial",9,87,"open,survey_public",87,-0.332166440135083,-0.308906989119689,24.336834861171,24.1078828390338,12.2257402430174,1.14284369509641,0.0454545454545455
"Malawi","women_zinc","prev","infill","domain_index",9,87,"open,survey_public",87,-0.0527595019782049,-0.0760011189128268,30.2611346801194,30.0186853228316,3.86283502370723,1.42791982088267,0.272727272727273
"Malawi","women_zinc","prev","infill","domain_enet",9,87,"open,survey_public",87,-0.218371032053851,-0.245958438378394,23.924308158892,23.5785482763424,12.2550501453093,1.11940903982266,0.181818181818182
"Malawi","women_zinc","prev","infill","raw_enet",9,87,"open,survey_public",87,-0.133907837677409,-0.159070927077785,23.7351363717923,23.3952823448916,12.068753803336,1.11822375159354,0.272727272727273
"Malawi","women_zinc","prev","infill","spatial_plus_domain",9,87,"open,survey_public",87,-0.34827851392472,-0.338687022384699,24.4781805026734,24.1909775975027,11.9606171266266,1.14521341167994,0.0454545454545455
"Malawi","women_zinc","prev","infill","domain_index_cal",9,87,"open,survey_public",87,-0.196424731685009,-0.146558589978364,23.9440364108386,23.6965557778401,12.3506971255325,1.12233656360658,0.136363636363636
"Malawi","women_zinc","prev","infill","region_mean_jk",9,87,"open,survey_public",87,0.195617701682648,0.2316567294796,24.150580118585,24.5873592203931,4.19011269530866,1.18287069569032,0.227272727272727
"Malawi","women_zinc","prev","infill","null_train_mean",10,87,"open,survey_public",87,-0.291506427235092,-0.320249276182789,23.2804465996128,22.3646879078262,0.0631426108529059,1.02264587189662,0.136363636363636
"Malawi","women_zinc","prev","infill","spatial",10,87,"open,survey_public",87,-0.339962015258487,-0.311454107469296,25.5324831496035,25.3279980114429,12.3284593545363,1.18795231555252,0.136363636363636
"Malawi","women_zinc","prev","infill","domain_index",10,87,"open,survey_public",87,-0.0703246782820521,-0.137791563825615,33.9557434306157,33.9103945809833,2.89165326117801,1.55081618053759,0.272727272727273
"Malawi","women_zinc","prev","infill","domain_enet",10,87,"open,survey_public",87,-0.268850390638476,-0.312936702883474,24.2252866718874,23.7598004535231,12.452991418281,1.14200165812762,0.227272727272727
"Malawi","women_zinc","prev","infill","raw_enet",10,87,"open,survey_public",87,-0.268850390638476,-0.312936702883474,24.2252866718874,23.7598004535231,12.452991418281,1.14200165812762,0.227272727272727
"Malawi","women_zinc","prev","infill","spatial_plus_domain",10,87,"open,survey_public",87,-0.266191930386138,-0.276471407259375,25.2819808800663,24.9942413415262,12.2503706618324,1.18230630897827,0.181818181818182
"Malawi","women_zinc","prev","infill","domain_index_cal",10,87,"open,survey_public",87,-0.288518530651642,-0.319059557489957,24.3453795145367,23.8773749790222,12.3956109420608,1.14643667601514,0.181818181818182
"Malawi","women_zinc","prev","infill","region_mean_jk",10,87,"open,survey_public",87,0.0962384805306035,0.122645396056983,26.0487771002958,26.7068860413872,2.2544989026098,1.28431785308364,0.272727272727273
"Malawi","women_zinc","prev","region","null_train_mean",1,87,"open,survey_public",87,-0.596643039109373,-0.608252860100862,23.0071557296181,22.1422726122705,0.0690358418353697,1.01257844108108,0
"Malawi","women_zinc","prev","region","spatial",1,87,"open,survey_public",87,-0.530464668772376,-0.432790783138628,25.2880973523915,24.3803031475695,11.4093860590408,1.19516635978251,0.0454545454545455
"Malawi","women_zinc","prev","region","domain_index",1,87,"open,survey_public",87,-0.164694090619995,-0.205607312148234,34.2102917175959,33.4625437951064,2.98176346751029,1.60377473244498,0.272727272727273
"Malawi","women_zinc","prev","region","domain_enet",1,87,"open,survey_public",87,-0.571589177562051,-0.504052940611973,24.0041239233708,23.5582100199056,12.3781413509442,1.1274991204882,0
"Malawi","women_zinc","prev","region","raw_enet",1,87,"open,survey_public",87,-0.564771637008949,-0.29392099533408,24.4648951563421,24.034724147034,11.9682961414369,1.14021724594166,0
"Malawi","women_zinc","prev","region","spatial_plus_domain",1,87,"open,survey_public",87,-0.522477174448982,-0.43500943800829,25.3074523791775,24.3899492063473,11.3520252262728,1.19515048878994,0.0454545454545455
"Malawi","women_zinc","prev","region","domain_index_cal",1,87,"open,survey_public",87,-0.528207333420112,-0.480228828468114,24.2989589030399,23.8533133456193,12.1589367792837,1.1444790551538,0
"Malawi","women_zinc","level","infill","null_train_mean",1,87,"open,survey_public",87,-0.289060784726046,-0.282350006466827,0.123057384399686,0.119577086389124,-1.50692134482231e-05,1.01589414098084,0.181818181818182
"Malawi","women_zinc","level","infill","spatial",1,87,"open,survey_public",87,0.140883575125756,0.112495346372794,0.121106568819205,0.115173087849527,-0.00367608429834436,1.00308494451598,0.181818181818182
"Malawi","women_zinc","level","infill","domain_index",1,87,"open,survey_public",87,-0.0979806080046657,-0.0525763580699996,0.163287555066303,0.158705694787302,0.0056194844935765,1.33897181137785,0.136363636363636
"Malawi","women_zinc","level","infill","domain_enet",1,87,"open,survey_public",87,-0.129628785530254,-0.0766046925332064,0.122576087687951,0.118166997592301,-0.00135659594304906,1.01532996424548,0.227272727272727
"Malawi","women_zinc","level","infill","raw_enet",1,87,"open,survey_public",87,-0.29567455406341,-0.291148771991373,0.123648778592935,0.119942721384117,0.00276436800238091,1.02878481381767,0.136363636363636
"Malawi","women_zinc","level","infill","spatial_plus_domain",1,87,"open,survey_public",87,0.140883575125756,0.112495346372809,0.121106568819205,0.115173087849526,-0.00367608429834743,1.00308494451597,0.181818181818182
"Malawi","women_zinc","level","infill","domain_index_cal",1,87,"open,survey_public",87,-0.265892687905519,-0.260207879964246,0.123509150225242,0.119406884270682,0.000703807446968942,1.0236310374631,0.0909090909090909
"Malawi","women_zinc","level","infill","region_mean_jk",1,87,"open,survey_public",87,0.0334761213913,0.0724805096480233,0.143045230883777,0.143740712420953,-0.00081086759224904,1.2251094057461,0.181818181818182
"Malawi","women_zinc","level","infill","null_train_mean",2,87,"open,survey_public",87,-0.289935035490661,-0.311158416535934,0.122936827654107,0.118059556939619,0.000240582296150348,1.02072966112328,0.136363636363636
"Malawi","women_zinc","level","infill","spatial",2,87,"open,survey_public",87,0.159965735948094,0.153175068950088,0.118965015672175,0.113762776510997,0.000199141257979006,0.994941618387501,0.409090909090909
"Malawi","women_zinc","level","infill","domain_index",2,87,"open,survey_public",87,0.0296347597871255,0.0617641717985548,0.155515417517931,0.155945771353494,0.0168994225327869,1.2775881510624,0.227272727272727
"Malawi","women_zinc","level","infill","domain_enet",2,87,"open,survey_public",87,-0.297416323072745,-0.299089251618612,0.122487307452043,0.117600204601903,0.00158275029045895,1.01909229982286,0.136363636363636
"Malawi","women_zinc","level","infill","raw_enet",2,87,"open,survey_public",87,-0.289935035490661,-0.311158416535934,0.122936827654107,0.118059556939619,0.000240582296150327,1.02072966112328,0.136363636363636
"Malawi","women_zinc","level","infill","spatial_plus_domain",2,87,"open,survey_public",87,0.146497047459357,0.131606284864584,0.120489893607248,0.115272464144704,0.00110606267289866,1.00437289188305,0.363636363636364
"Malawi","women_zinc","level","infill","domain_index_cal",2,87,"open,survey_public",87,-0.231209448130058,-0.316300412148166,0.12317632374656,0.118366405556078,0.00177038487501711,1.02408916731875,0.0909090909090909
"Malawi","women_zinc","level","infill","region_mean_jk",2,87,"open,survey_public",87,0.260739595037894,0.265496396639153,0.120363309850183,0.120739540356505,-0.00530975131129862,1.03759472668066,0.227272727272727
"Malawi","women_zinc","level","infill","null_train_mean",3,87,"open,survey_public",87,-0.0843093955450967,-0.0651033087874697,0.119914057401075,0.115667953299665,5.42050877133596e-05,0.995416079488226,0.227272727272727
"Malawi","women_zinc","level","infill","spatial",3,87,"open,survey_public",87,0.111795582124371,0.128974496692464,0.120969167239833,0.117513897748383,0.00198510735204434,0.999867807985761,0.272727272727273
"Malawi","women_zinc","level","infill","domain_index",3,87,"open,survey_public",87,-0.162590216519647,-0.14726218641303,0.181154969414355,0.184899439083629,-0.00322613155766613,1.48355542010639,0.136363636363636
"Malawi","women_zinc","level","infill","domain_enet",3,87,"open,survey_public",87,-0.14438192311616,-0.168266258227945,0.138550439984798,0.136044030640845,0.00174210647682381,1.14560613118518,0.136363636363636
"Malawi","women_zinc","level","infill","raw_enet",3,87,"open,survey_public",87,-0.289505474395004,-0.222666895847934,0.130417179989091,0.126897482903388,0.00217956987109395,1.07535650865031,0.136363636363636
"Malawi","women_zinc","level","infill","spatial_plus_domain",3,87,"open,survey_public",87,0.0756542975869359,-0.0122411329858228,0.130632296957045,0.128850770792554,0.00564525671911608,1.09011476575293,0.227272727272727
"Malawi","women_zinc","level","infill","domain_index_cal",3,87,"open,survey_public",87,-0.250601443464314,-0.278454454735803,0.122737429103209,0.11882160108621,-0.00104267632791344,1.02266685530098,0.0909090909090909
"Malawi","women_zinc","level","infill","region_mean_jk",3,87,"open,survey_public",87,0.0875905094578026,0.115387363198176,0.137332763857811,0.136909932709079,-0.00439200593481902,1.15582608894297,0.181818181818182
"Malawi","women_zinc","level","infill","null_train_mean",4,87,"open,survey_public",87,-0.22656115559609,-0.218497439544974,0.121805900304014,0.117138239955808,-2.76370074616468e-05,1.00736573224661,0.136363636363636
"Malawi","women_zinc","level","infill","spatial",4,87,"open,survey_public",87,0.0150178610483342,0.0053268858164913,0.124433907816863,0.119442051199019,0.002298392300338,1.03416422203958,0.318181818181818
"Malawi","women_zinc","level","infill","domain_index",4,87,"open,survey_public",87,-0.130567908434789,-0.123776269008297,0.171817844273077,0.168116612236664,0.0174787308252485,1.4192065590228,0.181818181818182
"Malawi","women_zinc","level","infill","domain_enet",4,87,"open,survey_public",87,-0.20768118631276,-0.221854256477702,0.127505352403911,0.122177009394482,-0.000277395151892016,1.04544892900366,0.181818181818182
"Malawi","women_zinc","level","infill","raw_enet",4,87,"open,survey_public",87,-0.22656115559609,-0.218497439544974,0.121805900304014,0.117138239955808,-2.76370074611261e-05,1.00736573224661,0.136363636363636
"Malawi","women_zinc","level","infill","spatial_plus_domain",4,87,"open,survey_public",87,0.0150178610483342,0.00532688581664869,0.124433907816853,0.119442051199009,0.00229839230031872,1.03416422203952,0.318181818181818
"Malawi","women_zinc","level","infill","domain_index_cal",4,87,"open,survey_public",87,-0.251877232631042,-0.201857390274139,0.122724748789252,0.117788870646379,0.00134561899701378,1.02152455893595,0.0909090909090909
"Malawi","women_zinc","level","infill","region_mean_jk",4,87,"open,survey_public",87,0.0272976265858224,0.0396908558987537,0.144922714261232,0.142587384028587,0.0107967754026336,1.22714732687789,0.272727272727273
"Malawi","women_zinc","level","infill","null_train_mean",5,87,"open,survey_public",87,-0.235387368102686,-0.20495342686325,0.121404723744153,0.116517482186253,-0.000137910092074318,1.00616599413887,0.136363636363636
"Malawi","women_zinc","level","infill","spatial",5,87,"open,survey_public",87,0.15395130130495,0.150965398966294,0.119617717767593,0.112486888674794,0.00107679032282073,0.992730032739337,0.227272727272727
"Malawi","women_zinc","level","infill","domain_index",5,87,"open,survey_public",87,0.0137602974411314,0.0197007215137001,0.160027665809018,0.152904356469632,0.0044529952229334,1.30319801627145,0.136363636363636
"Malawi","women_zinc","level","infill","domain_enet",5,87,"open,survey_public",87,-0.1332593041907,-0.0147678085618068,0.120491235543684,0.115028097440497,-0.00134214324672109,1.00325905814958,0.136363636363636
"Malawi","women_zinc","level","infill","raw_enet",5,87,"open,survey_public",87,-0.170461744695516,-0.141788123168782,0.124533210088872,0.118721339620907,0.00202738372421772,1.01722755388144,0.227272727272727
"Malawi","women_zinc","level","infill","spatial_plus_domain",5,87,"open,survey_public",87,0.15395130130495,0.150965398966297,0.119617717767593,0.112486888674794,0.00107679032281863,0.992730032739335,0.227272727272727
"Malawi","women_zinc","level","infill","domain_index_cal",5,87,"open,survey_public",87,-0.128745352482321,-0.118446068559114,0.121145986389294,0.115614179753493,0.000811854732713373,1.00768725902174,0.0909090909090909
"Malawi","women_zinc","level","infill","region_mean_jk",5,87,"open,survey_public",87,0.164091770306147,0.200110668377412,0.131320849661091,0.129895270875967,-0.0140916718742353,1.1051173842659,0.0909090909090909
"Malawi","women_zinc","level","infill","null_train_mean",6,87,"open,survey_public",87,-0.143897955639684,-0.203804195520149,0.120774646278648,0.116659870723884,0.000197949595157365,1.00570948222155,0.227272727272727
"Malawi","women_zinc","level","infill","spatial",6,87,"open,survey_public",87,0.140318582780491,0.147268901324081,0.117640817516657,0.113390460103793,-0.00169942705302081,0.989865426720523,0.318181818181818
"Malawi","women_zinc","level","infill","domain_index",6,87,"open,survey_public",87,0.0171684770722461,0.00675114132599273,0.156378278744712,0.155084012424393,0.00432960256233323,1.33367926857856,0.181818181818182
"Malawi","women_zinc","level","infill","domain_enet",6,87,"open,survey_public",87,-0.126183372490601,-0.0859368768667702,0.121084627275609,0.115898307433264,-0.000431483663894249,1.01234809202,0.181818181818182
"Malawi","women_zinc","level","infill","raw_enet",6,87,"open,survey_public",87,-0.143897955639684,-0.203804195520149,0.120774646278648,0.116659870723884,0.000197949595157539,1.00570948222155,0.227272727272727
"Malawi","women_zinc","level","infill","spatial_plus_domain",6,87,"open,survey_public",87,0.140318582780491,0.147268901324079,0.117640817516657,0.113390460103793,-0.00169942705302153,0.989865426720523,0.318181818181818
"Malawi","women_zinc","level","infill","domain_index_cal",6,87,"open,survey_public",87,-0.136873952030327,-0.201974262771943,0.120153577310981,0.115840436462808,3.39790349963003e-05,1.0093261498561,0.136363636363636
"Malawi","women_zinc","level","infill","region_mean_jk",6,87,"open,survey_public",87,0.169044899995546,0.172159509599228,0.124991388722535,0.126693717637463,-0.011947535736485,1.07868895887961,0.181818181818182
"Malawi","women_zinc","level","infill","null_train_mean",7,87,"open,survey_public",87,-0.163336084342304,-0.181586428829249,0.120594665644975,0.115917825984448,-0.000186085106570967,1.00338446873895,0.272727272727273
"Malawi","women_zinc","level","infill","spatial",7,87,"open,survey_public",87,0.100076547350004,0.112630307288499,0.119668327342438,0.114704015998197,-0.00595885694622083,1.00871088185756,0.318181818181818
"Malawi","women_zinc","level","infill","domain_index",7,87,"open,survey_public",87,0.00568637457169935,0.00347325681683184,0.159195877085358,0.15852480133774,0.00570951594383579,1.33967293390172,0.227272727272727
"Malawi","women_zinc","level","infill","domain_enet",7,87,"open,survey_public",87,-0.0537316566001119,-0.00442826854603637,0.120388315100966,0.115533848236516,0.00138752323452318,0.99921593763055,0.318181818181818
"Malawi","women_zinc","level","infill","raw_enet",7,87,"open,survey_public",87,-0.204398446191231,-0.206526884129712,0.12330775242887,0.118494611517363,-0.0060584874469721,1.02688788246155,0.0909090909090909
"Malawi","women_zinc","level","infill","spatial_plus_domain",7,87,"open,survey_public",87,0.100076547350004,0.112630307288495,0.119668327342438,0.114704015998197,-0.00595885694622046,1.00871088185756,0.318181818181818
"Malawi","women_zinc","level","infill","domain_index_cal",7,87,"open,survey_public",87,-0.0960486986950499,-0.198531989593633,0.121121806008323,0.115740398615778,-0.00255784196546063,1.01799016033944,0.227272727272727
"Malawi","women_zinc","level","infill","region_mean_jk",7,87,"open,survey_public",87,0.165721889757361,0.213088393240697,0.128594173664991,0.130056846328649,-0.0081399744978468,1.12021188029769,0.272727272727273
"Malawi","women_zinc","level","infill","null_train_mean",8,87,"open,survey_public",87,-0.0607418270606758,-0.0720613995427642,0.119886231623284,0.115473284638797,-3.92523420556391e-05,0.995665692656568,0.272727272727273
"Malawi","women_zinc","level","infill","spatial",8,87,"open,survey_public",87,0.20141065830721,0.176909620983868,0.117580907360523,0.112261057506757,0.00198597058643065,0.981465059650908,0.318181818181818
"Malawi","women_zinc","level","infill","domain_index",8,87,"open,survey_public",87,0.0553874753954946,0.106953018276074,0.164482601732344,0.159454100634727,0.00762418923628003,1.31525739244721,0.136363636363636
"Malawi","women_zinc","level","infill","domain_enet",8,87,"open,survey_public",87,-0.027765568003248,-0.0485820362010119,0.120300706410228,0.115136713377709,-0.000138141018882068,1.00654041791156,0.0909090909090909
"Malawi","women_zinc","level","infill","raw_enet",8,87,"open,survey_public",87,-0.0607418270606758,-0.0720613995427639,0.119886231623284,0.115473284638797,-3.92523420558228e-05,0.995665692656568,0.272727272727273
"Malawi","women_zinc","level","infill","spatial_plus_domain",8,87,"open,survey_public",87,0.20141065830721,0.176909620983868,0.117580907360523,0.112261057506757,0.00198597058643187,0.981465059650908,0.318181818181818
"Malawi","women_zinc","level","infill","domain_index_cal",8,87,"open,survey_public",87,-0.1666909674127,-0.184186503263607,0.121465624259824,0.117282310359499,0.000951405584725277,1.01276078670557,0.0454545454545455
"Malawi","women_zinc","level","infill","region_mean_jk",8,87,"open,survey_public",87,0.246519662383411,0.228614899166695,0.125434622011586,0.125178334460284,0.00434662539881625,1.06796436528561,0.272727272727273
"Malawi","women_zinc","level","infill","null_train_mean",9,87,"open,survey_public",87,-0.222124797992669,-0.268194697695359,0.122620982340444,0.118223038993225,-0.000240362945666272,1.01403732577978,0.227272727272727
"Malawi","women_zinc","level","infill","spatial",9,87,"open,survey_public",87,0.0881205803018152,0.0605757091487019,0.121100151171303,0.115083395427438,-0.00321447298003384,1.01956977109043,0.318181818181818
"Malawi","women_zinc","level","infill","domain_index",9,87,"open,survey_public",87,-0.00417365313115112,0.00644616917181799,0.164947944171246,0.16247382680808,-0.00852634229491085,1.34504227858078,0.181818181818182
"Malawi","women_zinc","level","infill","domain_enet",9,87,"open,survey_public",87,-0.292671220381031,-0.269482774914016,0.125689637587134,0.120663299320404,-0.00308081514816008,1.03585748523416,0.136363636363636
"Malawi","women_zinc","level","infill","raw_enet",9,87,"open,survey_public",87,-0.30524501888598,-0.301026524225903,0.125183428960771,0.120492714349205,-0.000980959107222755,1.02814542420913,0.136363636363636
"Malawi","women_zinc","level","infill","spatial_plus_domain",9,87,"open,survey_public",87,0.0881205803018152,0.0605757091508197,0.121100151171126,0.115083395427201,-0.00321447297923667,1.01956977108963,0.318181818181818
"Malawi","women_zinc","level","infill","domain_index_cal",9,87,"open,survey_public",87,-0.242181234963913,-0.278337951499735,0.124165386812671,0.119841716520408,-0.00120580386997641,1.03146056182426,0.136363636363636
"Malawi","women_zinc","level","infill","region_mean_jk",9,87,"open,survey_public",87,0.193204707753078,0.196398538773638,0.128684761714643,0.129246500216794,-0.00994083751495756,1.09232229424647,0.227272727272727
"Malawi","women_zinc","level","infill","null_train_mean",10,87,"open,survey_public",87,-0.208341397639902,-0.195229496730502,0.121050394935047,0.116215646687032,0.000246011904971677,1.00494954061689,0.181818181818182
"Malawi","women_zinc","level","infill","spatial",10,87,"open,survey_public",87,0.105179704016913,0.114898631762423,0.12368334309905,0.117957197436178,-0.00194702321361202,1.00748448415037,0.318181818181818
"Malawi","women_zinc","level","infill","domain_index",10,87,"open,survey_public",87,0.00616023911934096,0.00944077276493568,0.164434682185492,0.162535623580419,0.00275801126743619,1.30387659990142,0.136363636363636
"Malawi","women_zinc","level","infill","domain_enet",10,87,"open,survey_public",87,-0.153890563341824,-0.0899792906293418,0.120722877234959,0.116185593112283,0.000781812910558492,1.00406279403815,0.227272727272727
"Malawi","women_zinc","level","infill","raw_enet",10,87,"open,survey_public",87,-0.211566059973622,-0.191611824103055,0.121595807110081,0.117010554557337,8.72268839992374e-05,1.00902896670778,0.181818181818182
"Malawi","women_zinc","level","infill","spatial_plus_domain",10,87,"open,survey_public",87,0.105179704016913,0.114898631762432,0.123683343099049,0.117957197436179,-0.00194702321360513,1.00748448415036,0.318181818181818
"Malawi","women_zinc","level","infill","domain_index_cal",10,87,"open,survey_public",87,-0.19576073485456,-0.174149793962524,0.121120100792754,0.116181466173883,0.00099044333977455,1.00892946951745,0.0454545454545455
"Malawi","women_zinc","level","infill","region_mean_jk",10,87,"open,survey_public",87,0.141659946455705,0.161742508050109,0.132290458988998,0.131519068832935,-0.0091001142538453,1.12025252354709,0.181818181818182
"Malawi","women_zinc","level","region","null_train_mean",1,87,"open,survey_public",87,-0.573167091406886,-0.576924577417639,0.121825673930702,0.117271025056608,0.000409174998400327,1.0101641142341,0.0909090909090909
"Malawi","women_zinc","level","region","spatial",1,87,"open,survey_public",87,0.0571371291098637,0.0312546350267167,0.125802180746684,0.120267227518229,0.00342370270255818,1.03817352273322,0.318181818181818
"Malawi","women_zinc","level","region","domain_index",1,87,"open,survey_public",87,-0.143307574542538,-0.157303817850648,0.16752727221515,0.16467828312604,0.00861966412392884,1.38759402685406,0.181818181818182
"Malawi","women_zinc","level","region","domain_enet",1,87,"open,survey_public",87,-0.296447540126246,-0.20977883348293,0.124365663555622,0.118765121755253,-0.000535860332528187,1.03038681219717,0.0909090909090909
"Malawi","women_zinc","level","region","raw_enet",1,87,"open,survey_public",87,-0.572664082106994,-0.219881127519038,0.126080241033313,0.120973699652654,-0.0044286258167007,1.04779037625604,0.0909090909090909
"Malawi","women_zinc","level","region","spatial_plus_domain",1,87,"open,survey_public",87,0.0571371291098637,0.0312546350267147,0.125802180746683,0.120267227518228,0.00342370270255628,1.03817352273322,0.318181818181818
"Malawi","women_zinc","level","region","domain_index_cal",1,87,"open,survey_public",87,-0.282550849311074,-0.328840572189126,0.125124186060524,0.119752916990192,6.87676943370919e-05,1.0417469775215,0.0909090909090909
"SierraLeone","child_vitA","prev","infill","null_train_mean",1,14,"open,survey_public",2,NA,NA,NA,NA,NA,NA,NA
"SierraLeone","child_vitA","prev","infill","spatial",1,14,"open,survey_public",2,NA,NA,NA,NA,NA,NA,NA
"SierraLeone","child_vitA","prev","infill","domain_index",1,14,"open,survey_public",2,NA,NA,NA,NA,NA,NA,NA
"SierraLeone","child_vitA","prev","infill","domain_enet",1,14,"open,survey_public",2,NA,NA,NA,NA,NA,NA,NA
"SierraLeone","child_vitA","prev","infill","raw_enet",1,14,"open,survey_public",2,NA,NA,NA,NA,NA,NA,NA
"SierraLeone","child_vitA","prev","infill","spatial_plus_domain",1,14,"open,survey_public",2,NA,NA,NA,NA,NA,NA,NA
"SierraLeone","child_vitA","prev","infill","domain_index_cal",1,14,"open,survey_public",2,NA,NA,NA,NA,NA,NA,NA
"SierraLeone","child_vitA","prev","infill","region_mean_jk",1,14,"open,survey_public",2,NA,NA,NA,NA,NA,NA,NA
"SierraLeone","child_vitA","prev","infill","null_train_mean",2,14,"open,survey_public",2,NA,NA,NA,NA,NA,NA,NA
"SierraLeone","child_vitA","prev","infill","spatial",2,14,"open,survey_public",2,NA,NA,NA,NA,NA,NA,NA
"SierraLeone","child_vitA","prev","infill","domain_index",2,14,"open,survey_public",2,NA,NA,NA,NA,NA,NA,NA
"SierraLeone","child_vitA","prev","infill","domain_enet",2,14,"open,survey_public",2,NA,NA,NA,NA,NA,NA,NA
"SierraLeone","child_vitA","prev","infill","raw_enet",2,14,"open,survey_public",2,NA,NA,NA,NA,NA,NA,NA
"SierraLeone","child_vitA","prev","infill","spatial_plus_domain",2,14,"open,survey_public",2,NA,NA,NA,NA,NA,NA,NA
"SierraLeone","child_vitA","prev","infill","domain_index_cal",2,14,"open,survey_public",2,NA,NA,NA,NA,NA,NA,NA
"SierraLeone","child_vitA","prev","infill","region_mean_jk",2,14,"open,survey_public",2,NA,NA,NA,NA,NA,NA,NA
"SierraLeone","child_vitA","prev","infill","null_train_mean",3,14,"open,survey_public",2,NA,NA,NA,NA,NA,NA,NA
"SierraLeone","child_vitA","prev","infill","spatial",3,14,"open,survey_public",2,NA,NA,NA,NA,NA,NA,NA
"SierraLeone","child_vitA","prev","infill","domain_index",3,14,"open,survey_public",2,NA,NA,NA,NA,NA,NA,NA
"SierraLeone","child_vitA","prev","infill","domain_enet",3,14,"open,survey_public",2,NA,NA,NA,NA,NA,NA,NA
"SierraLeone","child_vitA","prev","infill","raw_enet",3,14,"open,survey_public",2,NA,NA,NA,NA,NA,NA,NA
"SierraLeone","child_vitA","prev","infill","spatial_plus_domain",3,14,"open,survey_public",2,NA,NA,NA,NA,NA,NA,NA
"SierraLeone","child_vitA","prev","infill","domain_index_cal",3,14,"open,survey_public",2,NA,NA,NA,NA,NA,NA,NA
"SierraLeone","child_vitA","prev","infill","region_mean_jk",3,14,"open,survey_public",2,NA,NA,NA,NA,NA,NA,NA
"SierraLeone","child_vitA","prev","infill","null_train_mean",4,14,"open,survey_public",2,NA,NA,NA,NA,NA,NA,NA
"SierraLeone","child_vitA","prev","infill","spatial",4,14,"open,survey_public",2,NA,NA,NA,NA,NA,NA,NA
"SierraLeone","child_vitA","prev","infill","domain_index",4,14,"open,survey_public",2,NA,NA,NA,NA,NA,NA,NA
"SierraLeone","child_vitA","prev","infill","domain_enet",4,14,"open,survey_public",2,NA,NA,NA,NA,NA,NA,NA
"SierraLeone","child_vitA","prev","infill","raw_enet",4,14,"open,survey_public",2,NA,NA,NA,NA,NA,NA,NA
"SierraLeone","child_vitA","prev","infill","spatial_plus_domain",4,14,"open,survey_public",2,NA,NA,NA,NA,NA,NA,NA
"SierraLeone","child_vitA","prev","infill","domain_index_cal",4,14,"open,survey_public",2,NA,NA,NA,NA,NA,NA,NA
"SierraLeone","child_vitA","prev","infill","region_mean_jk",4,14,"open,survey_public",2,NA,NA,NA,NA,NA,NA,NA
"SierraLeone","child_vitA","prev","infill","null_train_mean",5,14,"open,survey_public",2,NA,NA,NA,NA,NA,NA,NA
"SierraLeone","child_vitA","prev","infill","spatial",5,14,"open,survey_public",2,NA,NA,NA,NA,NA,NA,NA
"SierraLeone","child_vitA","prev","infill","domain_index",5,14,"open,survey_public",2,NA,NA,NA,NA,NA,NA,NA
"SierraLeone","child_vitA","prev","infill","domain_enet",5,14,"open,survey_public",2,NA,NA,NA,NA,NA,NA,NA
"SierraLeone","child_vitA","prev","infill","raw_enet",5,14,"open,survey_public",2,NA,NA,NA,NA,NA,NA,NA
"SierraLeone","child_vitA","prev","infill","spatial_plus_domain",5,14,"open,survey_public",2,NA,NA,NA,NA,NA,NA,NA
"SierraLeone","child_vitA","prev","infill","domain_index_cal",5,14,"open,survey_public",2,NA,NA,NA,NA,NA,NA,NA
"SierraLeone","child_vitA","prev","infill","region_mean_jk",5,14,"open,survey_public",2,NA,NA,NA,NA,NA,NA,NA
"SierraLeone","child_vitA","prev","infill","null_train_mean",6,14,"open,survey_public",2,NA,NA,NA,NA,NA,NA,NA
"SierraLeone","child_vitA","prev","infill","spatial",6,14,"open,survey_public",2,NA,NA,NA,NA,NA,NA,NA
"SierraLeone","child_vitA","prev","infill","domain_index",6,14,"open,survey_public",2,NA,NA,NA,NA,NA,NA,NA
"SierraLeone","child_vitA","prev","infill","domain_enet",6,14,"open,survey_public",2,NA,NA,NA,NA,NA,NA,NA
"SierraLeone","child_vitA","prev","infill","raw_enet",6,14,"open,survey_public",2,NA,NA,NA,NA,NA,NA,NA
"SierraLeone","child_vitA","prev","infill","spatial_plus_domain",6,14,"open,survey_public",2,NA,NA,NA,NA,NA,NA,NA
"SierraLeone","child_vitA","prev","infill","domain_index_cal",6,14,"open,survey_public",2,NA,NA,NA,NA,NA,NA,NA
"SierraLeone","child_vitA","prev","infill","region_mean_jk",6,14,"open,survey_public",2,NA,NA,NA,NA,NA,NA,NA
"SierraLeone","child_vitA","prev","infill","null_train_mean",7,14,"open,survey_public",2,NA,NA,NA,NA,NA,NA,NA
"SierraLeone","child_vitA","prev","infill","spatial",7,14,"open,survey_public",2,NA,NA,NA,NA,NA,NA,NA
"SierraLeone","child_vitA","prev","infill","domain_index",7,14,"open,survey_public",2,NA,NA,NA,NA,NA,NA,NA
"SierraLeone","child_vitA","prev","infill","domain_enet",7,14,"open,survey_public",2,NA,NA,NA,NA,NA,NA,NA
"SierraLeone","child_vitA","prev","infill","raw_enet",7,14,"open,survey_public",2,NA,NA,NA,NA,NA,NA,NA
"SierraLeone","child_vitA","prev","infill","spatial_plus_domain",7,14,"open,survey_public",2,NA,NA,NA,NA,NA,NA,NA
"SierraLeone","child_vitA","prev","infill","domain_index_cal",7,14,"open,survey_public",2,NA,NA,NA,NA,NA,NA,NA
"SierraLeone","child_vitA","prev","infill","region_mean_jk",7,14,"open,survey_public",2,NA,NA,NA,NA,NA,NA,NA
"SierraLeone","child_vitA","prev","infill","null_train_mean",8,14,"open,survey_public",2,NA,NA,NA,NA,NA,NA,NA
"SierraLeone","child_vitA","prev","infill","spatial",8,14,"open,survey_public",2,NA,NA,NA,NA,NA,NA,NA
"SierraLeone","child_vitA","prev","infill","domain_index",8,14,"open,survey_public",2,NA,NA,NA,NA,NA,NA,NA
"SierraLeone","child_vitA","prev","infill","domain_enet",8,14,"open,survey_public",2,NA,NA,NA,NA,NA,NA,NA
"SierraLeone","child_vitA","prev","infill","raw_enet",8,14,"open,survey_public",2,NA,NA,NA,NA,NA,NA,NA
"SierraLeone","child_vitA","prev","infill","spatial_plus_domain",8,14,"open,survey_public",2,NA,NA,NA,NA,NA,NA,NA
"SierraLeone","child_vitA","prev","infill","domain_index_cal",8,14,"open,survey_public",2,NA,NA,NA,NA,NA,NA,NA
"SierraLeone","child_vitA","prev","infill","region_mean_jk",8,14,"open,survey_public",2,NA,NA,NA,NA,NA,NA,NA
"SierraLeone","child_vitA","prev","infill","null_train_mean",9,14,"open,survey_public",2,NA,NA,NA,NA,NA,NA,NA
"SierraLeone","child_vitA","prev","infill","spatial",9,14,"open,survey_public",2,NA,NA,NA,NA,NA,NA,NA
"SierraLeone","child_vitA","prev","infill","domain_index",9,14,"open,survey_public",2,NA,NA,NA,NA,NA,NA,NA
"SierraLeone","child_vitA","prev","infill","domain_enet",9,14,"open,survey_public",2,NA,NA,NA,NA,NA,NA,NA
"SierraLeone","child_vitA","prev","infill","raw_enet",9,14,"open,survey_public",2,NA,NA,NA,NA,NA,NA,NA
"SierraLeone","child_vitA","prev","infill","spatial_plus_domain",9,14,"open,survey_public",2,NA,NA,NA,NA,NA,NA,NA
"SierraLeone","child_vitA","prev","infill","domain_index_cal",9,14,"open,survey_public",2,NA,NA,NA,NA,NA,NA,NA
"SierraLeone","child_vitA","prev","infill","region_mean_jk",9,14,"open,survey_public",2,NA,NA,NA,NA,NA,NA,NA
"SierraLeone","child_vitA","prev","infill","null_train_mean",10,14,"open,survey_public",2,NA,NA,NA,NA,NA,NA,NA
"SierraLeone","child_vitA","prev","infill","spatial",10,14,"open,survey_public",2,NA,NA,NA,NA,NA,NA,NA
"SierraLeone","child_vitA","prev","infill","domain_index",10,14,"open,survey_public",2,NA,NA,NA,NA,NA,NA,NA
"SierraLeone","child_vitA","prev","infill","domain_enet",10,14,"open,survey_public",2,NA,NA,NA,NA,NA,NA,NA
"SierraLeone","child_vitA","prev","infill","raw_enet",10,14,"open,survey_public",2,NA,NA,NA,NA,NA,NA,NA
"SierraLeone","child_vitA","prev","infill","spatial_plus_domain",10,14,"open,survey_public",2,NA,NA,NA,NA,NA,NA,NA
"SierraLeone","child_vitA","prev","infill","domain_index_cal",10,14,"open,survey_public",2,NA,NA,NA,NA,NA,NA,NA
"SierraLeone","child_vitA","prev","infill","region_mean_jk",10,14,"open,survey_public",2,NA,NA,NA,NA,NA,NA,NA
"SierraLeone","child_vitA","prev","region","null_train_mean",1,14,"open,survey_public",2,NA,NA,NA,NA,NA,NA,NA
"SierraLeone","child_vitA","prev","region","spatial",1,14,"open,survey_public",2,NA,NA,NA,NA,NA,NA,NA
"SierraLeone","child_vitA","prev","region","domain_index",1,14,"open,survey_public",2,NA,NA,NA,NA,NA,NA,NA
"SierraLeone","child_vitA","prev","region","domain_enet",1,14,"open,survey_public",2,NA,NA,NA,NA,NA,NA,NA
"SierraLeone","child_vitA","prev","region","raw_enet",1,14,"open,survey_public",2,NA,NA,NA,NA,NA,NA,NA
"SierraLeone","child_vitA","prev","region","spatial_plus_domain",1,14,"open,survey_public",2,NA,NA,NA,NA,NA,NA,NA
"SierraLeone","child_vitA","prev","region","domain_index_cal",1,14,"open,survey_public",2,NA,NA,NA,NA,NA,NA,NA
"SierraLeone","child_vitA","level","infill","null_train_mean",1,14,"open,survey_public",2,NA,NA,NA,NA,NA,NA,NA
"SierraLeone","child_vitA","level","infill","spatial",1,14,"open,survey_public",2,NA,NA,NA,NA,NA,NA,NA
"SierraLeone","child_vitA","level","infill","domain_index",1,14,"open,survey_public",2,NA,NA,NA,NA,NA,NA,NA
"SierraLeone","child_vitA","level","infill","domain_enet",1,14,"open,survey_public",2,NA,NA,NA,NA,NA,NA,NA
"SierraLeone","child_vitA","level","infill","raw_enet",1,14,"open,survey_public",2,NA,NA,NA,NA,NA,NA,NA
"SierraLeone","child_vitA","level","infill","spatial_plus_domain",1,14,"open,survey_public",2,NA,NA,NA,NA,NA,NA,NA
"SierraLeone","child_vitA","level","infill","domain_index_cal",1,14,"open,survey_public",2,NA,NA,NA,NA,NA,NA,NA
"SierraLeone","child_vitA","level","infill","region_mean_jk",1,14,"open,survey_public",2,NA,NA,NA,NA,NA,NA,NA
"SierraLeone","child_vitA","level","infill","null_train_mean",2,14,"open,survey_public",2,NA,NA,NA,NA,NA,NA,NA
"SierraLeone","child_vitA","level","infill","spatial",2,14,"open,survey_public",2,NA,NA,NA,NA,NA,NA,NA
"SierraLeone","child_vitA","level","infill","domain_index",2,14,"open,survey_public",2,NA,NA,NA,NA,NA,NA,NA
"SierraLeone","child_vitA","level","infill","domain_enet",2,14,"open,survey_public",2,NA,NA,NA,NA,NA,NA,NA
"SierraLeone","child_vitA","level","infill","raw_enet",2,14,"open,survey_public",2,NA,NA,NA,NA,NA,NA,NA
"SierraLeone","child_vitA","level","infill","spatial_plus_domain",2,14,"open,survey_public",2,NA,NA,NA,NA,NA,NA,NA
"SierraLeone","child_vitA","level","infill","domain_index_cal",2,14,"open,survey_public",2,NA,NA,NA,NA,NA,NA,NA
"SierraLeone","child_vitA","level","infill","region_mean_jk",2,14,"open,survey_public",2,NA,NA,NA,NA,NA,NA,NA
"SierraLeone","child_vitA","level","infill","null_train_mean",3,14,"open,survey_public",2,NA,NA,NA,NA,NA,NA,NA
"SierraLeone","child_vitA","level","infill","spatial",3,14,"open,survey_public",2,NA,NA,NA,NA,NA,NA,NA
"SierraLeone","child_vitA","level","infill","domain_index",3,14,"open,survey_public",2,NA,NA,NA,NA,NA,NA,NA
"SierraLeone","child_vitA","level","infill","domain_enet",3,14,"open,survey_public",2,NA,NA,NA,NA,NA,NA,NA
"SierraLeone","child_vitA","level","infill","raw_enet",3,14,"open,survey_public",2,NA,NA,NA,NA,NA,NA,NA
"SierraLeone","child_vitA","level","infill","spatial_plus_domain",3,14,"open,survey_public",2,NA,NA,NA,NA,NA,NA,NA
"SierraLeone","child_vitA","level","infill","domain_index_cal",3,14,"open,survey_public",2,NA,NA,NA,NA,NA,NA,NA
"SierraLeone","child_vitA","level","infill","region_mean_jk",3,14,"open,survey_public",2,NA,NA,NA,NA,NA,NA,NA
"SierraLeone","child_vitA","level","infill","null_train_mean",4,14,"open,survey_public",2,NA,NA,NA,NA,NA,NA,NA
"SierraLeone","child_vitA","level","infill","spatial",4,14,"open,survey_public",2,NA,NA,NA,NA,NA,NA,NA
"SierraLeone","child_vitA","level","infill","domain_index",4,14,"open,survey_public",2,NA,NA,NA,NA,NA,NA,NA
"SierraLeone","child_vitA","level","infill","domain_enet",4,14,"open,survey_public",2,NA,NA,NA,NA,NA,NA,NA
"SierraLeone","child_vitA","level","infill","raw_enet",4,14,"open,survey_public",2,NA,NA,NA,NA,NA,NA,NA
"SierraLeone","child_vitA","level","infill","spatial_plus_domain",4,14,"open,survey_public",2,NA,NA,NA,NA,NA,NA,NA
"SierraLeone","child_vitA","level","infill","domain_index_cal",4,14,"open,survey_public",2,NA,NA,NA,NA,NA,NA,NA
"SierraLeone","child_vitA","level","infill","region_mean_jk",4,14,"open,survey_public",2,NA,NA,NA,NA,NA,NA,NA
"SierraLeone","child_vitA","level","infill","null_train_mean",5,14,"open,survey_public",2,NA,NA,NA,NA,NA,NA,NA
"SierraLeone","child_vitA","level","infill","spatial",5,14,"open,survey_public",2,NA,NA,NA,NA,NA,NA,NA
"SierraLeone","child_vitA","level","infill","domain_index",5,14,"open,survey_public",2,NA,NA,NA,NA,NA,NA,NA
"SierraLeone","child_vitA","level","infill","domain_enet",5,14,"open,survey_public",2,NA,NA,NA,NA,NA,NA,NA
"SierraLeone","child_vitA","level","infill","raw_enet",5,14,"open,survey_public",2,NA,NA,NA,NA,NA,NA,NA
"SierraLeone","child_vitA","level","infill","spatial_plus_domain",5,14,"open,survey_public",2,NA,NA,NA,NA,NA,NA,NA
"SierraLeone","child_vitA","level","infill","domain_index_cal",5,14,"open,survey_public",2,NA,NA,NA,NA,NA,NA,NA
"SierraLeone","child_vitA","level","infill","region_mean_jk",5,14,"open,survey_public",2,NA,NA,NA,NA,NA,NA,NA
"SierraLeone","child_vitA","level","infill","null_train_mean",6,14,"open,survey_public",2,NA,NA,NA,NA,NA,NA,NA
"SierraLeone","child_vitA","level","infill","spatial",6,14,"open,survey_public",2,NA,NA,NA,NA,NA,NA,NA
"SierraLeone","child_vitA","level","infill","domain_index",6,14,"open,survey_public",2,NA,NA,NA,NA,NA,NA,NA
"SierraLeone","child_vitA","level","infill","domain_enet",6,14,"open,survey_public",2,NA,NA,NA,NA,NA,NA,NA
"SierraLeone","child_vitA","level","infill","raw_enet",6,14,"open,survey_public",2,NA,NA,NA,NA,NA,NA,NA
"SierraLeone","child_vitA","level","infill","spatial_plus_domain",6,14,"open,survey_public",2,NA,NA,NA,NA,NA,NA,NA
"SierraLeone","child_vitA","level","infill","domain_index_cal",6,14,"open,survey_public",2,NA,NA,NA,NA,NA,NA,NA
"SierraLeone","child_vitA","level","infill","region_mean_jk",6,14,"open,survey_public",2,NA,NA,NA,NA,NA,NA,NA
"SierraLeone","child_vitA","level","infill","null_train_mean",7,14,"open,survey_public",2,NA,NA,NA,NA,NA,NA,NA
"SierraLeone","child_vitA","level","infill","spatial",7,14,"open,survey_public",2,NA,NA,NA,NA,NA,NA,NA
"SierraLeone","child_vitA","level","infill","domain_index",7,14,"open,survey_public",2,NA,NA,NA,NA,NA,NA,NA
"SierraLeone","child_vitA","level","infill","domain_enet",7,14,"open,survey_public",2,NA,NA,NA,NA,NA,NA,NA
"SierraLeone","child_vitA","level","infill","raw_enet",7,14,"open,survey_public",2,NA,NA,NA,NA,NA,NA,NA
"SierraLeone","child_vitA","level","infill","spatial_plus_domain",7,14,"open,survey_public",2,NA,NA,NA,NA,NA,NA,NA
"SierraLeone","child_vitA","level","infill","domain_index_cal",7,14,"open,survey_public",2,NA,NA,NA,NA,NA,NA,NA
"SierraLeone","child_vitA","level","infill","region_mean_jk",7,14,"open,survey_public",2,NA,NA,NA,NA,NA,NA,NA
"SierraLeone","child_vitA","level","infill","null_train_mean",8,14,"open,survey_public",2,NA,NA,NA,NA,NA,NA,NA
"SierraLeone","child_vitA","level","infill","spatial",8,14,"open,survey_public",2,NA,NA,NA,NA,NA,NA,NA
"SierraLeone","child_vitA","level","infill","domain_index",8,14,"open,survey_public",2,NA,NA,NA,NA,NA,NA,NA
"SierraLeone","child_vitA","level","infill","domain_enet",8,14,"open,survey_public",2,NA,NA,NA,NA,NA,NA,NA
"SierraLeone","child_vitA","level","infill","raw_enet",8,14,"open,survey_public",2,NA,NA,NA,NA,NA,NA,NA
"SierraLeone","child_vitA","level","infill","spatial_plus_domain",8,14,"open,survey_public",2,NA,NA,NA,NA,NA,NA,NA
"SierraLeone","child_vitA","level","infill","domain_index_cal",8,14,"open,survey_public",2,NA,NA,NA,NA,NA,NA,NA
"SierraLeone","child_vitA","level","infill","region_mean_jk",8,14,"open,survey_public",2,NA,NA,NA,NA,NA,NA,NA
"SierraLeone","child_vitA","level","infill","null_train_mean",9,14,"open,survey_public",2,NA,NA,NA,NA,NA,NA,NA
"SierraLeone","child_vitA","level","infill","spatial",9,14,"open,survey_public",2,NA,NA,NA,NA,NA,NA,NA
"SierraLeone","child_vitA","level","infill","domain_index",9,14,"open,survey_public",2,NA,NA,NA,NA,NA,NA,NA
"SierraLeone","child_vitA","level","infill","domain_enet",9,14,"open,survey_public",2,NA,NA,NA,NA,NA,NA,NA
"SierraLeone","child_vitA","level","infill","raw_enet",9,14,"open,survey_public",2,NA,NA,NA,NA,NA,NA,NA
"SierraLeone","child_vitA","level","infill","spatial_plus_domain",9,14,"open,survey_public",2,NA,NA,NA,NA,NA,NA,NA
"SierraLeone","child_vitA","level","infill","domain_index_cal",9,14,"open,survey_public",2,NA,NA,NA,NA,NA,NA,NA
"SierraLeone","child_vitA","level","infill","region_mean_jk",9,14,"open,survey_public",2,NA,NA,NA,NA,NA,NA,NA
"SierraLeone","child_vitA","level","infill","null_train_mean",10,14,"open,survey_public",2,NA,NA,NA,NA,NA,NA,NA
"SierraLeone","child_vitA","level","infill","spatial",10,14,"open,survey_public",2,NA,NA,NA,NA,NA,NA,NA
"SierraLeone","child_vitA","level","infill","domain_index",10,14,"open,survey_public",2,NA,NA,NA,NA,NA,NA,NA
"SierraLeone","child_vitA","level","infill","domain_enet",10,14,"open,survey_public",2,NA,NA,NA,NA,NA,NA,NA
"SierraLeone","child_vitA","level","infill","raw_enet",10,14,"open,survey_public",2,NA,NA,NA,NA,NA,NA,NA
"SierraLeone","child_vitA","level","infill","spatial_plus_domain",10,14,"open,survey_public",2,NA,NA,NA,NA,NA,NA,NA
"SierraLeone","child_vitA","level","infill","domain_index_cal",10,14,"open,survey_public",2,NA,NA,NA,NA,NA,NA,NA
"SierraLeone","child_vitA","level","infill","region_mean_jk",10,14,"open,survey_public",2,NA,NA,NA,NA,NA,NA,NA
"SierraLeone","child_vitA","level","region","null_train_mean",1,14,"open,survey_public",2,NA,NA,NA,NA,NA,NA,NA
"SierraLeone","child_vitA","level","region","spatial",1,14,"open,survey_public",2,NA,NA,NA,NA,NA,NA,NA
"SierraLeone","child_vitA","level","region","domain_index",1,14,"open,survey_public",2,NA,NA,NA,NA,NA,NA,NA
"SierraLeone","child_vitA","level","region","domain_enet",1,14,"open,survey_public",2,NA,NA,NA,NA,NA,NA,NA
"SierraLeone","child_vitA","level","region","raw_enet",1,14,"open,survey_public",2,NA,NA,NA,NA,NA,NA,NA
"SierraLeone","child_vitA","level","region","spatial_plus_domain",1,14,"open,survey_public",2,NA,NA,NA,NA,NA,NA,NA
"SierraLeone","child_vitA","level","region","domain_index_cal",1,14,"open,survey_public",2,NA,NA,NA,NA,NA,NA,NA
"SierraLeone","women_vitA","prev","infill","null_train_mean",1,14,"open,survey_public",2,NA,NA,NA,NA,NA,NA,NA
"SierraLeone","women_vitA","prev","infill","spatial",1,14,"open,survey_public",2,NA,NA,NA,NA,NA,NA,NA
"SierraLeone","women_vitA","prev","infill","domain_index",1,14,"open,survey_public",2,NA,NA,NA,NA,NA,NA,NA
"SierraLeone","women_vitA","prev","infill","domain_enet",1,14,"open,survey_public",2,NA,NA,NA,NA,NA,NA,NA
"SierraLeone","women_vitA","prev","infill","raw_enet",1,14,"open,survey_public",2,NA,NA,NA,NA,NA,NA,NA
"SierraLeone","women_vitA","prev","infill","spatial_plus_domain",1,14,"open,survey_public",2,NA,NA,NA,NA,NA,NA,NA
"SierraLeone","women_vitA","prev","infill","domain_index_cal",1,14,"open,survey_public",2,NA,NA,NA,NA,NA,NA,NA
"SierraLeone","women_vitA","prev","infill","region_mean_jk",1,14,"open,survey_public",2,NA,NA,NA,NA,NA,NA,NA
"SierraLeone","women_vitA","prev","infill","null_train_mean",2,14,"open,survey_public",2,NA,NA,NA,NA,NA,NA,NA
"SierraLeone","women_vitA","prev","infill","spatial",2,14,"open,survey_public",2,NA,NA,NA,NA,NA,NA,NA
"SierraLeone","women_vitA","prev","infill","domain_index",2,14,"open,survey_public",2,NA,NA,NA,NA,NA,NA,NA
"SierraLeone","women_vitA","prev","infill","domain_enet",2,14,"open,survey_public",2,NA,NA,NA,NA,NA,NA,NA
"SierraLeone","women_vitA","prev","infill","raw_enet",2,14,"open,survey_public",2,NA,NA,NA,NA,NA,NA,NA
"SierraLeone","women_vitA","prev","infill","spatial_plus_domain",2,14,"open,survey_public",2,NA,NA,NA,NA,NA,NA,NA
"SierraLeone","women_vitA","prev","infill","domain_index_cal",2,14,"open,survey_public",2,NA,NA,NA,NA,NA,NA,NA
"SierraLeone","women_vitA","prev","infill","region_mean_jk",2,14,"open,survey_public",2,NA,NA,NA,NA,NA,NA,NA
"SierraLeone","women_vitA","prev","infill","null_train_mean",3,14,"open,survey_public",2,NA,NA,NA,NA,NA,NA,NA
"SierraLeone","women_vitA","prev","infill","spatial",3,14,"open,survey_public",2,NA,NA,NA,NA,NA,NA,NA
"SierraLeone","women_vitA","prev","infill","domain_index",3,14,"open,survey_public",2,NA,NA,NA,NA,NA,NA,NA
"SierraLeone","women_vitA","prev","infill","domain_enet",3,14,"open,survey_public",2,NA,NA,NA,NA,NA,NA,NA
"SierraLeone","women_vitA","prev","infill","raw_enet",3,14,"open,survey_public",2,NA,NA,NA,NA,NA,NA,NA
"SierraLeone","women_vitA","prev","infill","spatial_plus_domain",3,14,"open,survey_public",2,NA,NA,NA,NA,NA,NA,NA
"SierraLeone","women_vitA","prev","infill","domain_index_cal",3,14,"open,survey_public",2,NA,NA,NA,NA,NA,NA,NA
"SierraLeone","women_vitA","prev","infill","region_mean_jk",3,14,"open,survey_public",2,NA,NA,NA,NA,NA,NA,NA
"SierraLeone","women_vitA","prev","infill","null_train_mean",4,14,"open,survey_public",2,NA,NA,NA,NA,NA,NA,NA
"SierraLeone","women_vitA","prev","infill","spatial",4,14,"open,survey_public",2,NA,NA,NA,NA,NA,NA,NA
"SierraLeone","women_vitA","prev","infill","domain_index",4,14,"open,survey_public",2,NA,NA,NA,NA,NA,NA,NA
"SierraLeone","women_vitA","prev","infill","domain_enet",4,14,"open,survey_public",2,NA,NA,NA,NA,NA,NA,NA
"SierraLeone","women_vitA","prev","infill","raw_enet",4,14,"open,survey_public",2,NA,NA,NA,NA,NA,NA,NA
"SierraLeone","women_vitA","prev","infill","spatial_plus_domain",4,14,"open,survey_public",2,NA,NA,NA,NA,NA,NA,NA
"SierraLeone","women_vitA","prev","infill","domain_index_cal",4,14,"open,survey_public",2,NA,NA,NA,NA,NA,NA,NA
"SierraLeone","women_vitA","prev","infill","region_mean_jk",4,14,"open,survey_public",2,NA,NA,NA,NA,NA,NA,NA
"SierraLeone","women_vitA","prev","infill","null_train_mean",5,14,"open,survey_public",2,NA,NA,NA,NA,NA,NA,NA
"SierraLeone","women_vitA","prev","infill","spatial",5,14,"open,survey_public",2,NA,NA,NA,NA,NA,NA,NA
"SierraLeone","women_vitA","prev","infill","domain_index",5,14,"open,survey_public",2,NA,NA,NA,NA,NA,NA,NA
"SierraLeone","women_vitA","prev","infill","domain_enet",5,14,"open,survey_public",2,NA,NA,NA,NA,NA,NA,NA
"SierraLeone","women_vitA","prev","infill","raw_enet",5,14,"open,survey_public",2,NA,NA,NA,NA,NA,NA,NA
"SierraLeone","women_vitA","prev","infill","spatial_plus_domain",5,14,"open,survey_public",2,NA,NA,NA,NA,NA,NA,NA
"SierraLeone","women_vitA","prev","infill","domain_index_cal",5,14,"open,survey_public",2,NA,NA,NA,NA,NA,NA,NA
"SierraLeone","women_vitA","prev","infill","region_mean_jk",5,14,"open,survey_public",2,NA,NA,NA,NA,NA,NA,NA
"SierraLeone","women_vitA","prev","infill","null_train_mean",6,14,"open,survey_public",2,NA,NA,NA,NA,NA,NA,NA
"SierraLeone","women_vitA","prev","infill","spatial",6,14,"open,survey_public",2,NA,NA,NA,NA,NA,NA,NA
"SierraLeone","women_vitA","prev","infill","domain_index",6,14,"open,survey_public",2,NA,NA,NA,NA,NA,NA,NA
"SierraLeone","women_vitA","prev","infill","domain_enet",6,14,"open,survey_public",2,NA,NA,NA,NA,NA,NA,NA
"SierraLeone","women_vitA","prev","infill","raw_enet",6,14,"open,survey_public",2,NA,NA,NA,NA,NA,NA,NA
"SierraLeone","women_vitA","prev","infill","spatial_plus_domain",6,14,"open,survey_public",2,NA,NA,NA,NA,NA,NA,NA
"SierraLeone","women_vitA","prev","infill","domain_index_cal",6,14,"open,survey_public",2,NA,NA,NA,NA,NA,NA,NA
"SierraLeone","women_vitA","prev","infill","region_mean_jk",6,14,"open,survey_public",2,NA,NA,NA,NA,NA,NA,NA
"SierraLeone","women_vitA","prev","infill","null_train_mean",7,14,"open,survey_public",2,NA,NA,NA,NA,NA,NA,NA
"SierraLeone","women_vitA","prev","infill","spatial",7,14,"open,survey_public",2,NA,NA,NA,NA,NA,NA,NA
"SierraLeone","women_vitA","prev","infill","domain_index",7,14,"open,survey_public",2,NA,NA,NA,NA,NA,NA,NA
"SierraLeone","women_vitA","prev","infill","domain_enet",7,14,"open,survey_public",2,NA,NA,NA,NA,NA,NA,NA
"SierraLeone","women_vitA","prev","infill","raw_enet",7,14,"open,survey_public",2,NA,NA,NA,NA,NA,NA,NA
"SierraLeone","women_vitA","prev","infill","spatial_plus_domain",7,14,"open,survey_public",2,NA,NA,NA,NA,NA,NA,NA
"SierraLeone","women_vitA","prev","infill","domain_index_cal",7,14,"open,survey_public",2,NA,NA,NA,NA,NA,NA,NA
"SierraLeone","women_vitA","prev","infill","region_mean_jk",7,14,"open,survey_public",2,NA,NA,NA,NA,NA,NA,NA
"SierraLeone","women_vitA","prev","infill","null_train_mean",8,14,"open,survey_public",2,NA,NA,NA,NA,NA,NA,NA
"SierraLeone","women_vitA","prev","infill","spatial",8,14,"open,survey_public",2,NA,NA,NA,NA,NA,NA,NA
"SierraLeone","women_vitA","prev","infill","domain_index",8,14,"open,survey_public",2,NA,NA,NA,NA,NA,NA,NA
"SierraLeone","women_vitA","prev","infill","domain_enet",8,14,"open,survey_public",2,NA,NA,NA,NA,NA,NA,NA
"SierraLeone","women_vitA","prev","infill","raw_enet",8,14,"open,survey_public",2,NA,NA,NA,NA,NA,NA,NA
"SierraLeone","women_vitA","prev","infill","spatial_plus_domain",8,14,"open,survey_public",2,NA,NA,NA,NA,NA,NA,NA
"SierraLeone","women_vitA","prev","infill","domain_index_cal",8,14,"open,survey_public",2,NA,NA,NA,NA,NA,NA,NA
"SierraLeone","women_vitA","prev","infill","region_mean_jk",8,14,"open,survey_public",2,NA,NA,NA,NA,NA,NA,NA
"SierraLeone","women_vitA","prev","infill","null_train_mean",9,14,"open,survey_public",2,NA,NA,NA,NA,NA,NA,NA
"SierraLeone","women_vitA","prev","infill","spatial",9,14,"open,survey_public",2,NA,NA,NA,NA,NA,NA,NA
"SierraLeone","women_vitA","prev","infill","domain_index",9,14,"open,survey_public",2,NA,NA,NA,NA,NA,NA,NA
"SierraLeone","women_vitA","prev","infill","domain_enet",9,14,"open,survey_public",2,NA,NA,NA,NA,NA,NA,NA
"SierraLeone","women_vitA","prev","infill","raw_enet",9,14,"open,survey_public",2,NA,NA,NA,NA,NA,NA,NA
"SierraLeone","women_vitA","prev","infill","spatial_plus_domain",9,14,"open,survey_public",2,NA,NA,NA,NA,NA,NA,NA
"SierraLeone","women_vitA","prev","infill","domain_index_cal",9,14,"open,survey_public",2,NA,NA,NA,NA,NA,NA,NA
"SierraLeone","women_vitA","prev","infill","region_mean_jk",9,14,"open,survey_public",2,NA,NA,NA,NA,NA,NA,NA
"SierraLeone","women_vitA","prev","infill","null_train_mean",10,14,"open,survey_public",2,NA,NA,NA,NA,NA,NA,NA
"SierraLeone","women_vitA","prev","infill","spatial",10,14,"open,survey_public",2,NA,NA,NA,NA,NA,NA,NA
"SierraLeone","women_vitA","prev","infill","domain_index",10,14,"open,survey_public",2,NA,NA,NA,NA,NA,NA,NA
"SierraLeone","women_vitA","prev","infill","domain_enet",10,14,"open,survey_public",2,NA,NA,NA,NA,NA,NA,NA
"SierraLeone","women_vitA","prev","infill","raw_enet",10,14,"open,survey_public",2,NA,NA,NA,NA,NA,NA,NA
"SierraLeone","women_vitA","prev","infill","spatial_plus_domain",10,14,"open,survey_public",2,NA,NA,NA,NA,NA,NA,NA
"SierraLeone","women_vitA","prev","infill","domain_index_cal",10,14,"open,survey_public",2,NA,NA,NA,NA,NA,NA,NA
"SierraLeone","women_vitA","prev","infill","region_mean_jk",10,14,"open,survey_public",2,NA,NA,NA,NA,NA,NA,NA
"SierraLeone","women_vitA","prev","region","null_train_mean",1,14,"open,survey_public",2,NA,NA,NA,NA,NA,NA,NA
"SierraLeone","women_vitA","prev","region","spatial",1,14,"open,survey_public",2,NA,NA,NA,NA,NA,NA,NA
"SierraLeone","women_vitA","prev","region","domain_index",1,14,"open,survey_public",2,NA,NA,NA,NA,NA,NA,NA
"SierraLeone","women_vitA","prev","region","domain_enet",1,14,"open,survey_public",2,NA,NA,NA,NA,NA,NA,NA
"SierraLeone","women_vitA","prev","region","raw_enet",1,14,"open,survey_public",2,NA,NA,NA,NA,NA,NA,NA
"SierraLeone","women_vitA","prev","region","spatial_plus_domain",1,14,"open,survey_public",2,NA,NA,NA,NA,NA,NA,NA
"SierraLeone","women_vitA","prev","region","domain_index_cal",1,14,"open,survey_public",2,NA,NA,NA,NA,NA,NA,NA
"SierraLeone","women_vitA","level","infill","null_train_mean",1,14,"open,survey_public",2,NA,NA,NA,NA,NA,NA,NA
"SierraLeone","women_vitA","level","infill","spatial",1,14,"open,survey_public",2,NA,NA,NA,NA,NA,NA,NA
"SierraLeone","women_vitA","level","infill","domain_index",1,14,"open,survey_public",2,NA,NA,NA,NA,NA,NA,NA
"SierraLeone","women_vitA","level","infill","domain_enet",1,14,"open,survey_public",2,NA,NA,NA,NA,NA,NA,NA
"SierraLeone","women_vitA","level","infill","raw_enet",1,14,"open,survey_public",2,NA,NA,NA,NA,NA,NA,NA
"SierraLeone","women_vitA","level","infill","spatial_plus_domain",1,14,"open,survey_public",2,NA,NA,NA,NA,NA,NA,NA
"SierraLeone","women_vitA","level","infill","domain_index_cal",1,14,"open,survey_public",2,NA,NA,NA,NA,NA,NA,NA
"SierraLeone","women_vitA","level","infill","region_mean_jk",1,14,"open,survey_public",2,NA,NA,NA,NA,NA,NA,NA
"SierraLeone","women_vitA","level","infill","null_train_mean",2,14,"open,survey_public",2,NA,NA,NA,NA,NA,NA,NA
"SierraLeone","women_vitA","level","infill","spatial",2,14,"open,survey_public",2,NA,NA,NA,NA,NA,NA,NA
"SierraLeone","women_vitA","level","infill","domain_index",2,14,"open,survey_public",2,NA,NA,NA,NA,NA,NA,NA
"SierraLeone","women_vitA","level","infill","domain_enet",2,14,"open,survey_public",2,NA,NA,NA,NA,NA,NA,NA
"SierraLeone","women_vitA","level","infill","raw_enet",2,14,"open,survey_public",2,NA,NA,NA,NA,NA,NA,NA
"SierraLeone","women_vitA","level","infill","spatial_plus_domain",2,14,"open,survey_public",2,NA,NA,NA,NA,NA,NA,NA
"SierraLeone","women_vitA","level","infill","domain_index_cal",2,14,"open,survey_public",2,NA,NA,NA,NA,NA,NA,NA
"SierraLeone","women_vitA","level","infill","region_mean_jk",2,14,"open,survey_public",2,NA,NA,NA,NA,NA,NA,NA
"SierraLeone","women_vitA","level","infill","null_train_mean",3,14,"open,survey_public",2,NA,NA,NA,NA,NA,NA,NA
"SierraLeone","women_vitA","level","infill","spatial",3,14,"open,survey_public",2,NA,NA,NA,NA,NA,NA,NA
"SierraLeone","women_vitA","level","infill","domain_index",3,14,"open,survey_public",2,NA,NA,NA,NA,NA,NA,NA
"SierraLeone","women_vitA","level","infill","domain_enet",3,14,"open,survey_public",2,NA,NA,NA,NA,NA,NA,NA
"SierraLeone","women_vitA","level","infill","raw_enet",3,14,"open,survey_public",2,NA,NA,NA,NA,NA,NA,NA
"SierraLeone","women_vitA","level","infill","spatial_plus_domain",3,14,"open,survey_public",2,NA,NA,NA,NA,NA,NA,NA
"SierraLeone","women_vitA","level","infill","domain_index_cal",3,14,"open,survey_public",2,NA,NA,NA,NA,NA,NA,NA
"SierraLeone","women_vitA","level","infill","region_mean_jk",3,14,"open,survey_public",2,NA,NA,NA,NA,NA,NA,NA
"SierraLeone","women_vitA","level","infill","null_train_mean",4,14,"open,survey_public",2,NA,NA,NA,NA,NA,NA,NA
"SierraLeone","women_vitA","level","infill","spatial",4,14,"open,survey_public",2,NA,NA,NA,NA,NA,NA,NA
"SierraLeone","women_vitA","level","infill","domain_index",4,14,"open,survey_public",2,NA,NA,NA,NA,NA,NA,NA
"SierraLeone","women_vitA","level","infill","domain_enet",4,14,"open,survey_public",2,NA,NA,NA,NA,NA,NA,NA
"SierraLeone","women_vitA","level","infill","raw_enet",4,14,"open,survey_public",2,NA,NA,NA,NA,NA,NA,NA
"SierraLeone","women_vitA","level","infill","spatial_plus_domain",4,14,"open,survey_public",2,NA,NA,NA,NA,NA,NA,NA
"SierraLeone","women_vitA","level","infill","domain_index_cal",4,14,"open,survey_public",2,NA,NA,NA,NA,NA,NA,NA
"SierraLeone","women_vitA","level","infill","region_mean_jk",4,14,"open,survey_public",2,NA,NA,NA,NA,NA,NA,NA
"SierraLeone","women_vitA","level","infill","null_train_mean",5,14,"open,survey_public",2,NA,NA,NA,NA,NA,NA,NA
"SierraLeone","women_vitA","level","infill","spatial",5,14,"open,survey_public",2,NA,NA,NA,NA,NA,NA,NA
"SierraLeone","women_vitA","level","infill","domain_index",5,14,"open,survey_public",2,NA,NA,NA,NA,NA,NA,NA
"SierraLeone","women_vitA","level","infill","domain_enet",5,14,"open,survey_public",2,NA,NA,NA,NA,NA,NA,NA
"SierraLeone","women_vitA","level","infill","raw_enet",5,14,"open,survey_public",2,NA,NA,NA,NA,NA,NA,NA
"SierraLeone","women_vitA","level","infill","spatial_plus_domain",5,14,"open,survey_public",2,NA,NA,NA,NA,NA,NA,NA
"SierraLeone","women_vitA","level","infill","domain_index_cal",5,14,"open,survey_public",2,NA,NA,NA,NA,NA,NA,NA
"SierraLeone","women_vitA","level","infill","region_mean_jk",5,14,"open,survey_public",2,NA,NA,NA,NA,NA,NA,NA
"SierraLeone","women_vitA","level","infill","null_train_mean",6,14,"open,survey_public",2,NA,NA,NA,NA,NA,NA,NA
"SierraLeone","women_vitA","level","infill","spatial",6,14,"open,survey_public",2,NA,NA,NA,NA,NA,NA,NA
"SierraLeone","women_vitA","level","infill","domain_index",6,14,"open,survey_public",2,NA,NA,NA,NA,NA,NA,NA
"SierraLeone","women_vitA","level","infill","domain_enet",6,14,"open,survey_public",2,NA,NA,NA,NA,NA,NA,NA
"SierraLeone","women_vitA","level","infill","raw_enet",6,14,"open,survey_public",2,NA,NA,NA,NA,NA,NA,NA
"SierraLeone","women_vitA","level","infill","spatial_plus_domain",6,14,"open,survey_public",2,NA,NA,NA,NA,NA,NA,NA
"SierraLeone","women_vitA","level","infill","domain_index_cal",6,14,"open,survey_public",2,NA,NA,NA,NA,NA,NA,NA
"SierraLeone","women_vitA","level","infill","region_mean_jk",6,14,"open,survey_public",2,NA,NA,NA,NA,NA,NA,NA
"SierraLeone","women_vitA","level","infill","null_train_mean",7,14,"open,survey_public",2,NA,NA,NA,NA,NA,NA,NA
"SierraLeone","women_vitA","level","infill","spatial",7,14,"open,survey_public",2,NA,NA,NA,NA,NA,NA,NA
"SierraLeone","women_vitA","level","infill","domain_index",7,14,"open,survey_public",2,NA,NA,NA,NA,NA,NA,NA
"SierraLeone","women_vitA","level","infill","domain_enet",7,14,"open,survey_public",2,NA,NA,NA,NA,NA,NA,NA
"SierraLeone","women_vitA","level","infill","raw_enet",7,14,"open,survey_public",2,NA,NA,NA,NA,NA,NA,NA
"SierraLeone","women_vitA","level","infill","spatial_plus_domain",7,14,"open,survey_public",2,NA,NA,NA,NA,NA,NA,NA
"SierraLeone","women_vitA","level","infill","domain_index_cal",7,14,"open,survey_public",2,NA,NA,NA,NA,NA,NA,NA
"SierraLeone","women_vitA","level","infill","region_mean_jk",7,14,"open,survey_public",2,NA,NA,NA,NA,NA,NA,NA
"SierraLeone","women_vitA","level","infill","null_train_mean",8,14,"open,survey_public",2,NA,NA,NA,NA,NA,NA,NA
"SierraLeone","women_vitA","level","infill","spatial",8,14,"open,survey_public",2,NA,NA,NA,NA,NA,NA,NA
"SierraLeone","women_vitA","level","infill","domain_index",8,14,"open,survey_public",2,NA,NA,NA,NA,NA,NA,NA
"SierraLeone","women_vitA","level","infill","domain_enet",8,14,"open,survey_public",2,NA,NA,NA,NA,NA,NA,NA
"SierraLeone","women_vitA","level","infill","raw_enet",8,14,"open,survey_public",2,NA,NA,NA,NA,NA,NA,NA
"SierraLeone","women_vitA","level","infill","spatial_plus_domain",8,14,"open,survey_public",2,NA,NA,NA,NA,NA,NA,NA
"SierraLeone","women_vitA","level","infill","domain_index_cal",8,14,"open,survey_public",2,NA,NA,NA,NA,NA,NA,NA
"SierraLeone","women_vitA","level","infill","region_mean_jk",8,14,"open,survey_public",2,NA,NA,NA,NA,NA,NA,NA
"SierraLeone","women_vitA","level","infill","null_train_mean",9,14,"open,survey_public",2,NA,NA,NA,NA,NA,NA,NA
"SierraLeone","women_vitA","level","infill","spatial",9,14,"open,survey_public",2,NA,NA,NA,NA,NA,NA,NA
"SierraLeone","women_vitA","level","infill","domain_index",9,14,"open,survey_public",2,NA,NA,NA,NA,NA,NA,NA
"SierraLeone","women_vitA","level","infill","domain_enet",9,14,"open,survey_public",2,NA,NA,NA,NA,NA,NA,NA
"SierraLeone","women_vitA","level","infill","raw_enet",9,14,"open,survey_public",2,NA,NA,NA,NA,NA,NA,NA
"SierraLeone","women_vitA","level","infill","spatial_plus_domain",9,14,"open,survey_public",2,NA,NA,NA,NA,NA,NA,NA
"SierraLeone","women_vitA","level","infill","domain_index_cal",9,14,"open,survey_public",2,NA,NA,NA,NA,NA,NA,NA
"SierraLeone","women_vitA","level","infill","region_mean_jk",9,14,"open,survey_public",2,NA,NA,NA,NA,NA,NA,NA
"SierraLeone","women_vitA","level","infill","null_train_mean",10,14,"open,survey_public",2,NA,NA,NA,NA,NA,NA,NA
"SierraLeone","women_vitA","level","infill","spatial",10,14,"open,survey_public",2,NA,NA,NA,NA,NA,NA,NA
"SierraLeone","women_vitA","level","infill","domain_index",10,14,"open,survey_public",2,NA,NA,NA,NA,NA,NA,NA
"SierraLeone","women_vitA","level","infill","domain_enet",10,14,"open,survey_public",2,NA,NA,NA,NA,NA,NA,NA
"SierraLeone","women_vitA","level","infill","raw_enet",10,14,"open,survey_public",2,NA,NA,NA,NA,NA,NA,NA
"SierraLeone","women_vitA","level","infill","spatial_plus_domain",10,14,"open,survey_public",2,NA,NA,NA,NA,NA,NA,NA
"SierraLeone","women_vitA","level","infill","domain_index_cal",10,14,"open,survey_public",2,NA,NA,NA,NA,NA,NA,NA
"SierraLeone","women_vitA","level","infill","region_mean_jk",10,14,"open,survey_public",2,NA,NA,NA,NA,NA,NA,NA
"SierraLeone","women_vitA","level","region","null_train_mean",1,14,"open,survey_public",2,NA,NA,NA,NA,NA,NA,NA
"SierraLeone","women_vitA","level","region","spatial",1,14,"open,survey_public",2,NA,NA,NA,NA,NA,NA,NA
"SierraLeone","women_vitA","level","region","domain_index",1,14,"open,survey_public",2,NA,NA,NA,NA,NA,NA,NA
"SierraLeone","women_vitA","level","region","domain_enet",1,14,"open,survey_public",2,NA,NA,NA,NA,NA,NA,NA
"SierraLeone","women_vitA","level","region","raw_enet",1,14,"open,survey_public",2,NA,NA,NA,NA,NA,NA,NA
"SierraLeone","women_vitA","level","region","spatial_plus_domain",1,14,"open,survey_public",2,NA,NA,NA,NA,NA,NA,NA
"SierraLeone","women_vitA","level","region","domain_index_cal",1,14,"open,survey_public",2,NA,NA,NA,NA,NA,NA,NA
"SierraLeone","child_iron","prev","infill","null_train_mean",1,14,"open,survey_public",2,NA,NA,NA,NA,NA,NA,NA
"SierraLeone","child_iron","prev","infill","spatial",1,14,"open,survey_public",2,NA,NA,NA,NA,NA,NA,NA
"SierraLeone","child_iron","prev","infill","domain_index",1,14,"open,survey_public",2,NA,NA,NA,NA,NA,NA,NA
"SierraLeone","child_iron","prev","infill","domain_enet",1,14,"open,survey_public",2,NA,NA,NA,NA,NA,NA,NA
"SierraLeone","child_iron","prev","infill","raw_enet",1,14,"open,survey_public",2,NA,NA,NA,NA,NA,NA,NA
"SierraLeone","child_iron","prev","infill","spatial_plus_domain",1,14,"open,survey_public",2,NA,NA,NA,NA,NA,NA,NA
"SierraLeone","child_iron","prev","infill","domain_index_cal",1,14,"open,survey_public",2,NA,NA,NA,NA,NA,NA,NA
"SierraLeone","child_iron","prev","infill","region_mean_jk",1,14,"open,survey_public",2,NA,NA,NA,NA,NA,NA,NA
"SierraLeone","child_iron","prev","infill","null_train_mean",2,14,"open,survey_public",2,NA,NA,NA,NA,NA,NA,NA
"SierraLeone","child_iron","prev","infill","spatial",2,14,"open,survey_public",2,NA,NA,NA,NA,NA,NA,NA
"SierraLeone","child_iron","prev","infill","domain_index",2,14,"open,survey_public",2,NA,NA,NA,NA,NA,NA,NA
"SierraLeone","child_iron","prev","infill","domain_enet",2,14,"open,survey_public",2,NA,NA,NA,NA,NA,NA,NA
"SierraLeone","child_iron","prev","infill","raw_enet",2,14,"open,survey_public",2,NA,NA,NA,NA,NA,NA,NA
"SierraLeone","child_iron","prev","infill","spatial_plus_domain",2,14,"open,survey_public",2,NA,NA,NA,NA,NA,NA,NA
"SierraLeone","child_iron","prev","infill","domain_index_cal",2,14,"open,survey_public",2,NA,NA,NA,NA,NA,NA,NA
"SierraLeone","child_iron","prev","infill","region_mean_jk",2,14,"open,survey_public",2,NA,NA,NA,NA,NA,NA,NA
"SierraLeone","child_iron","prev","infill","null_train_mean",3,14,"open,survey_public",2,NA,NA,NA,NA,NA,NA,NA
"SierraLeone","child_iron","prev","infill","spatial",3,14,"open,survey_public",2,NA,NA,NA,NA,NA,NA,NA
"SierraLeone","child_iron","prev","infill","domain_index",3,14,"open,survey_public",2,NA,NA,NA,NA,NA,NA,NA
"SierraLeone","child_iron","prev","infill","domain_enet",3,14,"open,survey_public",2,NA,NA,NA,NA,NA,NA,NA
"SierraLeone","child_iron","prev","infill","raw_enet",3,14,"open,survey_public",2,NA,NA,NA,NA,NA,NA,NA
"SierraLeone","child_iron","prev","infill","spatial_plus_domain",3,14,"open,survey_public",2,NA,NA,NA,NA,NA,NA,NA
"SierraLeone","child_iron","prev","infill","domain_index_cal",3,14,"open,survey_public",2,NA,NA,NA,NA,NA,NA,NA
"SierraLeone","child_iron","prev","infill","region_mean_jk",3,14,"open,survey_public",2,NA,NA,NA,NA,NA,NA,NA
"SierraLeone","child_iron","prev","infill","null_train_mean",4,14,"open,survey_public",2,NA,NA,NA,NA,NA,NA,NA
"SierraLeone","child_iron","prev","infill","spatial",4,14,"open,survey_public",2,NA,NA,NA,NA,NA,NA,NA
"SierraLeone","child_iron","prev","infill","domain_index",4,14,"open,survey_public",2,NA,NA,NA,NA,NA,NA,NA
"SierraLeone","child_iron","prev","infill","domain_enet",4,14,"open,survey_public",2,NA,NA,NA,NA,NA,NA,NA
"SierraLeone","child_iron","prev","infill","raw_enet",4,14,"open,survey_public",2,NA,NA,NA,NA,NA,NA,NA
"SierraLeone","child_iron","prev","infill","spatial_plus_domain",4,14,"open,survey_public",2,NA,NA,NA,NA,NA,NA,NA
"SierraLeone","child_iron","prev","infill","domain_index_cal",4,14,"open,survey_public",2,NA,NA,NA,NA,NA,NA,NA
"SierraLeone","child_iron","prev","infill","region_mean_jk",4,14,"open,survey_public",2,NA,NA,NA,NA,NA,NA,NA
"SierraLeone","child_iron","prev","infill","null_train_mean",5,14,"open,survey_public",2,NA,NA,NA,NA,NA,NA,NA
"SierraLeone","child_iron","prev","infill","spatial",5,14,"open,survey_public",2,NA,NA,NA,NA,NA,NA,NA
"SierraLeone","child_iron","prev","infill","domain_index",5,14,"open,survey_public",2,NA,NA,NA,NA,NA,NA,NA
"SierraLeone","child_iron","prev","infill","domain_enet",5,14,"open,survey_public",2,NA,NA,NA,NA,NA,NA,NA
"SierraLeone","child_iron","prev","infill","raw_enet",5,14,"open,survey_public",2,NA,NA,NA,NA,NA,NA,NA
"SierraLeone","child_iron","prev","infill","spatial_plus_domain",5,14,"open,survey_public",2,NA,NA,NA,NA,NA,NA,NA
"SierraLeone","child_iron","prev","infill","domain_index_cal",5,14,"open,survey_public",2,NA,NA,NA,NA,NA,NA,NA
"SierraLeone","child_iron","prev","infill","region_mean_jk",5,14,"open,survey_public",2,NA,NA,NA,NA,NA,NA,NA
"SierraLeone","child_iron","prev","infill","null_train_mean",6,14,"open,survey_public",2,NA,NA,NA,NA,NA,NA,NA
"SierraLeone","child_iron","prev","infill","spatial",6,14,"open,survey_public",2,NA,NA,NA,NA,NA,NA,NA
"SierraLeone","child_iron","prev","infill","domain_index",6,14,"open,survey_public",2,NA,NA,NA,NA,NA,NA,NA
"SierraLeone","child_iron","prev","infill","domain_enet",6,14,"open,survey_public",2,NA,NA,NA,NA,NA,NA,NA
"SierraLeone","child_iron","prev","infill","raw_enet",6,14,"open,survey_public",2,NA,NA,NA,NA,NA,NA,NA
"SierraLeone","child_iron","prev","infill","spatial_plus_domain",6,14,"open,survey_public",2,NA,NA,NA,NA,NA,NA,NA
"SierraLeone","child_iron","prev","infill","domain_index_cal",6,14,"open,survey_public",2,NA,NA,NA,NA,NA,NA,NA
"SierraLeone","child_iron","prev","infill","region_mean_jk",6,14,"open,survey_public",2,NA,NA,NA,NA,NA,NA,NA
"SierraLeone","child_iron","prev","infill","null_train_mean",7,14,"open,survey_public",2,NA,NA,NA,NA,NA,NA,NA
"SierraLeone","child_iron","prev","infill","spatial",7,14,"open,survey_public",2,NA,NA,NA,NA,NA,NA,NA
"SierraLeone","child_iron","prev","infill","domain_index",7,14,"open,survey_public",2,NA,NA,NA,NA,NA,NA,NA
"SierraLeone","child_iron","prev","infill","domain_enet",7,14,"open,survey_public",2,NA,NA,NA,NA,NA,NA,NA
"SierraLeone","child_iron","prev","infill","raw_enet",7,14,"open,survey_public",2,NA,NA,NA,NA,NA,NA,NA
"SierraLeone","child_iron","prev","infill","spatial_plus_domain",7,14,"open,survey_public",2,NA,NA,NA,NA,NA,NA,NA
"SierraLeone","child_iron","prev","infill","domain_index_cal",7,14,"open,survey_public",2,NA,NA,NA,NA,NA,NA,NA
"SierraLeone","child_iron","prev","infill","region_mean_jk",7,14,"open,survey_public",2,NA,NA,NA,NA,NA,NA,NA
"SierraLeone","child_iron","prev","infill","null_train_mean",8,14,"open,survey_public",2,NA,NA,NA,NA,NA,NA,NA
"SierraLeone","child_iron","prev","infill","spatial",8,14,"open,survey_public",2,NA,NA,NA,NA,NA,NA,NA
"SierraLeone","child_iron","prev","infill","domain_index",8,14,"open,survey_public",2,NA,NA,NA,NA,NA,NA,NA
"SierraLeone","child_iron","prev","infill","domain_enet",8,14,"open,survey_public",2,NA,NA,NA,NA,NA,NA,NA
"SierraLeone","child_iron","prev","infill","raw_enet",8,14,"open,survey_public",2,NA,NA,NA,NA,NA,NA,NA
"SierraLeone","child_iron","prev","infill","spatial_plus_domain",8,14,"open,survey_public",2,NA,NA,NA,NA,NA,NA,NA
"SierraLeone","child_iron","prev","infill","domain_index_cal",8,14,"open,survey_public",2,NA,NA,NA,NA,NA,NA,NA
"SierraLeone","child_iron","prev","infill","region_mean_jk",8,14,"open,survey_public",2,NA,NA,NA,NA,NA,NA,NA
"SierraLeone","child_iron","prev","infill","null_train_mean",9,14,"open,survey_public",2,NA,NA,NA,NA,NA,NA,NA
"SierraLeone","child_iron","prev","infill","spatial",9,14,"open,survey_public",2,NA,NA,NA,NA,NA,NA,NA
"SierraLeone","child_iron","prev","infill","domain_index",9,14,"open,survey_public",2,NA,NA,NA,NA,NA,NA,NA
"SierraLeone","child_iron","prev","infill","domain_enet",9,14,"open,survey_public",2,NA,NA,NA,NA,NA,NA,NA
"SierraLeone","child_iron","prev","infill","raw_enet",9,14,"open,survey_public",2,NA,NA,NA,NA,NA,NA,NA
"SierraLeone","child_iron","prev","infill","spatial_plus_domain",9,14,"open,survey_public",2,NA,NA,NA,NA,NA,NA,NA
"SierraLeone","child_iron","prev","infill","domain_index_cal",9,14,"open,survey_public",2,NA,NA,NA,NA,NA,NA,NA
"SierraLeone","child_iron","prev","infill","region_mean_jk",9,14,"open,survey_public",2,NA,NA,NA,NA,NA,NA,NA
"SierraLeone","child_iron","prev","infill","null_train_mean",10,14,"open,survey_public",2,NA,NA,NA,NA,NA,NA,NA
"SierraLeone","child_iron","prev","infill","spatial",10,14,"open,survey_public",2,NA,NA,NA,NA,NA,NA,NA
"SierraLeone","child_iron","prev","infill","domain_index",10,14,"open,survey_public",2,NA,NA,NA,NA,NA,NA,NA
"SierraLeone","child_iron","prev","infill","domain_enet",10,14,"open,survey_public",2,NA,NA,NA,NA,NA,NA,NA
"SierraLeone","child_iron","prev","infill","raw_enet",10,14,"open,survey_public",2,NA,NA,NA,NA,NA,NA,NA
"SierraLeone","child_iron","prev","infill","spatial_plus_domain",10,14,"open,survey_public",2,NA,NA,NA,NA,NA,NA,NA
"SierraLeone","child_iron","prev","infill","domain_index_cal",10,14,"open,survey_public",2,NA,NA,NA,NA,NA,NA,NA
"SierraLeone","child_iron","prev","infill","region_mean_jk",10,14,"open,survey_public",2,NA,NA,NA,NA,NA,NA,NA
"SierraLeone","child_iron","prev","region","null_train_mean",1,14,"open,survey_public",2,NA,NA,NA,NA,NA,NA,NA
"SierraLeone","child_iron","prev","region","spatial",1,14,"open,survey_public",2,NA,NA,NA,NA,NA,NA,NA
"SierraLeone","child_iron","prev","region","domain_index",1,14,"open,survey_public",2,NA,NA,NA,NA,NA,NA,NA
"SierraLeone","child_iron","prev","region","domain_enet",1,14,"open,survey_public",2,NA,NA,NA,NA,NA,NA,NA
"SierraLeone","child_iron","prev","region","raw_enet",1,14,"open,survey_public",2,NA,NA,NA,NA,NA,NA,NA
"SierraLeone","child_iron","prev","region","spatial_plus_domain",1,14,"open,survey_public",2,NA,NA,NA,NA,NA,NA,NA
"SierraLeone","child_iron","prev","region","domain_index_cal",1,14,"open,survey_public",2,NA,NA,NA,NA,NA,NA,NA
"SierraLeone","child_iron","level","infill","null_train_mean",1,14,"open,survey_public",2,NA,NA,NA,NA,NA,NA,NA
"SierraLeone","child_iron","level","infill","spatial",1,14,"open,survey_public",2,NA,NA,NA,NA,NA,NA,NA
"SierraLeone","child_iron","level","infill","domain_index",1,14,"open,survey_public",2,NA,NA,NA,NA,NA,NA,NA
"SierraLeone","child_iron","level","infill","domain_enet",1,14,"open,survey_public",2,NA,NA,NA,NA,NA,NA,NA
"SierraLeone","child_iron","level","infill","raw_enet",1,14,"open,survey_public",2,NA,NA,NA,NA,NA,NA,NA
"SierraLeone","child_iron","level","infill","spatial_plus_domain",1,14,"open,survey_public",2,NA,NA,NA,NA,NA,NA,NA
"SierraLeone","child_iron","level","infill","domain_index_cal",1,14,"open,survey_public",2,NA,NA,NA,NA,NA,NA,NA
"SierraLeone","child_iron","level","infill","region_mean_jk",1,14,"open,survey_public",2,NA,NA,NA,NA,NA,NA,NA
"SierraLeone","child_iron","level","infill","null_train_mean",2,14,"open,survey_public",2,NA,NA,NA,NA,NA,NA,NA
"SierraLeone","child_iron","level","infill","spatial",2,14,"open,survey_public",2,NA,NA,NA,NA,NA,NA,NA
"SierraLeone","child_iron","level","infill","domain_index",2,14,"open,survey_public",2,NA,NA,NA,NA,NA,NA,NA
"SierraLeone","child_iron","level","infill","domain_enet",2,14,"open,survey_public",2,NA,NA,NA,NA,NA,NA,NA
"SierraLeone","child_iron","level","infill","raw_enet",2,14,"open,survey_public",2,NA,NA,NA,NA,NA,NA,NA
"SierraLeone","child_iron","level","infill","spatial_plus_domain",2,14,"open,survey_public",2,NA,NA,NA,NA,NA,NA,NA
"SierraLeone","child_iron","level","infill","domain_index_cal",2,14,"open,survey_public",2,NA,NA,NA,NA,NA,NA,NA
"SierraLeone","child_iron","level","infill","region_mean_jk",2,14,"open,survey_public",2,NA,NA,NA,NA,NA,NA,NA
"SierraLeone","child_iron","level","infill","null_train_mean",3,14,"open,survey_public",2,NA,NA,NA,NA,NA,NA,NA
"SierraLeone","child_iron","level","infill","spatial",3,14,"open,survey_public",2,NA,NA,NA,NA,NA,NA,NA
"SierraLeone","child_iron","level","infill","domain_index",3,14,"open,survey_public",2,NA,NA,NA,NA,NA,NA,NA
"SierraLeone","child_iron","level","infill","domain_enet",3,14,"open,survey_public",2,NA,NA,NA,NA,NA,NA,NA
"SierraLeone","child_iron","level","infill","raw_enet",3,14,"open,survey_public",2,NA,NA,NA,NA,NA,NA,NA
"SierraLeone","child_iron","level","infill","spatial_plus_domain",3,14,"open,survey_public",2,NA,NA,NA,NA,NA,NA,NA
"SierraLeone","child_iron","level","infill","domain_index_cal",3,14,"open,survey_public",2,NA,NA,NA,NA,NA,NA,NA
"SierraLeone","child_iron","level","infill","region_mean_jk",3,14,"open,survey_public",2,NA,NA,NA,NA,NA,NA,NA
"SierraLeone","child_iron","level","infill","null_train_mean",4,14,"open,survey_public",2,NA,NA,NA,NA,NA,NA,NA
"SierraLeone","child_iron","level","infill","spatial",4,14,"open,survey_public",2,NA,NA,NA,NA,NA,NA,NA
"SierraLeone","child_iron","level","infill","domain_index",4,14,"open,survey_public",2,NA,NA,NA,NA,NA,NA,NA
"SierraLeone","child_iron","level","infill","domain_enet",4,14,"open,survey_public",2,NA,NA,NA,NA,NA,NA,NA
"SierraLeone","child_iron","level","infill","raw_enet",4,14,"open,survey_public",2,NA,NA,NA,NA,NA,NA,NA
"SierraLeone","child_iron","level","infill","spatial_plus_domain",4,14,"open,survey_public",2,NA,NA,NA,NA,NA,NA,NA
"SierraLeone","child_iron","level","infill","domain_index_cal",4,14,"open,survey_public",2,NA,NA,NA,NA,NA,NA,NA
"SierraLeone","child_iron","level","infill","region_mean_jk",4,14,"open,survey_public",2,NA,NA,NA,NA,NA,NA,NA
"SierraLeone","child_iron","level","infill","null_train_mean",5,14,"open,survey_public",2,NA,NA,NA,NA,NA,NA,NA
"SierraLeone","child_iron","level","infill","spatial",5,14,"open,survey_public",2,NA,NA,NA,NA,NA,NA,NA
"SierraLeone","child_iron","level","infill","domain_index",5,14,"open,survey_public",2,NA,NA,NA,NA,NA,NA,NA
"SierraLeone","child_iron","level","infill","domain_enet",5,14,"open,survey_public",2,NA,NA,NA,NA,NA,NA,NA
"SierraLeone","child_iron","level","infill","raw_enet",5,14,"open,survey_public",2,NA,NA,NA,NA,NA,NA,NA
"SierraLeone","child_iron","level","infill","spatial_plus_domain",5,14,"open,survey_public",2,NA,NA,NA,NA,NA,NA,NA
"SierraLeone","child_iron","level","infill","domain_index_cal",5,14,"open,survey_public",2,NA,NA,NA,NA,NA,NA,NA
"SierraLeone","child_iron","level","infill","region_mean_jk",5,14,"open,survey_public",2,NA,NA,NA,NA,NA,NA,NA
"SierraLeone","child_iron","level","infill","null_train_mean",6,14,"open,survey_public",2,NA,NA,NA,NA,NA,NA,NA
"SierraLeone","child_iron","level","infill","spatial",6,14,"open,survey_public",2,NA,NA,NA,NA,NA,NA,NA
"SierraLeone","child_iron","level","infill","domain_index",6,14,"open,survey_public",2,NA,NA,NA,NA,NA,NA,NA
"SierraLeone","child_iron","level","infill","domain_enet",6,14,"open,survey_public",2,NA,NA,NA,NA,NA,NA,NA
"SierraLeone","child_iron","level","infill","raw_enet",6,14,"open,survey_public",2,NA,NA,NA,NA,NA,NA,NA
"SierraLeone","child_iron","level","infill","spatial_plus_domain",6,14,"open,survey_public",2,NA,NA,NA,NA,NA,NA,NA
"SierraLeone","child_iron","level","infill","domain_index_cal",6,14,"open,survey_public",2,NA,NA,NA,NA,NA,NA,NA
"SierraLeone","child_iron","level","infill","region_mean_jk",6,14,"open,survey_public",2,NA,NA,NA,NA,NA,NA,NA
"SierraLeone","child_iron","level","infill","null_train_mean",7,14,"open,survey_public",2,NA,NA,NA,NA,NA,NA,NA
"SierraLeone","child_iron","level","infill","spatial",7,14,"open,survey_public",2,NA,NA,NA,NA,NA,NA,NA
"SierraLeone","child_iron","level","infill","domain_index",7,14,"open,survey_public",2,NA,NA,NA,NA,NA,NA,NA
"SierraLeone","child_iron","level","infill","domain_enet",7,14,"open,survey_public",2,NA,NA,NA,NA,NA,NA,NA
"SierraLeone","child_iron","level","infill","raw_enet",7,14,"open,survey_public",2,NA,NA,NA,NA,NA,NA,NA
"SierraLeone","child_iron","level","infill","spatial_plus_domain",7,14,"open,survey_public",2,NA,NA,NA,NA,NA,NA,NA
"SierraLeone","child_iron","level","infill","domain_index_cal",7,14,"open,survey_public",2,NA,NA,NA,NA,NA,NA,NA
"SierraLeone","child_iron","level","infill","region_mean_jk",7,14,"open,survey_public",2,NA,NA,NA,NA,NA,NA,NA
"SierraLeone","child_iron","level","infill","null_train_mean",8,14,"open,survey_public",2,NA,NA,NA,NA,NA,NA,NA
"SierraLeone","child_iron","level","infill","spatial",8,14,"open,survey_public",2,NA,NA,NA,NA,NA,NA,NA
"SierraLeone","child_iron","level","infill","domain_index",8,14,"open,survey_public",2,NA,NA,NA,NA,NA,NA,NA
"SierraLeone","child_iron","level","infill","domain_enet",8,14,"open,survey_public",2,NA,NA,NA,NA,NA,NA,NA
"SierraLeone","child_iron","level","infill","raw_enet",8,14,"open,survey_public",2,NA,NA,NA,NA,NA,NA,NA
"SierraLeone","child_iron","level","infill","spatial_plus_domain",8,14,"open,survey_public",2,NA,NA,NA,NA,NA,NA,NA
"SierraLeone","child_iron","level","infill","domain_index_cal",8,14,"open,survey_public",2,NA,NA,NA,NA,NA,NA,NA
"SierraLeone","child_iron","level","infill","region_mean_jk",8,14,"open,survey_public",2,NA,NA,NA,NA,NA,NA,NA
"SierraLeone","child_iron","level","infill","null_train_mean",9,14,"open,survey_public",2,NA,NA,NA,NA,NA,NA,NA
"SierraLeone","child_iron","level","infill","spatial",9,14,"open,survey_public",2,NA,NA,NA,NA,NA,NA,NA
"SierraLeone","child_iron","level","infill","domain_index",9,14,"open,survey_public",2,NA,NA,NA,NA,NA,NA,NA
"SierraLeone","child_iron","level","infill","domain_enet",9,14,"open,survey_public",2,NA,NA,NA,NA,NA,NA,NA
"SierraLeone","child_iron","level","infill","raw_enet",9,14,"open,survey_public",2,NA,NA,NA,NA,NA,NA,NA
"SierraLeone","child_iron","level","infill","spatial_plus_domain",9,14,"open,survey_public",2,NA,NA,NA,NA,NA,NA,NA
"SierraLeone","child_iron","level","infill","domain_index_cal",9,14,"open,survey_public",2,NA,NA,NA,NA,NA,NA,NA
"SierraLeone","child_iron","level","infill","region_mean_jk",9,14,"open,survey_public",2,NA,NA,NA,NA,NA,NA,NA
"SierraLeone","child_iron","level","infill","null_train_mean",10,14,"open,survey_public",2,NA,NA,NA,NA,NA,NA,NA
"SierraLeone","child_iron","level","infill","spatial",10,14,"open,survey_public",2,NA,NA,NA,NA,NA,NA,NA
"SierraLeone","child_iron","level","infill","domain_index",10,14,"open,survey_public",2,NA,NA,NA,NA,NA,NA,NA
"SierraLeone","child_iron","level","infill","domain_enet",10,14,"open,survey_public",2,NA,NA,NA,NA,NA,NA,NA
"SierraLeone","child_iron","level","infill","raw_enet",10,14,"open,survey_public",2,NA,NA,NA,NA,NA,NA,NA
"SierraLeone","child_iron","level","infill","spatial_plus_domain",10,14,"open,survey_public",2,NA,NA,NA,NA,NA,NA,NA
"SierraLeone","child_iron","level","infill","domain_index_cal",10,14,"open,survey_public",2,NA,NA,NA,NA,NA,NA,NA
"SierraLeone","child_iron","level","infill","region_mean_jk",10,14,"open,survey_public",2,NA,NA,NA,NA,NA,NA,NA
"SierraLeone","child_iron","level","region","null_train_mean",1,14,"open,survey_public",2,NA,NA,NA,NA,NA,NA,NA
"SierraLeone","child_iron","level","region","spatial",1,14,"open,survey_public",2,NA,NA,NA,NA,NA,NA,NA
"SierraLeone","child_iron","level","region","domain_index",1,14,"open,survey_public",2,NA,NA,NA,NA,NA,NA,NA
"SierraLeone","child_iron","level","region","domain_enet",1,14,"open,survey_public",2,NA,NA,NA,NA,NA,NA,NA
"SierraLeone","child_iron","level","region","raw_enet",1,14,"open,survey_public",2,NA,NA,NA,NA,NA,NA,NA
"SierraLeone","child_iron","level","region","spatial_plus_domain",1,14,"open,survey_public",2,NA,NA,NA,NA,NA,NA,NA
"SierraLeone","child_iron","level","region","domain_index_cal",1,14,"open,survey_public",2,NA,NA,NA,NA,NA,NA,NA
"SierraLeone","women_iron","prev","infill","null_train_mean",1,14,"open,survey_public",2,NA,NA,NA,NA,NA,NA,NA
"SierraLeone","women_iron","prev","infill","spatial",1,14,"open,survey_public",2,NA,NA,NA,NA,NA,NA,NA
"SierraLeone","women_iron","prev","infill","domain_index",1,14,"open,survey_public",2,NA,NA,NA,NA,NA,NA,NA
"SierraLeone","women_iron","prev","infill","domain_enet",1,14,"open,survey_public",2,NA,NA,NA,NA,NA,NA,NA
"SierraLeone","women_iron","prev","infill","raw_enet",1,14,"open,survey_public",2,NA,NA,NA,NA,NA,NA,NA
"SierraLeone","women_iron","prev","infill","spatial_plus_domain",1,14,"open,survey_public",2,NA,NA,NA,NA,NA,NA,NA
"SierraLeone","women_iron","prev","infill","domain_index_cal",1,14,"open,survey_public",2,NA,NA,NA,NA,NA,NA,NA
"SierraLeone","women_iron","prev","infill","region_mean_jk",1,14,"open,survey_public",2,NA,NA,NA,NA,NA,NA,NA
"SierraLeone","women_iron","prev","infill","null_train_mean",2,14,"open,survey_public",2,NA,NA,NA,NA,NA,NA,NA
"SierraLeone","women_iron","prev","infill","spatial",2,14,"open,survey_public",2,NA,NA,NA,NA,NA,NA,NA
"SierraLeone","women_iron","prev","infill","domain_index",2,14,"open,survey_public",2,NA,NA,NA,NA,NA,NA,NA
"SierraLeone","women_iron","prev","infill","domain_enet",2,14,"open,survey_public",2,NA,NA,NA,NA,NA,NA,NA
"SierraLeone","women_iron","prev","infill","raw_enet",2,14,"open,survey_public",2,NA,NA,NA,NA,NA,NA,NA
"SierraLeone","women_iron","prev","infill","spatial_plus_domain",2,14,"open,survey_public",2,NA,NA,NA,NA,NA,NA,NA
"SierraLeone","women_iron","prev","infill","domain_index_cal",2,14,"open,survey_public",2,NA,NA,NA,NA,NA,NA,NA
"SierraLeone","women_iron","prev","infill","region_mean_jk",2,14,"open,survey_public",2,NA,NA,NA,NA,NA,NA,NA
"SierraLeone","women_iron","prev","infill","null_train_mean",3,14,"open,survey_public",2,NA,NA,NA,NA,NA,NA,NA
"SierraLeone","women_iron","prev","infill","spatial",3,14,"open,survey_public",2,NA,NA,NA,NA,NA,NA,NA
"SierraLeone","women_iron","prev","infill","domain_index",3,14,"open,survey_public",2,NA,NA,NA,NA,NA,NA,NA
"SierraLeone","women_iron","prev","infill","domain_enet",3,14,"open,survey_public",2,NA,NA,NA,NA,NA,NA,NA
"SierraLeone","women_iron","prev","infill","raw_enet",3,14,"open,survey_public",2,NA,NA,NA,NA,NA,NA,NA
"SierraLeone","women_iron","prev","infill","spatial_plus_domain",3,14,"open,survey_public",2,NA,NA,NA,NA,NA,NA,NA
"SierraLeone","women_iron","prev","infill","domain_index_cal",3,14,"open,survey_public",2,NA,NA,NA,NA,NA,NA,NA
"SierraLeone","women_iron","prev","infill","region_mean_jk",3,14,"open,survey_public",2,NA,NA,NA,NA,NA,NA,NA
"SierraLeone","women_iron","prev","infill","null_train_mean",4,14,"open,survey_public",2,NA,NA,NA,NA,NA,NA,NA
"SierraLeone","women_iron","prev","infill","spatial",4,14,"open,survey_public",2,NA,NA,NA,NA,NA,NA,NA
"SierraLeone","women_iron","prev","infill","domain_index",4,14,"open,survey_public",2,NA,NA,NA,NA,NA,NA,NA
"SierraLeone","women_iron","prev","infill","domain_enet",4,14,"open,survey_public",2,NA,NA,NA,NA,NA,NA,NA
"SierraLeone","women_iron","prev","infill","raw_enet",4,14,"open,survey_public",2,NA,NA,NA,NA,NA,NA,NA
"SierraLeone","women_iron","prev","infill","spatial_plus_domain",4,14,"open,survey_public",2,NA,NA,NA,NA,NA,NA,NA
"SierraLeone","women_iron","prev","infill","domain_index_cal",4,14,"open,survey_public",2,NA,NA,NA,NA,NA,NA,NA
"SierraLeone","women_iron","prev","infill","region_mean_jk",4,14,"open,survey_public",2,NA,NA,NA,NA,NA,NA,NA
"SierraLeone","women_iron","prev","infill","null_train_mean",5,14,"open,survey_public",2,NA,NA,NA,NA,NA,NA,NA
"SierraLeone","women_iron","prev","infill","spatial",5,14,"open,survey_public",2,NA,NA,NA,NA,NA,NA,NA
"SierraLeone","women_iron","prev","infill","domain_index",5,14,"open,survey_public",2,NA,NA,NA,NA,NA,NA,NA
"SierraLeone","women_iron","prev","infill","domain_enet",5,14,"open,survey_public",2,NA,NA,NA,NA,NA,NA,NA
"SierraLeone","women_iron","prev","infill","raw_enet",5,14,"open,survey_public",2,NA,NA,NA,NA,NA,NA,NA
"SierraLeone","women_iron","prev","infill","spatial_plus_domain",5,14,"open,survey_public",2,NA,NA,NA,NA,NA,NA,NA
"SierraLeone","women_iron","prev","infill","domain_index_cal",5,14,"open,survey_public",2,NA,NA,NA,NA,NA,NA,NA
"SierraLeone","women_iron","prev","infill","region_mean_jk",5,14,"open,survey_public",2,NA,NA,NA,NA,NA,NA,NA
"SierraLeone","women_iron","prev","infill","null_train_mean",6,14,"open,survey_public",2,NA,NA,NA,NA,NA,NA,NA
"SierraLeone","women_iron","prev","infill","spatial",6,14,"open,survey_public",2,NA,NA,NA,NA,NA,NA,NA
"SierraLeone","women_iron","prev","infill","domain_index",6,14,"open,survey_public",2,NA,NA,NA,NA,NA,NA,NA
"SierraLeone","women_iron","prev","infill","domain_enet",6,14,"open,survey_public",2,NA,NA,NA,NA,NA,NA,NA
"SierraLeone","women_iron","prev","infill","raw_enet",6,14,"open,survey_public",2,NA,NA,NA,NA,NA,NA,NA
"SierraLeone","women_iron","prev","infill","spatial_plus_domain",6,14,"open,survey_public",2,NA,NA,NA,NA,NA,NA,NA
"SierraLeone","women_iron","prev","infill","domain_index_cal",6,14,"open,survey_public",2,NA,NA,NA,NA,NA,NA,NA
"SierraLeone","women_iron","prev","infill","region_mean_jk",6,14,"open,survey_public",2,NA,NA,NA,NA,NA,NA,NA
"SierraLeone","women_iron","prev","infill","null_train_mean",7,14,"open,survey_public",2,NA,NA,NA,NA,NA,NA,NA
"SierraLeone","women_iron","prev","infill","spatial",7,14,"open,survey_public",2,NA,NA,NA,NA,NA,NA,NA
"SierraLeone","women_iron","prev","infill","domain_index",7,14,"open,survey_public",2,NA,NA,NA,NA,NA,NA,NA
"SierraLeone","women_iron","prev","infill","domain_enet",7,14,"open,survey_public",2,NA,NA,NA,NA,NA,NA,NA
"SierraLeone","women_iron","prev","infill","raw_enet",7,14,"open,survey_public",2,NA,NA,NA,NA,NA,NA,NA
"SierraLeone","women_iron","prev","infill","spatial_plus_domain",7,14,"open,survey_public",2,NA,NA,NA,NA,NA,NA,NA
"SierraLeone","women_iron","prev","infill","domain_index_cal",7,14,"open,survey_public",2,NA,NA,NA,NA,NA,NA,NA
"SierraLeone","women_iron","prev","infill","region_mean_jk",7,14,"open,survey_public",2,NA,NA,NA,NA,NA,NA,NA
"SierraLeone","women_iron","prev","infill","null_train_mean",8,14,"open,survey_public",2,NA,NA,NA,NA,NA,NA,NA
"SierraLeone","women_iron","prev","infill","spatial",8,14,"open,survey_public",2,NA,NA,NA,NA,NA,NA,NA
"SierraLeone","women_iron","prev","infill","domain_index",8,14,"open,survey_public",2,NA,NA,NA,NA,NA,NA,NA
"SierraLeone","women_iron","prev","infill","domain_enet",8,14,"open,survey_public",2,NA,NA,NA,NA,NA,NA,NA
"SierraLeone","women_iron","prev","infill","raw_enet",8,14,"open,survey_public",2,NA,NA,NA,NA,NA,NA,NA
"SierraLeone","women_iron","prev","infill","spatial_plus_domain",8,14,"open,survey_public",2,NA,NA,NA,NA,NA,NA,NA
"SierraLeone","women_iron","prev","infill","domain_index_cal",8,14,"open,survey_public",2,NA,NA,NA,NA,NA,NA,NA
"SierraLeone","women_iron","prev","infill","region_mean_jk",8,14,"open,survey_public",2,NA,NA,NA,NA,NA,NA,NA
"SierraLeone","women_iron","prev","infill","null_train_mean",9,14,"open,survey_public",2,NA,NA,NA,NA,NA,NA,NA
"SierraLeone","women_iron","prev","infill","spatial",9,14,"open,survey_public",2,NA,NA,NA,NA,NA,NA,NA
"SierraLeone","women_iron","prev","infill","domain_index",9,14,"open,survey_public",2,NA,NA,NA,NA,NA,NA,NA
"SierraLeone","women_iron","prev","infill","domain_enet",9,14,"open,survey_public",2,NA,NA,NA,NA,NA,NA,NA
"SierraLeone","women_iron","prev","infill","raw_enet",9,14,"open,survey_public",2,NA,NA,NA,NA,NA,NA,NA
"SierraLeone","women_iron","prev","infill","spatial_plus_domain",9,14,"open,survey_public",2,NA,NA,NA,NA,NA,NA,NA
"SierraLeone","women_iron","prev","infill","domain_index_cal",9,14,"open,survey_public",2,NA,NA,NA,NA,NA,NA,NA
"SierraLeone","women_iron","prev","infill","region_mean_jk",9,14,"open,survey_public",2,NA,NA,NA,NA,NA,NA,NA
"SierraLeone","women_iron","prev","infill","null_train_mean",10,14,"open,survey_public",2,NA,NA,NA,NA,NA,NA,NA
"SierraLeone","women_iron","prev","infill","spatial",10,14,"open,survey_public",2,NA,NA,NA,NA,NA,NA,NA
"SierraLeone","women_iron","prev","infill","domain_index",10,14,"open,survey_public",2,NA,NA,NA,NA,NA,NA,NA
"SierraLeone","women_iron","prev","infill","domain_enet",10,14,"open,survey_public",2,NA,NA,NA,NA,NA,NA,NA
"SierraLeone","women_iron","prev","infill","raw_enet",10,14,"open,survey_public",2,NA,NA,NA,NA,NA,NA,NA
"SierraLeone","women_iron","prev","infill","spatial_plus_domain",10,14,"open,survey_public",2,NA,NA,NA,NA,NA,NA,NA
"SierraLeone","women_iron","prev","infill","domain_index_cal",10,14,"open,survey_public",2,NA,NA,NA,NA,NA,NA,NA
"SierraLeone","women_iron","prev","infill","region_mean_jk",10,14,"open,survey_public",2,NA,NA,NA,NA,NA,NA,NA
"SierraLeone","women_iron","prev","region","null_train_mean",1,14,"open,survey_public",2,NA,NA,NA,NA,NA,NA,NA
"SierraLeone","women_iron","prev","region","spatial",1,14,"open,survey_public",2,NA,NA,NA,NA,NA,NA,NA
"SierraLeone","women_iron","prev","region","domain_index",1,14,"open,survey_public",2,NA,NA,NA,NA,NA,NA,NA
"SierraLeone","women_iron","prev","region","domain_enet",1,14,"open,survey_public",2,NA,NA,NA,NA,NA,NA,NA
"SierraLeone","women_iron","prev","region","raw_enet",1,14,"open,survey_public",2,NA,NA,NA,NA,NA,NA,NA
"SierraLeone","women_iron","prev","region","spatial_plus_domain",1,14,"open,survey_public",2,NA,NA,NA,NA,NA,NA,NA
"SierraLeone","women_iron","prev","region","domain_index_cal",1,14,"open,survey_public",2,NA,NA,NA,NA,NA,NA,NA
"SierraLeone","women_iron","level","infill","null_train_mean",1,14,"open,survey_public",2,NA,NA,NA,NA,NA,NA,NA
"SierraLeone","women_iron","level","infill","spatial",1,14,"open,survey_public",2,NA,NA,NA,NA,NA,NA,NA
"SierraLeone","women_iron","level","infill","domain_index",1,14,"open,survey_public",2,NA,NA,NA,NA,NA,NA,NA
"SierraLeone","women_iron","level","infill","domain_enet",1,14,"open,survey_public",2,NA,NA,NA,NA,NA,NA,NA
"SierraLeone","women_iron","level","infill","raw_enet",1,14,"open,survey_public",2,NA,NA,NA,NA,NA,NA,NA
"SierraLeone","women_iron","level","infill","spatial_plus_domain",1,14,"open,survey_public",2,NA,NA,NA,NA,NA,NA,NA
"SierraLeone","women_iron","level","infill","domain_index_cal",1,14,"open,survey_public",2,NA,NA,NA,NA,NA,NA,NA
"SierraLeone","women_iron","level","infill","region_mean_jk",1,14,"open,survey_public",2,NA,NA,NA,NA,NA,NA,NA
"SierraLeone","women_iron","level","infill","null_train_mean",2,14,"open,survey_public",2,NA,NA,NA,NA,NA,NA,NA
"SierraLeone","women_iron","level","infill","spatial",2,14,"open,survey_public",2,NA,NA,NA,NA,NA,NA,NA
"SierraLeone","women_iron","level","infill","domain_index",2,14,"open,survey_public",2,NA,NA,NA,NA,NA,NA,NA
"SierraLeone","women_iron","level","infill","domain_enet",2,14,"open,survey_public",2,NA,NA,NA,NA,NA,NA,NA
"SierraLeone","women_iron","level","infill","raw_enet",2,14,"open,survey_public",2,NA,NA,NA,NA,NA,NA,NA
"SierraLeone","women_iron","level","infill","spatial_plus_domain",2,14,"open,survey_public",2,NA,NA,NA,NA,NA,NA,NA
"SierraLeone","women_iron","level","infill","domain_index_cal",2,14,"open,survey_public",2,NA,NA,NA,NA,NA,NA,NA
"SierraLeone","women_iron","level","infill","region_mean_jk",2,14,"open,survey_public",2,NA,NA,NA,NA,NA,NA,NA
"SierraLeone","women_iron","level","infill","null_train_mean",3,14,"open,survey_public",2,NA,NA,NA,NA,NA,NA,NA
"SierraLeone","women_iron","level","infill","spatial",3,14,"open,survey_public",2,NA,NA,NA,NA,NA,NA,NA
"SierraLeone","women_iron","level","infill","domain_index",3,14,"open,survey_public",2,NA,NA,NA,NA,NA,NA,NA
"SierraLeone","women_iron","level","infill","domain_enet",3,14,"open,survey_public",2,NA,NA,NA,NA,NA,NA,NA
"SierraLeone","women_iron","level","infill","raw_enet",3,14,"open,survey_public",2,NA,NA,NA,NA,NA,NA,NA
"SierraLeone","women_iron","level","infill","spatial_plus_domain",3,14,"open,survey_public",2,NA,NA,NA,NA,NA,NA,NA
"SierraLeone","women_iron","level","infill","domain_index_cal",3,14,"open,survey_public",2,NA,NA,NA,NA,NA,NA,NA
"SierraLeone","women_iron","level","infill","region_mean_jk",3,14,"open,survey_public",2,NA,NA,NA,NA,NA,NA,NA
"SierraLeone","women_iron","level","infill","null_train_mean",4,14,"open,survey_public",2,NA,NA,NA,NA,NA,NA,NA
"SierraLeone","women_iron","level","infill","spatial",4,14,"open,survey_public",2,NA,NA,NA,NA,NA,NA,NA
"SierraLeone","women_iron","level","infill","domain_index",4,14,"open,survey_public",2,NA,NA,NA,NA,NA,NA,NA
"SierraLeone","women_iron","level","infill","domain_enet",4,14,"open,survey_public",2,NA,NA,NA,NA,NA,NA,NA
"SierraLeone","women_iron","level","infill","raw_enet",4,14,"open,survey_public",2,NA,NA,NA,NA,NA,NA,NA
"SierraLeone","women_iron","level","infill","spatial_plus_domain",4,14,"open,survey_public",2,NA,NA,NA,NA,NA,NA,NA
"SierraLeone","women_iron","level","infill","domain_index_cal",4,14,"open,survey_public",2,NA,NA,NA,NA,NA,NA,NA
"SierraLeone","women_iron","level","infill","region_mean_jk",4,14,"open,survey_public",2,NA,NA,NA,NA,NA,NA,NA
"SierraLeone","women_iron","level","infill","null_train_mean",5,14,"open,survey_public",2,NA,NA,NA,NA,NA,NA,NA
"SierraLeone","women_iron","level","infill","spatial",5,14,"open,survey_public",2,NA,NA,NA,NA,NA,NA,NA
"SierraLeone","women_iron","level","infill","domain_index",5,14,"open,survey_public",2,NA,NA,NA,NA,NA,NA,NA
"SierraLeone","women_iron","level","infill","domain_enet",5,14,"open,survey_public",2,NA,NA,NA,NA,NA,NA,NA
"SierraLeone","women_iron","level","infill","raw_enet",5,14,"open,survey_public",2,NA,NA,NA,NA,NA,NA,NA
"SierraLeone","women_iron","level","infill","spatial_plus_domain",5,14,"open,survey_public",2,NA,NA,NA,NA,NA,NA,NA
"SierraLeone","women_iron","level","infill","domain_index_cal",5,14,"open,survey_public",2,NA,NA,NA,NA,NA,NA,NA
"SierraLeone","women_iron","level","infill","region_mean_jk",5,14,"open,survey_public",2,NA,NA,NA,NA,NA,NA,NA
"SierraLeone","women_iron","level","infill","null_train_mean",6,14,"open,survey_public",2,NA,NA,NA,NA,NA,NA,NA
"SierraLeone","women_iron","level","infill","spatial",6,14,"open,survey_public",2,NA,NA,NA,NA,NA,NA,NA
"SierraLeone","women_iron","level","infill","domain_index",6,14,"open,survey_public",2,NA,NA,NA,NA,NA,NA,NA
"SierraLeone","women_iron","level","infill","domain_enet",6,14,"open,survey_public",2,NA,NA,NA,NA,NA,NA,NA
"SierraLeone","women_iron","level","infill","raw_enet",6,14,"open,survey_public",2,NA,NA,NA,NA,NA,NA,NA
"SierraLeone","women_iron","level","infill","spatial_plus_domain",6,14,"open,survey_public",2,NA,NA,NA,NA,NA,NA,NA
"SierraLeone","women_iron","level","infill","domain_index_cal",6,14,"open,survey_public",2,NA,NA,NA,NA,NA,NA,NA
"SierraLeone","women_iron","level","infill","region_mean_jk",6,14,"open,survey_public",2,NA,NA,NA,NA,NA,NA,NA
"SierraLeone","women_iron","level","infill","null_train_mean",7,14,"open,survey_public",2,NA,NA,NA,NA,NA,NA,NA
"SierraLeone","women_iron","level","infill","spatial",7,14,"open,survey_public",2,NA,NA,NA,NA,NA,NA,NA
"SierraLeone","women_iron","level","infill","domain_index",7,14,"open,survey_public",2,NA,NA,NA,NA,NA,NA,NA
"SierraLeone","women_iron","level","infill","domain_enet",7,14,"open,survey_public",2,NA,NA,NA,NA,NA,NA,NA
"SierraLeone","women_iron","level","infill","raw_enet",7,14,"open,survey_public",2,NA,NA,NA,NA,NA,NA,NA
"SierraLeone","women_iron","level","infill","spatial_plus_domain",7,14,"open,survey_public",2,NA,NA,NA,NA,NA,NA,NA
"SierraLeone","women_iron","level","infill","domain_index_cal",7,14,"open,survey_public",2,NA,NA,NA,NA,NA,NA,NA
"SierraLeone","women_iron","level","infill","region_mean_jk",7,14,"open,survey_public",2,NA,NA,NA,NA,NA,NA,NA
"SierraLeone","women_iron","level","infill","null_train_mean",8,14,"open,survey_public",2,NA,NA,NA,NA,NA,NA,NA
"SierraLeone","women_iron","level","infill","spatial",8,14,"open,survey_public",2,NA,NA,NA,NA,NA,NA,NA
"SierraLeone","women_iron","level","infill","domain_index",8,14,"open,survey_public",2,NA,NA,NA,NA,NA,NA,NA
"SierraLeone","women_iron","level","infill","domain_enet",8,14,"open,survey_public",2,NA,NA,NA,NA,NA,NA,NA
"SierraLeone","women_iron","level","infill","raw_enet",8,14,"open,survey_public",2,NA,NA,NA,NA,NA,NA,NA
"SierraLeone","women_iron","level","infill","spatial_plus_domain",8,14,"open,survey_public",2,NA,NA,NA,NA,NA,NA,NA
"SierraLeone","women_iron","level","infill","domain_index_cal",8,14,"open,survey_public",2,NA,NA,NA,NA,NA,NA,NA
"SierraLeone","women_iron","level","infill","region_mean_jk",8,14,"open,survey_public",2,NA,NA,NA,NA,NA,NA,NA
"SierraLeone","women_iron","level","infill","null_train_mean",9,14,"open,survey_public",2,NA,NA,NA,NA,NA,NA,NA
"SierraLeone","women_iron","level","infill","spatial",9,14,"open,survey_public",2,NA,NA,NA,NA,NA,NA,NA
"SierraLeone","women_iron","level","infill","domain_index",9,14,"open,survey_public",2,NA,NA,NA,NA,NA,NA,NA
"SierraLeone","women_iron","level","infill","domain_enet",9,14,"open,survey_public",2,NA,NA,NA,NA,NA,NA,NA
"SierraLeone","women_iron","level","infill","raw_enet",9,14,"open,survey_public",2,NA,NA,NA,NA,NA,NA,NA
"SierraLeone","women_iron","level","infill","spatial_plus_domain",9,14,"open,survey_public",2,NA,NA,NA,NA,NA,NA,NA
"SierraLeone","women_iron","level","infill","domain_index_cal",9,14,"open,survey_public",2,NA,NA,NA,NA,NA,NA,NA
"SierraLeone","women_iron","level","infill","region_mean_jk",9,14,"open,survey_public",2,NA,NA,NA,NA,NA,NA,NA
"SierraLeone","women_iron","level","infill","null_train_mean",10,14,"open,survey_public",2,NA,NA,NA,NA,NA,NA,NA
"SierraLeone","women_iron","level","infill","spatial",10,14,"open,survey_public",2,NA,NA,NA,NA,NA,NA,NA
"SierraLeone","women_iron","level","infill","domain_index",10,14,"open,survey_public",2,NA,NA,NA,NA,NA,NA,NA
"SierraLeone","women_iron","level","infill","domain_enet",10,14,"open,survey_public",2,NA,NA,NA,NA,NA,NA,NA
"SierraLeone","women_iron","level","infill","raw_enet",10,14,"open,survey_public",2,NA,NA,NA,NA,NA,NA,NA
"SierraLeone","women_iron","level","infill","spatial_plus_domain",10,14,"open,survey_public",2,NA,NA,NA,NA,NA,NA,NA
"SierraLeone","women_iron","level","infill","domain_index_cal",10,14,"open,survey_public",2,NA,NA,NA,NA,NA,NA,NA
"SierraLeone","women_iron","level","infill","region_mean_jk",10,14,"open,survey_public",2,NA,NA,NA,NA,NA,NA,NA
"SierraLeone","women_iron","level","region","null_train_mean",1,14,"open,survey_public",2,NA,NA,NA,NA,NA,NA,NA
"SierraLeone","women_iron","level","region","spatial",1,14,"open,survey_public",2,NA,NA,NA,NA,NA,NA,NA
"SierraLeone","women_iron","level","region","domain_index",1,14,"open,survey_public",2,NA,NA,NA,NA,NA,NA,NA
"SierraLeone","women_iron","level","region","domain_enet",1,14,"open,survey_public",2,NA,NA,NA,NA,NA,NA,NA
"SierraLeone","women_iron","level","region","raw_enet",1,14,"open,survey_public",2,NA,NA,NA,NA,NA,NA,NA
"SierraLeone","women_iron","level","region","spatial_plus_domain",1,14,"open,survey_public",2,NA,NA,NA,NA,NA,NA,NA
"SierraLeone","women_iron","level","region","domain_index_cal",1,14,"open,survey_public",2,NA,NA,NA,NA,NA,NA,NA
"SierraLeone","women_folate","prev","infill","null_train_mean",1,14,"open,survey_public",2,NA,NA,NA,NA,NA,NA,NA
"SierraLeone","women_folate","prev","infill","spatial",1,14,"open,survey_public",2,NA,NA,NA,NA,NA,NA,NA
"SierraLeone","women_folate","prev","infill","domain_index",1,14,"open,survey_public",2,NA,NA,NA,NA,NA,NA,NA
"SierraLeone","women_folate","prev","infill","domain_enet",1,14,"open,survey_public",2,NA,NA,NA,NA,NA,NA,NA
"SierraLeone","women_folate","prev","infill","raw_enet",1,14,"open,survey_public",2,NA,NA,NA,NA,NA,NA,NA
"SierraLeone","women_folate","prev","infill","spatial_plus_domain",1,14,"open,survey_public",2,NA,NA,NA,NA,NA,NA,NA
"SierraLeone","women_folate","prev","infill","domain_index_cal",1,14,"open,survey_public",2,NA,NA,NA,NA,NA,NA,NA
"SierraLeone","women_folate","prev","infill","region_mean_jk",1,14,"open,survey_public",2,NA,NA,NA,NA,NA,NA,NA
"SierraLeone","women_folate","prev","infill","null_train_mean",2,14,"open,survey_public",2,NA,NA,NA,NA,NA,NA,NA
"SierraLeone","women_folate","prev","infill","spatial",2,14,"open,survey_public",2,NA,NA,NA,NA,NA,NA,NA
"SierraLeone","women_folate","prev","infill","domain_index",2,14,"open,survey_public",2,NA,NA,NA,NA,NA,NA,NA
"SierraLeone","women_folate","prev","infill","domain_enet",2,14,"open,survey_public",2,NA,NA,NA,NA,NA,NA,NA
"SierraLeone","women_folate","prev","infill","raw_enet",2,14,"open,survey_public",2,NA,NA,NA,NA,NA,NA,NA
"SierraLeone","women_folate","prev","infill","spatial_plus_domain",2,14,"open,survey_public",2,NA,NA,NA,NA,NA,NA,NA
"SierraLeone","women_folate","prev","infill","domain_index_cal",2,14,"open,survey_public",2,NA,NA,NA,NA,NA,NA,NA
"SierraLeone","women_folate","prev","infill","region_mean_jk",2,14,"open,survey_public",2,NA,NA,NA,NA,NA,NA,NA
"SierraLeone","women_folate","prev","infill","null_train_mean",3,14,"open,survey_public",2,NA,NA,NA,NA,NA,NA,NA
"SierraLeone","women_folate","prev","infill","spatial",3,14,"open,survey_public",2,NA,NA,NA,NA,NA,NA,NA
"SierraLeone","women_folate","prev","infill","domain_index",3,14,"open,survey_public",2,NA,NA,NA,NA,NA,NA,NA
"SierraLeone","women_folate","prev","infill","domain_enet",3,14,"open,survey_public",2,NA,NA,NA,NA,NA,NA,NA
"SierraLeone","women_folate","prev","infill","raw_enet",3,14,"open,survey_public",2,NA,NA,NA,NA,NA,NA,NA
"SierraLeone","women_folate","prev","infill","spatial_plus_domain",3,14,"open,survey_public",2,NA,NA,NA,NA,NA,NA,NA
"SierraLeone","women_folate","prev","infill","domain_index_cal",3,14,"open,survey_public",2,NA,NA,NA,NA,NA,NA,NA
"SierraLeone","women_folate","prev","infill","region_mean_jk",3,14,"open,survey_public",2,NA,NA,NA,NA,NA,NA,NA
"SierraLeone","women_folate","prev","infill","null_train_mean",4,14,"open,survey_public",2,NA,NA,NA,NA,NA,NA,NA
"SierraLeone","women_folate","prev","infill","spatial",4,14,"open,survey_public",2,NA,NA,NA,NA,NA,NA,NA
"SierraLeone","women_folate","prev","infill","domain_index",4,14,"open,survey_public",2,NA,NA,NA,NA,NA,NA,NA
"SierraLeone","women_folate","prev","infill","domain_enet",4,14,"open,survey_public",2,NA,NA,NA,NA,NA,NA,NA
"SierraLeone","women_folate","prev","infill","raw_enet",4,14,"open,survey_public",2,NA,NA,NA,NA,NA,NA,NA
"SierraLeone","women_folate","prev","infill","spatial_plus_domain",4,14,"open,survey_public",2,NA,NA,NA,NA,NA,NA,NA
"SierraLeone","women_folate","prev","infill","domain_index_cal",4,14,"open,survey_public",2,NA,NA,NA,NA,NA,NA,NA
"SierraLeone","women_folate","prev","infill","region_mean_jk",4,14,"open,survey_public",2,NA,NA,NA,NA,NA,NA,NA
"SierraLeone","women_folate","prev","infill","null_train_mean",5,14,"open,survey_public",2,NA,NA,NA,NA,NA,NA,NA
"SierraLeone","women_folate","prev","infill","spatial",5,14,"open,survey_public",2,NA,NA,NA,NA,NA,NA,NA
"SierraLeone","women_folate","prev","infill","domain_index",5,14,"open,survey_public",2,NA,NA,NA,NA,NA,NA,NA
"SierraLeone","women_folate","prev","infill","domain_enet",5,14,"open,survey_public",2,NA,NA,NA,NA,NA,NA,NA
"SierraLeone","women_folate","prev","infill","raw_enet",5,14,"open,survey_public",2,NA,NA,NA,NA,NA,NA,NA
"SierraLeone","women_folate","prev","infill","spatial_plus_domain",5,14,"open,survey_public",2,NA,NA,NA,NA,NA,NA,NA
"SierraLeone","women_folate","prev","infill","domain_index_cal",5,14,"open,survey_public",2,NA,NA,NA,NA,NA,NA,NA
"SierraLeone","women_folate","prev","infill","region_mean_jk",5,14,"open,survey_public",2,NA,NA,NA,NA,NA,NA,NA
"SierraLeone","women_folate","prev","infill","null_train_mean",6,14,"open,survey_public",2,NA,NA,NA,NA,NA,NA,NA
"SierraLeone","women_folate","prev","infill","spatial",6,14,"open,survey_public",2,NA,NA,NA,NA,NA,NA,NA
"SierraLeone","women_folate","prev","infill","domain_index",6,14,"open,survey_public",2,NA,NA,NA,NA,NA,NA,NA
"SierraLeone","women_folate","prev","infill","domain_enet",6,14,"open,survey_public",2,NA,NA,NA,NA,NA,NA,NA
"SierraLeone","women_folate","prev","infill","raw_enet",6,14,"open,survey_public",2,NA,NA,NA,NA,NA,NA,NA
"SierraLeone","women_folate","prev","infill","spatial_plus_domain",6,14,"open,survey_public",2,NA,NA,NA,NA,NA,NA,NA
"SierraLeone","women_folate","prev","infill","domain_index_cal",6,14,"open,survey_public",2,NA,NA,NA,NA,NA,NA,NA
"SierraLeone","women_folate","prev","infill","region_mean_jk",6,14,"open,survey_public",2,NA,NA,NA,NA,NA,NA,NA
"SierraLeone","women_folate","prev","infill","null_train_mean",7,14,"open,survey_public",2,NA,NA,NA,NA,NA,NA,NA
"SierraLeone","women_folate","prev","infill","spatial",7,14,"open,survey_public",2,NA,NA,NA,NA,NA,NA,NA
"SierraLeone","women_folate","prev","infill","domain_index",7,14,"open,survey_public",2,NA,NA,NA,NA,NA,NA,NA
"SierraLeone","women_folate","prev","infill","domain_enet",7,14,"open,survey_public",2,NA,NA,NA,NA,NA,NA,NA
"SierraLeone","women_folate","prev","infill","raw_enet",7,14,"open,survey_public",2,NA,NA,NA,NA,NA,NA,NA
"SierraLeone","women_folate","prev","infill","spatial_plus_domain",7,14,"open,survey_public",2,NA,NA,NA,NA,NA,NA,NA
"SierraLeone","women_folate","prev","infill","domain_index_cal",7,14,"open,survey_public",2,NA,NA,NA,NA,NA,NA,NA
"SierraLeone","women_folate","prev","infill","region_mean_jk",7,14,"open,survey_public",2,NA,NA,NA,NA,NA,NA,NA
"SierraLeone","women_folate","prev","infill","null_train_mean",8,14,"open,survey_public",2,NA,NA,NA,NA,NA,NA,NA
"SierraLeone","women_folate","prev","infill","spatial",8,14,"open,survey_public",2,NA,NA,NA,NA,NA,NA,NA
"SierraLeone","women_folate","prev","infill","domain_index",8,14,"open,survey_public",2,NA,NA,NA,NA,NA,NA,NA
"SierraLeone","women_folate","prev","infill","domain_enet",8,14,"open,survey_public",2,NA,NA,NA,NA,NA,NA,NA
"SierraLeone","women_folate","prev","infill","raw_enet",8,14,"open,survey_public",2,NA,NA,NA,NA,NA,NA,NA
"SierraLeone","women_folate","prev","infill","spatial_plus_domain",8,14,"open,survey_public",2,NA,NA,NA,NA,NA,NA,NA
"SierraLeone","women_folate","prev","infill","domain_index_cal",8,14,"open,survey_public",2,NA,NA,NA,NA,NA,NA,NA
"SierraLeone","women_folate","prev","infill","region_mean_jk",8,14,"open,survey_public",2,NA,NA,NA,NA,NA,NA,NA
"SierraLeone","women_folate","prev","infill","null_train_mean",9,14,"open,survey_public",2,NA,NA,NA,NA,NA,NA,NA
"SierraLeone","women_folate","prev","infill","spatial",9,14,"open,survey_public",2,NA,NA,NA,NA,NA,NA,NA
"SierraLeone","women_folate","prev","infill","domain_index",9,14,"open,survey_public",2,NA,NA,NA,NA,NA,NA,NA
"SierraLeone","women_folate","prev","infill","domain_enet",9,14,"open,survey_public",2,NA,NA,NA,NA,NA,NA,NA
"SierraLeone","women_folate","prev","infill","raw_enet",9,14,"open,survey_public",2,NA,NA,NA,NA,NA,NA,NA
"SierraLeone","women_folate","prev","infill","spatial_plus_domain",9,14,"open,survey_public",2,NA,NA,NA,NA,NA,NA,NA
"SierraLeone","women_folate","prev","infill","domain_index_cal",9,14,"open,survey_public",2,NA,NA,NA,NA,NA,NA,NA
"SierraLeone","women_folate","prev","infill","region_mean_jk",9,14,"open,survey_public",2,NA,NA,NA,NA,NA,NA,NA
"SierraLeone","women_folate","prev","infill","null_train_mean",10,14,"open,survey_public",2,NA,NA,NA,NA,NA,NA,NA
"SierraLeone","women_folate","prev","infill","spatial",10,14,"open,survey_public",2,NA,NA,NA,NA,NA,NA,NA
"SierraLeone","women_folate","prev","infill","domain_index",10,14,"open,survey_public",2,NA,NA,NA,NA,NA,NA,NA
"SierraLeone","women_folate","prev","infill","domain_enet",10,14,"open,survey_public",2,NA,NA,NA,NA,NA,NA,NA
"SierraLeone","women_folate","prev","infill","raw_enet",10,14,"open,survey_public",2,NA,NA,NA,NA,NA,NA,NA
"SierraLeone","women_folate","prev","infill","spatial_plus_domain",10,14,"open,survey_public",2,NA,NA,NA,NA,NA,NA,NA
"SierraLeone","women_folate","prev","infill","domain_index_cal",10,14,"open,survey_public",2,NA,NA,NA,NA,NA,NA,NA
"SierraLeone","women_folate","prev","infill","region_mean_jk",10,14,"open,survey_public",2,NA,NA,NA,NA,NA,NA,NA
"SierraLeone","women_folate","prev","region","null_train_mean",1,14,"open,survey_public",2,NA,NA,NA,NA,NA,NA,NA
"SierraLeone","women_folate","prev","region","spatial",1,14,"open,survey_public",2,NA,NA,NA,NA,NA,NA,NA
"SierraLeone","women_folate","prev","region","domain_index",1,14,"open,survey_public",2,NA,NA,NA,NA,NA,NA,NA
"SierraLeone","women_folate","prev","region","domain_enet",1,14,"open,survey_public",2,NA,NA,NA,NA,NA,NA,NA
"SierraLeone","women_folate","prev","region","raw_enet",1,14,"open,survey_public",2,NA,NA,NA,NA,NA,NA,NA
"SierraLeone","women_folate","prev","region","spatial_plus_domain",1,14,"open,survey_public",2,NA,NA,NA,NA,NA,NA,NA
"SierraLeone","women_folate","prev","region","domain_index_cal",1,14,"open,survey_public",2,NA,NA,NA,NA,NA,NA,NA
"SierraLeone","women_folate","level","infill","null_train_mean",1,14,"open,survey_public",2,NA,NA,NA,NA,NA,NA,NA
"SierraLeone","women_folate","level","infill","spatial",1,14,"open,survey_public",2,NA,NA,NA,NA,NA,NA,NA
"SierraLeone","women_folate","level","infill","domain_index",1,14,"open,survey_public",2,NA,NA,NA,NA,NA,NA,NA
"SierraLeone","women_folate","level","infill","domain_enet",1,14,"open,survey_public",2,NA,NA,NA,NA,NA,NA,NA
"SierraLeone","women_folate","level","infill","raw_enet",1,14,"open,survey_public",2,NA,NA,NA,NA,NA,NA,NA
"SierraLeone","women_folate","level","infill","spatial_plus_domain",1,14,"open,survey_public",2,NA,NA,NA,NA,NA,NA,NA
"SierraLeone","women_folate","level","infill","domain_index_cal",1,14,"open,survey_public",2,NA,NA,NA,NA,NA,NA,NA
"SierraLeone","women_folate","level","infill","region_mean_jk",1,14,"open,survey_public",2,NA,NA,NA,NA,NA,NA,NA
"SierraLeone","women_folate","level","infill","null_train_mean",2,14,"open,survey_public",2,NA,NA,NA,NA,NA,NA,NA
"SierraLeone","women_folate","level","infill","spatial",2,14,"open,survey_public",2,NA,NA,NA,NA,NA,NA,NA
"SierraLeone","women_folate","level","infill","domain_index",2,14,"open,survey_public",2,NA,NA,NA,NA,NA,NA,NA
"SierraLeone","women_folate","level","infill","domain_enet",2,14,"open,survey_public",2,NA,NA,NA,NA,NA,NA,NA
"SierraLeone","women_folate","level","infill","raw_enet",2,14,"open,survey_public",2,NA,NA,NA,NA,NA,NA,NA
"SierraLeone","women_folate","level","infill","spatial_plus_domain",2,14,"open,survey_public",2,NA,NA,NA,NA,NA,NA,NA
"SierraLeone","women_folate","level","infill","domain_index_cal",2,14,"open,survey_public",2,NA,NA,NA,NA,NA,NA,NA
"SierraLeone","women_folate","level","infill","region_mean_jk",2,14,"open,survey_public",2,NA,NA,NA,NA,NA,NA,NA
"SierraLeone","women_folate","level","infill","null_train_mean",3,14,"open,survey_public",2,NA,NA,NA,NA,NA,NA,NA
"SierraLeone","women_folate","level","infill","spatial",3,14,"open,survey_public",2,NA,NA,NA,NA,NA,NA,NA
"SierraLeone","women_folate","level","infill","domain_index",3,14,"open,survey_public",2,NA,NA,NA,NA,NA,NA,NA
"SierraLeone","women_folate","level","infill","domain_enet",3,14,"open,survey_public",2,NA,NA,NA,NA,NA,NA,NA
"SierraLeone","women_folate","level","infill","raw_enet",3,14,"open,survey_public",2,NA,NA,NA,NA,NA,NA,NA
"SierraLeone","women_folate","level","infill","spatial_plus_domain",3,14,"open,survey_public",2,NA,NA,NA,NA,NA,NA,NA
"SierraLeone","women_folate","level","infill","domain_index_cal",3,14,"open,survey_public",2,NA,NA,NA,NA,NA,NA,NA
"SierraLeone","women_folate","level","infill","region_mean_jk",3,14,"open,survey_public",2,NA,NA,NA,NA,NA,NA,NA
"SierraLeone","women_folate","level","infill","null_train_mean",4,14,"open,survey_public",2,NA,NA,NA,NA,NA,NA,NA
"SierraLeone","women_folate","level","infill","spatial",4,14,"open,survey_public",2,NA,NA,NA,NA,NA,NA,NA
"SierraLeone","women_folate","level","infill","domain_index",4,14,"open,survey_public",2,NA,NA,NA,NA,NA,NA,NA
"SierraLeone","women_folate","level","infill","domain_enet",4,14,"open,survey_public",2,NA,NA,NA,NA,NA,NA,NA
"SierraLeone","women_folate","level","infill","raw_enet",4,14,"open,survey_public",2,NA,NA,NA,NA,NA,NA,NA
"SierraLeone","women_folate","level","infill","spatial_plus_domain",4,14,"open,survey_public",2,NA,NA,NA,NA,NA,NA,NA
"SierraLeone","women_folate","level","infill","domain_index_cal",4,14,"open,survey_public",2,NA,NA,NA,NA,NA,NA,NA
"SierraLeone","women_folate","level","infill","region_mean_jk",4,14,"open,survey_public",2,NA,NA,NA,NA,NA,NA,NA
"SierraLeone","women_folate","level","infill","null_train_mean",5,14,"open,survey_public",2,NA,NA,NA,NA,NA,NA,NA
"SierraLeone","women_folate","level","infill","spatial",5,14,"open,survey_public",2,NA,NA,NA,NA,NA,NA,NA
"SierraLeone","women_folate","level","infill","domain_index",5,14,"open,survey_public",2,NA,NA,NA,NA,NA,NA,NA
"SierraLeone","women_folate","level","infill","domain_enet",5,14,"open,survey_public",2,NA,NA,NA,NA,NA,NA,NA
"SierraLeone","women_folate","level","infill","raw_enet",5,14,"open,survey_public",2,NA,NA,NA,NA,NA,NA,NA
"SierraLeone","women_folate","level","infill","spatial_plus_domain",5,14,"open,survey_public",2,NA,NA,NA,NA,NA,NA,NA
"SierraLeone","women_folate","level","infill","domain_index_cal",5,14,"open,survey_public",2,NA,NA,NA,NA,NA,NA,NA
"SierraLeone","women_folate","level","infill","region_mean_jk",5,14,"open,survey_public",2,NA,NA,NA,NA,NA,NA,NA
"SierraLeone","women_folate","level","infill","null_train_mean",6,14,"open,survey_public",2,NA,NA,NA,NA,NA,NA,NA
"SierraLeone","women_folate","level","infill","spatial",6,14,"open,survey_public",2,NA,NA,NA,NA,NA,NA,NA
"SierraLeone","women_folate","level","infill","domain_index",6,14,"open,survey_public",2,NA,NA,NA,NA,NA,NA,NA
"SierraLeone","women_folate","level","infill","domain_enet",6,14,"open,survey_public",2,NA,NA,NA,NA,NA,NA,NA
"SierraLeone","women_folate","level","infill","raw_enet",6,14,"open,survey_public",2,NA,NA,NA,NA,NA,NA,NA
"SierraLeone","women_folate","level","infill","spatial_plus_domain",6,14,"open,survey_public",2,NA,NA,NA,NA,NA,NA,NA
"SierraLeone","women_folate","level","infill","domain_index_cal",6,14,"open,survey_public",2,NA,NA,NA,NA,NA,NA,NA
"SierraLeone","women_folate","level","infill","region_mean_jk",6,14,"open,survey_public",2,NA,NA,NA,NA,NA,NA,NA
"SierraLeone","women_folate","level","infill","null_train_mean",7,14,"open,survey_public",2,NA,NA,NA,NA,NA,NA,NA
"SierraLeone","women_folate","level","infill","spatial",7,14,"open,survey_public",2,NA,NA,NA,NA,NA,NA,NA
"SierraLeone","women_folate","level","infill","domain_index",7,14,"open,survey_public",2,NA,NA,NA,NA,NA,NA,NA
"SierraLeone","women_folate","level","infill","domain_enet",7,14,"open,survey_public",2,NA,NA,NA,NA,NA,NA,NA
"SierraLeone","women_folate","level","infill","raw_enet",7,14,"open,survey_public",2,NA,NA,NA,NA,NA,NA,NA
"SierraLeone","women_folate","level","infill","spatial_plus_domain",7,14,"open,survey_public",2,NA,NA,NA,NA,NA,NA,NA
"SierraLeone","women_folate","level","infill","domain_index_cal",7,14,"open,survey_public",2,NA,NA,NA,NA,NA,NA,NA
"SierraLeone","women_folate","level","infill","region_mean_jk",7,14,"open,survey_public",2,NA,NA,NA,NA,NA,NA,NA
"SierraLeone","women_folate","level","infill","null_train_mean",8,14,"open,survey_public",2,NA,NA,NA,NA,NA,NA,NA
"SierraLeone","women_folate","level","infill","spatial",8,14,"open,survey_public",2,NA,NA,NA,NA,NA,NA,NA
"SierraLeone","women_folate","level","infill","domain_index",8,14,"open,survey_public",2,NA,NA,NA,NA,NA,NA,NA
"SierraLeone","women_folate","level","infill","domain_enet",8,14,"open,survey_public",2,NA,NA,NA,NA,NA,NA,NA
"SierraLeone","women_folate","level","infill","raw_enet",8,14,"open,survey_public",2,NA,NA,NA,NA,NA,NA,NA
"SierraLeone","women_folate","level","infill","spatial_plus_domain",8,14,"open,survey_public",2,NA,NA,NA,NA,NA,NA,NA
"SierraLeone","women_folate","level","infill","domain_index_cal",8,14,"open,survey_public",2,NA,NA,NA,NA,NA,NA,NA
"SierraLeone","women_folate","level","infill","region_mean_jk",8,14,"open,survey_public",2,NA,NA,NA,NA,NA,NA,NA
"SierraLeone","women_folate","level","infill","null_train_mean",9,14,"open,survey_public",2,NA,NA,NA,NA,NA,NA,NA
"SierraLeone","women_folate","level","infill","spatial",9,14,"open,survey_public",2,NA,NA,NA,NA,NA,NA,NA
"SierraLeone","women_folate","level","infill","domain_index",9,14,"open,survey_public",2,NA,NA,NA,NA,NA,NA,NA
"SierraLeone","women_folate","level","infill","domain_enet",9,14,"open,survey_public",2,NA,NA,NA,NA,NA,NA,NA
"SierraLeone","women_folate","level","infill","raw_enet",9,14,"open,survey_public",2,NA,NA,NA,NA,NA,NA,NA
"SierraLeone","women_folate","level","infill","spatial_plus_domain",9,14,"open,survey_public",2,NA,NA,NA,NA,NA,NA,NA
"SierraLeone","women_folate","level","infill","domain_index_cal",9,14,"open,survey_public",2,NA,NA,NA,NA,NA,NA,NA
"SierraLeone","women_folate","level","infill","region_mean_jk",9,14,"open,survey_public",2,NA,NA,NA,NA,NA,NA,NA
"SierraLeone","women_folate","level","infill","null_train_mean",10,14,"open,survey_public",2,NA,NA,NA,NA,NA,NA,NA
"SierraLeone","women_folate","level","infill","spatial",10,14,"open,survey_public",2,NA,NA,NA,NA,NA,NA,NA
"SierraLeone","women_folate","level","infill","domain_index",10,14,"open,survey_public",2,NA,NA,NA,NA,NA,NA,NA
"SierraLeone","women_folate","level","infill","domain_enet",10,14,"open,survey_public",2,NA,NA,NA,NA,NA,NA,NA
"SierraLeone","women_folate","level","infill","raw_enet",10,14,"open,survey_public",2,NA,NA,NA,NA,NA,NA,NA
"SierraLeone","women_folate","level","infill","spatial_plus_domain",10,14,"open,survey_public",2,NA,NA,NA,NA,NA,NA,NA
"SierraLeone","women_folate","level","infill","domain_index_cal",10,14,"open,survey_public",2,NA,NA,NA,NA,NA,NA,NA
"SierraLeone","women_folate","level","infill","region_mean_jk",10,14,"open,survey_public",2,NA,NA,NA,NA,NA,NA,NA
"SierraLeone","women_folate","level","region","null_train_mean",1,14,"open,survey_public",2,NA,NA,NA,NA,NA,NA,NA
"SierraLeone","women_folate","level","region","spatial",1,14,"open,survey_public",2,NA,NA,NA,NA,NA,NA,NA
"SierraLeone","women_folate","level","region","domain_index",1,14,"open,survey_public",2,NA,NA,NA,NA,NA,NA,NA
"SierraLeone","women_folate","level","region","domain_enet",1,14,"open,survey_public",2,NA,NA,NA,NA,NA,NA,NA
"SierraLeone","women_folate","level","region","raw_enet",1,14,"open,survey_public",2,NA,NA,NA,NA,NA,NA,NA
"SierraLeone","women_folate","level","region","spatial_plus_domain",1,14,"open,survey_public",2,NA,NA,NA,NA,NA,NA,NA
"SierraLeone","women_folate","level","region","domain_index_cal",1,14,"open,survey_public",2,NA,NA,NA,NA,NA,NA,NA
"SierraLeone","women_b12","prev","infill","null_train_mean",1,14,"open,survey_public",2,NA,NA,NA,NA,NA,NA,NA
"SierraLeone","women_b12","prev","infill","spatial",1,14,"open,survey_public",2,NA,NA,NA,NA,NA,NA,NA
"SierraLeone","women_b12","prev","infill","domain_index",1,14,"open,survey_public",2,NA,NA,NA,NA,NA,NA,NA
"SierraLeone","women_b12","prev","infill","domain_enet",1,14,"open,survey_public",2,NA,NA,NA,NA,NA,NA,NA
"SierraLeone","women_b12","prev","infill","raw_enet",1,14,"open,survey_public",2,NA,NA,NA,NA,NA,NA,NA
"SierraLeone","women_b12","prev","infill","spatial_plus_domain",1,14,"open,survey_public",2,NA,NA,NA,NA,NA,NA,NA
"SierraLeone","women_b12","prev","infill","domain_index_cal",1,14,"open,survey_public",2,NA,NA,NA,NA,NA,NA,NA
"SierraLeone","women_b12","prev","infill","region_mean_jk",1,14,"open,survey_public",2,NA,NA,NA,NA,NA,NA,NA
"SierraLeone","women_b12","prev","infill","null_train_mean",2,14,"open,survey_public",2,NA,NA,NA,NA,NA,NA,NA
"SierraLeone","women_b12","prev","infill","spatial",2,14,"open,survey_public",2,NA,NA,NA,NA,NA,NA,NA
"SierraLeone","women_b12","prev","infill","domain_index",2,14,"open,survey_public",2,NA,NA,NA,NA,NA,NA,NA
"SierraLeone","women_b12","prev","infill","domain_enet",2,14,"open,survey_public",2,NA,NA,NA,NA,NA,NA,NA
"SierraLeone","women_b12","prev","infill","raw_enet",2,14,"open,survey_public",2,NA,NA,NA,NA,NA,NA,NA
"SierraLeone","women_b12","prev","infill","spatial_plus_domain",2,14,"open,survey_public",2,NA,NA,NA,NA,NA,NA,NA
"SierraLeone","women_b12","prev","infill","domain_index_cal",2,14,"open,survey_public",2,NA,NA,NA,NA,NA,NA,NA
"SierraLeone","women_b12","prev","infill","region_mean_jk",2,14,"open,survey_public",2,NA,NA,NA,NA,NA,NA,NA
"SierraLeone","women_b12","prev","infill","null_train_mean",3,14,"open,survey_public",2,NA,NA,NA,NA,NA,NA,NA
"SierraLeone","women_b12","prev","infill","spatial",3,14,"open,survey_public",2,NA,NA,NA,NA,NA,NA,NA
"SierraLeone","women_b12","prev","infill","domain_index",3,14,"open,survey_public",2,NA,NA,NA,NA,NA,NA,NA
"SierraLeone","women_b12","prev","infill","domain_enet",3,14,"open,survey_public",2,NA,NA,NA,NA,NA,NA,NA
"SierraLeone","women_b12","prev","infill","raw_enet",3,14,"open,survey_public",2,NA,NA,NA,NA,NA,NA,NA
"SierraLeone","women_b12","prev","infill","spatial_plus_domain",3,14,"open,survey_public",2,NA,NA,NA,NA,NA,NA,NA
"SierraLeone","women_b12","prev","infill","domain_index_cal",3,14,"open,survey_public",2,NA,NA,NA,NA,NA,NA,NA
"SierraLeone","women_b12","prev","infill","region_mean_jk",3,14,"open,survey_public",2,NA,NA,NA,NA,NA,NA,NA
"SierraLeone","women_b12","prev","infill","null_train_mean",4,14,"open,survey_public",2,NA,NA,NA,NA,NA,NA,NA
"SierraLeone","women_b12","prev","infill","spatial",4,14,"open,survey_public",2,NA,NA,NA,NA,NA,NA,NA
"SierraLeone","women_b12","prev","infill","domain_index",4,14,"open,survey_public",2,NA,NA,NA,NA,NA,NA,NA
"SierraLeone","women_b12","prev","infill","domain_enet",4,14,"open,survey_public",2,NA,NA,NA,NA,NA,NA,NA
"SierraLeone","women_b12","prev","infill","raw_enet",4,14,"open,survey_public",2,NA,NA,NA,NA,NA,NA,NA
"SierraLeone","women_b12","prev","infill","spatial_plus_domain",4,14,"open,survey_public",2,NA,NA,NA,NA,NA,NA,NA
"SierraLeone","women_b12","prev","infill","domain_index_cal",4,14,"open,survey_public",2,NA,NA,NA,NA,NA,NA,NA
"SierraLeone","women_b12","prev","infill","region_mean_jk",4,14,"open,survey_public",2,NA,NA,NA,NA,NA,NA,NA
"SierraLeone","women_b12","prev","infill","null_train_mean",5,14,"open,survey_public",2,NA,NA,NA,NA,NA,NA,NA
"SierraLeone","women_b12","prev","infill","spatial",5,14,"open,survey_public",2,NA,NA,NA,NA,NA,NA,NA
"SierraLeone","women_b12","prev","infill","domain_index",5,14,"open,survey_public",2,NA,NA,NA,NA,NA,NA,NA
"SierraLeone","women_b12","prev","infill","domain_enet",5,14,"open,survey_public",2,NA,NA,NA,NA,NA,NA,NA
"SierraLeone","women_b12","prev","infill","raw_enet",5,14,"open,survey_public",2,NA,NA,NA,NA,NA,NA,NA
"SierraLeone","women_b12","prev","infill","spatial_plus_domain",5,14,"open,survey_public",2,NA,NA,NA,NA,NA,NA,NA
"SierraLeone","women_b12","prev","infill","domain_index_cal",5,14,"open,survey_public",2,NA,NA,NA,NA,NA,NA,NA
"SierraLeone","women_b12","prev","infill","region_mean_jk",5,14,"open,survey_public",2,NA,NA,NA,NA,NA,NA,NA
"SierraLeone","women_b12","prev","infill","null_train_mean",6,14,"open,survey_public",2,NA,NA,NA,NA,NA,NA,NA
"SierraLeone","women_b12","prev","infill","spatial",6,14,"open,survey_public",2,NA,NA,NA,NA,NA,NA,NA
"SierraLeone","women_b12","prev","infill","domain_index",6,14,"open,survey_public",2,NA,NA,NA,NA,NA,NA,NA
"SierraLeone","women_b12","prev","infill","domain_enet",6,14,"open,survey_public",2,NA,NA,NA,NA,NA,NA,NA
"SierraLeone","women_b12","prev","infill","raw_enet",6,14,"open,survey_public",2,NA,NA,NA,NA,NA,NA,NA
"SierraLeone","women_b12","prev","infill","spatial_plus_domain",6,14,"open,survey_public",2,NA,NA,NA,NA,NA,NA,NA
"SierraLeone","women_b12","prev","infill","domain_index_cal",6,14,"open,survey_public",2,NA,NA,NA,NA,NA,NA,NA
"SierraLeone","women_b12","prev","infill","region_mean_jk",6,14,"open,survey_public",2,NA,NA,NA,NA,NA,NA,NA
"SierraLeone","women_b12","prev","infill","null_train_mean",7,14,"open,survey_public",2,NA,NA,NA,NA,NA,NA,NA
"SierraLeone","women_b12","prev","infill","spatial",7,14,"open,survey_public",2,NA,NA,NA,NA,NA,NA,NA
"SierraLeone","women_b12","prev","infill","domain_index",7,14,"open,survey_public",2,NA,NA,NA,NA,NA,NA,NA
"SierraLeone","women_b12","prev","infill","domain_enet",7,14,"open,survey_public",2,NA,NA,NA,NA,NA,NA,NA
"SierraLeone","women_b12","prev","infill","raw_enet",7,14,"open,survey_public",2,NA,NA,NA,NA,NA,NA,NA
"SierraLeone","women_b12","prev","infill","spatial_plus_domain",7,14,"open,survey_public",2,NA,NA,NA,NA,NA,NA,NA
"SierraLeone","women_b12","prev","infill","domain_index_cal",7,14,"open,survey_public",2,NA,NA,NA,NA,NA,NA,NA
"SierraLeone","women_b12","prev","infill","region_mean_jk",7,14,"open,survey_public",2,NA,NA,NA,NA,NA,NA,NA
"SierraLeone","women_b12","prev","infill","null_train_mean",8,14,"open,survey_public",2,NA,NA,NA,NA,NA,NA,NA
"SierraLeone","women_b12","prev","infill","spatial",8,14,"open,survey_public",2,NA,NA,NA,NA,NA,NA,NA
"SierraLeone","women_b12","prev","infill","domain_index",8,14,"open,survey_public",2,NA,NA,NA,NA,NA,NA,NA
"SierraLeone","women_b12","prev","infill","domain_enet",8,14,"open,survey_public",2,NA,NA,NA,NA,NA,NA,NA
"SierraLeone","women_b12","prev","infill","raw_enet",8,14,"open,survey_public",2,NA,NA,NA,NA,NA,NA,NA
"SierraLeone","women_b12","prev","infill","spatial_plus_domain",8,14,"open,survey_public",2,NA,NA,NA,NA,NA,NA,NA
"SierraLeone","women_b12","prev","infill","domain_index_cal",8,14,"open,survey_public",2,NA,NA,NA,NA,NA,NA,NA
"SierraLeone","women_b12","prev","infill","region_mean_jk",8,14,"open,survey_public",2,NA,NA,NA,NA,NA,NA,NA
"SierraLeone","women_b12","prev","infill","null_train_mean",9,14,"open,survey_public",2,NA,NA,NA,NA,NA,NA,NA
"SierraLeone","women_b12","prev","infill","spatial",9,14,"open,survey_public",2,NA,NA,NA,NA,NA,NA,NA
"SierraLeone","women_b12","prev","infill","domain_index",9,14,"open,survey_public",2,NA,NA,NA,NA,NA,NA,NA
"SierraLeone","women_b12","prev","infill","domain_enet",9,14,"open,survey_public",2,NA,NA,NA,NA,NA,NA,NA
"SierraLeone","women_b12","prev","infill","raw_enet",9,14,"open,survey_public",2,NA,NA,NA,NA,NA,NA,NA
"SierraLeone","women_b12","prev","infill","spatial_plus_domain",9,14,"open,survey_public",2,NA,NA,NA,NA,NA,NA,NA
"SierraLeone","women_b12","prev","infill","domain_index_cal",9,14,"open,survey_public",2,NA,NA,NA,NA,NA,NA,NA
"SierraLeone","women_b12","prev","infill","region_mean_jk",9,14,"open,survey_public",2,NA,NA,NA,NA,NA,NA,NA
"SierraLeone","women_b12","prev","infill","null_train_mean",10,14,"open,survey_public",2,NA,NA,NA,NA,NA,NA,NA
"SierraLeone","women_b12","prev","infill","spatial",10,14,"open,survey_public",2,NA,NA,NA,NA,NA,NA,NA
"SierraLeone","women_b12","prev","infill","domain_index",10,14,"open,survey_public",2,NA,NA,NA,NA,NA,NA,NA
"SierraLeone","women_b12","prev","infill","domain_enet",10,14,"open,survey_public",2,NA,NA,NA,NA,NA,NA,NA
"SierraLeone","women_b12","prev","infill","raw_enet",10,14,"open,survey_public",2,NA,NA,NA,NA,NA,NA,NA
"SierraLeone","women_b12","prev","infill","spatial_plus_domain",10,14,"open,survey_public",2,NA,NA,NA,NA,NA,NA,NA
"SierraLeone","women_b12","prev","infill","domain_index_cal",10,14,"open,survey_public",2,NA,NA,NA,NA,NA,NA,NA
"SierraLeone","women_b12","prev","infill","region_mean_jk",10,14,"open,survey_public",2,NA,NA,NA,NA,NA,NA,NA
"SierraLeone","women_b12","prev","region","null_train_mean",1,14,"open,survey_public",2,NA,NA,NA,NA,NA,NA,NA
"SierraLeone","women_b12","prev","region","spatial",1,14,"open,survey_public",2,NA,NA,NA,NA,NA,NA,NA
"SierraLeone","women_b12","prev","region","domain_index",1,14,"open,survey_public",2,NA,NA,NA,NA,NA,NA,NA
"SierraLeone","women_b12","prev","region","domain_enet",1,14,"open,survey_public",2,NA,NA,NA,NA,NA,NA,NA
"SierraLeone","women_b12","prev","region","raw_enet",1,14,"open,survey_public",2,NA,NA,NA,NA,NA,NA,NA
"SierraLeone","women_b12","prev","region","spatial_plus_domain",1,14,"open,survey_public",2,NA,NA,NA,NA,NA,NA,NA
"SierraLeone","women_b12","prev","region","domain_index_cal",1,14,"open,survey_public",2,NA,NA,NA,NA,NA,NA,NA
"SierraLeone","women_b12","level","infill","null_train_mean",1,14,"open,survey_public",2,NA,NA,NA,NA,NA,NA,NA
"SierraLeone","women_b12","level","infill","spatial",1,14,"open,survey_public",2,NA,NA,NA,NA,NA,NA,NA
"SierraLeone","women_b12","level","infill","domain_index",1,14,"open,survey_public",2,NA,NA,NA,NA,NA,NA,NA
"SierraLeone","women_b12","level","infill","domain_enet",1,14,"open,survey_public",2,NA,NA,NA,NA,NA,NA,NA
"SierraLeone","women_b12","level","infill","raw_enet",1,14,"open,survey_public",2,NA,NA,NA,NA,NA,NA,NA
"SierraLeone","women_b12","level","infill","spatial_plus_domain",1,14,"open,survey_public",2,NA,NA,NA,NA,NA,NA,NA
"SierraLeone","women_b12","level","infill","domain_index_cal",1,14,"open,survey_public",2,NA,NA,NA,NA,NA,NA,NA
"SierraLeone","women_b12","level","infill","region_mean_jk",1,14,"open,survey_public",2,NA,NA,NA,NA,NA,NA,NA
"SierraLeone","women_b12","level","infill","null_train_mean",2,14,"open,survey_public",2,NA,NA,NA,NA,NA,NA,NA
"SierraLeone","women_b12","level","infill","spatial",2,14,"open,survey_public",2,NA,NA,NA,NA,NA,NA,NA
"SierraLeone","women_b12","level","infill","domain_index",2,14,"open,survey_public",2,NA,NA,NA,NA,NA,NA,NA
"SierraLeone","women_b12","level","infill","domain_enet",2,14,"open,survey_public",2,NA,NA,NA,NA,NA,NA,NA
"SierraLeone","women_b12","level","infill","raw_enet",2,14,"open,survey_public",2,NA,NA,NA,NA,NA,NA,NA
"SierraLeone","women_b12","level","infill","spatial_plus_domain",2,14,"open,survey_public",2,NA,NA,NA,NA,NA,NA,NA
"SierraLeone","women_b12","level","infill","domain_index_cal",2,14,"open,survey_public",2,NA,NA,NA,NA,NA,NA,NA
"SierraLeone","women_b12","level","infill","region_mean_jk",2,14,"open,survey_public",2,NA,NA,NA,NA,NA,NA,NA
"SierraLeone","women_b12","level","infill","null_train_mean",3,14,"open,survey_public",2,NA,NA,NA,NA,NA,NA,NA
"SierraLeone","women_b12","level","infill","spatial",3,14,"open,survey_public",2,NA,NA,NA,NA,NA,NA,NA
"SierraLeone","women_b12","level","infill","domain_index",3,14,"open,survey_public",2,NA,NA,NA,NA,NA,NA,NA
"SierraLeone","women_b12","level","infill","domain_enet",3,14,"open,survey_public",2,NA,NA,NA,NA,NA,NA,NA
"SierraLeone","women_b12","level","infill","raw_enet",3,14,"open,survey_public",2,NA,NA,NA,NA,NA,NA,NA
"SierraLeone","women_b12","level","infill","spatial_plus_domain",3,14,"open,survey_public",2,NA,NA,NA,NA,NA,NA,NA
"SierraLeone","women_b12","level","infill","domain_index_cal",3,14,"open,survey_public",2,NA,NA,NA,NA,NA,NA,NA
"SierraLeone","women_b12","level","infill","region_mean_jk",3,14,"open,survey_public",2,NA,NA,NA,NA,NA,NA,NA
"SierraLeone","women_b12","level","infill","null_train_mean",4,14,"open,survey_public",2,NA,NA,NA,NA,NA,NA,NA
"SierraLeone","women_b12","level","infill","spatial",4,14,"open,survey_public",2,NA,NA,NA,NA,NA,NA,NA
"SierraLeone","women_b12","level","infill","domain_index",4,14,"open,survey_public",2,NA,NA,NA,NA,NA,NA,NA
"SierraLeone","women_b12","level","infill","domain_enet",4,14,"open,survey_public",2,NA,NA,NA,NA,NA,NA,NA
"SierraLeone","women_b12","level","infill","raw_enet",4,14,"open,survey_public",2,NA,NA,NA,NA,NA,NA,NA
"SierraLeone","women_b12","level","infill","spatial_plus_domain",4,14,"open,survey_public",2,NA,NA,NA,NA,NA,NA,NA
"SierraLeone","women_b12","level","infill","domain_index_cal",4,14,"open,survey_public",2,NA,NA,NA,NA,NA,NA,NA
"SierraLeone","women_b12","level","infill","region_mean_jk",4,14,"open,survey_public",2,NA,NA,NA,NA,NA,NA,NA
"SierraLeone","women_b12","level","infill","null_train_mean",5,14,"open,survey_public",2,NA,NA,NA,NA,NA,NA,NA
"SierraLeone","women_b12","level","infill","spatial",5,14,"open,survey_public",2,NA,NA,NA,NA,NA,NA,NA
"SierraLeone","women_b12","level","infill","domain_index",5,14,"open,survey_public",2,NA,NA,NA,NA,NA,NA,NA
"SierraLeone","women_b12","level","infill","domain_enet",5,14,"open,survey_public",2,NA,NA,NA,NA,NA,NA,NA
"SierraLeone","women_b12","level","infill","raw_enet",5,14,"open,survey_public",2,NA,NA,NA,NA,NA,NA,NA
"SierraLeone","women_b12","level","infill","spatial_plus_domain",5,14,"open,survey_public",2,NA,NA,NA,NA,NA,NA,NA
"SierraLeone","women_b12","level","infill","domain_index_cal",5,14,"open,survey_public",2,NA,NA,NA,NA,NA,NA,NA
"SierraLeone","women_b12","level","infill","region_mean_jk",5,14,"open,survey_public",2,NA,NA,NA,NA,NA,NA,NA
"SierraLeone","women_b12","level","infill","null_train_mean",6,14,"open,survey_public",2,NA,NA,NA,NA,NA,NA,NA
"SierraLeone","women_b12","level","infill","spatial",6,14,"open,survey_public",2,NA,NA,NA,NA,NA,NA,NA
"SierraLeone","women_b12","level","infill","domain_index",6,14,"open,survey_public",2,NA,NA,NA,NA,NA,NA,NA
"SierraLeone","women_b12","level","infill","domain_enet",6,14,"open,survey_public",2,NA,NA,NA,NA,NA,NA,NA
"SierraLeone","women_b12","level","infill","raw_enet",6,14,"open,survey_public",2,NA,NA,NA,NA,NA,NA,NA
"SierraLeone","women_b12","level","infill","spatial_plus_domain",6,14,"open,survey_public",2,NA,NA,NA,NA,NA,NA,NA
"SierraLeone","women_b12","level","infill","domain_index_cal",6,14,"open,survey_public",2,NA,NA,NA,NA,NA,NA,NA
"SierraLeone","women_b12","level","infill","region_mean_jk",6,14,"open,survey_public",2,NA,NA,NA,NA,NA,NA,NA
"SierraLeone","women_b12","level","infill","null_train_mean",7,14,"open,survey_public",2,NA,NA,NA,NA,NA,NA,NA
"SierraLeone","women_b12","level","infill","spatial",7,14,"open,survey_public",2,NA,NA,NA,NA,NA,NA,NA
"SierraLeone","women_b12","level","infill","domain_index",7,14,"open,survey_public",2,NA,NA,NA,NA,NA,NA,NA
"SierraLeone","women_b12","level","infill","domain_enet",7,14,"open,survey_public",2,NA,NA,NA,NA,NA,NA,NA
"SierraLeone","women_b12","level","infill","raw_enet",7,14,"open,survey_public",2,NA,NA,NA,NA,NA,NA,NA
"SierraLeone","women_b12","level","infill","spatial_plus_domain",7,14,"open,survey_public",2,NA,NA,NA,NA,NA,NA,NA
"SierraLeone","women_b12","level","infill","domain_index_cal",7,14,"open,survey_public",2,NA,NA,NA,NA,NA,NA,NA
"SierraLeone","women_b12","level","infill","region_mean_jk",7,14,"open,survey_public",2,NA,NA,NA,NA,NA,NA,NA
"SierraLeone","women_b12","level","infill","null_train_mean",8,14,"open,survey_public",2,NA,NA,NA,NA,NA,NA,NA
"SierraLeone","women_b12","level","infill","spatial",8,14,"open,survey_public",2,NA,NA,NA,NA,NA,NA,NA
"SierraLeone","women_b12","level","infill","domain_index",8,14,"open,survey_public",2,NA,NA,NA,NA,NA,NA,NA
"SierraLeone","women_b12","level","infill","domain_enet",8,14,"open,survey_public",2,NA,NA,NA,NA,NA,NA,NA
"SierraLeone","women_b12","level","infill","raw_enet",8,14,"open,survey_public",2,NA,NA,NA,NA,NA,NA,NA
"SierraLeone","women_b12","level","infill","spatial_plus_domain",8,14,"open,survey_public",2,NA,NA,NA,NA,NA,NA,NA
"SierraLeone","women_b12","level","infill","domain_index_cal",8,14,"open,survey_public",2,NA,NA,NA,NA,NA,NA,NA
"SierraLeone","women_b12","level","infill","region_mean_jk",8,14,"open,survey_public",2,NA,NA,NA,NA,NA,NA,NA
"SierraLeone","women_b12","level","infill","null_train_mean",9,14,"open,survey_public",2,NA,NA,NA,NA,NA,NA,NA
"SierraLeone","women_b12","level","infill","spatial",9,14,"open,survey_public",2,NA,NA,NA,NA,NA,NA,NA
"SierraLeone","women_b12","level","infill","domain_index",9,14,"open,survey_public",2,NA,NA,NA,NA,NA,NA,NA
"SierraLeone","women_b12","level","infill","domain_enet",9,14,"open,survey_public",2,NA,NA,NA,NA,NA,NA,NA
"SierraLeone","women_b12","level","infill","raw_enet",9,14,"open,survey_public",2,NA,NA,NA,NA,NA,NA,NA
"SierraLeone","women_b12","level","infill","spatial_plus_domain",9,14,"open,survey_public",2,NA,NA,NA,NA,NA,NA,NA
"SierraLeone","women_b12","level","infill","domain_index_cal",9,14,"open,survey_public",2,NA,NA,NA,NA,NA,NA,NA
"SierraLeone","women_b12","level","infill","region_mean_jk",9,14,"open,survey_public",2,NA,NA,NA,NA,NA,NA,NA
"SierraLeone","women_b12","level","infill","null_train_mean",10,14,"open,survey_public",2,NA,NA,NA,NA,NA,NA,NA
"SierraLeone","women_b12","level","infill","spatial",10,14,"open,survey_public",2,NA,NA,NA,NA,NA,NA,NA
"SierraLeone","women_b12","level","infill","domain_index",10,14,"open,survey_public",2,NA,NA,NA,NA,NA,NA,NA
"SierraLeone","women_b12","level","infill","domain_enet",10,14,"open,survey_public",2,NA,NA,NA,NA,NA,NA,NA
"SierraLeone","women_b12","level","infill","raw_enet",10,14,"open,survey_public",2,NA,NA,NA,NA,NA,NA,NA
"SierraLeone","women_b12","level","infill","spatial_plus_domain",10,14,"open,survey_public",2,NA,NA,NA,NA,NA,NA,NA
"SierraLeone","women_b12","level","infill","domain_index_cal",10,14,"open,survey_public",2,NA,NA,NA,NA,NA,NA,NA
"SierraLeone","women_b12","level","infill","region_mean_jk",10,14,"open,survey_public",2,NA,NA,NA,NA,NA,NA,NA
"SierraLeone","women_b12","level","region","null_train_mean",1,14,"open,survey_public",2,NA,NA,NA,NA,NA,NA,NA
"SierraLeone","women_b12","level","region","spatial",1,14,"open,survey_public",2,NA,NA,NA,NA,NA,NA,NA
"SierraLeone","women_b12","level","region","domain_index",1,14,"open,survey_public",2,NA,NA,NA,NA,NA,NA,NA
"SierraLeone","women_b12","level","region","domain_enet",1,14,"open,survey_public",2,NA,NA,NA,NA,NA,NA,NA
"SierraLeone","women_b12","level","region","raw_enet",1,14,"open,survey_public",2,NA,NA,NA,NA,NA,NA,NA
"SierraLeone","women_b12","level","region","spatial_plus_domain",1,14,"open,survey_public",2,NA,NA,NA,NA,NA,NA,NA
"SierraLeone","women_b12","level","region","domain_index_cal",1,14,"open,survey_public",2,NA,NA,NA,NA,NA,NA,NA
"Gambia","child_vitA","prev","country","null_train_mean",1,30,"open,survey_public",30,NA,NA,NA,NA,NA,NA,0.125
"Ghana","child_vitA","prev","country","null_train_mean",1,75,"open,survey_public",75,NA,NA,NA,NA,NA,NA,0.157894736842105
"Malawi","child_vitA","prev","country","null_train_mean",1,87,"open,survey_public",87,NA,NA,NA,NA,NA,NA,0.772727272727273
"SierraLeone","child_vitA","prev","country","null_train_mean",1,14,"open,survey_public",14,NA,NA,NA,NA,NA,NA,0.5
"Gambia","child_vitA","prev","country","domain_index",1,30,"open,survey_public",30,0.614990994963414,0.481964738496049,NA,NA,NA,NA,0.75
"Ghana","child_vitA","prev","country","domain_index",1,75,"open,survey_public",75,0.339456794832941,0.422826390008694,NA,NA,NA,NA,0.526315789473684
"Malawi","child_vitA","prev","country","domain_index",1,87,"open,survey_public",87,0.177596935763818,0.164492533846875,NA,NA,NA,NA,0.136363636363636
"SierraLeone","child_vitA","prev","country","domain_index",1,14,"open,survey_public",14,0.010989010989011,0.115027736572928,NA,NA,NA,NA,0.5
"Gambia","child_vitA","prev","country","domain_enet",1,30,"open,survey_public",30,0.588930166853773,0.528824605557139,NA,NA,NA,NA,0.625
"Ghana","child_vitA","prev","country","domain_enet",1,75,"open,survey_public",75,0.285814134117458,0.388908810729492,NA,NA,NA,NA,0.578947368421053
"Malawi","child_vitA","prev","country","domain_enet",1,87,"open,survey_public",87,0.145719404105918,0.0693934327188564,NA,NA,NA,NA,0.227272727272727
"SierraLeone","child_vitA","prev","country","domain_enet",1,14,"open,survey_public",14,-0.327472527472527,-0.180259737717668,NA,NA,NA,NA,0.25
"Gambia","women_vitA","prev","country","null_train_mean",1,30,"open,survey_public",30,NA,NA,NA,NA,NA,NA,0.125
"Ghana","women_vitA","prev","country","null_train_mean",1,75,"open,survey_public",75,NA,NA,NA,NA,NA,NA,0.105263157894737
"Malawi","women_vitA","prev","country","null_train_mean",1,87,"open,survey_public",87,NA,NA,NA,NA,NA,NA,0.909090909090909
"SierraLeone","women_vitA","prev","country","null_train_mean",1,14,"open,survey_public",14,NA,NA,NA,NA,NA,NA,0.5
"Gambia","women_vitA","prev","country","domain_index",1,30,"open,survey_public",30,0.456419378295662,0.378507495204118,NA,NA,NA,NA,0.625
"Ghana","women_vitA","prev","country","domain_index",1,75,"open,survey_public",75,0.0779192998175984,0.195332352048933,NA,NA,NA,NA,0.421052631578947
"Malawi","women_vitA","prev","country","domain_index",1,87,"open,survey_public",87,0.199236715102281,0.244037897966424,NA,NA,NA,NA,0.318181818181818
"SierraLeone","women_vitA","prev","country","domain_index",1,14,"open,survey_public",14,0.185410764710102,0.00242717846802066,NA,NA,NA,NA,0.5
"Gambia","women_vitA","prev","country","domain_enet",1,30,"open,survey_public",30,0.551223197746277,0.427616351330241,NA,NA,NA,NA,0.5
"Ghana","women_vitA","prev","country","domain_enet",1,75,"open,survey_public",75,NA,NA,NA,NA,NA,NA,0.105263157894737
"Malawi","women_vitA","prev","country","domain_enet",1,87,"open,survey_public",87,0.0330657127601037,0.0768085558509586,NA,NA,NA,NA,0.318181818181818
"SierraLeone","women_vitA","prev","country","domain_enet",1,14,"open,survey_public",14,0.16194104765819,0.0650088415586319,NA,NA,NA,NA,0.5
"Gambia","child_iron","prev","country","null_train_mean",1,30,"open,survey_public",30,NA,NA,NA,NA,NA,NA,0.25
"Ghana","child_iron","prev","country","null_train_mean",1,75,"open,survey_public",75,NA,NA,NA,NA,NA,NA,0.105263157894737
"Malawi","child_iron","prev","country","null_train_mean",1,87,"open,survey_public",87,NA,NA,NA,NA,NA,NA,0.227272727272727
"SierraLeone","child_iron","prev","country","null_train_mean",1,14,"open,survey_public",14,NA,NA,NA,NA,NA,NA,0.25
"Gambia","child_iron","prev","country","domain_index",1,30,"open,survey_public",30,0.506174216059095,0.552165034200372,NA,NA,NA,NA,0.5
"Ghana","child_iron","prev","country","domain_index",1,75,"open,survey_public",75,0.567655037475913,0.574541714319948,NA,NA,NA,NA,0.578947368421053
"Malawi","child_iron","prev","country","domain_index",1,87,"open,survey_public",87,-0.0945258551367086,-0.188594169257168,NA,NA,NA,NA,0.227272727272727
"SierraLeone","child_iron","prev","country","domain_index",1,14,"open,survey_public",14,0.243956043956044,0.209941198898527,NA,NA,NA,NA,0.25
"Gambia","child_iron","prev","country","domain_enet",1,30,"open,survey_public",30,0.52953610295413,0.56228406665899,NA,NA,NA,NA,0.375
"Ghana","child_iron","prev","country","domain_enet",1,75,"open,survey_public",75,0.542154964611786,0.572887417334708,NA,NA,NA,NA,0.526315789473684
"Malawi","child_iron","prev","country","domain_enet",1,87,"open,survey_public",87,-0.00247168146874257,-0.00895300155515241,NA,NA,NA,NA,0.318181818181818
"SierraLeone","child_iron","prev","country","domain_enet",1,14,"open,survey_public",14,0.0857142857142857,0.296583340501145,NA,NA,NA,NA,0.25
"Gambia","women_iron","prev","country","null_train_mean",1,30,"open,survey_public",30,NA,NA,NA,NA,NA,NA,0.125
"Ghana","women_iron","prev","country","null_train_mean",1,75,"open,survey_public",75,NA,NA,NA,NA,NA,NA,0.157894736842105
"Malawi","women_iron","prev","country","null_train_mean",1,87,"open,survey_public",87,NA,NA,NA,NA,NA,NA,0.272727272727273
"SierraLeone","women_iron","prev","country","null_train_mean",1,14,"open,survey_public",14,NA,NA,NA,NA,NA,NA,0.5
"Gambia","women_iron","prev","country","domain_index",1,30,"open,survey_public",30,0.548225612470158,0.526503807857108,NA,NA,NA,NA,0.5
"Ghana","women_iron","prev","country","domain_index",1,75,"open,survey_public",75,0.348697687065786,0.40767009373342,NA,NA,NA,NA,0.473684210526316
"Malawi","women_iron","prev","country","domain_index",1,87,"open,survey_public",87,0.212477804374717,0.130663628216698,NA,NA,NA,NA,0.409090909090909
"SierraLeone","women_iron","prev","country","domain_index",1,14,"open,survey_public",14,-0.195604395604396,-0.29190195721106,NA,NA,NA,NA,0
"Gambia","women_iron","prev","country","domain_enet",1,30,"open,survey_public",30,0.378017579377759,0.38303801252358,NA,NA,NA,NA,0.375
"Ghana","women_iron","prev","country","domain_enet",1,75,"open,survey_public",75,0.379013594911778,0.381205588883937,NA,NA,NA,NA,0.631578947368421
"Malawi","women_iron","prev","country","domain_enet",1,87,"open,survey_public",87,0.28081688647877,0.248177008117037,NA,NA,NA,NA,0.5
"SierraLeone","women_iron","prev","country","domain_enet",1,14,"open,survey_public",14,0.217582417582418,0.163073472325392,NA,NA,NA,NA,0
"Ghana","women_folate","prev","country","null_train_mean",1,75,"open,survey_public",75,NA,NA,NA,NA,NA,NA,0.263157894736842
"Malawi","women_folate","prev","country","null_train_mean",1,87,"open,survey_public",87,NA,NA,NA,NA,NA,NA,0.181818181818182
"SierraLeone","women_folate","prev","country","null_train_mean",1,14,"open,survey_public",14,NA,NA,NA,NA,NA,NA,0.25
"Ghana","women_folate","prev","country","domain_index",1,75,"open,survey_public",75,0.0361146810839279,0.0566911498325847,NA,NA,NA,NA,0.105263157894737
"Malawi","women_folate","prev","country","domain_index",1,87,"open,survey_public",87,0.208895923502208,0.173501557639399,NA,NA,NA,NA,0.409090909090909
"SierraLeone","women_folate","prev","country","domain_index",1,14,"open,survey_public",14,0.120879120879121,0.271035287973922,NA,NA,NA,NA,0.25
"Ghana","women_folate","prev","country","domain_enet",1,75,"open,survey_public",75,0.0350030216030493,0.0238184919124274,NA,NA,NA,NA,0.210526315789474
"Malawi","women_folate","prev","country","domain_enet",1,87,"open,survey_public",87,0.288354753456972,0.299985663272843,NA,NA,NA,NA,0.409090909090909
"SierraLeone","women_folate","prev","country","domain_enet",1,14,"open,survey_public",14,0.226373626373626,0.176431491827627,NA,NA,NA,NA,0.25
"Ghana","women_b12","prev","country","null_train_mean",1,75,"open,survey_public",75,NA,NA,NA,NA,NA,NA,0.157894736842105
"Malawi","women_b12","prev","country","null_train_mean",1,87,"open,survey_public",87,NA,NA,NA,NA,NA,NA,0.181818181818182
"SierraLeone","women_b12","prev","country","null_train_mean",1,14,"open,survey_public",14,NA,NA,NA,NA,NA,NA,0.25
"Ghana","women_b12","prev","country","domain_index",1,75,"open,survey_public",75,0.233634645402255,0.24336953593143,NA,NA,NA,NA,0.263157894736842
"Malawi","women_b12","prev","country","domain_index",1,87,"open,survey_public",87,0.262882146687943,0.201661342939136,NA,NA,NA,NA,0.318181818181818
"SierraLeone","women_b12","prev","country","domain_index",1,14,"open,survey_public",14,-0.151411196783981,-0.214382301064398,NA,NA,NA,NA,0.25
"Ghana","women_b12","prev","country","domain_enet",1,75,"open,survey_public",75,0.219174905226493,0.248562426108046,NA,NA,NA,NA,0.368421052631579
"Malawi","women_b12","prev","country","domain_enet",1,87,"open,survey_public",87,-0.205645006177003,-0.213515595187953,NA,NA,NA,NA,0.136363636363636
"SierraLeone","women_b12","prev","country","domain_enet",1,14,"open,survey_public",14,0.162422920186452,-0.00516039746772191,NA,NA,NA,NA,0.5
"Gambia","child_vitA","level","country","null_train_mean",1,30,"open,survey_public",30,NA,NA,NA,NA,NA,NA,0.25
"Ghana","child_vitA","level","country","null_train_mean",1,75,"open,survey_public",75,NA,NA,NA,NA,NA,NA,0.0526315789473684
"Malawi","child_vitA","level","country","null_train_mean",1,87,"open,survey_public",87,NA,NA,NA,NA,NA,NA,0.136363636363636
"SierraLeone","child_vitA","level","country","null_train_mean",1,14,"open,survey_public",14,NA,NA,NA,NA,NA,NA,0.25
"Gambia","child_vitA","level","country","domain_index",1,30,"open,survey_public",30,0.612903225806452,0.631664147723943,NA,NA,NA,NA,0.5
"Ghana","child_vitA","level","country","domain_index",1,75,"open,survey_public",75,0.366543385490754,0.400135342871119,NA,NA,NA,NA,0.578947368421053
"Malawi","child_vitA","level","country","domain_index",1,87,"open,survey_public",87,0.261190493548152,0.262241003744748,NA,NA,NA,NA,0.409090909090909
"SierraLeone","child_vitA","level","country","domain_index",1,14,"open,survey_public",14,0.0417582417582418,-0.00788651462406942,NA,NA,NA,NA,0.5
"Gambia","child_vitA","level","country","domain_enet",1,30,"open,survey_public",30,0.63559510567297,0.606857856487948,NA,NA,NA,NA,0.5
"Ghana","child_vitA","level","country","domain_enet",1,75,"open,survey_public",75,0.32275960170697,0.292725792828184,NA,NA,NA,NA,0.526315789473684
"Malawi","child_vitA","level","country","domain_enet",1,87,"open,survey_public",87,0.191040314937669,0.228411690668262,NA,NA,NA,NA,0.409090909090909
"SierraLeone","child_vitA","level","country","domain_enet",1,14,"open,survey_public",14,-0.138461538461538,-0.0890633230255299,NA,NA,NA,NA,0.25
"Gambia","women_vitA","level","country","null_train_mean",1,30,"open,survey_public",30,NA,NA,NA,NA,NA,NA,0.375
"Ghana","women_vitA","level","country","null_train_mean",1,75,"open,survey_public",75,NA,NA,NA,NA,NA,NA,0.0526315789473684
"Malawi","women_vitA","level","country","null_train_mean",1,87,"open,survey_public",87,NA,NA,NA,NA,NA,NA,0.318181818181818
"SierraLeone","women_vitA","level","country","null_train_mean",1,14,"open,survey_public",14,NA,NA,NA,NA,NA,NA,0.25
"Gambia","women_vitA","level","country","domain_index",1,30,"open,survey_public",30,0.769076751946607,0.768607232779597,NA,NA,NA,NA,0.5
"Ghana","women_vitA","level","country","domain_index",1,75,"open,survey_public",75,0.307596017069701,0.434563957066131,NA,NA,NA,NA,0.526315789473684
"Malawi","women_vitA","level","country","domain_index",1,87,"open,survey_public",87,0.240796092440038,0.25104989510205,NA,NA,NA,NA,0.363636363636364
"SierraLeone","women_vitA","level","country","domain_index",1,14,"open,survey_public",14,-0.0241758241758242,-0.0209917332535072,NA,NA,NA,NA,0.5
"Gambia","women_vitA","level","country","domain_enet",1,30,"open,survey_public",30,0.507452725250278,0.490696542243848,NA,NA,NA,NA,0.5
"Ghana","women_vitA","level","country","domain_enet",1,75,"open,survey_public",75,0.306201991465149,0.330327015471324,NA,NA,NA,NA,0.526315789473684
"Malawi","women_vitA","level","country","domain_enet",1,87,"open,survey_public",87,0.128399066851352,0.176932368014239,NA,NA,NA,NA,0.272727272727273
"SierraLeone","women_vitA","level","country","domain_enet",1,14,"open,survey_public",14,0.0989010989010989,0.168266248433617,NA,NA,NA,NA,0.75
"Gambia","child_iron","level","country","null_train_mean",1,30,"open,survey_public",30,NA,NA,NA,NA,NA,NA,0.25
"Ghana","child_iron","level","country","null_train_mean",1,75,"open,survey_public",75,NA,NA,NA,NA,NA,NA,0.105263157894737
"Malawi","child_iron","level","country","null_train_mean",1,87,"open,survey_public",87,NA,NA,NA,NA,NA,NA,0.272727272727273
"SierraLeone","child_iron","level","country","null_train_mean",1,14,"open,survey_public",14,NA,NA,NA,NA,NA,NA,0.25
"Gambia","child_iron","level","country","domain_index",1,30,"open,survey_public",30,0.420689655172414,0.42812022856237,NA,NA,NA,NA,0.5
"Ghana","child_iron","level","country","domain_index",1,75,"open,survey_public",75,0.553684210526316,0.554732942634078,NA,NA,NA,NA,0.578947368421053
"Malawi","child_iron","level","country","domain_index",1,87,"open,survey_public",87,-0.064008165050667,-0.105090896317753,NA,NA,NA,NA,0.136363636363636
"SierraLeone","child_iron","level","country","domain_index",1,14,"open,survey_public",14,0.221978021978022,0.217557311616623,NA,NA,NA,NA,0.25
"Gambia","child_iron","level","country","domain_enet",1,30,"open,survey_public",30,0.242269187986652,0.236075286568689,NA,NA,NA,NA,0.25
"Ghana","child_iron","level","country","domain_enet",1,75,"open,survey_public",75,0.423698435277383,0.435956601853667,NA,NA,NA,NA,0.473684210526316
"Malawi","child_iron","level","country","domain_enet",1,87,"open,survey_public",87,-0.0718998323248524,-0.0287202022320665,NA,NA,NA,NA,0.272727272727273
"SierraLeone","child_iron","level","country","domain_enet",1,14,"open,survey_public",14,0.305494505494505,0.329035056014008,NA,NA,NA,NA,0.25
"Gambia","women_iron","level","country","null_train_mean",1,30,"open,survey_public",30,NA,NA,NA,NA,NA,NA,0.25
"Ghana","women_iron","level","country","null_train_mean",1,75,"open,survey_public",75,NA,NA,NA,NA,NA,NA,0
"Malawi","women_iron","level","country","null_train_mean",1,87,"open,survey_public",87,NA,NA,NA,NA,NA,NA,0.272727272727273
"SierraLeone","women_iron","level","country","null_train_mean",1,14,"open,survey_public",14,NA,NA,NA,NA,NA,NA,0.5
"Gambia","women_iron","level","country","domain_index",1,30,"open,survey_public",30,0.590656284760845,0.553010904128736,NA,NA,NA,NA,0.375
"Ghana","women_iron","level","country","domain_index",1,75,"open,survey_public",75,0.348364153627311,0.379405243695346,NA,NA,NA,NA,0.578947368421053
"Malawi","women_iron","level","country","domain_index",1,87,"open,survey_public",87,0.218834293212802,0.144335467758927,NA,NA,NA,NA,0.5
"SierraLeone","women_iron","level","country","domain_index",1,14,"open,survey_public",14,-0.032967032967033,-0.337723885802987,NA,NA,NA,NA,0.25
"Gambia","women_iron","level","country","domain_enet",1,30,"open,survey_public",30,0.603559510567297,0.537180903027395,NA,NA,NA,NA,0.25
"Ghana","women_iron","level","country","domain_enet",1,75,"open,survey_public",75,0.336984352773826,0.3591418914165,NA,NA,NA,NA,0.473684210526316
"Malawi","women_iron","level","country","domain_enet",1,87,"open,survey_public",87,0.253535758547787,0.256362974161426,NA,NA,NA,NA,0.409090909090909
"SierraLeone","women_iron","level","country","domain_enet",1,14,"open,survey_public",14,-0.191208791208791,-0.345000577003712,NA,NA,NA,NA,0.5
"Ghana","women_folate","level","country","null_train_mean",1,75,"open,survey_public",75,NA,NA,NA,NA,NA,NA,0.157894736842105
"Malawi","women_folate","level","country","null_train_mean",1,87,"open,survey_public",87,NA,NA,NA,NA,NA,NA,0.136363636363636
"SierraLeone","women_folate","level","country","null_train_mean",1,14,"open,survey_public",14,NA,NA,NA,NA,NA,NA,0.5
"Ghana","women_folate","level","country","domain_index",1,75,"open,survey_public",75,-0.0689900426742532,-0.0339538317568872,NA,NA,NA,NA,0.105263157894737
"Malawi","women_folate","level","country","domain_index",1,87,"open,survey_public",87,0.0842020850040096,0.0446820594658583,NA,NA,NA,NA,0.363636363636364
"SierraLeone","women_folate","level","country","domain_index",1,14,"open,survey_public",14,0.195604395604396,0.161208910549351,NA,NA,NA,NA,0.5
"Ghana","women_folate","level","country","domain_enet",1,75,"open,survey_public",75,0.0185490753911807,0.030635539622286,NA,NA,NA,NA,0.105263157894737
"Malawi","women_folate","level","country","domain_enet",1,87,"open,survey_public",87,0.454399650069257,0.434087391993093,NA,NA,NA,NA,0.5
"SierraLeone","women_folate","level","country","domain_enet",1,14,"open,survey_public",14,-0.0505494505494506,-0.0819765827519495,NA,NA,NA,NA,0.5
"Ghana","women_b12","level","country","null_train_mean",1,75,"open,survey_public",75,NA,NA,NA,NA,NA,NA,0.105263157894737
"Malawi","women_b12","level","country","null_train_mean",1,87,"open,survey_public",87,NA,NA,NA,NA,NA,NA,0.272727272727273
"SierraLeone","women_b12","level","country","null_train_mean",1,14,"open,survey_public",14,NA,NA,NA,NA,NA,NA,0
"Ghana","women_b12","level","country","domain_index",1,75,"open,survey_public",75,0.594196301564722,0.564901933017065,NA,NA,NA,NA,0.578947368421053
"Malawi","women_b12","level","country","domain_index",1,87,"open,survey_public",87,0.449168914485675,0.380795506707448,NA,NA,NA,NA,0.409090909090909
"SierraLeone","women_b12","level","country","domain_index",1,14,"open,survey_public",14,0.56043956043956,0.753868275241539,NA,NA,NA,NA,0.75
"Ghana","women_b12","level","country","domain_enet",1,75,"open,survey_public",75,0.614879089615932,0.581595954341811,NA,NA,NA,NA,0.578947368421053
"Malawi","women_b12","level","country","domain_enet",1,87,"open,survey_public",87,0.300758183276226,0.341733267882237,NA,NA,NA,NA,0.272727272727273
"SierraLeone","women_b12","level","country","domain_enet",1,14,"open,survey_public",14,0.41978021978022,0.600029628888828,NA,NA,NA,NA,0.5
